ep,stage,done_reason,action_repeat,hits,crash,return,steps,avg_steps_per_hit,med_steps_per_hit,epsilon,alpha,q_mean,q_std,q_min,q_max,r_hit,r_progress,progress_steps,r_step,r_near_boundary,r_oob,mean_return_per_step,dx_bin_counts,dy_bin_counts,vx_bin_counts,vy_bin_counts,theta_bin_counts,omega_bin_counts,vx_abs_p50,vy_abs_p50,theta_abs_p50,omega_abs_p50,vx_abs_p90,vy_abs_p90,theta_abs_p90,omega_abs_p90,near_vx_abs_p90,near_vy_abs_p90,near_theta_abs_p90,near_omega_abs_p90
10,0,max_steps,1,0,0,5.102606060861134,2500,,,0.9950112350131176,0.1,0.0013642852427437901,0.09726368635892868,-0.042256131768226624,12.770564079284668,0.0,10.102606060860799,746,-4.999999999999671,0.0,0.0,0.0020410424243444535,"{5: 99, 6: 151}","{1: 144, 2: 32, 0: 74}",{1: 250},{1: 250},{1: 250},{1: 250},0.01112382439632302,0.010743718766031609,0.01700937723220576,0.022549929261120184,0.028099866796916805,0.027189854258353126,0.04130576565896845,0.046775206421288795,,,,
20,0,max_steps,1,0,0,5.556080613920732,2500,,,0.9900473578023296,0.1,0.0015007795300334692,0.0974564403295517,-0.08194132149219513,12.770564079284668,0.0,10.556080613920404,950,-4.999999999999671,0.0,0.0,0.0022224322455682926,{1: 250},"{2: 92, 1: 158}",{1: 250},{1: 250},{1: 250},{1: 250},0.004881763523571038,0.008463288873703253,0.008423308590307786,0.013296201265060922,0.014865183363084773,0.023851988223003575,0.02286984885192264,0.03346102994073009,,,,
30,0,max_steps,1,0,0,18.462353875841135,2500,,,0.98510824420837,0.1,0.003773351898416877,0.34369292855262756,-0.0710643082857132,64.92445373535156,0.0,23.462353875839842,1269,-4.999999999999671,0.0,0.0,0.007384941550336454,"{1: 30, 2: 220}","{3: 167, 2: 63, 1: 20}",{1: 250},{1: 250},{1: 250},{1: 250},0.006622035982740679,0.01383009655579066,0.012297874565789227,0.013900786023587715,0.020469966346189476,0.028380605693062107,0.024462443769800866,0.031075822844272443,,,,
40,0,max_steps,1,0,0,13.55822750439837,2500,,,0.9801937706913741,0.1,0.00394369987770915,0.2658067047595978,-0.09821508824825287,24.11553955078125,0.0,18.558227504399273,1101,-4.999999999999671,0.0,0.0,0.005423291001759348,"{2: 118, 3: 132}","{2: 60, 3: 140, 1: 50}",{1: 250},{1: 250},{1: 250},{1: 250},0.009354299546351714,0.008141120155158818,0.011749519230707767,0.013653485046184702,0.021497659788678576,0.023015456136390916,0.029041732998007313,0.03291320343131329,0.03037710169271947,0.01878310901128156,0.02971131105903745,0.0313689157763338
50,0,max_steps,1,0,0,29.268762773800702,2500,,,0.9753038143277888,0.1,0.003793142270296812,0.2683507800102234,-8.364748001098633,24.11553955078125,0.0,34.26876277379985,1480,-4.999999999999671,0.0,0.0,0.011707505109520282,"{1: 102, 2: 148}","{4: 53, 3: 93, 2: 82, 1: 22}",{1: 250},{1: 250},{1: 250},{1: 250},0.014090682543419542,0.014236206464071682,0.021647881802334006,0.024748633029914823,0.02723270992131276,0.028748352476056876,0.03753870897911612,0.04217936743925963,,,,
60,0,max_steps,1,0,0,25.981200196456633,2500,,,0.9704382528072976,0.1,0.0050393384881317616,0.4006408452987671,-8.364748001098633,70.17724609375,0.0,30.981200196456292,1137,-4.999999999999671,0.0,0.0,0.010392480078582653,"{4: 149, 5: 101}","{5: 20, 4: 63, 3: 167}",{1: 250},{1: 250},{1: 250},{1: 250},0.014421138237931518,0.011222396078466184,0.016053605212282756,0.0176595075372794,0.03555879077683416,0.022021513593358983,0.044874264087484905,0.04434910893250376,,,,
70,0,max_steps,1,1,0,508.2797685863621,2500,446.0,446.0,0.9655969644297613,0.1,0.00616932800039649,0.5100790858268738,-8.364748001098633,91.09288787841797,500.0,13.277768586378318,809,-4.997999999999672,0.0,0.0,0.20331190743454483,"{3: 44, 4: 206}","{4: 36, 3: 8, 1: 80, 0: 126}",{1: 250},{1: 250},{1: 250},{1: 250},0.008976539845225296,0.009264481433155503,0.01035403497435566,0.013535350065252276,0.021813931079101297,0.02308384119221164,0.03135321980456246,0.03458231147770374,0.02139130903173937,0.02330514415378759,0.030668356069399032,0.03347981406584591
80,0,max_steps,1,0,0,13.661613810466392,2500,,,0.9607798281021742,0.1,0.006406179163604975,0.5103445053100586,-8.364748001098633,91.09288787841797,0.0,18.661613810466907,1253,-4.999999999999671,0.0,0.0,0.005464645524186557,{5: 250},"{4: 60, 3: 128, 2: 62}",{1: 250},{1: 250},{1: 250},{1: 250},0.00808792817523872,0.014673856337928781,0.010911043297114559,0.011494217591822287,0.021375864202090693,0.02706936360199784,0.02584467644848026,0.03205209596257351,,,,
90,0,max_steps,1,0,0,14.084275653163733,2500,,,0.9559867233356352,0.1,0.007648724131286144,0.5590681433677673,-8.364748001098633,80.64984130859375,0.0,19.08427565316436,1071,-4.999999999999671,0.0,0.0,0.005633710261265493,"{4: 97, 5: 127, 6: 26}","{4: 67, 5: 17, 3: 150, 2: 16}",{1: 250},{1: 250},{1: 250},{1: 250},0.01533767112567223,0.01311145884954961,0.022634395111946787,0.03065252688022867,0.04234935206640429,0.02515194562496503,0.05934722606347304,0.06058085275836553,,,,
100,0,max_steps,1,0,0,14.639031234674299,2500,,,0.951217530242334,0.1,0.009878919459879398,0.7191303968429565,-8.364748001098633,98.63150024414062,0.0,19.63903123467494,1237,-4.999999999999671,0.0,0.0,0.00585561249386972,"{3: 79, 4: 171}","{5: 12, 4: 85, 3: 136, 2: 17}",{1: 250},{1: 250},{1: 250},{1: 250},0.01636454975592426,0.013288419042877912,0.021846315971596558,0.02144813998184652,0.032775022088815386,0.02566116263451576,0.04526329558703498,0.052270802843726843,,,,
110,0,max_steps,1,0,0,20.351543987788926,2500,,,0.9464721295325524,0.1,0.01120698545128107,0.7922651767730713,-8.364748001098633,104.7476806640625,0.0,25.351543987788478,1317,-4.999999999999671,0.0,0.0,0.00814061759511557,{4: 250},"{5: 32, 4: 105, 3: 101, 2: 12}",{1: 250},{1: 250},{1: 250},{1: 250},0.008148597299313411,0.012805839274148165,0.012039549942139136,0.01558210289951593,0.024892645718267572,0.027319959925059232,0.03772654264787964,0.042611941305168335,,,,
120,0,max_steps,1,0,0,2.4955367304098828,2500,,,0.9417504025116805,0.1,0.012423496693372726,0.8641155362129211,-4.311526775360107,111.09130859375,0.0,7.495536730409812,502,-4.999999999999671,0.0,0.0,0.0009982146921639532,"{4: 64, 5: 186}","{1: 43, 0: 207}",{1: 250},{1: 250},{1: 250},{1: 250},0.012987675174871892,0.00841313046900277,0.014935870754763008,0.01705069623589337,0.031337813842594,0.02088761954949241,0.04375366144821539,0.04878285474312794,,,,
130,0,max_steps,1,1,0,526.8332896493404,2500,1130.0,1130.0,0.937052231077248,0.1,0.013649161905050278,0.9761124849319458,-4.311526775360107,143.19261169433594,500.0,32.04488934698624,1499,-4.997999999999672,-0.21359969768633402,0.0,0.21073331585973615,"{3: 112, 2: 138}","{5: 36, 4: 75, 3: 85, 2: 43, 1: 11}",{1: 250},{1: 250},{1: 250},{1: 250},0.006262370442082556,0.015749843617046923,0.007143927352729819,0.011670474661678143,0.024956138730215953,0.028850305886140005,0.04054240724656889,0.037572253937374796,0.04755318672796606,0.03344146725088104,0.056893547158556365,0.0724719002345801
140,0,max_steps,1,0,0,-1.0836641801778903,2500,,,0.9323774977159699,0.1,0.013728076592087746,0.9763235449790955,-4.311526775360107,143.19261169433594,0.0,3.9163358198221063,387,-4.999999999999671,0.0,0.0,-0.0004334656720711561,{3: 250},"{2: 29, 1: 160, 0: 61}",{1: 250},{1: 250},{1: 250},{1: 250},0.0056956857326644,0.008752544243552821,0.007779865703867657,0.01097298745966344,0.018939492466243865,0.018827664925384978,0.024512881450750805,0.028629326523411346,,,,
150,0,max_steps,1,0,0,3.7428161710187644,2500,,,0.9277260855008077,0.1,0.014868746511638165,1.018569827079773,-4.311526775360107,123.71534729003906,0.0,8.74281617101848,862,-4.999999999999671,0.0,0.0,0.0014971264684075058,{2: 250},"{3: 102, 2: 82, 1: 66}",{1: 250},{1: 250},{1: 250},{1: 250},0.010165481859259477,0.010715920242069639,0.0138814916668865,0.016601133441585297,0.019625883403583854,0.02262240029100411,0.02768579615921198,0.032914188324730524,0.009135332538879978,0.011908128124715426,0.026665565407679996,0.03764661830275161
160,0,max_steps,1,0,0,18.643296222680547,2500,,,0.923097878088044,0.1,0.016087353229522705,1.0913759469985962,-4.311526775360107,129.50735473632812,0.0,23.64329622268079,1111,-4.999999999999671,0.0,0.0,0.007457318489072219,"{1: 248, 2: 2}","{3: 54, 2: 67, 1: 62, 0: 67}",{1: 250},{1: 250},{1: 250},{1: 250},0.013456856264552952,0.012117883269725157,0.022003303540848618,0.023987710314436674,0.03456826217854142,0.025023786349029048,0.04898526082821374,0.059377465180454725,,,,
170,0,max_steps,1,0,0,25.434466814907385,2500,,,0.9184927597143733,0.1,0.01730182021856308,1.1616235971450806,-4.311526775360107,135.52951049804688,0.0,30.43446681490638,1300,-4.999999999999671,0.0,0.0,0.010173786725962954,"{4: 222, 5: 28}","{4: 53, 3: 181, 2: 16}",{1: 250},{1: 250},{1: 250},{1: 250},0.012203086598909741,0.01326513351862219,0.019605740817249813,0.022432176492446457,0.03700146273056831,0.023499340852513543,0.05169947753582219,0.052612326048458155,,,,
180,0,max_steps,1,0,0,1.2075440095188672,2500,,,0.9139106151940054,0.1,0.017393456771969795,1.1617634296417236,-2.1669929027557373,135.52951049804688,0.0,6.207544009518573,431,-4.999999999999671,0.0,0.0,0.0004830176038075469,"{3: 197, 4: 53}","{1: 141, 0: 109}",{1: 250},{1: 250},{1: 250},{1: 250},0.007623027930733953,0.011614566806015837,0.00982452130178815,0.01670595345627813,0.023325652628599584,0.022987547193099183,0.0362106421017098,0.048986410708819116,,,,
190,0,max_steps,1,0,0,3.5981378012356107,2500,,,0.9093513299157857,0.1,0.01798071339726448,1.2035688161849976,-9.288564682006836,115.4321517944336,0.0,8.598137801235312,1040,-4.999999999999671,0.0,0.0,0.0014392551204942443,"{2: 186, 3: 64}","{3: 161, 2: 72, 1: 17}",{1: 250},{1: 250},{1: 250},{1: 250},0.008059805797563019,0.012316220867544277,0.010506637749917143,0.01154876782640973,0.019067661613612504,0.022006373390181418,0.023836396940384984,0.026129404279428465,0.011907705606844798,0.03166913625342062,0.01831138142700853,0.020585767167603762
200,0,max_steps,1,0,0,41.613394415464036,2500,,,0.9048147898403269,0.1,0.020422199741005898,1.363908290863037,-9.288564682006836,150.93467712402344,0.0,46.613394415464874,1434,-4.999999999999671,0.0,0.0,0.016645357766185614,"{1: 117, 2: 133}","{5: 7, 4: 128, 3: 115}",{1: 250},{1: 250},{1: 250},{1: 250},0.017251460270006555,0.010883760341055567,0.025214801837289923,0.028290461828083018,0.03552383431355761,0.024309879863201104,0.0478602336316815,0.06312892305273374,,,,
210,0,max_steps,1,0,0,-3.5188690368329967,2500,,,0.9003008814971583,0.1,0.02162632904946804,1.4344757795333862,-9.288564682006836,156.44737243652344,0.0,1.4811309631667298,229,-4.999999999999671,0.0,0.0,-0.0014075476147331987,{5: 250},"{1: 24, 0: 226}",{1: 250},{1: 250},{1: 250},{1: 250},0.005081583197069161,0.010949654631078191,0.0076281221885467956,0.009585339681472757,0.012668370268932316,0.01788178180857385,0.01665500994121324,0.028434263019084954,,,,
220,0,max_steps,1,0,0,15.341194787544886,2500,,,0.895809491981886,0.1,0.021721841767430305,1.434443473815918,-9.288564682006836,156.44737243652344,0.0,20.341194787544907,1306,-4.999999999999671,0.0,0.0,0.006136477915017954,"{1: 69, 2: 181}","{2: 51, 1: 66, 0: 133}",{1: 250},{1: 250},{1: 250},{1: 250},0.013159153146180595,0.012494608729535037,0.020312333875955414,0.019232642588862307,0.03406291008549197,0.022554186016140412,0.03856050595400526,0.042936014686757035,,,,
230,0,max_steps,1,0,0,16.203308850132508,2500,,,0.8913405089533699,0.1,0.021955769509077072,1.4346555471420288,-9.288564682006836,156.44737243652344,0.0,21.20330885013146,1060,-4.999999999999671,0.0,0.0,0.006481323540053003,{2: 250},"{1: 154, 0: 96}",{1: 250},{1: 250},{1: 250},{1: 250},0.011762251713426996,0.008980401568114929,0.017867902806259994,0.018234518955819252,0.027099498591476225,0.02213790545853787,0.03672233102214037,0.04147303077070527,,,,
240,0,max_steps,1,0,0,25.800292382039935,2500,,,0.8868938206309135,0.1,0.022154372185468674,1.4347851276397705,-9.288564682006836,156.44737243652344,0.0,30.800292382039352,1453,-4.999999999999671,0.0,0.0,0.010320116952815974,"{1: 125, 2: 125}","{2: 130, 3: 12, 1: 108}",{1: 250},{1: 250},{1: 250},{1: 250},0.012747595729214835,0.010302812489065312,0.02121112890990122,0.023611852555983987,0.02561660812561081,0.024357254586065497,0.03970615374695575,0.05180046399843331,,,,
250,0,max_steps,1,1,0,524.3315427246711,2500,765.0,765.0,0.8824693157914677,0.1,0.023258931934833527,1.446441650390625,-9.288564682006836,157.9063262939453,500.0,29.329542724630755,1589,-4.997999999999672,0.0,0.0,0.20973261708986843,"{3: 76, 5: 19, 6: 155}","{4: 67, 3: 183}",{1: 250},{1: 250},{1: 250},{1: 250},0.004280544193193161,0.010239669548633548,0.005239256776495744,0.010100246652671218,0.0249944231800058,0.029189716482519775,0.04156794772816244,0.047671655920573874,0.01229351088882282,0.03938484266069048,0.017389274955560606,0.022351168881277625
260,0,max_steps,1,0,0,2.3753042535464832,2500,,,0.8780668837668493,0.1,0.024441540241241455,1.4860594272613525,-9.288564682006836,156.43109130859375,0.0,7.37530425354631,454,-4.999999999999671,0.0,0.0,0.0009501217014185933,"{4: 29, 5: 221}","{3: 51, 2: 199}",{1: 250},{1: 250},{1: 250},{1: 250},0.007863827689598184,0.00959611317476173,0.010271103069522405,0.012900236643901322,0.019849913591262945,0.01878185092257413,0.027717784722575023,0.0313191795983896,,,,
270,0,max_steps,1,0,0,0.11288766035306397,2500,,,0.8736864144409725,0.1,0.02564217709004879,1.5382027626037598,-9.288564682006836,152.65518188476562,0.0,5.112887660352802,365,-4.999999999999671,0.0,0.0,4.5155064141225585e-05,"{2: 48, 3: 202}","{3: 35, 2: 58, 1: 50, 0: 107}",{1: 250},{1: 250},{1: 250},{1: 250},0.006750039092212209,0.013032028656223906,0.011187660252218562,0.012593267315791022,0.021357817221117726,0.023145024387429033,0.03203006369983181,0.0339358203592986,0.03200335514674523,0.03118349152913217,0.031542567968587495,0.048411098204986805
280,0,max_steps,1,1,0,504.52302643355307,2500,363.0,363.0,0.8693277982470946,0.1,0.027864819392561913,1.6423839330673218,-2.9072415828704834,172.76824951171875,500.0,16.181109670898646,976,-4.997999999999672,-6.6600832373472665,0.0,0.20180921057342122,"{3: 36, 6: 137, 5: 77}","{4: 16, 3: 20, 2: 70, 1: 69, 0: 75}",{1: 250},{1: 250},{1: 250},{1: 250},0.005996523186024658,0.01558882885837766,0.00976173511007435,0.013060815768523672,0.016955640185657598,0.037964303619905396,0.025945765616252028,0.03521497082918708,0.0020523551351157646,0.04303973001516864,0.004599673823074916,0.010568800295327682
290,0,max_steps,1,0,0,7.798483161157777,2500,,,0.864990926165076,0.1,0.027625951915979385,1.6426420211791992,-8.588574409484863,172.76824951171875,0.0,12.798483161158522,912,-4.999999999999671,0.0,0.0,0.003119393264463111,"{2: 147, 3: 103}","{2: 189, 1: 61}",{1: 250},{1: 250},{1: 250},{1: 250},0.008365849610553519,0.008705105889827435,0.011641949099395275,0.013588401526805597,0.02170751630003002,0.02067219097771417,0.028896509382187338,0.03173557150338533,,,,
300,0,max_steps,1,0,0,20.630267503527676,2500,,,0.8606756897186528,0.1,0.028791632503271103,1.7113590240478516,-8.588574409484863,178.09669494628906,0.0,25.630267503527307,1512,-4.999999999999671,0.0,0.0,0.00825210700141107,"{6: 210, 5: 40}",{3: 250},{1: 250},{1: 250},{1: 250},{1: 250},0.004459353311901729,0.010308056042787742,0.007473876019011764,0.01041608900925076,0.04060342487989601,0.021212407102183493,0.06144542051519458,0.04723456239913599,,,,
310,0,max_steps,1,0,0,-2.5167804189366327,2500,,,0.8563819809727236,0.1,0.028934169560670853,1.7111989259719849,-8.588574409484863,178.09669494628906,0.0,2.4832195810633135,430,-4.999999999999671,0.0,0.0,-0.001006712167574653,{2: 250},"{3: 50, 2: 106, 1: 62, 0: 32}",{1: 250},{1: 250},{1: 250},{1: 250},0.006833293536476634,0.012135654475121563,0.00994734065900978,0.012206430686137686,0.012740691130462485,0.02055152022650834,0.019388907126405605,0.02741867932396349,,,,
320,0,max_steps,1,0,0,23.703562329056123,2500,,,0.8521096925306499,0.1,0.031012030318379402,1.8043824434280396,-8.588574409484863,159.93325805664062,0.0,28.703562329055156,1096,-4.999999999999671,0.0,0.0,0.00948142493162245,"{1: 135, 2: 115}","{3: 162, 2: 55, 1: 33}",{1: 250},{1: 250},{1: 250},{1: 250},0.007734410095059294,0.012469241888515758,0.011957946466304069,0.016726210926736287,0.034870346920004354,0.02163840240854624,0.0414361597497809,0.05923847842179952,,,,
330,0,max_steps,1,0,0,21.49648293651535,2500,,,0.84785871753157,0.1,0.03229604288935661,1.8690407276153564,-8.588574409484863,185.50662231445312,0.0,26.496482936514955,1242,-4.999999999999671,0.0,0.0,0.00859859317460614,"{2: 21, 3: 100, 4: 129}","{5: 96, 6: 42, 4: 30, 3: 82}",{1: 250},{1: 250},{1: 250},{1: 250},0.013860604325189499,0.017170642611727113,0.016447371657054424,0.020881727157524805,0.03537405106447749,0.03482827913083765,0.04477377856626064,0.0516502310065555,,,,
340,0,max_steps,1,0,0,27.65933046390262,2500,,,0.8436289496477257,0.1,0.032311130315065384,1.8361703157424927,-8.588574409484863,170.60806274414062,0.0,32.65933046390177,1577,-4.999999999999671,0.0,0.0,0.011063732185561047,"{1: 64, 2: 186}","{3: 205, 2: 45}",{1: 250},{1: 250},{1: 250},{1: 250},0.004336203668839125,0.007336637676235487,0.008100760739129235,0.01224545770203872,0.03203845509403666,0.014008944764777369,0.05299573947460903,0.0394472111715731,,,,
350,0,max_steps,1,0,0,23.47266739515539,2500,,,0.8394202830818028,0.1,0.032167110592126846,1.8359155654907227,-8.588574409484863,170.60806274414062,0.0,28.472667395155387,1533,-4.999999999999671,0.0,0.0,0.009389066958062155,{2: 250},"{5: 72, 4: 76, 3: 102}",{1: 250},{1: 250},{1: 250},{1: 250},0.010936276364196815,0.012862312373958702,0.013902352553829475,0.01981752166092521,0.028931491149129226,0.024376565756606388,0.03858720176548379,0.04131277638265855,,,,
360,0,max_steps,1,0,0,14.188017368570698,2500,,,0.8352326125642855,0.1,0.03219819441437721,1.8355469703674316,-8.588574409484863,170.60806274414062,0.0,19.18801736857123,952,-4.999999999999671,0.0,0.0,0.005675206947428279,"{2: 226, 3: 24}","{3: 104, 2: 97, 1: 49}",{1: 250},{1: 250},{1: 250},{1: 250},0.010372832372852515,0.01173841553283369,0.015177218827740813,0.017959929542012233,0.026237657890219278,0.02162979162439506,0.03640335502056317,0.0471932036509617,,,,
370,0,max_steps,1,0,0,4.4454720179155585,2500,,,0.8310658333508228,0.1,0.03517942130565643,2.0272512435913086,-9.574390411376953,201.414306640625,0.0,9.445472017915232,744,-4.999999999999671,0.0,0.0,0.0017781888071662234,"{5: 231, 6: 19}","{2: 111, 1: 139}",{1: 250},{1: 250},{1: 250},{1: 250},0.0076804338209238154,0.009009441099320586,0.012890171183377156,0.01778438182012678,0.0244262602766752,0.021862679835842388,0.03911565029877365,0.046048898821406614,,,,
380,0,max_steps,1,0,0,25.621319758023507,2500,,,0.8269198412196082,0.1,0.036497779190540314,2.090392827987671,-9.574390411376953,209.17425537109375,0.0,30.621319758022803,1259,-4.999999999999671,0.0,0.0,0.010248527903209403,"{1: 116, 0: 22, 2: 55, 3: 57}","{3: 108, 2: 48, 1: 48, 0: 46}",{1: 250},{1: 250},{1: 250},{1: 250},0.015335311569291436,0.017679086054036692,0.020350773128397226,0.022793886450568002,0.05565183694127236,0.035027250617494766,0.06032030417485826,0.05589178577238147,,,,
390,0,max_steps,1,0,0,-4.886505641776087,2500,,,0.8227945324687735,0.1,0.038727130740880966,2.203503131866455,-9.574390411376953,213.97544860839844,0.0,0.1134943582235981,62,-4.999999999999671,0.0,0.0,-0.0019546022567104348,{5: 250},"{1: 75, 0: 175}",{1: 250},{1: 250},{1: 250},{1: 250},0.005782068573623173,0.012989354614733958,0.00900532585886293,0.011548962183476542,0.013064703533862175,0.021278130304977102,0.018045048986046593,0.024235164593127106,,,,
400,0,crash,1,0,1,-124.70135349822581,2364,,,0.8186898039137951,0.1,0.0384274460375309,2.2036452293395996,-9.574390411376953,213.97544860839844,0.0,35.58162346700548,1239,-4.727999999999701,-75.55497696523094,-80.0,-0.05275014953393647,"{2: 198, 1: 38}","{5: 66, 4: 51, 3: 64, 2: 47, 1: 8}",{1: 236},{1: 236},{1: 236},{1: 236},0.006521859227661814,0.01915236000996237,0.007317400473302182,0.010451532595216041,0.03633005648372961,0.04042761296285541,0.031787938546510186,0.040250362958148364,,,,
410,0,max_steps,1,0,0,-1.4704915719920404,2500,,,0.8146055528849124,0.1,0.04000923037528992,2.281764507293701,-9.574390411376953,225.22264099121094,0.0,3.5295084280076896,341,-4.999999999999671,0.0,0.0,-0.0005881966287968162,"{4: 35, 5: 162, 6: 53}","{3: 28, 2: 111, 1: 73, 0: 38}",{1: 250},{1: 250},{1: 250},{1: 250},0.013229442638059717,0.012938906703695883,0.016329739682003488,0.015736829566028433,0.025352686369268393,0.021520234362852487,0.035015023245182235,0.04209312696862957,,,,
420,0,max_steps,1,1,0,536.9127958912355,2500,2170.0,2170.0,0.8105416772245603,0.1,0.04212241247296333,2.3903725147247314,-9.574390411376953,231.30947875976562,500.0,41.91079589122898,1686,-4.997999999999672,0.0,0.0,0.2147651183564942,"{2: 161, 3: 89}","{5: 17, 4: 156, 3: 43, 0: 34}",{1: 250},{1: 250},{1: 250},{1: 250},0.010770958490749157,0.013380347028244612,0.018126836954690768,0.021928834937282253,0.04093021760943231,0.026955277740965247,0.057573404950268005,0.058143077542677085,0.01612485438607092,0.0363553878286622,0.009966425574524807,0.028471634616981906
430,0,max_steps,1,0,0,21.69144149805139,2500,,,0.8064980752848135,0.1,0.04326122999191284,2.436156988143921,-9.574390411376953,234.3220977783203,0.0,26.691441498051507,1356,-4.999999999999671,0.0,0.0,0.008676576599220555,"{1: 195, 2: 55}","{3: 123, 2: 96, 1: 31}",{1: 250},{1: 250},{1: 250},{1: 250},0.01240619201022054,0.012908906274172176,0.017203714627288397,0.021584991573783654,0.03221326413365489,0.025531452664506286,0.04484436311440692,0.06283816315874034,,,,
440,0,max_steps,1,0,0,5.128605877201515,2500,,,0.8024746459248447,0.1,0.044354211539030075,2.4938602447509766,-9.574390411376953,240.41429138183594,0.0,10.128605877201224,898,-4.999999999999671,0.0,0.0,0.002051442350880606,"{5: 142, 6: 108}","{4: 54, 3: 87, 2: 78, 1: 31}",{1: 250},{1: 250},{1: 250},{1: 250},0.008819915858012398,0.011821102324185827,0.012536019471877585,0.020412319313763798,0.02563991492151228,0.03914259634031872,0.036342514126438095,0.04560054293950738,,,,
450,0,max_steps,1,1,0,537.9756748100747,2500,1822.0,1822.0,0.7984712885083941,0.1,0.04648798704147339,2.6047909259796143,-9.574390411376953,260.9404296875,500.0,42.97367481004249,1176,-4.997999999999672,0.0,0.0,0.21519026992402987,"{2: 161, 1: 18, 3: 71}","{5: 47, 4: 73, 3: 62, 0: 68}",{1: 250},"{1: 249, 2: 1}",{1: 250},{1: 250},0.01812137156167443,0.014059071456836356,0.022949092490155892,0.028814994019940317,0.0439743969967176,0.041226571433460965,0.0568928718342208,0.05714781544689415,0.04836471015366071,0.05527333607538117,0.04696242591885099,0.03504678641647837
460,0,max_steps,1,0,0,10.449800347499709,2500,,,0.7944879029012528,0.1,0.04779716208577156,2.6455399990081787,-9.574390411376953,245.9357147216797,0.0,15.449800347499734,1136,-4.999999999999671,0.0,0.0,0.004179920138999884,"{0: 223, 1: 27}","{2: 137, 1: 113}",{1: 250},{1: 250},{1: 250},{1: 250},0.007204182365677707,0.009054348511300582,0.012257785148888622,0.015244606992105728,0.017931104933558543,0.02598714125823398,0.028477800180316665,0.04147782993886447,,,,
470,0,max_steps,1,0,0,39.31791037675787,2500,,,0.7905243894687576,0.1,0.04777393490076065,2.5719611644744873,-8.588574409484863,227.3289794921875,0.0,44.31791037675772,1125,-4.999999999999671,0.0,0.0,0.01572716415070315,{4: 250},"{1: 48, 0: 165, 2: 37}",{1: 250},{1: 250},{1: 250},{1: 250},0.00581462901746912,0.019497318912328407,0.006668210043415107,0.010534049702778745,0.014379679530835304,0.03966361453967905,0.021381058612623016,0.022051858431372008,,,,
480,0,max_steps,1,0,0,4.156957535258948,2500,,,0.7865806490732993,0.1,0.04768083989620209,2.5666496753692627,-8.588574409484863,227.3289794921875,0.0,9.156957535258556,757,-4.999999999999671,0.0,0.0,0.0016627830141035791,"{5: 145, 6: 105}","{3: 95, 2: 84, 1: 70, 0: 1}",{1: 250},{1: 250},{1: 250},{1: 250},0.009931621877713855,0.014698158135738416,0.016175453187775524,0.02033175906414148,0.037831346154871305,0.031100049378860153,0.038700322431848934,0.07829521646893159,,,,
490,0,max_steps,1,0,0,17.395776633928016,2500,,,0.7826565830718433,0.1,0.04848252609372139,2.5421884059906006,-8.588574409484863,220.4165496826172,0.0,22.395776633927056,1018,-4.999999999999671,0.0,0.0,0.006958310653571206,"{3: 148, 4: 102}","{4: 109, 3: 138, 2: 3}",{1: 250},{1: 250},{1: 250},{1: 250},0.012191227378444646,0.014413585121093763,0.013576977199254051,0.013308941634826744,0.029450910343844058,0.032697217437890294,0.034774086225785115,0.026521028264577407,0.034001712032286316,0.035698574783270993,0.04137782012441958,0.03444793098290568
500,0,max_steps,1,0,0,8.366245498855147,2500,,,0.7787520933134615,0.1,0.04905030503869057,2.572573661804199,-8.588574409484863,242.77296447753906,0.0,13.366245498854955,658,-4.999999999999671,0.0,0.0,0.0033464981995420585,"{4: 225, 5: 25}","{3: 16, 2: 91, 1: 143}",{1: 250},{1: 250},{1: 250},{1: 250},0.011227300217344994,0.011054432169380096,0.016487664667674058,0.015740545472925017,0.025841516935463684,0.024889150230867175,0.03572106822814874,0.03910013145705716,,,,
510,0,max_steps,1,1,0,507.7781430743545,2500,753.0,753.0,0.7748670821368779,0.1,0.05114930123090744,2.6763064861297607,-8.588574409484863,249.99798583984375,500.0,25.654958261183566,883,-4.997999999999672,-12.878815186880374,0.0,0.2031112572297418,"{3: 75, 4: 90, 5: 85}","{5: 22, 4: 44, 3: 23, 2: 31, 1: 77, 0: 53}",{1: 250},{1: 250},{1: 250},{1: 250},0.016496897893277004,0.01639297262025932,0.02112166929518501,0.025996347901020615,0.03875626681056171,0.03423374755463731,0.055338307562802516,0.060555380078307894,0.04500571475845601,0.03750974081036134,0.05074113531334929,0.06761197997391039
520,0,max_steps,1,0,0,31.035748195360675,2500,,,0.7710014523680259,0.1,0.0526282973587513,2.729551076889038,-8.588574409484863,270.63629150390625,0.0,36.03574819536053,1275,-4.999999999999671,0.0,0.0,0.01241429927814427,"{2: 243, 1: 7}","{2: 119, 1: 131}",{1: 250},{1: 250},{1: 250},{1: 250},0.01334349333477704,0.012426637032866283,0.02122924635490144,0.03087509520397097,0.0337920609440411,0.02510085281577088,0.048802070870709285,0.05558667921182456,,,,
530,0,max_steps,1,0,0,40.553892841384446,2500,,,0.7671551073176169,0.1,0.05470815673470497,2.775424003601074,-3.5284793376922607,265.43878173828125,0.0,45.55389284138404,1271,-4.999999999999671,0.0,0.0,0.01622155713655378,"{2: 184, 1: 50, 3: 16}","{2: 167, 1: 83}",{1: 250},{1: 250},{1: 250},{1: 250},0.016027485999326324,0.011355609587796306,0.0210414922325131,0.021318306317322774,0.04551447767573694,0.034874623581088116,0.052706000424282855,0.0474723487632374,0.027613495017027492,0.03202872490224727,0.0226046248594628,0.054962547991279115
540,0,max_steps,1,0,0,24.228454986935954,2500,,,0.7633279507787228,0.1,0.05466946214437485,2.6878092288970947,-3.5284793376922607,237.3582763671875,0.0,29.22845498693582,1416,-4.999999999999671,0.0,0.0,0.009691381994774382,"{2: 90, 1: 160}","{3: 179, 4: 65, 2: 6}",{1: 250},{1: 250},{1: 250},{1: 250},0.012183860958419293,0.012553690811929922,0.016427446540930406,0.023730025340471333,0.0390133443418744,0.027894001153088724,0.05264122086039345,0.05739866562833607,,,,
550,0,max_steps,1,0,0,9.090236344084675,2500,,,0.7595198870243695,0.1,0.05574873462319374,2.7402055263519287,-3.5284793376922607,262.9380187988281,0.0,14.09023634408494,1040,-4.999999999999671,0.0,0.0,0.00363609453763387,"{3: 91, 4: 144, 5: 15}","{5: 76, 4: 112, 3: 62}",{1: 250},{1: 250},{1: 250},{1: 250},0.012156398070275456,0.011702553548075808,0.013366646346277457,0.016613193408235305,0.024146154071094883,0.019784146698715793,0.03186704432981482,0.03381110961348508,,,,
560,0,max_steps,1,0,0,22.935634802842667,2500,,,0.7557308208051414,0.1,0.05757497623562813,2.8263421058654785,-3.967299461364746,263.288330078125,0.0,27.935634802841246,1124,-4.999999999999671,0.0,0.0,0.009174253921137066,"{5: 192, 4: 44, 6: 14}","{5: 37, 4: 81, 3: 132}",{1: 250},"{1: 246, 2: 4}",{1: 250},{1: 250},0.012313914202828841,0.00943405643815639,0.019517102776842883,0.024949406320947103,0.030344523725961917,0.04090510119090128,0.042113288326514134,0.04664406041156753,,,,
570,0,max_steps,1,1,0,562.8000503783344,2500,380.0,380.0,0.751960657346801,0.1,0.05904753506183624,2.9110138416290283,-3.967299461364746,270.1185607910156,500.0,67.79805037828693,1442,-4.997999999999672,0.0,0.0,0.22512002015133376,"{3: 59, 1: 31, 2: 160}","{4: 127, 3: 123}",{1: 250},{1: 250},"{1: 247, 0: 3}",{1: 250},0.01290275915191071,0.014960730518041155,0.016713441084848665,0.020473806332436187,0.06968177401628413,0.027948270302432784,0.08837011867273092,0.08995753146503899,0.0028700654814856007,0.03098470300807322,0.004950723573359206,0.01642534317031599
580,0,max_steps,1,0,0,37.78970316543339,2500,,,0.748209302347916,0.1,0.0603053905069828,2.9702513217926025,-3.967299461364746,292.326171875,0.0,42.78970316543743,832,-4.999999999999671,0.0,0.0,0.015115881266173355,"{5: 123, 4: 39, 6: 88}","{5: 39, 4: 103, 3: 108}",{1: 250},{1: 250},{1: 250},{1: 250},0.01032339998373068,0.012159139277788724,0.009287727356121534,0.011224207581215413,0.0805672503065156,0.024132132376047215,0.0986475543752937,0.0845650463107043,,,,
590,0,max_steps,1,0,0,-1.5771904121523321,2500,,,0.7444766619775032,0.1,0.06091845780611038,2.967506170272827,-3.967299461364746,274.2237243652344,0.0,3.422809587847664,368,-4.999999999999671,0.0,0.0,-0.0006308761648609329,{2: 250},"{3: 56, 2: 40, 1: 45, 0: 109}",{1: 250},"{1: 249, 2: 1}",{1: 250},{1: 250},0.007336670259637413,0.013023905112063857,0.00872481144884504,0.012281627677238591,0.022092461378312805,0.025625783207562203,0.03154142254863316,0.03576943945064498,,,,
600,0,max_steps,1,1,0,531.0553774490455,2500,1449.0,1449.0,0.7407626428726788,0.1,0.06218252703547478,3.012216567993164,-3.967299461364746,277.3934020996094,500.0,36.05337744899641,951,-4.997999999999672,0.0,0.0,0.2124221509796182,"{2: 173, 3: 77}","{5: 59, 4: 75, 3: 10, 0: 106}",{1: 250},{1: 250},{1: 250},{1: 250},0.009957601028286694,0.012687277826805739,0.013880656529378671,0.018131066070429185,0.03244852611915185,0.0381572789804227,0.042904951461689385,0.048901299025948655,0.016048001618842813,0.03836313640729341,0.022473503950155103,0.025270577849901974
610,0,max_steps,1,0,0,10.031278286292105,2500,,,0.737067152136325,0.1,0.06306163966655731,3.001617431640625,-3.967299461364746,259.23968505859375,0.0,15.031278286292713,716,-4.999999999999671,0.0,0.0,0.004012511314516842,"{2: 177, 3: 73}","{1: 120, 0: 130}",{1: 250},{1: 250},{1: 250},{1: 250},0.01108630723017176,0.0114881371642294,0.010990255035467328,0.018213662302526232,0.03270859878635195,0.02865666187707512,0.04640554373597824,0.0498616933723542,,,,
620,0,max_steps,1,0,0,41.21519061195317,2500,,,0.7333900973347661,0.1,0.06264807283878326,3.0001332759857178,-10.897214889526367,259.23968505859375,0.0,46.21519061195388,1308,-4.999999999999671,0.0,0.0,0.016486076244781267,"{1: 72, 2: 88, 3: 70, 4: 20}","{3: 40, 2: 136, 1: 74}",{1: 250},{1: 250},{1: 250},{1: 250},0.029226664702325916,0.016334450381795387,0.03537071354001408,0.031218225350998993,0.0726683899419855,0.036519078206809906,0.0879212979609843,0.0777437352538845,,,,
630,0,max_steps,1,0,0,5.637023005993549,2500,,,0.7297313864954562,0.1,0.06274442374706268,2.9991161823272705,-10.897214889526367,259.23968505859375,0.0,10.637023005993207,695,-4.999999999999671,0.0,0.0,0.0022548092023974196,"{5: 33, 6: 217}","{4: 61, 3: 189}",{1: 250},{1: 250},{1: 250},{1: 250},0.00912158857967004,0.014442742551185711,0.012752821839423422,0.01823615649132783,0.05632701054839546,0.022870452752724577,0.07170705026766414,0.0839167515303392,,,,
640,0,max_steps,1,0,0,30.64376374890754,2500,,,0.7260909281046787,0.1,0.06650978326797485,3.190822124481201,-11.375482559204102,300.3407897949219,0.0,35.643763748906665,1265,-4.999999999999671,0.0,0.0,0.012257505499563016,"{1: 63, 2: 187}","{3: 242, 2: 8}",{1: 250},{1: 250},{1: 250},{1: 250},0.005003521861077116,0.010393623741841503,0.007532359753429515,0.010892883909950513,0.033574158626504313,0.027540818112286647,0.05086564375648366,0.05419327920952193,0.006296116937666017,0.022249641300663345,0.0104234573932225,0.01947697474365149
650,0,max_steps,1,0,0,44.09199689874942,2500,,,0.7224686311052574,0.1,0.06826417148113251,3.1380012035369873,-11.375482559204102,270.1449890136719,0.0,49.09199689875039,1234,-4.999999999999671,0.0,0.0,0.017636798759499767,"{1: 117, 2: 102, 3: 31}","{3: 90, 2: 136, 1: 24}",{1: 250},{1: 250},{1: 250},{1: 250},0.010830583970879878,0.017969497475216888,0.017752020553903673,0.02469945488631554,0.053190142183772694,0.0335921579605448,0.05215737127270636,0.06578647442129243,,,,
660,0,max_steps,1,1,0,561.6792855485518,2500,1554.0,1554.0,0.7188644048942786,0.1,0.07208390533924103,3.2032601833343506,-11.375482559204102,285.428955078125,500.0,66.67728554853255,1483,-4.997999999999672,0.0,0.0,0.2246717142194207,"{1: 22, 2: 22, 3: 97, 4: 109}","{4: 46, 5: 88, 6: 8, 3: 13, 2: 16, 1: 79}",{1: 250},"{1: 249, 2: 1}","{1: 246, 0: 4}",{1: 250},0.031818307105291106,0.02072778172853652,0.046108030093253455,0.03895189698463142,0.07971835640981793,0.03821720352668833,0.10274535055812115,0.11556351759067092,0.04565393211468735,0.025448626412872693,0.054352143926020405,0.024106212760377208
670,0,max_steps,1,0,0,7.100051413783243,2500,,,0.7152781593208262,0.1,0.07310069352388382,3.2429535388946533,-11.375482559204102,289.2752685546875,0.0,12.10005141378407,627,-4.999999999999671,0.0,0.0,0.002840020565513297,{2: 250},"{3: 33, 2: 87, 1: 119, 0: 11}",{1: 250},{1: 250},{1: 250},{1: 250},0.006078549813155152,0.010425957768165297,0.007136998179010475,0.011105401371365401,0.025162462459124683,0.020147488210468665,0.031313067569848634,0.03785674754473332,,,,
680,0,max_steps,1,0,0,4.8608853852868625,2500,,,0.7117098046837247,0.1,0.07304061204195023,3.241014003753662,-11.375482559204102,289.2752685546875,0.0,9.860885385286723,479,-4.999999999999671,0.0,0.0,0.001944354154114745,"{1: 47, 2: 203}","{2: 80, 1: 27, 0: 143}",{1: 250},{1: 250},{1: 250},{1: 250},0.005224212924138759,0.016316459853513102,0.009051806977370219,0.012167812521621017,0.020442414136108405,0.03367645392830132,0.026674284016194632,0.031900197629022874,,,,
690,0,max_steps,1,1,0,537.3895822884475,2500,775.0,775.0,0.7081592517292976,0.1,0.0753982812166214,3.3712167739868164,-11.375482559204102,303.40924072265625,500.0,42.38758228840569,1621,-4.997999999999672,0.0,0.0,0.214955832915379,"{1: 26, 2: 42, 3: 9, 6: 173}","{3: 192, 2: 58}",{1: 250},{1: 250},{1: 250},{1: 250},0.004356273268361103,0.012324026314530612,0.00712158870330528,0.009403588119492608,0.04822568265037785,0.03189599456925355,0.05018278590574195,0.029874847636026616,0.041728759306514186,0.016743374952764525,0.04564374629157665,0.025297658787622294
700,0,max_steps,1,0,0,55.443264313225875,2500,,,0.7046264116491338,0.1,0.0781523659825325,3.4512059688568115,-11.375482559204102,323.1704406738281,0.0,60.4432643132265,1245,-4.999999999999671,0.0,0.0,0.02217730572529035,"{5: 108, 4: 142}","{3: 172, 2: 78}",{1: 250},{1: 250},{1: 250},{1: 250},0.02749166263686382,0.010988577334911591,0.04305615267494563,0.049867171178659936,0.060382880258170846,0.027569640458137985,0.0933837535663425,0.10571452890299995,,,,
710,0,max_steps,1,0,0,-4.991623592473355,2500,,,0.7011111960778661,0.1,0.07791002839803696,3.3912312984466553,-11.375482559204102,289.187255859375,0.0,0.008376407526317076,9,-4.999999999999671,0.0,0.0,-0.0019966494369893424,{5: 250},"{1: 10, 0: 240}",{1: 250},{1: 250},{1: 250},{1: 250},0.0036335341192684518,0.014676095812292848,0.005383785863051114,0.008001724781477988,0.009168019553190411,0.023981588030779877,0.014582680357180295,0.022287334040934616,,,,
720,0,max_steps,1,0,0,3.0191560002182984,2500,,,0.6976135170909614,0.1,0.08394089341163635,3.646998167037964,-11.375482559204102,324.2229919433594,0.0,8.019156000218155,588,-4.999999999999671,0.0,0.0,0.0012076624000873194,"{3: 23, 4: 127, 5: 100}","{2: 234, 1: 16}",{1: 250},{1: 250},{1: 250},{1: 250},0.008611935711918445,0.010581789808224152,0.013561303830195371,0.017427459332725187,0.03400600618961259,0.022606855329555753,0.04366395872064054,0.04458175361093662,,,,
730,0,max_steps,1,1,0,553.6541155414186,2500,725.0,725.0,0.6941332872025221,0.1,0.08465705811977386,3.6855247020721436,-11.375482559204102,324.8953552246094,500.0,58.65211554137583,1588,-4.997999999999672,0.0,0.0,0.22146164621656744,"{3: 112, 1: 33, 2: 105}","{5: 28, 4: 36, 3: 8, 2: 34, 1: 144}",{1: 250},{1: 250},{1: 250},{1: 250},0.015192217212791176,0.01847161454192951,0.01615132047626136,0.017385583289695927,0.05481970731943821,0.035430039829553776,0.07704915057720792,0.09313074246296323,0.010080287464982924,0.04078379235292851,0.013735145645583723,0.015948559484844145
740,0,max_steps,1,0,0,-1.6793533666449116,2500,,,0.6906704193630966,0.1,0.08413887023925781,3.637843370437622,-11.375482559204102,309.1120910644531,0.0,3.320646633355027,275,-4.999999999999671,0.0,0.0,-0.0006717413466579647,"{3: 34, 4: 216}","{1: 62, 0: 188}",{1: 250},{1: 250},{1: 250},{1: 250},0.007268438301922203,0.01183932406796044,0.008601029906161742,0.010274483005765006,0.020039043243065737,0.020610564026649698,0.025011227584813944,0.022448208660676778,,,,
750,0,max_steps,1,0,0,-36.71106475335091,2500,,,0.6872248269575028,0.1,0.08330059051513672,3.537932872772217,-11.375482559204102,298.11102294921875,0.0,16.848652860480904,789,-4.999999999999671,-48.55971761383134,0.0,-0.014684425901340364,"{5: 22, 6: 228}","{5: 31, 4: 38, 3: 130, 2: 51}",{1: 250},"{1: 249, 2: 1}",{1: 250},"{1: 248, 2: 2}",0.011817098431964313,0.016131482889533484,0.01287379145100816,0.01917778076839389,0.04423244481047041,0.04219067313829903,0.06601289555397072,0.07818039328406243,,,,
760,0,max_steps,1,0,0,12.050436617241912,2500,,,0.6837964238026608,0.1,0.08485669642686844,3.577820062637329,-11.375482559204102,310.1175842285156,0.0,17.05043661724213,868,-4.999999999999671,0.0,0.0,0.0048201746468967644,"{3: 187, 4: 63}","{1: 141, 2: 35, 0: 74}",{1: 250},{1: 250},{1: 250},{1: 250},0.009930329592138947,0.010856714549188604,0.013981305693675655,0.02167266799615382,0.02942517228383092,0.028082873857677867,0.04325736854606254,0.049343463133510325,,,,
770,0,max_steps,1,0,0,25.132665862330004,2500,,,0.6803851241454388,0.1,0.08668631315231323,3.6424241065979004,-11.375482559204102,316.19049072265625,0.0,30.132665862329066,1177,-4.999999999999671,0.0,0.0,0.010053066344932002,"{1: 90, 2: 160}","{3: 154, 2: 29, 1: 56, 0: 11}",{1: 250},"{1: 249, 0: 1}",{1: 250},{1: 250},0.012086051198677573,0.018959220586515137,0.020722303643547987,0.026851812641784586,0.0349051697112166,0.03457126629598012,0.04815924165376351,0.05634707072203843,,,,
780,0,max_steps,1,0,0,36.56812653079072,2500,,,0.6769908426605066,0.1,0.08864648640155792,3.710860252380371,-11.375482559204102,321.40960693359375,0.0,41.56812653079139,1193,-4.999999999999671,0.0,0.0,0.014627250612316288,"{0: 36, 1: 173, 2: 41}","{2: 123, 1: 127}",{1: 250},"{1: 249, 2: 1}",{1: 250},{1: 250},0.01900981102846057,0.007160415018966405,0.03114145516626228,0.03559259006305699,0.04380630561131895,0.027499234141879006,0.06565504600928357,0.09749060060068651,,,,
790,0,max_steps,1,0,0,46.20597700215792,2500,,,0.673613494448202,0.1,0.09032955020666122,3.7275149822235107,-11.375482559204102,326.9061279296875,0.0,51.20597700215778,1148,-4.999999999999671,0.0,0.0,0.01848239080086317,"{1: 211, 2: 39}","{2: 118, 1: 132}",{1: 250},"{1: 249, 0: 1}",{1: 250},{1: 250},0.014175371448202696,0.013375494070370064,0.02167679919834048,0.028449047537424103,0.05435055959314145,0.042595159728556556,0.05595167308594598,0.06840828284663872,,,,
800,0,max_steps,1,1,0,561.7042720872291,2500,576.0,576.0,0.6702529950324074,0.1,0.09314052760601044,3.8194668292999268,-11.375482559204102,328.7972717285156,500.0,66.70227208718133,1476,-4.997999999999672,0.0,0.0,0.22468170883489166,"{2: 19, 3: 38, 5: 105, 6: 75, 4: 13}","{4: 54, 3: 3, 2: 117, 1: 76}",{1: 250},{1: 250},{1: 250},"{1: 247, 0: 3}",0.023983678816175663,0.014028986027903246,0.037318935694507636,0.047503356715751746,0.07513365110738682,0.037321010506737216,0.10428027114578932,0.11300137638865146,0.0662729825927254,0.016707619159741893,0.03533835644964073,0.10559002677322471
810,0,max_steps,1,1,0,519.0954525571335,2500,1030.0,1030.0,0.6669092603584367,0.1,0.09351178258657455,3.839461088180542,-11.375482559204102,332.7476501464844,500.0,24.093452557075814,1027,-4.997999999999672,0.0,0.0,0.20763818102285342,"{2: 61, 3: 41, 4: 44, 5: 104}","{4: 25, 3: 171, 2: 43, 1: 11}",{1: 250},{1: 250},{1: 250},{1: 250},0.0068376464266324925,0.01586544264577136,0.011728326564561825,0.01501989247447043,0.031956062552443786,0.03201572923652439,0.04248068925801083,0.05819596388667681,0.05359682415780752,0.02472539749572864,0.02896500000053172,0.06799722737791979
820,0,max_steps,1,0,0,25.495039570210352,2500,,,0.6635822067909328,0.1,0.09534339606761932,3.862901449203491,-11.375482559204102,330.6180114746094,0.0,30.495039570211084,1006,-4.999999999999671,0.0,0.0,0.01019801582808414,"{2: 171, 1: 67, 3: 12}","{1: 121, 2: 25, 0: 104}",{1: 250},"{1: 249, 0: 1}",{1: 250},{1: 250},0.01655274755032885,0.013904691085821316,0.021836669630322016,0.02311353787443592,0.0408546129182821,0.043683174267198165,0.09851090363522748,0.058196441029450284,,,,
830,0,max_steps,1,1,0,590.5341710049789,2500,431.0,431.0,0.660271751111776,0.1,0.0957755446434021,3.8900210857391357,-11.375482559204102,337.48089599609375,500.0,95.53217100493794,1666,-4.997999999999672,0.0,0.0,0.23621366840199157,"{4: 33, 3: 10, 0: 197, 1: 10}","{4: 54, 3: 196}",{1: 250},{1: 250},{1: 250},{1: 250},0.02796493580802279,0.009762931518494868,0.038349962325832626,0.04034568940937111,0.08087268483798113,0.02657284346455872,0.1043965365001117,0.09964839103688256,0.10343198938103304,0.017952400065454562,0.09124425976855727,0.14519868507643538
840,0,max_steps,1,0,0,69.08212597743203,2500,,,0.6569778105180021,0.1,0.09662025421857834,3.8750827312469482,-11.375482559204102,319.3173828125,0.0,74.08212597743095,1480,-4.999999999999671,0.0,0.0,0.02763285039097281,"{0: 25, 1: 26, 2: 180, 3: 19}","{4: 139, 3: 96, 2: 15}",{1: 250},{1: 250},{1: 250},{1: 250},0.023664224388700965,0.013948596406167683,0.035213041839722264,0.04256301462697292,0.061621045767715765,0.0362932996556508,0.08313816289142405,0.0840082427299459,0.0367580859968286,0.03926253754089996,0.04450532725053415,0.04786684691937821
850,0,max_steps,1,1,0,509.57467106432273,2500,829.0,829.0,0.6537003026197313,0.1,0.09816933423280716,3.875530481338501,-11.375482559204102,334.0691833496094,500.0,14.57267106433493,922,-4.997999999999672,0.0,0.0,0.2038298684257291,"{3: 82, 1: 6, 0: 162}","{4: 79, 3: 119, 2: 27, 1: 25}",{1: 250},{1: 250},{1: 250},{1: 250},0.00486304288106276,0.013654773117738496,0.007189396129841336,0.01115243648262629,0.019376640091860672,0.02711688070118021,0.027545183994115853,0.03554976547308084,0.014865006351708152,0.020731369160971028,0.02234903156327764,0.015514358400507097
860,0,max_steps,1,0,0,34.404898197283835,2500,,,0.6504391454381077,0.1,0.10099738836288452,3.9815802574157715,-11.375482559204102,330.0127258300781,0.0,39.40489819728491,1012,-4.999999999999671,0.0,0.0,0.013761959278913534,"{5: 220, 4: 30}","{3: 109, 2: 88, 1: 53}",{1: 250},{1: 250},{1: 250},{1: 250},0.019798286932341154,0.01742332002689386,0.02926593326552529,0.03180786175153255,0.06788891173514641,0.036323475633485605,0.08367278506307393,0.08116089472712801,,,,
870,0,max_steps,1,0,0,0.13620732456944618,2500,,,0.6471942574032484,0.1,0.10184934735298157,4.013917446136475,-11.375482559204102,344.11859130859375,0.0,5.136207324569319,152,-4.999999999999671,0.0,0.0,5.448292982777847e-05,"{5: 107, 6: 143}","{1: 28, 0: 222}",{1: 250},{1: 250},{1: 250},{1: 250},0.005976077901659592,0.012955696202605563,0.0086707748972489,0.010955859514492957,0.027223235404117287,0.024621811546289913,0.031802710841800565,0.047866402515008066,,,,
880,0,max_steps,1,0,0,34.5348399809027,2500,,,0.6439655573522038,0.1,0.10188958048820496,4.013698101043701,-11.375482559204102,344.11859130859375,0.0,39.534839980904174,922,-4.999999999999671,0.0,0.0,0.013813935992361082,"{2: 137, 3: 50, 4: 63}","{2: 6, 1: 166, 0: 78}",{1: 250},"{1: 249, 2: 1}",{1: 250},{1: 250},0.0264454143268493,0.02085442784058375,0.03237597387124782,0.04482896629344409,0.06361975224388784,0.045281003784366336,0.08339075394189824,0.09786414218688716,,,,
890,0,max_steps,1,0,0,21.539704964043736,2500,,,0.6407529645269272,0.1,0.1047380194067955,4.057164192199707,-11.375482559204102,345.2364501953125,0.0,26.53970496404281,936,-4.999999999999671,0.0,0.0,0.008615881985617494,"{6: 128, 5: 122}","{2: 126, 1: 5, 3: 119}",{1: 250},{1: 250},{1: 250},{1: 250},0.015758902132685,0.015627993989573475,0.020918106477303737,0.02698317815335276,0.0479173349207601,0.04018326476685469,0.06368172549226367,0.08849561396758521,,,,
900,0,max_steps,1,0,0,17.99348240293177,2500,,,0.637556398572254,0.1,0.10865944623947144,4.215620994567871,-11.375482559204102,361.8901672363281,0.0,22.99348240293158,844,-4.999999999999671,0.0,0.0,0.007197392961172709,"{3: 35, 4: 75, 5: 97, 6: 43}","{1: 90, 0: 160}",{1: 250},"{1: 249, 2: 1}",{1: 250},{1: 250},0.02068224505338507,0.015980205165075465,0.031060579375133603,0.03761489145849552,0.07729175705573024,0.04044217162273044,0.0986989587714368,0.10397746897576163,,,,
910,0,max_steps,1,0,0,25.323932966138123,2500,,,0.634375779533894,0.1,0.10935436934232712,4.244330406188965,-10.897214889526367,358.5631408691406,0.0,57.765612957309195,1262,-4.999999999999671,-27.4416799911708,0.0,0.01012957318645525,"{0: 179, 1: 9, 2: 47, 3: 15}","{4: 15, 3: 101, 2: 29, 1: 89, 0: 16}","{1: 240, 0: 10}",{1: 250},"{1: 241, 0: 9}","{1: 241, 2: 9}",0.017814851969678837,0.01859509277100579,0.031082362874148263,0.03766384227817472,0.0817655118208317,0.03349363266342288,0.10018980814884541,0.10851267248732469,,,,
920,0,max_steps,1,0,0,34.338540114545644,2500,,,0.6312110278564291,0.1,0.10899794101715088,4.23826265335083,-10.897214889526367,358.5631408691406,0.0,39.33854011454564,851,-4.999999999999671,0.0,0.0,0.013735416045818257,"{2: 39, 3: 152, 4: 59}","{2: 109, 1: 63, 0: 78}",{1: 250},"{1: 249, 0: 1}",{1: 250},"{1: 247, 2: 3}",0.018842550716163687,0.0152172783588936,0.02429817518522687,0.02893579391335978,0.0779867905189075,0.03438363656012577,0.08332802279388762,0.08318177734889598,,,,
930,0,max_steps,1,0,0,16.819119553228724,2500,,,0.6280620643813251,0.1,0.11137741804122925,4.22186803817749,-10.897214889526367,355.942626953125,0.0,21.819119553228894,902,-4.999999999999671,0.0,0.0,0.0067276478212914895,"{2: 113, 1: 137}","{3: 45, 2: 99, 1: 72, 0: 34}",{1: 250},{1: 250},{1: 250},{1: 250},0.015738317546438514,0.017793312022749294,0.024568473923441973,0.026483758526596422,0.03920409354859609,0.03801226701043679,0.04622283024369308,0.06371263158613144,,,,
940,0,success,1,2,0,1036.9973266491743,1043,521.5,521.5,0.6249288103449504,0.1,0.1136292964220047,4.218308925628662,-10.897214889526367,365.9460144042969,1000.0,39.079326649170525,906,-2.0819999999999923,0.0,0.0,0.9942448002389015,"{2: 32, 3: 72}","{3: 39, 4: 50, 5: 15}",{1: 104},{1: 104},{1: 104},{1: 104},0.016860036307894136,0.013753240748619205,0.02445266366828537,0.03435660932405474,0.06256510517415184,0.02515991456633124,0.07950698401476634,0.08944883167586436,0.06581207252983806,0.02246188161470413,0.02920150236513347,0.09460312868828684
950,0,max_steps,1,0,0,25.930835654901085,2500,,,0.6218111873766076,0.1,0.11439364403486252,4.2384419441223145,-10.897214889526367,360.7680358886719,0.0,30.93083565489926,825,-4.999999999999671,0.0,0.0,0.010372334261960435,"{6: 11, 5: 61, 4: 178}","{1: 62, 0: 188}",{1: 250},{1: 250},{1: 250},{1: 250},0.01034681925989983,0.012838771334066705,0.014956725201176623,0.01652432449210091,0.05860274786789771,0.021603935701715166,0.07954530546446772,0.07669703106660185,,,,
960,0,crash,1,0,1,-110.88254941829604,2199,,,0.6187091174965714,0.1,0.11840388923883438,4.2545270919799805,-13.169635772705078,352.20428466796875,0.0,47.705366078562356,830,-4.397999999999738,-74.18991549685622,-80.0,-0.05042407886234472,"{1: 18, 2: 201}","{5: 17, 4: 28, 3: 88, 2: 60, 1: 26}",{1: 219},{1: 219},{1: 219},{1: 219},0.010647547345911133,0.018561403735948084,0.01708581432773393,0.022822636328865144,0.05309900150388963,0.04524038651115782,0.06092226936428091,0.0834137439624569,0.017462905366787688,0.01812603470658558,0.018115706018114453,0.027132905110084378
970,0,max_steps,1,0,0,33.73257202934455,2500,,,0.6156225231141397,0.1,0.11968208104372025,4.217795372009277,-13.169635772705078,336.9642639160156,0.0,55.10129699928121,1486,-4.999999999999671,-16.368724969935037,0.0,0.013493028811737822,"{5: 39, 4: 205, 3: 6}","{4: 5, 3: 64, 2: 72, 1: 103, 0: 6}",{1: 250},{1: 250},{1: 250},"{1: 249, 0: 1}",0.03336359658218605,0.013946791436896332,0.04682323329910252,0.0507801617847261,0.06516013739365861,0.03656282019999989,0.09109474261986089,0.10928633891528634,,,,
980,0,max_steps,1,0,0,-4.984480316815487,2500,,,0.6125513270256917,0.1,0.1202046200633049,4.2286787033081055,-13.169635772705078,351.06072998046875,0.0,0.015519683184184174,5,-4.999999999999671,0.0,0.0,-0.001993792126726195,"{2: 29, 3: 221}","{1: 8, 0: 242}",{1: 250},{1: 250},{1: 250},{1: 250},0.004355374499247038,0.013966458564908375,0.006604932845747709,0.009899571465121732,0.026633559304192984,0.022895590377677175,0.030315082995952203,0.035020300149210856,,,,
990,0,max_steps,1,0,0,19.82072109320296,2500,,,0.6094954524127577,0.1,0.12106061726808548,4.1963982582092285,-13.169635772705078,335.0713195800781,0.0,24.820721093201964,889,-4.999999999999671,0.0,0.0,0.007928288437281184,"{2: 125, 3: 125}","{2: 99, 3: 67, 1: 59, 0: 25}",{1: 250},{1: 250},{1: 250},{1: 250},0.01567012228712111,0.016766524516011336,0.025510455129714688,0.02924164961810255,0.0519655623112804,0.03338672500438841,0.07505704074292179,0.06919148492138097,0.06547188043645404,0.03830748660531214,0.05840457721923536,0.07535783764705799
1000,0,max_steps,1,0,0,4.32258020864489,2500,,,0.606454822840097,0.1,0.12398449331521988,4.305039405822754,-13.169635772705078,356.92730712890625,0.0,9.322580208644599,798,-4.999999999999671,0.0,0.0,0.001729032083457956,{2: 250},"{3: 178, 2: 72}",{1: 250},{1: 250},{1: 250},{1: 250},0.0043444944425559,0.012281071341199285,0.006190548803598981,0.008700297746232055,0.01466269750285562,0.017709306423944596,0.02049095914556168,0.027414929924829773,,,,
1010,0,max_steps,1,0,0,43.68457746799724,2500,,,0.6034293622537864,0.1,0.1247447282075882,4.310621738433838,-13.169635772705078,359.4080810546875,0.0,48.684577467998686,1270,-4.999999999999671,0.0,0.0,0.017473830987198895,"{2: 168, 1: 66, 3: 16}","{5: 99, 4: 65, 3: 86}",{1: 250},"{1: 249, 2: 1}",{1: 250},{1: 250},0.02137197029608285,0.013294843584409546,0.03168235906631138,0.034890157300025586,0.05206837904973428,0.02407385195329729,0.0727992193022111,0.07522842442152687,,,,
1020,0,max_steps,1,0,0,53.16233740290721,2500,,,0.6004189949793179,0.1,0.12445902079343796,4.304656982421875,-13.169635772705078,359.4080810546875,0.0,58.16233740290839,1341,-4.999999999999671,0.0,0.0,0.021264934961162885,"{6: 61, 5: 53, 4: 71, 3: 65}","{3: 9, 2: 34, 1: 200, 0: 7}",{1: 250},{1: 250},"{1: 248, 2: 2}","{1: 248, 0: 2}",0.019630249008781755,0.012583435952774835,0.03261402500711942,0.03729249662882968,0.09317875717239688,0.03281573450419526,0.1105339768232267,0.10438360766270562,,,,
1030,0,max_steps,1,0,0,63.897403431000555,2500,,,0.5974236457197061,0.1,0.12465094029903412,4.284832954406738,-13.169635772705078,359.4080810546875,0.0,68.89740343100188,1162,-4.999999999999671,0.0,0.0,0.025558961372400223,"{5: 45, 6: 83, 4: 50, 3: 72}","{3: 22, 2: 94, 1: 134}",{1: 250},{1: 250},{1: 250},{1: 250},0.03467104731257151,0.013031666927035019,0.043856866054545376,0.05118645872094739,0.10014417818084555,0.03430428296876231,0.11892861450099589,0.10465230664928446,,,,
1040,0,max_steps,1,0,0,-0.17453751801641834,2500,,,0.594443239553604,0.1,0.12704947590827942,4.311814785003662,-13.169635772705078,359.483642578125,0.0,4.825462481983568,745,-4.999999999999671,0.0,0.0,-6.981500720656734e-05,{4: 250},"{3: 172, 2: 78}",{1: 250},{1: 250},{1: 250},{1: 250},0.00506161296970197,0.011757687269073197,0.0068508266074855115,0.008680410467393276,0.01712880234989202,0.020026092412967555,0.021275977660233664,0.02493348143018757,,,,
1050,0,max_steps,1,1,0,558.5798719989053,2500,2437.0,2437.0,0.5914777019334302,0.1,0.1292363852262497,4.371265888214111,-13.169635772705078,363.7433166503906,500.0,63.57787199890211,1784,-4.997999999999672,0.0,0.0,0.22343194879956213,"{1: 152, 2: 44, 3: 47, 5: 7}","{5: 154, 4: 87, 3: 2, 0: 7}",{1: 250},"{1: 249, 2: 1}",{1: 250},{1: 250},0.012407941403817638,0.01359920217691822,0.016075332010765282,0.027695669762498452,0.05206144250982613,0.0424437639080616,0.061634339159280266,0.07691678109048576,0.008695337845892917,0.056809010796221096,0.010590839222391383,0.013162310112693353
1060,0,max_steps,1,0,0,22.3967638661716,2500,,,0.5885269586835032,0.1,0.12861710786819458,4.3150224685668945,-13.169635772705078,354.6584167480469,0.0,27.396763866170197,899,-4.999999999999671,0.0,0.0,0.00895870554646864,"{1: 99, 2: 151}","{2: 112, 1: 121, 0: 17}",{1: 250},"{1: 249, 0: 1}",{1: 250},{1: 250},0.013992751084728966,0.013591622481596982,0.01912783704899232,0.020028505733195326,0.058449131660352024,0.042447472102448244,0.07837938731552516,0.08794471148049308,,,,
1070,0,max_steps,1,0,0,30.17428918215028,2500,,,0.5855909359981866,0.1,0.12834182381629944,4.2769012451171875,-13.169635772705078,348.1971130371094,0.0,35.17428918214975,1214,-4.999999999999671,0.0,0.0,0.012069715672860111,"{3: 139, 2: 111}","{2: 51, 1: 180, 0: 19}",{1: 250},{1: 250},{1: 250},{1: 250},0.014220796699596694,0.015126443147744601,0.02040079820482043,0.021623727866587113,0.05158404470717909,0.04863819277793903,0.0726598277500961,0.07576146275283523,,,,
1080,0,max_steps,1,0,0,44.67170218046666,2500,,,0.582669560440043,0.1,0.1287401020526886,4.262744426727295,-13.169635772705078,346.73199462890625,0.0,49.67170218046691,1502,-4.999999999999671,0.0,0.0,0.017868680872186665,"{2: 208, 1: 30, 3: 12}","{4: 184, 3: 66}",{1: 250},{1: 250},{1: 250},{1: 250},0.017077028842152824,0.01034519723427038,0.027964409626644163,0.03287222624484633,0.04679751489273736,0.024884792749577198,0.0672886660744275,0.08036302088922458,0.032988352097852294,0.03568701991327934,0.0470553940426129,0.03799519556735936
1090,0,max_steps,1,0,0,35.23927403582889,2500,,,0.5797627589379976,0.1,0.1303826868534088,4.272582530975342,-13.169635772705078,369.5594482421875,0.0,40.239274035829254,1258,-4.999999999999671,0.0,0.0,0.014095709614331558,"{2: 78, 3: 111, 4: 61}","{1: 202, 0: 34, 2: 14}",{1: 250},"{1: 249, 0: 1}",{1: 250},{1: 250},0.028157844777787704,0.01358828245839101,0.0338430771493546,0.04210700655002376,0.06178238741073242,0.02983375083990173,0.08388661406728802,0.07819140204133715,,,,
1100,0,max_steps,1,0,0,2.901523542848076,2500,,,0.5768704587855094,0.1,0.13175266981124878,4.322821617126465,-13.169635772705078,355.459228515625,0.0,7.901523542847712,738,-4.999999999999671,0.0,0.0,0.0011606094171392304,{2: 250},"{3: 169, 2: 48, 1: 33}",{1: 250},{1: 250},{1: 250},{1: 250},0.0030257693420467466,0.013212202276537695,0.00489812672889449,0.006842254551493915,0.010337564199039624,0.02129203417664063,0.014560098070260478,0.024008395868680473,0.00911904060722649,0.01645425966870089,0.01203723095201753,0.01990949345973695
1110,0,max_steps,1,0,0,-2.170839602772441,2500,,,0.5739925876387535,0.1,0.13111935555934906,4.200958728790283,-13.169635772705078,338.994384765625,0.0,2.8291603972275237,234,-4.999999999999671,0.0,0.0,-0.0008683358411089763,"{5: 75, 4: 13, 6: 162}","{1: 47, 0: 203}",{1: 250},{1: 250},{1: 250},{1: 250},0.009656850597617506,0.012475955326940819,0.013340722313243805,0.016855833986882382,0.05815664291153052,0.018840322849933505,0.06838537299558095,0.050346878620692884,,,,
1120,0,max_steps,1,0,0,28.528372090960648,2500,,,0.5711290735148113,0.1,0.13001716136932373,4.1242499351501465,-13.169635772705078,334.6260070800781,0.0,33.5283720909591,842,-4.999999999999671,0.0,0.0,0.011411348836384259,"{1: 25, 2: 62, 3: 163}","{2: 105, 1: 107, 0: 38}",{1: 250},{1: 250},{1: 250},{1: 250},0.010941271328061813,0.01305996283214128,0.018007718590476753,0.024518638906248377,0.05995226857802276,0.0321894031373091,0.07353635488415705,0.059113820287243296,,,,
1130,0,max_steps,1,0,0,31.237479147740792,2500,,,0.5682798447898704,0.1,0.13153676688671112,4.166627407073975,-13.169635772705078,359.0392150878906,0.0,36.237479147740764,940,-4.999999999999671,0.0,0.0,0.012494991659096316,"{5: 203, 4: 47}","{3: 8, 2: 55, 1: 179, 0: 8}",{1: 250},"{1: 249, 0: 1}",{1: 250},{1: 250},0.009092479438906849,0.01413640143663338,0.011388332911604827,0.01420689452311177,0.07497598988826491,0.033673116845478065,0.09675779330686263,0.06153860794150163,,,,
1140,0,max_steps,1,0,0,32.6172338971035,2500,,,0.5654448301974317,0.1,0.13066138327121735,4.131799221038818,-13.169635772705078,359.0392150878906,0.0,37.617233897103084,1417,-4.999999999999671,0.0,0.0,0.0130468935588414,"{0: 21, 1: 213, 2: 16}",{3: 250},{1: 250},"{1: 249, 2: 1}",{1: 250},{1: 250},0.00621890333154802,0.0133947750460152,0.009355792668444052,0.012390913036733113,0.041589343568803235,0.0421917763882855,0.041650283587882246,0.03171846556513172,,,,
1150,0,max_steps,1,0,0,13.158153786144185,2500,,,0.5626239588265294,0.1,0.13080637156963348,4.072295665740967,-13.169635772705078,335.679443359375,0.0,18.158153786144528,514,-4.999999999999671,0.0,0.0,0.005263261514457674,{1: 250},"{1: 18, 0: 232}",{1: 250},"{1: 249, 0: 1}",{1: 250},{1: 250},0.004870116610889612,0.012803013936818302,0.007679328705542599,0.010326087909185804,0.026604773615457895,0.021380914094726495,0.041086274252365225,0.04922498881789375,,,,
1160,0,max_steps,1,0,0,25.71038237677504,2500,,,0.5598171601199543,0.1,0.1306317150592804,4.063879013061523,-13.169635772705078,335.679443359375,0.0,30.710382376774525,1109,-4.999999999999671,0.0,0.0,0.010284152950710015,"{6: 163, 5: 87}","{2: 20, 3: 230}",{1: 250},{1: 250},{1: 250},{1: 250},0.01756942475580779,0.008979466658393845,0.030406045729967843,0.04387916054143748,0.05341669996792359,0.02921115568705403,0.07913421497445218,0.10771586972196641,,,,
1170,0,max_steps,1,0,0,48.90573470966316,2500,,,0.557024363872492,0.1,0.133029043674469,4.133841514587402,-13.169635772705078,348.9317626953125,0.0,53.90573470966287,1280,-4.999999999999671,0.0,0.0,0.019562293883865264,"{6: 226, 5: 24}","{3: 247, 2: 3}",{1: 250},{1: 250},{1: 250},{1: 250},0.030373432889594952,0.015640716033772904,0.048213599935950854,0.056202262633603,0.0888876925623669,0.03988778887292613,0.1219529606709093,0.111731859345793,,,,
1180,0,max_steps,1,0,0,43.46295367352193,2500,,,0.5542455002291646,0.1,0.13464310765266418,4.136051177978516,-13.169635772705078,340.86944580078125,0.0,48.46295367352191,1169,-4.999999999999671,0.0,0.0,0.017385181469408772,"{2: 31, 3: 51, 4: 168}","{3: 102, 4: 148}",{1: 250},{1: 250},{1: 250},{1: 250},0.024309023232926073,0.013642164710979558,0.028173028531800974,0.026142397071487588,0.06685049052163694,0.03742532384038051,0.07218812481956505,0.06966089104314602,0.08061328266850414,0.03810599940670282,0.05684801996368674,0.04031953924315993
1190,0,max_steps,1,0,0,44.748504649437436,2500,,,0.5514804996834843,0.1,0.13618890941143036,4.188117504119873,-13.169635772705078,346.2648620605469,0.0,49.748504649437294,1333,-4.999999999999671,0.0,0.0,0.017899401859774976,"{2: 89, 1: 153, 3: 8}","{4: 57, 3: 172, 2: 21}",{1: 250},{1: 250},{1: 250},{1: 250},0.015694864469366104,0.01315610271981886,0.022045353595321393,0.02992798588827246,0.057345519211123734,0.028822690705274077,0.07775354377778838,0.0814932842897603,,,,
1200,0,max_steps,1,0,0,57.383781373676506,2500,,,0.548729293075715,0.1,0.13670127093791962,4.1485748291015625,-13.169635772705078,338.1905822753906,0.0,62.3837813736776,1199,-4.999999999999671,0.0,0.0,0.022953512549470603,"{1: 100, 2: 88, 3: 58, 4: 4}","{3: 50, 2: 68, 1: 132}",{1: 250},"{1: 249, 0: 1}",{1: 250},"{1: 243, 2: 2, 0: 5}",0.03976566343522729,0.015747963582964424,0.06762366419795893,0.06759268314552776,0.08311794523279636,0.038224815212307243,0.1133381349470615,0.1345915906491655,,,,
1210,0,max_steps,1,0,0,41.60193285614413,2500,,,0.5459918115911422,0.1,0.13686244189739227,4.090670585632324,-13.169635772705078,343.88531494140625,0.0,46.60193285614358,1144,-4.999999999999671,0.0,0.0,0.01664077314245765,"{4: 183, 5: 67}","{3: 41, 2: 87, 1: 119, 0: 3}",{1: 250},{1: 250},{1: 250},{1: 250},0.021587276530366566,0.012779552160730364,0.02866860301620569,0.030536924572454473,0.06076868103425223,0.037357308202934876,0.07736302210055705,0.05747684460314719,,,,
1220,0,max_steps,1,0,0,54.292953391180355,2500,,,0.5432679867583519,0.1,0.13652995228767395,4.0688629150390625,-13.169635772705078,340.3728942871094,0.0,59.292953391180845,970,-4.999999999999671,0.0,0.0,0.021717181356472142,"{5: 70, 6: 180}","{2: 18, 1: 55, 0: 177}","{1: 249, 2: 1}",{1: 250},{1: 250},"{1: 248, 0: 2}",0.040580411083816645,0.017323933994757876,0.06181620954219235,0.06939065619211551,0.11236756446392063,0.03944561736796808,0.1433398070385062,0.12330583270013627,,,,
1230,0,max_steps,1,0,0,48.99576610884765,2500,,,0.5405577504475175,0.1,0.1373143047094345,4.110558986663818,-13.169635772705078,341.99951171875,0.0,53.99576610884854,1138,-4.999999999999671,0.0,0.0,0.01959830644353906,"{1: 22, 2: 21, 3: 54, 4: 153}","{1: 148, 0: 102}",{1: 250},"{1: 248, 0: 2}","{1: 244, 0: 6}","{1: 248, 2: 2}",0.02798267354585631,0.015461015203485282,0.04214741513490308,0.055312876851383905,0.09396297552446355,0.03950576142822161,0.12033054927458378,0.1084304634306232,,,,
1240,0,max_steps,1,0,0,66.6496768651603,2500,,,0.537861034868697,0.1,0.13806051015853882,4.146489143371582,-13.169635772705078,345.24951171875,0.0,71.6496768651597,1430,-4.999999999999671,0.0,0.0,0.026659870746064122,"{1: 147, 0: 19, 2: 84}","{4: 125, 5: 83, 3: 42}",{1: 250},{1: 250},{1: 250},{1: 250},0.019628388571485793,0.015911092096086373,0.025921841069992495,0.023627891043698043,0.045773472551769,0.04190296377490015,0.06114340267735295,0.06611964547022829,0.03930574974855835,0.036769258221495446,0.0487494160655306,0.015129085618122656
1250,0,max_steps,1,1,0,591.4430859190645,2500,2418.0,2418.0,0.5351777725701358,0.1,0.13915066421031952,4.1990509033203125,-13.169635772705078,348.5322570800781,500.0,96.44108591906574,1408,-4.997999999999672,0.0,0.0,0.23657723436762582,"{5: 58, 6: 72, 4: 117, 3: 3}","{4: 54, 3: 163, 2: 24, 1: 9}",{1: 250},"{1: 249, 2: 1}","{1: 246, 2: 4}","{1: 238, 0: 12}",0.029970544997119628,0.01855936275096546,0.046481425918068364,0.05299232317090058,0.11266206542682287,0.037872187504657644,0.1335877997219138,0.10747204775460523,0.12194836723540647,0.01882682770812754,0.1521781849286199,0.030644293319200266
1260,0,max_steps,1,0,0,-4.918908080078092,2500,,,0.5325078964365801,0.1,0.14291924238204956,4.245223522186279,-13.169635772705078,356.2232971191406,0.0,0.0810919199215887,28,-4.999999999999671,0.0,0.0,-0.0019675632320312365,{3: 250},"{2: 15, 1: 55, 0: 180}",{1: 250},{1: 250},{1: 250},{1: 250},0.004395577775012056,0.013092243962951033,0.00658878985787679,0.008783923174975339,0.01436780067529612,0.019877836745040185,0.02046326588104469,0.022194272579680045,,,,
1270,0,max_steps,1,0,0,35.26972689522768,2500,,,0.5298513396875991,0.1,0.14458175003528595,4.271478652954102,-13.169635772705078,358.65118408203125,0.0,40.26972689522862,1031,-4.999999999999671,0.0,0.0,0.01410789075809107,"{5: 65, 4: 35, 3: 2, 6: 148}","{5: 93, 6: 52, 4: 86, 3: 19}","{1: 240, 0: 10}","{1: 249, 2: 1}","{1: 229, 0: 21}","{1: 203, 0: 32, 2: 15}",0.04173831074739506,0.010119954283039332,0.045670814967264134,0.054316341266039445,0.1327197148802991,0.031528126670860884,0.17028425771271313,0.1845837012701258,,,,
1280,0,max_steps,1,0,0,41.01922046658574,2500,,,0.5272080358759129,0.1,0.14479652047157288,4.2756123542785645,-13.169635772705078,358.226806640625,0.0,46.019220466584905,1336,-4.999999999999671,0.0,0.0,0.0164076881866343,"{3: 174, 4: 76}","{1: 128, 0: 24, 2: 98}",{1: 250},{1: 250},{1: 250},"{1: 249, 0: 1}",0.019083530146203696,0.01682545034862172,0.027766450661485455,0.039837715081088396,0.05779142148739634,0.0407526974454638,0.0706762767337967,0.0786590276295586,,,,
1290,0,max_steps,1,0,0,22.694243238408415,2500,,,0.5245779188857322,0.1,0.14469070732593536,4.272947311401367,-13.169635772705078,358.226806640625,0.0,27.694243238408067,992,-4.999999999999671,0.0,0.0,0.009077697295363367,"{3: 167, 2: 83}","{2: 41, 1: 145, 0: 64}",{1: 250},{1: 250},{1: 250},"{1: 249, 0: 1}",0.027665001442392183,0.01623018479755272,0.030999805932293095,0.026707090624241793,0.062276080891665406,0.03730657836450417,0.08143187918544727,0.081565804944978,,,,
1300,0,max_steps,1,0,0,30.319759867775275,2500,,,0.5219609229311034,0.1,0.14543145895004272,4.288461208343506,-13.169635772705078,357.1847229003906,0.0,35.31975986777483,1548,-4.999999999999671,0.0,0.0,0.01212790394711011,"{3: 19, 2: 231}","{5: 100, 4: 129, 3: 21}",{1: 250},{1: 250},{1: 250},"{1: 249, 0: 1}",0.009267970107141442,0.013298686077174476,0.012534327949470148,0.01974680068629945,0.03329565512580796,0.031157624946751453,0.04466436118365056,0.05905466911533466,,,,
1310,0,max_steps,1,0,0,33.70596653905234,2500,,,0.5193569825542639,0.1,0.14481830596923828,4.271246433258057,-13.169635772705078,357.1847229003906,0.0,38.70596653905124,1392,-4.999999999999671,0.0,0.0,0.013482386615620937,"{2: 105, 3: 145}","{3: 91, 2: 97, 1: 62}",{1: 250},{1: 250},{1: 250},{1: 250},0.020426659361481664,0.01179927315630327,0.028617132190435456,0.030961478403655457,0.04849054478648498,0.03128065121875121,0.058037576296820166,0.05448980418589731,0.03265698627904204,0.036280650204778435,0.03887009726763191,0.04908500699979813
1320,0,max_steps,1,0,0,43.47866358211896,2500,,,0.5167660326240043,0.1,0.14673520624637604,4.2144880294799805,-13.169635772705078,351.88580322265625,0.0,48.47866358211891,1337,-4.999999999999671,0.0,0.0,0.017391465432847586,"{1: 224, 2: 14, 3: 12}","{3: 206, 2: 44}","{1: 246, 0: 4}",{1: 250},"{1: 244, 0: 6}",{1: 250},0.005430490207649042,0.010094866647399635,0.007998285468938375,0.01212098133414255,0.08563996420108977,0.01520590609857253,0.08058165496410881,0.07431958937448924,0.1325816797857182,0.010501881627492408,0.06664054574339916,0.12659434252764518
1330,0,max_steps,1,1,0,542.3022355605275,2500,1261.0,1261.0,0.5141880083340395,0.1,0.1475304812192917,4.214651107788086,-13.169635772705078,354.85968017578125,500.0,47.30023556049339,1430,-4.997999999999672,0.0,0.0,0.21692089422421099,"{2: 110, 3: 140}","{4: 58, 3: 68, 1: 48, 2: 76}",{1: 250},{1: 250},{1: 250},{1: 250},0.017132916741087276,0.018694249947524694,0.023335852703085976,0.03233524310898192,0.05342465862830312,0.04136378723980082,0.07395684284264448,0.08780623636882488,0.04001603493041713,0.034601867650222266,0.06844526525315006,0.1057995983570286
1340,0,max_steps,1,0,0,24.795006601087678,2500,,,0.511622845201388,0.1,0.1486533284187317,4.285909652709961,-13.169635772705078,361.0776672363281,0.0,29.795006601087003,833,-4.999999999999671,0.0,0.0,0.009918002640435072,"{2: 161, 1: 27, 3: 62}","{3: 70, 2: 119, 1: 54, 0: 7}",{1: 250},{1: 250},{1: 250},{1: 250},0.02098549724064012,0.013024123279773451,0.02828902884054607,0.033869868305094655,0.0573202861789867,0.02497445151539826,0.0722230848376814,0.07672820622422777,,,,
1350,0,max_steps,1,0,0,-4.993144020205188,2500,,,0.5090704790647583,0.1,0.15020212531089783,4.1145853996276855,-13.169635772705078,335.4776611328125,0.0,0.00685597979448449,7,-4.999999999999671,0.0,0.0,-0.0019972576080820753,{3: 250},"{1: 1, 0: 249}",{1: 250},{1: 250},{1: 250},{1: 250},0.0017481946999553357,0.012733203819542656,0.002175525664158626,0.0050364882932437925,0.004376412633900512,0.01721023988403805,0.007311220050727316,0.014940872922444426,,,,
1360,0,max_steps,1,0,0,76.61789472885049,2500,,,0.5065308460829445,0.1,0.1509035974740982,4.122519493103027,-13.169635772705078,342.3550109863281,0.0,81.61789472885326,1274,-4.999999999999671,0.0,0.0,0.030647157891540194,"{6: 82, 5: 72, 4: 96}","{4: 32, 3: 68, 2: 150}",{1: 250},"{1: 249, 0: 1}",{1: 250},{1: 250},0.036003845003760825,0.02362130097833838,0.04525931889382949,0.04635392725500612,0.09047129462341402,0.0454254606366944,0.11935511683456672,0.09575359623389294,,,,
1370,0,max_steps,1,0,0,-54.9284418171795,2500,,,0.50400388273323,0.1,0.1493283063173294,3.9916446208953857,-13.169635772705078,318.3509521484375,0.0,45.735172008857866,615,-4.999999999999671,-95.66361382603517,0.0,-0.0219713767268718,"{1: 64, 0: 15, 2: 14, 3: 65, 4: 41, 5: 51}","{2: 48, 1: 116, 0: 86}",{1: 250},"{1: 249, 0: 1}","{1: 246, 0: 4}","{1: 249, 0: 1}",0.01721985614854951,0.013014255073452845,0.02724344478227624,0.02949994562444893,0.11042312805162587,0.03677505355382689,0.11700347126447433,0.09990302136085054,,,,
1380,0,max_steps,1,0,0,103.91209018776163,2500,,,0.5014895258097978,0.1,0.1496240645647049,3.9235799312591553,-13.169635772705078,313.03070068359375,0.0,108.91209018775903,1181,-4.999999999999671,0.0,0.0,0.04156483607510465,"{5: 41, 6: 103, 4: 106}","{4: 73, 3: 177}",{1: 250},{1: 250},{1: 250},"{1: 244, 2: 1, 0: 5}",0.04565371765933721,0.01146455537637662,0.06200591726547783,0.07158854127875733,0.10949285828658686,0.030704802616684214,0.137635695240802,0.13271988680959446,,,,
1390,0,max_steps,1,0,0,-4.920987362485552,2500,,,0.49898771242214973,0.1,0.15028539299964905,3.8695669174194336,-13.169635772705078,314.8230285644531,0.0,0.07901263751412813,36,-4.999999999999671,0.0,0.0,-0.001968394944994221,{5: 250},"{1: 36, 0: 214}",{1: 250},{1: 250},{1: 250},{1: 250},0.0033029132279566,0.01313969625749996,0.005163108307626972,0.0065378858266961,0.02175502028175217,0.017228734385383294,0.025745992758749184,0.02104022870375836,,,,
1400,0,max_steps,1,0,0,34.656258525527,2500,,,0.49649837999353363,0.1,0.15123982727527618,3.728740692138672,-13.169635772705078,304.2641296386719,0.0,39.656258525528905,792,-4.999999999999671,0.0,0.0,0.013862503410210801,"{2: 85, 1: 93, 3: 72}","{2: 28, 1: 93, 0: 129}",{1: 250},{1: 250},{1: 250},{1: 250},0.0296581794021016,0.01543562075859031,0.03942934972122711,0.05117673052017945,0.07312906782736416,0.04779763422499352,0.10092364950991135,0.11248121833462953,,,,
1410,0,max_steps,1,0,0,33.41097695429635,2500,,,0.49402146625937815,0.1,0.1512187272310257,3.7107269763946533,-13.169635772705078,304.2641296386719,0.0,38.41097695429666,1365,-4.999999999999671,0.0,0.0,0.013364390781718541,"{2: 59, 3: 111, 4: 46, 5: 34}","{5: 133, 4: 46, 6: 4, 3: 67}",{1: 250},{1: 250},{1: 250},{1: 250},0.03554830201484142,0.017402116061514886,0.04753367256334072,0.03987908265407744,0.07631924595652052,0.039447329387191914,0.10359931545068547,0.11881263773684166,,,,
1420,0,max_steps,1,0,0,26.865331803559833,2500,,,0.49155690926573503,0.1,0.15210643410682678,3.6548264026641846,-13.169635772705078,289.6030578613281,0.0,31.86533180355832,711,-4.999999999999671,0.0,0.0,0.010746132721423933,"{5: 60, 6: 19, 4: 163, 3: 8}","{1: 13, 0: 237}",{1: 250},{1: 250},"{1: 248, 2: 2}","{1: 244, 0: 6}",0.012180357218265712,0.01446090658168364,0.017674270446356465,0.025380092146551937,0.06686490847415583,0.033411078829943,0.10318819409460775,0.11080333460171189,,,,
1430,0,max_steps,1,1,0,509.36149218308526,2500,547.0,547.0,0.48910464736773,0.1,0.15312346816062927,3.679793357849121,-13.169635772705078,294.6428527832031,500.0,14.359492183076776,641,-4.997999999999672,0.0,0.0,0.2037445968732341,"{3: 239, 2: 11}","{4: 32, 3: 22, 1: 38, 0: 158}",{1: 250},{1: 250},{1: 250},{1: 250},0.004123121962254386,0.014367021598537352,0.0037104037432044755,0.007397076183958962,0.027961981624717143,0.026527937285378427,0.030074551493997938,0.03936157183769596,0.011950976773640232,0.024454707050577403,0.019735499144033514,0.0445567441573032
1440,0,success,1,2,0,1075.7615092952674,2236,1118.0,1118.0,0.4866646192280205,0.1,0.1597636193037033,3.849097728729248,-13.169635772705078,308.73095703125,1000.0,80.22950929523746,1587,-4.46799999999973,0.0,0.0,0.4811097984325883,"{2: 36, 3: 78, 1: 109}","{3: 112, 4: 18, 2: 93}",{1: 223},"{1: 222, 0: 1}","{1: 220, 0: 3}",{1: 223},0.033572066416722085,0.019167632646212775,0.04816485178415013,0.057617408910428394,0.0860482836148435,0.04088960845690431,0.09011848407769478,0.10881820469773187,0.060565812823416165,0.044457351763329385,0.07927642950152983,0.06572042689280959
1450,0,max_steps,1,1,0,534.6327946439366,2500,571.0,571.0,0.4842367638152614,0.1,0.1620006114244461,3.8328988552093506,-13.169635772705078,305.23919677734375,500.0,39.63079464392597,1431,-4.997999999999672,0.0,0.0,0.21385311785757463,"{4: 20, 3: 37, 1: 30, 0: 163}","{4: 43, 3: 207}",{1: 250},{1: 250},{1: 250},{1: 250},0.015182545828046023,0.019562063684968635,0.01830456135982042,0.026938792539163408,0.04008198620265226,0.039821873553193506,0.05903825062109658,0.0756604901996176,0.017323743766368884,0.025984562337548336,0.026305859325396107,0.035214914960668656
1460,0,max_steps,1,0,0,64.56580719797958,2500,,,0.48182102040257857,0.1,0.16352882981300354,3.8717734813690186,-13.169635772705078,309.32867431640625,0.0,69.56580719798316,1039,-4.999999999999671,0.0,0.0,0.025826322879191833,"{6: 8, 5: 21, 4: 178, 3: 43}","{3: 50, 2: 163, 1: 37}","{1: 247, 2: 3}","{1: 242, 2: 8}","{1: 248, 2: 2}","{1: 245, 0: 5}",0.024603613359441764,0.013603178742251663,0.028646082002762193,0.03311355923102329,0.08276673205893213,0.03974708346192862,0.10538495183009475,0.09460763684860986,0.12449030251609809,0.09296183398253527,0.10302487005582858,0.14913631980875303
1470,0,max_steps,1,0,0,17.51251658523141,2500,,,0.4794173285660503,0.1,0.1650659143924713,3.8629748821258545,-13.169635772705078,308.22271728515625,0.0,22.512516585231147,957,-4.999999999999671,0.0,0.0,0.007005006634092564,"{1: 234, 2: 16}","{3: 42, 2: 22, 1: 148, 0: 38}",{1: 250},{1: 250},{1: 250},{1: 250},0.017518545160209363,0.018136312915874246,0.027725340500496694,0.038897951720801675,0.04213660557447731,0.043112063935676036,0.06496619425145893,0.09373677975829742,,,,
1480,0,max_steps,1,0,0,33.372587813851595,2500,,,0.4770256281831953,0.1,0.16359342634677887,3.6822659969329834,-13.169635772705078,275.8678283691406,0.0,38.37258781385165,1239,-4.999999999999671,0.0,0.0,0.013349035125540637,"{3: 143, 4: 55, 5: 52}","{4: 176, 3: 48, 5: 26}",{1: 250},{1: 250},{1: 250},{1: 250},0.011934950692014373,0.012813907830999002,0.016994841668877374,0.02142602356264115,0.0690707676412228,0.03668791802672252,0.10078291991123603,0.0770699489857815,0.007780059912128908,0.01605536041661868,0.01733864731897395,0.024485527564025472
1490,0,max_steps,1,1,0,526.184931836436,2500,1163.0,1163.0,0.47464585943146953,0.1,0.1670822948217392,3.807870626449585,-13.169635772705078,304.8438415527344,500.0,31.182931836391155,1250,-4.997999999999672,0.0,0.0,0.2104739727345744,"{3: 85, 4: 31, 5: 21, 6: 113}","{4: 68, 3: 48, 1: 5, 0: 129}",{1: 250},{1: 250},{1: 250},"{1: 249, 2: 1}",0.017568181044294563,0.017375877078528654,0.0283168712829992,0.03611143964978093,0.05536199303745138,0.038705412914341826,0.07490007308707658,0.11069854863781463,0.05648234139118117,0.0332052386523502,0.07423421013121896,0.13886161663918142
1500,0,max_steps,1,1,0,546.4423302989691,2500,1731.0,1731.0,0.4722779627867691,0.1,0.16972848773002625,3.8451757431030273,-13.169635772705078,304.10125732421875,500.0,51.440330298951146,1025,-4.997999999999672,0.0,0.0,0.21857693211958762,"{4: 129, 3: 44, 0: 77}","{3: 71, 2: 121, 1: 58}",{1: 250},"{1: 249, 0: 1}",{1: 250},{1: 250},0.014805039781952613,0.0253763436505934,0.02553351677822463,0.022360211732323408,0.06822755001148421,0.049067129862061395,0.08338636830414381,0.08354092448595624,0.022695547181526908,0.05511863979746814,0.04029902910744014,0.06387627732776469
1510,0,max_steps,1,0,0,31.428564125228984,2500,,,0.4699218790219424,0.1,0.17035223543643951,3.793308973312378,-13.169635772705078,282.6014099121094,0.0,36.4285641252284,616,-4.999999999999671,0.0,0.0,0.012571425650091594,"{4: 98, 5: 124, 6: 28}","{4: 55, 3: 176, 2: 19}",{1: 250},{1: 250},{1: 250},"{1: 247, 0: 3}",0.021224961481511106,0.01272467303873523,0.02816954501320927,0.024915885250444015,0.07122521556397257,0.02556760588208145,0.09207231282904585,0.1117408550334506,,,,
1520,0,max_steps,1,0,0,27.801232203778838,2500,,,0.4675775492053078,0.1,0.17167578637599945,3.85819149017334,-14.579346656799316,314.4493713378906,0.0,32.80123220377799,943,-4.999999999999671,0.0,0.0,0.011120492881511535,"{4: 147, 5: 80, 6: 23}","{2: 156, 1: 94}",{1: 250},{1: 250},{1: 250},{1: 250},0.01841742132637106,0.014870624408489007,0.031136740941699523,0.044188064172196936,0.06736071224150658,0.028535544886492934,0.08890250803793583,0.09647505788484512,,,,
1530,0,max_steps,1,0,0,26.802232181019818,2500,,,0.46524491469918006,0.1,0.17211952805519104,3.83420467376709,-13.169635772705078,300.8134765625,0.0,31.802232181019196,1388,-4.999999999999671,0.0,0.0,0.010720892872407926,"{5: 173, 6: 22, 4: 55}","{1: 170, 0: 80}",{1: 250},{1: 250},{1: 250},"{1: 248, 0: 2}",0.016605179827826354,0.012322975749822485,0.020760557104342457,0.02448812922678733,0.06286008128865951,0.035036983852506656,0.09081518099000778,0.11266155961385088,,,,
1540,0,max_steps,1,0,0,65.22804358316847,2500,,,0.4629239171584037,0.1,0.17329560220241547,3.804945468902588,-13.169635772705078,277.61492919921875,0.0,70.22804358316807,1350,-4.999999999999671,0.0,0.0,0.026091217433267387,"{1: 47, 0: 111, 2: 92}","{3: 202, 2: 48}",{1: 250},{1: 250},{1: 250},{1: 250},0.022433914349333478,0.016384209153934376,0.03289501776993905,0.04019388761605838,0.07475899580537274,0.03787287989007127,0.09340019821592747,0.10585670092887166,,,,
1550,0,max_steps,1,0,0,45.550750036354344,2500,,,0.46061449852889347,0.1,0.17482055723667145,3.826305627822876,-13.169635772705078,296.81158447265625,0.0,50.55075003635527,1648,-4.999999999999671,0.0,0.0,0.018220300014541738,"{1: 187, 2: 63}","{4: 153, 3: 97}",{1: 250},{1: 250},{1: 250},{1: 250},0.01724928394505771,0.011943907050623887,0.023833537164519015,0.02691275764795111,0.03922157867543902,0.033572388649703695,0.05642544397809109,0.06780526364383693,,,,
1560,0,max_steps,1,0,0,49.85552343485849,2500,,,0.4583166010461821,0.1,0.17479372024536133,3.812845230102539,-13.169635772705078,295.548095703125,0.0,54.85552343485882,1372,-4.999999999999671,0.0,0.0,0.019942209373943396,"{0: 31, 1: 179, 2: 40}","{2: 118, 3: 132}",{1: 250},"{1: 247, 0: 3}",{1: 250},{1: 250},0.017026933196818007,0.016628670346076086,0.023588759114135202,0.021957819189164604,0.07019875873049179,0.045665540322913666,0.10059596432898954,0.09815792101487446,,,,
1570,0,max_steps,1,0,0,22.63001345205139,2500,,,0.45603016723397605,0.1,0.1752733737230301,3.850112199783325,-13.169635772705078,300.8728942871094,0.0,27.630013452051074,1060,-4.999999999999671,0.0,0.0,0.009052005380820556,"{6: 226, 5: 24}","{4: 156, 3: 94}",{1: 250},{1: 250},{1: 250},"{1: 249, 0: 1}",0.014787858876604065,0.011476759821995641,0.025714327495728294,0.03872427253536599,0.052480741734147976,0.02852644197206579,0.08151069131716049,0.09487547227616895,,,,
1580,0,success,1,2,0,1052.0308268763679,1895,947.5,947.5,0.4537551399027171,0.1,0.1770264357328415,3.8269340991973877,-13.169635772705078,309.7854309082031,1000.0,55.816826876361155,1596,-3.7859999999998046,0.0,0.0,0.5551613862144421,"{2: 53, 3: 31, 5: 32, 4: 73}",{3: 189},{1: 189},"{1: 188, 0: 1}",{1: 189},{1: 189},0.019656333288206887,0.012894391833572537,0.023289788051373977,0.02088017822133012,0.04186246379463747,0.03207372364023732,0.06647364614558511,0.08288469449999052,0.0613797031170615,0.03384819099881964,0.09388708236663666,0.056823192956972024
1590,0,max_steps,1,0,0,26.887652356673044,2500,,,0.45149146214815256,0.1,0.17854157090187073,3.866190195083618,-13.169635772705078,296.74798583984375,0.0,31.887652356673385,879,-4.999999999999671,0.0,0.0,0.010755060942669217,"{3: 139, 4: 111}","{1: 116, 2: 111, 0: 23}",{1: 250},"{1: 249, 0: 1}",{1: 250},{1: 250},0.0132705714991669,0.014677526349924863,0.01745260056960537,0.01993785625112336,0.03904711363124949,0.0428062798253975,0.04950290984144613,0.05548883196626063,0.019203770561802974,0.029204852115010456,0.020513033871465094,0.028833105932614095
1600,0,max_steps,1,0,0,67.44568726805205,2500,,,0.44923907734991153,0.1,0.1789475977420807,3.8149068355560303,-13.169635772705078,296.5763854980469,0.0,72.44568726805309,1538,-4.999999999999671,0.0,0.0,0.026978274907220823,"{0: 86, 1: 141, 2: 23}","{4: 30, 3: 220}",{1: 250},"{1: 249, 2: 1}",{1: 250},{1: 250},0.028528736060612035,0.01156675221183489,0.039264029243954106,0.052340776030022976,0.06801450940307532,0.032676985422495836,0.09481321320477615,0.10566671403147987,,,,
1610,0,max_steps,1,0,0,39.915812599092504,2500,,,0.4469979291700889,0.1,0.18206723034381866,3.8844454288482666,-13.169635772705078,312.960205078125,0.0,44.91581259909376,1330,-4.999999999999671,0.0,0.0,0.015966325039637002,"{6: 56, 5: 194}","{4: 131, 3: 86, 2: 33}",{1: 250},"{1: 249, 0: 1}",{1: 250},{1: 250},0.018621671771828417,0.012077925712931398,0.030097739776216607,0.03939551252549935,0.04739500309515732,0.04652269778846287,0.07967641007831944,0.08816288115046335,,,,
1620,0,max_steps,1,0,0,-0.031283672865331125,2500,,,0.44476796155183623,0.1,0.18249276280403137,3.816250801086426,-13.169635772705078,286.5416259765625,0.0,4.968716327134576,645,-4.999999999999671,0.0,0.0,-1.251346914613245e-05,"{5: 30, 6: 220}","{3: 131, 4: 18, 2: 38, 1: 41, 0: 22}",{1: 250},{1: 250},{1: 250},{1: 250},0.006948134130933039,0.01714328280770092,0.010067064462962351,0.01339079021221696,0.03724796940272716,0.03605794013761825,0.04570421191237541,0.046003406539120585,,,,
1630,0,max_steps,1,1,0,589.6285206913157,2500,1886.0,1886.0,0.4425491187179594,0.1,0.18376131355762482,3.7994163036346436,-13.169635772705078,292.9649658203125,500.0,94.62652069131028,1620,-4.997999999999672,0.0,0.0,0.23585140827652626,"{2: 184, 3: 4, 6: 35, 5: 9, 4: 18}","{2: 32, 3: 166, 1: 52}","{1: 242, 2: 8}",{1: 250},"{1: 241, 2: 9}","{1: 239, 0: 11}",0.020717077860920877,0.014510182725474323,0.03511888355471885,0.034123044285161705,0.0951442995025889,0.02862261590360724,0.1483671269699798,0.10855419020169714,0.08848140546179907,0.02616941719720604,0.04478589597693326,0.11455336473303004
1640,0,max_steps,1,1,0,586.6330263490063,2500,258.0,258.0,0.4403413451695236,0.1,0.18699993193149567,3.9124374389648438,-13.169635772705078,308.82159423828125,500.0,91.63102634894543,1109,-4.997999999999672,0.0,0.0,0.2346532105396025,"{2: 23, 3: 2, 6: 56, 5: 37, 4: 132}","{3: 198, 2: 52}",{1: 250},{1: 250},"{1: 249, 2: 1}","{1: 249, 0: 1}",0.018985594814814495,0.013053760225335796,0.02910959203248898,0.03424428984283606,0.11209334004519246,0.0231096730848713,0.13428811990888276,0.10417734029216064,0.11175191293391623,0.015287879411113358,0.14890657289267678,0.07088883170123314
1650,0,max_steps,1,0,0,25.84381558683981,2500,,,0.4381445856844652,0.1,0.18882882595062256,3.81170392036438,-13.169635772705078,295.41998291015625,0.0,30.843815586838573,701,-4.999999999999671,0.0,0.0,0.010337526234735925,"{3: 67, 4: 135, 5: 48}","{1: 67, 0: 183}",{1: 250},{1: 250},"{1: 246, 2: 4}","{1: 242, 0: 8}",0.039368740214071524,0.01779069670323622,0.05112532890767797,0.0674828537125363,0.08813333467762889,0.04226940665634922,0.11527479390691672,0.1172127518626771,,,,
1660,0,max_steps,1,0,0,42.308256987933426,2500,,,0.43595878531621046,0.1,0.19284938275814056,3.894041061401367,-13.169635772705078,292.1871643066406,0.0,47.30825698793606,1314,-4.999999999999671,0.0,0.0,0.01692330279517337,"{5: 45, 4: 14, 3: 48, 2: 143}","{1: 233, 2: 17}",{1: 250},"{1: 249, 0: 1}","{1: 245, 2: 5}",{1: 250},0.025431908819302122,0.009015697791188933,0.034110137871639426,0.03828201394506023,0.06910214583600537,0.03185110305212296,0.08435787512944545,0.10576144684954715,,,,
1670,0,max_steps,1,0,0,32.87654829113649,2500,,,0.4337838893923013,0.1,0.1927594244480133,3.8605809211730957,-13.169635772705078,296.7126159667969,0.0,37.87654829113715,1183,-4.999999999999671,0.0,0.0,0.013150619316454594,"{1: 59, 2: 138, 3: 53}","{3: 94, 2: 103, 1: 34, 0: 19}",{1: 250},{1: 250},{1: 250},{1: 250},0.021385671882115993,0.021626339654938275,0.028957254447661847,0.029364896158398147,0.05512880453477149,0.038936225183924214,0.07413041687641958,0.08236875890179288,,,,
1680,0,max_steps,1,0,0,26.954313648876877,2500,,,0.43161984351302723,0.1,0.19375202059745789,3.8704845905303955,-13.169635772705078,295.20538330078125,0.0,31.95431364887586,1291,-4.999999999999671,0.0,0.0,0.01078172545955075,"{2: 218, 1: 12, 0: 20}","{5: 14, 4: 29, 3: 164, 2: 43}",{1: 250},{1: 250},"{1: 248, 2: 2}","{1: 249, 0: 1}",0.015538140872480434,0.013986716407910067,0.02449710964084773,0.03079703305257859,0.05387085607341281,0.03689053773747599,0.0959297527022504,0.11281148552034342,,,,
1690,0,max_steps,1,0,0,13.935692739413234,2500,,,0.4294665935500658,0.1,0.19453179836273193,3.8756821155548096,-13.169635772705078,296.8683776855469,0.0,18.935692739413447,997,-4.999999999999671,0.0,0.0,0.005574277095765294,"{5: 180, 6: 70}","{2: 80, 3: 170}",{1: 250},{1: 250},{1: 250},{1: 250},0.017334897524561077,0.01040488229605251,0.027996009940888154,0.031052989069396048,0.03804092510004629,0.03906278507346669,0.0662973497015265,0.10164652847213113,,,,
1700,0,max_steps,1,0,0,21.05288569271497,2500,,,0.4273240856451275,0.1,0.19636589288711548,3.8747947216033936,-13.169635772705078,280.5744323730469,0.0,26.052885692714614,787,-4.999999999999671,0.0,0.0,0.008421154277085988,"{5: 96, 6: 154}","{3: 6, 2: 126, 1: 58, 0: 60}",{1: 250},"{1: 249, 2: 1}",{1: 250},{1: 250},0.02108242084097893,0.019935130718987108,0.03621079664328651,0.05612874357290096,0.06190887564871104,0.045337648490674114,0.10060619204655724,0.12677551336916745,,,,
1710,0,max_steps,1,0,0,12.555800915298162,2500,,,0.42519226620860967,0.1,0.1967017650604248,3.8978779315948486,-13.169635772705078,302.61492919921875,0.0,17.555800915298857,1297,-4.999999999999671,0.0,0.0,0.0050223203661192645,{2: 250},"{5: 13, 4: 22, 3: 208, 2: 7}",{1: 250},"{1: 248, 2: 2}",{1: 250},{1: 250},0.0023556774785419843,0.013273220280765264,0.0033759043472957563,0.00591334851730241,0.007321548374677446,0.036443914301176265,0.012769214003507116,0.01753294131043459,,,,
1720,0,max_steps,1,0,0,-4.918731080735534,2500,,,0.423071081918255,0.1,0.19774653017520905,3.9468815326690674,-15.874120712280273,306.8199768066406,0.0,0.08126891926414637,29,-4.999999999999671,0.0,0.0,-0.0019674924322942134,"{3: 30, 4: 220}","{1: 59, 0: 191}",{1: 250},{1: 250},{1: 250},{1: 250},0.005536795029274847,0.013462371522727785,0.007896968995758922,0.012789012795583088,0.03246096894039634,0.02468859473210797,0.04253715922944878,0.04619971668194318,,,,
1730,0,max_steps,1,0,0,29.655500284799707,2500,,,0.4209604797178188,0.1,0.20113281905651093,3.9517321586608887,-15.874120712280273,289.5608825683594,0.0,34.655500284798414,1322,-4.999999999999671,0.0,0.0,0.011862200113919884,"{1: 11, 2: 239}","{3: 177, 2: 73}",{1: 250},{1: 250},{1: 250},{1: 250},0.004875775100043559,0.012045934619500868,0.006042720850569147,0.008227744740195102,0.03091985052431955,0.019544770452706976,0.03800791491813661,0.04337205270869356,0.005056481580335378,0.01725383306539201,0.00646512618744297,0.009814297875644288
1740,0,max_steps,1,0,0,16.0984883944525,2500,,,0.4188604068157413,0.1,0.20373786985874176,4.025182723999023,-15.874120712280273,309.905029296875,0.0,21.098488394451284,581,-4.999999999999671,0.0,0.0,0.006439395357781,"{2: 74, 3: 37, 4: 139}","{1: 29, 0: 221}",{1: 250},"{1: 248, 2: 2}",{1: 250},{1: 250},0.022010464253933607,0.014387268106181902,0.028299691708491996,0.02095707897626562,0.07866843484524383,0.043270978997087345,0.09358057311261582,0.09181098142520812,,,,
1750,0,max_steps,1,0,0,-4.143834655903802,2500,,,0.41677081068382765,0.1,0.20417633652687073,4.04719352722168,-15.874120712280273,309.05511474609375,0.0,0.8561653440958938,242,-4.999999999999671,0.0,0.0,-0.001657533862361521,"{4: 31, 5: 39, 6: 180}","{3: 192, 2: 58}",{1: 250},{1: 250},{1: 250},{1: 250},0.02441590998806835,0.011448649614014414,0.023538358019490425,0.016248952692039947,0.04703089263500377,0.020154099807320948,0.05118073908179455,0.04166293567638479,,,,
1760,0,max_steps,1,1,0,565.9410187059848,2500,288.0,288.0,0.4146916390559336,0.1,0.20646432042121887,4.155920505523682,-15.874120712280273,336.95294189453125,500.0,70.9390187059286,1307,-4.997999999999672,0.0,0.0,0.2263764074823939,"{2: 27, 3: 1, 6: 196, 5: 26}","{3: 98, 2: 152}",{1: 250},"{1: 249, 0: 1}","{1: 246, 0: 4}",{1: 250},0.029101973008871213,0.010326535476675901,0.045116922152635644,0.052021739414237114,0.07178647313270815,0.04182079413396461,0.09439931436489143,0.09876558400157895,0.14091150569920996,0.02337336071085441,0.15269190647506772,0.12324935501259762
1770,0,max_steps,1,0,0,75.94912789621256,2500,,,0.41262283992665844,0.1,0.20523937046527863,4.044551849365234,-13.207235336303711,302.8352355957031,0.0,80.9491278962134,1624,-4.999999999999671,0.0,0.0,0.030379651158485024,"{0: 40, 1: 52, 2: 119, 3: 39}","{2: 179, 3: 71}",{1: 250},"{1: 249, 0: 1}",{1: 250},"{1: 247, 2: 2, 0: 1}",0.025873399378082144,0.012755186891903178,0.0398821226010078,0.038447746872422625,0.06583020989543892,0.03154089578308341,0.09123019261116039,0.11431373756441232,,,,
1780,0,max_steps,1,0,0,76.61623126983025,2500,,,0.4105643615500444,0.1,0.207306906580925,4.080857276916504,-13.207235336303711,318.48944091796875,0.0,81.61623126983193,1238,-4.999999999999671,0.0,0.0,0.0306464925079321,"{1: 44, 0: 89, 2: 117}","{3: 13, 2: 100, 1: 118, 0: 19}","{1: 237, 0: 13}","{1: 249, 2: 1}","{1: 238, 0: 12}","{1: 240, 2: 10}",0.03239650335554366,0.012529546505974341,0.0514963733631303,0.05460399478933896,0.09659480023284052,0.037351310920514656,0.12938150545014626,0.11554320679744712,,,,
1790,0,max_steps,1,0,0,42.17178993512869,2500,,,0.4085161524382818,0.1,0.20884579420089722,4.069034576416016,-13.207235336303711,312.70025634765625,0.0,47.17178993513249,910,-4.999999999999671,0.0,0.0,0.016868715974051478,"{5: 85, 4: 47, 6: 118}",{3: 250},{1: 250},{1: 250},"{1: 247, 2: 3}","{1: 240, 0: 10}",0.02637136074240877,0.011539959005471832,0.0294153077445991,0.046712956722882726,0.08380735981891682,0.02758285594745605,0.11562388109470764,0.1243620758376172,0.054442564092016865,0.04643275239985224,0.1266519297883213,0.1299913938873108
1800,0,max_steps,1,0,0,26.009363810694225,2500,,,0.406478161360422,0.1,0.21173694729804993,4.100017547607422,-13.207235336303711,330.900634765625,0.0,31.00936381069378,1314,-4.999999999999671,0.0,0.0,0.01040374552427769,"{2: 199, 3: 29, 4: 22}","{3: 65, 2: 26, 1: 136, 0: 23}",{1: 250},{1: 250},{1: 250},{1: 250},0.01379852302848949,0.016373496349842857,0.017473751846204616,0.02414381872563351,0.054444807978775295,0.04085078660980164,0.07201809288466925,0.06983110332728874,,,,
1810,0,max_steps,1,0,0,6.5901364331516845,2500,,,0.40445033734109476,0.1,0.21510213613510132,4.149504661560059,-13.207235336303711,318.5681457519531,0.0,12.795887733513169,328,-4.999999999999671,-1.2057513003609148,0.0,0.002636054573260674,{6: 250},"{1: 45, 0: 205}",{1: 250},{1: 250},{1: 250},{1: 250},0.007035422357836058,0.014166097121305156,0.01287379562050826,0.016381170887530237,0.05626569678046461,0.04121621631070088,0.07974323376813085,0.08014332679280982,,,,
1820,0,max_steps,1,0,0,10.890792155935813,2500,,,0.4024326296592347,0.1,0.21655333042144775,4.148573875427246,-13.207235336303711,317.77716064453125,0.0,15.890792155935898,483,-4.999999999999671,0.0,0.0,0.004356316862374325,"{3: 63, 2: 30, 1: 60, 0: 97}","{2: 99, 1: 129, 0: 22}",{1: 250},"{1: 247, 2: 1, 0: 2}",{1: 250},"{1: 249, 0: 1}",0.03184590167531576,0.01624768201967792,0.03668456867038607,0.028628969943188906,0.0811678304559296,0.04237769641767924,0.10167511699398023,0.10929173337768076,,,,
1830,0,max_steps,1,0,0,75.90270711672493,2500,,,0.4004249878468118,0.1,0.21700285375118256,4.1107635498046875,-13.207235336303711,296.7269287109375,0.0,80.90270711672392,1295,-4.999999999999671,0.0,0.0,0.03036108284668997,"{5: 129, 6: 86, 4: 35}","{4: 35, 3: 173, 2: 42}",{1: 250},"{1: 249, 0: 1}","{1: 246, 2: 4}","{1: 235, 0: 15}",0.03294746045288034,0.01399632428417726,0.03989273680196144,0.0283878666151775,0.10340642789398456,0.037615006363678254,0.11710328813583687,0.1381858283639295,,,,
1840,0,max_steps,1,0,0,47.60000598523709,2500,,,0.39842736168756887,0.1,0.21688838303089142,4.10400915145874,-13.169635772705078,296.7269287109375,0.0,52.60000598523782,1339,-4.999999999999671,0.0,0.0,0.019040002394094837,"{1: 125, 2: 64, 3: 49, 4: 12}","{2: 93, 1: 157}",{1: 250},{1: 250},{1: 250},"{1: 249, 2: 1}",0.021857683801408005,0.01710663291527449,0.030779249022664348,0.0387731512832635,0.0781491152944666,0.040887094738825965,0.09663415379972852,0.12290660574411937,,,,
1850,0,max_steps,1,0,0,25.638713037501795,2500,,,0.396439701215766,0.1,0.21975813806056976,4.183175086975098,-13.169635772705078,325.0748291015625,0.0,30.63871303750099,805,-4.999999999999671,0.0,0.0,0.010255485215000719,"{2: 8, 1: 93, 0: 149}","{5: 116, 4: 128, 6: 6}",{1: 250},"{1: 249, 2: 1}",{1: 250},{1: 250},0.029958231571355336,0.013854836848864484,0.03855622591530361,0.04238874334467476,0.05795874898682941,0.04108623107774162,0.08716605016788026,0.10654822044468572,,,,
1860,0,max_steps,1,0,0,60.689300497526325,2500,,,0.3944619567149307,0.1,0.22070766985416412,4.141923427581787,-13.169635772705078,295.45562744140625,0.0,65.68930049752703,1554,-4.999999999999671,0.0,0.0,0.02427572019901053,"{1: 74, 2: 176}","{3: 200, 4: 50}",{1: 250},{1: 250},{1: 250},{1: 250},0.02335422557313078,0.01107181731139397,0.027449837499184577,0.03681004081149649,0.05643496174504128,0.03792067907395753,0.08141072102530107,0.0908099649487159,,,,
1870,0,max_steps,1,0,0,68.7199384614068,2500,,,0.3924940787166141,0.1,0.22100797295570374,4.10050630569458,-13.169635772705078,290.53546142578125,0.0,73.71993846140343,1257,-4.999999999999671,0.0,0.0,0.02748797538456272,"{5: 147, 4: 96, 6: 7}","{5: 33, 4: 162, 3: 55}",{1: 250},{1: 250},"{1: 245, 2: 2, 0: 3}","{1: 235, 2: 1, 0: 14}",0.039376023553248554,0.015163132409012164,0.04912812214574453,0.06199349480819476,0.10124232593257916,0.033705587996858355,0.13664862939505548,0.1307817922936815,,,,
1880,0,max_steps,1,0,0,31.784862183628118,2500,,,0.39053601799915405,0.1,0.22195082902908325,4.054908752441406,-13.169635772705078,283.05712890625,0.0,36.78486218362719,1291,-4.999999999999671,0.0,0.0,0.012713944873451247,"{3: 216, 4: 34}","{5: 190, 4: 60}",{1: 250},{1: 250},{1: 250},{1: 250},0.007160049821354382,0.014498452183468201,0.01135068065841034,0.01626915415248511,0.04985155928192724,0.024298209179891308,0.07649959078373071,0.0744271880071099,,,,
1890,0,max_steps,1,0,0,35.73197691466185,2500,,,0.3885877255864434,0.1,0.22184917330741882,4.002815246582031,-13.169635772705078,281.169189453125,0.0,40.731976914661956,1306,-4.999999999999671,0.0,0.0,0.01429279076586474,"{4: 16, 3: 120, 2: 114}","{4: 84, 5: 50, 3: 116}",{1: 250},"{1: 249, 2: 1}",{1: 250},"{1: 248, 2: 1, 0: 1}",0.014730266226620648,0.014357489678533033,0.023884636512831944,0.031497160657130055,0.061812459376736364,0.03736512759788402,0.08102628345019176,0.09111212862168976,0.06594539341187416,0.029557007948829483,0.09589754007791322,0.06615791031669414
1900,0,max_steps,1,0,0,53.5373007298807,2500,,,0.3866491527467055,0.1,0.22503647208213806,4.073951721191406,-13.169635772705078,303.5603332519531,0.0,58.53730072988473,862,-4.999999999999671,0.0,0.0,0.02141492029195228,"{6: 11, 5: 108, 4: 131}","{3: 67, 2: 29, 1: 131, 0: 23}",{1: 250},"{1: 249, 0: 1}","{1: 248, 2: 2}","{1: 248, 0: 2}",0.03044730385957747,0.013997746348772998,0.04501828682834978,0.058810931029853714,0.06408691666428126,0.04132302439981248,0.09499891174561682,0.11574292831108911,0.04609281587370636,0.05390597686395845,0.08132947085179544,0.09920381405634165
1910,0,max_steps,1,1,0,570.3397456867364,2500,1338.0,1338.0,0.384720250991275,0.1,0.22775816917419434,4.174596309661865,-13.169635772705078,322.94171142578125,500.0,75.33774568670411,1013,-4.997999999999672,0.0,0.0,0.22813589827469455,"{2: 226, 1: 24}","{4: 50, 3: 83, 1: 80, 0: 4, 2: 33}",{1: 250},"{1: 248, 0: 1, 2: 1}","{1: 242, 0: 8}",{1: 250},0.03011301325385437,0.02310247564330871,0.04541288243175391,0.046207893895695844,0.08457290317627097,0.05033409036068092,0.12058716329543943,0.1354798997664267,0.13431706249375,0.034523017926444015,0.08727133808485874,0.1196464791226483
1920,0,max_steps,1,0,0,16.901135863211035,2500,,,0.3828009720733851,0.1,0.22860707342624664,4.169267654418945,-13.169635772705078,319.3198547363281,0.0,21.901135863211696,1440,-4.999999999999671,0.0,0.0,0.006760454345284414,{4: 250},"{3: 162, 2: 83, 1: 5}",{1: 250},{1: 250},{1: 250},{1: 250},0.011010275044574316,0.010623089083139404,0.013232642488193593,0.014895844031067362,0.0328526633659725,0.023622853959190823,0.04107862161443829,0.053360561469754285,0.019102640650250087,0.024085776577053925,0.06599816741068054,0.09156690740605526
1930,0,max_steps,1,0,0,26.284253062197447,2500,,,0.3808912679869608,0.1,0.22975574433803558,4.149425983428955,-13.449379920959473,295.5550231933594,0.0,31.284253062197095,1261,-4.999999999999671,0.0,0.0,0.010513701224878979,"{2: 115, 1: 135}","{5: 198, 6: 37, 4: 15}",{1: 250},"{1: 249, 2: 1}",{1: 250},{1: 250},0.013931964214326312,0.012512277857064658,0.023653342464703516,0.03095112948628445,0.04391939967011515,0.0396997888650754,0.07389678274334707,0.0741568932096403,,,,
1940,0,max_steps,1,0,0,52.977209054716255,2500,,,0.3789910909654182,0.1,0.23058781027793884,4.145628929138184,-13.449379920959473,295.5550231933594,0.0,57.97720905471575,1593,-4.999999999999671,0.0,0.0,0.0211908836218865,"{1: 228, 2: 22}","{5: 185, 4: 45, 3: 20}",{1: 250},{1: 250},{1: 250},{1: 250},0.02311846932971718,0.009135954534442303,0.03416449907629482,0.030979199313416292,0.05200849225675891,0.03774290402845653,0.07748351210312206,0.08321354065129942,,,,
1950,0,max_steps,1,1,0,585.7279866448126,2500,332.0,332.0,0.3771003934804696,0.1,0.2319517880678177,4.010817050933838,-13.449379920959473,293.21514892578125,500.0,90.72598664476396,1460,-4.997999999999672,0.0,0.0,0.23429119465792506,"{4: 29, 3: 35, 1: 64, 0: 77, 2: 45}","{4: 15, 3: 18, 1: 71, 0: 146}",{1: 250},"{1: 248, 2: 1, 0: 1}","{1: 244, 0: 6}","{1: 247, 0: 2, 2: 1}",0.053254914492992765,0.02201629238390207,0.06954573955874033,0.06131415777307542,0.09582607456286053,0.0451312633904538,0.11795220143309036,0.13683230023248183,0.09628722304216067,0.020332185765554837,0.09069929997599457,0.01758437672102702
1960,0,max_steps,1,0,0,31.339695639607072,2500,,,0.3752191282409347,0.1,0.23281416296958923,4.034068584442139,-13.449379920959473,314.23406982421875,0.0,36.33969563960645,685,-4.999999999999671,0.0,0.0,0.012535878255842828,"{2: 56, 3: 34, 1: 93, 0: 67}","{2: 31, 1: 66, 0: 153}",{1: 250},{1: 250},{1: 250},"{1: 249, 0: 1}",0.034260604506396425,0.014734036466627567,0.044302557593636105,0.03881700698959579,0.0846629276181131,0.03401328066397249,0.11579666411606189,0.10870509805941884,,,,
1970,0,max_steps,1,0,0,12.359290036177317,2500,,,0.3733472481915578,0.1,0.2332731932401657,3.975574493408203,-13.169635772705078,269.16864013671875,0.0,17.3592900361782,944,-4.999999999999671,0.0,0.0,0.004943716014470927,{4: 250},"{3: 233, 2: 17}",{1: 250},{1: 250},{1: 250},{1: 250},0.004264612608299896,0.011259477115256192,0.006450453188886204,0.009394920297388896,0.018849596057962357,0.015205702488756549,0.028544209773893485,0.04111233071187101,,,,
1980,0,max_steps,1,0,0,30.309979175630506,2500,,,0.37148470651183096,0.1,0.23593515157699585,3.941725492477417,-13.169635772705078,262.515625,0.0,35.30997917562961,1172,-4.999999999999671,0.0,0.0,0.012123991670252202,"{3: 99, 4: 45, 2: 106}","{1: 71, 2: 171, 3: 8}",{1: 250},{1: 250},{1: 250},"{1: 249, 0: 1}",0.022824946742990977,0.012283165554462187,0.029471018318024945,0.025859887269736925,0.07652968018214273,0.026937345153058956,0.09344602747646195,0.08668751677952784,0.03549791131424362,0.015452322370564962,0.05339965988481464,0.05111711858258314
1990,0,max_steps,1,0,0,8.170039338910103,2500,,,0.36963145661482244,0.1,0.23953402042388916,4.0436110496521,-13.169635772705078,300.3157653808594,0.0,13.170039338909756,824,-4.999999999999671,0.0,0.0,0.003268015735564041,"{4: 186, 5: 64}","{3: 119, 2: 24, 1: 107}",{1: 250},"{1: 249, 2: 1}",{1: 250},{1: 250},0.012963507824028529,0.013394897397744248,0.017772084139148353,0.022833768785851687,0.03878013856838213,0.02924027578241537,0.055954318144773564,0.05728532002625044,,,,
2000,0,crash,1,0,1,-47.94537971529304,1774,,,0.3677874521460121,0.1,0.24085696041584015,4.072840213775635,-13.169635772705078,275.7431640625,0.0,46.97779888710704,704,-3.547999999999831,-11.375178602398291,-80.0,-0.02702670784402088,"{1: 62, 2: 18, 3: 49, 4: 43, 5: 5}","{2: 107, 1: 70}",{1: 177},"{1: 176, 0: 1}","{1: 173, 0: 4}","{1: 173, 2: 4}",0.021824557727903548,0.022711674039377284,0.03571542154291028,0.04723883133595147,0.11317578140479068,0.048730293530407885,0.1464616805097237,0.10710506238840131,,,,
2010,0,max_steps,1,0,0,73.83524081624995,2500,,,0.3659526469821314,0.1,0.24247755110263824,4.1402387619018555,-13.169635772705078,318.00433349609375,0.0,78.83524081624829,1179,-4.999999999999671,0.0,0.0,0.02953409632649998,"{1: 110, 0: 78, 2: 62}","{3: 238, 2: 12}",{1: 250},{1: 250},"{1: 247, 0: 3}","{1: 248, 0: 1, 2: 1}",0.027864736918720632,0.01170274923999558,0.042694683385747986,0.053836067205351744,0.07770238020123349,0.034448635693192425,0.08771918962778759,0.10926389928550945,0.03056739831959602,0.0049286477371933085,0.08077989900175021,0.08293584437760076
2020,0,max_steps,1,0,0,75.86534488989597,2500,,,0.36412699523001,0.1,0.24398811161518097,4.164511680603027,-13.169635772705078,288.64056396484375,0.0,80.86534488989633,1629,-4.999999999999671,0.0,0.0,0.030346137955958388,"{5: 124, 4: 95, 3: 16, 2: 15}","{2: 163, 1: 87}","{1: 249, 2: 1}",{1: 250},"{1: 243, 2: 7}","{1: 246, 0: 4}",0.03324337832294588,0.010392727047349188,0.050774182836512166,0.06444757726109258,0.11340620037457354,0.04191401647173715,0.13294667096943957,0.1330558698713462,,,,
2030,0,max_steps,1,0,0,56.58273346391061,2500,,,0.36231045122542793,0.1,0.24760222434997559,4.149670600891113,-13.169635772705078,286.934814453125,0.0,61.58273346391236,1089,-4.999999999999671,0.0,0.0,0.022633093385564244,"{1: 182, 0: 43, 2: 25}","{1: 94, 0: 86, 2: 70}",{1: 250},{1: 250},{1: 250},"{1: 249, 0: 1}",0.03417291737311545,0.022601216920639038,0.04843915144899269,0.05611208128604538,0.06552616226481528,0.048285030848685496,0.0990391161820516,0.11533229746638507,,,,
2040,0,max_steps,1,1,0,557.4041805954197,2500,1191.0,1191.0,0.3605029695319729,0.1,0.24989654123783112,4.202020168304443,-13.169635772705078,297.7607727050781,500.0,62.40218059538988,1701,-4.997999999999672,0.0,0.0,0.22296167223816787,"{3: 150, 1: 44, 2: 56}","{5: 14, 4: 98, 3: 7, 1: 85, 0: 46}",{1: 250},"{1: 247, 0: 3}",{1: 250},"{1: 248, 0: 1, 2: 1}",0.007820378549468734,0.01605169223430953,0.01620878058352366,0.014660738766614473,0.05997219411004034,0.0478757590455775,0.07383384743851927,0.10373789558590268,0.005681215593653398,0.019648710552768584,0.00910261269096823,0.05540022393389933
2050,0,max_steps,1,0,0,40.91726087846655,2500,,,0.3587045049399047,0.1,0.24946650862693787,4.182205677032471,-13.169635772705078,297.7607727050781,0.0,45.91726087846714,1242,-4.999999999999671,0.0,0.0,0.01636690435138662,"{5: 113, 6: 137}","{5: 104, 4: 76, 3: 68, 2: 2}",{1: 250},"{1: 248, 2: 2}",{1: 250},{1: 250},0.02545780075386219,0.018694883189605223,0.03353079446708129,0.03517370267082695,0.06775034217162872,0.04799261156960877,0.08987430339825021,0.07357096134480069,,,,
2060,0,max_steps,1,0,0,36.577488406678206,2500,,,0.35691501246502344,0.1,0.2522963285446167,4.280786514282227,-13.169635772705078,321.760986328125,0.0,41.577488406679635,946,-4.999999999999671,0.0,0.0,0.014630995362671283,"{5: 142, 6: 108}","{5: 160, 6: 90}",{1: 250},{1: 250},{1: 250},{1: 250},0.029417893874141572,0.011536701663090048,0.04571276258033942,0.05993054965778842,0.05594403420687134,0.032048754207372035,0.08651658019820005,0.10755863038188902,,,,
2070,0,max_steps,1,0,0,53.45980260179304,2500,,,0.3551344473475453,0.1,0.2531840205192566,4.270782947540283,-13.169635772705078,303.86474609375,0.0,58.459802601792866,1636,-4.999999999999671,0.0,0.0,0.021383921040717215,"{4: 185, 3: 45, 5: 20}","{5: 46, 4: 37, 3: 167}",{1: 250},"{1: 249, 2: 1}",{1: 250},{1: 250},0.027200638813082774,0.012554284265925426,0.03329092211583824,0.0397446582575282,0.05989498740862054,0.044275339890431725,0.08534184448751411,0.09417137304045434,,,,
2080,0,max_steps,1,0,0,54.27775347403241,2500,,,0.3533627650509821,0.1,0.25614434480667114,4.327686309814453,-13.169635772705078,317.6237487792969,0.0,59.27775347403383,1208,-4.999999999999671,0.0,0.0,0.021711101389612963,"{1: 23, 0: 227}","{5: 16, 4: 35, 3: 199}",{1: 250},"{1: 249, 2: 1}","{1: 247, 2: 3}","{1: 244, 0: 5, 2: 1}",0.024025171929262665,0.017675789003962154,0.046304602078655284,0.06748195258542436,0.104389457841637,0.03954993039754428,0.12926628086621866,0.1362781752849233,,,,
2090,0,max_steps,1,0,0,21.42626730058099,2500,,,0.3515999212610278,0.1,0.2574678063392639,4.393039703369141,-13.169635772705078,321.07379150390625,0.0,26.426267300579504,693,-4.999999999999671,0.0,0.0,0.008570506920232396,"{5: 66, 6: 184}","{1: 82, 0: 168}",{1: 250},"{1: 249, 0: 1}",{1: 250},{1: 250},0.029487823710408374,0.016491245881459927,0.03895909809849589,0.042948028711843056,0.05816202666446457,0.04227185478864628,0.08009080667351835,0.08185512435748461,,,,
2100,0,max_steps,1,0,0,51.40242709821954,2500,,,0.34984587188445015,0.1,0.26016727089881897,4.442981719970703,-13.169635772705078,335.4393005371094,0.0,56.402427098221835,1074,-4.999999999999671,0.0,0.0,0.020560970839287818,"{2: 98, 3: 152}","{3: 34, 2: 75, 1: 110, 0: 31}",{1: 250},"{1: 247, 0: 2, 2: 1}","{1: 248, 0: 2}","{1: 249, 0: 1}",0.029920483131895492,0.0213986085614893,0.04231424713829578,0.04466622602123982,0.06915148281136407,0.0493478784973417,0.08296889526596467,0.1258859067185649,0.03208316215863491,0.03086589839944326,0.018129127753193225,0.0519905651697087
2110,0,max_steps,1,1,0,551.4889837386129,2500,1667.0,1667.0,0.34810057304798775,0.1,0.26284757256507874,4.530616760253906,-13.169635772705078,329.8091735839844,500.0,56.486983738597864,1613,-4.997999999999672,0.0,0.0,0.22059559349544516,"{2: 45, 3: 75, 4: 70, 1: 60}","{1: 20, 2: 90, 3: 56, 6: 9, 5: 59, 4: 16}",{1: 250},"{1: 247, 0: 2, 2: 1}",{1: 250},{1: 250},0.027438465735426396,0.015209289139302737,0.03861522087580298,0.03577001284539583,0.057371937736129655,0.04658760515881519,0.07618934051456037,0.09151361281219007,0.04960321019861783,0.021200257187521665,0.06458192739718314,0.04352952578731273
2120,0,success,1,2,0,1058.375241331887,834,417.0,417.0,0.3463639810972523,0.1,0.26671528816223145,4.543354511260986,-13.169635772705078,329.5406494140625,1000.0,60.03924133188242,689,-1.6640000000000013,0.0,0.0,1.2690350615490253,"{4: 32, 3: 10, 2: 31, 1: 10}","{3: 40, 5: 18, 4: 25}",{1: 83},"{1: 78, 2: 5}",{1: 83},{1: 83},0.0713110244793223,0.025166298177721865,0.09120534918099232,0.048088768307967114,0.09819948168701965,0.05769065066330868,0.1202708715726387,0.12168397743296876,0.09797260646509609,0.0560567851240354,0.11917094536370544,0.09546125536725895
2130,0,max_steps,1,0,0,20.908537265271416,2500,,,0.3446360525956371,0.1,0.2705860435962677,4.5621538162231445,-13.169635772705078,312.374755859375,0.0,25.908537265270947,905,-4.999999999999671,0.0,0.0,0.008363414906108566,"{6: 237, 5: 13}","{1: 77, 2: 173}",{1: 250},"{1: 249, 0: 1}",{1: 250},{1: 250},0.012062833831985344,0.013904886832145778,0.017557053855137623,0.020984743124777522,0.05712692295185088,0.038971645592140204,0.07472391229871665,0.08068901702256431,,,,
2140,0,max_steps,1,0,0,55.01579053309687,2500,,,0.3429167443232307,0.1,0.2728840708732605,4.523221969604492,-13.169635772705078,319.6104431152344,0.0,60.015790533099036,1427,-4.999999999999671,0.0,0.0,0.022006316213238748,"{4: 162, 3: 42, 2: 22, 5: 24}","{5: 80, 4: 66, 3: 104}","{1: 238, 2: 12}",{1: 250},"{1: 238, 2: 12}","{1: 238, 0: 12}",0.034362164663146816,0.012325233185170686,0.040332618377364356,0.03833376851706663,0.08951489347874156,0.03429945789245858,0.12402594990850976,0.11106699668285414,,,,
2150,0,max_steps,1,0,0,68.62937292728584,2500,,,0.34120601327573535,0.1,0.2740095257759094,4.509833335876465,-11.65886116027832,298.9921569824219,0.0,73.62937292728766,1465,-4.999999999999671,0.0,0.0,0.027451749170914336,"{5: 93, 4: 63, 3: 94}","{5: 163, 4: 33, 3: 54}","{1: 239, 2: 11}","{1: 249, 0: 1}","{1: 236, 2: 14}","{1: 238, 2: 1, 0: 11}",0.03269078449929215,0.00934764457909819,0.043628757415910296,0.047091705325143965,0.08551961616906716,0.040262013137260105,0.12502226805860642,0.12180610637838302,0.04480043394580738,0.04738803355659486,0.08535473834292918,0.08991726790369682
2160,0,max_steps,1,0,0,37.20823273053963,2500,,,0.3395038166633917,0.1,0.2767559289932251,4.605036735534668,-11.65886116027832,309.4127502441406,0.0,42.208232730540246,1056,-4.999999999999671,0.0,0.0,0.014883293092215852,"{2: 92, 3: 22, 4: 136}","{3: 189, 4: 61}",{1: 250},{1: 250},{1: 250},{1: 250},0.01323273940074502,0.015815787460915953,0.018695809709633283,0.024361200385112493,0.07647227356411158,0.048276585047315905,0.08618950027326991,0.06693246068793864,0.10445541800268285,0.046826835391408486,0.10438205873362838,0.053793113350297836
2170,0,max_steps,1,1,0,555.5065241889366,2500,2404.0,2404.0,0.3378101119099084,0.1,0.27795666456222534,4.458211421966553,-13.063941955566406,296.52880859375,500.0,60.50452418893248,1002,-4.997999999999672,0.0,0.0,0.22220260967557465,"{4: 160, 3: 37, 5: 43, 2: 6, 1: 4}","{3: 150, 2: 90, 4: 10}","{1: 245, 2: 5}","{1: 249, 0: 1}","{1: 247, 2: 3}","{1: 245, 0: 5}",0.028357023767527686,0.014608286525106606,0.04262804587389206,0.0557457082836084,0.09640842713019643,0.032946014289032925,0.1356470278414147,0.11481592078200899,0.1458713186726378,0.029849873432181394,0.16321879246056362,0.12538070468819745
2180,0,max_steps,1,0,0,38.92766093621325,2500,,,0.33612485665139746,0.1,0.28012922406196594,4.435997486114502,-13.063941955566406,306.4371643066406,0.0,43.927660936213215,1341,-4.999999999999671,0.0,0.0,0.0155710643744853,"{3: 159, 2: 80, 4: 11}","{5: 219, 4: 31}",{1: 250},{1: 250},"{1: 248, 0: 2}",{1: 250},0.018004754857012265,0.012036167840184606,0.02638481029717895,0.025715743152045528,0.10641119322478473,0.02792186036485269,0.13998651643202262,0.10657558070709111,0.09928444136736639,0.03341815881808922,0.1735799147294548,0.12601297697186042
2190,0,max_steps,1,0,0,57.701308349546466,2500,,,0.3344480087353141,0.1,0.2811678946018219,4.328805446624756,-13.063941955566406,259.8752746582031,0.0,62.70130834954736,1177,-4.999999999999671,0.0,0.0,0.023080523339818585,"{5: 124, 6: 126}","{4: 107, 5: 2, 3: 141}",{1: 250},{1: 250},"{1: 239, 0: 6, 2: 5}","{1: 239, 0: 11}",0.029143544053350495,0.010631735482178849,0.04608473535713249,0.06497014616370428,0.11117723621342289,0.034258042377755905,0.13288713232780644,0.14176870517111867,,,,
2200,0,max_steps,1,0,0,60.500217169248685,2500,,,0.3327795262194029,0.1,0.28198155760765076,4.313844203948975,-13.063941955566406,260.2422180175781,0.0,65.50021716924968,1111,-4.999999999999671,0.0,0.0,0.024200086867699474,"{0: 141, 1: 107, 2: 2}","{3: 131, 2: 119}",{1: 250},"{1: 249, 0: 1}",{1: 250},"{1: 249, 2: 1}",0.02355157670677177,0.013260340543022973,0.03524661681368769,0.04232746771824003,0.06189921660459852,0.04486534421132331,0.09386647618034696,0.11389663729852362,,,,
2210,0,max_steps,1,0,0,42.951881445870384,2500,,,0.33111936737064823,0.1,0.2827152907848358,4.335065841674805,-13.063941955566406,278.4845886230469,0.0,47.95188144586965,980,-4.999999999999671,0.0,0.0,0.017180752578348155,"{5: 96, 4: 8, 6: 146}","{1: 170, 0: 80}",{1: 250},"{1: 247, 2: 1, 0: 2}",{1: 250},{1: 250},0.03648457570703638,0.014717667079757722,0.04832819954592188,0.0642550549187752,0.09133686075126207,0.037420413579656794,0.11835403761444539,0.1292528782795341,,,,
2220,0,max_steps,1,0,0,34.02193876984944,2500,,,0.3294674906642309,0.1,0.28369107842445374,4.360142707824707,-13.063941955566406,281.6678161621094,0.0,39.02193876984979,1048,-4.999999999999671,0.0,0.0,0.013608775507939777,"{2: 160, 3: 69, 4: 21}","{1: 159, 0: 91}",{1: 250},{1: 250},{1: 250},"{1: 248, 0: 1, 2: 1}",0.01550904267852576,0.01687584764792221,0.02601932499914944,0.038102525021562444,0.0702456634588517,0.04386889149109742,0.08828054959938833,0.1087317235867216,,,,
2230,0,max_steps,1,0,0,72.50236937007055,2500,,,0.3278238547824892,0.1,0.28229033946990967,4.260146141052246,-13.063941955566406,252.8190155029297,0.0,77.50236937007121,1240,-4.999999999999671,0.0,0.0,0.029000947748028222,"{5: 101, 4: 121, 6: 28}","{5: 12, 4: 166, 3: 72}","{1: 239, 0: 11}","{1: 244, 0: 1, 2: 5}","{1: 238, 0: 12}","{1: 229, 2: 8, 0: 13}",0.04099647632739878,0.01811572394419113,0.05800258626939009,0.07980653722532882,0.10757560779425329,0.04850142595097625,0.14667227104506975,0.14878936523413258,,,,
2240,0,max_steps,1,0,0,21.399867262773586,2500,,,0.3261884186138854,0.1,0.2847895622253418,4.329008102416992,-13.063941955566406,272.8322448730469,0.0,26.3998672627737,1040,-4.999999999999671,0.0,0.0,0.008559946905109434,"{5: 63, 6: 187}","{2: 58, 3: 192}",{1: 250},{1: 250},"{1: 245, 0: 5}","{1: 246, 0: 3, 2: 1}",0.019064661082196094,0.010407894149439306,0.025432312448298258,0.035936434462391684,0.05570987184439227,0.024669462727279146,0.0740307096230912,0.11035373928744203,,,,
2250,0,max_steps,1,0,0,39.316674414205124,2500,,,0.3245611412519779,0.1,0.2856517732143402,4.35816764831543,-13.063941955566406,279.6306457519531,0.0,44.31667441420469,1188,-4.999999999999671,0.0,0.0,0.01572666976568205,"{5: 28, 6: 222}","{2: 133, 3: 13, 1: 104}",{1: 250},{1: 250},{1: 250},"{1: 249, 0: 1}",0.02482434181689209,0.010837833735614654,0.03616806738305002,0.05007191133849234,0.06367983610682541,0.02724782886103306,0.09410601340052949,0.10798092638257488,,,,
2260,0,max_steps,1,1,0,552.2721390002862,2500,467.0,467.0,0.3229419819943975,0.1,0.29030248522758484,4.388166427612305,-13.063941955566406,281.3952941894531,500.0,57.2701390002269,1245,-4.997999999999672,0.0,0.0,0.22090885560011447,"{5: 17, 4: 28, 3: 205}","{4: 21, 3: 25, 1: 118, 2: 86}","{1: 244, 2: 6}","{1: 249, 0: 1}","{1: 246, 2: 4}","{1: 245, 0: 5}",0.012865688145442897,0.013430069696202081,0.021355091869326964,0.019549768854341412,0.07410112452526949,0.042832106233540564,0.07562668822494902,0.0880292588087525,0.15290411166415224,0.04755565794057346,0.16222748296256523,0.08320608633943984
2270,0,max_steps,1,0,0,38.09183035343522,2500,,,0.3213309003418295,0.1,0.2907058894634247,4.3761515617370605,-13.063941955566406,269.2471923828125,0.0,43.09183035343546,1435,-4.999999999999671,0.0,0.0,0.015236732141374089,"{2: 244, 3: 6}","{1: 154, 0: 18, 2: 78}",{1: 250},"{1: 248, 0: 2}",{1: 250},{1: 250},0.012264355250262622,0.02077303078390083,0.02132667440875491,0.03125075769653021,0.037364291843775696,0.04681973375758033,0.061088432126335634,0.0893391027653636,,,,
2280,0,crash,1,0,1,-110.19857727065434,2142,,,0.31972785599700076,0.1,0.29115790128707886,4.421128273010254,-14.674518585205078,275.9195556640625,0.0,56.24061791005729,631,-4.28399999999975,-82.15519518071163,-80.0,-0.0514465813588489,"{5: 39, 6: 145, 4: 30}","{2: 4, 1: 55, 0: 155}","{1: 201, 2: 9, 0: 4}","{1: 212, 2: 2}","{1: 197, 2: 6, 0: 11}","{1: 191, 0: 12, 2: 11}",0.05436780075272292,0.02285748302301223,0.05951721381598153,0.04863991811139484,0.1424811760128542,0.05019709658371169,0.17329717593267496,0.15828583541710287,,,,
2290,0,max_steps,1,1,0,573.1938074169071,2500,1307.0,1307.0,0.3181328088636719,0.1,0.29241931438446045,4.4463324546813965,-14.674518585205078,290.8346252441406,500.0,78.19180741687755,1646,-4.997999999999672,0.0,0.0,0.22927752296676285,"{5: 22, 4: 81, 3: 147}","{5: 42, 4: 47, 3: 41, 2: 38, 1: 82}","{1: 248, 2: 2}",{1: 250},"{1: 235, 2: 15}","{1: 249, 0: 1}",0.03517191175609238,0.016881707685042206,0.04353366562448488,0.05112294900301667,0.10784441896623823,0.04269811945854999,0.14035075455279747,0.11762721714049493,0.05076160781239123,0.03163557952053964,0.06634110354668851,0.0733108471558756
2300,0,max_steps,1,0,0,29.47625991298386,2500,,,0.31654571904563433,0.1,0.29495081305503845,4.509988307952881,-14.674518585205078,278.494140625,0.0,34.47625991298307,902,-4.999999999999671,0.0,0.0,0.011790503965193544,"{2: 140, 1: 110}","{4: 230, 5: 20}",{1: 250},{1: 250},{1: 250},{1: 250},0.021398105416827344,0.009091640524280579,0.03410517409356982,0.04351899592988347,0.06295629724299154,0.028159554649674037,0.08582780983487344,0.09633382149566545,,,,
2310,0,max_steps,1,0,0,17.954055044178528,2500,,,0.31496654684571196,0.1,0.29551243782043457,4.537644386291504,-14.674518585205078,285.4058837890625,0.0,22.954055044178272,1504,-4.999999999999671,0.0,0.0,0.0071816220176714116,{2: 250},"{3: 243, 2: 7}",{1: 250},"{1: 249, 2: 1}",{1: 250},{1: 250},0.0016704682213219823,0.013073693749014025,0.0026853710912534724,0.005190869634899623,0.009137067772000311,0.02149761345926335,0.014832150144179629,0.027662854111617858,0.10139885395648182,0.0541692449440624,0.12442338760010745,0.0705140086723889
2320,0,max_steps,1,0,0,45.47089547005654,2500,,,0.3133952527647689,0.1,0.29561641812324524,4.471263885498047,-14.674518585205078,272.8175964355469,0.0,50.4708954700553,1142,-4.999999999999671,0.0,0.0,0.018188358188022617,"{1: 153, 2: 58, 0: 39}","{2: 57, 1: 113, 0: 80}",{1: 250},"{1: 248, 0: 1, 2: 1}",{1: 250},{1: 250},0.027557916424165656,0.01797603710515346,0.04325557765824263,0.06157491441919631,0.0728080800815409,0.038883458975304354,0.09820038000362803,0.10145027441371027,,,,
2330,0,max_steps,1,0,0,31.23128173616313,2500,,,0.3118317975007209,0.1,0.29598385095596313,4.45357608795166,-14.674518585205078,269.3339538574219,0.0,36.23128173616245,1534,-4.999999999999671,0.0,0.0,0.012492512694465252,"{4: 227, 3: 23}","{4: 108, 3: 142}",{1: 250},{1: 250},{1: 250},{1: 250},0.013187402201733959,0.014043166839732345,0.01745817616816855,0.018131009077228033,0.04804300496147556,0.026714298309098203,0.06356008782481262,0.06439892810093126,0.05044362849417077,0.028413776593767637,0.08147187513963597,0.07267861264768928
2340,0,max_steps,1,0,0,74.53426920456296,2500,,,0.3102761419475527,0.1,0.29648831486701965,4.441584587097168,-14.674518585205078,266.8912658691406,0.0,79.53426920456384,1236,-4.999999999999671,0.0,0.0,0.029813707681825185,"{1: 101, 0: 15, 2: 92, 3: 42}","{3: 93, 2: 101, 1: 56}",{1: 250},{1: 250},{1: 250},{1: 250},0.04651648342868335,0.014636756872631666,0.055543246451381575,0.055195319244414925,0.08577906735821009,0.03721401108946526,0.11582948938395411,0.11893005808496802,0.0895167721349883,0.03442066444398601,0.12751568278463538,0.14668272518607497
2350,0,max_steps,1,0,0,67.23304011366662,2500,,,0.30872824719433983,0.1,0.2954961061477661,4.42458438873291,-14.674518585205078,266.8912658691406,0.0,72.23304011366855,1207,-4.999999999999671,0.0,0.0,0.02689321604546665,"{1: 33, 0: 39, 2: 50, 3: 49, 4: 79}","{1: 48, 0: 202}","{1: 240, 0: 10}","{1: 249, 0: 1}","{1: 235, 0: 15}","{1: 246, 2: 4}",0.025327273334732257,0.025154658556332265,0.03722006800098818,0.04546570182568899,0.12298388371216694,0.050441337274596286,0.1539170691640578,0.1202583276343477,,,,
2360,0,max_steps,1,0,0,51.09394090819099,2500,,,0.3071880745242752,0.1,0.29698827862739563,4.461092472076416,-14.674518585205078,297.3426513671875,0.0,56.09394090819055,1130,-4.999999999999671,0.0,0.0,0.020437576363276394,"{3: 25, 2: 198, 1: 27}","{1: 19, 2: 100, 3: 131}",{1: 250},"{1: 248, 0: 2}",{1: 250},"{1: 249, 2: 1}",0.029917267648184233,0.02748460699366917,0.03927760994309849,0.04730878606845959,0.06316067452969126,0.04755704107385942,0.09184647823684036,0.10514785438703932,0.043162479047633935,0.03405570040390168,0.07514696287282929,0.08446525828068913
2370,0,max_steps,1,0,0,66.31437796454726,2500,,,0.3056555854137008,0.1,0.29859381914138794,4.506710052490234,-17.02280616760254,291.49822998046875,0.0,71.31437796454757,1561,-4.999999999999671,0.0,0.0,0.026525751185818906,"{1: 153, 2: 97}","{2: 246, 3: 4}",{1: 250},{1: 250},{1: 250},{1: 250},0.03213780332996073,0.01185868704458473,0.044825102056575486,0.04967054138474724,0.06409167915148865,0.03793544673904646,0.09040278020731574,0.10994403476451295,,,,
2380,0,max_steps,1,0,0,22.12964982772274,2500,,,0.30413074153114394,0.1,0.30175548791885376,4.395002841949463,-17.02280616760254,256.64459228515625,0.0,27.12964982772253,1236,-4.999999999999671,0.0,0.0,0.008851859931089097,"{2: 232, 3: 18}","{3: 212, 2: 38}",{1: 250},{1: 250},{1: 250},{1: 250},0.0043496158210039985,0.01179644304264216,0.007213995820468437,0.010162535481009597,0.05815889218980674,0.016492604282083937,0.05985753338282902,0.09269872319183386,0.13144382505604302,0.03659753536948029,0.14499580165687292,0.119475741439325
2390,0,max_steps,1,0,0,25.12655256215092,2500,,,0.30261350473635873,0.1,0.3018542528152466,4.328164100646973,-17.02280616760254,252.65594482421875,0.0,30.126552562149733,1099,-4.999999999999671,0.0,0.0,0.010050621024860368,"{4: 89, 3: 25, 5: 24, 6: 112}","{3: 211, 4: 39}",{1: 250},{1: 250},{1: 250},"{1: 249, 0: 1}",0.03333374856553005,0.011620961517728186,0.04710277221654326,0.04045028678851692,0.07408725120766332,0.03361050497012962,0.09493938670356673,0.09398410269257644,0.057423423171722374,0.05006540528867839,0.07490385966393177,0.10390679797680037
2400,0,max_steps,1,1,0,578.3975833424369,2500,642.0,642.0,0.3011038370793723,0.1,0.303316593170166,4.351975440979004,-17.02280616760254,273.63397216796875,500.0,83.39558334239189,1509,-4.997999999999672,0.0,0.0,0.23135903333697475,"{2: 49, 3: 15, 6: 155, 5: 31}","{4: 62, 3: 51, 2: 137}","{1: 246, 0: 4}","{1: 247, 2: 2, 0: 1}","{1: 237, 2: 3, 0: 10}","{1: 229, 2: 9, 0: 12}",0.038980852886586724,0.018257205850665748,0.05975862513796926,0.06950321882474786,0.10198779237270432,0.04656071075869876,0.15101769130062556,0.14943656081387677,0.06452279421087548,0.05673547789967617,0.030301456884829214,0.07355582110522843
2410,0,max_steps,1,1,0,641.9401460932244,2500,1404.0,1404.0,0.2996017007995348,0.1,0.3058665990829468,4.356695652008057,-17.02280616760254,265.6285400390625,500.0,146.93814609321055,1831,-4.997999999999672,0.0,0.0,0.25677605843728973,"{1: 10, 2: 27, 3: 72, 4: 55, 6: 36, 5: 50}","{5: 41, 4: 44, 3: 150, 2: 15}",{1: 250},"{1: 249, 0: 1}","{1: 248, 2: 2}","{1: 248, 0: 2}",0.04936116254964336,0.011217446800042403,0.06439096986992512,0.06518473369892944,0.115663254159722,0.03395390580743315,0.12383045060280187,0.12506960484115373,0.08883041993164138,0.031723740182792906,0.1107075927341193,0.13311447585148686
2420,0,max_steps,1,0,0,86.50122249196606,2500,,,0.29810705832457574,0.1,0.3060421645641327,4.350226879119873,-17.02280616760254,245.28565979003906,0.0,91.50122249196465,1308,-4.999999999999671,0.0,0.0,0.03460048899678642,"{1: 117, 2: 69, 3: 42, 4: 22}","{3: 129, 4: 31, 2: 48, 1: 42}",{1: 250},"{1: 249, 2: 1}","{1: 246, 0: 4}","{1: 247, 0: 2, 2: 1}",0.05324479021177971,0.024292097616992747,0.07515253960693447,0.07176102072366128,0.10056013136534135,0.04316345225302788,0.14390982425069712,0.14053577759325225,,,,
2430,0,max_steps,1,0,0,56.09896833589186,2500,,,0.2966198722696636,0.1,0.30932047963142395,4.3687520027160645,-17.02280616760254,251.80142211914062,0.0,61.098968335893346,1318,-4.999999999999671,0.0,0.0,0.022439587334356744,"{1: 16, 2: 173, 3: 61}","{2: 136, 1: 70, 3: 3, 0: 41}",{1: 250},"{1: 247, 2: 2, 0: 1}",{1: 250},"{1: 246, 2: 2, 0: 2}",0.027082600399408234,0.022922730071235353,0.04659617571237781,0.05614360239251985,0.06250365417228375,0.043316721629377705,0.08962501401622514,0.11664104835136022,,,,
2440,0,max_steps,1,0,0,10.371500986797331,2500,,,0.29514010543647123,0.1,0.3093986213207245,4.320864200592041,-17.02280616760254,245.5322265625,0.0,15.37150098679764,774,-4.999999999999671,0.0,0.0,0.004148600394718933,"{4: 165, 5: 51, 6: 34}","{3: 76, 2: 124, 1: 50}",{1: 250},"{1: 247, 2: 2, 0: 1}",{1: 250},"{1: 249, 0: 1}",0.01051114808520957,0.015666978627136438,0.018351770410844126,0.022054053309169173,0.059751936867980096,0.04572951883118798,0.08288590178919368,0.095520565084027,,,,
2450,0,max_steps,1,1,0,601.9321877453194,2500,2100.0,2100.0,0.29366772081224507,0.1,0.31271180510520935,4.361133098602295,-17.02280616760254,273.10467529296875,500.0,106.93018774532075,1481,-4.997999999999672,0.0,0.0,0.24077287509812778,"{4: 145, 5: 78, 3: 27}","{5: 24, 4: 28, 3: 157, 0: 41}","{1: 233, 2: 17}","{1: 245, 0: 5}","{1: 233, 2: 17}","{1: 239, 0: 11}",0.044386864322197364,0.018395115848799277,0.06695377092958942,0.06113760087891948,0.11002826757268351,0.047481096094709165,0.12582527884258088,0.13182891190778345,0.1692407844167289,0.013558163971177099,0.23882559712712265,0.04116639737657945
2460,0,max_steps,1,0,0,6.693465394291932,2500,,,0.2922026815688794,0.1,0.3178914189338684,4.476731777191162,-17.02280616760254,286.552001953125,0.0,11.693465394291668,583,-4.999999999999671,0.0,0.0,0.0026773861577167727,{6: 250},"{1: 19, 0: 231}",{1: 250},"{1: 248, 0: 1, 2: 1}",{1: 250},{1: 250},0.021094343235294043,0.011939072535738724,0.03845055731007395,0.04869112396972261,0.07169747165586485,0.04220754871714977,0.09139164777625647,0.07922776620514872,,,,
2470,0,success,1,2,0,1112.231559104029,2089,1044.5,1044.5,0.2907449510619955,0.1,0.32160449028015137,4.5666117668151855,-17.02280616760254,295.4811706542969,1000.0,116.40555910402145,1628,-4.173999999999762,0.0,0.0,0.5324229579243795,"{1: 90, 2: 46, 3: 4, 6: 34, 5: 15, 4: 19}","{4: 29, 3: 171, 2: 8}",{1: 208},"{1: 202, 2: 3, 0: 3}","{1: 200, 2: 8}",{1: 208},0.03552281256721954,0.018782696089088315,0.04767272292422875,0.04537190597735575,0.09581071079738882,0.05208528171144233,0.1388761550051812,0.12020875662656626,0.0648317227442346,0.053255302824467075,0.09422374172694793,0.04797098778832175
2480,0,max_steps,1,0,0,45.85014675348233,2500,,,0.2892944928300246,0.1,0.32609015703201294,4.487173080444336,-17.02280616760254,249.8594970703125,0.0,50.85014675348169,973,-4.999999999999671,0.0,0.0,0.018340058701392933,"{4: 77, 3: 138, 2: 35}","{2: 20, 1: 95, 0: 135}",{1: 250},"{1: 248, 2: 1, 0: 1}","{1: 245, 2: 5}","{1: 245, 0: 5}",0.02727603781522996,0.025968159995006852,0.044783264967109195,0.057298872841852075,0.08277801957859163,0.05069330128076738,0.11385800523876001,0.1298830969726034,,,,
2490,0,max_steps,1,1,0,558.1909391725701,2500,2249.0,2249.0,0.28785127059329624,0.1,0.32993361353874207,4.593231678009033,-17.02280616760254,282.11712646484375,500.0,63.18893917255945,1557,-4.997999999999672,0.0,0.0,0.22327637566902803,"{3: 129, 2: 95, 5: 10, 6: 16}","{5: 15, 4: 97, 3: 112, 0: 26}",{1: 250},"{1: 249, 2: 1}","{1: 245, 0: 5}","{1: 249, 2: 1}",0.021012196418625957,0.01345468104166909,0.03590752290080174,0.041421708469313374,0.09732420717590111,0.03598070072865124,0.11400970238633938,0.11661516011643923,0.08979909973820303,0.027679191411828417,0.12798511549303665,0.11101223277830762
2500,0,max_steps,1,0,0,88.50605595541806,2500,,,0.28641524825313086,0.1,0.33015406131744385,4.496370315551758,-17.02280616760254,250.04168701171875,0.0,93.5060559554167,1258,-4.999999999999671,0.0,0.0,0.035402422382167224,"{1: 70, 0: 110, 2: 18, 3: 16, 4: 36}","{2: 138, 3: 98, 1: 14}","{1: 241, 0: 9}","{1: 248, 0: 1, 2: 1}","{1: 238, 0: 12}","{1: 241, 0: 1, 2: 8}",0.04152233775535151,0.017796099390782784,0.04970832345071555,0.05083878598938569,0.12612597647544452,0.039012056791798734,0.13516836229799495,0.14148095797085045,,,,
2510,0,max_steps,1,0,0,64.62486350779969,2500,,,0.28498638989093644,0.1,0.3306415379047394,4.477444648742676,-17.02280616760254,248.16845703125,0.0,69.62486350779989,1609,-4.999999999999671,0.0,0.0,0.025849945403119877,"{1: 74, 2: 46, 3: 116, 4: 14}","{5: 136, 4: 94, 6: 20}",{1: 250},"{1: 249, 0: 1}",{1: 250},"{1: 248, 0: 1, 2: 1}",0.031738598543129784,0.021725187720932577,0.05617441269036866,0.07045590249169516,0.06684656923060481,0.04893891222244217,0.09988801890320945,0.1326937640691253,,,,
2520,0,max_steps,1,0,0,92.7852543630097,2500,,,0.2835646597673106,0.1,0.33293747901916504,4.521153926849365,-19.631994247436523,260.6294860839844,0.0,97.78525436300703,1430,-4.999999999999671,0.0,0.0,0.03711410174520388,"{4: 143, 5: 38, 3: 54, 2: 15}","{2: 227, 1: 18, 3: 5}","{1: 238, 2: 12}",{1: 250},"{1: 237, 2: 13}","{1: 239, 0: 11}",0.04702627921000556,0.014132632725683453,0.06868463388096227,0.07247364844163873,0.12314705684762432,0.04131036666537355,0.15496964904817367,0.13887899571685167,0.12286240590883472,0.020589944022826424,0.1564394171550035,0.14281302598263934
2530,0,max_steps,1,1,0,620.5659791249443,2500,482.0,482.0,0.2821500223211463,0.1,0.3342464864253998,4.533749103546143,-19.631994247436523,250.3927001953125,500.0,125.56397912490021,1506,-4.997999999999672,0.0,0.0,0.24822639164997773,"{1: 23, 2: 20, 3: 5, 6: 202}","{4: 49, 3: 201}",{1: 250},{1: 250},"{1: 234, 2: 4, 0: 12}","{1: 218, 0: 24, 2: 8}",0.0534186490108835,0.01639286613161853,0.07550626571400201,0.09077087074832399,0.1251510337014451,0.046555580986227973,0.1656556193452843,0.16243848301503036,0.13720628083733974,0.013199257247260312,0.11933762999785216,0.1874128383258077
2540,0,max_steps,1,0,0,12.520408944645897,2500,,,0.28074244216874245,0.1,0.3369184136390686,4.6323161125183105,-19.631994247436523,310.6650390625,0.0,17.520408944646334,695,-4.999999999999671,0.0,0.0,0.005008163577858359,"{4: 215, 5: 35}","{2: 173, 3: 44, 1: 33}",{1: 250},{1: 250},{1: 250},"{1: 249, 0: 1}",0.014129228574726482,0.011595454821208459,0.022591150353198523,0.034715005720453114,0.05001569434513871,0.035057470441309295,0.07332620476488413,0.08881767016570254,,,,
2550,0,max_steps,1,1,0,582.4691788971354,2500,1152.0,1152.0,0.2793418841029192,0.1,0.3399547040462494,4.648519992828369,-19.631994247436523,265.5761413574219,500.0,99.80385435643902,1259,-4.997999999999672,-12.336675459327603,0.0,0.23298767155885416,"{2: 101, 1: 27, 3: 80, 4: 42}","{3: 130, 2: 110, 1: 10}","{1: 244, 0: 6}","{1: 248, 0: 2}",{1: 250},"{1: 241, 2: 5, 0: 4}",0.04750549130551632,0.017855412743892463,0.05927619939104345,0.06329155112239022,0.11214458289724591,0.047276901422637574,0.14885569891136058,0.13872243056192846,0.10678707857537377,0.049068945075778025,0.1517790293128815,0.1153229570764489
2560,0,max_steps,1,0,0,35.7395669196839,2500,,,0.27794831309213686,0.1,0.34004101157188416,4.518495082855225,-19.631994247436523,242.44635009765625,0.0,40.739566919685046,1195,-4.999999999999671,0.0,0.0,0.014295826767873561,"{2: 92, 3: 121, 4: 37}","{3: 41, 2: 167, 1: 42}",{1: 250},"{1: 247, 0: 3}","{1: 245, 0: 5}","{1: 247, 2: 3}",0.036442000993921905,0.023565880735283144,0.05588858597078523,0.05286602418146029,0.07895908122463177,0.05062091298054628,0.10989938936795654,0.13153150021980897,0.07977438769084019,0.05089445957648392,0.08884270304756113,0.1429731729568941
2570,0,max_steps,1,0,0,36.39596084223664,2500,,,0.2765616942796198,0.1,0.3404439091682434,4.505360126495361,-19.631994247436523,242.20941162109375,0.0,41.39596084223944,678,-4.999999999999671,0.0,0.0,0.014558384336894657,"{1: 43, 0: 207}","{2: 136, 3: 60, 1: 54}",{1: 250},"{1: 248, 0: 1, 2: 1}",{1: 250},"{1: 246, 0: 3, 2: 1}",0.03779495231751026,0.02112864961525931,0.05320791668828931,0.04468343673172702,0.09971138813594077,0.048810208810856924,0.11208864958590248,0.12766272416052618,,,,
2580,0,max_steps,1,1,0,567.9209638522915,2500,1841.0,1841.0,0.27518199298248475,0.1,0.34281060099601746,4.604271411895752,-19.631994247436523,294.8770751953125,500.0,72.91896385226072,1228,-4.997999999999672,0.0,0.0,0.2271683855409166,"{1: 122, 2: 61, 3: 1, 6: 66}","{5: 14, 4: 94, 3: 76, 0: 66}",{1: 250},"{1: 246, 2: 4}",{1: 250},"{1: 249, 0: 1}",0.041583648578735734,0.014929225658970969,0.04717411029623221,0.03915445379638065,0.05771149930607417,0.051726433838328735,0.08569640178886648,0.10893398855215378,0.0866576037512507,0.05178907916443352,0.10046139801158863,0.05710598755380997
2590,0,max_steps,1,0,0,6.5716223993861265,2500,,,0.2738091746908731,0.1,0.34318187832832336,4.577447414398193,-18.344831466674805,248.6636962890625,0.0,11.627721779430724,511,-4.999999999999671,-0.05609938004486517,0.0,0.0026286489597544507,"{4: 44, 5: 19, 6: 187}","{3: 20, 2: 170, 1: 24, 0: 36}",{1: 250},{1: 250},{1: 250},{1: 250},0.01953185182584924,0.019062830200336695,0.03072893764064634,0.03262057991935756,0.07682436825792364,0.0521745805976767,0.08327527122000732,0.08141064973482255,,,,
2600,0,max_steps,1,1,0,578.7366183361822,2500,274.0,274.0,0.27244320506708813,0.1,0.34912818670272827,4.764937400817871,-18.344831466674805,305.8215026855469,500.0,83.73461833612947,1393,-4.997999999999672,0.0,0.0,0.2314946473344729,"{2: 26, 3: 1, 5: 36, 6: 187}","{3: 27, 0: 40, 1: 183}","{1: 238, 2: 12}","{1: 246, 0: 4}","{1: 228, 2: 13, 0: 9}","{1: 236, 0: 14}",0.03061090917315918,0.013195223843018099,0.04445331712657928,0.03878210328405224,0.10712308409962881,0.04100596204614159,0.16407477514764923,0.13056155027359087,0.10853557827324399,0.018971033942669472,0.11508406425518566,0.06347256363393712
2610,0,crash,1,1,1,488.71110317678654,2330,1490.0,1490.0,0.27108404994473545,0.1,0.3538081645965576,4.860058307647705,-18.344831466674805,303.71990966796875,500.0,90.27949501805965,1320,-4.657999999999709,-16.910391841294405,-80.0,0.20974725458231183,"{1: 25, 0: 72, 2: 14, 3: 37, 5: 47, 6: 38}","{3: 46, 4: 102, 2: 85}","{1: 226, 0: 7}","{1: 224, 0: 9}","{1: 224, 0: 9}","{1: 219, 2: 11, 0: 3}",0.052830505507636745,0.027987169171274938,0.07117782189248958,0.07538817249836477,0.11085376793392152,0.05374649023598499,0.1435065646104214,0.1426274795061269,0.048660868749343424,0.05711172299266731,0.11612675817789501,0.10391527795002992
2620,0,max_steps,1,1,0,591.2727230441004,2500,2318.0,2318.0,0.2697316753278689,0.1,0.35588034987449646,4.930294990539551,-18.344831466674805,310.7456359863281,500.0,99.8033139624344,1578,-4.997999999999672,-3.5325909183352904,0.0,0.23650908921764016,"{2: 110, 3: 21, 4: 35, 5: 54, 6: 30}","{5: 101, 4: 93, 3: 56}","{1: 239, 0: 11}",{1: 250},"{1: 239, 0: 11}","{1: 244, 2: 6}",0.03649051910403027,0.00922713236293091,0.0493244986339544,0.054551582344413145,0.1202874815570015,0.03082087159535524,0.15317495505723466,0.12884643744121865,0.15465030638305163,0.046354304153634104,0.19178519135660935,0.03625952103466361
2630,0,max_steps,1,0,0,58.704275063133146,2500,,,0.2683860473901401,0.1,0.3604031205177307,5.055645942687988,-18.344831466674805,349.3111267089844,0.0,63.704275063133394,1160,-4.999999999999671,0.0,0.0,0.023481710025253257,"{3: 79, 4: 81, 5: 27, 6: 63}","{1: 163, 2: 50, 0: 37}","{1: 239, 2: 11}","{1: 249, 0: 1}","{1: 238, 2: 12}","{1: 234, 0: 13, 2: 3}",0.032372580693679036,0.016291651047052574,0.05112638291705457,0.061947710755454743,0.11825606170796757,0.040918064059365995,0.1531655126016586,0.14495375512764072,,,,
2640,0,max_steps,1,1,0,585.08240117449,2500,809.0,809.0,0.26704713247395234,0.1,0.36566638946533203,4.994969844818115,-18.344831466674805,298.00042724609375,500.0,90.0804011744527,1692,-4.997999999999672,0.0,0.0,0.234032960469796,"{5: 30, 4: 43, 3: 33, 1: 60, 0: 16, 2: 68}","{3: 62, 4: 18, 6: 170}",{1: 250},{1: 250},{1: 250},"{1: 244, 0: 6}",0.04021320803257747,0.013152497352062198,0.05389117904572509,0.06065642636368618,0.0825693182749229,0.04422171139313255,0.11118670055102356,0.13240931302090164,0.12878062971856435,0.01336462442176905,0.10567509439458767,0.15232773029450977
2650,0,max_steps,1,0,0,18.27332187800888,2500,,,0.26571489708961893,0.1,0.3689422309398651,5.053621768951416,-18.344831466674805,307.56170654296875,0.0,65.56991690688169,606,-4.999999999999671,-42.29659502887338,0.0,0.007309328751203552,"{4: 32, 5: 41, 6: 177}","{5: 119, 6: 101, 4: 30}",{1: 250},{1: 250},"{1: 241, 2: 9}","{1: 242, 2: 6, 0: 2}",0.059855070643531176,0.014823819105718932,0.07005474999785474,0.05987687093420355,0.10713187887142177,0.029723284205216367,0.14315805917441493,0.14208023688751314,,,,
2660,0,max_steps,1,0,0,61.61134621601302,2500,,,0.2643893079145252,0.1,0.3716045320034027,5.108922958374023,-23.258441925048828,309.3607177734375,0.0,66.61134621601416,1061,-4.999999999999671,0.0,0.0,0.02464453848640521,"{3: 13, 2: 147, 1: 50, 0: 40}","{5: 140, 6: 16, 4: 50, 3: 44}","{1: 246, 2: 4}","{1: 242, 2: 1, 0: 7}","{1: 237, 2: 13}","{1: 235, 2: 7, 0: 8}",0.0414308397247748,0.02459605350891706,0.05407456315983694,0.06624272706397773,0.09593626941114988,0.050117594424453654,0.13070182267434602,0.14187768546427154,,,,
2670,0,max_steps,1,0,0,-3.9476848988347135,2500,,,0.2630703317922951,0.1,0.3776687979698181,5.180493354797363,-23.258441925048828,302.389892578125,0.0,1.0523151011650744,64,-4.999999999999671,0.0,0.0,-0.0015790739595338854,{1: 250},"{1: 21, 0: 229}",{1: 250},{1: 250},{1: 250},{1: 250},0.001947470340517967,0.013310197166740529,0.0029165105106298723,0.005014977837945992,0.006294962550258295,0.023854723005442956,0.00851155454609618,0.014844980584769844,,,,
2680,0,max_steps,1,0,0,20.186622466358493,2500,,,0.2617579357319621,0.1,0.37924373149871826,5.14534854888916,-23.258441925048828,300.84320068359375,0.0,25.186622466357385,990,-4.999999999999671,0.0,0.0,0.008074648986543398,"{4: 133, 3: 62, 5: 40, 6: 15}","{4: 156, 3: 77, 2: 17}",{1: 250},"{1: 248, 0: 1, 2: 1}",{1: 250},{1: 250},0.03166129645399282,0.021368981440763574,0.037323457081302164,0.03541195289627743,0.07086959463457101,0.0437292547689022,0.09257718920657673,0.08841462995552254,0.07651072933896967,0.028535828904588934,0.10706941667442153,0.14509115573070225
2690,0,max_steps,1,1,0,564.9021847526235,2500,2149.0,2149.0,0.260452086907144,0.1,0.3799722194671631,5.098105430603027,-23.258441925048828,285.8323669433594,500.0,69.90018475260769,1073,-4.997999999999672,0.0,0.0,0.2259608739010494,"{1: 83, 0: 43, 2: 50, 3: 38, 6: 36}","{3: 181, 2: 69}",{1: 250},"{1: 247, 2: 2, 0: 1}",{1: 250},"{1: 247, 2: 2, 0: 1}",0.02490090743262772,0.018237050875631804,0.03671454646238471,0.04792835661966586,0.08661038336185935,0.04932505898852084,0.11565315805928739,0.09485797379209722,0.04230808190020785,0.0444498887438259,0.06628187537766546,0.09607131652703045
2700,0,max_steps,1,0,0,84.4468019685256,2500,,,0.25915275265522114,0.1,0.3818396329879761,5.111493110656738,-23.258441925048828,274.1707458496094,0.0,89.4468019685233,1229,-4.999999999999671,0.0,0.0,0.03377872078741024,"{0: 156, 1: 10, 2: 77, 3: 7}","{2: 67, 3: 183}","{1: 242, 0: 8}",{1: 250},"{1: 239, 0: 11}","{1: 249, 0: 1}",0.024702457574361177,0.008860581391942226,0.04055816738291698,0.05575172251399925,0.08885409690331518,0.031656609115609705,0.11818331215245345,0.11989448122266648,0.05662877011887084,0.03756868024832955,0.06349298589864127,0.14056589754934198
2710,0,max_steps,1,0,0,60.60703556729865,2500,,,0.2578599004765206,0.1,0.3822218179702759,5.101409912109375,-23.258441925048828,291.92510986328125,0.0,65.60703556730014,1132,-4.999999999999671,0.0,0.0,0.02424281422691946,"{1: 83, 2: 167}","{3: 132, 2: 95, 1: 23}",{1: 250},"{1: 245, 0: 5}",{1: 250},{1: 250},0.03445214777827762,0.025172117605608793,0.03919721826540892,0.04450105020674761,0.0638230277429174,0.05011185985543161,0.09185657491004781,0.10749008522003918,,,,
2720,0,max_steps,1,0,0,45.99999174091804,2500,,,0.2565734980335023,0.1,0.3831331729888916,5.086536407470703,-23.258441925048828,285.10809326171875,0.0,50.99999174091802,1405,-4.999999999999671,0.0,0.0,0.018399996696367216,"{3: 68, 2: 182}","{5: 154, 6: 74, 4: 22}",{1: 250},"{1: 249, 2: 1}",{1: 250},"{1: 249, 2: 1}",0.022423314884372422,0.012013023111767673,0.027029215549416848,0.028469877144736373,0.05463368380941136,0.03855411163117256,0.07062996672485482,0.09201761978083463,,,,
2730,0,crash,1,0,1,-84.27375161413961,1988,,,0.2552935131499509,0.1,0.3848097622394562,5.141788482666016,-17.777917861938477,293.1072692871094,0.0,6.9438440621636754,468,-3.9759999999997837,-7.241595676303353,-80.0,-0.04239122314594548,"{5: 16, 6: 182}","{4: 8, 3: 145, 2: 45}","{1: 185, 0: 13}","{1: 196, 2: 2}","{1: 179, 0: 19}","{1: 190, 0: 3, 2: 5}",0.015150597761884363,0.014836129466652744,0.022641544502576993,0.03537083539041901,0.12192005923414961,0.03688776765819741,0.16309366938883163,0.14395284500245095,,,,
2740,0,max_steps,1,0,0,24.769385078164866,2500,,,0.25401991381017025,0.1,0.3862503468990326,5.16267728805542,-17.777917861938477,286.1148376464844,0.0,29.769385078163403,740,-4.999999999999671,0.0,0.0,0.009907754031265946,"{2: 76, 3: 145, 4: 29}","{2: 40, 1: 66, 0: 144}",{1: 250},"{1: 249, 2: 1}","{1: 247, 0: 3}","{1: 249, 2: 1}",0.034660863004063604,0.01773172360802546,0.04549365041789395,0.045269563213786564,0.08812850306973614,0.04240397431556723,0.10313857315065088,0.10660377171562326,,,,
2750,0,max_steps,1,0,0,58.26591346408925,2500,,,0.2527526681581832,0.1,0.38740095496177673,5.141878604888916,-17.777917861938477,274.1707458496094,0.0,63.26591346408902,1284,-4.999999999999671,0.0,0.0,0.0233063653856357,"{1: 128, 0: 92, 2: 19, 3: 11}","{3: 7, 4: 59, 5: 184}",{1: 250},"{1: 249, 0: 1}",{1: 250},"{1: 249, 2: 1}",0.03716677755438527,0.009687293741344773,0.048212216877384,0.06055209876411426,0.06555064463348938,0.03842128885047837,0.10159327102278644,0.1271697307559415,,,,
2760,0,crash,1,0,1,-95.93740509634839,1476,,,0.25149174449693457,0.1,0.3874160349369049,5.163557529449463,-17.777917861938477,292.898681640625,0.0,10.429922821130951,221,-2.9519999999998965,-23.41532791747901,-80.0,-0.06499824193519538,"{3: 13, 4: 15, 5: 26, 6: 93}","{4: 124, 3: 23}","{1: 135, 0: 12}",{1: 147},"{1: 135, 0: 12}","{1: 130, 0: 8, 2: 9}",0.05179414368745915,0.013516840665215035,0.0701838257219499,0.05229665097302097,0.13318461370459483,0.041147843873813574,0.16105624701161028,0.1522985961140893,,,,
2770,0,max_steps,1,1,0,611.6282127695371,2500,1803.0,1803.0,0.25023711128749826,0.1,0.3902493715286255,5.21684455871582,-17.777917861938477,297.6678771972656,500.0,129.22339874694526,1853,-4.997999999999672,-12.597185977418372,0.0,0.24465128510781484,"{6: 37, 5: 71, 4: 11, 3: 78, 2: 53}","{5: 62, 4: 111, 3: 7, 1: 32, 0: 38}","{1: 229, 2: 21}","{1: 242, 2: 5, 0: 3}","{1: 219, 2: 21, 0: 10}","{1: 232, 0: 16, 2: 2}",0.04122718096500974,0.020203208745746846,0.061816177889973886,0.07201345988688437,0.14132854494712524,0.05716521559043665,0.20248072050993962,0.14693269207332257,0.036587465322094094,0.057159471952076255,0.07546671266984216,0.06115403325583091
2780,0,crash,1,0,1,-72.5486476782223,2278,,,0.2489887371482886,0.1,0.3908005952835083,5.156544208526611,-17.777917861938477,271.4463806152344,0.0,27.513070689489854,681,-4.55599999999972,-15.505718367712225,-80.0,-0.03184751873495272,"{5: 28, 6: 199}","{2: 77, 3: 150}",{1: 227},{1: 227},"{1: 221, 0: 6}","{1: 202, 2: 18, 0: 7}",0.03941408322445159,0.0184654174880736,0.0529678598249885,0.06058962930833951,0.10090698905902191,0.04662490187962903,0.12411797405421236,0.15119079948367567,,,,
2790,0,max_steps,1,0,0,67.82099905375082,2500,,,0.24774659085427517,0.1,0.3919082283973694,5.088204383850098,-17.777917861938477,270.0767822265625,0.0,72.82099905375185,1472,-4.999999999999671,0.0,0.0,0.02712839962150033,"{5: 31, 4: 95, 3: 110, 2: 14}","{2: 169, 3: 14, 1: 67}",{1: 250},"{1: 244, 0: 6}",{1: 250},"{1: 244, 0: 6}",0.04154070662957139,0.018496922662864713,0.052317529767427914,0.0718260644225891,0.09780149434526557,0.05460722755993686,0.13903639012077948,0.13568067642788317,0.120606355396503,0.057427820021378334,0.14674598749921747,0.14976574915409102
2800,0,max_steps,1,0,0,92.13476186526574,2500,,,0.24651064133620196,0.1,0.3955684304237366,5.139224529266357,-17.777917861938477,270.0767822265625,0.0,97.1347618652629,1356,-4.999999999999671,0.0,0.0,0.036853904746106295,"{1: 55, 2: 121, 0: 25, 3: 26, 4: 23}","{1: 220, 0: 30}","{1: 241, 0: 9}","{1: 246, 0: 4}","{1: 239, 0: 11}","{1: 242, 0: 1, 2: 7}",0.04336160126672263,0.016899600766695562,0.057527890995913836,0.05337562745422104,0.09291530364337916,0.04522175038901956,0.11324815462168107,0.13014419605748,,,,
2810,0,max_steps,1,0,0,31.482614674403397,2500,,,0.24528085767981,0.1,0.39904335141181946,5.232400417327881,-16.881834030151367,301.06549072265625,0.0,36.48261467440354,665,-4.999999999999671,0.0,0.0,0.012593045869761359,"{2: 42, 1: 31, 0: 177}","{2: 13, 1: 219, 0: 18}",{1: 250},"{1: 249, 2: 1}",{1: 250},{1: 250},0.03548474359346902,0.00887877213132305,0.0434104708895478,0.04272495286839184,0.06531581848494543,0.04547928075384491,0.08500744890614005,0.08634021733907933,,,,
2820,0,max_steps,1,0,0,61.98608453968248,2500,,,0.24405720912506448,0.1,0.3996434509754181,5.229037284851074,-16.881834030151367,288.53253173828125,0.0,66.98608453968386,1125,-4.999999999999671,0.0,0.0,0.024794433815872992,"{5: 129, 4: 75, 6: 46}","{3: 58, 2: 117, 1: 61, 0: 14}",{1: 250},"{1: 242, 2: 1, 0: 7}","{1: 244, 2: 6}","{1: 247, 0: 3}",0.027665011214862277,0.026829618264732534,0.04604756043018925,0.0494830590219447,0.09080389414217428,0.05607937069190868,0.10294234041278291,0.1202027043103656,,,,
2830,0,max_steps,1,0,0,86.86322451846797,2500,,,0.24283966506538518,0.1,0.4040254056453705,5.299814701080322,-16.881834030151367,275.8185119628906,0.0,91.86322451846691,1470,-4.999999999999671,0.0,0.0,0.03474528980738719,"{1: 101, 0: 48, 2: 51, 3: 27, 4: 23}","{3: 154, 4: 96}",{1: 250},"{1: 246, 2: 4}",{1: 250},"{1: 249, 0: 1}",0.04834369578575978,0.02081594111420077,0.06766868475752949,0.06946000717145119,0.0887459168883691,0.05096738066468433,0.11783141985892183,0.1353299559810376,0.09161911677300885,0.021690245346170832,0.10697375991187863,0.11626244954898197
2840,0,max_steps,1,0,0,5.3277074226249095,2500,,,0.2416281950468808,0.1,0.4089450538158417,5.446679592132568,-16.881834030151367,338.7449951171875,0.0,10.327707422624854,925,-4.999999999999671,0.0,0.0,0.002131082969049964,"{3: 85, 4: 18, 5: 20, 6: 127}","{5: 85, 6: 41, 4: 87, 3: 37}",{1: 250},"{1: 248, 2: 2}",{1: 250},"{1: 249, 2: 1}",0.020024677752919953,0.019812146206238154,0.029710979853430318,0.03169174488948506,0.09127921189798134,0.04166503201067142,0.10224213895378519,0.08522348469168017,,,,
2850,0,max_steps,1,1,0,564.7082512977817,2500,1932.0,1932.0,0.2404227687675873,0.1,0.41143348813056946,5.470776557922363,-16.881834030151367,344.21063232421875,500.0,69.70625129775472,1158,-4.997999999999672,0.0,0.0,0.22588330051911265,"{1: 175, 2: 17, 3: 1, 4: 24, 5: 23, 6: 10}","{3: 205, 4: 45}",{1: 250},{1: 250},{1: 250},"{1: 249, 0: 1}",0.026507623268840725,0.01430931562034616,0.038887046948725246,0.06428419706417911,0.0995451322378732,0.044899004542460416,0.11528875597444153,0.11672913919068136,0.11167548808718483,0.05823632297709113,0.12143512854872385,0.03748096872734213
2860,0,max_steps,1,0,0,41.31727688486954,2500,,,0.23922335607671028,0.1,0.4115946292877197,5.456958293914795,-16.881834030151367,306.28265380859375,0.0,46.31727688487087,1243,-4.999999999999671,0.0,0.0,0.016526910753947816,"{3: 76, 4: 36, 5: 89, 6: 49}","{5: 29, 4: 53, 3: 168}",{1: 250},"{1: 243, 2: 3, 0: 4}",{1: 250},"{1: 244, 0: 6}",0.036630350618471905,0.01528868078626602,0.05008044254636723,0.04291945442890232,0.09430103240930993,0.05100244001838844,0.12825417260887356,0.11580434689386454,,,,
2870,0,max_steps,1,1,0,573.7798964507308,2500,1900.0,1900.0,0.23802992697387032,0.1,0.4166513979434967,5.490447998046875,-16.881834030151367,308.0956726074219,500.0,78.77789645071793,1497,-4.997999999999672,0.0,0.0,0.22951195858029233,"{2: 141, 1: 26, 3: 22, 6: 61}","{4: 64, 3: 143, 2: 5, 5: 38}",{1: 250},"{1: 246, 2: 3, 0: 1}",{1: 250},"{1: 248, 0: 2}",0.03044155007942765,0.0305269039858011,0.04590359336036853,0.051514614028971915,0.06907421661364824,0.05112453257071606,0.10182068112363979,0.12338783726957338,0.06400895422997638,0.04571441644601295,0.11102981970850188,0.12192957666370764
2880,0,crash,1,0,1,-142.34502156363806,2005,,,0.23684245160835285,0.1,0.4169134497642517,5.43333625793457,-22.482589721679688,293.7297058105469,0.0,18.5439274533385,375,-4.00999999999978,-76.87894901697743,-80.0,-0.07099502322375963,"{2: 14, 3: 43, 4: 26, 5: 43, 6: 74}","{1: 40, 2: 120, 0: 40}",{1: 200},"{1: 191, 2: 9}",{1: 200},{1: 200},0.03479403287273626,0.016852362813333036,0.0386499146510013,0.01941137920994453,0.07413706995216023,0.04093553611090602,0.07956937258421466,0.050315915584275776,0.04210923603481563,0.012287789807135522,0.04264680364777374,0.027363821138399178
2890,0,crash,1,0,1,-93.92893412270132,1457,,,0.23566090027836173,0.1,0.41978174448013306,5.504075050354004,-22.482589721679688,310.4748229980469,0.0,6.8882788329862565,314,-2.9139999999999007,-17.903212955687806,-80.0,-0.06446735355024112,"{3: 56, 4: 44, 5: 21, 6: 24}","{1: 76, 2: 55, 0: 2, 3: 12}","{1: 140, 0: 5}","{1: 140, 0: 5}","{1: 136, 0: 9}","{1: 144, 0: 1}",0.043877791476815614,0.025924714395466352,0.052642796194774355,0.07392549063890799,0.13034902880468005,0.05338160803056915,0.14311001976728308,0.1314265521046307,,,,
2900,0,max_steps,1,0,0,85.2027809379109,2500,,,0.23448524343027585,0.1,0.42180702090263367,5.554797649383545,-21.874807357788086,324.79840087890625,0.0,90.20278093790763,951,-4.999999999999671,0.0,0.0,0.03408111237516436,"{5: 130, 6: 90, 4: 30}","{3: 85, 2: 135, 1: 30}","{1: 239, 2: 11}","{1: 246, 2: 4}","{1: 231, 0: 7, 2: 12}","{1: 225, 0: 23, 2: 2}",0.03839415762288001,0.016693693929932165,0.05023623526251696,0.08237914300879595,0.1208150061012209,0.05187880247333308,0.15433249049664022,0.14989282508393423,,,,
2910,0,max_steps,1,1,0,573.1237032817096,2500,1752.0,1752.0,0.23331545165791032,0.1,0.4259093701839447,5.603634357452393,-21.874807357788086,319.7857666015625,500.0,78.12170328168342,1323,-4.997999999999672,0.0,0.0,0.22924948131268383,"{5: 18, 4: 139, 3: 18, 2: 63, 1: 12}","{5: 109, 6: 11, 4: 30, 3: 62, 2: 38}",{1: 250},"{1: 248, 2: 2}",{1: 250},"{1: 249, 0: 1}",0.033168045257970624,0.02206841988335056,0.05144554534942873,0.060291435499757004,0.06990582209166957,0.04846480572047131,0.10647075784128228,0.12589746557162473,0.05597778634933809,0.05934791762654317,0.039490678739015364,0.04932376316730919
2920,0,max_steps,1,0,0,7.514288329570429,2500,,,0.23215149570178067,0.1,0.4295450747013092,5.684271335601807,-21.874807357788086,317.536865234375,0.0,12.514288329570146,646,-4.999999999999671,0.0,0.0,0.0030057153318281717,"{5: 36, 6: 214}","{1: 193, 2: 47, 0: 10}",{1: 250},{1: 250},{1: 250},{1: 250},0.022772299409163504,0.014663137786254613,0.031158799071118924,0.040342651225285485,0.06105099147980582,0.034263840861296295,0.08776382579446472,0.106915978278788,,,,
2930,0,max_steps,1,0,0,34.07604764339929,2500,,,0.23099334644837125,0.1,0.4340878427028656,5.737684726715088,-21.874807357788086,327.9158020019531,0.0,39.076047643398695,901,-4.999999999999671,0.0,0.0,0.013630419057359717,"{1: 94, 0: 156}","{1: 175, 0: 54, 2: 21}",{1: 250},"{1: 247, 0: 3}",{1: 250},{1: 250},0.02827897798718589,0.013378979596656387,0.03977081489859924,0.0451829278711532,0.06729489659140644,0.02941411019488022,0.09103316938588552,0.11221845248237598,,,,
2940,0,crash,1,0,1,-45.875991899291435,1666,,,0.22984097492940683,0.1,0.43725016713142395,5.800787925720215,-21.874807357788086,320.36614990234375,0.0,51.89943025779513,1113,-3.3319999999998546,-14.44342215708602,-80.0,-0.027536609783488257,"{0: 18, 1: 41, 2: 73, 3: 22, 4: 12}","{2: 144, 3: 22}","{1: 158, 0: 8}",{1: 166},"{1: 156, 0: 10}","{1: 152, 2: 14}",0.04244923724386053,0.020943904565388322,0.057406148870841237,0.0723998549236792,0.1139570540333376,0.04067067881412435,0.13611353680304067,0.14579306263846592,,,,
2950,0,max_steps,1,0,0,49.90279184415074,2500,,,0.2286943523211281,0.1,0.4372776448726654,5.7771315574646,-21.874807357788086,319.4320373535156,0.0,54.90279184415337,995,-4.999999999999671,0.0,0.0,0.019961116737660295,"{5: 67, 6: 5, 4: 9, 3: 14, 2: 155}","{2: 44, 3: 36, 1: 25, 0: 145}","{1: 232, 2: 18}","{1: 239, 2: 11}","{1: 235, 2: 15}","{1: 241, 0: 9}",0.028788855430511472,0.018482338535764677,0.04052550332249786,0.04863649523452527,0.1080783507312754,0.049536278177389426,0.10519366440800135,0.12354890979314177,,,,
2960,0,max_steps,1,0,0,26.309951122748462,2500,,,0.22755344994357077,0.1,0.43891486525535583,5.81751012802124,-21.874807357788086,329.0233459472656,0.0,31.309951122748252,755,-4.999999999999671,0.0,0.0,0.010523980449099385,"{2: 84, 1: 15, 3: 151}","{3: 84, 2: 31, 1: 134, 0: 1}",{1: 250},"{1: 244, 0: 4, 2: 2}",{1: 250},{1: 250},0.01946626791374028,0.021440134755007743,0.02703464715085844,0.02096209825977995,0.06076253671352498,0.051550115062212375,0.06547676376666069,0.07478319887269944,0.003267507854006606,0.05921756000331753,0.01340151274290208,0.029218576159629417
2970,0,max_steps,1,1,0,564.6531245213553,2500,2379.0,2379.0,0.22641823925984803,0.1,0.4411064088344574,5.86759090423584,-21.874807357788086,354.3985595703125,500.0,69.65112452135608,1463,-4.997999999999672,0.0,0.0,0.2258612498085421,"{3: 102, 4: 118, 2: 17, 0: 13}","{4: 117, 5: 130, 3: 3}",{1: 250},"{1: 246, 2: 4}",{1: 250},"{1: 248, 0: 2}",0.02803426098709871,0.019583658503681503,0.038978605970456943,0.06402119012803448,0.08320238603614341,0.050897412943875016,0.1159315588804853,0.12247386949454661,0.08297392768676334,0.046722531462314774,0.09465882422785853,0.09387625015853901
2980,0,max_steps,1,0,0,44.41396034762238,2500,,,0.22528869187543696,0.1,0.4448773264884949,5.906517505645752,-21.874807357788086,337.3131103515625,0.0,49.41396034762416,1253,-4.999999999999671,0.0,0.0,0.01776558413904895,{6: 250},"{5: 8, 4: 53, 3: 189}",{1: 250},"{1: 249, 2: 1}","{1: 246, 2: 4}","{1: 229, 0: 14, 2: 7}",0.01524163219726158,0.021146126785864094,0.017217094960797805,0.030037143649289957,0.08922639202141514,0.04507352668235155,0.13417405226241005,0.14707700645465477,,,,
2990,0,max_steps,1,0,0,71.03642435665502,2500,,,0.22416477953746822,0.1,0.4467633068561554,5.836964130401611,-21.874807357788086,326.3267822265625,0.0,76.0364243566519,1375,-4.999999999999671,0.0,0.0,0.02841456974266201,"{5: 128, 4: 42, 6: 80}","{1: 97, 2: 135, 3: 18}","{1: 239, 2: 11}","{1: 249, 2: 1}","{1: 235, 2: 10, 0: 5}","{1: 234, 0: 15, 2: 1}",0.03622187903656707,0.02861648253132694,0.052700113181944036,0.06317657639810509,0.12209647962371155,0.04979314166769703,0.15693211218481584,0.14562773262384426,,,,
3000,0,crash,1,0,1,-181.45388405870315,1327,,,0.22304647413401948,0.1,0.4495902955532074,5.872835636138916,-21.874807357788086,329.7734680175781,0.0,0.2837661337870917,139,-2.6539999999999293,-99.08365019249034,-80.0,-0.13673992770060525,"{4: 19, 5: 9, 6: 104}","{3: 90, 4: 27, 2: 15}","{1: 119, 0: 13}","{1: 93, 0: 3, 2: 36}","{1: 119, 0: 13}","{1: 122, 0: 6, 2: 4}",0.04417670829822448,0.03265991582557708,0.04410315280484614,0.058140202373844166,0.14787118627327747,0.06546310226065183,0.17559510085051852,0.1481228076059026,,,,
3010,0,max_steps,1,0,0,28.9895769832447,2500,,,0.2219337476934121,0.1,0.4514380991458893,5.848437309265137,-21.874807357788086,313.6531066894531,0.0,33.989576983243595,1093,-4.999999999999671,0.0,0.0,0.01159583079329788,"{3: 190, 4: 60}","{1: 139, 2: 90, 0: 21}",{1: 250},"{1: 249, 2: 1}",{1: 250},"{1: 248, 0: 2}",0.024930593520647866,0.01655432009257452,0.04149372427960952,0.038930779413265455,0.05754676182196137,0.05181464037466505,0.08436856312943836,0.10571691363613044,,,,
3020,0,max_steps,1,0,0,82.14684435977115,2500,,,0.22082657238351158,0.1,0.45431044697761536,5.904184341430664,-23.53449058532715,321.81256103515625,0.0,87.14684435976785,1307,-4.999999999999671,0.0,0.0,0.03285873774390846,"{5: 148, 6: 79, 4: 23}","{2: 44, 3: 69, 1: 66, 0: 71}","{1: 227, 0: 10, 2: 13}",{1: 250},"{1: 224, 0: 13, 2: 13}","{1: 213, 0: 25, 2: 12}",0.03487343314815895,0.021702859777469947,0.05473101090630312,0.06382876500581104,0.14205406427037068,0.041147492633886146,0.18423111381546273,0.1934015003615244,,,,
3030,0,max_steps,1,1,0,566.2930960858332,2500,2003.0,2003.0,0.21972492051103149,0.1,0.4563691020011902,5.953597068786621,-23.53449058532715,345.8201599121094,500.0,71.29109608582567,1463,-4.997999999999672,0.0,0.0,0.22651723843433327,"{1: 110, 2: 89, 3: 14, 4: 37}","{3: 127, 2: 73, 5: 11, 4: 39}",{1: 250},"{1: 248, 0: 2}",{1: 250},"{1: 248, 0: 2}",0.02123799035058321,0.01614794087094026,0.03699131300833315,0.04351037778408909,0.07092104560463426,0.048178504321756736,0.10586078992659952,0.11324134962673865,0.07687744257253241,0.05797342053525556,0.11992972374722005,0.04909732979125794
3040,0,max_steps,1,0,0,57.24589306839684,2500,,,0.21862876452084054,0.1,0.461159348487854,6.053430080413818,-19.432327270507812,359.3708801269531,0.0,62.24589306839887,1378,-4.999999999999671,0.0,0.0,0.022898357227358737,"{1: 52, 2: 120, 3: 78}","{5: 185, 6: 15, 4: 50}",{1: 250},{1: 250},{1: 250},"{1: 247, 0: 2, 2: 1}",0.028281090931984644,0.014479323122467459,0.0391661315218116,0.05342973484972292,0.07165970417159127,0.03730876820276251,0.10269979288495504,0.12117008189821438,,,,
3050,0,max_steps,1,0,0,72.1747795092916,2500,,,0.21753807699527364,0.1,0.46153298020362854,6.009702682495117,-19.432327270507812,314.41485595703125,0.0,77.17477950929238,1466,-4.999999999999671,0.0,0.0,0.02886991180371664,"{5: 24, 4: 73, 3: 144, 2: 9}","{2: 93, 3: 103, 1: 54}",{1: 250},"{1: 249, 0: 1}",{1: 250},"{1: 248, 0: 2}",0.03527681101040463,0.01812065559258455,0.055474112686045116,0.0573148957977837,0.07346786016165507,0.04978231526285039,0.10199126016893105,0.13469681194934663,0.08575981843299657,0.05603915209269143,0.0957850877697702,0.13322940979871686
3060,0,max_steps,1,0,0,70.66719398032724,2500,,,0.21645283065344587,0.1,0.4656504690647125,5.9941277503967285,-19.432327270507812,322.8964538574219,0.0,75.66719398032598,944,-4.999999999999671,0.0,0.0,0.028266877592130896,"{4: 47, 5: 47, 6: 156}","{1: 62, 0: 188}","{1: 235, 2: 15}","{1: 240, 0: 8, 2: 2}","{1: 225, 2: 16, 0: 9}","{1: 236, 0: 14}",0.028237595119109796,0.01724746544241699,0.0421660187791986,0.05307370244996161,0.12200062420512335,0.057467727913380014,0.17907730088914112,0.1340778161865522,,,,
3070,0,max_steps,1,0,0,49.99312815800041,2500,,,0.21537299835057042,0.1,0.4675328731536865,5.994129180908203,-19.432327270507812,315.3303527832031,0.0,54.99312815800194,1376,-4.999999999999671,0.0,0.0,0.019997251263200164,"{5: 32, 4: 31, 3: 19, 2: 161, 1: 7}","{2: 169, 3: 20, 1: 61}",{1: 250},"{1: 249, 0: 1}",{1: 250},"{1: 249, 0: 1}",0.030707165346531562,0.01692577270311419,0.03212674360002149,0.03651239847931568,0.07225977758051863,0.040393878353060575,0.09645476992403938,0.11623996177404092,0.13008947674722196,0.03475998408969656,0.13738303717568223,0.13612250655598157
3080,0,max_steps,1,1,0,576.5795268760561,2500,518.0,518.0,0.2142985530772792,0.1,0.4741204082965851,6.114775657653809,-19.432327270507812,324.08050537109375,500.0,81.57752687601078,1548,-4.997999999999672,0.0,0.0,0.23063181075042244,"{4: 22, 3: 29, 0: 199}","{5: 24, 4: 25, 3: 2, 2: 19, 1: 180}",{1: 250},"{1: 248, 2: 2}",{1: 250},"{1: 249, 2: 1}",0.02593250818072982,0.01219191929090276,0.03743592372646085,0.04296357099543577,0.06323798912278936,0.05031057815680346,0.08379049428748316,0.0882558436053368,0.04117984176373977,0.0382432109623179,0.06179852745874501,0.07377586386140395
3090,0,max_steps,1,0,0,32.49490909726748,2500,,,0.21322946795894776,0.1,0.477030485868454,6.038523197174072,-19.432327270507812,304.3136901855469,0.0,37.49490909726667,986,-4.999999999999671,0.0,0.0,0.012997963638906993,"{3: 103, 4: 81, 5: 66}","{1: 89, 2: 141, 3: 20}",{1: 250},"{1: 249, 0: 1}",{1: 250},"{1: 249, 0: 1}",0.022314376787106092,0.021830277233835883,0.03619398423441757,0.040054106119315876,0.06762007584457573,0.04628575194956951,0.09248885667308496,0.10660325028508573,0.05666769244590429,0.050397445397685904,0.07861562628974368,0.09894627281387836
3100,0,max_steps,1,1,0,579.6368928638899,2500,1890.0,1890.0,0.21216571625502262,0.1,0.4790942966938019,5.97357177734375,-19.432327270507812,293.29656982421875,500.0,84.63489286387953,1574,-4.997999999999672,0.0,0.0,0.23185475714555595,"{4: 25, 3: 44, 2: 119, 0: 62}","{5: 20, 4: 63, 3: 83, 2: 22, 0: 62}",{1: 250},"{1: 244, 2: 1, 0: 5}",{1: 250},"{1: 246, 0: 4}",0.041843527254855184,0.02149998445142552,0.060555346115853774,0.07480955446477874,0.07668454398930773,0.05444328983844599,0.10648718495325674,0.13871072421455236,0.07512041097345376,0.02696091143764109,0.11663534521744204,0.13868614489914602
3110,0,max_steps,1,0,0,82.53069727782092,2500,,,0.21110727135835275,0.1,0.4823933243751526,6.019049167633057,-19.432327270507812,296.35760498046875,0.0,87.53069727782055,849,-4.999999999999671,0.0,0.0,0.033012278911128366,"{4: 83, 5: 99, 6: 68}","{3: 88, 2: 153, 1: 9}","{1: 234, 2: 16}","{1: 243, 2: 2, 0: 5}","{1: 227, 2: 23}","{1: 229, 2: 2, 0: 19}",0.0625371123553447,0.02837208457676922,0.07512644886423328,0.07093600242160966,0.12706364122129307,0.05486355940533925,0.16778082954700657,0.14726912383640203,,,,
3120,0,max_steps,1,1,0,536.8099367253144,2500,349.0,349.0,0.21005410679452396,0.1,0.4840351939201355,6.006176471710205,-19.432327270507812,299.8056335449219,500.0,41.80793672528488,1436,-4.997999999999672,0.0,0.0,0.21472397469012577,"{4: 32, 3: 2, 1: 154, 0: 62}","{3: 34, 5: 197, 4: 19}",{1: 250},{1: 250},{1: 250},{1: 250},0.021277881904917577,0.010174476985864824,0.0301406443447631,0.03685798701291088,0.04317683847698061,0.03848498544773255,0.06323688881418585,0.09661333369185533,0.033611696730715755,0.03384192696067883,0.056198552592838256,0.03524559772490018
3130,0,max_steps,1,1,0,590.9007267031777,2500,1430.0,1430.0,0.2090061962211966,0.1,0.48613888025283813,6.029189586639404,-19.432327270507812,303.3855895996094,500.0,95.89872670315373,1467,-4.997999999999672,0.0,0.0,0.2363602906812711,"{2: 56, 1: 80, 3: 6, 5: 59, 4: 22, 6: 27}","{1: 13, 2: 23, 3: 106, 6: 108}","{1: 249, 2: 1}","{1: 247, 0: 2, 2: 1}","{1: 241, 0: 2, 2: 7}","{1: 244, 0: 6}",0.034044236850182985,0.0153072615653904,0.048914230349524,0.0682748493417209,0.11048279878215854,0.05033989462306298,0.14533187710665404,0.13198877827865674,0.09392736883439873,0.04318975959461156,0.05111249837439342,0.1041008214859305
3140,0,max_steps,1,0,0,10.335266804676229,2500,,,0.20796351342744684,0.1,0.48691296577453613,6.021604537963867,-19.432327270507812,293.29656982421875,0.0,15.335266804676687,898,-4.999999999999671,0.0,0.0,0.004134106721870492,{2: 250},"{3: 228, 2: 22}",{1: 250},{1: 250},{1: 250},{1: 250},0.006566432144258037,0.012057246016957061,0.010074564848419607,0.01402263498419894,0.026236750466231078,0.021322648452979934,0.040451113325131384,0.052352966200855576,,,,
3150,0,max_steps,1,0,0,83.33844916419862,2500,,,0.20692603233311097,0.1,0.48783671855926514,6.0348920822143555,-19.432327270507812,302.2610168457031,0.0,88.33844916419724,875,-4.999999999999671,0.0,0.0,0.03333537966567945,"{1: 107, 2: 29, 0: 114}","{1: 186, 0: 64}","{1: 236, 2: 1, 0: 13}","{1: 247, 0: 3}","{1: 232, 2: 4, 0: 14}","{1: 238, 2: 9, 0: 3}",0.04623454124520153,0.020500768943472136,0.06323124050779252,0.0712557560497522,0.14090309522842556,0.052236219994598355,0.1659362611097509,0.142584873800946,,,,
3160,0,max_steps,1,0,0,43.87210043849419,2500,,,0.20589372698813307,0.1,0.4891831874847412,6.068180084228516,-19.432327270507812,293.29656982421875,0.0,48.872100438494,1386,-4.999999999999671,0.0,0.0,0.01754884017539768,"{5: 156, 4: 94}","{2: 177, 3: 13, 1: 60}",{1: 250},"{1: 247, 0: 2, 2: 1}",{1: 250},"{1: 249, 0: 1}",0.02481897119635776,0.01099378433599505,0.03266263899239634,0.043342839722022374,0.07060819857663352,0.04635008195871482,0.09308895076866146,0.10232382576858814,,,,
3170,0,max_steps,1,1,0,584.5745351271331,2500,632.0,632.0,0.20486657157191598,0.1,0.4923129975795746,6.10568380355835,-19.432327270507812,300.94622802734375,500.0,89.57253512708711,1280,-4.997999999999672,0.0,0.0,0.23382981405085324,"{2: 47, 3: 54, 5: 58, 6: 39, 4: 52}","{3: 83, 1: 28, 2: 139}","{1: 235, 2: 15}","{1: 235, 0: 14, 2: 1}","{1: 226, 0: 6, 2: 18}","{1: 234, 0: 15, 2: 1}",0.031503035349713826,0.019817980086408976,0.049708208050709926,0.06845219510876845,0.14087146159055194,0.056758226748166454,0.1779695200815563,0.14396767344383393,0.1404074725006808,0.022201253660965533,0.12202006610356389,0.13341562109625069
3180,0,max_steps,1,0,0,80.53169264469699,2500,,,0.20384454039267538,0.1,0.4921427071094513,6.085373401641846,-19.432327270507812,297.18408203125,0.0,85.5316926446978,1479,-4.999999999999671,0.0,0.0,0.032212677057878794,"{0: 13, 1: 56, 2: 149, 3: 32}","{3: 172, 2: 8, 4: 65, 5: 5}",{1: 250},"{1: 242, 0: 7, 2: 1}",{1: 250},"{1: 248, 0: 2}",0.024586128694173537,0.025433857663117034,0.03903189643422566,0.0559122545828275,0.08220239499005481,0.055125763911021586,0.09836868946850294,0.11499446134739373,0.06802452089835835,0.03165917564817472,0.021835194019160186,0.071694198458633
3190,0,max_steps,1,1,0,564.4644630887259,2500,2297.0,2297.0,0.20282760788679727,0.1,0.49153319001197815,6.034462928771973,-19.432327270507812,295.001953125,500.0,69.46246308871851,1338,-4.997999999999672,0.0,0.0,0.22578578523549037,"{2: 57, 1: 109, 3: 63, 4: 21}","{2: 148, 3: 81, 5: 21}",{1: 250},"{1: 248, 0: 2}","{1: 247, 0: 3}",{1: 250},0.020200817920938682,0.015049788080899747,0.03247312293600711,0.04577468301740437,0.06754071752721767,0.04543196492860143,0.09558776003183708,0.10314405397386149,0.02654698531021181,0.034259864159050565,0.0391119858816388,0.04054504815759668
3200,0,max_steps,1,1,0,529.9792202820156,2500,448.0,448.0,0.2018157486181985,0.1,0.5000787377357483,6.155020713806152,-22.136411666870117,312.9722595214844,500.0,34.97722028196082,1337,-4.997999999999672,0.0,0.0,0.21199168811280625,"{3: 44, 1: 37, 0: 169}","{5: 16, 4: 16, 3: 22, 2: 196}",{1: 250},"{1: 240, 2: 9, 0: 1}",{1: 250},{1: 250},0.010551533798613358,0.013467101532623482,0.017377702761194668,0.02291971375460825,0.028709184624955468,0.05478840612037978,0.038677475940168765,0.04716635260186879,0.0058732457942117546,0.05841396263139255,0.012421411212476653,0.01681538984838954
3210,0,max_steps,1,0,0,49.851392438680335,2500,,,0.20080893727769064,0.1,0.5069209933280945,6.276239395141602,-22.136411666870117,307.8284912109375,0.0,54.851392438682204,1292,-4.999999999999671,0.0,0.0,0.019940556975472135,"{3: 27, 2: 76, 1: 28, 4: 119}","{2: 195, 1: 3, 3: 52}","{1: 245, 0: 5}",{1: 250},"{1: 242, 0: 8}","{1: 239, 2: 7, 0: 4}",0.03174252440251984,0.011856705648622044,0.04731701942434055,0.06582294933933418,0.09717381034427615,0.03977765557669968,0.1333686702605426,0.1426982191757636,0.15623377214124898,0.007215994384874545,0.1954145387320179,0.12220965343368448
3220,0,max_steps,1,0,0,38.67959621948539,2500,,,0.19980714868234667,0.1,0.5105257034301758,6.3309645652771,-22.136411666870117,312.8444519042969,0.0,43.67959621948571,1022,-4.999999999999671,0.0,0.0,0.015471838487794156,"{5: 17, 6: 233}","{2: 8, 3: 79, 4: 163}",{1: 250},{1: 250},"{1: 243, 0: 7}","{1: 232, 0: 15, 2: 3}",0.025859128345951783,0.010643852452268884,0.043361231327283874,0.05947141704248371,0.10259025722395454,0.041254535248603875,0.14918277803305527,0.14795318059682833,,,,
3230,0,max_steps,1,1,0,569.9696105300983,2500,2112.0,2112.0,0.19881035777487138,0.1,0.5105316638946533,6.290093421936035,-18.246376037597656,307.8284912109375,500.0,74.96761053008818,1518,-4.997999999999672,0.0,0.0,0.22798784421203933,"{1: 49, 2: 80, 3: 36, 4: 46, 6: 39}","{3: 92, 2: 119, 6: 39}","{1: 242, 0: 8}","{1: 248, 0: 2}","{1: 241, 0: 9}","{1: 238, 2: 12}",0.031255157847674665,0.014387296369723733,0.052071330870567735,0.07152337371733536,0.07870721060533077,0.043495031677431704,0.11120083303943255,0.1392296212643888,0.13237526057834892,0.05055651941572335,0.06773331534795404,0.1455550113969125
3240,0,max_steps,1,0,0,58.36588347606343,2500,,,0.1978185396229746,0.1,0.5104154348373413,6.296234607696533,-18.146953582763672,315.0789794921875,0.0,63.36588347606407,1585,-4.999999999999671,0.0,0.0,0.023346353390425373,"{1: 120, 2: 126, 3: 4}","{3: 172, 2: 78}",{1: 250},"{1: 243, 0: 1, 2: 6}",{1: 250},"{1: 248, 0: 2}",0.023254997498759776,0.020331019438831102,0.036857981744145715,0.04464616987688636,0.06382397022444902,0.05250896588326861,0.09321399383411295,0.11788694367784992,,,,
3250,0,max_steps,1,0,0,47.97849145232925,2500,,,0.19683166941874727,0.1,0.5127993822097778,6.350966930389404,-18.146953582763672,323.69366455078125,0.0,52.978491452329166,1250,-4.999999999999671,0.0,0.0,0.0191913965809317,"{4: 75, 3: 32, 2: 143}","{1: 138, 0: 31, 2: 81}",{1: 250},"{1: 244, 2: 1, 0: 5}",{1: 250},"{1: 246, 0: 1, 2: 3}",0.021477959381800533,0.016470876033652514,0.025405861517281768,0.03128798572295871,0.06787220338945921,0.04897036869548643,0.08924963267643284,0.1111715091148137,,,,
3260,0,max_steps,1,0,0,127.6474372027793,2500,,,0.19584972247804144,0.1,0.5151123404502869,6.356846809387207,-18.146953582763672,331.8558349609375,0.0,132.6474372027783,1143,-4.999999999999671,0.0,0.0,0.05105897488111172,"{5: 87, 6: 123, 4: 40}","{4: 83, 5: 8, 3: 159}","{1: 217, 2: 15, 0: 18}",{1: 250},"{1: 190, 2: 32, 0: 28}","{1: 183, 2: 33, 0: 34}",0.06435599672643161,0.017459140208471467,0.09414254554175426,0.11877406709165919,0.15669344091965481,0.038302777317714726,0.22008415266182815,0.21298137338415052,,,,
3270,0,success,1,2,0,1118.2013677677405,2431,1215.5,1215.5,0.19487267423985233,0.1,0.5229170322418213,6.4450154304504395,-18.146953582763672,307.4883728027344,1000.0,123.66130873632294,1356,-4.857999999999687,-0.6019409686093005,0.0,0.45997588143469376,"{4: 48, 5: 30, 6: 27, 2: 92, 1: 11, 3: 35}","{5: 6, 4: 36, 3: 80, 2: 78, 1: 43}","{1: 242, 2: 1}","{1: 231, 2: 3, 0: 9}","{1: 226, 2: 10, 0: 7}","{1: 230, 0: 13}",0.06045797536030165,0.02057789313409103,0.07790086537782467,0.07617000145954889,0.1352798459193964,0.05496679411145913,0.1648335527634957,0.1428438722997186,0.12083498595524315,0.0605532049709869,0.16561137385108543,0.07726050747550624
3280,0,max_steps,1,0,0,67.86557961847669,2500,,,0.19390050026570443,0.1,0.5239577889442444,6.395974636077881,-20.211809158325195,307.4883728027344,0.0,72.86557961847636,946,-4.999999999999671,0.0,0.0,0.027146231847390675,"{5: 28, 6: 222}","{2: 166, 1: 37, 3: 47}",{1: 250},"{1: 232, 0: 18}","{1: 242, 2: 8}","{1: 249, 2: 1}",0.03151365447712412,0.015171971196598497,0.03951467203933383,0.037977195171994244,0.11135865066516133,0.05573542299496241,0.12418717815813216,0.1041030365155482,,,,
3290,0,max_steps,1,1,0,609.9032543626637,2500,350.0,350.0,0.19293317623903994,0.1,0.5304951071739197,6.469047546386719,-20.211809158325195,334.6683654785156,500.0,114.90125436261401,1448,-4.997999999999672,0.0,0.0,0.24396130174506547,"{4: 34, 0: 189, 1: 27}","{2: 7, 3: 225, 4: 18}","{1: 248, 0: 2}","{1: 248, 0: 2}","{1: 240, 0: 10}","{1: 245, 2: 4, 0: 1}",0.03553917119669066,0.016114007769555044,0.04624502504944284,0.04775174386926707,0.12857791146729045,0.042664855451345476,0.15637272640169297,0.14139388739888642,0.1375569949293044,0.004758013807102027,0.17787047260539904,0.012424559803208356
3300,0,max_steps,1,1,0,560.0393921085061,2500,222.0,222.0,0.1919706779646106,0.1,0.533698558807373,6.454657554626465,-20.211809158325195,291.1559143066406,500.0,65.03739210848445,1403,-4.997999999999672,0.0,0.0,0.22401575684340247,"{3: 58, 4: 129, 5: 63}","{2: 19, 3: 110, 4: 121}",{1: 250},"{1: 246, 0: 3, 2: 1}",{1: 250},{1: 250},0.02835236941663275,0.032616368197404044,0.042160945383985626,0.03807556847240814,0.09035651268461713,0.05460847832813873,0.10530062337205756,0.09151616246652199,0.09115257150242122,0.05647081141611917,0.11321398757960546,0.12991624620830167
3310,0,max_steps,1,0,0,52.126873683742375,2500,,,0.1910129813678727,0.1,0.5351170301437378,6.480062007904053,-22.096790313720703,291.41851806640625,0.0,57.126873683743796,974,-4.999999999999671,0.0,0.0,0.02085074947349695,"{3: 40, 4: 73, 5: 94, 6: 14, 2: 29}","{1: 57, 0: 10, 2: 120, 3: 63}","{1: 239, 2: 11}","{1: 247, 0: 2, 2: 1}","{1: 243, 2: 7}","{1: 249, 0: 1}",0.0348535296692545,0.021122161831301032,0.04714992648644992,0.04741942244286044,0.11363383923673936,0.04424964649888663,0.14527819077988255,0.12170197723284486,,,,
3320,0,max_steps,1,0,0,90.7326979330291,2500,,,0.19006006249438467,0.1,0.5414481163024902,6.633699417114258,-22.096790313720703,336.822998046875,0.0,95.73269793302639,1143,-4.999999999999671,0.0,0.0,0.03629307917321164,"{1: 122, 0: 111, 2: 17}","{5: 34, 6: 20, 4: 63, 3: 133}","{1: 243, 0: 7}","{1: 245, 2: 5}","{1: 240, 0: 10}","{1: 240, 0: 5, 2: 5}",0.04619043763144389,0.02284073818504602,0.06122708726331908,0.07538796717913901,0.09759564137026898,0.05123966144735417,0.1301005393413587,0.14574810881234432,,,,
3330,0,max_steps,1,1,0,548.9443274953126,2500,276.0,276.0,0.18911189750920804,0.1,0.5456454753875732,6.6380486488342285,-22.164403915405273,315.84466552734375,500.0,53.94232749526784,938,-4.997999999999672,0.0,0.0,0.21957773099812503,"{4: 15, 3: 12, 1: 27, 0: 196}","{2: 11, 3: 16, 5: 142, 6: 32, 4: 49}",{1: 250},"{1: 249, 0: 1}",{1: 250},"{1: 245, 0: 5}",0.03659264630088267,0.015241107486246016,0.05213651011337184,0.06848498971998246,0.09945537836264397,0.04324658902815572,0.12982979060564945,0.14160042531612418,0.07962382754226373,0.051746745002492746,0.13151133781908256,0.13148093437288308
3340,0,max_steps,1,1,0,548.0470190188098,2500,1519.0,1519.0,0.1881684626963112,0.1,0.5517848134040833,6.696486473083496,-20.218080520629883,319.9778137207031,500.0,53.04501901877232,1006,-4.997999999999672,0.0,0.0,0.21921880760752394,"{4: 151, 5: 29, 3: 70}","{2: 143, 1: 5, 3: 3, 5: 40, 4: 59}",{1: 250},"{1: 245, 0: 1, 2: 4}",{1: 250},{1: 250},0.02607749901818942,0.013778405099352353,0.03168322678264788,0.029609870292777167,0.06645689687047557,0.04526187236209348,0.0794272715969099,0.07447916138916139,0.025795329070934667,0.048542796182480724,0.03387435048955822,0.029753583058743933
3350,0,max_steps,1,0,0,62.81287697070012,2500,,,0.18722973445797636,0.1,0.5516290664672852,6.702896595001221,-20.218080520629883,337.7560119628906,0.0,67.81287697070137,1248,-4.999999999999671,0.0,0.0,0.025125150788280048,"{6: 143, 5: 107}","{1: 10, 2: 135, 3: 105}",{1: 250},{1: 250},{1: 250},"{1: 246, 2: 2, 0: 2}",0.028183585553766523,0.019779820376246725,0.03348789745529668,0.03688326447212069,0.057852767332451795,0.04688267964946319,0.0866483559347693,0.117818066375405,,,,
3360,0,crash,1,0,1,-157.35724624972138,2325,,,0.18629568931420912,0.1,0.5510997772216797,6.680770397186279,-20.211809158325195,328.80926513671875,0.0,21.654219818024504,295,-4.64999999999971,-94.3614660677472,-80.0,-0.06768053602138555,"{5: 18, 6: 214}","{3: 217, 2: 5, 4: 10}",{1: 232},"{1: 197, 0: 35}","{1: 226, 0: 6}","{1: 228, 0: 3, 2: 1}",0.03752751104289116,0.015589182837425209,0.04419872066743442,0.03400274229523558,0.08061884806505938,0.06369243517840514,0.11518070519933289,0.13885512383913723,,,,
3370,0,max_steps,1,0,0,73.27104693460717,2500,,,0.18536630390215128,0.1,0.5540510416030884,6.708812713623047,-20.211809158325195,323.4583740234375,0.0,78.27104693460748,1261,-4.999999999999671,0.0,0.0,0.029308418773842868,"{5: 123, 4: 45, 6: 33, 3: 49}","{1: 115, 2: 60, 0: 23, 3: 52}","{1: 233, 2: 17}","{1: 248, 0: 2}","{1: 232, 2: 16, 0: 2}","{1: 237, 0: 13}",0.041504038008226996,0.016156388288464666,0.060183822310761234,0.07298339925627417,0.12208972482394603,0.05372438811751632,0.16046705118783217,0.14392166894603037,,,,
3380,0,max_steps,1,0,0,-4.969542299037473,2500,,,0.1844415549754964,0.1,0.5549597144126892,6.694443225860596,-18.146953582763672,332.0212707519531,0.0,29.028530884152254,875,-4.999999999999671,-28.998073183190996,0.0,-0.001987816919614989,"{5: 153, 6: 97}","{5: 60, 4: 42, 3: 145, 2: 3}",{1: 250},"{1: 229, 2: 8, 0: 13}",{1: 250},{1: 250},0.03609657793509975,0.019027367562977848,0.04678294913177727,0.03844000728773714,0.0938169137765159,0.059204908811896814,0.1029067140614033,0.07571357861468041,,,,
3390,0,crash,1,0,1,-75.1380866075528,2473,,,0.1835214194039085,0.1,0.5547531843185425,6.6450300216674805,-18.146953582763672,311.3545227050781,0.0,36.29288832712705,743,-4.945999999999677,-26.484974934679936,-80.0,-0.030383375094036713,"{4: 42, 3: 17, 2: 22, 1: 32, 0: 134}","{1: 150, 0: 12, 2: 85}",{1: 247},"{1: 237, 0: 10}","{1: 242, 2: 5}","{1: 242, 0: 5}",0.028903054534553434,0.01580435609866631,0.043813569284262895,0.054101706699403354,0.10281092832237344,0.05431030663529408,0.11262887869143935,0.13701538842337466,,,,
3400,0,crash,1,0,1,-78.3115841611741,1895,,,0.1826058741724434,0.1,0.5590171217918396,6.665464878082275,-18.146953582763672,301.2069091796875,0.0,38.20671277279448,638,-3.789999999999804,-32.728296933967215,-80.0,-0.041325374227532505,"{2: 93, 3: 15, 4: 30, 5: 40, 6: 11}","{2: 9, 3: 93, 4: 36, 5: 51}","{1: 183, 0: 6}","{1: 182, 0: 7}","{1: 177, 0: 12}","{1: 171, 0: 10, 2: 8}",0.0537647763277727,0.023216022788512786,0.056256913429429976,0.05090680036182092,0.13907043308392902,0.049634085720071754,0.1627700334495861,0.14935264330723474,0.1480431548225291,0.03940738272018743,0.18130528205813984,0.12755948117080482
3410,0,max_steps,1,1,0,569.7978449808337,2500,1726.0,1726.0,0.1816948963809729,0.1,0.5637154579162598,6.679819107055664,-18.146953582763672,304.63934326171875,500.0,74.79584498081539,1423,-4.997999999999672,0.0,0.0,0.2279191379923335,"{1: 22, 2: 20, 3: 96, 4: 34, 6: 63, 5: 15}","{2: 124, 3: 83, 4: 43}","{1: 247, 0: 3}","{1: 244, 0: 6}","{1: 245, 0: 5}","{1: 248, 0: 1, 2: 1}",0.04259760608177986,0.013991790862700818,0.058831541295165865,0.06406097645027538,0.09691554932555722,0.046061066768530605,0.12514736938070237,0.13423075694391118,0.06719829298314274,0.04052024054460229,0.0986465018890613,0.09661503876032541
3420,0,crash,1,0,1,-79.99861655021905,2055,,,0.1807884632436123,0.1,0.568586528301239,6.724706172943115,-18.146953582763672,324.5445251464844,0.0,28.269384157412592,702,-4.109999999999769,-24.158000707631405,-80.0,-0.038928767177722166,"{4: 76, 5: 40, 6: 89}","{1: 7, 2: 89, 3: 109}","{1: 203, 0: 2}","{1: 185, 0: 20}","{1: 198, 0: 7}","{1: 194, 0: 11}",0.032829207155607984,0.022844622485608507,0.03778722748347276,0.050550419437928554,0.11508393614111519,0.05970191504209829,0.12390366033577045,0.13908722744733137,,,,
3430,0,max_steps,1,0,0,53.913514775004565,2500,,,0.17988655208815033,0.1,0.5734598636627197,6.823688507080078,-18.146953582763672,303.6568908691406,0.0,58.913514775007094,1015,-4.999999999999671,0.0,0.0,0.021565405910001827,"{0: 154, 1: 96}","{2: 125, 1: 120, 0: 5}",{1: 250},"{1: 246, 2: 2, 0: 2}",{1: 250},"{1: 247, 0: 3}",0.043145533204231534,0.015105075120881807,0.058347487832197245,0.05451231129663238,0.11460581424006194,0.04071649602821371,0.140735736942878,0.1304216367985261,,,,
3440,0,max_steps,1,1,0,584.367674569319,2500,1894.0,1894.0,0.17898914035548197,0.1,0.5739727020263672,6.792228698730469,-18.146953582763672,313.6866455078125,500.0,89.36567456929906,1077,-4.997999999999672,0.0,0.0,0.23374706982772758,"{2: 98, 1: 58, 0: 31, 3: 2, 6: 61}","{2: 58, 3: 148, 4: 44}","{1: 235, 0: 15}","{1: 243, 0: 5, 2: 2}","{1: 234, 0: 16}","{1: 217, 0: 20, 2: 13}",0.051808201191057036,0.016263863649777173,0.07344658142994412,0.08563257304394131,0.10942657766689487,0.049821882274957895,0.14432998332371666,0.151786216398722,0.09061921373986519,0.022509059911830182,0.052164955817313265,0.1511156414678982
3450,0,success,1,2,0,1051.7568437062241,1788,894.0,894.0,0.17809620559904438,0.1,0.57692950963974,6.797316074371338,-19.817340850830078,296.19305419921875,1000.0,55.32884370622439,1160,-3.571999999999828,0.0,0.0,0.5882308969274184,"{4: 135, 3: 43}","{3: 95, 2: 51, 4: 32}",{1: 178},"{1: 176, 2: 2}",{1: 178},{1: 178},0.030634248435779728,0.01275964287750912,0.03231861572954134,0.02490241462301048,0.06605741764791635,0.03924061403356571,0.08758516658779496,0.09823734479572234,0.09785091420076567,0.03966750184154087,0.07931890941416322,0.12390149228677924
3460,0,max_steps,1,0,0,32.21960260877272,2500,,,0.17720772548425529,0.1,0.5809769630432129,6.86155366897583,-19.817340850830078,316.39208984375,0.0,50.85642712896125,1023,-4.999999999999671,-13.636824520187396,0.0,0.012887841043509088,"{2: 29, 3: 17, 4: 71, 5: 92, 6: 41}","{5: 132, 6: 13, 4: 41, 3: 60, 2: 4}",{1: 250},"{1: 239, 2: 4, 0: 7}","{1: 246, 0: 4}","{1: 249, 2: 1}",0.043164679334234374,0.02587883295337652,0.05951063119442683,0.059262081067856937,0.0924227876970084,0.05615212847845421,0.12060940600104281,0.1159265594407238,,,,
3470,0,max_steps,1,1,0,608.7119217064525,2500,1773.0,1773.0,0.17632367778795438,0.1,0.584356427192688,6.928807735443115,-20.0708065032959,343.51007080078125,500.0,113.70992170643298,1452,-4.997999999999672,0.0,0.0,0.24348476868258098,"{6: 48, 5: 15, 4: 113, 3: 1, 1: 55, 0: 16, 2: 2}","{3: 131, 4: 90, 5: 29}",{1: 250},"{1: 238, 0: 2, 2: 10}","{1: 240, 2: 10}","{1: 234, 2: 15, 0: 1}",0.047172806063130845,0.014602716129721756,0.056175809954046044,0.07849122247233611,0.0900177152556274,0.05340007542025458,0.12268690154722699,0.1466255900321373,0.05711550401367889,0.0457876234529562,0.07481730833239451,0.06381922066797222
3480,0,max_steps,1,1,0,578.9562177337442,2500,2122.0,2122.0,0.17544404039784753,0.1,0.5886793732643127,6.961555480957031,-19.817340850830078,316.39208984375,500.0,83.95421773372995,1469,-4.997999999999672,0.0,0.0,0.23158248709349769,"{0: 58, 1: 38, 2: 108, 3: 8, 4: 38}","{1: 61, 2: 133, 3: 18, 6: 38}",{1: 250},"{1: 248, 0: 2}",{1: 250},{1: 250},0.018623100068459728,0.02573310300270463,0.02381780675662864,0.03937246473885511,0.06488542763240246,0.052566500914223144,0.08041493167265312,0.11460235561562129,0.046348009944106885,0.05844750485498561,0.022547786340239448,0.07146249578046454
3490,0,max_steps,1,1,0,614.3250779628512,2500,1824.0,1824.0,0.1745687913119536,0.1,0.5897957682609558,6.97971248626709,-19.817340850830078,316.39208984375,500.0,119.32307796284255,1562,-4.997999999999672,0.0,0.0,0.24573003118514047,"{4: 72, 5: 61, 6: 44, 3: 5, 2: 45, 1: 23}","{1: 10, 2: 50, 3: 190}",{1: 250},"{1: 247, 0: 3}","{1: 238, 0: 2, 2: 10}","{1: 221, 0: 24, 2: 5}",0.05319087154378585,0.019240460789160287,0.07092036848699336,0.08198101485227088,0.1057974560830264,0.05172835932468909,0.15275017118394804,0.15098677408242422,0.08083579522330561,0.03441607529554088,0.12390740292993682,0.05463880000651443
3500,0,success,1,2,0,1063.134139727831,2477,1238.5,1238.5,0.17369790863805412,0.1,0.5915206670761108,6.945067882537842,-19.817340850830078,305.02630615234375,1000.0,68.08413972782462,1509,-4.949999999999677,0.0,0.0,0.42920231720945945,"{4: 132, 3: 98, 2: 17}","{3: 84, 4: 47, 2: 84, 1: 32}",{1: 247},"{1: 234, 0: 7, 2: 6}","{1: 241, 2: 6}","{1: 243, 0: 3, 2: 1}",0.026241204168746615,0.027440874573821047,0.03884709525415115,0.05395912249379686,0.10488581955541795,0.057720546899783495,0.13488899454999603,0.13471171407489324,0.04518456322882967,0.0599963967408518,0.08902782170883065,0.1324294749826169
3510,0,crash,1,0,1,-82.87719236192483,2269,,,0.17283137059314588,0.1,0.596727728843689,7.0701904296875,-19.817340850830078,326.07818603515625,0.0,14.181591197562698,518,-4.537999999999722,-12.520783559487628,-80.0,-0.03652586706122734,"{6: 218, 5: 8}","{5: 127, 4: 25, 6: 32, 3: 42}","{1: 219, 0: 7}","{1: 221, 2: 5}","{1: 215, 0: 11}","{1: 207, 0: 9, 2: 10}",0.026192120294046002,0.026124313238407623,0.04342417753051531,0.07043269406630107,0.09896052174063621,0.05543268159678405,0.13884327243918482,0.14902386157149825,,,,
3520,0,max_steps,1,0,0,55.44674752617458,2500,,,0.1719691555028959,0.1,0.5997461080551147,7.138367176055908,-19.490089416503906,348.91162109375,0.0,60.44674752617593,1015,-4.999999999999671,0.0,0.0,0.022178699010469833,"{5: 18, 6: 232}","{3: 11, 2: 19, 1: 183, 0: 37}","{1: 242, 0: 8}","{1: 248, 0: 2}","{1: 240, 0: 10}","{1: 236, 0: 4, 2: 10}",0.03912260344468487,0.017432241672073346,0.06431268043074267,0.07944686746221094,0.10953423597304147,0.04903668656261574,0.14210101480327547,0.1448009892792045,,,,
3530,0,max_steps,1,0,0,58.52720626688758,2500,,,0.17111124180109932,0.1,0.5984635949134827,7.0578932762146,-21.43572235107422,299.4123840332031,0.0,80.75287496975967,1056,-4.999999999999671,-17.225668702870745,0.0,0.02341088250675503,"{2: 44, 1: 55, 0: 151}","{2: 123, 3: 126, 1: 1}","{1: 239, 2: 7, 0: 4}","{1: 241, 0: 7, 2: 2}","{1: 235, 2: 5, 0: 10}","{1: 230, 0: 17, 2: 3}",0.04209205679361509,0.018829761055350704,0.049305184581008965,0.05994971205181362,0.12315738167258823,0.05675496205999804,0.15282214049994008,0.14659892663230795,,,,
3540,0,max_steps,1,0,0,44.75953674948975,2500,,,0.17025760802914003,0.1,0.6026705503463745,7.162693500518799,-21.43572235107422,349.108642578125,0.0,49.759536749490344,1234,-4.999999999999671,0.0,0.0,0.0179038146997959,{0: 250},"{4: 4, 3: 204, 2: 42}",{1: 250},"{1: 249, 0: 1}",{1: 250},{1: 250},0.02343425925926213,0.013462556886508869,0.034743625904140915,0.036421282278981476,0.05689074723642712,0.04365927652984604,0.07791425117874275,0.09290552231457815,,,,
3550,0,max_steps,1,0,0,103.04735102149438,2500,,,0.1694082328354539,0.1,0.6030890941619873,7.169086456298828,-20.82172966003418,329.1451416015625,0.0,118.39151106529606,1431,-4.999999999999671,-10.344160043801514,0.0,0.04121894040859775,"{2: 56, 1: 89, 0: 105}","{5: 81, 4: 105, 3: 45, 2: 19}","{1: 226, 2: 12, 0: 12}","{1: 237, 2: 13}","{1: 229, 2: 11, 0: 10}","{1: 226, 2: 13, 0: 11}",0.051277639463969765,0.020025293110172364,0.05946790917555097,0.043238204681157084,0.1442318705847468,0.04847711650474998,0.1594376783296639,0.14912172081761024,,,,
3560,0,max_steps,1,1,0,607.7876047785782,2500,1519.0,1519.0,0.16856309497499475,0.1,0.6075847744941711,7.278680324554443,-20.21558380126953,340.098388671875,500.0,112.7856047785575,1632,-4.997999999999672,0.0,0.0,0.24311504191143127,"{1: 17, 0: 89, 2: 31, 3: 14, 6: 99}","{1: 24, 2: 43, 3: 84, 6: 94, 5: 5}","{1: 239, 0: 11}","{1: 248, 2: 2}","{1: 239, 0: 11}","{1: 239, 0: 3, 2: 8}",0.039725985479138734,0.014992193122129302,0.049885447461564036,0.06777366450009245,0.09892484294801185,0.043114563225730804,0.12779707613330812,0.14565514385758258,0.0750448866742,0.002158699723706524,0.08165421374131819,0.06613561553045248
3570,0,success,1,2,0,1060.755835550388,1270,635.0,635.0,0.16772217330870298,0.1,0.6112249493598938,7.3410797119140625,-20.04448890686035,352.7491149902344,1000.0,63.291835550375026,979,-2.5359999999999423,0.0,0.0,0.8352408153940063,"{3: 84, 4: 32, 2: 11}","{5: 8, 4: 15, 3: 19, 1: 60, 0: 8, 2: 17}",{1: 127},"{1: 104, 2: 10, 0: 13}",{1: 127},{1: 127},0.03746833057799568,0.04555338477859776,0.05210936530372615,0.05065586334217437,0.09734762621156946,0.061261659602565056,0.13222202231886096,0.1109753495305732,0.040118977794567724,0.06128439286860331,0.054088530791238904,0.038038816035590874
3580,0,success,1,2,0,1071.092399889259,1708,854.0,854.0,0.16688544680297668,0.1,0.6172218918800354,7.455982685089111,-20.952030181884766,352.43212890625,1000.0,74.5043998892384,1165,-3.411999999999846,0.0,0.0,0.627103278623688,"{4: 36, 3: 51, 2: 83}","{5: 29, 4: 18, 3: 74, 2: 45, 1: 4}",{1: 170},"{1: 149, 2: 7, 0: 14}",{1: 170},{1: 170},0.02208858047018475,0.025220831945920796,0.031362313747868076,0.04792061582056008,0.06289491825119728,0.060288042597327424,0.09790756615379301,0.10725619862183174,0.05556102208933522,0.060381970539129186,0.05640135801556275,0.07078884336157115
3590,0,max_steps,1,0,0,79.73473426380014,2500,,,0.1660528945291458,0.1,0.6206189393997192,7.4051289558410645,-20.952030181884766,332.5126647949219,0.0,84.73473426379758,1521,-4.999999999999671,0.0,0.0,0.03189389370552005,"{6: 15, 5: 39, 4: 151, 3: 45}","{3: 106, 2: 137, 1: 7}",{1: 250},"{1: 236, 0: 4, 2: 10}",{1: 250},"{1: 245, 0: 2, 2: 3}",0.030271374950063705,0.020744084494631866,0.05149038236800456,0.06407715972782589,0.09482892070169988,0.058422046535631,0.12941947018903455,0.14042980043556166,0.08511558890030647,0.061615351137798736,0.07879642041482927,0.141781080963982
3600,0,max_steps,1,1,0,594.1001437630414,2500,632.0,632.0,0.1652244956629483,0.1,0.6251498460769653,7.422658920288086,-20.952030181884766,339.31854248046875,500.0,99.09814376299357,1240,-4.997999999999672,0.0,0.0,0.23764005750521655,"{4: 61, 3: 2, 0: 187}","{2: 9, 3: 44, 4: 10, 6: 105, 5: 82}","{1: 241, 2: 9}","{1: 227, 0: 20, 2: 3}","{1: 242, 2: 8}","{1: 243, 0: 7}",0.03516525794468296,0.0226831305704447,0.04719639427520489,0.055193714396279604,0.11006993982137252,0.05750831478625445,0.13630102166976094,0.13037162103300032,0.1421395903789439,0.041035224233572,0.20747172318027188,0.08403118777560824
3610,0,max_steps,1,1,0,567.7836160804566,2500,1632.0,1632.0,0.16440022948400973,0.1,0.6304396986961365,7.477479934692383,-20.952030181884766,346.8999938964844,500.0,72.78161608043064,1458,-4.997999999999672,0.0,0.0,0.22711344643218262,"{5: 40, 4: 72, 3: 72, 2: 66}","{4: 49, 5: 64, 3: 50, 0: 87}","{1: 237, 2: 13}","{1: 247, 2: 3}","{1: 238, 2: 12}","{1: 237, 0: 11, 2: 2}",0.03474549641553936,0.016069576744584778,0.05370250660578571,0.07128215149051995,0.10426548363055077,0.05181743019807282,0.12791805536552145,0.136467261535188,0.09902978217318545,0.04278848334812854,0.14884332545784448,0.07849237483307889
3620,0,max_steps,1,1,0,611.6516979033208,2500,1780.0,1780.0,0.16358007537532446,0.1,0.6352614760398865,7.496440410614014,-22.51361083984375,326.06768798828125,500.0,116.64969790331035,1478,-4.997999999999672,0.0,0.0,0.24466067916132833,"{5: 109, 4: 62, 3: 6, 0: 73}","{3: 141, 2: 26, 4: 83}","{1: 239, 2: 11}","{1: 223, 0: 27}","{1: 235, 0: 3, 2: 12}","{1: 246, 0: 4}",0.039114071668654896,0.02598169641431957,0.05839990706639893,0.07621398868048646,0.11607170784863242,0.06131136514358404,0.15744387040673247,0.12113988837319312,0.1539768413584722,0.09537061571850479,0.17989959589911406,0.15242652130934012
3630,0,crash,1,0,1,-128.1300524511083,1744,,,0.16276401282274042,0.1,0.6403636336326599,7.521331787109375,-19.490089416503906,323.5841979980469,0.0,22.21604374048473,390,-3.4879999999998375,-66.85809619159272,-80.0,-0.07346906677242449,"{4: 16, 5: 14, 6: 144}","{3: 121, 4: 53}","{1: 170, 0: 4}","{1: 168, 0: 5, 2: 1}","{1: 158, 0: 16}","{1: 159, 0: 14, 2: 1}",0.054225347369905655,0.03225323377588671,0.062248407288128096,0.05813963762832634,0.11713291971361892,0.054326791174693675,0.17493329583132883,0.14702946879011283,,,,
3640,0,max_steps,1,0,0,64.83630571340511,2500,,,0.16195202141444587,0.1,0.6455255150794983,7.535932540893555,-19.490089416503906,307.4527587890625,0.0,69.8363057134068,1001,-4.999999999999671,0.0,0.0,0.025934522285362045,"{0: 120, 1: 67, 2: 63}","{1: 42, 0: 208}","{1: 231, 0: 19}","{1: 249, 0: 1}","{1: 230, 0: 20}","{1: 243, 0: 2, 2: 5}",0.04328727389571188,0.012799321900618197,0.05851372767131995,0.04941686237446559,0.12105589234275126,0.04579271538676804,0.14132029298867135,0.1291816729122588,,,,
3650,0,max_steps,1,0,0,9.82116523783831,2500,,,0.1611440808404587,0.1,0.6475918292999268,7.529164791107178,-19.490089416503906,328.8583984375,0.0,14.821165237839345,908,-4.999999999999671,0.0,0.0,0.0039284660951353235,{4: 250},"{2: 26, 3: 224}",{1: 250},"{1: 244, 0: 6}",{1: 250},{1: 250},0.004385314214156557,0.013185439332054431,0.006879835622495192,0.008241826179880094,0.03177136747957718,0.02886953875012816,0.0372787209913348,0.03404780290195114,0.006423439912621329,0.03587479313979437,0.0220454801696854,0.07327982912539403
3660,0,max_steps,1,0,0,34.86278095668442,2500,,,0.16034017089211844,0.1,0.6492664217948914,7.542445659637451,-19.490089416503906,324.2973327636719,0.0,39.86278095668338,899,-4.999999999999671,0.0,0.0,0.013945112382673767,"{4: 67, 5: 107, 6: 76}","{2: 15, 3: 211, 4: 24}","{1: 248, 0: 2}","{1: 216, 0: 33, 2: 1}","{1: 240, 0: 10}","{1: 237, 0: 12, 2: 1}",0.035797034537061886,0.02908885741632039,0.03864180930700713,0.05500092328436648,0.08002498104854851,0.061047822686329654,0.11309333244022694,0.12687724864427227,,,,
3670,0,max_steps,1,0,0,22.342019331541547,2500,,,0.15954027146158112,0.1,0.6525145769119263,7.528014659881592,-24.325542449951172,311.7955322265625,0.0,27.342019331540904,774,-4.999999999999671,0.0,0.0,0.008936807732616618,"{1: 65, 0: 185}","{1: 9, 0: 241}",{1: 250},"{1: 248, 0: 1, 2: 1}","{1: 246, 2: 4}","{1: 246, 0: 4}",0.026114862109623792,0.020137898297880773,0.03861761767371541,0.04983322949865744,0.06917503675881377,0.048331074664660516,0.09510319516242778,0.12658668429548184,,,,
3680,0,max_steps,1,0,0,63.66692770515012,2500,,,0.15874436254131588,0.1,0.6536121368408203,7.541598320007324,-24.325542449951172,311.7955322265625,0.0,68.66692770515228,1131,-4.999999999999671,0.0,0.0,0.02546677108206005,"{4: 120, 5: 130}","{2: 59, 1: 5, 3: 157, 4: 29}",{1: 250},"{1: 228, 2: 15, 0: 7}",{1: 250},"{1: 231, 2: 9, 0: 10}",0.034132799159380486,0.03368141141804671,0.0491452825079877,0.06706256833052454,0.07806756933465243,0.05956593794484263,0.11639758080086882,0.14348970114164805,,,,
3690,0,max_steps,1,1,0,602.0975537445692,2500,709.0,709.0,0.15795242422360478,0.1,0.660354733467102,7.616615295410156,-20.9338436126709,313.08709716796875,500.0,107.0955537445383,1431,-4.997999999999672,0.0,0.0,0.24083902149782765,"{2: 58, 1: 10, 3: 2, 5: 88, 6: 44, 4: 48}","{3: 88, 0: 51, 1: 21, 2: 90}",{1: 250},"{1: 237, 0: 13}","{1: 244, 0: 6}","{1: 241, 0: 4, 2: 5}",0.03809202164335153,0.023049516190644444,0.05796664872036415,0.061324010859396136,0.09284236712584906,0.057932397572553,0.12429748121261171,0.14498050979978083,0.14337042484019874,0.023339209507907882,0.13407213286202427,0.10919429782517792
3700,0,max_steps,1,0,0,112.12230389607392,2500,,,0.1571644367000449,0.1,0.6618950366973877,7.6006760597229,-20.56386375427246,313.08709716796875,0.0,117.12230389607231,1149,-4.999999999999671,0.0,0.0,0.044848921558429566,"{6: 224, 5: 26}","{4: 96, 3: 153, 2: 1}","{1: 237, 2: 13}","{1: 226, 2: 3, 0: 21}","{1: 225, 2: 18, 0: 7}","{1: 206, 2: 13, 0: 31}",0.054520025813903875,0.016315786594320446,0.07930511727803666,0.07391550094689166,0.12928447347604866,0.05990756911369912,0.17830717522853826,0.16893911582328677,,,,
3710,0,max_steps,1,0,0,106.98703995537628,2500,,,0.15638038026105264,0.1,0.661804735660553,7.582427978515625,-19.443885803222656,313.08709716796875,0.0,120.41050561327123,973,-4.999999999999671,-8.423465657894502,0.0,0.04279481598215051,"{5: 44, 6: 188, 4: 18}","{3: 197, 4: 53}","{1: 209, 2: 16, 0: 25}","{1: 249, 2: 1}","{1: 207, 2: 22, 0: 21}","{1: 174, 2: 30, 0: 46}",0.06320481983804953,0.020970359909412054,0.08481672339983864,0.10292649837887377,0.17095599187732133,0.03810323547692057,0.212506966532278,0.22954307819514636,,,,
3720,0,crash,1,1,1,452.13185623081165,2215,1338.0,1338.0,0.15560023529537093,0.1,0.6653445959091187,7.6389360427856445,-23.42797088623047,311.9159851074219,500.0,45.31564085585317,908,-4.427999999999734,-8.755784625074405,-80.0,0.2041227341899827,"{1: 12, 2: 21, 3: 100, 6: 88}","{2: 78, 1: 81, 3: 62}","{1: 211, 0: 10}","{1: 202, 2: 4, 0: 15}","{1: 203, 0: 18}","{1: 213, 2: 4, 0: 4}",0.026717006073169108,0.027409602418018108,0.03993171088793326,0.05315062508705522,0.1164242046874921,0.05965991769574755,0.15817885871856308,0.14223554290061988,0.017884706911009747,0.06008339435128045,0.02138942236971557,0.03486548895095545
3730,0,max_steps,1,0,0,0.7726621033964549,2500,,,0.15482398228957872,0.1,0.6700043082237244,7.713250160217285,-23.42797088623047,315.5235290527344,0.0,5.772662103396419,851,-4.999999999999671,0.0,0.0,0.000309064841358582,{6: 250},"{3: 238, 4: 10, 2: 2}",{1: 250},"{1: 247, 0: 3}",{1: 250},{1: 250},0.0038208379480732992,0.012801369745146753,0.006028144325003546,0.008766562036515416,0.03637320364338279,0.024932444777071544,0.03261177347054782,0.060778686409507274,,,,
3740,0,max_steps,1,1,0,553.3990018745628,2500,380.0,380.0,0.15405160182760275,0.1,0.6764530539512634,7.769036293029785,-23.42797088623047,317.0099792480469,500.0,58.397001874508376,1116,-4.997999999999672,0.0,0.0,0.22135960074982514,"{2: 47, 3: 91, 4: 58, 5: 47, 6: 7}","{3: 38, 5: 190, 4: 22}","{1: 247, 2: 3}","{1: 248, 2: 2}","{1: 236, 2: 14}","{1: 248, 2: 1, 0: 1}",0.04755057073033901,0.01859216653373686,0.049993715373410394,0.040458014413486384,0.11100475237769433,0.042472910965436525,0.15216898314544955,0.12342982969525518,0.0654528964486498,0.02111375568927908,0.1339962754226538,0.11968186743384421
3750,0,crash,1,0,1,-91.14054885916445,2067,,,0.15328307459023202,0.1,0.6801795959472656,7.833103179931641,-23.42797088623047,322.40350341796875,0.0,19.319628533613034,453,-4.133999999999767,-26.326177392777815,-80.0,-0.044093153778018604,"{4: 43, 5: 85, 6: 78}","{1: 102, 2: 21, 3: 83}","{1: 201, 0: 5}","{1: 183, 0: 13, 2: 10}","{1: 195, 0: 11}","{1: 190, 0: 13, 2: 3}",0.039025058588684464,0.022391992836383982,0.0548045173077301,0.07979849373000511,0.09058421399305285,0.06099663139890389,0.11758864134016757,0.1454226638434422,,,,
3760,0,max_steps,1,1,0,596.237341722,2500,1465.0,1465.0,0.15251838135463458,0.1,0.6857218742370605,7.904589653015137,-22.697843551635742,320.3126525878906,500.0,101.23534172198227,1700,-4.997999999999672,0.0,0.0,0.2384949366888,"{5: 29, 4: 20, 3: 97, 0: 104}","{2: 113, 1: 60, 3: 77}",{1: 250},"{1: 240, 0: 10}","{1: 247, 2: 3}","{1: 245, 0: 5}",0.021565043001613785,0.02299349941827397,0.02459090394043291,0.0258652296061217,0.08961001128860537,0.05693420145888594,0.10856015973445714,0.11506849184119472,0.014437515578493609,0.05003289148035448,0.028664183591996066,0.044913804186508685
3770,0,max_steps,1,1,0,576.6704088319543,2500,886.0,886.0,0.1517575029938766,0.1,0.6911385655403137,8.016470909118652,-22.697843551635742,335.8824157714844,500.0,81.66840883191405,1365,-4.997999999999672,0.0,0.0,0.23066816353278172,"{4: 55, 3: 33, 1: 53, 2: 100, 0: 9}","{4: 54, 3: 94, 2: 87, 1: 15}",{1: 250},"{1: 246, 0: 4}",{1: 250},"{1: 245, 0: 4, 2: 1}",0.023812409920968867,0.010594858228348148,0.04180299240249682,0.051562341932565564,0.10500094236571873,0.04321591513201794,0.13672846686672308,0.13320780659146483,0.07328532291292424,0.018040868404643688,0.07967443700900748,0.14070082330046685
3780,0,success,1,2,0,1032.8019622663305,595,297.5,297.5,0.15100042047644407,0.1,0.6952806711196899,8.010551452636719,-22.697843551635742,347.68212890625,1000.0,33.98796226633045,505,-1.1860000000000008,0.0,0.0,1.735801617254337,"{4: 36, 3: 23}","{3: 17, 2: 27, 4: 15}",{1: 59},"{1: 50, 2: 9}",{1: 59},{1: 59},0.0316864768491095,0.028051392151989273,0.05367333587636727,0.03319183293375033,0.06404193789676967,0.07002846718091912,0.08574689097494666,0.11788105964671154,0.06712461594273139,0.08267556301187079,0.09114010636495963,0.08751371313218045
3790,0,max_steps,1,1,0,572.2964244188709,2500,709.0,709.0,0.15024711486576664,0.1,0.7016137838363647,8.079800605773926,-22.697843551635742,316.3914794921875,500.0,77.2944244188291,1450,-4.997999999999672,0.0,0.0,0.22891856976754835,"{2: 62, 3: 8, 4: 58, 5: 62, 6: 60}","{2: 30, 3: 98, 6: 14, 5: 22, 4: 86}",{1: 250},"{1: 246, 0: 2, 2: 2}",{1: 250},"{1: 230, 0: 14, 2: 6}",0.02231833963517413,0.028948831631305686,0.03499229238982875,0.04340612035161566,0.08347711384078665,0.05497876056287535,0.12621685916160613,0.14719558066947663,0.03649015922737343,0.0518827807957606,0.04873654322899982,0.03102877207969458
3800,0,max_steps,1,0,0,21.019505220746936,2500,,,0.15,0.1,0.7034268379211426,8.109694480895996,-22.697843551635742,350.9266357421875,0.0,29.529517278516735,840,-4.999999999999671,-3.5100120577710965,0.0,0.008407802088298775,"{5: 55, 6: 195}","{1: 19, 2: 48, 3: 119, 4: 64}",{1: 250},"{1: 212, 0: 38}",{1: 250},"{1: 245, 0: 5}",0.020358890194310704,0.022428926771121113,0.023728149382054316,0.03061073842537173,0.09177073385710094,0.08883903945359213,0.12849363646150258,0.11525751947949468,,,,
3810,0,max_steps,1,0,0,41.50696083840116,2500,,,0.15,0.1,0.7080413699150085,8.196064949035645,-22.697843551635742,354.71478271484375,0.0,46.5069608384017,1043,-4.999999999999671,0.0,0.0,0.016602784335360464,"{4: 116, 5: 47, 6: 87}","{1: 16, 2: 137, 3: 97}","{1: 236, 0: 14}","{1: 229, 0: 19, 2: 2}","{1: 238, 0: 12}","{1: 241, 0: 4, 2: 5}",0.033208122469051665,0.018466332464113874,0.0531301424860654,0.054826861720013526,0.10097437424246161,0.0593031418282697,0.11833337298208635,0.13973050784088,,,,
3820,0,success,1,2,0,1130.3762091191606,2128,1064.0,1064.0,0.15,0.1,0.7122460603713989,8.247315406799316,-21.80268096923828,337.8970031738281,1000.0,134.62820911913053,1477,-4.251999999999754,0.0,0.0,0.5311918275935905,"{2: 19, 3: 21, 6: 66, 5: 87, 4: 19}","{4: 21, 3: 114, 2: 77}","{1: 199, 2: 13}","{1: 201, 2: 7, 0: 4}","{1: 184, 0: 9, 2: 19}","{1: 176, 0: 23, 2: 13}",0.06107570827418959,0.02709774470425317,0.08608408242647607,0.09845134575984235,0.14280099296188029,0.05811406554920795,0.18794943672817108,0.15773492519920396,0.1329380151753751,0.03838177376093167,0.09341288558270713,0.14854485946598933
3830,0,max_steps,1,0,0,116.00569605541634,2500,,,0.15,0.1,0.7179332971572876,8.2608060836792,-21.80268096923828,316.0481872558594,0.0,121.00569605541784,1335,-4.999999999999671,0.0,0.0,0.046402278422166536,"{5: 48, 4: 22, 6: 180}","{2: 13, 3: 169, 4: 68}","{1: 226, 0: 15, 2: 9}","{1: 220, 0: 29, 2: 1}","{1: 222, 0: 19, 2: 9}","{1: 197, 0: 37, 2: 16}",0.04754474170510441,0.026285843510471817,0.06820742270744007,0.07421603186186794,0.14878381952064654,0.060258277485044205,0.1879563197793874,0.1613635704211348,,,,
3840,0,success,1,2,0,1066.7787888394828,1505,752.5,752.5,0.15,0.1,0.7253398299217224,8.363736152648926,-21.80268096923828,341.8409118652344,1000.0,69.78478883948056,1086,-3.0059999999998905,0.0,0.0,0.708823115507962,"{4: 84, 5: 30, 3: 22, 2: 14}","{3: 84, 4: 32, 1: 14, 2: 20}",{1: 150},"{1: 137, 0: 7, 2: 6}",{1: 150},{1: 150},0.04281255679819392,0.027913314108018665,0.06159715222846523,0.05876872511506034,0.09360379918861123,0.059483513552598025,0.12512350424081276,0.13340951108198407,0.11516615405030167,0.06093456353762683,0.12485890629522133,0.10627548227185935
3850,0,max_steps,1,1,0,572.565602425769,2500,1198.0,1198.0,0.15,0.1,0.7278854846954346,8.382615089416504,-21.9638614654541,347.7199401855469,500.0,77.5636024257371,1428,-4.997999999999672,0.0,0.0,0.2290262409703076,"{2: 25, 3: 94, 6: 114, 5: 17}","{4: 100, 5: 24, 3: 126}",{1: 250},"{1: 246, 2: 4}",{1: 250},"{1: 243, 2: 2, 0: 5}",0.022092906518169197,0.02013220726496462,0.03777268124369859,0.06103917913867294,0.08961959650801063,0.04843728469962948,0.11346094732538274,0.13560869730068223,0.025526474404308244,0.08009611346953815,0.033908107904663226,0.09687504829550768
3860,0,max_steps,1,1,0,639.9957076718617,2500,594.0,594.0,0.15,0.1,0.7336072325706482,8.385007858276367,-21.9638614654541,316.0481872558594,500.0,144.99370767181227,1391,-4.997999999999672,0.0,0.0,0.25599828306874467,"{5: 108, 4: 86, 3: 41, 2: 15}","{1: 30, 2: 32, 3: 174, 4: 14}","{1: 233, 2: 15, 0: 2}","{1: 242, 0: 8}","{1: 225, 2: 18, 0: 7}","{1: 226, 2: 4, 0: 20}",0.06926076009753634,0.016046991840777822,0.09937860591208972,0.10500060226603,0.14084825210021157,0.04809753301461102,0.17851789258079737,0.14982931870733895,0.14763436844492536,0.0607391051139832,0.16422789101425744,0.1466261502524262
3870,0,max_steps,1,1,0,604.262514813033,2500,1790.0,1790.0,0.15,0.1,0.7397866249084473,8.446093559265137,-21.9638614654541,320.76129150390625,500.0,109.26051481301984,1290,-4.997999999999672,0.0,0.0,0.2417050059252132,"{5: 30, 4: 102, 3: 46, 0: 43, 1: 29}","{3: 220, 2: 30}",{1: 250},"{1: 245, 0: 2, 2: 3}","{1: 235, 2: 15}","{1: 240, 0: 9, 2: 1}",0.05404580344270024,0.020685214338449266,0.07440555554215547,0.0721551511794199,0.1192866522419178,0.05175373100820152,0.14941164309461694,0.14823701028552538,0.1119208636574166,0.05248358451473583,0.10174938403278323,0.14718423887299303
3880,0,max_steps,1,1,0,602.6443937018073,2500,364.0,364.0,0.15,0.1,0.7479909658432007,8.618133544921875,-22.510906219482422,352.7058410644531,500.0,107.64239370177408,1805,-4.997999999999672,0.0,0.0,0.24105775748072292,"{4: 35, 3: 1, 0: 140, 1: 74}","{1: 15, 2: 9, 3: 40, 6: 131, 5: 32, 4: 23}",{1: 250},"{1: 226, 0: 23, 2: 1}",{1: 250},"{1: 239, 0: 7, 2: 4}",0.02220483115793473,0.0232365680228801,0.028574390730426724,0.04739860026190876,0.07868870573072852,0.05973675187020566,0.11762319996012875,0.1345040206648597,0.07812191293275678,0.06975430877733443,0.05000216246316133,0.17782738478323473
3890,0,max_steps,1,0,0,6.1599584707736135,2500,,,0.15,0.1,0.7519336342811584,8.599827766418457,-26.170711517333984,313.5047302246094,0.0,11.159958470773397,1444,-4.999999999999671,0.0,0.0,0.0024639833883094452,"{1: 230, 2: 20}","{3: 243, 2: 7}",{1: 250},"{1: 249, 2: 1}",{1: 250},{1: 250},0.0029509531620337676,0.013538294462437634,0.004601892688846665,0.00577685239620959,0.0225233949107269,0.04755140341671349,0.03033339917343142,0.030020418482381704,,,,
3900,0,crash,1,0,1,-61.71074483558843,2194,,,0.15,0.1,0.7529844641685486,8.572961807250977,-23.372844696044922,313.5047302246094,0.0,33.39490281340247,1092,-4.387999999999739,-10.717647648991441,-80.0,-0.028127048694434106,"{3: 26, 4: 125, 5: 47, 6: 21}","{5: 34, 4: 134, 3: 51}",{1: 219},"{1: 211, 2: 8}","{1: 207, 0: 12}","{1: 210, 0: 4, 2: 5}",0.03441331967582187,0.015032601744308328,0.046557034668574526,0.0510694649421267,0.11393927944766598,0.037050914663906594,0.14180719101193717,0.14296801070502174,,,,
3910,0,crash,1,0,1,-95.50201794718399,863,,,0.15,0.1,0.7532791495323181,8.584786415100098,-22.415607452392578,324.6820983886719,0.0,0.5030974633456087,64,-1.7260000000000013,-14.279115410529593,-80.0,-0.11066282496776823,"{5: 34, 6: 52}","{3: 24, 4: 62}","{1: 55, 0: 31}","{1: 85, 0: 1}","{1: 68, 0: 18}","{1: 78, 2: 8}",0.10004418427899807,0.01598099583576523,0.11233403389860161,0.06668567815850643,0.16878626782386147,0.03846840560558167,0.1993645624493931,0.1481037599449402,,,,
3920,0,max_steps,1,0,0,34.78016660456479,2500,,,0.15,0.1,0.7590083479881287,8.669594764709473,-21.90427589416504,342.578369140625,0.0,39.780166604566084,923,-4.999999999999671,0.0,0.0,0.013912066641825916,"{5: 53, 6: 197}","{4: 31, 3: 217, 2: 2}",{1: 250},"{1: 240, 2: 10}",{1: 250},"{1: 246, 2: 1, 0: 3}",0.03545696753394126,0.0279964959609103,0.037287920076658945,0.03202696686950407,0.08957778137242794,0.05700182246180938,0.11356172007651402,0.10756409856482614,,,,
3930,0,max_steps,1,0,0,73.86521026838962,2500,,,0.15,0.1,0.7624606490135193,8.668194770812988,-21.90427589416504,327.7146911621094,0.0,78.86521026838727,1210,-4.999999999999671,0.0,0.0,0.029546084107355847,"{4: 55, 3: 78, 2: 52, 1: 48, 0: 17}","{4: 223, 3: 27}","{1: 245, 0: 5}","{1: 248, 0: 2}","{1: 242, 0: 8}","{1: 245, 0: 4, 2: 1}",0.061381939193834736,0.015905471261106086,0.07676240146537242,0.07569188561715745,0.11917921971111119,0.044516570532142793,0.15095172712919558,0.1449344039297885,0.08474973123161425,0.05134685333346378,0.11294600519896365,0.10894972348650647
3940,0,max_steps,1,0,0,99.19194001313716,2500,,,0.15,0.1,0.7649629712104797,8.676060676574707,-21.90427589416504,342.3590393066406,0.0,104.19194001313555,1227,-4.999999999999671,0.0,0.0,0.03967677600525486,"{5: 53, 6: 160, 4: 37}","{4: 51, 3: 191, 2: 8}","{1: 236, 2: 14}","{1: 211, 2: 24, 0: 15}","{1: 236, 2: 14}","{1: 229, 0: 14, 2: 7}",0.043394377839270984,0.028166786397567065,0.06513618438573304,0.07862511844177134,0.10473264841911267,0.06085599160448298,0.13334247792945603,0.14627280175055163,,,,
3950,0,max_steps,1,0,0,41.62295333222279,2500,,,0.15,0.1,0.7695135474205017,8.713343620300293,-21.90427589416504,356.31402587890625,0.0,46.62295333222355,1096,-4.999999999999671,0.0,0.0,0.016649181332889118,"{1: 7, 0: 243}","{4: 45, 3: 109, 2: 96}",{1: 250},"{1: 245, 2: 3, 0: 2}",{1: 250},"{1: 245, 2: 1, 0: 4}",0.028425167836717675,0.012433287296826842,0.04921369733409556,0.05117685566633222,0.060976332445947926,0.04793161373230334,0.08591139453930605,0.12705707766364308,,,,
3960,0,crash,1,0,1,-56.086601051076855,1422,,,0.15,0.1,0.7702552080154419,8.72580623626709,-25.612916946411133,356.31402587890625,0.0,50.56145811093505,548,-2.8439999999999084,-23.804059162011495,-80.0,-0.03944205418500482,"{1: 44, 0: 37, 2: 23, 3: 15, 4: 22, 5: 1}","{3: 16, 4: 91, 5: 35}",{1: 142},"{1: 139, 0: 2, 2: 1}","{1: 140, 0: 2}","{1: 136, 0: 6}",0.05821252544804456,0.031104210363651373,0.038720282177789916,0.04974414115309319,0.13323780966032175,0.05370256381793043,0.16455605315662705,0.14574318913122075,,,,
3970,0,max_steps,1,1,0,574.4233656531927,2500,1937.0,1937.0,0.15,0.1,0.7719400525093079,8.70841121673584,-25.612916946411133,356.31402587890625,500.0,79.42136565318393,1556,-4.997999999999672,0.0,0.0,0.2297693462612771,"{2: 56, 1: 106, 0: 14, 3: 17, 6: 57}","{2: 165, 3: 80, 1: 5}","{1: 249, 0: 1}","{1: 241, 0: 8, 2: 1}","{1: 241, 0: 9}","{1: 233, 0: 14, 2: 3}",0.03244829693626142,0.022594502356483276,0.05072501246370472,0.0546112009722908,0.08679728365018807,0.0577326591985062,0.12081696110267615,0.1482329916204385,0.044918396260758074,0.06113283604488194,0.013857316913284571,0.049906453111055876
3980,0,max_steps,1,0,0,9.711681561039537,2500,,,0.15,0.1,0.7776437401771545,8.767383575439453,-25.612916946411133,356.31402587890625,0.0,14.711681561040372,611,-4.999999999999671,0.0,0.0,0.0038846726244158147,"{5: 22, 6: 228}","{4: 47, 3: 196, 2: 7}",{1: 250},{1: 250},{1: 250},"{1: 248, 2: 2}",0.029538884272320473,0.01418135176980739,0.036772377057185945,0.03165606129147095,0.06210792944267304,0.04172823086651587,0.08040937502580206,0.08167716237677762,,,,
3990,0,max_steps,1,1,0,541.9740646871619,2500,1719.0,1719.0,0.15,0.1,0.7827345132827759,8.815659523010254,-25.612916946411133,361.6693420410156,500.0,46.97206468713313,1205,-4.997999999999672,0.0,0.0,0.21678962587486475,"{3: 105, 4: 66, 1: 53, 2: 10, 0: 16}","{2: 44, 1: 77, 0: 7, 3: 93, 4: 29}",{1: 250},"{1: 243, 0: 1, 2: 6}",{1: 250},"{1: 249, 0: 1}",0.031154929744728225,0.020993971730448202,0.04342501769937056,0.04066667720226051,0.0680252683876637,0.05381099599706065,0.08737851923795964,0.11699977026287749,0.07203465381682597,0.02394883294383663,0.09749322016146278,0.14031892752894756
4000,0,max_steps,1,0,0,-66.92927275996628,2500,,,0.15,0.1,0.7851739525794983,8.793209075927734,-25.612916946411133,348.9185485839844,0.0,66.8569746737609,1380,-4.999999999999671,-128.78624743372737,0.0,-0.02677170910398651,"{5: 82, 4: 49, 3: 119}","{5: 29, 4: 22, 3: 55, 2: 139, 1: 5}",{1: 250},"{1: 229, 2: 21}","{1: 245, 2: 5}","{1: 246, 2: 3, 0: 1}",0.025009089476824807,0.0146215956448951,0.03530027656550431,0.03381810443514033,0.08650877273972506,0.05903625353815209,0.09647552047771721,0.1308899209591267,0.1045581086633229,0.045420960687679354,0.08284848698166168,0.14399503582205034
4010,0,crash,1,1,1,489.7758086837996,2499,708.0,708.0,0.15,0.1,0.7915431261062622,8.887471199035645,-25.612916946411133,349.2030334472656,500.0,89.44184525467897,1462,-4.995999999999672,-14.670036570924465,-80.0,0.19598871896110429,"{6: 19, 5: 18, 4: 10, 3: 23, 0: 179}","{1: 31, 2: 60, 3: 158}","{1: 234, 2: 15}","{1: 231, 0: 15, 2: 3}","{1: 235, 2: 14}","{1: 236, 0: 11, 2: 2}",0.023624389203766392,0.015368695913794505,0.03679363938686799,0.03845714918740854,0.11454729152978632,0.05938405422322464,0.15406179661816374,0.13063895966283234,0.03924056622990011,0.06018750083438378,0.11015066830650401,0.07799692667913008
4020,0,max_steps,1,1,0,586.1675788566909,2500,1542.0,1542.0,0.15,0.1,0.7968395948410034,8.948442459106445,-25.612916946411133,357.1441650390625,500.0,91.16557885666252,1229,-4.997999999999672,0.0,0.0,0.23446703154267634,"{1: 141, 0: 28, 2: 41, 3: 40}","{5: 24, 4: 90, 3: 40, 0: 96}",{1: 250},"{1: 246, 2: 2, 0: 2}","{1: 245, 0: 5}","{1: 243, 0: 7}",0.044677923227996616,0.02200230430021623,0.057971934219182925,0.05002605733682907,0.11134518918118479,0.054180810039530305,0.13040593962679992,0.1311109641134586,0.11572256274797961,0.056054364481023404,0.07726800833484358,0.021546528407400903
4030,0,max_steps,1,1,0,573.4811587163293,2500,420.0,420.0,0.15,0.1,0.8038411140441895,9.022699356079102,-25.612916946411133,351.9078674316406,500.0,78.47915871626722,1180,-4.997999999999672,0.0,0.0,0.22939246348653172,"{4: 94, 3: 5, 5: 67, 6: 84}","{4: 34, 3: 197, 2: 19}",{1: 250},"{1: 243, 2: 7}",{1: 250},"{1: 224, 2: 8, 0: 18}",0.04629101453873895,0.021124959439730574,0.0669595822563413,0.06936010178211177,0.10427035285695443,0.057668175568926734,0.14284483871868786,0.15069137681946768,0.11790202395893642,0.039713987262896426,0.12358698065500931,0.1516883643515495
4040,0,max_steps,1,1,0,560.9165294415666,2500,339.0,339.0,0.15,0.1,0.808918833732605,9.083218574523926,-25.86134910583496,351.3823547363281,500.0,65.9145294415072,1243,-4.997999999999672,0.0,0.0,0.22436661177662665,"{4: 30, 3: 3, 0: 217}","{2: 167, 3: 71, 1: 12}",{1: 250},{1: 250},"{1: 244, 2: 6}","{1: 247, 0: 3}",0.024276821194141235,0.010235259959598682,0.031039248887792446,0.04017398845446536,0.09100090543136882,0.0395897507852564,0.11554192993159254,0.12640588052072643,0.13679586411520867,0.02561195274106964,0.14739663168751285,0.16909092207668558
4050,0,max_steps,1,1,0,592.7646449945632,2500,1045.0,1045.0,0.15,0.1,0.815223753452301,9.194242477416992,-25.258731842041016,359.8751525878906,500.0,97.76264499454496,1540,-4.997999999999672,0.0,0.0,0.2371058579978253,"{2: 88, 3: 16, 6: 32, 5: 80, 4: 34}","{3: 158, 2: 89, 1: 3}",{1: 250},"{1: 233, 2: 4, 0: 13}","{1: 240, 2: 6, 0: 4}","{1: 228, 0: 19, 2: 3}",0.023220878401101437,0.020978661623809895,0.0357246877512471,0.06144592538730306,0.0986138905343076,0.058648634640380795,0.14404553121830285,0.1491013709405797,0.03767720609616668,0.09267101580216953,0.0357246877512471,0.06784745667656848
4060,0,max_steps,1,0,0,89.22366460168122,2500,,,0.15,0.1,0.8179141879081726,9.181390762329102,-24.839473724365234,359.8751525878906,0.0,94.22366460168105,1381,-4.999999999999671,0.0,0.0,0.03568946584067249,"{4: 217, 5: 25, 3: 8}","{2: 67, 1: 3, 3: 150, 4: 30}",{1: 250},"{1: 230, 0: 20}","{1: 236, 0: 9, 2: 5}","{1: 216, 2: 6, 0: 28}",0.04000470955258293,0.02306846959831636,0.06274927499477405,0.08691776413782737,0.10859059934330237,0.05815975476346161,0.1576913434655754,0.15173015734621448,0.07143723636712342,0.021696350737168635,0.163896265252196,0.1870344436261142
4070,0,max_steps,1,1,0,548.8275370925014,2500,2434.0,2434.0,0.15,0.1,0.8249906897544861,9.250703811645508,-24.839473724365234,365.46099853515625,500.0,53.825537092500255,1209,-4.997999999999672,0.0,0.0,0.21953101483700058,"{3: 207, 2: 36, 1: 7}","{1: 32, 2: 210, 3: 1, 5: 7}",{1: 250},"{1: 242, 0: 8}",{1: 250},{1: 250},0.019251597407840357,0.009397809557820373,0.0276523670912817,0.0330001040426318,0.0672835938458148,0.04323559033468747,0.08781477565725807,0.09224934846443307,0.09741329533904756,0.05977071678047286,0.08586137463443325,0.11657232513628307
4080,0,crash,1,0,1,-52.19436550949865,2033,,,0.15,0.1,0.8273193836212158,9.295690536499023,-24.839473724365234,383.4144287109375,0.0,79.97777337485017,1178,-4.065999999999774,-48.10613888434804,-80.0,-0.02567356886842039,"{0: 38, 1: 59, 2: 15, 3: 22, 4: 69}","{1: 74, 0: 94, 2: 9, 3: 12, 4: 7, 5: 7}","{1: 195, 0: 8}","{1: 150, 0: 53}","{1: 192, 0: 11}","{1: 199, 0: 2, 2: 2}",0.05598497873084213,0.03724070712842535,0.06919933823299906,0.06758126916640753,0.113083985221448,0.12231029638231283,0.11776397655515712,0.13592700399204485,,,,
4090,0,crash,1,1,1,445.05257283790297,2113,649.0,649.0,0.15,0.1,0.8297397494316101,9.310603141784668,-24.839473724365234,375.82427978515625,500.0,44.0405475534245,1103,-4.223999999999757,-14.763974715559,-80.0,0.21062592183525933,"{1: 47, 2: 17, 5: 2, 6: 145}","{3: 124, 1: 80, 2: 7}","{1: 209, 0: 2}","{1: 182, 2: 1, 0: 28}","{1: 196, 0: 15}","{1: 204, 0: 7}",0.019927862471730926,0.013067542012454674,0.02856859209367246,0.026488915519562263,0.12313287766071852,0.06134557331274786,0.15186824435031246,0.13296276045855362,0.14574945706665643,0.010246384160675496,0.1376031594238682,0.05450607821208146
4100,0,max_steps,1,1,0,574.4557260201054,2500,456.0,456.0,0.15,0.1,0.8366387486457825,9.38495922088623,-24.839473724365234,359.1473388671875,500.0,79.45372602004491,1230,-4.997999999999672,0.0,0.0,0.22978229040804218,"{1: 28, 2: 15, 3: 2, 5: 40, 6: 165}","{3: 45, 1: 10, 0: 195}",{1: 250},"{1: 247, 0: 3}",{1: 250},"{1: 249, 0: 1}",0.026510078936757733,0.01402195803935274,0.03897760797599971,0.043771769308925026,0.08104467459632508,0.04912578843178521,0.11909779580607685,0.11986056761480418,0.112139703299559,0.012421550383581493,0.05134310181011746,0.11609951424726174
4110,0,max_steps,1,1,0,571.8766816500786,2500,669.0,669.0,0.15,0.1,0.8409780859947205,9.452064514160156,-24.839473724365234,397.48040771484375,500.0,76.874681650039,1623,-4.997999999999672,0.0,0.0,0.22875067266003143,"{1: 26, 2: 28, 3: 12, 6: 184}","{5: 33, 4: 199, 3: 18}",{1: 250},"{1: 245, 2: 4, 0: 1}",{1: 250},{1: 250},0.023644605652369644,0.007073172813851121,0.038844874019485345,0.03822790862144267,0.06252781667200868,0.03798358656793189,0.08613055125351435,0.09714441184778726,0.07763286539067307,0.06090194947495641,0.021818146639342898,0.09027212225024939
4120,0,max_steps,1,1,0,576.5165230890711,2500,922.0,922.0,0.15,0.1,0.8474409580230713,9.47258186340332,-24.839473724365234,354.3532409667969,500.0,81.51452308903994,1615,-4.997999999999672,0.0,0.0,0.23060660923562845,"{3: 112, 2: 90, 1: 34, 0: 14}","{2: 39, 3: 107, 4: 97, 5: 7}",{1: 250},"{1: 247, 2: 3}",{1: 250},"{1: 249, 0: 1}",0.032297320921947786,0.015829018096438753,0.04567388216249933,0.03961147036030749,0.10820091700219948,0.052199798986975576,0.13111651846655104,0.12000047041091438,0.048612297871324976,0.05491793100979658,0.061860279058568654,0.06145597058252815
4130,0,crash,1,0,1,-78.40808145375404,2277,,,0.15,0.1,0.8495529294013977,9.436915397644043,-24.89168357849121,366.6173095703125,0.0,25.402672862981447,874,-4.5539999999997205,-19.256754316736345,-80.0,-0.034434818381095314,"{2: 157, 3: 15, 4: 35, 5: 12, 6: 8}","{3: 187, 2: 40}","{1: 219, 0: 8}","{1: 220, 2: 3, 0: 4}","{1: 213, 0: 14}","{1: 214, 0: 1, 2: 12}",0.019361082227208684,0.015400066422588685,0.03194057942599029,0.03907131178292871,0.12225511053726541,0.05472670664756019,0.150500345697504,0.14739703969826812,,,,
4140,0,max_steps,1,1,0,612.1427573146498,2500,2225.0,2225.0,0.15,0.1,0.8539226055145264,9.412251472473145,-24.89168357849121,366.6173095703125,500.0,152.83802035385742,1623,-4.997999999999672,-35.69726303920668,0.0,0.2448571029258599,"{6: 16, 5: 16, 4: 132, 3: 26, 2: 60}","{4: 16, 3: 135, 2: 99}",{1: 250},"{1: 247, 2: 1, 0: 2}","{1: 239, 2: 5, 0: 6}","{1: 240, 0: 10}",0.05867048760100291,0.020514419448958716,0.06126498822344596,0.07270040586648902,0.12117729645971972,0.052127525240586,0.15416243794898013,0.14130971337216497,0.12505484445160303,0.04605896140145251,0.15648834389617872,0.11479347817179757
4150,0,max_steps,1,0,0,49.25978484636479,2500,,,0.15,0.1,0.8551416993141174,9.387907981872559,-24.839473724365234,366.6173095703125,0.0,54.259784846364994,1419,-4.999999999999671,0.0,0.0,0.019703913938545915,"{1: 191, 2: 59}","{3: 233, 2: 17}",{1: 250},"{1: 248, 0: 2}",{1: 250},{1: 250},0.018086524327749605,0.01697843930123989,0.02569914103124951,0.03146277724045993,0.046632339824471604,0.047498247011849085,0.06987478524453015,0.07175248356837237,,,,
4160,0,max_steps,1,1,0,666.6010276057123,2500,516.0,516.0,0.15,0.1,0.856902539730072,9.426360130310059,-24.839473724365234,366.6173095703125,500.0,171.59902760567192,1661,-4.997999999999672,0.0,0.0,0.2666404110422849,"{2: 31, 3: 20, 6: 120, 5: 70, 4: 9}","{2: 45, 3: 135, 4: 70}","{1: 243, 0: 7}","{1: 249, 2: 1}","{1: 212, 2: 22, 0: 16}","{1: 181, 0: 40, 2: 29}",0.07783821101506513,0.017538662771388932,0.10431063345292685,0.13509813441792226,0.13011478328268136,0.05185360769910057,0.1887056306461851,0.19990602152494075,0.08536123045309586,0.0513180101805348,0.0737176670814052,0.13419538529646555
4170,0,max_steps,1,0,0,30.577408084068832,2500,,,0.15,0.1,0.8622549176216125,9.499773979187012,-24.839473724365234,357.1346130371094,0.0,35.57740808406815,1453,-4.999999999999671,0.0,0.0,0.012230963233627533,"{1: 167, 0: 83}","{5: 181, 4: 69}",{1: 250},{1: 250},{1: 250},"{1: 249, 2: 1}",0.018248985508320277,0.009533509499392703,0.029617892961541156,0.03779130193665056,0.0424323295100454,0.033223044317429055,0.06616135449809077,0.08929575433695713,,,,
4180,0,max_steps,1,0,0,56.54930175517172,2500,,,0.15,0.1,0.8645188808441162,9.497296333312988,-24.839473724365234,357.1346130371094,0.0,61.54930175517084,1124,-4.999999999999671,0.0,0.0,0.022619720702068687,"{1: 137, 0: 113}","{1: 108, 2: 142}","{1: 245, 0: 5}","{1: 248, 0: 2}","{1: 238, 0: 12}","{1: 248, 0: 2}",0.026403214176202866,0.015495113730280303,0.03133142845940336,0.04837500272394384,0.09040950962832665,0.052749809051291244,0.13192164365925513,0.12313069257410511,,,,
4190,0,max_steps,1,0,0,42.20864336250989,2500,,,0.15,0.1,0.870052695274353,9.598299980163574,-24.839473724365234,357.1346130371094,0.0,47.20864336250957,1186,-4.999999999999671,0.0,0.0,0.016883457345003957,"{6: 172, 5: 73, 4: 5}","{3: 182, 2: 8, 4: 60}","{1: 246, 0: 4}","{1: 238, 2: 4, 0: 8}","{1: 245, 0: 5}","{1: 238, 0: 9, 2: 3}",0.03088066323183101,0.014725700699897664,0.04423768091341235,0.05392151044321454,0.08058648841570566,0.054450225310267455,0.11351338598956208,0.13001984275809722,,,,
4200,0,max_steps,1,0,0,54.971063039196096,2500,,,0.15,0.1,0.8749943971633911,9.645689010620117,-24.839473724365234,345.22479248046875,0.0,59.971063039198526,1048,-4.999999999999671,0.0,0.0,0.02198842521567844,"{3: 22, 4: 188, 5: 40}","{2: 10, 3: 237, 4: 3}",{1: 250},"{1: 241, 0: 9}",{1: 250},"{1: 248, 0: 1, 2: 1}",0.027212789140692556,0.014840350647422503,0.03130367442040478,0.04720191243877737,0.07294097097407087,0.04723025344450443,0.10263565304478765,0.11548301027181981,0.06124072346763095,0.08672568907949874,0.14598893314336545,0.14698852780180635
4210,0,max_steps,1,1,0,576.0396159450436,2500,1171.0,1171.0,0.15,0.1,0.8819040656089783,9.73721694946289,-24.839473724365234,345.60675048828125,500.0,81.03761594502488,1562,-4.997999999999672,0.0,0.0,0.23041584637801743,"{3: 193, 5: 8, 4: 23, 2: 26}","{4: 71, 5: 25, 3: 41, 1: 83, 0: 1, 2: 29}","{1: 246, 0: 4}","{1: 221, 0: 22, 2: 7}","{1: 235, 2: 3, 0: 12}","{1: 241, 2: 3, 0: 6}",0.03690963403748976,0.024455235987311537,0.06000743597875485,0.06582398317313226,0.0964979304039426,0.06032305230467504,0.13525258790749312,0.13763487355861154,0.08738164324403512,0.08189477857886471,0.11593893701667803,0.11984703833367272
4220,0,max_steps,1,0,0,74.98906222317233,2500,,,0.15,0.1,0.8850527405738831,9.777169227600098,-24.839473724365234,375.7293395996094,0.0,79.9890622231727,1175,-4.999999999999671,0.0,0.0,0.02999562488926893,"{2: 120, 1: 104, 0: 26}","{3: 236, 2: 14}",{1: 250},"{1: 244, 0: 6}","{1: 242, 0: 8}","{1: 223, 0: 8, 2: 19}",0.02962044469707789,0.011796042741236494,0.04386499615561566,0.05258879631890277,0.10296660878340412,0.0474216068464382,0.1461567017189105,0.15028803208990457,,,,
4230,0,max_steps,1,0,0,114.85878968840429,2500,,,0.15,0.1,0.8895978331565857,9.78519344329834,-24.839473724365234,360.74298095703125,0.0,119.85878968840294,1254,-4.999999999999671,0.0,0.0,0.04594351587536172,"{4: 105, 5: 126, 6: 19}","{3: 233, 4: 17}",{1: 250},"{1: 244, 2: 2, 0: 4}","{1: 219, 0: 19, 2: 12}","{1: 185, 0: 32, 2: 33}",0.0615195170690468,0.016367182757495855,0.09473706930912185,0.11081091417117615,0.1298989743879144,0.05349044920725925,0.1852206037708522,0.16786102686521168,,,,
4240,0,max_steps,1,0,0,53.3992656874064,2500,,,0.15,0.1,0.8940481543540955,9.825295448303223,-24.839473724365234,349.0091552734375,0.0,58.39926568740654,1230,-4.999999999999671,0.0,0.0,0.02135970627496256,"{0: 225, 1: 25}","{3: 170, 2: 80}",{1: 250},"{1: 244, 0: 6}",{1: 250},{1: 250},0.022068280527123937,0.016723040364995334,0.03151811697089067,0.03895544172468011,0.06842761251834774,0.054092187888937555,0.09816917589703604,0.11958490086626627,,,,
4250,0,max_steps,1,0,0,16.782900616135045,2500,,,0.15,0.1,0.9029583930969238,9.898906707763672,-24.839473724365234,342.6155700683594,0.0,29.6332062795594,769,-4.999999999999671,-7.8503056634240425,0.0,0.006713160246454018,"{3: 148, 4: 46, 5: 14, 6: 42}","{1: 69, 0: 105, 2: 57, 3: 19}",{1: 250},"{1: 225, 2: 11, 0: 14}",{1: 250},"{1: 245, 2: 1, 0: 4}",0.022738957695825887,0.01688160115047167,0.031762481762487554,0.040256826575597156,0.09105113937139749,0.05995578749251086,0.12768649920473013,0.12176116447539984,,,,
4260,0,success,1,2,0,1102.9296949998595,1456,728.0,728.0,0.15,0.1,0.9126976132392883,10.02449893951416,-24.839473724365234,382.99066162109375,1000.0,105.83769499983985,1018,-2.9079999999999013,0.0,0.0,0.7575066586537497,"{4: 25, 3: 8, 1: 20, 0: 30, 2: 62}","{3: 92, 2: 22, 4: 31}","{1: 143, 2: 2}","{1: 137, 0: 6, 2: 2}","{1: 133, 2: 6, 0: 6}","{1: 139, 2: 2, 0: 4}",0.07100704374911138,0.03345109565729295,0.08375778825303144,0.07166687868337655,0.13335852520905545,0.05937286236438757,0.1732939547612665,0.14677007777245538,0.14391042279022434,0.06699160000461393,0.18757399274879358,0.08825446707102501
4270,0,crash,1,0,1,-84.93764085643069,1687,,,0.15,0.1,0.9172526597976685,10.040376663208008,-24.839473724365234,362.333984375,0.0,19.20510784752798,591,-3.37399999999985,-20.768748703958735,-80.0,-0.05034833482894528,"{2: 15, 3: 44, 4: 61, 5: 13, 6: 35}","{3: 117, 4: 8, 2: 29, 1: 14}",{1: 168},"{1: 158, 0: 1, 2: 9}","{1: 161, 0: 7}","{1: 154, 2: 1, 0: 13}",0.044537834005777086,0.029626494304204783,0.06379451934896194,0.06904471467261714,0.10748745488029336,0.056254906765106964,0.1452572466847131,0.1460690435827397,0.08782892462538076,0.037734368778503904,0.11479528240374773,0.09005117691649991
4280,1,success,1,2,0,1075.8587211763925,1763,881.5,881.5,0.5997,0.1,0.9243960976600647,10.09123706817627,-24.839473724365234,343.06488037109375,1000.0,79.38072117637556,1326,-3.5219999999998337,0.0,0.0,0.6102431770711245,"{2: 149, 3: 27}","{2: 22, 3: 154}",{1: 176},"{1: 174, 2: 2}","{1: 172, 0: 4}","{1: 152, 2: 11, 0: 13}",0.021170235140500607,0.01931073342028005,0.02573697947169871,0.035189017996762134,0.10482424971023618,0.05461298191211718,0.1437870547158839,0.17032618531755667,0.11566555238279089,0.057094812548163405,0.11702446882527157,0.1797988227188181
4290,1,max_steps,3,0,0,49.87346035039025,3000,,,0.5967082376373667,0.1,0.922957181930542,9.99506950378418,-24.839473724365234,342.26513671875,0.0,55.873460350390395,1304,-5.999999999999561,0.0,0.0,0.016624486783463416,"{3: 179, 4: 20, 2: 101}","{1: 84, 2: 216}",{1: 300},"{1: 297, 0: 2, 2: 1}",{1: 300},"{1: 299, 2: 1}",0.04519348167533474,0.014946512025976081,0.061340692018422176,0.0498058701570832,0.08794088716416144,0.04457520307681698,0.107758119132377,0.10451828209283083,0.0802837858571388,0.012535964643507275,0.08870939508948658,0.10123514795807881
4300,1,max_steps,3,0,0,30.633909905818623,3000,,,0.5937314004740571,0.1,0.9226999878883362,9.945956230163574,-24.839473724365234,342.26513671875,0.0,36.63390990581866,1523,-5.999999999999561,0.0,0.0,0.01021130330193954,"{2: 275, 1: 25}","{3: 290, 4: 8, 2: 2}",{1: 300},"{1: 297, 0: 2, 2: 1}",{1: 300},{1: 300},0.009614710374301078,0.015374564623864571,0.017142408441693596,0.026170262035373548,0.044966835218966675,0.04023487067554052,0.0582321081389499,0.058468455011465116,0.019908160451243172,0.022185107990487802,0.02039449893810506,0.03499609616984693
4310,1,max_steps,3,0,0,51.59250405643321,3000,,,0.5907694140517594,0.1,0.9207624793052673,9.913612365722656,-24.839473724365234,342.26513671875,0.0,57.59250405643328,1134,-5.999999999999561,0.0,0.0,0.0171975013521444,"{4: 168, 3: 86, 5: 45, 6: 1}","{3: 86, 2: 134, 1: 52, 0: 28}",{1: 300},"{1: 288, 0: 12}",{1: 300},"{1: 293, 0: 6, 2: 1}",0.026778757580554244,0.0194108067934294,0.04488352276185119,0.0484147552400056,0.09594324883208773,0.04822925654243602,0.12117706946331513,0.11854035966850121,0.11150701759590774,0.01975944963270769,0.10028360386016055,0.1498782520072557
4320,1,max_steps,3,0,0,72.493941609574,3000,,,0.587822204283617,0.1,0.9199387431144714,9.890475273132324,-24.839473724365234,342.26513671875,0.0,78.49394160957405,1054,-5.999999999999561,0.0,0.0,0.024164647203191333,"{4: 128, 5: 112, 6: 60}","{3: 6, 2: 134, 1: 108, 0: 52}","{1: 282, 0: 8, 2: 10}","{1: 298, 0: 2}","{1: 285, 0: 6, 2: 9}","{1: 286, 2: 5, 0: 9}",0.03297914148590747,0.01683603763748566,0.051561416215980094,0.04773102577108682,0.1295439114745504,0.04232450126760485,0.14977337846817979,0.12488442620667349,,,,
4330,1,max_steps,3,1,0,677.6840410411999,3000,1776.0,1776.0,0.584889697452375,0.1,0.9264931678771973,9.986856460571289,-24.839473724365234,345.81024169921875,500.0,183.6820410411979,2291,-5.9979999999995615,0.0,0.0,0.2258946803470666,"{6: 59, 5: 76, 4: 14, 3: 28, 0: 69, 1: 12, 2: 42}","{0: 30, 1: 76, 2: 102, 3: 92}",{1: 300},"{1: 292, 0: 7, 2: 1}",{1: 300},"{1: 298, 2: 1, 0: 1}",0.031825151319682776,0.015743150515038586,0.04239440587480049,0.03857280608348908,0.1282987958162595,0.05105463942936691,0.1375817178590358,0.11220820830781914,0.04831954839036442,0.055972848849875696,0.08916516250474436,0.1144152069847136
4340,1,max_steps,3,0,0,105.04186536332564,3000,,,0.5819718202085363,0.1,0.9277189373970032,9.983023643493652,-24.839473724365234,345.81024169921875,0.0,111.04186536332568,1742,-5.999999999999561,0.0,0.0,0.035013955121108546,"{0: 72, 1: 106, 2: 122}","{6: 48, 5: 91, 4: 53, 3: 108}",{1: 300},"{1: 296, 0: 1, 2: 3}","{1: 296, 0: 4}","{1: 295, 0: 3, 2: 2}",0.02254861979774561,0.021259325428110893,0.033202415783113656,0.03850506118716093,0.09642831862130297,0.0534212303296175,0.10938626414893497,0.11404119243377273,,,,
4350,1,max_steps,3,0,0,35.29759067367839,3000,,,0.5790684995685279,0.1,0.9253337979316711,9.92831039428711,-24.839473724365234,345.81024169921875,0.0,41.29759067367851,1501,-5.999999999999561,0.0,0.0,0.011765863557892798,"{2: 72, 3: 202, 4: 26}","{3: 78, 2: 214, 1: 8}",{1: 300},"{1: 299, 2: 1}",{1: 300},{1: 300},0.015738616040817735,0.015103195231150106,0.02608185895082615,0.035489288912799066,0.05822652760157851,0.03480255259297912,0.07301534540410501,0.07707400057774,0.0727583933997522,0.03401972650617832,0.060616417116688665,0.08899908533024813
4360,1,max_steps,3,0,0,26.319215258698353,3000,,,0.5761796629128739,0.1,0.9268250465393066,9.962457656860352,-28.516172409057617,345.81024169921875,0.0,32.31921525869845,890,-5.999999999999561,0.0,0.0,0.008773071752899451,{6: 300},"{3: 37, 2: 196, 1: 67}",{1: 300},{1: 300},{1: 300},"{1: 299, 0: 1}",0.011481804721117012,0.01299203222867234,0.014961728704362,0.024625522394790017,0.07269044272441379,0.025523467136928876,0.10243204691138168,0.10644037963398117,,,,
4370,1,max_steps,3,0,0,25.107342974978632,3000,,,0.5733052379843804,0.1,0.9253650307655334,9.964673042297363,-24.839473724365234,345.81024169921875,0.0,31.10734297497875,945,-5.999999999999561,0.0,0.0,0.008369114324992877,"{4: 41, 5: 97, 6: 162}","{0: 291, 1: 9}",{1: 300},"{1: 299, 0: 1}",{1: 300},"{1: 299, 2: 1}",0.017691909202999876,0.012919934561402759,0.02665574034274154,0.0297659453922158,0.05020715596596182,0.03636311392951554,0.06776469195884507,0.08456293258572518,,,,
4380,1,max_steps,3,0,0,35.106654620558736,3000,,,0.5704451528863276,0.1,0.9250926375389099,9.962175369262695,-24.839473724365234,351.05487060546875,0.0,41.97864080525701,1147,-5.999999999999561,-0.871986184698221,0.0,0.011702218206852912,"{5: 125, 4: 70, 6: 105}","{4: 50, 3: 105, 2: 108, 1: 35, 0: 2}",{1: 300},"{1: 290, 2: 9, 0: 1}",{1: 300},{1: 300},0.022573648611990488,0.019927905672928826,0.032526941840427336,0.047564476525058484,0.06351807901639847,0.047751175943061615,0.08949191095345153,0.1022010886722637,,,,
4390,1,max_steps,3,1,0,574.2858341325123,3000,926.0,926.0,0.5675993360806716,0.1,0.9263814687728882,9.984660148620605,-27.173429489135742,345.84783935546875,500.0,80.2838341325024,1758,-5.9979999999995615,0.0,0.0,0.19142861137750408,"{1: 69, 2: 37, 3: 27, 0: 167}","{1: 80, 2: 11, 3: 1, 6: 208}",{1: 300},"{1: 281, 0: 19}","{1: 289, 0: 6, 2: 5}","{1: 287, 0: 7, 2: 6}",0.033268848873304654,0.019412823900112328,0.04938661425775319,0.06077033705833579,0.10893861903281639,0.054461689322914744,0.11898055043776981,0.1396515100490697,0.03588966157744717,0.10540624552551475,0.07139624811841731,0.06976722751665053
4400,1,max_steps,3,0,0,123.60913946522123,3000,,,0.5647677163862548,0.1,0.9315566420555115,10.05030345916748,-27.173429489135742,355.4501953125,0.0,129.6091394652213,1279,-5.999999999999561,0.0,0.0,0.04120304648840708,"{5: 160, 6: 140}","{4: 103, 3: 197}",{1: 300},{1: 300},"{1: 290, 0: 4, 2: 6}","{1: 250, 0: 26, 2: 24}",0.06296118677521692,0.0147897109203428,0.08456693966776685,0.08520504706976148,0.12015365650716657,0.03696874474217241,0.16124593241901328,0.16096475662786633,,,,
4410,1,max_steps,3,0,0,22.545679193570017,3000,,,0.5619502229770255,0.1,0.9311462044715881,10.041749000549316,-27.173429489135742,343.4397277832031,0.0,28.545679193570017,1102,-5.999999999999561,0.0,0.0,0.007515226397856672,"{4: 26, 5: 20, 6: 254}",{0: 300},{1: 300},"{1: 296, 2: 3, 0: 1}",{1: 300},"{1: 299, 2: 1}",0.02232172868193181,0.014461728908711398,0.03261002225268779,0.03767305443278053,0.07172759829120713,0.048015095452482136,0.09262532026709744,0.09510451245236361,,,,
4420,1,crash,3,0,1,-153.87854717690885,2554,,,0.5591467853802671,0.1,0.9291109442710876,10.000147819519043,-27.173429489135742,343.4397277832031,0.0,22.667532577473107,599,-5.1079999999996595,-91.43807975438192,-80.0,-0.06025001847177324,"{1: 31, 2: 17, 3: 171, 4: 36}","{1: 35, 0: 220}",{1: 255},{1: 255},{1: 255},{1: 255},0.011671005832076487,0.019043577690392832,0.01756238539483832,0.020408930221123354,0.10616061288354867,0.037243978801171605,0.12151488804969103,0.06510476807004181,,,,
4430,1,max_steps,3,0,0,47.74354918489388,3000,,,0.5563573334748342,0.1,0.9300886392593384,9.987153053283691,-27.173429489135742,343.5448303222656,0.0,53.743549184893936,1668,-5.999999999999561,0.0,0.0,0.015914516394964627,"{2: 135, 3: 165}","{3: 62, 2: 192, 1: 46}",{1: 300},{1: 300},{1: 300},"{1: 299, 0: 1}",0.019222210011215872,0.01021816145388759,0.024813264807919018,0.032834655847031075,0.09366366922041014,0.028517584677538066,0.1195082075609535,0.0956920003897624,0.01750163344704962,0.009740431055378926,0.036529881150899474,0.04128121309454538
4440,1,max_steps,3,0,0,122.62222829915761,3000,,,0.5535817974893997,0.1,0.9286616444587708,9.97692584991455,-27.173429489135742,343.5448303222656,0.0,128.62222829915777,1427,-5.999999999999561,0.0,0.0,0.04087407609971921,"{6: 286, 5: 9, 4: 5}","{1: 43, 2: 76, 0: 181}","{1: 281, 2: 19}","{1: 298, 2: 1, 0: 1}","{1: 291, 2: 9}","{1: 297, 0: 3}",0.04643469956310982,0.020395757282720556,0.06277614214673718,0.04460974586117092,0.1374846046693296,0.04044241977612215,0.1622246367196411,0.108323921442951,,,,
4450,1,max_steps,3,0,0,39.131095089763846,3000,,,0.5508201080007092,0.1,0.9299553632736206,10.005075454711914,-27.173429489135742,335.53778076171875,0.0,45.13109508976392,1313,-5.999999999999561,0.0,0.0,0.013043698363254615,{0: 300},"{6: 84, 5: 39, 4: 124, 3: 53}",{1: 300},"{1: 297, 2: 1, 0: 2}",{1: 300},{1: 300},0.018863685005861476,0.014132970929090138,0.029107317916078845,0.035966113128296645,0.05695510408743463,0.037180800248970816,0.07935401777630867,0.08397204190523945,,,,
4460,1,max_steps,3,0,0,82.99018078026967,3000,,,0.5480721959318446,0.1,0.9315706491470337,10.019219398498535,-27.173429489135742,345.5631408691406,0.0,88.99018078027,1563,-5.999999999999561,0.0,0.0,0.02766339359342322,"{1: 27, 2: 273}","{4: 34, 3: 243, 2: 23}",{1: 300},"{1: 281, 2: 1, 0: 18}",{1: 300},"{1: 297, 2: 3}",0.02882655788906221,0.024696959171881507,0.0487332458740993,0.053510415179942664,0.0635863174961629,0.05316845485221907,0.0895702200249592,0.10274373715291304,0.0483112974055597,0.0428149059454223,0.08911351887774657,0.10132158306905228
4470,1,crash,3,1,1,354.5702319383459,2075,376.0,376.0,0.5453379925504962,0.1,0.9339836239814758,10.064385414123535,-27.173429489135742,363.0169677734375,500.0,67.77222344183555,1255,-4.147999999999765,-129.053991503493,-80.0,0.17087722021125104,"{5: 17, 4: 189, 3: 1}","{3: 75, 5: 32, 4: 38, 2: 62}",{1: 207},"{1: 187, 2: 20}",{1: 207},"{1: 194, 0: 9, 2: 4}",0.02230183672537387,0.020245926275294594,0.039867784817732566,0.05268068797687596,0.08233414262672713,0.05837737785422789,0.11359204829030986,0.13790868219574326,0.08948162737309977,0.06278393836486497,0.07842037533336575,0.175808815172294
4480,1,max_steps,3,0,0,68.43289961761597,3000,,,0.5426174294672437,0.1,0.936482846736908,10.097451210021973,-27.173429489135742,373.0423278808594,0.0,74.43289961761607,1794,-5.999999999999561,0.0,0.0,0.022810966539205325,"{5: 226, 6: 36, 4: 38}","{1: 24, 2: 125, 3: 151}",{1: 300},"{1: 285, 0: 15}",{1: 300},"{1: 299, 2: 1}",0.025737204572448907,0.01602975655025702,0.03687946555564414,0.04229733496371929,0.056049098063391666,0.04206285059257568,0.07851202662716043,0.08864684918212887,,,,
4490,1,crash,3,1,1,448.3458503672662,1944,1068.0,1068.0,0.5399104386338454,0.1,0.9386817812919617,10.110812187194824,-27.173429489135742,350.2006530761719,500.0,46.87306864128158,801,-3.8859999999997936,-14.641218274021822,-80.0,0.23063058146464313,"{2: 60, 1: 37, 3: 9, 4: 10, 5: 34, 6: 44}","{2: 79, 3: 27, 6: 88}",{1: 194},{1: 194},"{1: 186, 0: 8}","{1: 188, 0: 3, 2: 3}",0.04038528554887026,0.011564429478919985,0.05357354316905115,0.07550961675875952,0.10807635507017911,0.02975118090473442,0.1414551416712805,0.1374354877160642,0.14866929072455395,0.029564376856850982,0.17245440319629404,0.15377128075233285
4500,1,max_steps,3,1,0,569.3345730269751,3000,1972.0,1972.0,0.5372169523415367,0.1,0.9424439668655396,10.154541015625,-27.173429489135742,349.3878173828125,500.0,75.33257302697146,1467,-5.9979999999995615,0.0,0.0,0.1897781910089917,"{2: 37, 3: 130, 4: 43, 5: 44, 6: 46}","{1: 77, 0: 101, 2: 18, 3: 1, 5: 65, 4: 38}",{1: 300},"{1: 279, 0: 21}",{1: 300},{1: 300},0.018808221767054108,0.02449141195720228,0.02606585253025616,0.025403083842271752,0.08145512199169712,0.05732361229315424,0.09487400225423334,0.10923805856954087,0.009581493932779775,0.059751557346577854,0.01287671910857708,0.024264440510685433
4510,1,max_steps,3,0,0,108.33821197457542,3000,,,0.5345369032193356,0.1,0.945554256439209,10.185715675354004,-27.350811004638672,374.07757568359375,0.0,114.33821197457526,1633,-5.999999999999561,0.0,0.0,0.03611273732485847,"{6: 170, 5: 130}","{1: 31, 2: 137, 3: 132}","{1: 290, 2: 10}","{1: 288, 0: 11, 2: 1}","{1: 282, 0: 7, 2: 11}","{1: 265, 0: 26, 2: 9}",0.03709460848982046,0.019019817898313345,0.055576834019089555,0.057665782119798586,0.10735190129328319,0.04966205072727749,0.14758294095857047,0.15321691363472206,,,,
4520,1,max_steps,3,2,0,1088.7726563148763,3000,739.0,739.0,0.5318702242323584,0.1,0.9492102265357971,10.20675277709961,-27.350811004638672,365.0882263183594,1000.0,94.76865631488303,2166,-5.995999999999562,0.0,0.0,0.3629242187716254,"{3: 101, 4: 71, 2: 110, 1: 18}","{5: 21, 4: 15, 3: 3, 1: 53, 2: 55, 0: 153}",{1: 300},"{1: 280, 2: 8, 0: 12}","{1: 297, 2: 3}","{1: 284, 2: 5, 0: 11}",0.02592411956567358,0.02049102302122072,0.04356134422827889,0.055241353603789345,0.09313473178675048,0.05460965748628615,0.1303431329604882,0.13857348605145678,0.040727199738704575,0.08519090018695849,0.03561626009544368,0.1024611789719244
4530,1,max_steps,3,2,0,1102.1259924109354,3000,1120.0,1120.0,0.5292168486801428,0.1,0.9510068297386169,10.233509063720703,-27.18794822692871,359.64093017578125,1000.0,108.1219924109461,1689,-5.995999999999562,0.0,0.0,0.36737533080364515,"{3: 34, 2: 135, 1: 54, 6: 77}","{5: 41, 4: 136, 3: 85, 2: 21, 1: 17}","{1: 295, 2: 5}","{1: 286, 0: 14}","{1: 293, 2: 7}","{1: 288, 0: 11, 2: 1}",0.036805495342471135,0.018221688787664482,0.049949594758862834,0.04755810947382823,0.08741530678721085,0.04857969757354999,0.12039932121006194,0.11548357368108142,0.059632367020982416,0.09110373227679762,0.04755828058842756,0.05744886074704936
4540,1,max_steps,3,1,0,575.1303064311159,3000,1008.0,1008.0,0.5265767101949791,0.1,0.9545495510101318,10.29471492767334,-27.173429489135742,370.5751953125,500.0,81.12830643110544,1692,-5.9979999999995615,0.0,0.0,0.1917101021437053,"{1: 15, 2: 83, 3: 2, 6: 39, 5: 15, 4: 146}","{3: 71, 4: 29, 1: 76, 0: 124}",{1: 300},"{1: 284, 0: 16}",{1: 300},"{1: 295, 0: 4, 2: 1}",0.02819296451288951,0.016872220290316223,0.039479743131845234,0.045697773315096765,0.07013671602169304,0.046478888589861204,0.09561411484673225,0.11491798605844283,0.04369130278887196,0.05872052447395243,0.05166044443596846,0.05053554352602396
4550,1,crash,3,1,1,444.15093136599353,2357,1272.0,1272.0,0.5239497427402506,0.1,0.958838701248169,10.353732109069824,-27.693866729736328,363.7402038574219,500.0,46.878904520979425,1255,-4.711999999999703,-18.015973154992295,-80.0,0.18843908840305199,"{1: 58, 2: 61, 3: 8, 6: 108}","{3: 82, 4: 45, 2: 83, 1: 22, 0: 3}",{1: 235},"{1: 205, 2: 14, 0: 16}",{1: 235},"{1: 234, 0: 1}",0.02932833012216486,0.03389847941874311,0.03936134747094487,0.04255184984378777,0.08332543016246369,0.06120389098026235,0.10653244276748557,0.0987540059979298,0.11799972795644911,0.06048390970362716,0.13576821520965757,0.0939650736785762
4560,1,max_steps,3,0,0,105.84037873827566,3000,,,0.521335880608782,0.1,0.9615201354026794,10.34865665435791,-27.693866729736328,372.0377502441406,0.0,111.8403787382761,1918,-5.999999999999561,0.0,0.0,0.035280126246091885,"{1: 161, 2: 139}","{6: 53, 5: 91, 4: 53, 3: 103}",{1: 300},"{1: 294, 0: 3, 2: 3}",{1: 300},"{1: 293, 0: 7}",0.03819735869939132,0.013687759533343079,0.05574743639574978,0.06137719283249918,0.0803780300286454,0.030201390995395257,0.1072774364848599,0.1280444111170624,0.02239752584388531,0.008611019675621447,0.024071265373541952,0.023707605076505614
4570,1,max_steps,3,0,0,115.83291659831865,3000,,,0.5187350584211957,0.1,0.9676069617271423,10.464766502380371,-27.173429489135742,370.6606750488281,0.0,121.8329165983187,1424,-5.999999999999561,0.0,0.0,0.03861097219943955,"{6: 243, 5: 57}","{5: 9, 4: 76, 3: 215}",{1: 300},"{1: 297, 2: 2, 0: 1}","{1: 299, 2: 1}","{1: 278, 0: 20, 2: 2}",0.036272267205302716,0.014527900940861116,0.04420819569562586,0.045318966912895275,0.11801440482603658,0.03880195211243309,0.14575575230005958,0.14213416687892513,,,,
4580,1,max_steps,3,0,0,35.86638370465489,3000,,,0.5161472111242759,0.1,0.9689772129058838,10.443624496459961,-27.173429489135742,376.0921630859375,0.0,41.86638370465501,1398,-5.999999999999561,0.0,0.0,0.011955461234884964,{6: 300},"{3: 252, 2: 48}",{1: 300},{1: 300},{1: 300},"{1: 299, 0: 1}",0.017213902645572286,0.013208448803568314,0.027740229044244467,0.027366085533311817,0.04752807870950328,0.029214099668281212,0.07549994310047983,0.08530416302335642,,,,
4590,1,max_steps,3,1,0,617.7815145029723,3000,2111.0,2111.0,0.513572273989342,0.1,0.97072434425354,10.439826011657715,-27.173429489135742,392.8615417480469,500.0,123.77951450297167,2158,-5.9979999999995615,0.0,0.0,0.20592717150099077,"{0: 42, 1: 112, 2: 142, 3: 4}","{2: 147, 1: 7, 3: 57, 6: 89}",{1: 300},"{1: 297, 0: 3}","{1: 295, 0: 5}","{1: 293, 0: 3, 2: 4}",0.032472149055389546,0.014028747545461311,0.05006122130265386,0.06562689887957482,0.07426965819829273,0.04312357877236465,0.10551566894044308,0.12292161226300519,0.07836040056819832,0.0531463082477776,0.06386490513930687,0.12009619464764673
4600,1,max_steps,3,1,0,604.6866223226326,3000,877.0,877.0,0.5110101826106305,0.1,0.9732273817062378,10.425731658935547,-27.173429489135742,361.35064697265625,500.0,110.68462232262432,1917,-5.9979999999995615,0.0,0.0,0.20156220744087755,"{4: 61, 3: 26, 0: 92, 1: 83, 2: 38}","{3: 83, 2: 13, 1: 136, 0: 68}","{1: 287, 0: 13}","{1: 288, 2: 2, 0: 10}","{1: 286, 0: 14}","{1: 285, 0: 4, 2: 11}",0.03139455962743907,0.02258923219146365,0.042551727157507185,0.05269416159871249,0.07808232780436246,0.052779101601977005,0.11567731368480305,0.1380217068958496,0.06129630429240427,0.05641367886349137,0.1088362302120587,0.12657387869202769
4610,1,success,3,3,0,1626.2747839979584,2639,879.6666666666666,835.0,0.5084608729036819,0.1,0.9805153608322144,10.516691207885742,-26.636442184448242,350.2383117675781,1500.0,131.54678399795776,1861,-5.271999999999641,0.0,0.0,0.6162466025001737,"{2: 174, 3: 71, 4: 18}","{1: 14, 2: 27, 3: 122, 6: 32, 5: 34, 4: 34}",{1: 263},"{1: 241, 0: 8, 2: 14}",{1: 263},"{1: 262, 0: 1}",0.029568288020118547,0.030070452097064857,0.039131601652191275,0.04304489470188261,0.08400953695754206,0.05945593674663918,0.10812519429381269,0.10378874062367406,0.0661085412079328,0.06593059445205772,0.09760486858183691,0.08269771156954653
4620,1,max_steps,3,0,0,80.05821187112028,3000,,,0.5059242811037404,0.1,0.9810590744018555,10.51953125,-26.636442184448242,367.1632995605469,0.0,86.65495839590824,1876,-5.999999999999561,-0.5967465247881343,0.0,0.02668607062370676,"{2: 101, 1: 108, 0: 91}","{5: 27, 4: 191, 3: 76, 2: 6}",{1: 300},"{1: 296, 2: 4}",{1: 300},"{1: 299, 0: 1}",0.02888963225690929,0.017017544767360872,0.04677985343938663,0.05488144205978153,0.06484134348087454,0.048836216017200784,0.0860502084250229,0.11339877188239601,,,,
4630,1,max_steps,3,0,0,103.33299046621882,3000,,,0.5034003437641568,0.1,0.9826386570930481,10.501232147216797,-26.636442184448242,365.841064453125,0.0,109.33299046621883,1966,-5.999999999999561,0.0,0.0,0.03444433015540627,"{0: 83, 1: 42, 2: 70, 3: 105}","{0: 31, 1: 84, 2: 185}",{1: 300},"{1: 294, 0: 3, 2: 3}",{1: 300},"{1: 296, 0: 2, 2: 2}",0.03568377980146624,0.018739185986599256,0.049588159441552884,0.05189058860175686,0.07936395718777103,0.04196838349121626,0.10365836436342112,0.12522654400292269,0.07776887348764033,0.029644996409279343,0.06450125717471496,0.10818964850378723
4640,1,max_steps,3,0,0,89.82194818847981,3000,,,0.5008889977548016,0.1,0.9861058592796326,10.504509925842285,-26.636442184448242,347.4922180175781,0.0,95.82194818847987,2211,-5.999999999999561,0.0,0.0,0.029940649396159934,"{1: 117, 0: 93, 2: 66, 3: 24}","{5: 43, 4: 98, 3: 159}",{1: 300},"{1: 297, 2: 2, 0: 1}",{1: 300},{1: 300},0.028814497618116944,0.016131031269690982,0.036018138979110104,0.03311191297526479,0.059851486059609854,0.03808393253838786,0.07632895215338753,0.09289710084353556,0.044988746863526226,0.04587261529027787,0.03654000495933858,0.04563260589067771
4650,1,max_steps,3,0,0,80.83752143551956,3000,,,0.498390180260488,0.1,0.9889511466026306,10.533150672912598,-25.846277236938477,366.6037292480469,0.0,86.83752143551966,1404,-5.999999999999561,0.0,0.0,0.02694584047850652,"{4: 22, 3: 33, 5: 27, 6: 218}","{6: 53, 5: 122, 4: 80, 3: 45}","{1: 294, 0: 6}","{1: 299, 2: 1}","{1: 284, 0: 12, 2: 4}","{1: 287, 0: 8, 2: 5}",0.031111883361594747,0.012505725740132879,0.04044486105375359,0.04662994809447982,0.11604989148629764,0.038564461100489215,0.13960480378290924,0.13057099846313952,,,,
4660,1,max_steps,3,0,0,163.7347954878219,3000,,,0.4959038287793984,0.1,0.9902487993240356,10.524133682250977,-25.846277236938477,360.75860595703125,0.0,169.734795487822,1707,-5.999999999999561,0.0,0.0,0.0545782651626073,"{6: 186, 5: 106, 4: 8}","{3: 287, 2: 13}","{1: 285, 2: 11, 0: 4}","{1: 292, 0: 6, 2: 2}","{1: 268, 2: 16, 0: 16}","{1: 253, 0: 37, 2: 10}",0.06998792452237337,0.018738721724086367,0.09400835758576803,0.09983371061247348,0.13712228580877417,0.050812579701931544,0.18183424647988325,0.16198898007801552,,,,
4670,1,max_steps,3,0,0,66.02278296249428,3000,,,0.49342988112152286,0.1,0.9896790981292725,10.497442245483398,-25.846277236938477,365.4129943847656,0.0,72.02278296249436,1696,-5.999999999999561,0.0,0.0,0.022007594320831426,"{2: 179, 1: 117, 0: 4}","{0: 220, 1: 80}",{1: 300},"{1: 291, 2: 1, 0: 8}",{1: 300},"{1: 294, 0: 4, 2: 2}",0.01960820956593985,0.011875591974172421,0.03370261236760247,0.041855822429650746,0.06516966190094034,0.042935319760268355,0.08954411193797239,0.121654156740356,,,,
4680,1,max_steps,3,0,0,67.43187802071547,3000,,,0.49096827540710236,0.1,0.9910412430763245,10.493088722229004,-25.846277236938477,368.8387145996094,0.0,73.43187802071563,1059,-5.999999999999561,0.0,0.0,0.022477292673571823,"{6: 229, 5: 66, 4: 5}","{3: 139, 2: 161}","{1: 291, 2: 9}","{1: 298, 0: 2}","{1: 290, 2: 10}","{1: 288, 0: 12}",0.033513841963722424,0.014796563734231744,0.043250698822532144,0.042535428099409744,0.0765221052999985,0.027997555336640723,0.10109604129662812,0.11936870278972606,,,,
4690,1,max_steps,3,0,0,52.163335451357675,3000,,,0.4885189500650814,0.1,0.9918710589408875,10.490073204040527,-25.846277236938477,351.8695983886719,0.0,58.16333545135778,1460,-5.999999999999561,0.0,0.0,0.017387778483785893,"{2: 93, 3: 145, 4: 53, 5: 9}","{3: 77, 2: 183, 1: 40}",{1: 300},{1: 300},{1: 300},"{1: 295, 2: 1, 0: 4}",0.04366471162775723,0.015066565197586234,0.0623243304734927,0.05864904860213124,0.07736107733723571,0.03882385890190057,0.11321778302489723,0.129906944361634,0.06924617761649095,0.031165920819033407,0.10121275106080722,0.13790437051600174
4700,1,max_steps,3,1,0,555.3496294553908,3000,237.0,237.0,0.48608184383156816,0.1,0.9940139651298523,10.539299964904785,-25.846277236938477,371.19805908203125,500.0,61.34762945537243,1143,-5.9979999999995615,0.0,0.0,0.18511654315179693,"{2: 14, 3: 9, 6: 277}","{4: 22, 3: 166, 2: 71, 1: 41}",{1: 300},"{1: 286, 2: 3, 0: 11}",{1: 300},"{1: 296, 0: 4}",0.0353880467701736,0.020454851159042865,0.042966460018656984,0.04186224717599721,0.07551225699300981,0.053834272386452046,0.10225196772303692,0.10948953211321173,0.1069253509255656,0.06478549868485213,0.13220904254468896,0.09251105549545927
4710,1,max_steps,3,1,0,592.8212587159376,3000,1639.0,1639.0,0.483656895748302,0.1,0.9993106722831726,10.612103462219238,-25.846277236938477,383.16937255859375,500.0,98.81925871593008,1675,-5.9979999999995615,0.0,0.0,0.19760708623864587,"{5: 85, 6: 60, 4: 18, 0: 137}","{0: 41, 1: 29, 2: 17, 3: 76, 6: 84, 5: 53}",{1: 300},"{1: 287, 0: 13}",{1: 300},"{1: 297, 2: 1, 0: 2}",0.03345825110570723,0.01714223553758466,0.051012015941818686,0.03676797153285,0.10539872174580484,0.051115428517933326,0.11359709707936366,0.12296414748480185,0.12230718130841524,0.008369245295835015,0.14668590964534964,0.050283363767665915
4720,1,max_steps,3,0,0,116.06234442786587,3000,,,0.48124404516112856,0.1,1.0052376985549927,10.656291007995605,-25.846277236938477,377.59967041015625,0.0,122.06234442786587,1908,-5.999999999999561,0.0,0.0,0.038687448142621955,"{5: 189, 4: 54, 6: 57}","{2: 136, 3: 19, 1: 74, 0: 71}","{1: 276, 0: 15, 2: 9}","{1: 297, 0: 2, 2: 1}","{1: 283, 0: 14, 2: 3}","{1: 287, 0: 5, 2: 8}",0.0353054907809448,0.016381253311151648,0.052891591935361144,0.052749590864497695,0.13863963117990485,0.05139994903931707,0.1613648737667095,0.12585867770692954,,,,
4730,1,max_steps,3,0,0,131.07866717320738,3000,,,0.4788432317184831,0.1,1.004787564277649,10.622522354125977,-25.846277236938477,369.2427062988281,0.0,137.07866717320766,1762,-5.999999999999561,0.0,0.0,0.043692889057735794,"{6: 115, 5: 88, 4: 63, 3: 34}","{1: 149, 2: 151}","{1: 296, 2: 4}","{1: 290, 0: 8, 2: 2}","{1: 292, 2: 8}","{1: 287, 0: 13}",0.05468969315796991,0.015826471812195188,0.07304569248286918,0.07559242959609426,0.12282297420005257,0.04512508870229918,0.14888783241099485,0.139018014846638,,,,
4740,1,max_steps,3,0,0,73.2373494143312,3000,,,0.47645439536988043,0.1,1.0078063011169434,10.634510040283203,-25.846277236938477,367.0909729003906,0.0,79.2373494143312,1935,-5.999999999999561,0.0,0.0,0.024412449804777067,"{0: 244, 1: 43, 2: 13}",{3: 300},{1: 300},"{1: 298, 2: 1, 0: 1}","{1: 295, 0: 5}",{1: 300},0.011868913249395558,0.011600438988333406,0.019756313882322785,0.0236868491356871,0.056236766152916326,0.03287181149619169,0.0853878454707158,0.0799227303140376,0.14905962605907935,0.015293848495539572,0.15299203821152585,0.01900409463441578
4750,1,crash,3,0,1,-67.19954336880477,2418,,,0.47407747636441305,0.1,1.009530782699585,10.614416122436523,-30.688207626342773,360.8970947265625,0.0,60.50441628459303,929,-4.835999999999689,-42.86795965339767,-80.0,-0.02779137442878609,"{4: 78, 5: 34, 6: 129}","{1: 5, 2: 24, 3: 212}","{1: 233, 0: 8}","{1: 230, 0: 10, 2: 1}","{1: 211, 0: 30}","{1: 192, 0: 30, 2: 19}",0.05698213578251833,0.01339693542977763,0.07306529920615483,0.0971293978841302,0.13057941430932632,0.04543542533367934,0.19218268884196565,0.15985274187279574,,,,
4760,1,max_steps,3,1,0,583.6414068377547,3000,713.0,713.0,0.4717124152492567,0.1,1.0136383771896362,10.681175231933594,-30.688207626342773,371.52972412109375,500.0,89.63940683774152,1405,-5.9979999999995615,0.0,0.0,0.1945471356125849,"{2: 70, 3: 1, 6: 229}","{3: 174, 2: 120, 1: 6}",{1: 300},"{1: 299, 2: 1}","{1: 298, 0: 2}","{1: 284, 0: 14, 2: 2}",0.031700351317337776,0.013703176034230814,0.04400056443596238,0.04336929272434799,0.10134237737803635,0.04776524143465494,0.13134070256719152,0.1311399122800614,0.07824268924553458,0.017903204146071505,0.05974078673988682,0.037762942132983375
4770,1,max_steps,3,2,0,1097.587155530529,3000,269.5,269.5,0.4693591528681835,0.1,1.0171430110931396,10.7050142288208,-30.688207626342773,372.695556640625,1000.0,103.58315553055924,1933,-5.995999999999562,0.0,0.0,0.36586238517684294,"{4: 39, 3: 6, 5: 8, 0: 247}","{2: 166, 3: 56, 0: 32, 1: 46}",{1: 300},"{1: 299, 0: 1}",{1: 300},"{1: 295, 0: 5}",0.017398273852437612,0.009817846184896426,0.02895128495537297,0.04002756266995783,0.11009100311221923,0.026969396686406175,0.11886150613606912,0.09612326206447999,0.13099839328445426,0.020996778406989488,0.14996189819755248,0.08804304275106592
4780,1,max_steps,3,0,0,80.81741499632341,3000,,,0.467017630360082,0.1,1.020625114440918,10.729634284973145,-30.688207626342773,367.5274963378906,0.0,86.8174149963235,1180,-5.999999999999561,0.0,0.0,0.0269391383321078,"{1: 44, 0: 124, 2: 132}","{0: 164, 1: 23, 2: 14, 3: 99}",{1: 300},"{1: 280, 0: 20}","{1: 292, 0: 8}","{1: 296, 2: 4}",0.019280848028212116,0.015313465765281822,0.03517023030662925,0.04234135573319045,0.08312371429423746,0.05072799486552549,0.10512450413426896,0.11662244031699703,0.056494290224959956,0.01728231748485358,0.1283322898764714,0.1365323239533707
4790,1,max_steps,3,1,0,553.9405683794421,3000,2654.0,2654.0,0.4646877891574849,0.1,1.0286009311676025,10.800101280212402,-30.688207626342773,390.3070068359375,500.0,59.93856837943998,1348,-5.9979999999995615,0.0,0.0,0.18464685612648069,"{4: 255, 3: 10, 5: 25, 6: 10}","{1: 3, 2: 52, 3: 210, 5: 16, 4: 19}",{1: 300},"{1: 295, 0: 3, 2: 2}","{1: 298, 2: 2}","{1: 295, 0: 3, 2: 2}",0.0085150133031044,0.01136673564785656,0.012785402755316727,0.021841540008846378,0.07534925990960725,0.04047797206881191,0.11285453998043529,0.11806048740045919,0.12418079778493851,0.04934181431585988,0.11780861172598732,0.15734597163350378
4800,1,max_steps,3,1,0,603.7013613421494,3000,2543.0,2543.0,0.4623695709851043,0.1,1.029882788658142,10.803943634033203,-25.117900848388672,387.03076171875,500.0,114.29146536583862,1710,-5.9979999999995615,-4.592104023690335,0.0,0.2012337871140498,"{4: 36, 5: 36, 3: 96, 2: 86, 0: 46}","{0: 9, 1: 79, 2: 100, 3: 112}",{1: 300},"{1: 287, 0: 13}",{1: 300},"{1: 299, 2: 1}",0.024451567501884083,0.02254289176645289,0.035338758126650396,0.04559648373995123,0.09358084325509562,0.055435349653405734,0.12657700029564412,0.11840506037608114,0.13279075198634493,0.033028404912773625,0.13092182048182027,0.06972516221678668
4810,1,max_steps,3,1,0,663.5131301241198,3000,1170.0,1170.0,0.46006291785837405,0.1,1.032637596130371,10.800037384033203,-25.117900848388672,394.7225341796875,500.0,169.51113012411471,2142,-5.9979999999995615,0.0,0.0,0.2211710433747066,"{6: 18, 5: 43, 4: 54, 3: 1, 0: 30, 1: 89, 2: 65}","{3: 125, 6: 81, 5: 56, 4: 38}",{1: 300},"{1: 286, 0: 1, 2: 13}","{1: 289, 2: 5, 0: 6}","{1: 282, 0: 12, 2: 6}",0.03751593576066348,0.017028077433806237,0.05587295707389395,0.07755921050353234,0.12063713704705435,0.053135693462626234,0.15665623418231983,0.14431017759360942,0.10799083073065589,0.031450533607385124,0.13356330846843306,0.1458642110710977
4820,1,crash,3,1,1,424.7283301007959,2916,1214.0,1214.0,0.45776777208199926,0.1,1.032362937927246,10.742012023925781,-25.117900848388672,381.9751281738281,500.0,64.67602877303128,1092,-5.82999999999958,-54.11769867224593,-80.0,0.1456544341909451,"{1: 30, 2: 25, 3: 53, 4: 122, 5: 53, 6: 8}","{3: 53, 2: 68, 4: 59, 5: 82, 6: 29}",{1: 291},"{1: 288, 2: 3}",{1: 291},{1: 291},0.038083183874648215,0.020452589509009324,0.050944287601353,0.045299692687464636,0.09762817968979542,0.039594526943784236,0.12856172627555462,0.11355314571335381,0.13199535941902202,0.03926347436799647,0.14528500949749057,0.1191515405829149
4830,1,max_steps,3,0,0,48.5180649745884,3000,,,0.45548407624851345,0.1,1.032496690750122,10.746223449707031,-25.117900848388672,394.28765869140625,0.0,54.51806497458846,1618,-5.999999999999561,0.0,0.0,0.0161726883248628,"{1: 227, 2: 22, 0: 51}","{1: 140, 0: 160}",{1: 300},"{1: 299, 0: 1}",{1: 300},"{1: 298, 2: 2}",0.023922474703128346,0.0130815218081708,0.035480202500388025,0.04333208975857763,0.056610709816165734,0.0406625282654175,0.0832808135397585,0.10348015884952314,,,,
4840,1,max_steps,3,1,0,601.250890416309,3000,2784.0,2784.0,0.4532117732368425,0.1,1.0356167554855347,10.762994766235352,-25.117900848388672,387.0256652832031,500.0,107.2488904163086,1480,-5.9979999999995615,0.0,0.0,0.20041696347210297,"{2: 184, 1: 98, 0: 15, 3: 3}","{3: 178, 2: 122}",{1: 300},"{1: 292, 2: 3, 0: 5}",{1: 300},"{1: 294, 0: 3, 2: 3}",0.034355056382453966,0.015543596582717622,0.057359446362319766,0.06553040887848804,0.08764726570034814,0.052557699017090426,0.11493842082014409,0.13341166794335424,0.115319922688272,0.0344432807037415,0.11471923876818071,0.07080794402467187
4850,1,max_steps,3,0,0,37.2094001047162,3000,,,0.45095080621087574,0.1,1.0399190187454224,10.769183158874512,-25.117900848388672,379.8927307128906,0.0,43.209400104716266,1186,-5.999999999999561,0.0,0.0,0.012403133368238735,"{2: 7, 1: 64, 0: 229}","{2: 101, 3: 199}",{1: 300},"{1: 299, 0: 1}",{1: 300},"{1: 296, 0: 4}",0.024775225463824484,0.010997030600987055,0.03555080247553147,0.04051137434009387,0.06057615973362189,0.03475030995150604,0.08727356738741673,0.10420111352485863,,,,
4860,1,max_steps,3,1,0,567.4663232712159,3000,142.0,142.0,0.4487011186180445,0.1,1.047270655632019,10.848193168640137,-25.117900848388672,379.95733642578125,500.0,73.46432327120348,1478,-5.9979999999995615,0.0,0.0,0.18915544109040527,"{3: 14, 6: 135, 5: 127, 4: 24}","{2: 86, 3: 104, 6: 39, 5: 37, 4: 34}",{1: 300},"{1: 294, 0: 4, 2: 2}",{1: 300},"{1: 294, 0: 6}",0.024036501456010162,0.019808132353078975,0.04047875565309704,0.042858929566147536,0.08616891013019466,0.05189369658632145,0.10974066663868762,0.11298856780754342,0.004540736797365367,0.06581531694648195,0.00884865079770466,0.015285865867714049
4870,1,max_steps,3,1,0,677.3699259557568,3000,285.0,285.0,0.4464626541879079,0.1,1.0507524013519287,10.857114791870117,-25.117900848388672,362.8746643066406,500.0,183.3679259557463,1883,-5.9979999999995615,0.0,0.0,0.2257899753185856,"{2: 27, 3: 1, 6: 169, 5: 13, 4: 90}","{3: 199, 4: 6, 2: 95}","{1: 267, 0: 25, 2: 8}","{1: 295, 2: 5}","{1: 255, 0: 26, 2: 19}","{1: 261, 0: 26, 2: 13}",0.05109905418404288,0.014255829417277687,0.059989154778087146,0.08288104338881196,0.15072759894593715,0.04779050823759283,0.19256178642180546,0.17011597891310204,0.16725824697069522,0.013006173131587558,0.21201559298996964,0.13421062747163215
4880,1,max_steps,3,1,0,573.5401401130783,3000,1173.0,1173.0,0.4442353569307447,0.1,1.0600744485855103,10.947494506835938,-25.117900848388672,377.2309265136719,500.0,79.53814011306784,1757,-5.9979999999995615,0.0,0.0,0.19118004670435945,"{4: 88, 3: 29, 0: 183}","{1: 13, 2: 31, 3: 73, 6: 183}",{1: 300},"{1: 280, 0: 20}",{1: 300},{1: 300},0.02054026574366103,0.012034305067598856,0.023092049941915258,0.024003295206861452,0.06421569774001055,0.050905793376857224,0.07874616426709483,0.07850109664866758,0.05759741067821757,0.043616046490060414,0.03127950524577051,0.07868345632539536
4890,1,max_steps,3,1,0,593.6556999431557,3000,1487.0,1487.0,0.4420191711361534,0.1,1.063523769378662,10.939373016357422,-25.396333694458008,364.3907165527344,500.0,99.65369994314887,1674,-5.9979999999995615,0.0,0.0,0.19788523331438523,"{2: 120, 1: 27, 3: 1, 4: 43, 5: 57, 6: 52}","{5: 4, 4: 32, 3: 179, 0: 39, 1: 28, 2: 18}",{1: 300},"{1: 292, 0: 8}",{1: 300},"{1: 293, 2: 5, 0: 2}",0.041063420352171545,0.025585870441672307,0.0528536436285856,0.04936686115031427,0.09366200499163646,0.05421774895075597,0.12406450949352935,0.12431600342884543,0.10379919463633788,0.0057941273800090586,0.16411863169260504,0.07462477193798192
4900,1,max_steps,3,0,0,40.25541895708482,3000,,,0.43981404137165875,0.1,1.0616934299468994,10.885368347167969,-27.235450744628906,352.4125061035156,0.0,46.25541895708486,1957,-5.999999999999561,0.0,0.0,0.01341847298569494,{2: 300},"{1: 7, 2: 35, 3: 258}",{1: 300},"{1: 297, 0: 3}",{1: 300},{1: 300},0.006368171814149778,0.014689569961678264,0.010613306148055642,0.014241086494727396,0.03557820822064985,0.03369494388224023,0.04987731760727793,0.0667546865215542,0.006878762203473849,0.023902135226599622,0.012725491162872736,0.018311383390731715
4910,1,max_steps,3,0,0,61.651311100979775,3000,,,0.4376199124813246,0.1,1.0624171495437622,10.888246536254883,-27.53483009338379,356.0724792480469,0.0,67.65131110097973,1622,-5.999999999999561,0.0,0.0,0.020550437033659927,"{1: 117, 0: 7, 2: 176}","{3: 6, 2: 116, 1: 173, 0: 5}",{1: 300},{1: 300},{1: 300},"{1: 298, 0: 2}",0.022195609639663463,0.015932280051003365,0.03651349812257779,0.046132179786272196,0.055285782304158704,0.03826895616406613,0.07920830283644247,0.10337276108542277,,,,
4920,1,max_steps,3,1,0,546.847424833731,3000,1555.0,1555.0,0.43543672958437535,0.1,1.0694869756698608,10.903668403625488,-26.569597244262695,352.4125061035156,500.0,52.84542483372041,1240,-5.9979999999995615,0.0,0.0,0.182282474944577,"{3: 54, 4: 101, 6: 119, 5: 26}","{2: 135, 3: 112, 1: 53}",{1: 300},"{1: 271, 0: 18, 2: 11}","{1: 295, 2: 5}","{1: 286, 2: 1, 0: 13}",0.032302515133251,0.02689240854831513,0.046530583772787126,0.0501634025633601,0.09100919443560082,0.05983157580948405,0.11376667820449643,0.12887523594593805,0.051332247617162374,0.06151205406550323,0.04548086989647338,0.09029022856714176
4930,1,max_steps,3,2,0,1194.868333959306,3000,861.5,861.5,0.43326443807382226,0.1,1.074830412864685,10.96353816986084,-26.569597244262695,358.0520324707031,1000.0,200.86433395931724,2138,-5.995999999999562,0.0,0.0,0.398289444653102,"{6: 66, 5: 37, 4: 39, 2: 49, 3: 83, 0: 13, 1: 13}","{1: 9, 2: 16, 3: 136, 4: 11, 6: 28, 5: 100}","{1: 299, 2: 1}","{1: 294, 0: 6}","{1: 280, 2: 10, 0: 10}","{1: 278, 0: 22}",0.04707607629066347,0.019648618383163577,0.06352720978277185,0.06816842889308508,0.131786496067833,0.04663055554627657,0.17289454247725486,0.14426477776190588,0.1019898647978769,0.0315855575609719,0.11780425121459925,0.178273092914079
4940,1,success,3,3,0,1648.4845629994484,2851,950.3333333333334,676.0,0.43110298361509836,0.1,1.0828328132629395,11.09718132019043,-26.569597244262695,379.78387451171875,1500.0,154.18056299946176,2269,-5.695999999999595,0.0,0.0,0.5782127544719216,"{2: 31, 3: 55, 4: 129, 5: 70}","{1: 11, 2: 16, 3: 27, 6: 58, 5: 146, 4: 27}",{1: 285},"{1: 244, 0: 14, 2: 27}",{1: 285},{1: 285},0.025927973737247454,0.02491958725222301,0.03875137308696133,0.05785415563559444,0.07554774811168395,0.06355803415979291,0.10480418671344939,0.11516089900510375,0.0418453029270581,0.1057679322188084,0.08597669288854327,0.08895997453957986
4950,1,max_steps,3,0,0,44.50885605850553,3000,,,0.42895231214469887,0.1,1.0863118171691895,11.10193157196045,-27.719881057739258,359.1773986816406,0.0,50.50885605850553,1969,-5.999999999999561,0.0,0.0,0.014836285352835177,"{2: 282, 3: 18}","{0: 26, 1: 35, 2: 239}",{1: 300},"{1: 291, 0: 9}",{1: 300},{1: 300},0.007786310931034388,0.015275601631542624,0.011356193871467832,0.016776544052567652,0.02261688999722703,0.0337925206700145,0.032410939214059124,0.043759545711597896,,,,
4960,1,max_steps,3,0,0,31.55529283748418,3000,,,0.42681236986882914,0.1,1.088931918144226,11.127215385437012,-25.023941040039062,377.3063049316406,0.0,37.55529283748422,1293,-5.999999999999561,0.0,0.0,0.01051843094582806,"{6: 241, 5: 59}","{3: 227, 2: 73}","{1: 288, 0: 12}","{1: 296, 2: 4}","{1: 287, 0: 13}","{1: 289, 0: 7, 2: 4}",0.022179626320633576,0.01478850141107642,0.036699460128804415,0.044542064578585686,0.08956453917797386,0.04856687702953342,0.1093459903636637,0.11823531958962266,,,,
4970,1,max_steps,3,1,0,530.6405999446928,3000,436.0,436.0,0.4246831032620592,0.1,1.0885424613952637,11.136473655700684,-24.857458114624023,377.3063049316406,500.0,36.63859994467377,959,-5.9979999999995615,0.0,0.0,0.17688019998156426,"{3: 180, 2: 19, 4: 101}","{5: 30, 4: 11, 3: 2, 0: 257}",{1: 300},"{1: 285, 2: 15}",{1: 300},{1: 300},0.016145071134277177,0.01184361886633736,0.019414049037434912,0.022273295162660637,0.04656137882606323,0.04003595422396767,0.06636367079258607,0.07608445453273986,0.022925799606366933,0.09822929074122926,0.02299167603417966,0.025348891447019104
4980,1,max_steps,3,0,0,10.37895227756577,3000,,,0.42256445906598483,0.1,1.0925793647766113,11.179248809814453,-24.857458114624023,375.01513671875,0.0,16.378952277565883,1117,-5.999999999999561,0.0,0.0,0.00345965075918859,"{4: 261, 5: 39}","{4: 20, 3: 263, 2: 17}",{1: 300},"{1: 297, 2: 3}",{1: 300},{1: 300},0.010156408374675852,0.0166297311079141,0.015351804645949152,0.01998374713077069,0.03676067501720939,0.03918757811031455,0.05023521642455042,0.05971485456509836,,,,
4990,1,max_steps,3,2,0,1081.4667830042542,3000,475.5,475.5,0.42045638428789556,0.1,1.0959633588790894,11.226384162902832,-27.340673446655273,375.01513671875,1000.0,87.46278300428152,2017,-5.995999999999562,0.0,0.0,0.36048892766808477,"{2: 66, 3: 102, 4: 103, 5: 29}","{2: 18, 3: 51, 4: 26, 6: 205}",{1: 300},"{1: 296, 0: 3, 2: 1}","{1: 298, 2: 2}","{1: 295, 0: 5}",0.03001933998956331,0.018263336444034627,0.04004125136947026,0.0375520443084011,0.06381828807025704,0.04742334424654299,0.08744124355074354,0.09791660343272378,0.06359421228987841,0.055373286432422314,0.06905842546993367,0.07568934204473153
5000,1,max_steps,3,0,0,64.70300368955823,3000,,,0.4183588261994489,0.1,1.0963433980941772,11.197576522827148,-27.340673446655273,383.911376953125,0.0,70.70300368955844,1207,-5.999999999999561,0.0,0.0,0.02156766789651941,"{5: 83, 4: 75, 3: 4, 6: 138}","{3: 140, 2: 155, 1: 5}",{1: 300},"{1: 289, 2: 3, 0: 8}","{1: 298, 2: 2}","{1: 284, 0: 16}",0.027452000325376025,0.02268987200863186,0.04372596420423988,0.06113610635618082,0.07327081160050014,0.053026125603210766,0.10838652263523522,0.13565256469869955,0.064768487543247,0.01147868848367905,0.1116735368656473,0.12483400140585456
5010,1,max_steps,3,0,0,73.64928198867877,3000,,,0.4162717323353519,0.1,1.098520040512085,11.242076873779297,-27.340673446655273,388.3638916015625,0.0,79.64928198867881,1179,-5.999999999999561,0.0,0.0,0.02454976066289292,"{5: 73, 6: 227}","{3: 129, 2: 171}",{1: 300},"{1: 292, 2: 8}","{1: 292, 0: 5, 2: 3}","{1: 266, 2: 15, 0: 19}",0.04296687141773298,0.018352458248835676,0.05793464652307012,0.07203834239997263,0.10394144212671302,0.04590173063978301,0.15264809074852909,0.15385955557178488,,,,
5020,1,max_steps,3,0,0,97.64929593738114,3000,,,0.41419505049204836,0.1,1.098610281944275,11.201377868652344,-27.340673446655273,372.4764404296875,0.0,103.64929593738123,1491,-5.999999999999561,0.0,0.0,0.03254976531246038,"{0: 72, 1: 147, 2: 81}","{3: 153, 4: 147}",{1: 300},"{1: 298, 0: 2}",{1: 300},"{1: 292, 0: 4, 2: 4}",0.028790479862410227,0.01348277450891195,0.04219105123136202,0.05359393149030382,0.08415845523526781,0.03613591159567066,0.11808616191159452,0.1360341998154936,0.0355842673822055,0.03202125818728596,0.12682946570980244,0.1430582115120338
5030,1,crash,3,0,1,-85.5491480336625,1843,,,0.4121287287264137,0.1,1.096946358680725,11.166245460510254,-27.340673446655273,372.4764404296875,0.0,21.720291149038466,677,-3.6859999999998156,-23.583439182700893,-80.0,-0.04641841998570945,"{5: 49, 4: 33, 6: 102}","{5: 54, 4: 26, 3: 68, 2: 26, 1: 10}","{1: 179, 0: 5}","{1: 170, 2: 14}","{1: 177, 0: 7}","{1: 176, 0: 7, 2: 1}",0.027249092823437588,0.0313585572064662,0.04546811862445939,0.058452052780732566,0.09823561419106781,0.0562156791856301,0.10080226087044701,0.1279235983022844,,,,
5040,1,max_steps,3,0,0,51.66496023961421,3000,,,0.410072715354455,0.1,1.097865104675293,11.161491394042969,-26.8249568939209,372.4764404296875,0.0,57.6649602396144,1369,-5.999999999999561,0.0,0.0,0.017221653413204738,"{6: 61, 5: 180, 4: 59}",{6: 300},{1: 300},"{1: 297, 0: 1, 2: 2}",{1: 300},"{1: 295, 2: 2, 0: 3}",0.03920244144449346,0.013955583019203507,0.05521803944046607,0.0660395489961621,0.08511683638349227,0.043521545399790314,0.10987834603864488,0.1271663922975978,,,,
5050,1,crash,3,0,1,-67.53374578124138,2396,,,0.40802695895001895,0.1,1.0973870754241943,11.13338565826416,-26.8249568939209,372.4764404296875,0.0,87.09680705105069,1596,-4.791999999999694,-69.83855283229215,-80.0,-0.028186037471302747,"{6: 24, 5: 13, 4: 47, 3: 97, 2: 58}","{0: 91, 1: 30, 2: 72, 3: 44, 4: 2}","{1: 227, 2: 12}","{1: 209, 0: 30}","{1: 227, 2: 12}","{1: 224, 0: 15}",0.03582963630371857,0.03361324380234672,0.05447922930908126,0.04687630599604409,0.09582762063182002,0.0619527269579133,0.12120596774568668,0.12568323452141344,0.03859489087556096,0.048640490473815315,0.08917712316117771,0.1271390078272602
5060,1,max_steps,3,1,0,606.5855660793293,3000,2297.0,2297.0,0.40599140834350506,0.1,1.099348545074463,11.095114707946777,-26.8249568939209,366.73992919921875,500.0,112.58356607932795,1869,-5.9979999999995615,0.0,0.0,0.20219518869310976,"{6: 44, 5: 167, 4: 15, 3: 3, 0: 71}","{3: 122, 4: 107, 0: 71}",{1: 300},"{1: 296, 0: 2, 2: 2}",{1: 300},"{1: 291, 2: 4, 0: 5}",0.02994684432475437,0.01494602509468142,0.0421533329793735,0.05424551605864411,0.06538251499516527,0.04418463094263042,0.10177618849727381,0.1341529090561028,0.11592742464646182,0.032725759481557634,0.04063757876333864,0.16095711886583536
5070,1,max_steps,3,0,0,78.68568729484602,3000,,,0.40396601262058607,0.1,1.1035346984863281,11.122688293457031,-26.8249568939209,366.73992919921875,0.0,84.68568729484625,1698,-5.999999999999561,0.0,0.0,0.02622856243161534,"{1: 89, 2: 201, 3: 10}","{2: 82, 3: 218}",{1: 300},"{1: 298, 0: 2}",{1: 300},"{1: 298, 0: 2}",0.02675084057738673,0.010566121912606675,0.028765239069507,0.029622084306548106,0.06471272149765601,0.031639268148238364,0.0762696479485901,0.08991023516173878,0.03160802631005808,0.013632714274288471,0.02547467453699442,0.02241524921835317
5080,1,max_steps,3,1,0,590.7991126971483,3000,2406.0,2406.0,0.401950721120934,0.1,1.108303189277649,11.193934440612793,-26.8249568939209,372.85125732421875,500.0,96.79711269714542,1460,-5.9979999999995615,0.0,0.0,0.1969330375657161,"{1: 168, 0: 45, 2: 26, 3: 1, 6: 60}","{2: 23, 3: 217, 6: 60}",{1: 300},"{1: 299, 0: 1}","{1: 295, 0: 5}","{1: 299, 2: 1}",0.036765029078783304,0.01617007758100013,0.05354878604732624,0.06107467131066069,0.07461052223720163,0.045724874256921455,0.09636120355111084,0.11936833580821114,0.13670275133752263,0.054099367436310615,0.17017446520520182,0.07760256479265534
5090,1,crash,3,0,1,-53.5687991288129,2973,,,0.3999454834369537,0.1,1.1130560636520386,11.271669387817383,-26.8249568939209,375.23797607421875,0.0,47.65592027202565,757,-5.945999999999567,-15.278719400838286,-80.0,-0.018018432266671006,"{6: 189, 5: 52, 4: 35, 3: 21}","{0: 57, 1: 28, 2: 153, 3: 59}","{1: 284, 2: 13}","{1: 286, 0: 9, 2: 2}","{1: 275, 2: 14, 0: 8}","{1: 280, 2: 3, 0: 14}",0.04439082816837754,0.025036928124119263,0.052028032423312755,0.04482351771466593,0.1201992679366617,0.05273107759934778,0.16495992501441578,0.14161051009402242,,,,
5100,1,max_steps,3,0,0,58.45717892575408,3000,,,0.3979502494125216,0.1,1.1162189245224,11.302504539489746,-26.8249568939209,372.85125732421875,0.0,64.45717892575414,1417,-5.999999999999561,0.0,0.0,0.019485726308584694,"{5: 259, 6: 18, 4: 23}","{3: 298, 2: 2}",{1: 300},"{1: 293, 0: 7}","{1: 292, 2: 8}","{1: 287, 0: 13}",0.009514097465954247,0.012653864455509435,0.015253753854084697,0.017475916749622525,0.053496981794191614,0.04397982749520026,0.10692491793809002,0.10725022424514216,0.056297081918988516,0.05498990954511251,0.1604149030679169,0.1759230876137501
5110,1,max_steps,3,1,0,627.6631778184344,3000,2085.0,2085.0,0.39596496914173135,0.1,1.1202555894851685,11.374652862548828,-26.8249568939209,378.937255859375,500.0,133.66117781843153,1754,-5.9979999999995615,0.0,0.0,0.20922105927281145,"{1: 117, 0: 38, 2: 40, 3: 13, 6: 92}","{3: 154, 2: 54, 0: 92}",{1: 300},"{1: 291, 2: 3, 0: 6}","{1: 298, 2: 2}","{1: 297, 0: 3}",0.04867963740031735,0.019432524124433165,0.057431827726302356,0.053333954065581245,0.09404885334913722,0.05487349723287046,0.1289005207182714,0.11252604412894872,0.09523134559865525,0.06080240842886341,0.10355464437490249,0.09558499827119517
5120,1,max_steps,3,0,0,80.81901986256278,3000,,,0.39398959296764513,0.1,1.1211222410202026,11.35195255279541,-28.06869125366211,378.937255859375,0.0,86.81901986256278,1818,-5.999999999999561,0.0,0.0,0.026939673287520928,"{1: 106, 2: 34, 0: 160}","{2: 17, 1: 37, 3: 163, 4: 83}",{1: 300},"{1: 283, 0: 17}",{1: 300},"{1: 294, 0: 6}",0.027245699182127527,0.022007437396155315,0.04051686489696651,0.057649111868982826,0.06990014987201079,0.05356140128519043,0.0992900100938891,0.12827007727498824,,,,
5130,1,max_steps,3,0,0,53.17065686627221,3000,,,0.39202407148105217,0.1,1.1229435205459595,11.319493293762207,-28.06869125366211,378.937255859375,0.0,59.17065686627217,1889,-5.999999999999561,0.0,0.0,0.017723552288757403,"{3: 97, 2: 203}","{1: 44, 2: 101, 3: 155}",{1: 300},"{1: 284, 0: 13, 2: 3}",{1: 300},"{1: 299, 0: 1}",0.024517985243375423,0.015071432421746751,0.03677254627135706,0.028870679528409663,0.059018375191349816,0.04807202670681226,0.08228191683748444,0.08734432232689186,0.04989806725867429,0.019748599940990725,0.06612075241462687,0.09668584427653105
5140,1,max_steps,3,1,0,585.3061777661892,3000,2635.0,2635.0,0.39006835551923247,0.1,1.1254218816757202,11.339065551757812,-28.06869125366211,367.59429931640625,500.0,91.3041777661866,1418,-5.9979999999995615,0.0,0.0,0.1951020592553964,"{2: 151, 1: 90, 0: 20, 3: 2, 6: 37}","{3: 190, 4: 85, 1: 12, 2: 13}",{1: 300},"{1: 276, 0: 19, 2: 5}","{1: 288, 2: 7, 0: 5}","{1: 286, 2: 5, 0: 9}",0.03216455432366626,0.019113527223905743,0.04234608338983769,0.046210204890811776,0.10489260290487151,0.057620208179282324,0.12631093330671844,0.13887570691483703,0.10704002767708654,0.06506868006203828,0.12646874617557613,0.031742063496775365
5150,1,max_steps,3,0,0,60.43987210835747,3000,,,0.3881223961647274,0.1,1.126682996749878,11.337594985961914,-28.06869125366211,366.8855895996094,0.0,66.4398721083576,1686,-5.999999999999561,0.0,0.0,0.020146624036119158,"{1: 23, 2: 196, 3: 81}","{3: 85, 4: 189, 5: 26}",{1: 300},"{1: 294, 2: 2, 0: 4}","{1: 298, 0: 2}","{1: 297, 2: 3}",0.01842945075352059,0.023381385726174923,0.02960964736695139,0.03516670413084294,0.07991861898184975,0.04942265128320539,0.09499969044618568,0.08944698876538579,0.08821749223286234,0.05888931308202467,0.06097801834645659,0.13298641433593886
5160,1,max_steps,3,0,0,185.33685224585608,3000,,,0.38618614474411594,0.1,1.1256980895996094,11.3120698928833,-28.084110260009766,366.8855895996094,0.0,191.336852245856,1508,-5.999999999999561,0.0,0.0,0.061778950748618694,"{6: 144, 5: 102, 4: 54}","{3: 297, 2: 3}","{1: 287, 2: 6, 0: 7}","{1: 297, 0: 3}","{1: 279, 2: 14, 0: 7}","{1: 246, 2: 10, 0: 44}",0.07923797111955481,0.016306692380111933,0.10529913868562762,0.09118620511802088,0.1405239854764661,0.03762624696155941,0.17326448826362204,0.17336188638421415,0.05917136313858622,0.04155183713989833,0.17145432809822286,0.18963653746303777
5170,1,max_steps,3,0,0,23.4825738210971,3000,,,0.3842595528267974,0.1,1.1296552419662476,11.365947723388672,-32.515506744384766,366.8855895996094,0.0,29.482573821097176,1272,-5.999999999999561,0.0,0.0,0.007827524607032366,{0: 300},"{1: 34, 0: 266}",{1: 300},"{1: 293, 0: 5, 2: 2}",{1: 300},"{1: 297, 2: 1, 0: 2}",0.015775516741481387,0.024478252817426743,0.026495810635157366,0.03269335871506983,0.04041577829518062,0.052473677959624127,0.06885063986814227,0.09277211182573501,,,,
5180,1,max_steps,3,1,0,656.0550090222598,3000,653.0,653.0,0.38234257222378004,0.1,1.1387537717819214,11.482172966003418,-32.515506744384766,382.4913330078125,500.0,162.05300902225142,1974,-5.9979999999995615,0.0,0.0,0.21868500300741994,"{1: 40, 2: 17, 3: 8, 6: 235}","{1: 22, 2: 44, 3: 234}",{1: 300},"{1: 287, 0: 7, 2: 6}","{1: 281, 0: 12, 2: 7}","{1: 242, 0: 31, 2: 27}",0.04641350092693308,0.018948136561287833,0.06652032722911466,0.09662549148443342,0.123324606798292,0.05361677025993925,0.16951429107750532,0.16580897950624746,0.08820714260710778,0.05371053163402525,0.01741560449912867,0.10738613393511046
5190,1,max_steps,3,1,0,625.1115162902277,3000,2952.0,2952.0,0.38043515498647557,0.1,1.1399695873260498,11.461849212646484,-31.005136489868164,360.08709716796875,500.0,131.10951629022728,1682,-5.9979999999995615,0.0,0.0,0.20837050543007588,"{4: 163, 3: 21, 5: 21, 6: 90, 1: 5}","{2: 21, 3: 279}","{1: 290, 2: 10}","{1: 292, 0: 4, 2: 4}","{1: 286, 0: 2, 2: 12}","{1: 281, 2: 8, 0: 11}",0.042471649945367944,0.020540609988718376,0.06995117301248915,0.05471041103411923,0.13313846102648144,0.051152917038616796,0.14716790090799248,0.1325244867673362,0.07813311056145845,0.054712500036338214,0.10581080241499251,0.10611564290794473
5200,1,crash,3,1,1,436.85630378396854,2395,1255.0,1255.0,0.3785372534055,0.1,1.141652226448059,11.468545913696289,-28.872142791748047,357.9774169921875,500.0,59.830061677608754,1045,-4.787999999999695,-38.185757893646496,-80.0,0.182403467133181,"{1: 101, 2: 23, 3: 1, 6: 114}","{5: 19, 4: 71, 3: 35, 0: 114}","{1: 231, 0: 8}","{1: 235, 2: 4}","{1: 229, 0: 10}","{1: 232, 2: 7}",0.03254032427317399,0.02192247351265397,0.03721562781250821,0.04090375424340946,0.08782670468050133,0.044186482565713406,0.10398330013282515,0.11468689151132938,0.1536589646182436,0.013397552927511772,0.21640448373931664,0.054547817549183225
5210,1,max_steps,3,1,0,643.5980265167373,3000,2686.0,2686.0,0.37664882000947997,0.1,1.1470915079116821,11.534028053283691,-28.872142791748047,361.6164855957031,500.0,149.59602651673634,1494,-5.9979999999995615,0.0,0.0,0.21453267550557908,"{0: 179, 1: 15, 2: 94, 3: 12}","{4: 88, 5: 2, 3: 210}",{1: 300},"{1: 293, 0: 3, 2: 4}","{1: 291, 0: 9}","{1: 281, 0: 12, 2: 7}",0.052848785615807484,0.01750215150795526,0.07072172674684678,0.062416562136178744,0.10865733035414929,0.05104199123841493,0.14068402000498137,0.14512062176390905,0.08744314300695757,0.034882491144157715,0.05858899930779699,0.08257101331417743
5220,1,max_steps,3,2,0,1123.953738451824,3000,1134.0,1134.0,0.3747698075638661,0.1,1.1540813446044922,11.622116088867188,-28.872142791748047,379.11798095703125,1000.0,129.949738451834,1811,-5.995999999999562,0.0,0.0,0.37465124615060796,"{4: 61, 3: 6, 0: 103, 1: 19, 2: 52, 5: 59}","{2: 5, 3: 162, 5: 18, 4: 115}","{1: 297, 0: 3}","{1: 296, 2: 4}","{1: 290, 0: 10}","{1: 297, 0: 1, 2: 2}",0.044500554240611334,0.01789275012309625,0.05416557329871435,0.061068523421999185,0.10709658007268591,0.04618116535436649,0.13086449062097327,0.1324642328802776,0.07793731322231157,0.03239221099587227,0.1469110193047649,0.06131008799371475
5230,1,max_steps,3,0,0,141.27628637496667,3000,,,0.3729001690697508,0.1,1.1542847156524658,11.59190559387207,-29.12348175048828,358.3614196777344,0.0,147.2762863749667,1454,-5.999999999999561,0.0,0.0,0.04709209545832223,"{6: 240, 5: 60}","{2: 34, 3: 266}","{1: 281, 2: 8, 0: 11}","{1: 295, 0: 5}","{1: 252, 2: 26, 0: 22}","{1: 210, 2: 34, 0: 56}",0.04645475772488808,0.009974845585289202,0.07021581119558729,0.1013222124890224,0.13498828546913025,0.037327079231236945,0.19776545500202605,0.23008915198812183,,,,
5240,1,max_steps,3,0,0,63.591183018467376,3000,,,0.3710398577626931,0.1,1.153339147567749,11.511422157287598,-29.80965232849121,354.64227294921875,0.0,69.59118301846736,1095,-5.999999999999561,0.0,0.0,0.02119706100615579,"{4: 61, 5: 84, 3: 79, 2: 76}","{2: 194, 1: 106}",{1: 300},"{1: 296, 0: 4}",{1: 300},{1: 300},0.02574955432576494,0.015624589058763804,0.03584532816783069,0.033111920694463406,0.06168728467508423,0.04322387981739527,0.07575084760828343,0.08711054638852066,0.016602702814874287,0.010504846465037285,0.06603476962790836,0.037581914264262495
5250,1,max_steps,3,0,0,108.89430646747056,3000,,,0.36918882711154877,0.1,1.1512537002563477,11.467791557312012,-30.055421829223633,354.64227294921875,0.0,116.13945932893843,1511,-5.999999999999561,-1.2451528614676761,0.0,0.03629810215582352,"{6: 191, 5: 18, 4: 91}","{5: 16, 4: 44, 3: 131, 2: 109}","{1: 283, 0: 17}","{1: 285, 2: 6, 0: 9}","{1: 276, 2: 5, 0: 19}","{1: 273, 0: 14, 2: 13}",0.04720452349078584,0.030784395928378283,0.07276617698657453,0.08119790433903629,0.1417599848889652,0.057195544457945766,0.16936300297764803,0.14458534690066888,0.04563565957345657,0.05849123336550935,0.0877141511107701,0.10504827432610442
5260,1,max_steps,3,1,0,637.3562349423636,3000,1014.0,1014.0,0.36734703081730663,0.1,1.1519440412521362,11.471778869628906,-27.837682723999023,355.161865234375,500.0,151.19824600395503,2005,-5.9979999999995615,-7.8440110615996055,0.0,0.2124520783141212,"{0: 43, 1: 18, 2: 39, 3: 18, 4: 115, 5: 54, 6: 13}","{5: 31, 4: 25, 3: 66, 0: 45, 1: 41, 2: 92}",{1: 300},"{1: 296, 2: 2, 0: 2}","{1: 296, 2: 4}","{1: 284, 0: 14, 2: 2}",0.04416186675816788,0.01711555316460732,0.0669011371170336,0.07562937475023529,0.10285551516180268,0.04692328735987659,0.13322890404315818,0.14301041965517014,0.09544604092637546,0.024332270998813854,0.09189188347130275,0.09225212706279039
5270,1,max_steps,3,1,0,526.1755894966249,3000,2229.0,2229.0,0.36551442281193003,0.1,1.1539384126663208,11.44426155090332,-27.837682723999023,354.9712829589844,500.0,53.08857432528032,1436,-5.9979999999995615,-20.9149848286589,0.0,0.17539186316554162,"{2: 214, 3: 8, 6: 78}","{5: 20, 4: 127, 3: 60, 2: 15, 0: 78}",{1: 300},"{1: 282, 0: 2, 2: 16}",{1: 300},{1: 300},0.01861855808829813,0.021157326031173297,0.023896188956653797,0.021262918373372783,0.039954195947112275,0.057132472359785406,0.0491728596908354,0.04601804472950885,0.02975158840023166,0.044972189273809374,0.03820890645060537,0.027562506955758723
5280,1,max_steps,3,0,0,50.864450538597474,3000,,,0.36369095725720535,0.1,1.1579605340957642,11.4911527633667,-27.489437103271484,354.9712829589844,0.0,56.86445053859746,1268,-5.999999999999561,0.0,0.0,0.016954816846199157,"{4: 86, 5: 120, 3: 4, 6: 90}","{1: 177, 0: 37, 2: 30, 3: 56}",{1: 300},"{1: 287, 0: 13}","{1: 295, 2: 5}","{1: 270, 0: 23, 2: 7}",0.04054298640851331,0.01772268235335895,0.0664701687979656,0.07225357978885788,0.08922383303442634,0.048516295773475,0.13261222786041496,0.15003097968677573,,,,
5290,1,max_steps,3,0,0,99.66802885052364,3000,,,0.36187658854359495,0.1,1.1607393026351929,11.514497756958008,-27.489437103271484,372.0470886230469,0.0,105.66802885052387,1662,-5.999999999999561,0.0,0.0,0.03322267628350788,"{0: 244, 1: 30, 2: 26}","{3: 216, 2: 70, 1: 14}","{1: 293, 0: 7}","{1: 282, 2: 3, 0: 15}","{1: 290, 0: 10}","{1: 294, 0: 1, 2: 5}",0.023003215107750975,0.010867243985392088,0.028247485484578116,0.033933731821103784,0.06442708428043793,0.053423851333764455,0.087274482908378,0.09558034229433855,,,,
5300,1,crash,3,1,1,436.6664894815302,1219,812.0,812.0,0.36007127128909616,0.1,1.16551673412323,11.56348991394043,-30.052860260009766,366.01513671875,500.0,31.306694671146357,594,-2.4359999999999533,-12.20420518961935,-80.0,0.3582169725033062,"{2: 79, 3: 2, 6: 40}","{3: 81, 4: 40}","{1: 104, 0: 17}","{1: 119, 0: 2}","{1: 108, 0: 13}","{1: 112, 2: 9}",0.03791412457029651,0.008926662591246968,0.04722368199922857,0.028197455404215595,0.17295929621206566,0.02667599953019666,0.18915795523301968,0.14326584529739084,0.07421324287267006,0.06123162246990309,0.10164134613167422,0.06991707097879414
5310,1,crash,3,1,1,503.90655934333734,2494,2321.0,2321.0,0.35827496033810696,0.1,1.1667604446411133,11.584659576416016,-29.634174346923828,366.01513671875,500.0,99.92012360961184,1627,-4.985999999999673,-11.027564266275716,-80.0,0.20204753782812243,"{0: 50, 1: 67, 2: 110, 3: 5, 6: 17}","{3: 235, 2: 7, 4: 7}","{1: 246, 0: 3}","{1: 240, 2: 9}",{1: 249},"{1: 240, 0: 1, 2: 8}",0.034696160895525026,0.016841965106209934,0.05049843862189448,0.05691392925640346,0.08480878514098826,0.042182811029783406,0.1097255948936998,0.11734150368217781,0.08203245100447151,0.03452604319136106,0.14097933008634714,0.12028913684005062
5320,1,max_steps,3,1,0,554.5533059071128,3000,1472.0,1472.0,0.35648761076029556,0.1,1.170307993888855,11.642195701599121,-31.948984146118164,390.44427490234375,500.0,60.551305907100065,1036,-5.9979999999995615,0.0,0.0,0.1848511019690376,"{2: 12, 3: 53, 4: 82, 5: 44, 6: 109}","{6: 109, 5: 21, 4: 16, 3: 1, 2: 4, 1: 135, 0: 14}",{1: 300},"{1: 280, 2: 20}",{1: 300},"{1: 296, 0: 3, 2: 1}",0.03489321249288295,0.01696221155197276,0.051306842300764044,0.06482433545781897,0.08781197564594326,0.05328114102815988,0.11972789216442177,0.1309506919573478,0.06750379478400442,0.06272778498808235,0.10427923274802328,0.07870823517095486
5330,1,max_steps,3,1,0,596.4735627018814,3000,282.0,282.0,0.3547091778494773,0.1,1.173296332359314,11.670180320739746,-31.948984146118164,371.03887939453125,500.0,102.47156270186842,1654,-5.9979999999995615,0.0,0.0,0.19882452090062713,"{3: 28, 0: 259, 1: 13}","{4: 20, 5: 7, 3: 201, 2: 72}",{1: 300},"{1: 282, 0: 2, 2: 16}",{1: 300},"{1: 298, 2: 1, 0: 1}",0.02990141321841137,0.013996551160613678,0.040008742529812236,0.03529873087348734,0.10039661791286207,0.05382282444311829,0.13838292266191934,0.11293707607757694,0.032222980484616415,0.06409104825154817,0.051361434448486426,0.04004731175023557
5340,1,max_steps,3,0,0,63.506351871860204,3000,,,0.352939617122496,0.1,1.17466402053833,11.653777122497559,-31.948984146118164,379.81610107421875,0.0,69.50635187186035,1518,-5.999999999999561,0.0,0.0,0.021168783957286736,"{3: 38, 4: 202, 5: 60}","{6: 47, 5: 90, 4: 89, 3: 74}",{1: 300},"{1: 283, 2: 12, 0: 5}","{1: 293, 0: 7}","{1: 284, 0: 13, 2: 3}",0.02968566641778026,0.027004622561321384,0.04124846519475583,0.050251617658822315,0.0900250720097325,0.057007679932931044,0.11949642629708537,0.14406055664038026,0.0654944634771961,0.049856128416177176,0.17654522747145437,0.15775543598043004
5350,1,max_steps,3,0,0,9.565829438138264,3000,,,0.3511788843181117,0.1,1.1755248308181763,11.6622953414917,-31.948984146118164,374.733154296875,0.0,15.565829438138326,924,-5.999999999999561,0.0,0.0,0.0031886098127127545,{6: 300},"{5: 11, 4: 108, 3: 157, 2: 24}",{1: 300},"{1: 261, 2: 24, 0: 15}",{1: 300},{1: 300},0.019777431880933498,0.022423057136881967,0.02870856258396641,0.029281389831619934,0.05443528485916591,0.06132904916295972,0.05897193792008696,0.07377405159683235,,,,
5360,1,max_steps,3,0,0,128.13353297223784,3000,,,0.3494269353958931,0.1,1.1781009435653687,11.634961128234863,-31.948984146118164,364.4506530761719,0.0,134.13353297223807,1606,-5.999999999999561,0.0,0.0,0.04271117765741261,"{4: 46, 5: 166, 3: 25, 6: 63}","{6: 11, 5: 69, 4: 158, 3: 62}","{1: 294, 2: 6}","{1: 259, 2: 34, 0: 7}","{1: 268, 2: 23, 0: 9}","{1: 268, 2: 11, 0: 21}",0.06123377402843153,0.024328663167865784,0.08862615955849418,0.10564061390904789,0.13251535603763576,0.0624806728978419,0.18428783986994288,0.15059978617011335,,,,
5370,1,max_steps,3,0,0,61.88356058052212,3000,,,0.3476837265351165,0.1,1.1799578666687012,11.615302085876465,-31.948984146118164,364.4506530761719,0.0,67.8835605805222,1666,-5.999999999999561,0.0,0.0,0.020627853526840708,"{2: 48, 3: 47, 4: 187, 5: 18}","{2: 115, 3: 147, 4: 38}",{1: 300},"{1: 244, 0: 34, 2: 22}",{1: 300},"{1: 289, 2: 1, 0: 10}",0.04093407383679401,0.03399072547120115,0.05196287369640992,0.05079305756024362,0.08319770120287316,0.06782147559229317,0.11257671335214035,0.11049604552382732,0.09967907283651571,0.03246535897040728,0.07228216601240278,0.08790135724060372
5380,1,crash,3,0,1,-107.48770216907707,1655,,,0.34594921413366925,0.1,1.1787172555923462,11.583948135375977,-31.948984146118164,378.4346923828125,0.0,17.627628964535642,505,-3.309999999999857,-41.805331133612654,-80.0,-0.0649472520659076,"{4: 30, 5: 14, 6: 121}","{3: 81, 2: 54, 1: 13, 0: 17}","{1: 156, 0: 9}","{1: 124, 2: 41}","{1: 148, 0: 17}","{1: 147, 0: 11, 2: 7}",0.05982735982170361,0.034718032461525244,0.08795671545258191,0.08088843880342705,0.12882826827528832,0.07195586323644945,0.17798511019808042,0.15093565378692908,,,,
5390,1,max_steps,3,0,0,53.86367102718441,3000,,,0.34422335480695965,0.1,1.179850697517395,11.579307556152344,-31.948984146118164,370.2337341308594,0.0,59.86367102718449,1245,-5.999999999999561,0.0,0.0,0.01795455700906147,"{3: 88, 2: 103, 4: 83, 5: 16, 6: 10}","{1: 107, 2: 166, 3: 27}","{1: 292, 0: 8}","{1: 291, 2: 2, 0: 7}","{1: 288, 0: 12}","{1: 291, 2: 8, 0: 1}",0.03415094792723805,0.027363124272485988,0.05858509313472477,0.06182939018409732,0.11105615832935724,0.052911937480726055,0.12652075787107175,0.13684140000674375,0.15926218308082127,0.04482809612360198,0.19867618820815758,0.1537567709845983
5400,1,max_steps,3,1,0,610.4486416742701,3000,2227.0,2227.0,0.3425061053868315,0.1,1.187963604927063,11.666793823242188,-31.948984146118164,370.2337341308594,500.0,116.44664167426846,2174,-5.9979999999995615,0.0,0.0,0.20348288055809002,"{2: 39, 1: 41, 0: 72, 3: 70, 6: 50, 5: 28}","{6: 99, 5: 41, 4: 79, 3: 3, 0: 78}","{1: 294, 0: 6}","{1: 287, 2: 5, 0: 8}","{1: 290, 0: 10}","{1: 297, 2: 3}",0.028209206487641744,0.018810194865043324,0.040573643807590674,0.058669398267840935,0.10022009269100156,0.055472631335983895,0.11808290704519722,0.12671000969341692,0.04116653921562816,0.03755837060427405,0.1008797086564051,0.10353843639659792
5410,1,max_steps,3,0,0,83.96122943084663,3000,,,0.3407974229204842,0.1,1.1932114362716675,11.688942909240723,-31.948984146118164,379.9881591796875,0.0,92.92369419388446,1588,-5.999999999999561,-2.962464763037973,0.0,0.027987076476948876,"{3: 114, 2: 13, 4: 69, 5: 63, 6: 41}","{6: 123, 5: 62, 4: 51, 3: 64}","{1: 294, 0: 6}","{1: 299, 2: 1}","{1: 295, 0: 5}","{1: 282, 2: 12, 0: 6}",0.04462488716243608,0.025653558167108022,0.061653685932963026,0.06747303942723498,0.1107720964463577,0.05178984312783037,0.14014217467799153,0.14245850448232622,,,,
5420,1,max_steps,3,0,0,2.8002404461805352,3000,,,0.33909726466939866,0.1,1.1950048208236694,11.68537425994873,-31.948984146118164,365.8266906738281,0.0,8.800240446180512,590,-5.999999999999561,0.0,0.0,0.0009334134820601785,"{4: 205, 5: 46, 6: 49}",{0: 300},{1: 300},{1: 300},{1: 300},{1: 300},0.011990744418079503,0.014639576444408107,0.0166424161235526,0.021827372552395193,0.028804669523218494,0.033007756412884025,0.039237316881482937,0.06353386962351974,,,,
5430,1,crash,3,1,1,458.3231961787271,1797,722.0,722.0,0.3374055881082684,0.1,1.1966288089752197,11.66462516784668,-31.948984146118164,375.2899169921875,500.0,81.55744270560703,1280,-3.591999999999826,-39.642246526881124,-80.0,0.2550490796765315,"{2: 43, 3: 75, 1: 39, 0: 22}","{0: 20, 1: 39, 2: 12, 3: 1, 6: 107}","{1: 167, 0: 12}","{1: 155, 0: 21, 2: 3}","{1: 165, 0: 14}","{1: 158, 0: 8, 2: 13}",0.04515139724962044,0.027660177505427173,0.06318920190737745,0.08638578046655254,0.12027505794944758,0.06207489578303863,0.16301500588139403,0.15222459815118394,0.012522318944410554,0.0989677559882336,0.06415484466689624,0.08768457942832851
5440,1,max_steps,3,0,0,73.83580067702624,3000,,,0.33572235092393543,0.1,1.1980758905410767,11.679211616516113,-32.04838943481445,374.7095947265625,0.0,79.8358006770264,1726,-5.999999999999561,0.0,0.0,0.024611933559008748,"{1: 157, 0: 119, 2: 24}","{1: 230, 0: 25, 2: 45}",{1: 300},"{1: 298, 2: 1, 0: 1}",{1: 300},"{1: 296, 0: 4}",0.037988282143446434,0.019486415281448486,0.05382691609233159,0.06756934007872187,0.07622535392638409,0.042577882118795464,0.10527375737514115,0.14091106509371318,,,,
5450,1,max_steps,3,0,0,-13.958416796519256,3000,,,0.3340475110143323,0.1,1.1998159885406494,11.71982192993164,-31.593250274658203,371.55560302734375,0.0,61.599080458659905,1449,-5.999999999999561,-69.55749725517892,0.0,-0.0046528055988397515,"{4: 58, 5: 46, 6: 196}","{0: 9, 1: 18, 2: 44, 3: 200, 4: 29}","{1: 291, 0: 9}","{1: 292, 0: 7, 2: 1}","{1: 290, 0: 10}","{1: 271, 0: 17, 2: 12}",0.028341958012052627,0.02796344355062795,0.04220928829534365,0.05897317648596079,0.09460932630710074,0.05583555162386634,0.13480818101087433,0.14952092892541866,,,,
5460,1,crash,3,0,1,-60.385593035643,1246,,,0.33238102648742873,0.1,1.2025892734527588,11.719780921936035,-32.74282455444336,369.967529296875,0.0,33.780897161096476,551,-2.491999999999947,-11.674490196739402,-80.0,-0.04846355781351765,"{2: 25, 3: 13, 4: 57, 5: 25, 6: 4}","{6: 28, 5: 11, 4: 32, 3: 53}","{1: 113, 0: 11}","{1: 110, 2: 14}","{1: 116, 0: 8}","{1: 118, 0: 5, 2: 1}",0.04876317491536184,0.0237233611143389,0.06212364609644015,0.06000822441521289,0.14277436071548555,0.060519036316168874,0.1722310730983015,0.1340336597603346,,,,
5470,1,max_steps,3,0,0,35.79038466666351,3000,,,0.3307228556601842,0.1,1.20646071434021,11.741271018981934,-32.74282455444336,374.8751525878906,0.0,66.81208718778676,1187,-5.999999999999561,-25.02170252112316,0.0,0.011930128222221172,"{4: 143, 5: 56, 6: 101}","{4: 6, 3: 109, 2: 179, 1: 6}","{1: 296, 0: 4}","{1: 257, 2: 31, 0: 12}","{1: 278, 2: 4, 0: 18}","{1: 258, 2: 13, 0: 29}",0.0491534585373475,0.025730334925458075,0.06666679758239683,0.09414601944444839,0.12656775768438197,0.06177519178782939,0.17221250076169323,0.15966183110885246,,,,
5480,1,crash,3,0,1,-118.67288180811163,1244,,,0.329072957057505,0.1,1.2079800367355347,11.748785972595215,-32.74282455444336,360.08575439453125,0.0,32.82485779805558,581,-2.4879999999999476,-69.00973960616714,-80.0,-0.09539620724124728,"{4: 96, 5: 5, 3: 23}","{5: 10, 4: 15, 3: 32, 2: 49, 1: 18}","{1: 123, 0: 1}","{1: 89, 2: 35}","{1: 113, 0: 11}","{1: 95, 0: 15, 2: 14}",0.03152330424019796,0.03931195099450581,0.04917774354504553,0.054787490306067596,0.13353910486053336,0.0680970213112204,0.1766418236539492,0.20177302023151222,,,,
5490,1,max_steps,3,2,0,1184.2891805139338,3000,1194.5,1194.5,0.32743128941120664,0.1,1.2137601375579834,11.826104164123535,-32.74282455444336,377.43927001953125,1000.0,193.3289414951995,2368,-5.995999999999562,-3.0437609812625315,0.0,0.3947630601713113,"{6: 85, 5: 50, 4: 38, 3: 38, 1: 57, 2: 32}","{0: 3, 1: 104, 2: 66, 3: 65, 6: 24, 5: 33, 4: 5}","{1: 270, 2: 11, 0: 19}","{1: 257, 0: 38, 2: 5}","{1: 271, 2: 10, 0: 19}","{1: 286, 0: 7, 2: 7}",0.04051072341160328,0.026731358971576115,0.06594819510430527,0.06180895399055175,0.14987852444771205,0.061664382736259994,0.17742110441746292,0.13537870889029355,0.13491127524328156,0.11675065633259205,0.11468917484442764,0.05609921325602949
5500,1,max_steps,3,2,0,1174.2668768532867,3000,328.0,328.0,0.32579781165898225,0.1,1.214736819267273,11.826335906982422,-32.74282455444336,377.2115783691406,1000.0,180.26287685331664,1757,-5.995999999999562,0.0,0.0,0.3914222922844289,"{3: 36, 2: 101, 0: 55, 1: 108}","{1: 9, 2: 10, 3: 190, 5: 26, 6: 1, 4: 64}",{1: 300},"{1: 258, 0: 26, 2: 16}","{1: 293, 0: 7}","{1: 287, 0: 13}",0.03580552766368889,0.025886109603256942,0.04771218751477188,0.04301189319734452,0.09618435617727725,0.06466020153731969,0.12915648058978904,0.1327722248821594,0.008229861601995153,0.1335376039745728,0.016969848924324942,0.02943517603551011
5510,1,crash,3,0,1,-59.6429083514703,2067,,,0.3241724829433749,0.1,1.2210419178009033,11.920589447021484,-32.74282455444336,398.41705322265625,0.0,69.62534487279997,972,-4.133999999999767,-45.134253224270225,-80.0,-0.02885481778010174,"{5: 33, 6: 42, 4: 131}","{6: 78, 5: 49, 4: 20, 3: 35, 2: 24}","{1: 200, 2: 6}","{1: 181, 2: 25}","{1: 196, 2: 10}","{1: 200, 0: 6}",0.031280798573508975,0.028013407054552096,0.042134757973231504,0.054061736958143966,0.0894476145938219,0.060807519474401675,0.1008675686617867,0.12717810490283038,,,,
5520,1,max_steps,3,2,0,1139.4409002629718,3000,667.0,667.0,0.3225552626107563,0.1,1.2264635562896729,11.954117774963379,-32.74282455444336,398.41705322265625,1000.0,145.4369002629926,2025,-5.995999999999562,0.0,0.0,0.3798136334209906,"{4: 45, 3: 23, 1: 155, 2: 72, 0: 5}","{0: 18, 1: 32, 2: 17, 3: 157, 4: 76}",{1: 300},"{1: 275, 0: 24, 2: 1}",{1: 300},"{1: 298, 0: 1, 2: 1}",0.03154522992059658,0.016026189776143025,0.050365104565903485,0.060383097546565984,0.08658686903043236,0.05620103819601786,0.12234168555627568,0.13388557644780308,0.11572276791349484,0.11756866207481903,0.15939043836878589,0.12915263395197196
5530,1,crash,3,2,1,994.5668827073495,2925,744.5,744.5,0.32094611021030905,0.1,1.2363120317459106,12.094207763671875,-32.74282455444336,399.0311279296875,1000.0,97.57901079242275,1664,-5.845999999999578,-17.16612808505723,-80.0,0.3400228658828545,"{3: 18, 1: 77, 2: 53, 6: 144}","{4: 104, 3: 44, 0: 54, 1: 21, 2: 69}",{1: 292},"{1: 256, 2: 21, 0: 15}",{1: 292},"{1: 291, 2: 1}",0.01772231129399833,0.03179576586007238,0.03633826620099278,0.039275029860975134,0.09013698800986344,0.061070625909286934,0.11854240200725222,0.11999025550645752,0.09228255746190765,0.12339728986415464,0.10859193234990823,0.09392329183554758
5540,1,crash,3,1,1,466.6516756091397,1415,1002.0,1002.0,0.3193449854930157,0.1,1.242979645729065,12.15283489227295,-32.74282455444336,402.2717590332031,500.0,87.040557829736,776,-2.82799999999991,-37.56088222059686,-80.0,0.32978917004179487,"{0: 26, 1: 10, 2: 32, 3: 32, 6: 41}","{2: 56, 3: 44, 4: 19, 5: 22}","{1: 129, 0: 12}","{1: 127, 0: 12, 2: 2}","{1: 123, 0: 18}","{1: 130, 0: 10, 2: 1}",0.048156615897444806,0.02477460535232383,0.06753526779967275,0.07922249831740569,0.1425747488238758,0.05974699074868376,0.1918571776044062,0.14933869955347107,0.06995908045536002,0.05693581609070183,0.10999907964268077,0.10537351974732079
5550,1,max_steps,3,0,0,2.1931545725317645,3000,,,0.31775184841065174,0.1,1.2467520236968994,12.181448936462402,-32.74282455444336,407.7821350097656,0.0,8.193154572531732,766,-5.999999999999561,0.0,0.0,0.0007310515241772548,"{5: 37, 6: 263}","{1: 49, 2: 20, 3: 214, 4: 17}",{1: 300},"{1: 271, 0: 27, 2: 2}",{1: 300},{1: 300},0.015620802948550037,0.02207603913562241,0.02021968551220818,0.028133450796751593,0.061865159413368453,0.05964466118921826,0.07461298069325824,0.08383774636455532,,,,
5560,1,crash,3,1,1,430.022810005756,1476,683.0,683.0,0.3161666591147835,0.1,1.252616047859192,12.297699928283691,-32.74282455444336,437.817138671875,500.0,23.467383358669863,397,-2.9499999999998967,-10.49457335292058,-80.0,0.2913433672125718,"{4: 67, 3: 17, 5: 23, 6: 40}","{2: 58, 1: 6, 3: 8, 4: 75}","{1: 114, 0: 33}","{1: 135, 0: 12}","{1: 131, 0: 16}","{1: 137, 0: 3, 2: 7}",0.041254362267719905,0.01403456350566194,0.049878475657537745,0.04032385806456736,0.1594357530892319,0.05450721667729203,0.1816793199411768,0.13037996034583565,0.013018817706514968,0.1093042428230877,0.05294081668153758,0.10378976915311822
5570,1,max_steps,3,1,0,712.2173258927995,3000,1316.0,1316.0,0.3145893779557721,0.1,1.2612239122390747,12.386759757995605,-32.74282455444336,437.817138671875,500.0,218.21532589279244,1671,-5.9979999999995615,0.0,0.0,0.23740577529759985,"{4: 60, 5: 32, 6: 38, 3: 1, 1: 75, 2: 68, 0: 26}","{3: 211, 4: 60, 2: 29}","{1: 290, 2: 10}","{1: 282, 0: 15, 2: 3}","{1: 257, 2: 32, 0: 11}","{1: 237, 2: 39, 0: 24}",0.08216448223556189,0.030081501041529547,0.10511563973048509,0.09392245272113722,0.14041909579170728,0.056375959261790516,0.19296835336358809,0.19300908305440528,0.11505212973500656,0.03569342753401968,0.059832145559809174,0.14780451411678958
5580,1,max_steps,3,1,0,625.5769868494681,3000,2532.0,2532.0,0.3130199654817812,0.1,1.2728135585784912,12.478350639343262,-32.74282455444336,395.7529296875,500.0,131.57498684946526,1205,-5.9979999999995615,0.0,0.0,0.20852566228315603,"{2: 133, 1: 87, 0: 72, 3: 8}","{2: 98, 3: 164, 4: 30, 1: 8}","{1: 296, 0: 3, 2: 1}","{1: 275, 0: 18, 2: 7}","{1: 282, 0: 10, 2: 8}","{1: 280, 0: 12, 2: 8}",0.05434756786974823,0.02445611743821742,0.06590198376429204,0.07568968539941898,0.11528105583203055,0.057743359422785315,0.16285316612182144,0.1430772066511299,0.09534582291485835,0.051435855475925066,0.1201021973427223,0.0851739820017383
5590,1,max_steps,3,0,0,66.87324777620763,3000,,,0.3114583824377906,0.1,1.276571273803711,12.465202331542969,-32.74282455444336,387.25048828125,0.0,73.0961572113162,1639,-5.999999999999561,-0.2229094351085164,0.0,0.02229108259206921,"{3: 47, 2: 88, 4: 124, 5: 41}","{6: 78, 5: 43, 4: 59, 3: 120}",{1: 300},"{1: 289, 2: 11}",{1: 300},"{1: 297, 0: 1, 2: 2}",0.03401752273183596,0.01990638052314526,0.047509556513539226,0.05593019444962531,0.07886639892694831,0.04437889397035975,0.11378465111421962,0.12639088713308533,0.127688735655613,0.12191646479764115,0.08184650980426841,0.11905505631380299
5600,1,max_steps,3,2,0,1121.7400727121253,3000,1253.0,1253.0,0.30990458976461394,0.1,1.2856816053390503,12.582356452941895,-32.74282455444336,416.1590270996094,1000.0,127.73607271212587,1823,-5.995999999999562,0.0,0.0,0.3739133575707084,"{4: 86, 3: 16, 1: 111, 0: 36, 2: 51}","{2: 84, 3: 216}",{1: 300},"{1: 289, 2: 2, 0: 9}","{1: 288, 2: 7, 0: 5}","{1: 289, 2: 6, 0: 5}",0.034960809801362264,0.020421106893677394,0.04366723636036621,0.057389789277157016,0.10014539052226121,0.051556125748942444,0.13221637788860907,0.1421754386922137,0.03679307164130282,0.057085717670492156,0.07906078580852857,0.11012179281440383
5610,1,max_steps,3,1,0,571.6907524703353,3000,1126.0,1126.0,0.30835854859792217,0.1,1.2885873317718506,12.574426651000977,-32.74282455444336,412.78875732421875,500.0,111.90354067061767,1545,-5.9979999999995615,-34.21478820028985,0.0,0.19056358415677843,"{2: 78, 3: 34, 6: 188}","{5: 22, 4: 83, 3: 96, 2: 56, 1: 40, 0: 3}","{1: 294, 0: 6}","{1: 269, 2: 16, 0: 15}","{1: 284, 0: 8, 2: 8}","{1: 283, 0: 6, 2: 11}",0.027869540160755345,0.03338994696073773,0.04107161789602928,0.06352907513726155,0.126371988201194,0.06010179448277394,0.16218996318149903,0.13669995524054918,0.13346987151787537,0.038250389267205746,0.10329027795323834,0.13903399976198932
5620,1,max_steps,3,1,0,641.0670816483981,3000,1614.0,1614.0,0.306820220267271,0.1,1.292819619178772,12.591490745544434,-32.74282455444336,399.3709716796875,500.0,149.14275137241017,1643,-5.9979999999995615,-2.0776697240183983,0.0,0.2136890272161327,"{4: 114, 5: 117, 3: 3, 6: 66}","{5: 21, 4: 41, 3: 213, 2: 25}",{1: 300},"{1: 279, 2: 16, 0: 5}","{1: 290, 2: 10}","{1: 263, 0: 26, 2: 11}",0.05056796094379672,0.030791011543187353,0.0656461135961113,0.06149666484845536,0.1168992694449214,0.0585133022214665,0.1633733106718737,0.15337180382225357,0.0868289691960093,0.05618626964053751,0.04775317969134593,0.1446868968721321
5630,1,max_steps,3,0,0,90.74767325295737,3000,,,0.3052895662951341,0.1,1.293715238571167,12.577665328979492,-32.74282455444336,392.259765625,0.0,96.74767325295755,1709,-5.999999999999561,0.0,0.0,0.030249224417652456,"{4: 71, 5: 111, 6: 118}","{4: 144, 3: 136, 5: 20}",{1: 300},"{1: 279, 2: 13, 0: 8}","{1: 290, 0: 10}","{1: 284, 2: 4, 0: 12}",0.03345138330018768,0.02879699563628113,0.04290693444456134,0.05831657886350863,0.11104586650566413,0.05727924485352104,0.16321974054916255,0.1419139781698518,,,,
5640,1,max_steps,3,1,0,576.7755144821817,3000,1432.0,1432.0,0.30376654839594047,0.1,1.296614170074463,12.606522560119629,-32.74282455444336,396.7180480957031,500.0,82.77351448217381,1669,-5.9979999999995615,0.0,0.0,0.1922585048273939,"{2: 58, 1: 83, 3: 2, 6: 157}","{4: 15, 3: 151, 2: 82, 1: 29, 0: 23}",{1: 300},"{1: 256, 2: 16, 0: 28}",{1: 300},"{1: 298, 2: 1, 0: 1}",0.02503278723850395,0.03973315373661705,0.03866281637445811,0.042480329475611506,0.06588241533365916,0.06143643633291182,0.09005029400751062,0.1038347006431928,0.08818261517713609,0.020244032597325493,0.05494588842924873,0.13566234364707824
5650,1,max_steps,3,0,0,53.999849564022995,3000,,,0.3022511284751167,0.1,1.3026857376098633,12.67082691192627,-32.74282455444336,397.8577575683594,0.0,62.17620837805124,1853,-5.999999999999561,-2.176358814028185,0.0,0.017999949854674333,"{5: 137, 6: 163}","{0: 109, 1: 25, 2: 17, 3: 149}",{1: 300},"{1: 284, 0: 16}","{1: 297, 2: 3}","{1: 288, 0: 12}",0.012427203986267425,0.021341559062274664,0.017235530150675697,0.021432742902724226,0.06798137491378349,0.057560737128889594,0.10132099862825257,0.12116874218828262,,,,
5660,1,crash,3,0,1,-71.1705715547782,1572,,,0.30074326862813444,0.1,1.3045910596847534,12.644837379455566,-32.74282455444336,381.9136047363281,0.0,35.986532131030636,837,-3.1439999999998753,-24.01310368580881,-80.0,-0.04527390048013881,"{2: 57, 3: 14, 4: 58, 5: 10, 6: 18}","{6: 55, 5: 33, 4: 15, 3: 54}","{1: 143, 0: 14}","{1: 128, 0: 1, 2: 28}","{1: 147, 0: 10}","{1: 146, 0: 1, 2: 10}",0.04855094652219468,0.03576303103955363,0.06095662147211986,0.05976932988180465,0.14895231425438757,0.06198144054324603,0.17195292610569815,0.139858239809475,,,,
5670,1,max_steps,3,0,0,100.41989757300757,3000,,,0.29924293113956185,0.1,1.3094755411148071,12.673575401306152,-32.74282455444336,396.8848571777344,0.0,106.41989757300774,1523,-5.999999999999561,0.0,0.0,0.033473299191002524,"{1: 98, 0: 63, 2: 125, 3: 14}","{3: 174, 4: 126}",{1: 300},"{1: 277, 0: 19, 2: 4}","{1: 291, 0: 9}","{1: 261, 0: 27, 2: 12}",0.03007182242083523,0.024655384609050778,0.042646834573855444,0.05863948767186029,0.09937019537322422,0.055569067379816234,0.13369624961564242,0.15458843724732907,0.025348524493897906,0.08159685512663993,0.05243776373426173,0.03660724027983627
5680,1,crash,3,1,1,453.71150237428884,2392,671.0,671.0,0.2977500784821209,0.1,1.3182259798049927,12.75329303741455,-32.74282455444336,409.74212646484375,500.0,98.71059266160344,1314,-4.781999999999695,-60.217090287322854,-80.0,0.18967872172838163,"{2: 32, 3: 35, 6: 172}","{6: 40, 5: 16, 4: 10, 3: 87, 2: 86}","{1: 230, 0: 9}","{1: 218, 2: 21}","{1: 213, 0: 20, 2: 6}","{1: 197, 0: 22, 2: 20}",0.04332498268790553,0.014754240866043164,0.06989237970889296,0.07041029575864906,0.13090320246829812,0.057047955257745434,0.18378914650829956,0.17896221995189027,0.10945580284542085,0.1102221584674818,0.137548577409932,0.05993634160232297
5690,1,max_steps,3,0,0,104.87876794727515,3000,,,0.2962646733157478,0.1,1.320156216621399,12.746146202087402,-32.74282455444336,421.0372009277344,0.0,110.87876794727492,1528,-5.999999999999561,0.0,0.0,0.034959589315758384,"{0: 252, 1: 48}","{5: 92, 6: 6, 4: 21, 3: 177, 2: 4}",{1: 300},"{1: 294, 0: 2, 2: 4}","{1: 287, 2: 6, 0: 7}","{1: 284, 0: 15, 2: 1}",0.034505400005264704,0.019022418061453633,0.04983646416658924,0.05873788345294818,0.09245805813698063,0.04705327968156089,0.12585611150028006,0.1342674735317802,,,,
5700,1,crash,3,1,1,377.37497910087086,934,150.0,150.0,0.2947866784866601,0.1,1.3221946954727173,12.736547470092773,-32.74282455444336,398.58599853515625,500.0,32.977400771684295,571,-1.8660000000000014,-73.73642167081508,-80.0,0.4040417335127097,"{3: 14, 2: 79}","{5: 6, 4: 10, 3: 35, 2: 16, 1: 26}",{1: 93},"{1: 55, 2: 38}",{1: 93},{1: 93},0.01746441591769185,0.05801015071498986,0.024059589760125923,0.02754572247936212,0.04896208378727544,0.09054125260034045,0.06273882345022351,0.06574368952961077,0.01672680620091732,0.1361558810821769,0.035194426452332374,0.02305863626515252
5710,1,max_steps,3,0,0,93.49489257776531,3000,,,0.2933160570264266,0.1,1.3254575729370117,12.736743927001953,-32.74282455444336,396.2947692871094,0.0,124.06430240232405,1837,-5.999999999999561,-24.56940982455898,0.0,0.031164964192588438,"{2: 52, 1: 9, 3: 33, 4: 142, 5: 64}","{6: 23, 5: 43, 4: 113, 3: 121}","{1: 282, 0: 18}","{1: 268, 2: 13, 0: 19}","{1: 280, 0: 15, 2: 5}","{1: 249, 2: 21, 0: 30}",0.049740282986177733,0.02948105571776584,0.07273078167095998,0.10426027401114023,0.11505509574441562,0.06032789534350128,0.16090786306613322,0.15762488923700846,0.07693327157828077,0.05355233767680623,0.06586423899548649,0.1390157693306814
5720,1,max_steps,3,1,0,574.4682299549205,3000,322.0,322.0,0.29185277215104277,0.1,1.332157850265503,12.788443565368652,-32.74282455444336,398.6075439453125,500.0,80.46622995490782,1603,-5.9979999999995615,0.0,0.0,0.1914894099849735,"{4: 29, 3: 3, 5: 85, 6: 183}","{4: 11, 3: 21, 1: 122, 0: 146}",{1: 300},"{1: 291, 0: 9}",{1: 300},"{1: 295, 0: 5}",0.031131354639382908,0.014992942788499747,0.04687590473644842,0.06241760397840754,0.07613496972685468,0.04978818619168879,0.10882343107446389,0.12942642054701678,0.10934448981922101,0.037714159419524815,0.06888557052685952,0.1566671517080854
5730,1,max_steps,3,2,0,1138.9744257838588,3000,1210.5,1210.5,0.29039678726001106,0.1,1.336747646331787,12.816048622131348,-32.21628189086914,426.42547607421875,1000.0,149.4460130674334,1889,-5.995999999999562,-4.475587283575994,0.0,0.37965814192795294,"{5: 20, 4: 37, 3: 90, 2: 81, 1: 14, 0: 58}","{6: 22, 5: 39, 4: 147, 3: 44, 2: 48}","{1: 292, 2: 7, 0: 1}","{1: 267, 2: 30, 0: 3}","{1: 290, 2: 9, 0: 1}","{1: 286, 0: 9, 2: 5}",0.038439339128930036,0.020583991085860304,0.06125289374389615,0.07131321426105729,0.12750156857616335,0.06081485890055937,0.15959325418503548,0.14253238726413225,0.11123949994902498,0.06897080930047385,0.111164727039261,0.09156722682852504
5740,1,max_steps,3,0,0,50.13841294470177,3000,,,0.2889480659354252,0.1,1.3433613777160645,12.89545726776123,-32.841915130615234,411.68695068359375,0.0,56.13841294470173,960,-5.999999999999561,0.0,0.0,0.01671280431490059,"{4: 66, 5: 123, 6: 111}","{3: 32, 2: 120, 1: 101, 0: 47}",{1: 300},"{1: 283, 2: 2, 0: 15}","{1: 290, 0: 4, 2: 6}","{1: 280, 0: 16, 2: 4}",0.025875463785911303,0.01973057363018711,0.034468218197297756,0.057614546048156266,0.10493244195698698,0.05310504776688129,0.1231517093361042,0.14595122825912205,,,,
5750,1,max_steps,3,2,0,1118.3661561178014,3000,1032.5,1032.5,0.2875065719410592,0.1,1.3481403589248657,12.942662239074707,-32.841915130615234,421.65289306640625,1000.0,124.36215611780248,2041,-5.995999999999562,0.0,0.0,0.37278871870593383,"{3: 232, 1: 45, 0: 12, 2: 11}","{1: 10, 2: 12, 6: 152, 5: 15, 4: 16, 3: 1, 0: 94}","{1: 286, 0: 14}","{1: 242, 0: 34, 2: 24}","{1: 289, 0: 11}","{1: 294, 2: 6}",0.011626201450659943,0.029566036426839172,0.01891887529719981,0.029207667178859125,0.08099637506217382,0.06662447518078456,0.1135867777065045,0.1175696301136819,0.013908999600824267,0.0858054959167215,0.02229562738001708,0.04518362508563131
5760,1,max_steps,3,2,0,1152.0986078955807,3000,979.0,979.0,0.2860722692214611,0.1,1.362661600112915,13.081347465515137,-32.841915130615234,432.0204162597656,1000.0,188.71354874203894,2173,-5.995999999999562,-30.618940846447735,0.0,0.3840328692985269,"{6: 72, 5: 38, 4: 21, 3: 37, 2: 39, 0: 36, 1: 57}","{5: 68, 4: 94, 3: 75, 0: 25, 1: 24, 2: 14}",{1: 300},"{1: 276, 0: 20, 2: 4}","{1: 292, 2: 8}","{1: 266, 0: 24, 2: 10}",0.04257105352455599,0.03154025258888948,0.05810233379914076,0.06443702787183384,0.12519069133255173,0.058724600042522085,0.14489274883748618,0.15286947228431208,0.13112381648286875,0.08927232489729103,0.13550181367045463,0.030441584929872884
5770,1,max_steps,3,1,0,635.3843198382746,3000,1700.0,1700.0,0.28464512190105107,0.1,1.3652011156082153,13.025625228881836,-32.841915130615234,414.6177062988281,500.0,141.38231983826827,1723,-5.9979999999995615,0.0,0.0,0.21179477327942486,"{1: 73, 0: 24, 2: 25, 3: 47, 6: 112, 5: 19}","{3: 228, 2: 57, 1: 15}","{1: 286, 0: 14}","{1: 284, 2: 2, 0: 14}","{1: 260, 0: 30, 2: 10}","{1: 267, 0: 19, 2: 14}",0.06217058205363053,0.015048383059186626,0.06919824606807322,0.06954580454607318,0.13919551947309106,0.04870229093818456,0.19200147455263183,0.1527938177288709,0.06903277213839752,0.04881743860380475,0.11422126910753386,0.13729437071665368
5780,1,crash,3,0,1,-58.262220345451354,928,,,0.2832250942832242,0.1,1.3693736791610718,13.013630867004395,-32.841915130615234,397.99603271484375,0.0,36.34021579617847,356,-1.8560000000000014,-12.746436141629767,-80.0,-0.06278256502742603,"{2: 28, 3: 14, 4: 33, 5: 11, 6: 6}","{0: 3, 1: 17, 2: 42, 3: 30}","{1: 84, 0: 8}","{1: 79, 0: 13}","{1: 81, 0: 11}","{1: 82, 2: 8, 0: 2}",0.08509913046429438,0.028612418765767533,0.10512705988605135,0.08014835212121542,0.14881812309718576,0.06090119908055043,0.188786311414639,0.15157280421691582,0.16828304012500908,0.03741557374036267,0.1769259053712509,0.18860555570319157
5790,1,max_steps,3,0,0,130.72707047427417,3000,,,0.2818121508494576,0.1,1.3753715753555298,13.063904762268066,-32.841915130615234,403.3291015625,0.0,136.72707047427394,1520,-5.999999999999561,0.0,0.0,0.04357569015809139,"{4: 116, 3: 34, 5: 84, 6: 66}","{0: 5, 1: 16, 2: 137, 3: 142}","{1: 286, 0: 14}","{1: 264, 0: 35, 2: 1}","{1: 278, 0: 17, 2: 5}","{1: 269, 2: 14, 0: 17}",0.05128784235019687,0.019958959734455474,0.06952974511055043,0.06704501810333821,0.13264190544827603,0.06113497711994973,0.158925479512764,0.15067482947358862,,,,
5800,1,max_steps,3,1,0,596.4559528533697,3000,297.0,297.0,0.2804062562584218,0.1,1.3765466213226318,13.063989639282227,-35.10393524169922,417.85003662109375,500.0,102.4539528533567,1611,-5.9979999999995615,0.0,0.0,0.19881865095112322,"{2: 27, 3: 2, 4: 85, 5: 148, 6: 38}","{3: 235, 5: 4, 4: 61}",{1: 300},"{1: 296, 2: 4}","{1: 293, 0: 7}","{1: 277, 0: 21, 2: 2}",0.039183172070104785,0.01351166581148644,0.06209233601216733,0.08042402737527188,0.09414528616694212,0.04172200363201994,0.13247144413323284,0.14699395634515677,0.04549690432262667,0.02130896277651563,0.07987955294277595,0.053736314166430224
5810,1,max_steps,3,0,0,146.0762754338944,3000,,,0.27900737534509706,0.1,1.3795729875564575,13.088080406188965,-34.053138732910156,415.9548645019531,0.0,152.07627543389427,1792,-5.999999999999561,0.0,0.0,0.04869209181129814,"{0: 275, 1: 9, 2: 16}","{2: 282, 1: 18}","{1: 283, 0: 17}","{1: 283, 0: 14, 2: 3}","{1: 276, 0: 19, 2: 5}","{1: 285, 2: 15}",0.041583618505135284,0.018444172955872862,0.05519841689824429,0.05954072551974168,0.1267684146989843,0.054919423144696236,0.17313661279115572,0.1448329243170316,,,,
5820,1,crash,3,0,1,-41.06748314401633,2990,,,0.27761547311989343,0.1,1.38399338722229,13.109227180480957,-34.053138732910156,403.5222473144531,0.0,76.02808977885299,1345,-5.979999999999563,-31.115572922869244,-80.0,-0.013734944195323187,"{4: 26, 5: 57, 6: 216}","{5: 28, 4: 163, 3: 108}","{1: 275, 0: 24}","{1: 277, 2: 15, 0: 7}","{1: 274, 0: 25}","{1: 258, 2: 26, 0: 15}",0.04665928714671087,0.028275061106179795,0.0663466811902783,0.08645201323127517,0.13338449654912984,0.05609955745548584,0.15866593220208294,0.183358022625911,,,,
5830,1,crash,3,1,1,513.1341326992156,1779,737.0,737.0,0.2762305147677761,0.1,1.387256145477295,13.119710922241211,-34.053138732910156,401.666259765625,500.0,110.88965875537622,984,-3.55599999999983,-14.199526056166102,-80.0,0.2884396473857311,"{5: 16, 4: 18, 3: 16, 2: 23, 0: 56, 1: 48}","{6: 20, 5: 22, 4: 53, 3: 82}","{1: 151, 2: 18, 0: 8}","{1: 168, 2: 9}","{1: 154, 0: 10, 2: 13}","{1: 159, 0: 17, 2: 1}",0.10766356754087587,0.028328356099033055,0.12099852125731662,0.06846600833949676,0.15453986563439454,0.056742632981346304,0.1850026328113805,0.15083917994494117,0.10437858093592058,0.04717715191956235,0.1700645123436718,0.09281306827102605
5840,1,max_steps,3,1,0,605.0360822534452,3000,433.0,433.0,0.27485246564739413,0.1,1.3958181142807007,13.166763305664062,-33.92057418823242,398.62982177734375,500.0,152.4873467914428,1726,-5.9979999999995615,-41.45326453800846,0.0,0.20167869408448175,"{1: 29, 2: 13, 3: 1, 6: 257}","{3: 294, 2: 6}","{1: 293, 0: 7}","{1: 294, 0: 3, 2: 3}","{1: 291, 0: 9}","{1: 280, 0: 7, 2: 13}",0.04616587662681125,0.017057784655061213,0.06154827963225868,0.056140376827355926,0.11090221382713482,0.03911015652862354,0.14168945162407787,0.14313780792104536,0.13689449808287257,0.06170753428119427,0.07994376635029334,0.12384492920444443
5850,1,max_steps,3,0,0,76.48509222051565,3000,,,0.2734812912902141,0.1,1.3986338376998901,13.178576469421387,-33.43195343017578,398.5604553222656,0.0,82.48509222051592,1691,-5.999999999999561,0.0,0.0,0.025495030740171884,"{5: 102, 4: 32, 6: 166}","{4: 110, 5: 3, 3: 155, 2: 32}",{1: 300},"{1: 290, 2: 10}","{1: 293, 0: 7}","{1: 266, 2: 10, 0: 24}",0.02991693467123748,0.020914454516240553,0.04866207665547217,0.0698727533412665,0.08602104801962887,0.04873137879364194,0.11762794002292133,0.15174322577122829,,,,
5860,1,max_steps,3,2,0,1131.2118287853887,3000,1277.5,1277.5,0.272116957399658,0.1,1.4126777648925781,13.187256813049316,-33.43195343017578,378.8520812988281,1000.0,188.91019481297516,2337,-5.995999999999562,-51.70236602759031,0.0,0.37707060959512956,"{6: 29, 5: 12, 4: 20, 1: 21, 0: 48, 2: 135, 3: 35}","{3: 105, 4: 102, 5: 48, 0: 38, 1: 7}","{1: 299, 2: 1}","{1: 292, 2: 6, 0: 2}","{1: 289, 2: 11}","{1: 286, 2: 4, 0: 10}",0.04710389267129245,0.020977194249549837,0.04778874023411622,0.05401510413695092,0.11618823204008204,0.050950684499845696,0.13778112869376694,0.13418008754498048,0.06449835943040164,0.04606872325507818,0.08744238377223477,0.067459989532162
5870,1,max_steps,3,2,0,1129.4163747948173,3000,1204.5,1204.5,0.2707594298502457,0.1,1.4219417572021484,13.310070037841797,-33.43195343017578,392.8299865722656,1000.0,135.4123747948157,2193,-5.995999999999562,0.0,0.0,0.37647212493160576,"{1: 138, 2: 70, 3: 92}","{4: 53, 3: 168, 2: 5, 5: 14, 0: 60}",{1: 300},"{1: 268, 2: 6, 0: 26}","{1: 296, 0: 1, 2: 3}","{1: 298, 0: 2}",0.019782886227278047,0.026174688398094136,0.0336075740743654,0.053486835272119906,0.09398250093649642,0.060412175511284964,0.11487375934937874,0.12308617683143262,0.05066288615693196,0.05157913791819552,0.020646484283663412,0.07230663959455592
5880,1,crash,3,0,1,-66.68083848150158,923,,,0.2694086746867405,0.1,1.4268931150436401,13.35903263092041,-33.43195343017578,398.6634521484375,0.0,39.97993205407077,484,-1.8460000000000014,-24.8147705355723,-80.0,-0.07224359532123682,"{3: 46, 2: 46}","{6: 20, 5: 14, 4: 8, 3: 48, 2: 2}",{1: 92},"{1: 50, 2: 42}",{1: 92},{1: 92},0.004315084494808331,0.05857896975275384,0.007244284941828974,0.016742202114221054,0.07604933935847341,0.10348368682791627,0.0916707028669589,0.0861894377604279,0.08780432959491419,0.13650739910188397,0.09656734873921287,0.09265249244607124
5890,1,crash,3,0,1,-88.02366170827997,1369,,,0.26806465812330094,0.1,1.4289544820785522,13.346940994262695,-34.25187683105469,398.6634521484375,0.0,7.593457389232702,244,-2.73799999999992,-12.879119097512651,-80.0,-0.06429778064885316,"{4: 11, 5: 17, 6: 108}","{4: 47, 3: 89}",{1: 136},"{1: 131, 2: 5}",{1: 136},"{1: 125, 0: 4, 2: 7}",0.06296007968467045,0.019943275012832544,0.08448094960820593,0.0828300315393468,0.11287056226584831,0.052957688264759537,0.14149521753368738,0.14817938106371378,,,,
5900,1,max_steps,3,0,0,19.241947309543747,3000,,,0.2667273465426349,0.1,1.4326059818267822,13.352604866027832,-34.25187683105469,414.1512451171875,0.0,25.241947309543793,1489,-5.999999999999561,0.0,0.0,0.006413982436514583,{2: 300},"{3: 297, 2: 3}",{1: 300},"{1: 298, 0: 2}",{1: 300},{1: 300},0.007155558294615705,0.013162522947732132,0.011362850070250567,0.015354095583793453,0.019725151177739333,0.035560245177100255,0.030246089924199984,0.041032080648690746,,,,
5910,1,max_steps,3,0,0,61.85780153184297,3000,,,0.26539670649515895,0.1,1.4415018558502197,13.452264785766602,-34.25187683105469,403.5859680175781,0.0,67.85780153184312,1379,-5.999999999999561,0.0,0.0,0.020619267177280992,"{4: 43, 5: 39, 6: 218}","{0: 6, 1: 22, 2: 146, 3: 126}",{1: 300},"{1: 273, 0: 21, 2: 6}","{1: 294, 0: 6}","{1: 294, 0: 3, 2: 3}",0.02922368163126966,0.012151267985743976,0.04731872433432072,0.05789094087650162,0.09219144046877369,0.05532753053564344,0.1021313865402769,0.1308423724693088,,,,
5920,1,max_steps,3,1,0,549.8583090895856,3000,259.0,259.0,0.264072704698162,0.1,1.4485950469970703,13.510919570922852,-34.25187683105469,420.65106201171875,500.0,60.54570445495997,1306,-5.9979999999995615,-4.689395365389065,0.0,0.18328610302986187,"{3: 25, 4: 16, 5: 51, 6: 208}","{1: 8, 2: 16, 3: 1, 6: 140, 5: 135}",{1: 300},"{1: 287, 0: 11, 2: 2}",{1: 300},"{1: 291, 2: 4, 0: 5}",0.033556639466094426,0.015261675999962247,0.051366082095620484,0.05596417367111349,0.08684785725640587,0.05335980942040464,0.10765560358623044,0.1317940225194603,0.009355857166549044,0.061198757191135766,0.03354431661557871,0.057051371918409144
5930,1,crash,3,1,1,430.0894301570759,2009,590.0,590.0,0.26275530803497266,0.1,1.4506183862686157,13.52918529510498,-33.98045349121094,407.1673583984375,500.0,37.81757809319943,424,-4.01599999999978,-23.712147936134535,-80.0,0.21408134900800196,"{1: 34, 2: 23, 3: 1, 6: 142}","{3: 132, 4: 34, 2: 34}",{1: 200},"{1: 170, 0: 4, 2: 26}",{1: 200},"{1: 199, 0: 1}",0.0383511137139816,0.033157585543321356,0.042918153666784475,0.02862396703621134,0.07014119723549316,0.06141415171206608,0.08092292985581971,0.09594172820939763,0.0965624769603074,0.05674989174482931,0.04689435819353152,0.11755221649326023
5940,1,max_steps,3,2,0,1124.6024809016099,3000,1484.0,1484.0,0.2614444835541303,0.1,1.4598777294158936,13.654692649841309,-36.4906005859375,407.3166198730469,1000.0,130.59848090160673,2603,-5.995999999999562,0.0,0.0,0.37486749363386995,"{3: 23, 0: 167, 1: 68, 2: 38, 4: 4}","{5: 7, 4: 11, 3: 49, 0: 82, 1: 61, 2: 86, 6: 4}","{1: 294, 0: 6}","{1: 257, 2: 19, 0: 24}","{1: 291, 0: 9}","{1: 295, 2: 2, 0: 3}",0.015001439787255431,0.030506551451127316,0.024570618463845312,0.03227843493486782,0.0691045153502582,0.06136240509506009,0.09491341734571092,0.1221595955713069,0.1516816461988963,0.12290589871288234,0.13891091645933398,0.1494541013786015
5950,1,max_steps,3,0,0,101.30785428800534,3000,,,0.26014019846856185,0.1,1.4613537788391113,13.640067100524902,-36.4906005859375,402.03076171875,0.0,107.30785428800532,1625,-5.999999999999561,0.0,0.0,0.033769284762668446,"{3: 72, 2: 143, 1: 63, 0: 22}","{0: 14, 1: 132, 2: 97, 3: 57}",{1: 300},"{1: 254, 0: 40, 2: 6}",{1: 300},"{1: 296, 0: 1, 2: 3}",0.03674444142362812,0.030950400381614826,0.04367919970591827,0.05925851559810429,0.09634379990688777,0.06100933779186227,0.12382939560844819,0.12958686219588578,0.0906981904730081,0.06447751878284122,0.14616245796793145,0.11003493423740147
5960,1,max_steps,3,0,0,45.348065993441836,3000,,,0.2588424201547613,0.1,1.4633959531784058,13.646703720092773,-36.4906005859375,420.4132995605469,0.0,51.3480659934418,1352,-5.999999999999561,0.0,0.0,0.015116021997813945,"{5: 42, 6: 258}","{3: 284, 2: 16}","{1: 287, 0: 13}","{1: 292, 0: 8}","{1: 279, 0: 21}","{1: 280, 2: 10, 0: 10}",0.025103475896353148,0.014360199612284909,0.0443047170086617,0.06360073552967663,0.08946604939854913,0.04334584535091686,0.13290239759916128,0.1379486882633982,,,,
5970,1,max_steps,3,1,0,603.9030125139126,3000,519.0,519.0,0.2575511161519733,0.1,1.4688166379928589,13.72187328338623,-36.4906005859375,430.30816650390625,500.0,109.90101251389964,1514,-5.9979999999995615,0.0,0.0,0.2013010041713042,"{2: 32, 3: 19, 6: 249}","{2: 63, 3: 237}","{1: 296, 0: 4}","{1: 269, 0: 10, 2: 21}","{1: 285, 0: 10, 2: 5}","{1: 262, 2: 11, 0: 27}",0.037323013466438765,0.019741896767522124,0.05482725740781494,0.06741844759588302,0.11363412790810541,0.06023839897007059,0.16244074020158333,0.15492353213334437,0.08127123967504174,0.06384032093406973,0.048755858503046284,0.14296327073841122
5980,1,max_steps,3,0,0,49.98905453575785,3000,,,0.2562662541613818,0.1,1.470487117767334,13.733156204223633,-36.4906005859375,413.6028137207031,0.0,55.98905453575794,1371,-5.999999999999561,0.0,0.0,0.01666301817858595,"{1: 25, 0: 275}","{3: 258, 2: 42}",{1: 300},"{1: 276, 0: 5, 2: 19}","{1: 294, 2: 6}","{1: 292, 2: 6, 0: 2}",0.02400342788624541,0.027197365984327156,0.0341998357091534,0.04366372672725784,0.09531458223488132,0.05930871210394991,0.11500127781075939,0.13806558055921606,,,,
5990,1,max_steps,3,2,0,1199.4867436336808,3000,1036.0,1036.0,0.2549878020453021,0.1,1.4763156175613403,13.779635429382324,-36.4906005859375,406.4504089355469,1000.0,205.48274363368623,1973,-5.995999999999562,0.0,0.0,0.39982891454456027,"{0: 95, 1: 9, 2: 39, 3: 31, 4: 33, 6: 23, 5: 70}","{4: 59, 3: 155, 1: 4, 2: 13, 5: 69}","{1: 274, 2: 5, 0: 21}","{1: 279, 0: 16, 2: 5}","{1: 277, 2: 3, 0: 20}","{1: 290, 0: 9, 2: 1}",0.04315730558480023,0.015332390588403633,0.058391648773981286,0.058997279608345644,0.14800076137367324,0.055974813147079,0.16839687351553773,0.14340713746703893,0.08909958291819157,0.02213374489918342,0.14994410611709258,0.10652839282339538
6000,1,max_steps,3,0,0,42.113460533250574,3000,,,0.25371572782637636,0.1,1.4789884090423584,13.784771919250488,-36.4906005859375,418.0721740722656,0.0,51.34991635437803,928,-5.999999999999561,-3.2364558211273495,0.0,0.01403782017775019,"{5: 132, 4: 2, 6: 166}","{5: 71, 4: 30, 3: 199}",{1: 300},"{1: 286, 2: 3, 0: 11}","{1: 296, 2: 4}","{1: 280, 0: 11, 2: 9}",0.033569745555771885,0.02295593000266604,0.04316255570632098,0.043088851684374,0.10343757267925525,0.05640852961533824,0.12437943774726326,0.14128877108856291,,,,
6010,1,crash,3,1,1,452.7673980841034,1899,961.0,961.0,0.2524499996867748,0.1,1.4865628480911255,13.799607276916504,-36.4906005859375,397.1437072753906,500.0,93.27604142162059,1193,-3.7959999999998035,-56.7126433375184,-80.0,0.23842411694792173,"{0: 56, 1: 17, 2: 20, 3: 3, 6: 93}","{5: 65, 4: 18, 3: 106}",{1: 189},"{1: 186, 0: 2, 2: 1}",{1: 189},"{1: 175, 2: 7, 0: 7}",0.041868448914091604,0.02370095552309135,0.06411614251610806,0.0656666318382523,0.10776882956580937,0.05088593314757354,0.1262421866233642,0.14325728442845634,0.09767261608283168,0.05144709734270134,0.1389254216416635,0.14424862286165455
6020,1,crash,3,0,1,-72.6262816564813,1493,,,0.25119058596739896,0.1,1.4899698495864868,13.825762748718262,-36.66015625,396.5936279296875,0.0,28.46241097669578,535,-2.9859999999998927,-18.102692633177,-80.0,-0.04864452890588165,{6: 149},"{0: 12, 1: 7, 2: 23, 3: 107}",{1: 149},"{1: 119, 0: 28, 2: 2}","{1: 141, 0: 8}","{1: 144, 0: 3, 2: 2}",0.062035576834092714,0.025424311867528502,0.06590210669091594,0.03508854289706896,0.11266955257230939,0.09664902920168274,0.13157684447149534,0.14052799604966765,,,,
6030,1,crash,3,0,1,-86.7359787587583,2147,,,0.24993745516709043,0.1,1.4906543493270874,13.81060791015625,-36.47203063964844,396.5936279296875,0.0,10.573551022226223,542,-4.293999999999749,-13.015529780984485,-80.0,-0.040398685961228836,"{5: 102, 4: 18, 6: 94}","{3: 171, 4: 7, 2: 36}",{1: 214},"{1: 194, 0: 11, 2: 9}","{1: 212, 0: 2}",{1: 214},0.023311719071201786,0.03146513826206414,0.03749035333881631,0.04682710181543226,0.09825339436320978,0.059559830709729644,0.1376138393738328,0.1062558489237529,,,,
6040,1,max_steps,3,0,0,75.57291575377918,3000,,,0.2486905759418424,0.1,1.4898405075073242,13.76591682434082,-37.41258239746094,396.5936279296875,0.0,87.63091815987276,1435,-5.999999999999561,-6.058002406093494,0.0,0.025190971917926394,"{5: 99, 6: 201}","{5: 34, 6: 28, 4: 45, 3: 193}","{1: 279, 0: 21}","{1: 293, 2: 4, 0: 3}","{1: 243, 0: 41, 2: 16}","{1: 175, 0: 71, 2: 54}",0.041796633364656374,0.022891726878041606,0.07553504902842081,0.12918988618845056,0.12740454657906922,0.05239740402616809,0.20329563027773026,0.23488929769843248,,,,
6050,1,max_steps,3,0,0,32.07535291339381,3000,,,0.24744991710401615,0.1,1.4918497800827026,13.799454689025879,-37.41258239746094,405.68157958984375,0.0,38.07535291339397,1164,-5.999999999999561,0.0,0.0,0.010691784304464602,"{4: 170, 5: 110, 6: 20}","{1: 6, 2: 51, 3: 223, 4: 20}",{1: 300},"{1: 248, 0: 39, 2: 13}",{1: 300},"{1: 299, 2: 1}",0.014889800077700674,0.02803273796655559,0.021343616305131277,0.025271289404720614,0.05325298514023029,0.0696874373396311,0.07144019234218266,0.07750247320027176,0.017170918752576075,0.05548445943050932,0.024631909764033122,0.04569287227779134
6060,1,max_steps,3,1,0,645.9341316486899,3000,2741.0,2741.0,0.24621544762156067,0.1,1.4971363544464111,13.81868839263916,-36.82251739501953,412.4617004394531,500.0,151.93213164868936,1683,-5.9979999999995615,0.0,0.0,0.21531137721622998,"{0: 240, 1: 15, 2: 15, 3: 30}","{2: 89, 1: 113, 0: 2, 3: 70, 6: 26}","{1: 292, 0: 8}","{1: 287, 0: 13}","{1: 285, 0: 15}","{1: 294, 0: 5, 2: 1}",0.041471381541276324,0.0200168447515785,0.05805422728583551,0.0604983520496033,0.11863991560485156,0.05341726106107015,0.15052787447951788,0.1378918815808302,0.12065438074197457,0.06170866975597334,0.07028905048623538,0.1398631488310424
6070,1,max_steps,3,1,0,627.6284359704309,3000,1794.0,1794.0,0.24498713661723667,0.1,1.504814863204956,13.881168365478516,-36.82251739501953,391.3677062988281,500.0,133.62643597042313,1709,-5.9979999999995615,0.0,0.0,0.2092094786568103,"{5: 74, 4: 50, 6: 54, 3: 1, 0: 121}","{0: 4, 1: 19, 2: 112, 3: 55, 4: 110}","{1: 296, 0: 4}","{1: 258, 0: 38, 2: 4}","{1: 289, 0: 4, 2: 7}","{1: 289, 2: 1, 0: 10}",0.03544583308361644,0.017905246604111587,0.04463492503512438,0.06106654866689072,0.13257292081115357,0.06208256986732758,0.15879424943945897,0.13846089521446803,0.12057354584550399,0.06346445557733946,0.13805835201735522,0.10997889261132685
6080,1,max_steps,3,1,0,567.8052532733161,3000,178.0,178.0,0.24376495336784404,0.1,1.507007122039795,13.864383697509766,-36.82251739501953,396.5672302246094,500.0,73.80325327330009,1260,-5.9979999999995615,0.0,0.0,0.18926841775777203,"{3: 17, 6: 283}","{1: 4, 2: 13, 6: 55, 5: 22, 4: 58, 3: 148}",{1: 300},"{1: 274, 0: 13, 2: 13}","{1: 297, 0: 3}","{1: 291, 2: 9}",0.022804101637287293,0.018895297566399967,0.027195958040877873,0.038895028185286715,0.07515735151664897,0.059514130844756936,0.09883884686865665,0.12946611144247921,0.005068660886594885,0.09346217908398331,0.007877672300890828,0.010336176104880548
6090,1,max_steps,3,2,0,1115.5056897229622,3000,691.5,691.5,0.2425488673034535,0.1,1.513335943222046,13.938575744628906,-36.82251739501953,418.3744812011719,1000.0,144.94058684162283,1817,-5.995999999999562,-23.43889711863714,0.0,0.37183522990765405,"{5: 63, 4: 30, 3: 6, 2: 28, 1: 18, 6: 155}","{0: 16, 1: 17, 2: 34, 3: 71, 6: 67, 5: 17, 4: 78}",{1: 300},"{1: 263, 0: 14, 2: 23}","{1: 290, 2: 4, 0: 6}","{1: 286, 2: 4, 0: 10}",0.047531266745093406,0.032841013120486276,0.05655413768356199,0.05179170477477502,0.12200667510818486,0.060873162206230944,0.14919106764928677,0.14254677784180497,0.13802908946390136,0.026586895725872667,0.1643025234389046,0.14498594705298493
6100,1,max_steps,3,0,0,24.67264279224044,3000,,,0.24133884800664204,0.1,1.5181435346603394,14.00027084350586,-36.82251739501953,430.40777587890625,0.0,41.06008105302494,1249,-5.999999999999561,-10.387438260784494,0.0,0.008224214264080145,{0: 300},"{3: 45, 2: 172, 1: 83}",{1: 300},"{1: 290, 2: 5, 0: 5}",{1: 300},"{1: 299, 0: 1}",0.02333604967018297,0.018088431468187744,0.03160031574781341,0.03981179072163199,0.07708800538673378,0.051299016479726456,0.10517917581098102,0.09146095468626439,,,,
6110,1,crash,3,1,1,433.9981123757542,2875,261.0,261.0,0.240134865211732,0.1,1.5261026620864868,14.070169448852539,-36.82251739501953,397.3402404785156,500.0,42.01050161116637,1308,-5.747999999999589,-22.264389235424897,-80.0,0.15095586517417536,"{4: 22, 3: 4, 0: 261}","{3: 97, 5: 107, 6: 3, 4: 80}",{1: 287},"{1: 284, 2: 3}","{1: 279, 2: 8}","{1: 281, 2: 1, 0: 5}",0.024072870593438628,0.013012541036378606,0.025722807887073755,0.026549623935652474,0.09113783437062126,0.040283483417518584,0.10723800302128873,0.0905025410494702,0.1453730475162573,0.005123033927176069,0.185079870524664,0.22684406556698036
6120,1,max_steps,3,1,0,615.1125555990136,3000,351.0,351.0,0.23893688880403405,0.1,1.532407522201538,14.13204288482666,-36.82251739501953,402.3208923339844,500.0,121.11055559900245,1731,-5.9979999999995615,0.0,0.0,0.20503751853300453,"{3: 35, 6: 68, 5: 197}","{5: 208, 4: 77, 3: 15}","{1: 289, 2: 11}","{1: 278, 2: 20, 0: 2}","{1: 284, 2: 16}","{1: 286, 2: 1, 0: 13}",0.024149086126352845,0.0186512480167665,0.041516607339677894,0.053569797027470736,0.10240195595376594,0.051829573506325805,0.15040266919747372,0.13723043707096383,0.017380484694781165,0.09104305053569461,0.0760232225289462,0.1412334454476416
6130,1,max_steps,3,0,0,47.84289145691087,3000,,,0.2377448888190939,0.1,1.5362406969070435,14.149665832519531,-36.82251739501953,395.5561218261719,0.0,53.842891456911055,1176,-5.999999999999561,0.0,0.0,0.015947630485636955,{0: 300},"{2: 48, 3: 252}",{1: 300},"{1: 293, 0: 6, 2: 1}","{1: 290, 2: 10}","{1: 285, 2: 8, 0: 7}",0.030037723487133006,0.01487165426139462,0.044330943800792375,0.05550064576486531,0.08299349346384466,0.05133009175950604,0.11724532568412156,0.13904441387373598,,,,
6140,1,max_steps,3,0,0,66.18222872314213,3000,,,0.23655883544194298,0.1,1.544415831565857,14.264727592468262,-36.82251739501953,425.9187316894531,0.0,72.18222872314236,1216,-5.999999999999561,0.0,0.0,0.022060742907714044,"{5: 87, 4: 196, 6: 17}","{0: 8, 1: 18, 2: 115, 3: 159}",{1: 300},"{1: 273, 0: 21, 2: 6}",{1: 300},"{1: 296, 0: 4}",0.019434839339426746,0.02243295438645633,0.0282154756449979,0.029865130169610697,0.07633874086289137,0.05941670004912783,0.09333987442784844,0.09835444631164213,0.022439625775729524,0.04376319786712972,0.0747553635292155,0.0554504473487731
6150,1,max_steps,3,0,0,123.75814130772574,3000,,,0.23537869900635255,0.1,1.5510634183883667,14.286625862121582,-36.82251739501953,411.1578369140625,0.0,129.75814130772588,1678,-5.999999999999561,0.0,0.0,0.04125271376924191,"{3: 46, 2: 160, 1: 75, 0: 19}","{6: 18, 5: 14, 4: 69, 3: 199}",{1: 300},"{1: 254, 2: 39, 0: 7}","{1: 296, 0: 4}","{1: 296, 0: 4}",0.04162283554975785,0.017775953429817803,0.06229762185949701,0.07468282667512252,0.07980981596022428,0.06300411081608642,0.11213728446495785,0.13627158904068792,0.06815863400796551,0.0645169153273623,0.06687099603647491,0.0431589845784043
6160,1,max_steps,3,0,0,71.3747382001869,3000,,,0.23420444999409176,0.1,1.5590084791183472,14.306914329528809,-36.82251739501953,412.55548095703125,0.0,77.37473820018705,1801,-5.999999999999561,0.0,0.0,0.0237915794000623,"{5: 117, 4: 27, 3: 134, 2: 22}","{6: 23, 5: 224, 4: 53}",{1: 300},"{1: 298, 2: 2}","{1: 294, 2: 6}","{1: 294, 2: 1, 0: 5}",0.020586799322620482,0.013862823566043516,0.026498859234132095,0.042055040211787104,0.07586683393244754,0.04095029043551336,0.08854051910027098,0.117130758042982,,,,
6170,1,crash,3,1,1,481.1456356319038,1787,1049.0,1049.0,0.2330360590341892,0.1,1.5607448816299438,14.265238761901855,-36.82251739501953,418.2137145996094,500.0,77.27911207945894,1257,-3.571999999999828,-12.56147644755559,-80.0,0.2692476976115858,"{1: 9, 2: 139, 3: 18, 4: 12}","{3: 55, 4: 57, 5: 20, 6: 46}","{1: 166, 0: 12}","{1: 146, 0: 11, 2: 21}","{1: 170, 0: 8}","{1: 165, 0: 2, 2: 11}",0.04038284808210413,0.03117411623336555,0.046110376434797234,0.04570417512609318,0.12903643710283,0.06245149269626648,0.1511995147034598,0.137758014461712,0.09423050341211468,0.019353674503671644,0.050299230337611696,0.12701000479762364
6180,1,crash,3,1,1,430.6817417150768,2418,155.0,155.0,0.2318734969021984,0.1,1.5602935552597046,14.232606887817383,-38.8142204284668,418.2137145996094,500.0,87.2598303342202,1320,-4.83399999999969,-71.74408861915039,-80.0,0.17811486423286882,"{3: 15, 5: 89, 4: 137}","{1: 15, 2: 126, 3: 77, 4: 23}",{1: 241},"{1: 216, 0: 25}",{1: 241},"{1: 240, 0: 1}",0.03616071711502638,0.018261628023935036,0.05297414745335058,0.05230197648313215,0.06582936040008827,0.06006088831179923,0.10241979441229702,0.11803397942023444,0.00027483953999766673,0.1495489662967299,0.0025716477372619718,0.009770546726438985
6190,1,success,3,3,0,1578.957016148739,1959,653.0,341.0,0.2307167345194668,0.1,1.5666460990905762,14.319133758544922,-38.8142204284668,423.77142333984375,1500.0,82.86901614874232,1573,-3.9119999999997908,0.0,0.0,0.8060015396369266,"{0: 55, 1: 44, 2: 31, 3: 44, 4: 21}","{3: 147, 4: 25, 2: 23}",{1: 195},"{1: 162, 0: 21, 2: 12}","{1: 188, 2: 7}","{1: 188, 2: 7}",0.02526222195876801,0.03846843191573292,0.03563757011147952,0.04557521708774567,0.08945582733838732,0.06892545612697525,0.146092074595326,0.13332456139198054,0.10829423081480216,0.07429149415935403,0.18694722535076355,0.11259704518556829
6200,1,max_steps,3,1,0,672.5350424618878,3000,2622.0,2622.0,0.22956574295240825,0.1,1.5758140087127686,14.362643241882324,-38.8142204284668,423.4490051269531,500.0,178.53304246188628,1848,-5.9979999999995615,0.0,0.0,0.22417834748729593,"{5: 188, 4: 52, 6: 17, 3: 5, 0: 38}","{4: 45, 3: 217, 1: 2, 0: 36}","{1: 265, 0: 19, 2: 16}","{1: 287, 2: 2, 0: 11}","{1: 259, 2: 17, 0: 24}","{1: 247, 2: 19, 0: 34}",0.05109742677756775,0.017759792910246795,0.0796754184613292,0.10719069306926415,0.155733750108233,0.046517968198317654,0.1996102504675396,0.17300377668581113,0.17851532952151264,0.03335406902321531,0.20149326447511168,0.26016071566431537
6210,1,max_steps,3,0,0,66.4847875467535,3000,,,0.2284204934117796,0.1,1.5794917345046997,14.386646270751953,-38.44953918457031,431.97015380859375,0.0,72.48478754675355,1160,-5.999999999999561,0.0,0.0,0.02216159584891783,"{6: 191, 5: 47, 4: 62}","{2: 223, 3: 74, 1: 3}","{1: 293, 0: 7}","{1: 295, 0: 4, 2: 1}","{1: 289, 2: 4, 0: 7}","{1: 283, 2: 10, 0: 7}",0.04361009400784582,0.015072898477844598,0.05850677039428708,0.06363870972380367,0.10719735669397122,0.039680954093806044,0.1306896510909774,0.14135914525337745,,,,
6220,1,max_steps,3,0,0,100.91273874001007,3000,,,0.22728095725196054,0.1,1.5874627828598022,14.479477882385254,-38.44953918457031,422.8834228515625,0.0,106.91273874001021,1906,-5.999999999999561,0.0,0.0,0.03363757958000336,"{0: 248, 1: 17, 2: 35}","{4: 114, 5: 55, 3: 128, 2: 3}",{1: 300},"{1: 295, 2: 2, 0: 3}",{1: 300},"{1: 294, 0: 6}",0.02568482241643974,0.013952935565451751,0.03191186582459776,0.030702079768841446,0.07118368891064104,0.04628788644848752,0.09421507866475926,0.10546440988088619,0.11130717997588435,0.009948952115436277,0.11147913909023462,0.057896072676523955
6230,1,crash,3,1,1,488.93673700138095,1867,879.0,879.0,0.22614710597023688,0.1,1.597195029258728,14.498563766479492,-36.5853271484375,413.5625,500.0,83.21655754510729,1568,-3.7319999999998106,-10.547820543727617,-80.0,0.26188362988825975,"{2: 110, 3: 51, 1: 15, 4: 10}","{5: 14, 4: 34, 3: 138}","{1: 178, 0: 8}","{1: 163, 2: 13, 0: 10}","{1: 182, 0: 4}","{1: 182, 0: 2, 2: 2}",0.022719590745321663,0.02832070951602514,0.026982145789963302,0.028162646908134033,0.1154823365981118,0.06067464447984984,0.13855640358375454,0.1085867490344967,0.12977576597411075,0.04420793866937039,0.16855849826068833,0.11580676718138556
6240,1,max_steps,3,1,0,678.2257167828728,3000,2306.0,2306.0,0.2250189112060878,0.1,1.6011422872543335,14.538077354431152,-36.5853271484375,413.5625,500.0,184.22371678287166,2058,-5.9979999999995615,0.0,0.0,0.22607523892762427,"{0: 15, 1: 80, 2: 134, 3: 1, 6: 47, 5: 11, 4: 12}","{3: 232, 2: 2, 4: 66}","{1: 292, 2: 8}","{1: 295, 2: 1, 0: 4}","{1: 289, 2: 11}","{1: 291, 0: 6, 2: 3}",0.029391719065428205,0.017645396146080152,0.05293136993166566,0.06817812539767759,0.1293474005595715,0.04401796419364688,0.15065161023412044,0.1402064314875683,0.06180736661590902,0.0471735427103854,0.08545114393096508,0.05819328779154034
6250,1,max_steps,3,1,0,667.5311358226486,3000,415.0,415.0,0.22389634474047654,0.1,1.6093809604644775,14.598989486694336,-36.5853271484375,420.7903747558594,500.0,173.52913582263807,1823,-5.9979999999995615,0.0,0.0,0.22251037860754952,"{3: 41, 6: 169, 5: 41, 4: 49}","{0: 13, 1: 16, 2: 10, 3: 28, 6: 118, 5: 39, 4: 76}","{1: 284, 2: 16}","{1: 260, 0: 31, 2: 9}","{1: 279, 2: 21}","{1: 273, 2: 8, 0: 19}",0.03726507873889986,0.023493904756924255,0.06244529602212592,0.07751491250707296,0.11565033316427634,0.06202851944360645,0.14057334945050182,0.14454841347999214,0.005945691770611876,0.14079375733203972,0.011367819536611716,0.025758627228186934
6260,1,max_steps,3,0,0,58.42642800066435,3000,,,0.22277937849514431,0.1,1.6164398193359375,14.617195129394531,-36.5853271484375,412.93377685546875,0.0,64.42642800066449,1110,-5.999999999999561,0.0,0.0,0.01947547600022145,"{6: 140, 5: 46, 4: 114}","{5: 195, 6: 105}","{1: 298, 2: 2}","{1: 294, 2: 6}","{1: 291, 2: 9}","{1: 297, 0: 2, 2: 1}",0.032594495612106394,0.012707775772560853,0.036718161809873334,0.05577457881791912,0.09315308162382517,0.05064848693297269,0.12115365081521728,0.12575899181339353,,,,
6270,1,max_steps,3,1,0,606.8832027072668,3000,1968.0,1968.0,0.2216679845319083,0.1,1.624616026878357,14.673592567443848,-36.5853271484375,408.077392578125,500.0,112.8812027072608,1482,-5.9979999999995615,0.0,0.0,0.2022944009024223,"{4: 141, 5: 19, 6: 28, 3: 8, 1: 1, 0: 103}","{5: 22, 4: 90, 3: 149, 2: 39}","{1: 286, 2: 14}","{1: 270, 2: 19, 0: 11}","{1: 283, 2: 17}","{1: 282, 2: 5, 0: 13}",0.03783653410102081,0.022324949652205762,0.05250417320695741,0.06445619737945167,0.1300977877201168,0.05998337916296055,0.16409431114704975,0.14074408047094755,0.10413964917820202,0.08355530338713502,0.1748552359007914,0.12078623250879159
6280,1,crash,3,1,1,481.5401577987788,2525,2005.0,2005.0,0.22056213505196273,0.1,1.6345460414886475,14.779749870300293,-36.5853271484375,427.8243713378906,500.0,93.64241573647237,1364,-5.047999999999666,-27.05425793769628,-80.0,0.19070897338565498,"{0: 35, 1: 121, 2: 33, 3: 11, 5: 30, 6: 22}","{2: 112, 3: 68, 1: 20, 6: 52}","{1: 245, 0: 7}","{1: 210, 0: 24, 2: 18}","{1: 241, 0: 11}","{1: 241, 0: 5, 2: 6}",0.03587871072234402,0.03827383472435173,0.054947530213985046,0.06892225861015339,0.08869526222394,0.0634018986719052,0.12270583919040218,0.1417944588102777,0.11057927004153245,0.11397815332396838,0.03128908377787126,0.1301569220936502
6290,1,crash,3,1,1,429.07442494833543,1272,506.0,506.0,0.21946180239518348,0.1,1.637873888015747,14.795114517211914,-36.5853271484375,431.27093505859375,500.0,76.89085243333211,697,-2.5419999999999416,-65.27442748499848,-80.0,0.3373226611229052,"{0: 22, 1: 9, 2: 18, 3: 1, 4: 34, 5: 43}","{3: 50, 1: 27, 2: 26, 0: 24}","{1: 116, 0: 11}","{1: 97, 0: 10, 2: 20}","{1: 111, 0: 16}","{1: 112, 0: 14, 2: 1}",0.05499556692311419,0.026860556609146567,0.06943547431007435,0.08602959581145764,0.14248300230871683,0.06735452072605985,0.19450750554432836,0.15310280335420526,0.09137600275344182,0.019661460794775085,0.09295461568605534,0.049684116057620985
6300,1,max_steps,3,0,0,67.41588511777084,3000,,,0.21836695903943626,0.1,1.6412676572799683,14.828149795532227,-36.5853271484375,445.799072265625,0.0,78.38190631711387,1434,-5.999999999999561,-4.9660211993429995,0.0,0.022471961705923613,"{4: 38, 5: 190, 6: 72}","{6: 40, 5: 128, 4: 83, 3: 49}","{1: 295, 0: 5}","{1: 289, 2: 11}","{1: 293, 0: 7}","{1: 284, 0: 8, 2: 8}",0.03409213695091857,0.015563448521562492,0.05315904615211405,0.07214350177043119,0.09232788529288348,0.04328734255212519,0.11275827735470598,0.1455529219292269,,,,
6310,1,max_steps,3,1,0,574.8130168660476,3000,2836.0,2836.0,0.2172775775998883,0.1,1.6452064514160156,14.813902854919434,-36.5853271484375,398.05224609375,500.0,80.81101686604683,1891,-5.9979999999995615,0.0,0.0,0.1916043389553492,"{1: 13, 2: 125, 3: 44, 4: 101, 5: 15, 6: 2}","{6: 129, 5: 25, 4: 20, 3: 126}",{1: 300},"{1: 275, 2: 21, 0: 4}",{1: 300},"{1: 298, 0: 1, 2: 1}",0.030066962518396818,0.01616983790642474,0.043313633806134094,0.04610181532651911,0.07329002511614899,0.05865722194543111,0.08701677280862385,0.11070902465311351,0.07418571833030184,0.05120478713096512,0.08639570380277034,0.09147664295464689
6320,1,max_steps,3,1,0,666.1245939541236,3000,1510.0,1510.0,0.2161936308283234,0.1,1.6497223377227783,14.859039306640625,-36.5853271484375,406.5801696777344,500.0,172.12259395411715,1728,-5.9979999999995615,0.0,0.0,0.2220415313180412,"{0: 89, 1: 14, 2: 46, 3: 1, 6: 87, 5: 63}","{3: 275, 4: 25}","{1: 299, 2: 1}","{1: 288, 0: 7, 2: 5}","{1: 268, 0: 18, 2: 14}","{1: 257, 0: 31, 2: 12}",0.04923304192812411,0.023229827676575714,0.06925669773474614,0.07768482921357135,0.13080497659864748,0.05557820574288104,0.18284556149957853,0.1538519005853869,0.05128522662819407,0.05076580212027533,0.11676841037283642,0.1206951259588746
6330,1,success,3,3,0,1604.2807202434835,1274,424.6666666666667,437.0,0.21511509161246015,0.1,1.6598143577575684,14.929611206054688,-36.5853271484375,413.0866394042969,1500.0,106.82272024348543,1110,-2.5419999999999416,0.0,0.0,1.2592470331581502,"{4: 84, 3: 43}","{3: 58, 6: 5, 5: 22, 4: 16, 0: 15, 1: 6, 2: 5}","{1: 121, 2: 6}","{1: 71, 0: 33, 2: 23}","{1: 120, 2: 7}","{1: 119, 0: 7, 2: 1}",0.028400290926827897,0.05479038686517006,0.05716841322294857,0.06805129052144251,0.12514894392186376,0.13771056291105974,0.14241017465667558,0.14722710892026108,0.07638962256776244,0.08643191011204375,0.1424777922842809,0.13794757710199165
6340,1,max_steps,3,1,0,619.1148612849323,3000,541.0,541.0,0.2140419329752739,0.1,1.6657599210739136,14.94911003112793,-36.5853271484375,393.1634216308594,500.0,125.11286128492338,1945,-5.9979999999995615,0.0,0.0,0.20637162042831078,"{4: 58, 3: 13, 0: 203, 1: 13, 2: 13}","{1: 4, 2: 8, 3: 42, 6: 199, 5: 47}","{1: 281, 0: 19}","{1: 277, 0: 21, 2: 2}","{1: 282, 0: 18}","{1: 291, 0: 1, 2: 8}",0.027767726311988115,0.011261353711023506,0.037925735133928815,0.03847224921927553,0.1316072573169397,0.05198046590737562,0.15536893199370097,0.12171207790293696,0.09041729516933798,0.037519417089352025,0.09787101548886823,0.09327827064375993
6350,1,max_steps,3,2,0,1091.8203316041954,3000,1425.5,1425.5,0.21297412807432226,0.1,1.6713091135025024,14.979063034057617,-35.589271545410156,415.77130126953125,1000.0,105.83714512251149,1984,-5.995999999999562,-8.020813518324196,0.0,0.3639401105347318,"{4: 48, 3: 37, 1: 25, 2: 190}","{3: 108, 4: 59, 1: 31, 0: 7, 2: 80, 6: 15}",{1: 300},"{1: 273, 2: 6, 0: 21}","{1: 296, 2: 4}","{1: 299, 0: 1}",0.013595001024468688,0.030545433354854205,0.02220904422973812,0.02947326668823828,0.06794702350124017,0.059692285674312846,0.09031013558097994,0.11329177922300764,0.08494553698251248,0.06093393912577144,0.07754561917794822,0.14114923868897486
6360,1,max_steps,3,1,0,547.5891424410562,3000,793.0,793.0,0.21191165020107328,0.1,1.6781046390533447,14.994439125061035,-35.589271545410156,410.26556396484375,500.0,53.5871424410429,1112,-5.9979999999995615,0.0,0.0,0.18252971414701874,"{4: 78, 3: 1, 0: 221}","{3: 79, 5: 92, 6: 129}","{1: 297, 2: 3}","{1: 295, 0: 4, 2: 1}","{1: 292, 2: 8}","{1: 295, 0: 5}",0.02016604110918664,0.008375685837904344,0.03354372696661025,0.03685628995643857,0.07922461277701563,0.041624511646493674,0.09226412098652594,0.09973689949385747,0.06918078462516225,0.05831649770417818,0.07940510798029643,0.04230429294146119
6370,1,crash,3,0,1,-78.6141357958367,1813,,,0.21085447278023772,0.1,1.6836953163146973,15.038331031799316,-35.589271545410156,438.4308776855469,0.0,16.937457818450028,349,-3.6259999999998223,-11.92559361428665,-80.0,-0.04336135454817248,"{4: 37, 5: 10, 6: 134}","{1: 8, 2: 43, 3: 130}",{1: 181},"{1: 166, 0: 13, 2: 2}","{1: 171, 0: 10}","{1: 177, 0: 2, 2: 2}",0.023872598111426915,0.02385310921334443,0.032120195253951406,0.047527604295437356,0.11761075927941113,0.058259774174457934,0.16133127946016768,0.1355155088208891,,,,
6380,1,max_steps,3,2,0,1225.4474708960047,3000,1271.0,1271.0,0.20980256936910416,0.1,1.690686821937561,15.091408729553223,-35.589271545410156,410.8399963378906,1000.0,231.4434708960031,1966,-5.995999999999562,0.0,0.0,0.40848249029866823,"{2: 86, 3: 10, 6: 135, 5: 33, 4: 36}","{3: 242, 4: 39, 5: 9, 2: 10}","{1: 273, 2: 27}","{1: 284, 0: 16}","{1: 265, 2: 28, 0: 7}","{1: 262, 0: 27, 2: 11}",0.0719345319142339,0.02486569579625567,0.08680608835323167,0.0825024458853357,0.14807632015301675,0.05369635700796454,0.18712119265732838,0.15452707986042705,0.10147070403324675,0.036099599727479614,0.07917649674178787,0.09349250813663938
6390,1,crash,3,0,1,-51.46400699271946,1171,,,0.20875591365687762,0.1,1.7004191875457764,15.161985397338867,-37.67572021484375,403.3721923828125,0.0,53.14934821481318,741,-2.3419999999999637,-22.271355207532622,-80.0,-0.043948767713680156,"{1: 31, 2: 13, 3: 15, 4: 51, 5: 7}","{2: 14, 3: 103}",{1: 117},"{1: 111, 0: 6}","{1: 110, 0: 7}","{1: 110, 0: 5, 2: 2}",0.06922498382291577,0.014029011133387784,0.10238063732820776,0.062253885276558105,0.1431601602845502,0.0539947090450146,0.1657674841238158,0.14700082945792198,0.14369665231225928,0.06058444138021815,0.16720347334238286,0.06741214761491694
6400,1,max_steps,3,0,0,191.47177774175486,3000,,,0.20771447946402152,0.1,1.7069249153137207,15.210909843444824,-37.67572021484375,436.3899230957031,0.0,203.03345033025485,1734,-5.999999999999561,-5.561672588500026,0.0,0.06382392591391829,"{6: 180, 5: 95, 4: 25}","{0: 2, 1: 12, 2: 14, 3: 268, 4: 4}","{1: 287, 2: 13}","{1: 266, 0: 32, 2: 2}","{1: 251, 0: 16, 2: 33}","{1: 228, 0: 35, 2: 37}",0.06829120511147348,0.022988240753666705,0.09297481380680603,0.11839346675651205,0.12957373047500403,0.060887012087331896,0.1895225449638817,0.17754350436213556,0.11391183218720755,0.056941820612690416,0.031154846181380404,0.24723900192732823
6410,1,crash,3,0,1,-78.26489853341492,2989,,,0.20667824074160296,0.1,1.7112113237380981,15.236908912658691,-37.67572021484375,417.4016418457031,0.0,30.48446109048117,834,-5.977999999999564,-22.771359623896,-80.0,-0.02618430864282868,"{2: 61, 1: 70, 0: 167}","{5: 117, 6: 110, 4: 71}",{1: 298},"{1: 295, 0: 2, 2: 1}",{1: 298},"{1: 293, 0: 4, 2: 1}",0.034725867513049666,0.01635667876090048,0.04134280972424572,0.047917004239408416,0.07244305242486748,0.04418181081802647,0.10014137244606845,0.10742456171745919,,,,
6420,1,max_steps,3,1,0,594.4112909223174,3000,2578.0,2578.0,0.20564717157064083,0.1,1.7204349040985107,15.335758209228516,-37.67572021484375,453.7290954589844,500.0,104.42001222589603,1696,-5.9979999999995615,-4.010721303579731,0.0,0.1981370969741058,"{0: 174, 1: 30, 2: 53, 6: 43}","{5: 136, 4: 38, 3: 91, 1: 8, 2: 27}",{1: 300},"{1: 272, 2: 12, 0: 16}","{1: 297, 0: 3}","{1: 292, 2: 2, 0: 6}",0.017924729091805144,0.01726363773300319,0.03240045905744237,0.04239896994436024,0.09431213326667551,0.05918236418402433,0.12853817041325039,0.13147277191614562,0.12419835185767507,0.0406249047530834,0.17119799683575393,0.14175916161822086
6430,1,crash,3,1,1,482.50458762741516,1963,1583.0,1583.0,0.20462124616145785,0.1,1.724088191986084,15.320441246032715,-37.67572021484375,433.69073486328125,500.0,78.32877884161034,1434,-3.9239999999997894,-11.900191214196706,-80.0,0.24579958615762362,"{0: 52, 1: 14, 2: 91, 3: 6, 4: 25, 5: 8}","{1: 12, 2: 52, 3: 94, 6: 11, 5: 27}",{1: 196},"{1: 191, 0: 5}","{1: 187, 0: 9}","{1: 179, 0: 5, 2: 12}",0.028571353455174628,0.01727356525840081,0.039495364698317534,0.05444751875857906,0.11544566604248645,0.04929494179940755,0.15101812512755475,0.1489513716767812,0.08428058759854962,0.05460068498435762,0.1260848153783515,0.05940497723939456
6440,1,max_steps,3,0,0,91.94811545574814,3000,,,0.2036004388530354,0.1,1.7264540195465088,15.295918464660645,-37.67572021484375,427.8968505859375,0.0,97.9481154557482,1370,-5.999999999999561,0.0,0.0,0.030649371818582714,"{1: 126, 2: 160, 0: 14}","{4: 61, 3: 165, 2: 74}",{1: 300},"{1: 289, 2: 5, 0: 6}","{1: 286, 0: 14}","{1: 280, 2: 16, 0: 4}",0.03240402415181566,0.01596701136660883,0.040069919391645614,0.06567655653850883,0.1072439343102755,0.053443614344434724,0.14883102906934847,0.14515898492769144,0.06390141338203048,0.018931215862243837,0.1571832368955892,0.14969390246736972
6450,1,max_steps,3,2,0,1168.3558856726386,3000,1359.0,1359.0,0.2025847241123715,0.1,1.735844612121582,15.364055633544922,-41.938262939453125,425.5898132324219,1000.0,217.08740259034914,2131,-5.995999999999562,-42.73551691770848,0.0,0.38945196189087955,"{5: 59, 4: 42, 6: 103, 3: 4, 0: 43, 1: 30, 2: 19}","{2: 81, 3: 213, 1: 6}","{1: 294, 0: 6}","{1: 267, 0: 31, 2: 2}","{1: 274, 0: 21, 2: 5}","{1: 283, 2: 3, 0: 14}",0.059357272798494495,0.011684710627581304,0.07163564108921955,0.07737612107894781,0.14221158431890824,0.0619196337661528,0.17444860260758746,0.14739375543974118,0.14374111221360736,0.021438734802742665,0.1402658789285471,0.1517685464286496
6460,1,max_steps,3,0,0,134.91362427850703,3000,,,0.20157407653384252,0.1,1.7384488582611084,15.388387680053711,-41.938262939453125,461.2138977050781,0.0,140.91362427850723,1548,-5.999999999999561,0.0,0.0,0.044971208092835675,"{6: 89, 5: 149, 4: 62}","{5: 45, 4: 224, 3: 31}","{1: 293, 2: 7}","{1: 296, 2: 4}","{1: 282, 2: 18}","{1: 281, 2: 7, 0: 12}",0.04739751325852237,0.021621003864966994,0.055987995429054,0.05670005140162096,0.1143386003939727,0.05057145968121925,0.15601499640609343,0.1461242523491754,,,,
6470,1,max_steps,3,0,0,80.48943077869806,3000,,,0.20056847083856735,0.1,1.7372760772705078,15.347684860229492,-41.938262939453125,416.8413391113281,0.0,86.48943077869798,1736,-5.999999999999561,0.0,0.0,0.02682981025956602,"{1: 155, 0: 83, 2: 62}","{5: 14, 4: 31, 3: 251, 2: 4}",{1: 300},"{1: 292, 2: 7, 0: 1}",{1: 300},{1: 300},0.01505218785400517,0.02298874162973591,0.024241615973721597,0.032800620209525136,0.07055584364782741,0.05433276025374827,0.08081377495565778,0.07299705416702253,0.02834956152268064,0.03415510708608638,0.0444305847807475,0.040251466659424716
6480,1,max_steps,3,1,0,608.5968113057127,3000,1494.0,1494.0,0.1995678818737754,0.1,1.7411364316940308,15.301030158996582,-41.938262939453125,430.58270263671875,500.0,122.34964143097741,1978,-5.9979999999995615,-7.75483012527033,0.0,0.20286560376857088,"{6: 14, 5: 13, 4: 127, 3: 65, 2: 81}","{2: 135, 1: 19, 3: 58, 6: 49, 5: 22, 4: 17}","{1: 294, 2: 6}","{1: 250, 2: 38, 0: 12}","{1: 281, 2: 11, 0: 8}","{1: 283, 2: 7, 0: 10}",0.04076419384445678,0.029652904111304706,0.06099121686600216,0.08411979605608337,0.12790898075071072,0.06257873655432056,0.16320772676177528,0.14215970515602683,0.1301964949886445,0.07992450212939783,0.19224465076413577,0.10959751619055588
6490,1,max_steps,3,1,0,569.5253934492805,3000,2893.0,2893.0,0.19857228461217727,0.1,1.7449926137924194,15.330756187438965,-41.938262939453125,433.4951171875,500.0,75.52339344928012,1723,-5.9979999999995615,0.0,0.0,0.18984179781642682,"{2: 271, 3: 18, 6: 11}","{1: 19, 2: 37, 3: 233, 4: 11}",{1: 300},"{1: 282, 0: 18}",{1: 300},{1: 300},0.01929708324146417,0.01572222304038872,0.026968377998819744,0.02833634774584467,0.05243919026430289,0.05411661483222152,0.06909676944415348,0.07339267272323925,0.06301229334254298,0.023093400670628098,0.06247203832593878,0.05110990179799966
6500,1,max_steps,3,0,0,26.062241549237026,3000,,,0.1975816541513388,0.1,1.7487428188323975,15.345030784606934,-41.938262939453125,433.4951171875,0.0,32.0622415492371,924,-5.999999999999561,0.0,0.0,0.008687413849745675,"{5: 42, 6: 258}","{0: 34, 1: 17, 2: 15, 3: 234}",{1: 300},"{1: 278, 0: 22}",{1: 300},"{1: 297, 0: 1, 2: 2}",0.015311950412769032,0.023268934441177502,0.022855865792890163,0.025955421246442168,0.06297307311554387,0.058386046562512194,0.08506607988021403,0.0961335005113973,,,,
6510,1,crash,3,2,1,983.6419057158204,1986,388.5,388.5,0.19659596571305837,0.1,1.7560036182403564,15.444326400756836,-41.938262939453125,428.7529602050781,1000.0,84.91447252859835,1256,-3.9679999999997846,-17.30456681276335,-80.0,0.4952879686383788,"{2: 30, 3: 47, 6: 121}","{6: 15, 5: 18, 4: 15, 3: 30, 1: 39, 2: 73, 0: 8}",{1: 198},"{1: 141, 2: 24, 0: 33}",{1: 198},"{1: 193, 0: 5}",0.018981639983519556,0.040536209338665634,0.03242348270552711,0.04833584106696553,0.10630147172634669,0.10359135552898414,0.13590539497915347,0.1260177661558462,0.06286998603948463,0.12337193358751103,0.03133446335350705,0.06263283405588328
6520,1,crash,3,0,1,-57.28147705032208,1730,,,0.1956151946427468,0.1,1.7578974962234497,15.389738082885742,-40.873016357421875,422.3587951660156,0.0,47.65867480281758,883,-3.4599999999998405,-21.48015185313971,-80.0,-0.03311068037590872,"{2: 20, 3: 16, 4: 117, 5: 11, 6: 9}","{6: 15, 5: 63, 4: 16, 3: 70, 2: 9}","{1: 159, 0: 14}","{1: 143, 2: 30}","{1: 146, 0: 23, 2: 4}","{1: 138, 0: 15, 2: 20}",0.06464317239714348,0.032060199512399405,0.07853691533849087,0.09480291996600163,0.147899826594089,0.06145834328122507,0.19932415666544018,0.16092150704949093,,,,
6530,1,crash,3,1,1,494.2454668746865,2149,1888.0,1888.0,0.19463931640881085,0.1,1.761853575706482,15.387791633605957,-40.873016357421875,403.71588134765625,500.0,99.93243877548299,1320,-4.295999999999749,-21.39097190079743,-80.0,0.2299885839342422,"{0: 106, 1: 26, 2: 39, 3: 17, 6: 26}","{1: 20, 2: 78, 3: 84, 4: 32}","{1: 206, 0: 8}","{1: 185, 2: 10, 0: 19}","{1: 203, 0: 11}","{1: 201, 0: 10, 2: 3}",0.03828168111119423,0.028516561044781993,0.05774684321861798,0.058828754102005526,0.09289662972817259,0.061207916466081695,0.11580766048898222,0.14621191337422632,0.08715482889807483,0.09792579922985487,0.10075655871382384,0.13307786423504564
6540,1,max_steps,3,1,0,635.2942824032828,3000,440.0,440.0,0.1936683066020399,0.1,1.7760034799575806,15.455940246582031,-40.873016357421875,417.29608154296875,500.0,141.29228240327353,2074,-5.9979999999995615,0.0,0.0,0.21176476080109424,"{3: 169, 4: 106, 2: 25}","{6: 10, 5: 15, 4: 15, 3: 85, 0: 48, 1: 23, 2: 104}",{1: 300},"{1: 223, 2: 25, 0: 52}","{1: 294, 2: 6}","{1: 283, 0: 12, 2: 5}",0.02189745556005457,0.0408006710454401,0.029433048012191904,0.04523263464692814,0.07182296759445535,0.06257158226613695,0.09039258523290039,0.1329402648813757,0.11118257672878654,0.05501363382589469,0.11207246547667217,0.14709321468382133
6550,1,crash,3,0,1,-99.63661138757539,1293,,,0.19270214093499485,0.1,1.7881628274917603,15.596348762512207,-40.873016357421875,464.32122802734375,0.0,0.0,0,-2.585999999999937,-17.050611387575405,-80.0,-0.0770584774845904,{6: 129},"{3: 113, 4: 9, 2: 7}",{1: 129},"{1: 120, 0: 5, 2: 4}","{1: 122, 0: 7}","{1: 128, 0: 1}",0.04043526903009546,0.03249928282664071,0.03622872327260978,0.04618112662448142,0.12512836445077136,0.059185918009102126,0.13870638719900058,0.1295340939294967,,,,
6560,1,max_steps,3,0,0,114.01184226092649,3000,,,0.19174079524140106,0.1,1.7925090789794922,15.650689125061035,-40.873016357421875,465.7855529785156,0.0,120.01184226092667,1565,-5.999999999999561,0.0,0.0,0.038003947420308826,"{5: 175, 4: 49, 6: 76}","{5: 8, 4: 61, 3: 231}","{1: 298, 2: 2}","{1: 276, 2: 11, 0: 13}","{1: 275, 2: 18, 0: 7}","{1: 278, 2: 7, 0: 15}",0.032774715796805506,0.015823651543653554,0.04950590307219535,0.06011955262172547,0.12620002285949528,0.0577707709736032,0.17109975152203732,0.1451199924969921,,,,
6570,1,max_steps,3,1,0,622.3044858118965,3000,492.0,492.0,0.19078424547554382,0.1,1.795791745185852,15.64059829711914,-40.873016357421875,459.4814147949219,500.0,206.26940812209364,1703,-5.9979999999995615,-77.96692231020602,0.0,0.2074348286039655,"{2: 16, 3: 33, 6: 153, 5: 55, 4: 43}","{0: 31, 1: 11, 2: 6, 3: 217, 4: 35}","{1: 256, 2: 24, 0: 20}","{1: 263, 0: 25, 2: 12}","{1: 228, 2: 35, 0: 37}","{1: 216, 0: 41, 2: 43}",0.083909777507441,0.016907558253187883,0.11559707416536713,0.12411251978400349,0.16480518640723935,0.06140275568139556,0.22219070652336484,0.20087993083632755,0.01473235808701437,0.17390943367924344,0.03653672317572864,0.04873474652046423
6580,1,crash,3,1,1,515.1582540882014,2957,1829.0,1829.0,0.18983246771166667,0.1,1.80106520652771,15.648193359375,-40.873016357421875,464.02423095703125,500.0,111.9907145648614,1532,-5.911999999999571,-10.920460476664426,-80.0,0.17421652150429537,"{0: 151, 1: 10, 2: 17, 3: 4, 4: 27, 5: 84, 6: 2}","{5: 94, 6: 3, 4: 47, 3: 113, 1: 21, 2: 17}","{1: 294, 0: 1}","{1: 276, 2: 5, 0: 14}","{1: 288, 0: 7}","{1: 288, 0: 7}",0.017430217307338937,0.028967431740372043,0.028011340177759383,0.02673919715427854,0.12489845575572558,0.057600085447679666,0.16004106278295754,0.10763281022353521,0.09074962368663049,0.061296431810574065,0.06512322223074977,0.025860775763248554
6590,1,max_steps,3,2,0,1131.8226091000759,3000,1398.0,1398.0,0.18888543814337327,0.1,1.8095322847366333,15.714664459228516,-40.873016357421875,464.02423095703125,1000.0,137.81860910007526,1665,-5.995999999999562,0.0,0.0,0.3772742030333586,"{2: 80, 1: 52, 0: 105, 3: 8, 4: 34, 5: 21}","{2: 169, 1: 19, 3: 91, 6: 17, 5: 4}",{1: 300},"{1: 288, 0: 10, 2: 2}","{1: 283, 2: 10, 0: 7}","{1: 288, 0: 6, 2: 6}",0.04199259895354848,0.011673722766732564,0.04993741395619718,0.06150457772620944,0.11958897661804198,0.05606550853247472,0.15017481253695195,0.14609941884703953,0.13413737200796338,0.006460899743768233,0.11964656822541236,0.07129651010891822
6600,1,max_steps,3,1,0,564.2925218350576,3000,1299.0,1299.0,0.1879431330830317,0.1,1.8150023221969604,15.735873222351074,-40.873016357421875,469.6586608886719,500.0,70.29052183505135,1636,-5.9979999999995615,0.0,0.0,0.18809750727835256,"{2: 127, 3: 2, 4: 81, 5: 90}","{1: 33, 2: 28, 3: 239}",{1: 300},"{1: 285, 0: 13, 2: 2}",{1: 300},"{1: 297, 0: 3}",0.019074154845186205,0.02055530596375208,0.02869607887436372,0.04093489468758797,0.060127187856821925,0.051041487444052965,0.08826851999777782,0.11190783966109853,0.07367387008338731,0.04823195327314522,0.06652000185712785,0.06382444993856631
6610,1,max_steps,3,1,0,582.7855773544646,3000,654.0,654.0,0.1870055289611821,0.1,1.820685863494873,15.789544105529785,-40.873016357421875,469.6089782714844,500.0,112.61047545663709,1765,-5.9979999999995615,-23.826898102183677,0.0,0.19426185911815488,"{2: 63, 3: 2, 4: 11, 5: 83, 6: 141}","{1: 6, 2: 17, 3: 121, 6: 40, 5: 100, 4: 16}","{1: 294, 2: 6}","{1: 269, 0: 8, 2: 23}","{1: 286, 2: 10, 0: 4}","{1: 277, 2: 5, 0: 18}",0.042347372565751995,0.01934776790025666,0.04505216852842882,0.03661244329725987,0.07995943240629186,0.060341756678789514,0.11558156156618643,0.14409811663146177,0.057431442643702445,0.05257971290978471,0.09477200202166007,0.04544719164989181
6620,1,max_steps,3,2,0,1198.6321592191316,3000,1127.5,1127.5,0.18607260232594713,0.1,1.8280178308486938,15.817276000976562,-40.873016357421875,411.9826965332031,1000.0,204.62815921913977,2267,-5.995999999999562,0.0,0.0,0.39954405307304386,"{0: 60, 1: 12, 2: 64, 3: 15, 4: 74, 6: 75}","{6: 16, 5: 19, 4: 28, 3: 174, 0: 39, 1: 9, 2: 15}","{1: 296, 0: 4}","{1: 251, 2: 13, 0: 36}","{1: 280, 0: 14, 2: 6}","{1: 277, 2: 8, 0: 15}",0.03564325944527427,0.028906607777166957,0.052612025891865546,0.056686569793213,0.12218132776602092,0.06243420517762075,0.16592140248313325,0.14885976224434794,0.10598226986091654,0.06463313043857866,0.19379041551558454,0.10565102912915043
6630,1,max_steps,3,2,0,1173.407112569444,3000,1457.5,1457.5,0.18514432984244536,0.1,1.8372527360916138,15.875636100769043,-40.873016357421875,422.846923828125,1000.0,179.4031125694314,1715,-5.995999999999562,0.0,0.0,0.3911357041898147,"{4: 38, 3: 7, 1: 50, 0: 81, 2: 124}","{1: 4, 2: 67, 3: 220, 5: 9}","{1: 292, 0: 8}","{1: 288, 0: 12}","{1: 283, 0: 17}","{1: 281, 2: 9, 0: 10}",0.05611266207639455,0.011024157817708984,0.0605393895865601,0.05703822357592545,0.1350614328931274,0.04712043871236705,0.14027473004475935,0.14558887658724967,0.11713398927370967,0.053540036277119486,0.06932840613105977,0.1265895963310424
6640,1,max_steps,3,0,0,104.52230641564086,3000,,,0.18422068829220756,0.1,1.8457963466644287,15.935062408447266,-40.873016357421875,413.50677490234375,0.0,110.52230641564107,1492,-5.999999999999561,0.0,0.0,0.03484076880521362,"{6: 158, 5: 83, 4: 59}","{5: 148, 6: 25, 4: 39, 3: 88}","{1: 286, 0: 14}","{1: 295, 0: 3, 2: 2}","{1: 262, 0: 24, 2: 14}","{1: 259, 2: 24, 0: 17}",0.046106524504605936,0.018165458759712427,0.05914714954065531,0.10983541043843985,0.130197730006139,0.03988738381760673,0.18755483781384671,0.15280154324289552,,,,
6650,1,crash,3,0,1,-90.37759136330945,1382,,,0.18330165457259603,0.1,1.8511017560958862,15.951424598693848,-40.873016357421875,422.822021484375,0.0,4.377552790828561,237,-2.763999999999917,-11.991144154138048,-80.0,-0.06539623108777819,{6: 138},"{2: 2, 3: 123, 4: 13}",{1: 138},"{1: 134, 0: 3, 2: 1}","{1: 133, 0: 5}","{1: 126, 0: 11, 2: 1}",0.05015975208850726,0.023460072312722284,0.06760603572506735,0.07024295316266228,0.12464770257289269,0.05296023714040712,0.15446182382179802,0.14406255541327526,,,,
6660,1,max_steps,3,2,0,1144.4718189021794,3000,752.5,752.5,0.18238720569622668,0.1,1.860642671585083,16.021867752075195,-40.873016357421875,438.997314453125,1000.0,167.70796979427834,1991,-5.995999999999562,-17.240150892078862,0.0,0.38149060630072645,"{6: 42, 5: 10, 4: 48, 3: 30, 2: 20, 0: 150}","{4: 71, 3: 162, 0: 6, 1: 32, 2: 29}","{1: 286, 2: 8, 0: 6}","{1: 288, 0: 12}","{1: 274, 2: 13, 0: 13}","{1: 246, 2: 12, 0: 42}",0.05806839650456812,0.015150738899240535,0.0749735749938682,0.11138533962756765,0.13192236771074536,0.04616924429019918,0.17388087342142844,0.16023355384568766,0.14125502104007776,0.01723642712376178,0.18944479827150557,0.16580987836705754
6670,1,max_steps,3,0,0,195.49194104412067,3000,,,0.18147731879039405,0.1,1.86712646484375,16.0850887298584,-40.873016357421875,444.5279541015625,0.0,201.4919410441208,1331,-5.999999999999561,0.0,0.0,0.06516398034804022,"{6: 269, 5: 31}","{5: 23, 4: 110, 3: 154, 2: 13}","{1: 248, 0: 48, 2: 4}","{1: 299, 2: 1}","{1: 201, 0: 62, 2: 37}","{1: 168, 0: 64, 2: 68}",0.12099670588750232,0.014818676522765788,0.14515413535351,0.1395420167228924,0.16364731909100932,0.03276408781078504,0.23659893463233214,0.32846264776428435,,,,
6680,1,max_steps,3,0,0,53.64557035068362,3000,,,0.18057197109649922,0.1,1.8726658821105957,16.12546730041504,-40.873016357421875,446.3009338378906,0.0,74.9694831688979,1338,-5.999999999999561,-15.323912818214016,0.0,0.017881856783561207,{6: 300},"{0: 18, 1: 99, 2: 172, 3: 11}","{1: 288, 0: 12}","{1: 257, 0: 32, 2: 11}","{1: 284, 0: 12, 2: 4}","{1: 274, 0: 12, 2: 14}",0.03544912555052511,0.029862798140798234,0.044650215061732376,0.059880751935491985,0.10516784838883235,0.06169920689948148,0.13943315041796403,0.1459549949268245,,,,
6690,1,crash,3,0,1,-109.85922080888318,1185,,,0.17967113996948067,0.1,1.8773466348648071,16.130966186523438,-40.873016357421875,446.3009338378906,0.0,6.179704219513773,253,-2.3699999999999606,-33.668925028396934,-80.0,-0.09270820321424741,{6: 118},"{5: 15, 4: 24, 3: 40, 2: 39}","{1: 114, 0: 4}","{1: 99, 2: 14, 0: 5}","{1: 103, 0: 15}","{1: 102, 0: 12, 2: 4}",0.059683166573876095,0.04795559902218075,0.0790320622441345,0.11585335542286664,0.14018991685899537,0.06154839290177003,0.1863697264456457,0.15161278890398697,,,,
6700,1,max_steps,3,1,0,577.8062870943229,3000,943.0,943.0,0.17877480287724762,0.1,1.884796142578125,16.17329216003418,-40.873016357421875,450.0504150390625,500.0,121.74949801031133,1432,-5.9979999999995615,-37.94521091599955,0.0,0.19260209569810763,"{5: 37, 4: 56, 3: 1, 0: 206}","{1: 7, 2: 49, 3: 38, 5: 20, 4: 148, 6: 38}","{1: 290, 0: 10}","{1: 269, 0: 30, 2: 1}","{1: 281, 2: 7, 0: 12}","{1: 272, 0: 13, 2: 15}",0.03804621894689682,0.012016292185759208,0.04984859475090342,0.052103368815057935,0.11519846410646165,0.060616622660569525,0.14151542372279935,0.14965588513298203,0.1351734320627343,0.03517990272386355,0.16248812851433073,0.076629699666935
6710,1,max_steps,3,2,0,1161.0868203838122,3000,1155.0,1155.0,0.17788293740011682,0.1,1.8939498662948608,16.222394943237305,-40.873016357421875,444.6858215332031,1000.0,168.32295808993868,2145,-5.995999999999562,-1.2401377061167844,0.0,0.3870289401279374,"{0: 48, 1: 53, 2: 29, 3: 90, 4: 10, 6: 70}","{5: 2, 4: 60, 3: 140, 0: 84, 1: 9, 2: 5}",{1: 300},"{1: 239, 2: 8, 0: 53}","{1: 293, 0: 7}","{1: 292, 0: 6, 2: 2}",0.027918002307200013,0.03721131160200229,0.02974696272921081,0.04089231622456637,0.07983176142305988,0.06620456331820489,0.10190218395850037,0.1278902123051414,0.14891634209352664,0.17484666803677207,0.16105619579618208,0.13836205500412546
6720,1,max_steps,3,2,0,1205.3579604842364,3000,1118.5,1118.5,0.17699552123025133,0.1,1.9020153284072876,16.277238845825195,-40.873016357421875,430.6088562011719,1000.0,211.3539604842425,2683,-5.995999999999562,0.0,0.0,0.4017859868280788,"{2: 58, 3: 37, 4: 128, 6: 26, 5: 51}","{0: 19, 1: 58, 2: 43, 3: 86, 6: 60, 5: 17, 4: 17}","{1: 297, 2: 3}","{1: 222, 0: 32, 2: 46}","{1: 294, 2: 6}","{1: 295, 0: 4, 2: 1}",0.023094032893126955,0.05416420736906814,0.02992481463318393,0.03812465989782808,0.11607497697062873,0.06667729172717701,0.14697184947890085,0.13938061115558073,0.077872812229053,0.05719230084066939,0.12812486248860894,0.14334538223148618
6730,1,max_steps,3,0,0,76.360582233938,3000,,,0.1761125321711029,0.1,1.9065427780151367,16.32252311706543,-40.873016357421875,443.8499450683594,0.0,82.36058223393809,1274,-5.999999999999561,0.0,0.0,0.025453527411312668,"{5: 195, 6: 87, 4: 18}","{2: 159, 3: 123, 1: 18}","{1: 276, 2: 11, 0: 13}","{1: 290, 0: 9, 2: 1}","{1: 257, 2: 19, 0: 24}","{1: 226, 2: 42, 0: 32}",0.016744037007446463,0.015991131334306373,0.027486187583583097,0.039694254492088826,0.1266896540056888,0.05425019259357716,0.19960336004496523,0.22832549743082287,,,,
6740,1,max_steps,3,2,0,1153.089938648016,3000,747.5,747.5,0.17523394813685653,0.1,1.9180608987808228,16.40144157409668,-40.873016357421875,480.08990478515625,1000.0,159.08593864802896,2196,-5.995999999999562,0.0,0.0,0.384363312882672,"{4: 50, 3: 23, 6: 14, 5: 62, 1: 13, 2: 138}","{5: 11, 4: 17, 3: 142, 0: 19, 1: 17, 2: 94}",{1: 300},"{1: 271, 2: 9, 0: 20}","{1: 297, 2: 3}","{1: 291, 2: 3, 0: 6}",0.028955649843572406,0.021991232987982553,0.04309985146418498,0.06374841816561033,0.09337155386265579,0.05984379407208928,0.12743159237754864,0.1404390215397469,0.10127902516832336,0.12385998398806942,0.18044552555642082,0.12509967381363343
6750,1,max_steps,3,1,0,690.3585983634106,3000,2042.0,2042.0,0.1743597471518782,0.1,1.9288341999053955,16.492639541625977,-40.873016357421875,459.2989196777344,500.0,196.35659836340812,2019,-5.9979999999995615,0.0,0.0,0.23011953278780353,"{0: 17, 1: 104, 2: 82, 3: 1, 6: 96}","{3: 190, 2: 95, 1: 15}","{1: 281, 2: 19}","{1: 288, 0: 12}","{1: 262, 0: 7, 2: 31}","{1: 260, 0: 25, 2: 15}",0.04584975528952332,0.01460686566150645,0.06352083827025107,0.08809255115677597,0.13443000186144818,0.04573154652785669,0.19473198081694004,0.15355983134161527,0.0522904427855543,0.03925181509727799,0.09003925490049591,0.06477399559893353
6760,1,max_steps,3,1,0,661.8740415089445,3000,175.0,175.0,0.17348990735016528,0.1,1.936421513557434,16.576168060302734,-40.873016357421875,444.7489318847656,500.0,167.87204150893052,1488,-5.9979999999995615,0.0,0.0,0.2206246805029815,"{3: 17, 5: 88, 6: 182, 4: 13}","{5: 10, 4: 32, 3: 235, 2: 23}","{1: 269, 2: 24, 0: 7}","{1: 263, 2: 18, 0: 19}","{1: 241, 0: 22, 2: 37}","{1: 229, 2: 43, 0: 28}",0.05397192367688457,0.015563809451005588,0.08074079341354276,0.09409633801952794,0.15016392937089876,0.061154057727883404,0.22849663551826718,0.21582012973312306,0.008512391265770887,0.1741923705618828,0.015110651925907846,0.011521541135757981
6770,1,max_steps,3,0,0,137.51164107309904,3000,,,0.1726244069747993,0.1,1.9430478811264038,16.644304275512695,-39.53721237182617,441.5577392578125,0.0,143.51164107309927,1309,-5.999999999999561,0.0,0.0,0.04583721369103302,"{5: 123, 6: 126, 4: 51}","{3: 92, 4: 45, 2: 141, 1: 22}","{1: 279, 0: 14, 2: 7}","{1: 271, 0: 4, 2: 25}","{1: 259, 2: 21, 0: 20}","{1: 244, 0: 35, 2: 21}",0.05576651874878025,0.02960606804271339,0.07403601572894697,0.08291803722146188,0.14429291856268506,0.05962957678974654,0.1885681106374231,0.20273348775737332,,,,
6780,1,max_steps,3,1,0,592.8497345175178,3000,2865.0,2865.0,0.17176322437740213,0.1,1.9510834217071533,16.69845962524414,-39.53721237182617,482.3135681152344,500.0,130.54222359470327,1799,-5.9979999999995615,-31.69448907718692,0.0,0.19761657817250594,"{0: 127, 1: 54, 2: 104, 3: 1, 5: 14}","{6: 49, 5: 80, 4: 39, 3: 132}",{1: 300},"{1: 287, 2: 11, 0: 2}","{1: 292, 0: 8}","{1: 291, 0: 8, 2: 1}",0.026999262652166258,0.025704391231938253,0.03578135981130034,0.03969050865235903,0.10318157942002937,0.05720021961000648,0.12892122482753066,0.13602854720012217,0.10267921917004147,0.053801200570795245,0.029034815062173428,0.11503958177659183
6790,1,max_steps,3,2,0,1204.6701073625206,3000,785.0,785.0,0.17090633801759414,0.1,1.9650238752365112,16.82567024230957,-39.53721237182617,471.96148681640625,1000.0,210.66610736252798,2298,-5.995999999999562,0.0,0.0,0.4015567024541735,"{6: 27, 5: 11, 4: 53, 3: 15, 0: 39, 1: 16, 2: 139}","{5: 5, 4: 70, 3: 225}","{1: 290, 2: 3, 0: 7}","{1: 290, 2: 7, 0: 3}","{1: 274, 2: 16, 0: 10}","{1: 283, 2: 6, 0: 11}",0.031205224124312737,0.020716174493349337,0.045051196864372416,0.052282816622404804,0.13959043727978857,0.0539897934805468,0.17789381091795375,0.14462675510942274,0.1391013234425278,0.031544902324351747,0.12380498179476593,0.08895676881419659
6800,1,crash,3,0,1,-47.603883555416786,1432,,,0.1700537264624557,0.1,1.972775936126709,16.898696899414062,-38.31805419921875,480.28936767578125,0.0,57.12714109947518,966,-2.863999999999906,-21.86702465489193,-80.0,-0.03324293544372681,"{0: 109, 1: 13, 2: 11, 3: 10}","{1: 9, 2: 17, 3: 84, 4: 25, 5: 8}","{1: 124, 0: 19}","{1: 123, 0: 20}","{1: 124, 0: 19}","{1: 131, 2: 12}",0.010787979802645009,0.038996188949709375,0.021852888734380026,0.0274189402342429,0.1697248493511741,0.061483891095204274,0.20130347665618636,0.1312481170700512,,,,
6810,1,max_steps,3,0,0,95.15518912056383,3000,,,0.16920536838599093,0.1,1.9788075685501099,16.933704376220703,-38.31805419921875,485.02960205078125,0.0,101.15518912056386,1331,-5.999999999999561,0.0,0.0,0.03171839637352128,"{5: 91, 6: 201, 4: 8}","{3: 102, 4: 198}",{1: 300},"{1: 276, 0: 22, 2: 2}","{1: 289, 2: 6, 0: 5}","{1: 255, 2: 12, 0: 33}",0.05503550174657567,0.01575182457565405,0.0780047808530949,0.09882669353211213,0.11280088733765913,0.05403859499673011,0.1538493284557585,0.15620322514658316,,,,
6820,1,max_steps,3,0,0,115.91924976572474,3000,,,0.1683612425685944,0.1,1.982316017150879,16.967350006103516,-38.31805419921875,485.02960205078125,0.0,121.91924976572487,1423,-5.999999999999561,0.0,0.0,0.038639749921908245,"{4: 47, 5: 126, 6: 127}","{3: 208, 4: 75, 2: 17}","{1: 289, 0: 7, 2: 4}","{1: 282, 0: 16, 2: 2}","{1: 252, 0: 17, 2: 31}","{1: 230, 0: 39, 2: 31}",0.05702498642597134,0.01872928378354258,0.07611837556174623,0.07940990576196583,0.1313657008389679,0.05367215320614321,0.20470510537790718,0.2502412774674822,,,,
6830,1,max_steps,3,0,0,205.28591230776897,3000,,,0.1675213278965202,0.1,1.9879207611083984,17.007585525512695,-38.31805419921875,474.20672607421875,0.0,211.28591230776945,1552,-5.999999999999561,0.0,0.0,0.06842863743592299,"{5: 122, 6: 132, 4: 46}","{2: 14, 3: 228, 4: 58}","{1: 259, 0: 20, 2: 21}","{1: 293, 0: 7}","{1: 221, 0: 39, 2: 40}","{1: 208, 0: 48, 2: 44}",0.09900655771818867,0.009087788942372076,0.13280248232074937,0.12213481083088809,0.15430005534210087,0.03767519169230033,0.21607910766370522,0.2274639570692586,,,,
6840,1,max_steps,3,1,0,642.045184905689,3000,2355.0,2355.0,0.166685603361354,0.1,1.994138479232788,17.016008377075195,-38.31805419921875,474.6985168457031,500.0,148.0431849056877,2203,-5.9979999999995615,0.0,0.0,0.21401506163522965,"{1: 104, 2: 123, 3: 8, 6: 48, 5: 13, 4: 4}","{0: 36, 1: 117, 2: 51, 3: 31, 4: 65}",{1: 300},"{1: 291, 0: 9}","{1: 294, 2: 6}","{1: 298, 0: 2}",0.02882328422303336,0.017697788850668028,0.04444943908469801,0.04414327652911738,0.07837659726210548,0.05199791964299175,0.10329768839547343,0.12373188728245178,0.07848890708750571,0.04179502201182324,0.09528614545082278,0.05259680715093408
6850,1,max_steps,3,2,0,1165.138294610742,3000,443.5,443.5,0.1658540480594875,0.1,1.9996483325958252,17.061723709106445,-38.31805419921875,473.8190002441406,1000.0,171.1342946107719,1919,-5.995999999999562,0.0,0.0,0.38837943153691395,"{2: 55, 3: 33, 5: 100, 6: 82, 4: 30}","{1: 8, 2: 16, 3: 132, 6: 21, 5: 6, 4: 117}",{1: 300},"{1: 253, 0: 17, 2: 30}","{1: 287, 0: 7, 2: 6}","{1: 293, 0: 3, 2: 4}",0.029403101702847247,0.020713630935157955,0.04285333010416543,0.05235484179147778,0.1105062144407806,0.06654981614051582,0.12389264283756858,0.13492476303572631,0.08616130048263981,0.2113975483865202,0.09706505901929317,0.0363043252731911
6860,1,max_steps,3,1,0,579.6683132900317,3000,1851.0,1851.0,0.16502664119159566,0.1,2.011718988418579,17.1517276763916,-38.31805419921875,480.033447265625,500.0,85.66631329002699,1252,-5.9979999999995615,0.0,0.0,0.19322277109667724,"{4: 249, 3: 4, 5: 47}","{4: 4, 3: 262, 2: 33, 1: 1}","{1: 295, 2: 5}","{1: 288, 0: 11, 2: 1}","{1: 290, 2: 10}","{1: 278, 0: 16, 2: 6}",0.01340125622642541,0.015202151774106732,0.01917004533259677,0.021431050873349212,0.08499297424240462,0.04998812021271639,0.12168614437941606,0.14204203295695167,0.0798612898564041,0.06040127255114478,0.16220529603263176,0.16659020340918043
6870,1,success,3,3,0,1637.1064273726709,1819,606.3333333333334,640.0,0.16420336206211625,0.1,2.0215566158294678,17.236764907836914,-38.31805419921875,476.9576416015625,1500.0,140.73842737267134,1565,-3.6319999999998216,0.0,0.0,0.9000035334649098,"{3: 37, 1: 44, 2: 15, 4: 85}","{1: 13, 2: 13, 3: 68, 4: 42, 6: 28, 5: 17}",{1: 181},"{1: 131, 0: 22, 2: 28}","{1: 173, 0: 8}","{1: 176, 0: 2, 2: 3}",0.03463740470642455,0.0506740009307276,0.05088009029294408,0.05337501857335297,0.11364848285855023,0.07058265903710813,0.14680883125552546,0.14147849568813786,0.12862834687378474,0.07002690307654476,0.07812961027999031,0.14747588463783304
6880,1,max_steps,3,0,0,74.41372621577541,3000,,,0.1633841900787324,0.1,2.0250117778778076,17.190217971801758,-38.31805419921875,472.6689758300781,0.0,143.8520144731808,1394,-5.999999999999561,-63.43828825740482,0.0,0.02480457540525847,"{4: 32, 5: 89, 6: 179}","{2: 68, 3: 232}","{1: 282, 0: 9, 2: 9}","{1: 270, 0: 15, 2: 15}","{1: 271, 0: 16, 2: 13}","{1: 232, 0: 43, 2: 25}",0.06256839611041061,0.013166885538829207,0.08652844842472202,0.10790083972169379,0.1379040196854112,0.05973014426144114,0.1772399795588955,0.19676179744188782,,,,
6890,1,max_steps,3,1,0,669.9676742086766,3000,194.0,194.0,0.16256910475185748,0.1,2.023834705352783,17.157560348510742,-38.31805419921875,468.40374755859375,500.0,175.96567420866393,1630,-5.9979999999995615,0.0,0.0,0.22332255806955886,"{3: 19, 6: 106, 5: 84, 4: 91}","{2: 134, 3: 163, 1: 3}","{1: 295, 2: 5}","{1: 279, 0: 20, 2: 1}","{1: 258, 2: 25, 0: 17}","{1: 258, 2: 7, 0: 35}",0.06309317932845668,0.023559961586653487,0.08639203807197085,0.08754398310693944,0.13586285580445884,0.05773588128869826,0.19168197050635835,0.15786560478589332,0.002468293981799278,0.07889825735647567,0.01643489996386791,0.0726081812390452
6900,1,max_steps,3,0,0,105.60641912797823,3000,,,0.16175808569412264,0.1,2.035155773162842,17.19375991821289,-38.31805419921875,457.0132751464844,0.0,111.6064191279783,1558,-5.999999999999561,0.0,0.0,0.03520213970932608,"{5: 80, 6: 71, 4: 146, 3: 3}","{5: 88, 4: 32, 3: 165, 2: 15}",{1: 300},"{1: 289, 2: 11}","{1: 291, 2: 9}","{1: 269, 0: 27, 2: 4}",0.04344284648974842,0.010941482923077533,0.06352557621801269,0.08230944376477849,0.09841484620445,0.0498195752606344,0.14377273623357292,0.1503026970604549,0.040339864690379035,0.0025579765060452756,0.1385649769561787,0.14143222721953133
6910,1,crash,3,0,1,-54.99818683113054,2706,,,0.16095111261986667,0.1,2.041640520095825,17.252025604248047,-38.31805419921875,469.6465148925781,0.0,41.64447761165582,909,-5.411999999999626,-11.230664442786248,-80.0,-0.02032453319701794,"{4: 19, 5: 13, 6: 238}","{3: 240, 2: 30}",{1: 270},"{1: 262, 0: 5, 2: 3}","{1: 260, 0: 10}","{1: 247, 0: 21, 2: 2}",0.04538868743956205,0.01913660233860822,0.06566220072674273,0.07297806530161036,0.10143356114515487,0.051564080565193855,0.1252303351151934,0.1482034132545709,,,,
6920,1,max_steps,3,2,0,1232.1471369686517,3000,683.5,683.5,0.16014816534462892,0.1,2.0541279315948486,17.326215744018555,-38.31805419921875,454.0758972167969,1000.0,238.14313696866768,1976,-5.995999999999562,0.0,0.0,0.4107157123228839,"{4: 35, 3: 29, 1: 15, 0: 47, 2: 10, 6: 150, 5: 14}","{1: 7, 2: 18, 3: 78, 6: 19, 5: 33, 4: 145}","{1: 269, 0: 24, 2: 7}","{1: 233, 0: 43, 2: 24}","{1: 250, 2: 17, 0: 33}","{1: 240, 0: 33, 2: 27}",0.06681155303581536,0.03311745753693947,0.0921776215755156,0.09033652091436564,0.15012488794874446,0.08117728204954906,0.19800210624025624,0.17400707353013417,0.08825261575640582,0.13192224293823065,0.18611480679289122,0.1427500747793016
6930,1,max_steps,3,0,0,110.2940330988951,3000,,,0.15934922378464417,0.1,2.0597617626190186,17.337677001953125,-38.31805419921875,452.04248046875,0.0,116.29403309889534,1242,-5.999999999999561,0.0,0.0,0.0367646776996317,"{5: 98, 6: 199, 4: 3}","{3: 242, 4: 58}","{1: 295, 2: 5}","{1: 296, 0: 4}","{1: 268, 0: 18, 2: 14}","{1: 256, 0: 36, 2: 8}",0.03633598765494898,0.008743388316196938,0.060378763790194016,0.07877915648657768,0.13764559963075984,0.041831833088605365,0.18057718244660276,0.15525309381405109,,,,
6940,1,crash,3,0,1,-37.75261351764587,1168,,,0.15855426795634042,0.1,2.067538022994995,17.366914749145508,-38.31805419921875,462.28375244140625,0.0,56.49250775488625,935,-2.3359999999999643,-11.909121272532104,-80.0,-0.03232244308017626,"{0: 77, 1: 11, 2: 10, 3: 11, 4: 7}","{5: 52, 4: 64}","{1: 89, 0: 27}","{1: 100, 0: 8, 2: 8}","{1: 92, 0: 24}","{1: 114, 0: 2}",0.02100360777649035,0.022179984763386416,0.02700598410149368,0.030664704995817138,0.1941554418029055,0.0629965927097953,0.22770735572709955,0.13305929765653612,,,,
6950,1,max_steps,3,2,0,1138.923705757183,3000,602.0,602.0,0.15776327797583906,0.1,2.0725388526916504,17.370113372802734,-38.31805419921875,469.4111328125,1000.0,144.9197057572088,1663,-5.995999999999562,0.0,0.0,0.3796412352523943,"{4: 44, 3: 16, 2: 139, 1: 66, 0: 35}","{2: 78, 3: 164, 1: 58}",{1: 300},"{1: 261, 0: 27, 2: 12}","{1: 291, 2: 3, 0: 6}","{1: 291, 2: 7, 0: 2}",0.04006514106154019,0.02622169164871055,0.047368342258509236,0.05145747255833624,0.11014403350448193,0.06178893082664764,0.13570091856443586,0.14082641747137234,0.13796320422613048,0.14287600927400995,0.1790848866658644,0.08232778661424939
6960,1,max_steps,3,2,0,1181.6268433421108,3000,259.0,259.0,0.1569762340584574,0.1,2.0829060077667236,17.45661163330078,-38.31805419921875,474.607177734375,1000.0,187.6228433421482,1672,-5.995999999999562,0.0,0.0,0.39387561444737024,"{3: 25, 2: 26, 6: 141, 5: 90, 4: 18}","{5: 15, 4: 78, 3: 173, 0: 8, 1: 19, 2: 7}",{1: 300},"{1: 262, 2: 13, 0: 25}","{1: 281, 2: 12, 0: 7}","{1: 263, 0: 33, 2: 4}",0.0387843792598616,0.018806226325220655,0.05838000320387337,0.06808598811563787,0.11833324414822807,0.06381893300765985,0.1625408021947226,0.16760637294346165,0.06736247849718585,0.16088704835091452,0.06231322361815586,0.09421826171207513
6970,1,max_steps,3,0,0,113.93208310703447,3000,,,0.15619311651821388,0.1,2.083479166030884,17.469770431518555,-38.31805419921875,472.7220153808594,0.0,119.93208310703467,1249,-5.999999999999561,0.0,0.0,0.037977361035678156,"{5: 188, 6: 47, 4: 65}","{3: 197, 4: 89, 5: 14}","{1: 299, 2: 1}","{1: 292, 0: 8}","{1: 278, 2: 19, 0: 3}","{1: 269, 2: 13, 0: 18}",0.036213665165778106,0.022984872992458237,0.05460025480042774,0.07184576795652045,0.11383368163219487,0.05409347299517158,0.1699839884571526,0.15029245081465625,,,,
6980,1,crash,3,1,1,465.88086716070427,1468,926.0,926.0,0.15541390576733574,0.1,2.0898056030273438,17.516569137573242,-38.31805419921875,458.9212951660156,500.0,85.5664775647359,562,-2.9339999999998985,-36.75161040403471,-80.0,0.31735753893780944,"{1: 34, 0: 42, 2: 16, 4: 11, 5: 10, 6: 33}","{5: 19, 4: 23, 3: 104}","{1: 127, 2: 3, 0: 16}","{1: 127, 2: 8, 0: 11}","{1: 124, 2: 8, 0: 14}","{1: 136, 2: 2, 0: 8}",0.11555195506126004,0.024260368106759057,0.12551635555556306,0.09312609248715106,0.15212540068421604,0.06123204684585318,0.1912078415412126,0.14569602070509635,0.14889438144836326,0.0324794496505693,0.19872776304484302,0.12663231266023553
6990,1,crash,3,0,1,-75.74973681272564,2111,,,0.15463858231576902,0.1,2.0943856239318848,17.5703125,-38.31805419921875,463.09619140625,0.0,23.055286627109695,411,-4.221999999999757,-14.583023439835253,-80.0,-0.03588334287670566,"{4: 80, 5: 50, 6: 81}","{3: 174, 2: 37}",{1: 211},"{1: 201, 2: 7, 0: 3}","{1: 199, 0: 12}","{1: 192, 2: 7, 0: 12}",0.04467029780383284,0.015183170502259436,0.0475500987650283,0.07178973277463196,0.11342886804090326,0.05597883356513921,0.14575460441548066,0.14929087756551745,,,,
7000,1,max_steps,3,1,0,634.0729599544637,3000,1415.0,1415.0,0.15386712677069095,0.1,2.1027097702026367,17.671037673950195,-38.31805419921875,477.873291015625,500.0,181.14659135302585,1872,-5.9979999999995615,-41.07563139856747,0.0,0.21135765331815456,"{0: 102, 1: 12, 2: 26, 3: 1, 6: 159}","{1: 17, 2: 21, 3: 103, 4: 95, 5: 46, 6: 18}","{1: 297, 2: 3}","{1: 271, 0: 17, 2: 12}","{1: 268, 0: 22, 2: 10}","{1: 268, 0: 19, 2: 13}",0.05716439322848292,0.029091820055042975,0.07648718555958904,0.08630003915435178,0.13402446376679805,0.05986499181414833,0.183990691177291,0.15029129430298913,0.13976930320286923,0.009272520329789175,0.18129751405235608,0.0861793686569934
7010,1,max_steps,3,1,0,636.7988483562488,3000,2410.0,2410.0,0.15309951983602518,0.1,2.112123727798462,17.734102249145508,-38.31805419921875,468.43182373046875,500.0,142.79684835624676,1517,-5.9979999999995615,0.0,0.0,0.21226628278541626,"{2: 39, 1: 79, 0: 120, 3: 2, 6: 60}","{2: 79, 3: 205, 4: 3, 1: 13}",{1: 300},"{1: 287, 0: 13}","{1: 290, 2: 4, 0: 6}","{1: 291, 0: 7, 2: 2}",0.057943020552312235,0.020130430219565724,0.059266276534663896,0.06455128120690357,0.11030814256063423,0.04880435673634264,0.14187097071365237,0.13958764365201945,0.09728840207589005,0.006186682847495795,0.09196851339010385,0.08500992669473652
7020,1,max_steps,3,1,0,729.6640690329166,3000,2203.0,2203.0,0.15233574231195876,0.1,2.126995325088501,17.848512649536133,-38.31805419921875,500.00250244140625,500.0,235.66206903291504,1701,-5.9979999999995615,0.0,0.0,0.24322135634430553,"{5: 64, 6: 67, 4: 88, 3: 1, 0: 65, 1: 14, 2: 1}","{4: 209, 5: 7, 3: 84}","{1: 261, 2: 28, 0: 11}","{1: 291, 2: 7, 0: 2}","{1: 239, 0: 25, 2: 36}","{1: 236, 0: 32, 2: 32}",0.08622176709495867,0.01622821530325433,0.1013157686056948,0.12580275494530552,0.15993265119635322,0.04624959666835886,0.204938364718279,0.16162697084118025,0.13026263518232628,0.010055291606846919,0.18780698224088987,0.12053276758188076
7030,1,crash,3,0,1,-50.485495088896755,1738,,,0.15157577509446213,0.1,2.1314573287963867,17.83428955078125,-38.31805419921875,500.531005859375,0.0,86.9675956321431,855,-3.4759999999998388,-53.9770907210398,-80.0,-0.02904804090270239,"{1: 19, 2: 58, 3: 15, 4: 58, 5: 23}","{3: 165, 2: 8}","{1: 167, 0: 6}","{1: 171, 0: 2}","{1: 163, 0: 10}","{1: 143, 2: 17, 0: 13}",0.07027236766524779,0.022144669655886674,0.11101642287005002,0.10366226297672439,0.13210527031865746,0.0418079143347002,0.17283546214244985,0.16203341528984358,0.15106608904908847,0.03207612987029888,0.17312324851042893,0.1469684247684283
7040,1,max_steps,3,1,0,473.97403006236095,3000,2136.0,2136.0,0.15081959917481136,0.1,2.13358998298645,17.809072494506836,-37.42464828491211,490.5523986816406,500.0,121.18155208863155,1759,-5.9979999999995615,-141.20952202627302,0.0,0.15799134335412032,"{2: 162, 1: 34, 3: 17, 6: 83, 5: 4}","{6: 28, 5: 18, 4: 16, 3: 165, 2: 12, 0: 54, 1: 7}",{1: 300},"{1: 237, 2: 26, 0: 37}","{1: 291, 2: 9}","{1: 281, 0: 5, 2: 14}",0.01823180286265428,0.021743793113576628,0.02304790923870812,0.030029333757536074,0.10192026297739015,0.06514565689421584,0.13731407135626633,0.141923883701035,0.06837696401639186,0.02469019578219584,0.098257114236467,0.14458352036032782
7050,1,max_steps,3,0,0,-5.813826732127788,3000,,,0.15006719563911244,0.1,2.1378374099731445,17.858802795410156,-37.42464828491211,473.9288024902344,0.0,26.870289055821488,1080,-5.999999999999561,-26.684115787949118,0.0,-0.001937942244042596,"{4: 118, 5: 29, 6: 153}","{3: 251, 2: 25, 4: 16, 5: 8}",{1: 300},"{1: 282, 2: 4, 0: 14}",{1: 300},{1: 300},0.030393075636216925,0.03166701599874494,0.03924474594659935,0.04469886728275562,0.08705512811786481,0.05783970793443419,0.11614293679903492,0.09495794855819997,0.04738438967747219,0.04718298261888355,0.12009847332358135,0.10240680744972279
7060,1,max_steps,3,1,0,621.4246572146407,3000,696.0,696.0,0.14931854566782843,0.1,2.1465110778808594,17.920442581176758,-37.42464828491211,473.9288024902344,500.0,161.81888809046328,1719,-5.9979999999995615,-34.39623087583383,0.0,0.20714155240488022,"{2: 65, 3: 5, 4: 80, 5: 50, 6: 100}","{0: 10, 1: 15, 2: 30, 3: 237, 4: 8}","{1: 287, 0: 13}","{1: 264, 0: 29, 2: 7}","{1: 254, 0: 27, 2: 19}","{1: 235, 0: 28, 2: 37}",0.037874303795799515,0.026889072081527556,0.06680141349876001,0.09520584691222447,0.13963630637052626,0.0611369148333357,0.1966677269919538,0.18561371351379485,0.14083646653528897,0.05178961314835495,0.16342156549694906,0.17409548070588093
7070,1,success,3,3,0,1584.6381865768674,1162,387.3333333333333,355.0,0.1485736305353086,0.1,2.169917345046997,18.07025718688965,-37.42464828491211,462.9410705566406,1500.0,86.95618657686656,1081,-2.3179999999999663,0.0,0.0,1.363716167449972,"{2: 44, 3: 31, 4: 41}","{0: 6, 1: 18, 2: 42, 3: 50}",{1: 116},"{1: 91, 0: 24, 2: 1}",{1: 116},{1: 116},0.037606100052258395,0.05105207806152673,0.05885254926986133,0.03679813725555084,0.09703125720420079,0.08269024726277799,0.115607513718962,0.08738788030831873,0.09342558324175905,0.0699957953529256,0.11425368140083224,0.10064766593375955
7080,1,max_steps,3,1,0,711.5663768798012,3000,716.0,716.0,0.14783243160932008,0.1,2.1795785427093506,18.116891860961914,-37.42464828491211,448.5487365722656,500.0,217.5643768797907,1812,-5.9979999999995615,0.0,0.0,0.23718879229326706,"{5: 93, 4: 59, 3: 1, 6: 147}","{1: 16, 2: 30, 3: 184, 6: 20, 5: 17, 4: 33}","{1: 269, 0: 21, 2: 10}","{1: 280, 0: 12, 2: 8}","{1: 228, 2: 37, 0: 35}","{1: 226, 2: 34, 0: 40}",0.0766265741505373,0.01932762010233712,0.10508206396650971,0.10693448034630074,0.1502052021423896,0.058063881950501696,0.20955888670159903,0.2277347046452533,0.14339492010835928,0.005218842085439667,0.1945984769303877,0.16642508984219972
7090,1,max_steps,3,0,0,146.70812706838842,3000,,,0.14709493035058183,0.1,2.192660093307495,18.217981338500977,-37.42464828491211,470.992919921875,0.0,152.7081270683888,1515,-5.999999999999561,0.0,0.0,0.04890270902279614,"{4: 141, 5: 124, 6: 35}","{5: 21, 4: 123, 3: 156}","{1: 285, 0: 1, 2: 14}","{1: 294, 2: 6}","{1: 266, 0: 11, 2: 23}","{1: 238, 2: 24, 0: 38}",0.056476208652016496,0.016467414644155104,0.0783712742776799,0.07693997306432446,0.13458688578348404,0.04285154006325318,0.19016992666696986,0.191785969849629,0.011903761532018749,0.03878196430948606,0.19380705958490363,0.1928505668206684
7100,2,max_steps,3,1,0,708.9777499752248,3500,2208.0,2208.0,0.39820319720119984,0.1,2.202756881713867,18.238147735595703,-51.822853088378906,470.1360168457031,500.0,215.97574997522045,2363,-6.997999999999451,0.0,0.0,0.2025650714214928,"{6: 24, 5: 61, 4: 92, 3: 43, 0: 62, 1: 28, 2: 40}","{0: 143, 1: 10, 2: 74, 3: 123}","{1: 331, 2: 11, 0: 8}","{1: 327, 2: 1, 0: 22}","{1: 324, 2: 11, 0: 15}","{1: 322, 0: 24, 2: 4}",0.04821071680505239,0.02502229268077901,0.0751616684295088,0.06774972742111444,0.13827943161735914,0.056241741218265896,0.1630303070787125,0.145519243311262,0.0745852606947481,0.02669582064333308,0.1241619376351344,0.06863554182741806
7110,2,max_steps,3,1,0,604.7617506507321,3500,3274.0,3274.0,0.3942390366722007,0.1,2.2068731784820557,18.244915008544922,-53.95297622680664,454.53564453125,500.0,111.75975065073172,2151,-6.997999999999451,0.0,0.0,0.1727890716144949,"{0: 56, 1: 37, 2: 190, 3: 44, 4: 23}","{3: 180, 2: 147, 4: 23}",{1: 350},{1: 350},"{1: 345, 0: 5}","{1: 336, 0: 10, 2: 4}",0.025293398191664235,0.01499334797264035,0.035337661748716706,0.04296833529634676,0.06996453441899109,0.040772224345094914,0.09068232696043456,0.13134623604290838,0.04925622741834363,0.03989288558665451,0.04451010790369773,0.05974726500494468
7120,2,max_steps,3,2,0,1083.3926023799609,3500,1453.0,1453.0,0.39031433983613545,0.1,2.208650827407837,18.243555068969727,-53.95297622680664,455.566162109375,1000.0,146.07035775260925,2459,-6.9959999999994515,-55.681755372646094,0.0,0.3095407435371317,"{5: 37, 4: 25, 3: 55, 2: 138, 1: 35, 0: 60}","{1: 7, 2: 108, 3: 150, 5: 38, 4: 45, 6: 2}","{1: 349, 2: 1}","{1: 312, 0: 9, 2: 29}",{1: 350},{1: 350},0.022875206265627463,0.027569059040327817,0.03216963671779831,0.02642626391395718,0.08601604609536083,0.06039347349034895,0.11281115212221801,0.07866307333718586,0.14746328685063412,0.11142332988716817,0.16541023754841286,0.03673330913278214
7130,2,crash,3,0,1,-319.06864379694724,1450,,,0.3864287138272136,0.1,2.2050552368164062,18.114469528198242,-55.4327278137207,445.1689453125,0.0,1.7208257883674971,118,-2.899999999999902,-17.88946958531474,-300.0,-0.22004734054961878,{6: 145},"{1: 1, 2: 68, 3: 76}",{1: 145},"{1: 141, 2: 4}",{1: 145},"{1: 140, 2: 5}",0.03917143903161937,0.012128569565721609,0.03568053169876025,0.03717130170870256,0.11570310975024994,0.046762243422121444,0.13537887702761708,0.10941884307105798,,,,
7140,2,max_steps,3,0,0,99.33235002425526,3500,,,0.3825817696906707,0.1,2.2050797939300537,18.110048294067383,-55.06465148925781,452.565673828125,0.0,106.33235002425538,1214,-6.999999999999451,0.0,0.0,0.028380671435501503,{6: 350},"{4: 158, 5: 35, 3: 157}","{1: 322, 2: 4, 0: 24}",{1: 350},"{1: 305, 2: 15, 0: 30}","{1: 282, 2: 32, 0: 36}",0.030731203065834937,0.013830422330645426,0.03954276441996302,0.04243251529946601,0.1392056239893293,0.03376445634112615,0.19189821885599184,0.2640990216304723,,,,
7150,2,crash,3,1,1,260.82412754990423,3158,1064.0,1064.0,0.37877312234383353,0.1,2.2102088928222656,18.175281524658203,-52.70286560058594,475.8974609375,500.0,83.88310674551691,1238,-6.313999999999527,-16.74497919562584,-300.0,0.08259155400566949,"{1: 72, 2: 17, 3: 17, 6: 209}","{1: 82, 0: 15, 2: 8, 3: 1, 6: 23, 5: 67, 4: 119}",{1: 315},"{1: 295, 2: 3, 0: 17}","{1: 310, 0: 5}","{1: 307, 0: 8}",0.03175604884874677,0.013244049505844062,0.04048108037872121,0.04761542997479256,0.07851951734221538,0.055245327490213186,0.09715158628779996,0.09399309738632682,0.013255503607409087,0.13342780214228186,0.0713151786360862,0.04043913625950467
7160,2,max_steps,3,1,0,579.8916915432908,3500,1219.0,1219.0,0.37500239053757295,0.1,2.2137341499328613,18.245180130004883,-52.70286560058594,475.8974609375,500.0,86.88969154328113,1590,-6.997999999999451,0.0,0.0,0.1656833404409402,"{2: 83, 1: 28, 3: 10, 6: 229}","{3: 185, 2: 125, 1: 40}",{1: 350},"{1: 328, 2: 2, 0: 20}","{1: 340, 0: 10}","{1: 349, 2: 1}",0.01785810365117038,0.02309432737937385,0.027270608604261802,0.03261564884083519,0.06086837526149945,0.05403913629885215,0.09092372820355286,0.09687377339316208,0.09316008670205099,0.12336484467401244,0.018825899270991583,0.12283010395642142
7170,2,max_steps,3,1,0,654.1158924281297,3500,507.0,507.0,0.37126919681814063,0.1,2.213303565979004,18.229907989501953,-52.70286560058594,457.2046813964844,500.0,161.11389242811373,1807,-6.997999999999451,0.0,0.0,0.18689025497946563,"{2: 16, 3: 34, 6: 152, 5: 117, 4: 31}","{4: 39, 3: 228, 2: 83}","{1: 331, 0: 19}","{1: 340, 2: 2, 0: 8}","{1: 313, 2: 14, 0: 23}","{1: 283, 0: 26, 2: 41}",0.059754794773297475,0.0217451920209824,0.08772848875056347,0.09670766481257176,0.13267140525929977,0.051384923465296495,0.18134528915623085,0.17718722622027752,0.09786228405212503,0.06073017814298599,0.07061491759128524,0.12103476255192377
7180,2,max_steps,3,0,0,52.06602110682811,3500,,,0.36757316748938534,0.1,2.216177463531494,18.21623420715332,-52.70286560058594,457.2046813964844,0.0,142.1917226737167,1833,-6.999999999999451,-83.12570156688855,0.0,0.014876006030522318,"{5: 92, 4: 147, 3: 27, 6: 84}","{6: 21, 5: 22, 4: 8, 3: 262, 2: 37}",{1: 350},"{1: 321, 2: 24, 0: 5}",{1: 350},"{1: 322, 0: 16, 2: 12}",0.048128427836965,0.019473640867545224,0.0661175762836804,0.07514180853056356,0.10457408306036826,0.05806966865404244,0.14069204031923846,0.14506078506564862,0.08512185262770958,0.12966787378161013,0.13021646129353376,0.10520232785533971
7190,2,crash,3,0,1,-276.5174449185259,3302,,,0.3639139325753462,0.1,2.2156195640563965,18.181669235229492,-63.704105377197266,435.845703125,0.0,47.820897203775,1281,-6.603999999999495,-17.734342122300692,-300.0,-0.08374241214976556,"{2: 236, 3: 36, 4: 38, 5: 8, 6: 12}","{3: 240, 4: 15, 2: 57, 1: 18}","{1: 314, 0: 16}","{1: 308, 0: 19, 2: 3}","{1: 314, 0: 16}","{1: 319, 0: 1, 2: 10}",0.020509249692396078,0.016019172949909812,0.028565177075566703,0.03031923284694476,0.10536471680475577,0.05783374090141715,0.13233945483766738,0.13261031336801693,0.09747706912487582,0.060803531825700904,0.1255452249061714,0.14709198607142382
7200,2,max_steps,3,1,0,631.124017766994,3500,2025.0,2025.0,0.3602911257832171,0.1,2.223661184310913,18.225906372070312,-63.704105377197266,443.8247985839844,500.0,138.32226140469845,2057,-6.997999999999451,-0.20024363771093742,0.0,0.18032114793342688,"{5: 90, 4: 78, 6: 33, 3: 1, 0: 141, 1: 7}","{5: 13, 4: 69, 3: 120, 1: 80, 0: 68}","{1: 339, 2: 11}","{1: 344, 2: 3, 0: 3}","{1: 331, 0: 6, 2: 13}","{1: 319, 2: 6, 0: 25}",0.031021259355636276,0.01871030680447766,0.050727696790293125,0.07849308491807605,0.11346516675342032,0.051900274960564735,0.14902016592783543,0.14847507224667844,0.15096495587640238,0.02678002379305612,0.051933366240591486,0.26238188899393494
7210,2,max_steps,3,2,0,1172.4227864956647,3500,1449.5,1449.5,0.3567043844666805,0.1,2.227658987045288,18.27767562866211,-63.704105377197266,450.1977233886719,1000.0,179.41878649566843,2668,-6.9959999999994515,0.0,0.0,0.3349779389987613,"{2: 207, 1: 68, 3: 65, 0: 10}","{6: 77, 5: 63, 4: 52, 3: 42, 0: 91, 1: 8, 2: 17}",{1: 350},"{1: 289, 2: 22, 0: 39}","{1: 349, 2: 1}","{1: 345, 0: 4, 2: 1}",0.028209779466946,0.035020946239099474,0.04065938778589395,0.0363249110110587,0.06962639538044163,0.0626892706162993,0.095017112853104,0.114787567545344,0.04788155975932837,0.04499312538394646,0.07053569267147844,0.05295351562568682
7220,2,max_steps,3,1,0,611.533800772829,3500,1878.0,1878.0,0.35315334958960676,0.1,2.229254722595215,18.25594139099121,-63.704105377197266,438.093505859375,500.0,118.53180077281903,1660,-6.997999999999451,0.0,0.0,0.17472394307795114,"{5: 150, 6: 112, 4: 70, 3: 18}","{1: 93, 0: 4, 2: 47, 3: 156, 4: 50}","{1: 337, 2: 9, 0: 4}","{1: 314, 0: 25, 2: 11}","{1: 334, 2: 7, 0: 9}","{1: 306, 0: 29, 2: 15}",0.04695474424931992,0.028499880000593718,0.06623718183919902,0.07321536436820505,0.11805507703354899,0.06011577093994202,0.15171804690268684,0.1558953061279988,0.10660164760148014,0.060478910135486695,0.13988209349538175,0.1314350144499736
7230,2,max_steps,3,2,0,1114.7452707529042,3500,900.0,900.0,0.34963766569011356,0.1,2.2311508655548096,18.24509620666504,-85.07965087890625,434.8617858886719,1000.0,128.8746392273896,2177,-6.9959999999994515,-7.133368474465206,0.0,0.31849864878654405,"{2: 98, 3: 52, 0: 9, 1: 20, 6: 171}","{4: 7, 3: 122, 2: 50, 6: 171}",{1: 350},"{1: 328, 0: 20, 2: 2}","{1: 336, 0: 14}","{1: 336, 0: 4, 2: 10}",0.027940460179755204,0.018308873177284368,0.045873790186083875,0.05975327200974823,0.08665678026523073,0.05259357133391113,0.10932760523015574,0.1352645612217999,0.065766405535505,0.03311515353145179,0.07299750630291675,0.14520805471945428
7240,2,max_steps,3,0,0,154.72601115727318,3500,,,0.3461569808449844,0.1,2.2366976737976074,18.30295181274414,-72.40543365478516,434.8617858886719,0.0,161.72601115727343,1700,-6.999999999999451,0.0,0.0,0.04420743175922091,"{0: 159, 1: 109, 2: 82}","{4: 97, 5: 19, 3: 234}",{1: 350},"{1: 336, 0: 11, 2: 3}","{1: 332, 0: 9, 2: 9}","{1: 326, 2: 14, 0: 10}",0.04872880004347378,0.02506527329443472,0.07290308816002924,0.08013462720539577,0.12232396375840847,0.055791430659025164,0.14889085587381445,0.14605815430525695,,,,
7250,2,crash,3,0,1,-288.0045974765177,2165,,,0.3427109466344407,0.1,2.2393603324890137,18.313636779785156,-59.96459197998047,435.10711669921875,0.0,36.48491396270986,870,-4.329999999999745,-20.15951143922752,-300.0,-0.13302752770277954,"{4: 44, 5: 17, 6: 155}","{4: 15, 3: 168, 2: 33}","{1: 202, 0: 14}","{1: 212, 2: 1, 0: 3}","{1: 202, 0: 14}","{1: 190, 0: 15, 2: 11}",0.02822454976138985,0.022741582661172266,0.04593346698638137,0.07106293679418538,0.12345823422290605,0.050294797632619764,0.15811696282184215,0.15550127961029284,0.0620281711957091,0.04826381609557495,0.1728069312090445,0.17834412204214983
7260,2,crash,3,0,1,-309.4308350288012,2036,,,0.3392992181072642,0.1,2.2402729988098145,18.321462631225586,-70.10132598876953,432.133056640625,0.0,15.863148636476748,424,-4.071999999999774,-21.22198366527797,-300.0,-0.15197978144833066,"{5: 54, 6: 149}","{0: 72, 1: 38, 2: 66, 3: 27}","{1: 198, 0: 5}","{1: 180, 0: 23}","{1: 187, 0: 16}","{1: 187, 2: 9, 0: 7}",0.034732384931096344,0.019625950488170067,0.04947353125219437,0.04841133825203424,0.11010727565021632,0.060381369076225294,0.1608910985137592,0.1450815021898607,,,,
7270,2,max_steps,3,0,0,49.45106987250127,3500,,,0.33592145374626764,0.1,2.2423999309539795,18.302398681640625,-70.10132598876953,432.133056640625,0.0,56.45106987250149,1490,-6.999999999999451,0.0,0.0,0.014128877106428935,{6: 350},"{4: 204, 5: 8, 3: 138}",{1: 350},{1: 350},"{1: 340, 0: 6, 2: 4}","{1: 322, 0: 16, 2: 12}",0.020619977526531174,0.01835389688781284,0.028755662099421393,0.04252466652336409,0.09278031649267174,0.03921993303842553,0.13354018007521753,0.14481231073551806,,,,
7280,2,crash,3,1,1,265.29911117610834,2334,868.0,868.0,0.332577315434108,0.1,2.250093460083008,18.35894775390625,-67.25808715820312,452.7657470703125,500.0,79.0597261293954,789,-4.665999999999708,-9.094614953296572,-300.0,0.1136671427489753,"{1: 46, 0: 26, 2: 14, 6: 147}","{3: 156, 2: 43, 1: 34}","{1: 229, 0: 4}","{1: 218, 0: 14, 2: 1}","{1: 214, 0: 19}","{1: 219, 0: 14}",0.0346183928972169,0.022303833294767723,0.04999508097635052,0.05808343183979538,0.13517031824531883,0.055635930299741246,0.16074748957227808,0.14386768742609446,0.13855495786318497,0.033621113846914095,0.11327734682887301,0.07443298691013718
7290,2,max_steps,3,1,0,648.3328173673515,3500,2151.0,2151.0,0.3292664684194411,0.1,2.2577967643737793,18.328563690185547,-59.96459197998047,432.69000244140625,500.0,155.33081736734474,2080,-6.997999999999451,0.0,0.0,0.18523794781924327,"{1: 33, 2: 127, 3: 55, 6: 61, 5: 58, 4: 16}","{4: 219, 3: 131}",{1: 350},"{1: 329, 2: 11, 0: 10}","{1: 329, 0: 10, 2: 11}","{1: 309, 0: 32, 2: 9}",0.03590132139563851,0.019438030451408767,0.05332088536915349,0.06832198887576468,0.11211890657015747,0.05713533785643588,0.16382425604617767,0.15492784058700998,0.041114261445618604,0.05714118648198677,0.07447190944388361,0.08294644616774599
7300,2,max_steps,3,3,0,1694.8450674449493,3500,709.3333333333334,428.0,0.3259885812834124,0.1,2.2677812576293945,18.373979568481445,-59.96459197998047,419.40936279296875,1500.0,201.83906744496085,2598,-6.993999999999452,0.0,0.0,0.4842414478414141,"{3: 127, 2: 18, 4: 67, 6: 104, 5: 34}","{1: 18, 2: 37, 3: 47, 6: 34, 5: 44, 4: 159, 0: 11}",{1: 350},"{1: 283, 0: 29, 2: 38}","{1: 345, 2: 5}","{1: 332, 0: 14, 2: 4}",0.048748446778892,0.032386449714193286,0.05583849236821028,0.056763098036021205,0.0871004329682183,0.06279439287809209,0.1203215635821567,0.12304833002733241,0.08115226728108935,0.06382345461335945,0.11774872889654307,0.08283186029470936
7310,2,max_steps,3,0,0,150.50968248347579,3500,,,0.3227433259064818,0.1,2.274930000305176,18.40914535522461,-59.96459197998047,451.6486511230469,0.0,157.5096824834762,1745,-6.999999999999451,0.0,0.0,0.043002766423850224,"{6: 111, 5: 202, 4: 37}","{5: 9, 4: 250, 3: 91}",{1: 350},"{1: 334, 2: 13, 0: 3}","{1: 329, 2: 12, 0: 9}","{1: 288, 2: 26, 0: 36}",0.04730726858356152,0.019598046832665427,0.06701129237504491,0.0844024705965141,0.11809341743776385,0.05447852419830114,0.1652735379156035,0.16628254809509332,,,,
7320,2,crash,3,1,1,233.39880321418855,1382,279.0,279.0,0.3195303774355785,0.1,2.2768754959106445,18.436840057373047,-59.96459197998047,437.9658508300781,500.0,47.15547048737849,601,-2.7619999999999174,-10.994667273196491,-300.0,0.1688848069567211,"{2: 26, 3: 1, 6: 111}","{3: 100, 0: 5, 1: 17, 2: 16}","{1: 134, 0: 4}","{1: 118, 0: 20}","{1: 112, 0: 26}","{1: 98, 0: 25, 2: 15}",0.05165177711059101,0.024267691088625164,0.0731731478067201,0.11600171080898572,0.14192749967232182,0.061069297668915425,0.19830298531630086,0.1667051495439742,0.14455566956289412,0.006647930262059034,0.1264953164519745,0.09992840875459083
7330,2,max_steps,3,1,0,643.2710465169396,3500,616.0,616.0,0.3163494142515829,0.1,2.2792510986328125,18.485986709594727,-75.8652114868164,428.2473449707031,500.0,150.37911895883607,1850,-6.997999999999451,-0.1100724419106894,0.0,0.18379172757626844,"{4: 40, 3: 28, 2: 15, 5: 60, 6: 207}","{6: 28, 5: 15, 4: 89, 3: 218}","{1: 341, 0: 8, 2: 1}","{1: 320, 2: 26, 0: 4}","{1: 331, 0: 13, 2: 6}","{1: 317, 0: 22, 2: 11}",0.043683540920348304,0.021561989429146597,0.06247366695376036,0.054801276742987806,0.13459724838160173,0.05890366094910591,0.15846334555051544,0.14779822210424004,0.07526929277754729,0.06254659976237198,0.07701759165406472,0.09923433091373483
7340,2,max_steps,3,0,0,73.51573659145951,3500,,,0.31320011793713237,0.1,2.282048463821411,18.500518798828125,-65.35503387451172,423.34576416015625,0.0,80.51573659145961,1588,-6.999999999999451,0.0,0.0,0.021004496168988432,"{0: 190, 1: 81, 2: 79}","{0: 219, 1: 6, 2: 23, 3: 102}",{1: 350},"{1: 313, 0: 36, 2: 1}","{1: 342, 2: 8}","{1: 328, 2: 10, 0: 12}",0.015865451312215468,0.011678662932696336,0.027023844236400987,0.033844529070358495,0.07390854389637441,0.06155320167732279,0.09565315252654263,0.13364520439792277,,,,
7350,2,max_steps,3,0,0,136.96455553127075,3500,,,0.31008217324474724,0.1,2.2816390991210938,18.48415756225586,-65.35503387451172,423.34576416015625,0.0,144.9679865690646,1762,-6.999999999999451,-1.003431037793706,0.0,0.03913273015179164,"{5: 24, 6: 326}","{0: 37, 1: 194, 2: 119}","{1: 347, 2: 3}","{1: 330, 0: 19, 2: 1}","{1: 335, 0: 5, 2: 10}","{1: 336, 0: 11, 2: 3}",0.046603250890526804,0.016654612555689,0.06741673112436708,0.06531897149456725,0.11874990113845917,0.05522866880885702,0.15353461376538569,0.12580905282921945,,,,
7360,2,crash,3,2,1,748.4980501582958,2545,536.0,536.0,0.3069952680652742,0.1,2.2872474193573,18.51026725769043,-60.54407501220703,422.07366943359375,1000.0,102.44168539170181,1123,-5.085999999999662,-48.85763523338394,-300.0,0.2941053242272282,"{4: 87, 5: 3, 3: 17, 0: 147}","{3: 94, 0: 14, 1: 9, 2: 26, 5: 32, 4: 79}",{1: 254},"{1: 205, 0: 21, 2: 28}","{1: 247, 2: 7}","{1: 244, 0: 4, 2: 6}",0.04049267582024012,0.02811521246440006,0.05157062335947313,0.06417636249873039,0.10961889119681059,0.06670500313822916,0.13556820319643464,0.1329004816986282,0.1294841927081748,0.028511046685050043,0.17026606302352865,0.14673530551951405
7370,2,max_steps,3,0,0,76.29788819481438,3500,,,0.30393909339664393,0.1,2.293037176132202,18.522342681884766,-60.54407501220703,426.4983825683594,0.0,90.1956743147786,1822,-6.999999999999451,-6.897786119964037,0.0,0.021799396627089823,"{4: 242, 5: 108}","{0: 10, 1: 16, 2: 33, 3: 291}",{1: 350},"{1: 329, 0: 21}",{1: 350},"{1: 343, 0: 4, 2: 3}",0.015495706252310927,0.021595681611189792,0.022640988854121337,0.02429826711171551,0.06867753353622116,0.057812679054420155,0.08844806834212188,0.11370410062746085,,,,
7380,2,crash,3,1,1,219.67412811007483,3451,1122.0,1122.0,0.3009133433129398,0.1,2.2969541549682617,18.561986923217773,-61.877479553222656,426.4983825683594,500.0,157.1061411078267,1881,-6.899999999999462,-130.53201299775995,-300.0,0.06365520953638795,"{4: 85, 3: 27, 1: 2, 0: 231}","{4: 120, 3: 173, 5: 37, 6: 14, 2: 1}","{1: 332, 2: 13}","{1: 324, 0: 2, 2: 19}","{1: 306, 2: 29, 0: 10}","{1: 301, 0: 23, 2: 21}",0.056552939075080376,0.02055614774389886,0.07077549436319307,0.07720216280559233,0.13303129781038303,0.05121470524288602,0.1862073633536814,0.1654094590611143,0.13665110032120187,0.04265692778635708,0.1778588889587007,0.1272817293675963
7390,2,max_steps,3,0,0,124.72150757981908,3500,,,0.29791771493377434,0.1,2.3049097061157227,18.613618850708008,-61.877479553222656,431.222900390625,0.0,131.72150757981913,1654,-6.999999999999451,0.0,0.0,0.03563471645137688,"{5: 68, 6: 270, 4: 12}","{2: 57, 3: 293}","{1: 347, 2: 3}","{1: 344, 0: 6}","{1: 347, 0: 3}","{1: 323, 0: 18, 2: 9}",0.03681275830180829,0.012494656871658984,0.05057142774743441,0.05089096530618592,0.11328112321681813,0.038472325530627495,0.14868843743357854,0.14007657085427638,,,,
7400,2,max_steps,3,0,0,153.65959511326994,3500,,,0.29495190839397056,0.1,2.3100719451904297,18.62189292907715,-65.62222290039062,419.75750732421875,0.0,160.6595951132699,1719,-6.999999999999451,0.0,0.0,0.04390274146093427,"{6: 107, 5: 163, 4: 72, 3: 8}","{4: 82, 3: 268}","{1: 342, 2: 8}","{1: 337, 2: 8, 0: 5}","{1: 340, 2: 10}","{1: 325, 0: 20, 2: 5}",0.049288957132662306,0.018464153978575606,0.048751768968628525,0.045401340847233275,0.12176380795337212,0.054447316343311986,0.15812542170003718,0.1373742210775272,0.07831753633412523,0.06502207251820866,0.15080404154899452,0.15293438915994076
7410,2,max_steps,3,1,0,565.749400778123,3500,1916.0,1916.0,0.2920156268135452,0.1,2.3115932941436768,18.627151489257812,-73.45114135742188,427.33355712890625,500.0,72.74740077811315,1581,-6.997999999999451,0.0,0.0,0.16164268593660658,"{4: 153, 3: 38, 1: 91, 2: 68}","{3: 102, 2: 71, 4: 18, 6: 137, 5: 22}",{1: 350},"{1: 319, 2: 3, 0: 28}",{1: 350},"{1: 344, 0: 6}",0.03598300712345186,0.02427930729112321,0.05347166067886981,0.06446813609015731,0.09037605390732316,0.059408614911714314,0.1198099329127462,0.13030872884200093,0.10122655502288687,0.030444103260027833,0.12301181472332823,0.14799373845788383
7420,2,max_steps,3,0,0,79.35609184667334,3500,,,0.289108576267991,0.1,2.3112385272979736,18.614490509033203,-69.28457641601562,439.3011779785156,0.0,86.35609184667352,1663,-6.999999999999451,0.0,0.0,0.022673169099049525,"{0: 14, 1: 231, 2: 105}","{3: 207, 2: 143}",{1: 350},"{1: 346, 0: 3, 2: 1}","{1: 343, 0: 7}","{1: 337, 0: 3, 2: 10}",0.023195057306886424,0.014425033966013287,0.03232487512268213,0.04056653419835224,0.06541658969302565,0.04586781398713389,0.09220714816905598,0.12524894441397305,,,,
7430,2,max_steps,3,0,0,128.72389746343137,3500,,,0.2862304657588541,0.1,2.314371347427368,18.638017654418945,-69.28457641601562,437.9471435546875,0.0,135.72389746343111,1996,-6.999999999999451,0.0,0.0,0.03677825641812325,"{0: 309, 1: 10, 2: 27, 3: 4}","{0: 140, 1: 122, 2: 21, 3: 67}","{1: 341, 0: 9}","{1: 341, 0: 9}","{1: 330, 0: 20}","{1: 340, 0: 4, 2: 6}",0.024042920727414763,0.016358045299121823,0.030632877687603366,0.03147849461635998,0.0921370979332308,0.053797903851813655,0.12909268152791825,0.13600095059799985,0.14139819884397772,0.029464932100425494,0.19790274972973282,0.07972301027256722
7440,2,crash,3,0,1,-332.5372584581666,2507,,,0.28338100718460507,0.1,2.315107583999634,18.648540496826172,-69.28457641601562,437.9471435546875,0.0,125.69948118838958,1427,-5.01399999999967,-153.2227396465564,-300.0,-0.13264350157884588,"{6: 125, 5: 52, 4: 73}","{6: 9, 5: 15, 4: 18, 3: 152, 2: 56}","{1: 240, 2: 8, 0: 2}","{1: 231, 2: 19}","{1: 223, 2: 18, 0: 9}","{1: 180, 2: 29, 0: 41}",0.051027811095870484,0.020727902917462557,0.07353877885170704,0.11146871490436847,0.13578383744064235,0.058881303026454244,0.18277483061633892,0.1838572794122942,0.06071805641027947,0.012667714394050174,0.1755380478703971,0.2033307268018406
7450,2,max_steps,3,1,0,697.7711586599925,3500,511.0,511.0,0.2805599153118001,0.1,2.3139891624450684,18.649776458740234,-69.28457641601562,432.05462646484375,500.0,221.12480365673267,2193,-6.997999999999451,-16.35564499675268,0.0,0.19936318818856927,"{6: 25, 5: 11, 4: 14, 3: 1, 0: 299}","{3: 331, 4: 11, 2: 8}","{1: 348, 2: 2}","{1: 338, 0: 8, 2: 4}","{1: 323, 2: 9, 0: 18}","{1: 314, 0: 27, 2: 9}",0.0498273917587418,0.01833933355259817,0.0706083240226946,0.07341016179610882,0.13693551817232652,0.05236164630604285,0.17247613732232664,0.15080395840284533,0.13371300381588425,0.01187297969162185,0.1074575909581555,0.014975495702983052
7460,2,crash,3,1,1,239.0125575306426,3160,2534.0,2534.0,0.2777669077465282,0.1,2.319725513458252,18.7169132232666,-65.68634033203125,454.36102294921875,500.0,164.61660704050706,1664,-6.317999999999526,-119.28604950986569,-300.0,0.07563688529450716,"{0: 228, 1: 11, 2: 14, 6: 63}","{0: 15, 1: 18, 2: 17, 3: 199, 4: 4, 6: 63}","{1: 296, 0: 20}","{1: 289, 0: 20, 2: 7}","{1: 258, 2: 15, 0: 43}","{1: 239, 2: 31, 0: 46}",0.04484428606582626,0.030160387293612027,0.06766351144952291,0.09559905583531889,0.1424183416266258,0.05915366672649402,0.19910397864603646,0.1940818222146677,0.17834431648818005,0.004640299505964397,0.23007461931794707,0.09520119588903515
7470,2,crash,3,1,1,210.52742489766138,1740,228.0,228.0,0.27500170490614373,0.1,2.320726156234741,18.732912063598633,-64.41303253173828,460.2536926269531,500.0,81.19359665742863,928,-3.4779999999998386,-67.18817175977331,-300.0,0.12099277292969045,"{3: 22, 5: 20, 6: 132}","{0: 7, 1: 8, 2: 32, 3: 100, 4: 27}","{1: 172, 0: 2}","{1: 130, 0: 41, 2: 3}","{1: 166, 0: 8}","{1: 144, 0: 11, 2: 19}",0.03714338641279901,0.02676445012324697,0.06280100821507349,0.07660488255033901,0.09772138277673396,0.12774771583848882,0.14678092421111413,0.16923369728067003,0.001402795163854831,0.1692410025938656,0.0015711088893291406,0.008575824988651611
7480,2,max_steps,3,0,0,89.71948414147442,3500,,,0.2722640299912797,0.1,2.33134388923645,18.84113311767578,-64.41303253173828,425.36737060546875,0.0,96.71948414147454,1765,-6.999999999999451,0.0,0.0,0.02563413832613555,"{0: 224, 1: 126}","{2: 24, 3: 312, 4: 14}",{1: 350},"{1: 345, 0: 5}","{1: 340, 2: 6, 0: 4}","{1: 332, 2: 12, 0: 6}",0.02256302392692042,0.021007133992974034,0.036321096064852884,0.04971927861536037,0.08735216005578322,0.0550108464144195,0.12194938404332238,0.14009510671988337,,,,
7490,2,crash,3,1,1,299.2313838361109,3420,1910.0,1910.0,0.26955360895813985,0.1,2.3351612091064453,18.880685806274414,-64.41303253173828,427.78558349609375,500.0,119.25989859369342,2112,-6.837999999999469,-13.190514757588788,-300.0,0.08749455667722542,"{0: 62, 1: 10, 2: 78, 3: 40, 4: 35, 5: 108, 6: 9}","{0: 9, 1: 17, 2: 42, 3: 122, 6: 152}","{1: 335, 0: 7}","{1: 329, 0: 9, 2: 4}","{1: 331, 0: 11}","{1: 331, 0: 8, 2: 3}",0.03175842957723084,0.024591518621696916,0.050385931731969896,0.057536610921510564,0.09282911988200203,0.05677114463374027,0.12213506977941026,0.13429210273991798,0.036684353087490025,0.03944945149149011,0.0818577539253094,0.08179330519115263
7500,2,crash,3,0,1,-318.2408338117827,2052,,,0.26687017049106687,0.1,2.3343427181243896,18.892240524291992,-61.877479553222656,440.772216796875,0.0,21.022752698966773,534,-4.10399999999977,-35.15958651074934,-300.0,-0.15508812563927032,"{4: 92, 5: 14, 6: 99}","{1: 7, 2: 57, 3: 141}",{1: 205},"{1: 198, 0: 5, 2: 2}","{1: 204, 0: 1}","{1: 186, 0: 19}",0.031209774216208894,0.019199689158055245,0.037314310368773335,0.05647590254978284,0.09235322531194903,0.05531731330543677,0.12966690209553505,0.144514142541657,,,,
7510,2,max_steps,3,3,0,1732.4448935465198,3500,883.0,577.0,0.26421344597538343,0.1,2.3395347595214844,18.943655014038086,-62.48363494873047,447.2893981933594,1500.0,265.0363172451925,2230,-6.993999999999452,-25.597423698647347,0.0,0.49498425529900564,"{2: 44, 3: 98, 6: 110, 5: 39, 4: 59}","{3: 83, 2: 51, 1: 8, 0: 9, 6: 47, 5: 34, 4: 118}",{1: 350},"{1: 242, 2: 67, 0: 41}","{1: 337, 2: 13}","{1: 312, 0: 26, 2: 12}",0.05137671791872768,0.03074143525140919,0.06087609460802286,0.08149377096384097,0.11938108907966158,0.11331273404180742,0.1524648655975408,0.15081811782505414,0.14176068436013456,0.15957781110654295,0.1365740909875405,0.1384162992002598
7520,2,max_steps,3,1,0,637.1321476543247,3500,1573.0,1573.0,0.2615831694705032,0.1,2.341252088546753,18.895288467407227,-62.48363494873047,435.79296875,500.0,144.1301476543188,2023,-6.997999999999451,0.0,0.0,0.1820377564726642,"{1: 85, 0: 26, 2: 31, 3: 15, 6: 17, 5: 62, 4: 114}","{3: 126, 2: 117, 1: 8, 4: 99}",{1: 350},"{1: 334, 2: 1, 0: 15}","{1: 334, 2: 9, 0: 7}","{1: 325, 0: 23, 2: 2}",0.038481003357067355,0.020688948726352803,0.047328399001535404,0.05902086399068464,0.08706518900964284,0.04894306863155088,0.13343466757830033,0.1424285370459506,0.06816602569029931,0.02829036693059969,0.08474031690775537,0.12807259826611214
7530,2,crash,3,0,1,-291.76653005312966,1652,,,0.2589790776833106,0.1,2.3402998447418213,18.8784122467041,-62.48363494873047,449.63336181640625,0.0,29.0356177659559,726,-3.3039999999998577,-17.498147819085542,-300.0,-0.17661412230818987,"{4: 24, 3: 61, 2: 48, 1: 18, 0: 14}","{1: 64, 2: 32, 3: 69}",{1: 165},"{1: 154, 0: 11}",{1: 165},"{1: 161, 2: 4}",0.05431719292359658,0.01670357765339341,0.07502929300853368,0.06926565886333694,0.09292595932207885,0.04656949676592913,0.11418173072355828,0.1234903974639127,0.06470305326380052,0.01620303795227434,0.16692099373219935,0.15049683161638805
7540,2,crash,3,1,1,259.29881698325835,1569,821.0,821.0,0.25640090994180426,0.1,2.3423609733581543,18.87761116027832,-62.48363494873047,431.64666748046875,500.0,76.58384160215846,793,-3.135999999999876,-14.149024618903807,-300.0,0.1652637456872265,"{1: 42, 2: 22, 3: 18, 4: 38, 5: 19, 6: 17}","{3: 78, 2: 54, 1: 12, 0: 12}",{1: 156},"{1: 102, 2: 17, 0: 37}","{1: 151, 0: 5}","{1: 142, 2: 11, 0: 3}",0.0476343789129059,0.045540244644339235,0.04421563562772604,0.05938818075147507,0.10695733411167915,0.1120696220741933,0.13932046356758868,0.14587578965907158,0.01552388591192774,0.0846457102352545,0.04679873264206081,0.03972591594342632
7550,2,crash,3,0,1,-283.9328746987395,2770,,,0.253848408169004,0.1,2.3472514152526855,18.927885055541992,-63.966163635253906,425.42047119140625,0.0,122.29091490030395,1799,-5.539999999999612,-100.68378959904345,-300.0,-0.10250284285153051,"{0: 103, 1: 88, 2: 73, 3: 13}","{6: 8, 5: 120, 4: 17, 3: 95, 2: 37}","{1: 268, 0: 9}","{1: 258, 2: 19}","{1: 258, 0: 11, 2: 8}","{1: 231, 0: 27, 2: 19}",0.03196189361327253,0.02113217219926,0.04583463982565746,0.06011630580600892,0.12024125104635744,0.05764998473797645,0.16672812492580236,0.15985304481496787,0.09424060944593234,0.02792745792183574,0.21735475442483657,0.22646703003536298
7560,2,max_steps,3,0,0,70.79819349642919,3500,,,0.2513213168571169,0.1,2.3524932861328125,18.926809310913086,-63.966163635253906,435.5048828125,0.0,77.7981934964293,1771,-6.999999999999451,0.0,0.0,0.020228055284694055,"{5: 34, 6: 316}","{1: 15, 2: 53, 3: 282}",{1: 350},"{1: 347, 0: 3}","{1: 344, 0: 6}","{1: 312, 0: 28, 2: 10}",0.029130397247160537,0.009645852468863812,0.03708679204427952,0.0471480951202632,0.08335545361361327,0.038480830672211204,0.11873077964262536,0.15039863643512186,,,,
7570,2,crash,3,1,1,254.51208821025364,1501,434.0,434.0,0.24881938304196047,0.1,2.357560873031616,18.961071014404297,-63.966163635253906,448.7941589355469,500.0,72.63739543415406,727,-2.999999999999891,-15.125307223906521,-300.0,0.169561684350602,"{1: 20, 2: 18, 3: 5, 6: 107}","{5: 19, 4: 19, 3: 54, 0: 22, 1: 6, 2: 30}",{1: 150},"{1: 118, 2: 3, 0: 29}","{1: 148, 0: 2}","{1: 143, 2: 7}",0.05124475937106451,0.03153715658738692,0.05887450200002257,0.051125041712583766,0.11923762478960624,0.11773012020205592,0.14818254242592918,0.12621891622948606,0.09660305717265212,0.06357152435438589,0.02586613427721266,0.12443101846227944
7580,2,crash,3,1,1,199.55186193897362,1281,475.0,475.0,0.2463423562776412,0.1,2.3585569858551025,18.97219467163086,-74.76321411132812,440.144775390625,500.0,13.31813710766371,468,-2.5599999999999397,-11.206275168697085,-300.0,0.15577819042855084,"{2: 36, 3: 11, 6: 81}","{3: 124, 2: 4}",{1: 128},"{1: 125, 0: 3}","{1: 121, 0: 7}","{1: 118, 0: 4, 2: 6}",0.056095319773148807,0.025969813040916608,0.061686741814266505,0.04763397815098836,0.11256409709198813,0.049192485448406716,0.13976786061658805,0.1411659007726035,0.07418147823113028,0.040967179736580116,0.08859336496524897,0.07178002990821536
7590,2,max_steps,3,1,0,692.2492101524612,3500,2477.0,2477.0,0.2438899886114844,0.1,2.3612942695617676,18.98414421081543,-74.76321411132812,440.144775390625,500.0,199.24721015246072,2818,-6.997999999999451,0.0,0.0,0.1977854886149889,"{1: 78, 2: 96, 3: 19, 4: 54, 6: 99, 5: 4}","{6: 170, 5: 12, 4: 7, 3: 60, 0: 13, 1: 19, 2: 69}","{1: 339, 2: 11}","{1: 306, 0: 24, 2: 20}","{1: 337, 2: 13}","{1: 332, 0: 13, 2: 5}",0.03083938628098455,0.01260848328829246,0.03958644237801456,0.052513268207908415,0.11459197627982119,0.0660986258428145,0.14557710699698434,0.12588490664351984,0.1306180985118051,0.14019159009076027,0.08083390292621855,0.11375379641466869
7600,2,crash,3,0,1,-305.8686549270621,948,,,0.2414620345592139,0.1,2.3572192192077637,18.932104110717773,-74.76321411132812,440.144775390625,0.0,17.553293249801367,686,-1.8960000000000015,-21.525948176863427,-300.0,-0.3226462604715845,{6: 94},"{6: 8, 5: 7, 4: 37, 3: 36, 2: 6}",{1: 94},"{1: 56, 2: 38}",{1: 94},{1: 94},0.008549598518802597,0.05540378270593732,0.01047118881450676,0.0125601738450937,0.019750530972739,0.1084580753987804,0.023719553634752324,0.0262000325244511,,,,
7610,2,max_steps,3,1,0,681.8265039928777,3500,2183.0,2183.0,0.23905825108037898,0.1,2.3629887104034424,18.983200073242188,-74.76321411132812,456.5555419921875,500.0,204.0678356850546,2411,-6.997999999999451,-15.24333169217972,0.0,0.19480757256939366,"{0: 18, 1: 94, 2: 104, 3: 2, 6: 94, 5: 26, 4: 12}","{0: 34, 1: 28, 2: 41, 3: 168, 6: 33, 5: 5, 4: 41}","{1: 337, 0: 13}","{1: 303, 0: 12, 2: 35}","{1: 335, 0: 15}","{1: 339, 0: 3, 2: 8}",0.03891957310168203,0.027244957555360712,0.049829198511925105,0.06286642327293462,0.08898391650317274,0.06448868950160837,0.11376260526297255,0.13811583004421352,0.1847052537306728,0.004435316471386204,0.17643359714196158,0.20722238089689451
7620,2,crash,3,0,1,-151.85110121071256,2823,,,0.23667839755402567,0.1,2.3650527000427246,19.0208740234375,-74.76321411132812,443.32330322265625,0.0,200.89367369878624,1778,-5.6459999999996,-47.098774909499085,-300.0,-0.05379068409872921,"{6: 150, 5: 93, 4: 39}","{6: 11, 5: 7, 4: 13, 3: 237, 2: 14}","{1: 243, 0: 20, 2: 19}","{1: 258, 2: 22, 0: 2}","{1: 214, 0: 38, 2: 30}","{1: 201, 0: 54, 2: 27}",0.08136062042577732,0.023433254598129803,0.09787119738766648,0.13262944992775214,0.15474263249990386,0.05859644768396837,0.216809095033452,0.22485043948235328,,,,
7630,2,max_steps,3,0,0,174.0161143917884,3500,,,0.2343222357546105,0.1,2.3658461570739746,19.052112579345703,-74.76321411132812,431.7716064453125,0.0,181.0161143917888,1954,-6.999999999999451,0.0,0.0,0.04971888982622526,"{6: 107, 5: 173, 4: 70}","{1: 2, 2: 84, 3: 264}","{1: 332, 2: 7, 0: 11}","{1: 323, 0: 26, 2: 1}","{1: 296, 2: 30, 0: 24}","{1: 276, 2: 30, 0: 44}",0.051832243933101575,0.02172318571768805,0.06959709616828087,0.08709919873431873,0.13572401446181948,0.057881936134996516,0.20186220091056015,0.18599179879051142,,,,
7640,2,max_steps,3,0,0,188.2040456854102,3500,,,0.23198952982815374,0.1,2.3720648288726807,19.121095657348633,-72.15054321289062,445.8117370605469,0.0,195.2040456854104,1897,-6.999999999999451,0.0,0.0,0.05377258448154577,"{5: 57, 6: 290, 4: 3}","{4: 32, 3: 220, 2: 98}","{1: 325, 0: 14, 2: 11}","{1: 342, 2: 4, 0: 4}","{1: 299, 0: 26, 2: 25}","{1: 263, 0: 48, 2: 39}",0.06271720208931289,0.013758224283958715,0.09045313029862964,0.1082284295048504,0.14381318364438198,0.05329772390849704,0.19276902889118638,0.17342122003514168,,,,
7650,2,crash,3,1,1,209.30281633858107,1683,298.0,298.0,0.22968004626863028,0.1,2.373321294784546,19.129619598388672,-72.39460754394531,439.0645751953125,500.0,26.443424692667808,563,-3.363999999999851,-13.776608354096021,-300.0,0.12436293305916879,"{2: 28, 3: 1, 6: 139}","{4: 1, 3: 97, 2: 64, 1: 6}",{1: 168},"{1: 155, 2: 8, 0: 5}","{1: 162, 0: 6}","{1: 164, 0: 1, 2: 3}",0.04890922118412036,0.03082990620035041,0.057231378825204446,0.04434690862628299,0.1027782549500683,0.05882869576950151,0.12309172666049628,0.14509823244950265,0.0922044263887984,0.05685428756996817,0.1244044938718177,0.06510559669540779
7660,2,max_steps,3,1,0,654.8021772201776,3500,541.0,541.0,0.2273935538945955,0.1,2.3781471252441406,19.116867065429688,-85.95724487304688,425.5612487792969,500.0,161.80017722016436,2160,-6.997999999999451,0.0,0.0,0.18708633634862215,"{2: 49, 3: 99, 5: 50, 6: 62, 4: 90}","{0: 9, 1: 7, 2: 21, 3: 156, 6: 35, 5: 38, 4: 84}",{1: 350},"{1: 294, 0: 29, 2: 27}","{1: 341, 2: 9}","{1: 320, 0: 21, 2: 9}",0.038766808767840326,0.03009365236635199,0.05867779642157356,0.07091771001095787,0.09012400577649265,0.06350315882523504,0.1243127099864494,0.14463837701084717,0.08233105684641912,0.06332840088139437,0.11735338809706242,0.14816837553146067
7670,2,max_steps,3,2,0,1133.4239916104823,3500,1625.0,1625.0,0.2251298238260437,0.1,2.383030652999878,19.129077911376953,-85.95724487304688,448.2931213378906,1000.0,140.41999161048227,2382,-6.9959999999994515,0.0,0.0,0.3238354261744235,"{4: 137, 3: 52, 2: 55, 1: 69, 0: 33, 5: 4}","{1: 5, 2: 40, 3: 45, 4: 37, 6: 197, 5: 26}",{1: 350},"{1: 292, 0: 26, 2: 32}","{1: 339, 0: 10, 2: 1}","{1: 344, 0: 5, 2: 1}",0.04325267913279695,0.03655405963574686,0.059622002191702196,0.05516153120827049,0.11725350020835518,0.06345427613521352,0.13907607596774818,0.1324107492788295,0.11385080022365682,0.08771151868477205,0.13442846427357488,0.14665980186761363
7680,2,crash,3,2,1,748.3325363130853,2664,447.5,447.5,0.22288862946149718,0.1,2.3896677494049072,19.172456741333008,-83.05679321289062,432.8096008300781,1000.0,111.79812432312787,1475,-5.323999999999636,-58.141588010022566,-300.0,0.2809056067241311,"{2: 73, 3: 12, 1: 4, 6: 177}","{5: 13, 4: 12, 3: 189, 2: 31, 0: 15, 1: 6}",{1: 266},"{1: 214, 2: 12, 0: 40}","{1: 240, 0: 18, 2: 8}","{1: 202, 2: 28, 0: 36}",0.034021129629580676,0.024700783340162978,0.04558091255334497,0.09363354866170344,0.12605025619667656,0.11134518607890904,0.17947779066673564,0.1874789371417248,0.11118895179852874,0.05379271458841966,0.19613630013032568,0.1413516693971208
7690,2,max_steps,3,0,0,191.46256608658166,3500,,,0.22066974645532295,0.1,2.3969273567199707,19.25638771057129,-78.35436248779297,442.98504638671875,0.0,198.46256608658166,1696,-6.999999999999451,0.0,0.0,0.054703590310451904,"{6: 151, 5: 95, 4: 104}","{1: 2, 2: 34, 3: 314}","{1: 310, 2: 32, 0: 8}","{1: 329, 0: 16, 2: 5}","{1: 269, 2: 41, 0: 40}","{1: 251, 2: 48, 0: 51}",0.06888875482383215,0.01349760136395269,0.09785719870313485,0.12000500092912572,0.15357068216345213,0.05045192780934009,0.21875467467859958,0.23490389150307533,,,,
7700,2,crash,3,0,1,-314.0451760970005,1074,,,0.21847295269527572,0.1,2.3969204425811768,19.270145416259766,-78.35436248779297,445.00946044921875,0.0,0.5451879675280324,73,-2.147999999999985,-12.442364064528517,-300.0,-0.29240705409404144,{6: 107},"{2: 30, 3: 77}",{1: 107},"{1: 98, 2: 9}","{1: 94, 0: 13}","{1: 96, 0: 11}",0.05694487684780008,0.022113892757365406,0.06622051707475514,0.06344120715688999,0.14020867686969227,0.05452371121133108,0.1913219226091528,0.15183365627852638,,,,
7710,2,max_steps,3,2,0,1147.56098908765,3500,1318.5,1318.5,0.21629802828026423,0.1,2.4029762744903564,19.309865951538086,-78.35436248779297,438.76617431640625,1000.0,155.55402014623286,1860,-6.9959999999994515,-0.997031058574912,0.0,0.3278745683107571,"{2: 20, 3: 17, 4: 98, 5: 140, 6: 75}","{3: 149, 2: 108, 0: 1, 1: 25, 4: 21, 6: 38, 5: 8}","{1: 340, 0: 8, 2: 2}","{1: 281, 0: 29, 2: 40}","{1: 331, 0: 13, 2: 6}","{1: 316, 0: 18, 2: 16}",0.04782608529641706,0.039503522012511706,0.06785057099224888,0.09017469194588186,0.1310037808834966,0.06339541589525878,0.1681615733205123,0.14897554130320176,0.14656605103736522,0.05894197492188391,0.19882201734534583,0.14301251176444046
7720,2,crash,3,1,1,209.39284068626313,2365,618.0,618.0,0.21414475549833892,0.1,2.407142400741577,19.35956382751465,-78.35436248779297,455.2792053222656,500.0,130.71093146576217,1390,-4.727999999999701,-116.59009077950276,-300.0,0.08853819902167574,"{1: 37, 2: 23, 3: 1, 6: 175}","{0: 11, 1: 35, 2: 45, 3: 94, 6: 34, 5: 5, 4: 12}","{1: 218, 0: 18}","{1: 130, 0: 39, 2: 67}","{1: 218, 0: 18}","{1: 207, 0: 17, 2: 12}",0.03260233509003142,0.05433528824837018,0.047980038153333196,0.050850519093804794,0.10947511417341335,0.16057075563723205,0.1407759487809427,0.1666922530039586,0.07593782576819917,0.10205063001580077,0.029984778193654173,0.1192505150360755
7730,2,crash,3,0,1,-393.15426112932147,2050,,,0.21201291880489878,0.1,2.411989688873291,19.364295959472656,-76.24252319335938,444.40106201171875,0.0,86.10299936280036,1341,-4.0999999999997705,-175.15726049212216,-300.0,-0.19178256640454705,"{0: 35, 1: 12, 2: 18, 3: 15, 4: 125}","{1: 5, 2: 50, 3: 133, 4: 16, 5: 1}","{1: 198, 0: 7}","{1: 160, 0: 43, 2: 2}","{1: 190, 0: 15}","{1: 198, 0: 2, 2: 5}",0.02642869450353104,0.03418896145088833,0.0446281855700827,0.04769997001184864,0.1307936409021152,0.08816791205991582,0.1661930530658573,0.13576248235876984,0.15718918536750923,0.10759930449818378,0.1597936141869007,0.17694207290513322
7740,2,crash,3,0,1,-277.2525738533009,1705,,,0.20990230480111507,0.1,2.415006399154663,19.38422393798828,-76.24252319335938,437.44635009765625,0.0,48.661455943101764,1352,-3.409999999999846,-22.504029796402683,-300.0,-0.1626114802658656,"{0: 62, 1: 108}","{5: 71, 4: 26, 3: 59, 2: 14}",{1: 170},"{1: 157, 2: 13}",{1: 170},"{1: 168, 2: 1, 0: 1}",0.020723326192155354,0.028813317149242908,0.031039792915078024,0.035051992954726954,0.04454507293383005,0.05705171541455463,0.06252625054627886,0.11315907871414473,,,,
7750,2,max_steps,3,0,0,135.96811466828936,3500,,,0.20781270221257003,0.1,2.4196889400482178,19.432775497436523,-76.24252319335938,474.148193359375,0.0,154.20294556984092,1513,-6.999999999999451,-11.234830901551028,0.0,0.03884803276236839,"{4: 143, 5: 105, 6: 102}","{1: 4, 2: 31, 3: 180, 4: 135}","{1: 335, 2: 15}","{1: 272, 0: 50, 2: 28}","{1: 323, 0: 11, 2: 16}","{1: 310, 0: 15, 2: 25}",0.04416981155931625,0.0384456517935776,0.05588022325808397,0.06911113271537972,0.13961359600174542,0.06446781325013896,0.17511128360353745,0.1509427621637857,0.029488327263670698,0.06423980084515844,0.06684513442381246,0.05985768754382019
7760,2,crash,3,1,1,216.79701985178906,1456,331.0,331.0,0.20574390186810795,0.1,2.426939010620117,19.46587562561035,-81.18489074707031,473.20538330078125,500.0,74.51226680936752,809,-2.909999999999901,-54.8052469575806,-300.0,0.14889905209600898,"{1: 14, 2: 14, 3: 5, 6: 112}","{3: 53, 2: 65, 0: 11, 1: 16}","{1: 125, 0: 20}","{1: 117, 0: 28}","{1: 110, 0: 35}","{1: 108, 0: 23, 2: 14}",0.07079314101764139,0.030018911749917113,0.10199761949117293,0.12682866340593496,0.15422094110707424,0.062473675775913916,0.21810080729558684,0.1735212975101651,0.15552686592463166,0.04906590953791987,0.12872424486358447,0.16203048065601772
7770,2,crash,3,1,1,236.8302461405646,1854,795.0,795.0,0.20369569667889714,0.1,2.428942918777466,19.449634552001953,-81.67839813232422,429.7217712402344,500.0,66.57068901052743,1021,-3.7059999999998134,-26.034442869967954,-300.0,0.1277401543368741,"{1: 23, 2: 49, 3: 7, 6: 106}","{4: 37, 5: 3, 3: 131, 2: 14}","{1: 180, 0: 5}","{1: 170, 2: 9, 0: 6}","{1: 167, 0: 18}","{1: 160, 0: 18, 2: 7}",0.04533363269412062,0.01851805970332697,0.06848800246839365,0.0835916818659708,0.11623682772604747,0.05947452930673188,0.17934702928233193,0.15671852622071444,0.08676907953210325,0.04430218155539532,0.12789221452583804,0.14426501058432653
7780,2,crash,3,1,1,295.871203018926,1332,1074.0,1074.0,0.20166788161769997,0.1,2.4294517040252686,19.465913772583008,-81.67839813232422,430.47100830078125,500.0,116.64461693377213,717,-2.6619999999999284,-18.111413914847418,-300.0,0.2221255277919865,"{0: 83, 1: 9, 2: 12, 3: 3, 4: 3, 5: 11, 6: 12}","{0: 3, 1: 16, 2: 22, 3: 66, 5: 11, 4: 15}","{1: 113, 0: 20}","{1: 116, 0: 17}","{1: 108, 2: 7, 0: 18}","{1: 118, 0: 6, 2: 9}",0.12946017651246058,0.035042624221401496,0.12696577043832266,0.07745668471731132,0.1643538493079088,0.060785185422733354,0.19642723659227998,0.15051301316470697,0.1421800485960577,0.029385835661719234,0.1189336872644628,0.05371387317470221
7790,2,max_steps,3,1,0,610.6979993396451,3500,167.0,167.0,0.19966025369834942,0.1,2.4319088459014893,19.50578498840332,-84.26605224609375,435.60406494140625,500.0,117.69599933963313,2049,-6.997999999999451,0.0,0.0,0.17448514266847004,"{4: 14, 3: 2, 1: 106, 0: 117, 2: 111}","{3: 194, 6: 31, 5: 74, 4: 51}",{1: 350},"{1: 339, 0: 6, 2: 5}","{1: 344, 0: 6}","{1: 349, 0: 1}",0.02542450324595099,0.019223650804122836,0.030789985345104905,0.03308226519504075,0.06703374344527249,0.049874343984762676,0.08030661837056505,0.07786674883875185,0.01696906400392475,0.06066235680495956,0.05749065888543046,0.07764561022260433
7800,2,max_steps,3,0,0,140.95936506142314,3500,,,0.1976726119554303,0.1,2.433612585067749,19.513696670532227,-84.26605224609375,433.89495849609375,0.0,147.95936506142294,1276,-6.999999999999451,0.0,0.0,0.04027410430326375,"{6: 276, 5: 49, 4: 25}","{1: 161, 0: 19, 2: 68, 3: 102}","{1: 331, 0: 9, 2: 10}","{1: 304, 0: 46}","{1: 338, 0: 4, 2: 8}","{1: 329, 2: 9, 0: 12}",0.04928738756049917,0.029374000101529373,0.057377150902116814,0.05472488546147424,0.13604105074577874,0.06260744920336737,0.1617477213497979,0.1416816191972499,,,,
7810,2,max_steps,3,1,0,763.5777507523812,3500,1232.0,1232.0,0.19570475742416202,0.1,2.440721035003662,19.583213806152344,-84.77584838867188,447.1703796386719,500.0,270.5757507523717,2234,-6.997999999999451,0.0,0.0,0.2181650716435375,"{0: 57, 1: 17, 2: 24, 3: 25, 6: 227}","{6: 8, 5: 88, 4: 9, 3: 180, 0: 50, 1: 7, 2: 8}","{1: 308, 2: 38, 0: 4}","{1: 273, 2: 27, 0: 50}","{1: 275, 0: 31, 2: 44}","{1: 272, 0: 47, 2: 31}",0.04724790015886384,0.021966722393427056,0.06610974009747533,0.10096101358180548,0.1581044949331833,0.11773276009523578,0.23477979267161805,0.23913598541936879,0.03198846751118781,0.12242410564624959,0.11061147441797418,0.14897018723334574
7820,2,max_steps,3,2,0,1166.137377310256,3500,432.0,432.0,0.1937564931204823,0.1,2.4476802349090576,19.587621688842773,-84.77584838867188,462.0970764160156,1000.0,173.13337731028696,2370,-6.9959999999994515,0.0,0.0,0.3331821078029303,"{4: 30, 3: 25, 2: 31, 0: 244, 1: 20}","{1: 28, 2: 185, 3: 66, 6: 30, 5: 9, 4: 10, 0: 22}",{1: 350},"{1: 287, 0: 33, 2: 30}","{1: 339, 2: 11}","{1: 331, 2: 7, 0: 12}",0.031457959190291485,0.020962668609753383,0.04442908811327467,0.05934723740834289,0.0910671877286704,0.0794666007832446,0.12457835823220481,0.1425959053860013,0.08148957984487744,0.060688382902182286,0.17647891813820243,0.1441619974211765
7830,2,max_steps,3,0,0,77.15723849831804,3500,,,0.1918276240213288,0.1,2.453904867172241,19.64395523071289,-84.77584838867188,479.9541931152344,0.0,84.15723849831816,2525,-6.999999999999451,0.0,0.0,0.022044925285233725,"{0: 169, 1: 162, 2: 19}","{5: 79, 4: 26, 3: 236, 2: 9}",{1: 350},"{1: 342, 2: 4, 0: 4}","{1: 346, 2: 4}","{1: 330, 0: 10, 2: 10}",0.01145817627093317,0.019264605186836512,0.017898903212281617,0.02347482349222394,0.05875625262507918,0.050043989507876946,0.08874412221107533,0.1391620647333685,,,,
7840,2,crash,3,0,1,-153.54318435360057,3228,,,0.1899179570451171,0.1,2.452242136001587,19.64383316040039,-84.77584838867188,496.2766418457031,0.0,171.0202617191622,1460,-6.455999999999511,-18.107446072762958,-300.0,-0.04756604224089237,"{5: 80, 6: 232, 4: 10}","{3: 248, 2: 20, 4: 54}","{1: 261, 2: 24, 0: 37}","{1: 294, 2: 7, 0: 21}","{1: 233, 0: 57, 2: 32}","{1: 221, 0: 60, 2: 41}",0.0851714288328588,0.026053818326764653,0.104570254386524,0.12717606768087067,0.18718120033224478,0.05966479691233957,0.25251419547531295,0.2605516049615439,,,,
7850,2,max_steps,3,1,0,575.6455393578684,3500,765.0,765.0,0.18802730103241308,0.1,2.457411527633667,19.642732620239258,-84.77584838867188,489.9155578613281,500.0,167.53939478464957,1753,-6.997999999999451,-84.8958554267874,0.0,0.1644701541022481,"{4: 16, 3: 31, 2: 180, 1: 47, 0: 76}","{3: 186, 2: 23, 0: 1, 1: 10, 4: 130}","{1: 315, 2: 20, 0: 15}","{1: 302, 0: 46, 2: 2}","{1: 298, 2: 21, 0: 31}","{1: 314, 2: 5, 0: 31}",0.05062742916955642,0.02114929138591564,0.06961851574094538,0.07670295531290694,0.14998609589723527,0.06249768990638572,0.19194341631375572,0.1503844205995551,0.15392563102616397,0.04979434389467596,0.2056294991908843,0.16650471250804705
7860,2,max_steps,3,1,0,727.1995568311937,3500,809.0,809.0,0.18615546672679767,0.1,2.466940402984619,19.730575561523438,-84.77584838867188,481.2149353027344,500.0,234.19755683118075,2149,-6.997999999999451,0.0,0.0,0.20777130195176963,"{1: 46, 2: 15, 3: 19, 6: 164, 5: 53, 4: 53}","{3: 225, 0: 23, 1: 25, 2: 77}","{1: 310, 0: 1, 2: 39}","{1: 299, 0: 48, 2: 3}","{1: 289, 0: 21, 2: 40}","{1: 262, 2: 33, 0: 55}",0.060114989911962444,0.017497092998458225,0.08453227980113975,0.11378769691870311,0.15725635499999097,0.07086748784116927,0.20884603312701933,0.19985975783906648,0.07200059735310656,0.05441031061612347,0.08454273713663013,0.15598545285284712
7870,2,max_steps,3,0,0,27.82448277965948,3500,,,0.18430226675592215,0.1,2.46901273727417,19.75795555114746,-84.77584838867188,481.2149353027344,0.0,34.82448277965957,1861,-6.999999999999451,0.0,0.0,0.00794985222275985,{0: 350},"{1: 6, 2: 16, 3: 322, 4: 6}",{1: 350},"{1: 339, 0: 11}",{1: 350},"{1: 349, 2: 1}",0.011161886061192946,0.017754428371697068,0.019017183727228118,0.021834134921952724,0.05933387143586872,0.05401048078467754,0.06910957356680725,0.07665404120926532,,,,
7880,2,max_steps,3,3,0,1709.0484844989207,3500,1164.3333333333333,1330.0,0.18246751561275198,0.1,2.475208044052124,19.77485466003418,-84.77584838867188,474.0083923339844,1500.0,216.0424844989209,2242,-6.993999999999452,0.0,0.0,0.4882995669996916,"{0: 19, 1: 7, 2: 9, 4: 275, 5: 29, 3: 11}","{3: 233, 2: 47, 1: 6, 6: 38, 5: 18, 4: 8}","{1: 330, 0: 19, 2: 1}","{1: 317, 0: 10, 2: 23}","{1: 331, 0: 17, 2: 2}","{1: 321, 0: 16, 2: 13}",0.04075208906942729,0.018682334820619574,0.05967425115215044,0.06836916955067404,0.1298000046989293,0.05878447141491889,0.1648831222254356,0.14772870355595438,0.13934079942627714,0.014744895956715826,0.16528063405359977,0.13026322861169803
7890,2,crash,3,1,1,248.18508220443317,764,432.0,432.0,0.18065102963699745,0.1,2.4767305850982666,19.794940948486328,-84.77584838867188,463.3229675292969,500.0,63.164132781423675,418,-1.5260000000000011,-13.4530505769929,-300.0,0.3248495840372162,"{0: 16, 1: 11, 2: 15, 3: 1, 5: 18, 6: 15}","{3: 54, 4: 22}","{1: 68, 0: 8}","{1: 71, 2: 5}","{1: 61, 0: 15}","{1: 59, 0: 11, 2: 6}",0.1095943094222249,0.03318648061035215,0.10950877879476228,0.10297240275296761,0.1486320106715785,0.0581947577432453,0.19645277015624146,0.1552438398075268,0.11461535789090632,0.009168535364389298,0.05764710574241405,0.09156575463642101
7900,2,max_steps,3,1,0,663.6339574577249,3500,2000.0,2000.0,0.17885262699672883,0.1,2.4779417514801025,19.799739837646484,-84.77584838867188,455.93798828125,500.0,170.631957457721,1934,-6.997999999999451,0.0,0.0,0.18960970213077855,"{4: 147, 5: 144, 6: 49, 3: 10}","{4: 13, 3: 166, 2: 162, 1: 9}","{1: 347, 2: 3}","{1: 303, 2: 26, 0: 21}","{1: 332, 0: 6, 2: 12}","{1: 312, 0: 23, 2: 15}",0.05419768168261777,0.02619882420717446,0.07292889101747979,0.06854562097305607,0.12514938107977783,0.06242626913978983,0.1517426106111452,0.15085960634269124,0.11841753725403341,0.10231055170555228,0.10047455479738678,0.181816505913052
7910,2,max_steps,3,0,0,96.15861305850639,3500,,,0.17707212767017516,0.1,2.4824979305267334,19.803741455078125,-81.79135131835938,438.5518493652344,0.0,103.15861305850655,2038,-6.999999999999451,0.0,0.0,0.02747388944528754,"{0: 203, 1: 134, 2: 13}","{4: 104, 5: 214, 6: 32}",{1: 350},"{1: 341, 0: 2, 2: 7}",{1: 350},"{1: 347, 0: 2, 2: 1}",0.04096710537978233,0.022027609710464226,0.054477623890936,0.061508994327947236,0.0909041640496157,0.049187796273060753,0.12438781807397518,0.12796162098782043,,,,
7920,2,crash,3,3,1,1393.8243458089125,3298,1063.3333333333333,1056.0,0.17530935342770385,0.1,2.4941813945770264,19.874500274658203,-81.79135131835938,442.2023010253906,1500.0,207.53452995700846,2584,-6.589999999999496,-7.12018414809713,-300.0,0.42262715154909414,"{4: 73, 5: 31, 3: 16, 1: 94, 0: 43, 2: 61, 6: 11}","{0: 26, 1: 10, 2: 21, 3: 140, 6: 33, 5: 36, 4: 63}","{1: 313, 0: 16}","{1: 271, 0: 22, 2: 36}","{1: 301, 2: 8, 0: 20}","{1: 290, 0: 19, 2: 20}",0.04351674425206399,0.03645522625952614,0.059286049910110473,0.07896451093466034,0.11303037975658672,0.06314706458755767,0.16356103641223038,0.1517309010983669,0.19889151399967975,0.12017540929919453,0.3162496801787813,0.15553434492635237
7930,2,max_steps,3,0,0,182.44907478547594,3500,,,0.17356412781397948,0.1,2.4963154792785645,19.92669677734375,-81.79135131835938,451.259521484375,0.0,189.44907478547634,1791,-6.999999999999451,0.0,0.0,0.05212830708156455,"{6: 257, 5: 46, 4: 47}","{4: 7, 3: 185, 2: 132, 1: 26}","{1: 333, 2: 17}","{1: 315, 2: 21, 0: 14}","{1: 320, 0: 7, 2: 23}","{1: 306, 2: 12, 0: 32}",0.04306072745654781,0.029165329141955933,0.056876295874954075,0.07106055124922267,0.12500967237977426,0.060002476548160384,0.17638560123172364,0.15111561686252414,,,,
7940,2,max_steps,3,3,0,1680.5207027948059,3500,586.6666666666666,391.0,0.17183627613030072,0.1,2.510340929031372,20.00633430480957,-81.79135131835938,447.03167724609375,1500.0,199.45658402379135,2379,-6.993999999999452,-11.941881228965286,0.0,0.4801487722270874,"{3: 28, 5: 83, 6: 20, 4: 44, 1: 145, 0: 30}","{6: 15, 5: 24, 4: 18, 0: 38, 1: 18, 2: 51, 3: 186}","{1: 343, 2: 7}","{1: 265, 2: 48, 0: 37}","{1: 346, 2: 4}","{1: 336, 2: 3, 0: 11}",0.015222994778938136,0.0369234665786336,0.02275802571718867,0.02681703006081288,0.08655981865709705,0.06439095215548878,0.10597602797439291,0.10760965984862839,0.15704858163196705,0.1869858362376794,0.1443037715405308,0.1904476285493624
7950,2,crash,3,1,1,178.34609871684688,2100,233.0,233.0,0.1701256254171128,0.1,2.520639181137085,20.107830047607422,-81.79135131835938,451.3647155761719,500.0,46.8993357319183,1137,-4.19799999999976,-64.35523701507802,-300.0,0.08492671367468899,"{3: 23, 6: 187}","{5: 2, 4: 10, 3: 144, 2: 31, 1: 23}",{1: 210},"{1: 188, 2: 22}","{1: 200, 0: 10}","{1: 184, 0: 19, 2: 7}",0.019538413303854606,0.028838472567407587,0.03339105725928192,0.06100853708875195,0.10527644805578107,0.06058635737437425,0.13773410687491025,0.1518901678481297,0.006645547640618719,0.12629296899124715,0.014889861695783851,0.059397418250865655
7960,2,max_steps,3,0,0,136.33193455034205,3500,,,0.16843200443669396,0.1,2.523407220840454,20.133075714111328,-81.79135131835938,448.3752746582031,0.0,143.33193455034237,2172,-6.999999999999451,0.0,0.0,0.03895198130009773,"{0: 44, 1: 86, 2: 210, 3: 10}","{1: 4, 2: 84, 3: 201, 4: 61}",{1: 350},"{1: 299, 0: 39, 2: 12}","{1: 342, 0: 8}","{1: 326, 0: 18, 2: 6}",0.03734969996297484,0.036381615123767135,0.05728530193846698,0.06060412463648528,0.09417433071795901,0.061155574615481816,0.1329939936055487,0.14585191546019632,0.0796217021709643,0.06007349905688186,0.15710558436961508,0.12001612451146478
7970,2,crash,3,0,1,-345.37194155166844,2053,,,0.16675524365601443,0.1,2.524303913116455,20.190662384033203,-81.79135131835938,444.04705810546875,0.0,20.949404443550804,482,-4.10599999999977,-62.215345995219145,-300.0,-0.1682279306145487,{6: 205},"{0: 9, 1: 28, 2: 124, 3: 44}",{1: 205},"{1: 160, 0: 32, 2: 13}","{1: 195, 0: 10}","{1: 197, 0: 3, 2: 5}",0.02028838865816423,0.04237838553840033,0.029143472141976625,0.034349428191929265,0.1222090927901029,0.08984394009950881,0.15486080733719876,0.1430073026820347,,,,
7980,2,max_steps,3,3,0,1829.1018457340267,3500,432.0,339.0,0.16509517522976622,0.1,2.5291976928710938,20.21498680114746,-81.79135131835938,454.1763000488281,1500.0,336.0958457340476,2580,-6.993999999999452,0.0,0.0,0.5226005273525791,"{1: 24, 2: 47, 3: 58, 6: 190, 5: 15, 4: 16}","{2: 83, 1: 17, 3: 167, 5: 22, 4: 12, 0: 22, 6: 27}","{1: 326, 2: 24}","{1: 245, 2: 63, 0: 42}","{1: 306, 0: 9, 2: 35}","{1: 289, 0: 41, 2: 20}",0.0444213392428402,0.0374713693516536,0.06997105827770199,0.10290262853672597,0.13460817771525974,0.1370655421603995,0.1886108454559888,0.16432532228093563,0.04601894890636436,0.14505533434483656,0.14469081713480364,0.15190633509594312
7990,2,max_steps,3,0,0,87.86014943303645,3500,,,0.16345163298356127,0.1,2.534487247467041,20.277088165283203,-85.72215270996094,454.1763000488281,0.0,94.8601494330366,1882,-6.999999999999451,0.0,0.0,0.025102899838010416,"{5: 201, 6: 45, 4: 31, 3: 73}","{0: 2, 1: 105, 2: 138, 3: 105}",{1: 350},"{1: 322, 0: 26, 2: 2}","{1: 346, 2: 4}","{1: 342, 0: 8}",0.024590023801021148,0.01726184653702078,0.0345081126270787,0.04821213547889086,0.08652039211310056,0.05833994718420429,0.11628322752834254,0.13054380901835094,,,,
8000,2,max_steps,3,1,0,766.1656821379553,3500,458.0,458.0,0.16182445239729765,0.1,2.5412046909332275,20.33139991760254,-85.72215270996094,466.1247253417969,500.0,273.1636821379395,1893,-6.997999999999451,0.0,0.0,0.21890448061084436,"{2: 43, 3: 2, 4: 55, 5: 77, 6: 173}","{1: 11, 2: 13, 3: 322, 4: 4}","{1: 254, 0: 49, 2: 47}","{1: 328, 0: 21, 2: 1}","{1: 221, 0: 71, 2: 58}","{1: 188, 0: 83, 2: 79}",0.0955990629201969,0.012029838617445457,0.13617949066232776,0.14694527761719994,0.19382768650414695,0.05282537134478299,0.2722930184132607,0.349206286284161,0.13739589433504765,0.0241673174200443,0.2531259371609243,0.13573463014203274
8010,2,crash,3,2,1,825.8426944857779,3364,1623.0,1623.0,0.16021347058869065,0.1,2.5569489002227783,20.43838882446289,-85.72215270996094,473.9912109375,1000.0,195.96374435623054,2308,-6.7239999999994815,-63.3970498704523,-300.0,0.2454942611432158,"{6: 82, 5: 128, 4: 78, 3: 36, 0: 12}","{6: 17, 5: 8, 4: 8, 3: 131, 0: 102, 1: 20, 2: 50}","{1: 313, 2: 12, 0: 11}","{1: 265, 2: 27, 0: 44}","{1: 300, 2: 22, 0: 14}","{1: 282, 0: 30, 2: 24}",0.04347652368409263,0.033767030780357685,0.060973457557271134,0.08241055218061905,0.1359151453382593,0.06336035176921348,0.1844323928182941,0.16388473038963353,0.12161049287128284,0.025957565449853254,0.18649347434966443,0.14096459710928153
8020,2,crash,3,2,1,774.4759789828231,1097,479.5,479.5,0.15861852629696827,0.1,2.5658748149871826,20.491857528686523,-85.72215270996094,465.3747253417969,1000.0,86.94021698678796,882,-2.1899999999999804,-10.274238003962584,-300.0,0.7059945113790548,"{2: 70, 3: 5, 0: 9, 1: 11, 6: 14}","{4: 11, 3: 84, 2: 14}","{1: 81, 0: 28}","{1: 93, 2: 16}","{1: 93, 0: 16}","{1: 95, 0: 3, 2: 11}",0.04046151464235707,0.018548491179909594,0.051768187037977476,0.031098062439280413,0.16825538103990373,0.07966011431799597,0.19621795777238207,0.15307327880147742,0.16532029619243332,0.020670051046288298,0.2020159862536134,0.10335611945115743
8030,2,crash,3,2,1,696.9665971153181,2585,502.0,502.0,0.15703945986672868,0.1,2.5756280422210693,20.54474449157715,-85.72215270996094,470.6651611328125,1000.0,121.17764945564674,1456,-5.165999999999653,-119.04505234031262,-300.0,0.26961957335215403,"{4: 24, 3: 23, 0: 13, 1: 27, 2: 13, 6: 158}","{1: 36, 0: 2, 2: 22, 3: 156, 6: 24, 5: 6, 4: 12}","{1: 248, 0: 10}","{1: 210, 0: 23, 2: 25}","{1: 247, 0: 11}","{1: 248, 2: 2, 0: 8}",0.030466887900793237,0.0208056290463475,0.04724028054923612,0.06721758131325528,0.1394776622051621,0.10963137183457564,0.14252430633533145,0.13838807689038898,0.15877887547044353,0.16834267343397885,0.18711897760604457,0.07729152433775058
8040,2,crash,3,0,1,-328.7506758125619,1933,,,0.15547611323195895,0.1,2.5812671184539795,20.641170501708984,-86.66702270507812,492.45703125,0.0,33.501066323146084,749,-3.865999999999796,-58.385742135707936,-300.0,-0.17007277589889389,"{5: 77, 6: 116}","{0: 12, 1: 33, 2: 130, 3: 18}","{1: 182, 0: 11}","{1: 154, 0: 38, 2: 1}","{1: 180, 0: 13}","{1: 169, 0: 21, 2: 3}",0.03282107824573909,0.03008063141495318,0.05289986241484626,0.07347696284675614,0.12629594271951622,0.0694830531848914,0.16107899936247103,0.15117786281866524,,,,
8050,2,max_steps,3,2,0,1107.6500117280652,3500,607.5,607.5,0.15392832990021205,0.1,2.5849575996398926,20.6588077545166,-83.50347137451172,494.7826843261719,1000.0,201.64880614208573,2354,-6.9959999999994515,-87.0027944139988,0.0,0.31647143192230437,"{3: 20, 1: 84, 2: 17, 6: 229}","{5: 16, 4: 18, 0: 31, 1: 13, 2: 24, 3: 223, 6: 25}","{1: 341, 0: 9}","{1: 262, 2: 51, 0: 37}","{1: 324, 0: 26}","{1: 303, 0: 28, 2: 19}",0.031727298130874354,0.029858155671398906,0.03184721868168626,0.04594375262370931,0.11504674377724425,0.13891949972415907,0.16155072918341654,0.16115145533847341,0.1541151708636641,0.15665094161231716,0.15882876696800058,0.1456253104723433
8060,2,max_steps,3,1,0,620.6530033299844,3500,989.0,989.0,0.15239595493694202,0.1,2.594625473022461,20.718082427978516,-87.50904846191406,499.5304870605469,500.0,127.65100332997241,1834,-6.997999999999451,0.0,0.0,0.17732942952285266,"{5: 60, 4: 14, 3: 24, 0: 252}","{1: 13, 2: 55, 3: 149, 6: 21, 5: 90, 4: 22}","{1: 338, 2: 12}","{1: 321, 0: 12, 2: 17}","{1: 344, 2: 6}","{1: 339, 0: 11}",0.017551138236070338,0.024375298387031875,0.02909324206655827,0.033055868135986405,0.09702269610651233,0.05926131512887713,0.12431623320013122,0.1218059733830351,0.1670381979139589,0.085638362097174,0.14518809593718895,0.20406566665371617
8070,2,crash,3,3,1,1399.1838076277738,2917,921.6666666666666,910.0,0.15087883494999496,0.1,2.6072933673858643,20.77826499938965,-87.50904846191406,485.440673828125,1500.0,212.81340430788873,1993,-5.82799999999958,-7.801596680111172,-300.0,0.47966534371881175,"{2: 130, 3: 14, 1: 33, 6: 73, 5: 11, 4: 15, 0: 15}","{3: 262, 4: 12, 2: 2, 6: 15}","{1: 276, 2: 15}","{1: 279, 0: 12}","{1: 261, 2: 30}","{1: 270, 2: 12, 0: 9}",0.05491518818929782,0.012407505834981304,0.07258762061616365,0.06455373045704607,0.14250478547628576,0.04414478925723363,0.1813884434095682,0.14733583609959222,0.09286886669626081,0.06244496478567902,0.12967754398887157,0.13709768194183874
8080,2,max_steps,3,2,0,1199.4152102792257,3500,1417.0,1417.0,0.14937681807425415,0.1,2.6177687644958496,20.84617805480957,-87.50904846191406,483.82440185546875,1000.0,206.4112102792209,2673,-6.9959999999994515,0.0,0.0,0.34269006007977876,"{6: 32, 5: 9, 4: 43, 3: 7, 1: 171, 0: 46, 2: 42}","{4: 20, 3: 263, 0: 11, 1: 16, 2: 40}","{1: 339, 2: 11}","{1: 322, 2: 4, 0: 24}","{1: 332, 2: 16, 0: 2}","{1: 307, 2: 27, 0: 16}",0.039731402092360486,0.017694551758635074,0.06349389762826624,0.07255778789943954,0.11581653528385523,0.056652477826757704,0.14179724389833095,0.15194865938477467,0.12171701573299977,0.018856483644371466,0.08811722465800062,0.15030155724770675
8090,2,max_steps,3,0,0,36.484252609374074,3500,,,0.1478897539564383,0.1,2.621950626373291,20.88005828857422,-84.16404724121094,471.6685485839844,0.0,43.48425260937428,1373,-6.999999999999451,0.0,0.0,0.010424072174106878,"{6: 322, 5: 28}","{4: 123, 3: 161, 2: 64, 1: 2}","{1: 342, 0: 8}","{1: 327, 0: 19, 2: 4}","{1: 342, 0: 8}","{1: 337, 0: 6, 2: 7}",0.010473228929406834,0.023152655820610907,0.015431630498833088,0.018638251953170606,0.09739480494405847,0.05808443683755602,0.10840592000180767,0.11283017728021497,,,,
8100,2,crash,3,2,1,802.8282217165536,2355,615.5,615.5,0.14641749374005109,0.1,2.622999429702759,20.884309768676758,-88.31260681152344,462.5776062011719,1000.0,119.1423840646595,1271,-4.705999999999704,-11.608162348083809,-300.0,0.3409037034889824,"{5: 50, 4: 30, 3: 19, 2: 41, 1: 2, 6: 93}","{6: 44, 5: 17, 4: 17, 3: 39, 2: 77, 0: 24, 1: 17}","{1: 205, 2: 5, 0: 25}","{1: 189, 2: 25, 0: 21}","{1: 191, 2: 2, 0: 42}","{1: 181, 0: 34, 2: 20}",0.09050758939953074,0.025978777190884136,0.09546232347673818,0.10443063542712294,0.15783982015773365,0.06474722329844795,0.20805192012384935,0.17762727747206974,0.14951893035232558,0.056008207052854336,0.20075984508612732,0.1485369085439364
8110,2,max_steps,3,1,0,740.8130835937856,3500,944.0,944.0,0.14495989005048043,0.1,2.6353774070739746,20.982572555541992,-88.31260681152344,463.8691711425781,500.0,247.8110835937742,1933,-6.997999999999451,0.0,0.0,0.21166088102679587,"{1: 43, 0: 8, 2: 9, 3: 19, 4: 67, 6: 147, 5: 57}","{4: 84, 3: 257, 5: 9}","{1: 299, 0: 22, 2: 29}","{1: 324, 2: 23, 0: 3}","{1: 287, 0: 25, 2: 38}","{1: 288, 0: 43, 2: 19}",0.06572585172697767,0.020709944700693782,0.09977723379974304,0.11541766383935012,0.16510133534134472,0.05735774059302956,0.21153011026658913,0.2374743990054627,0.06649861571199076,0.07038087495907352,0.05443512617420491,0.139931496500614
8120,2,crash,3,3,1,1369.2199855013246,1849,545.0,609.0,0.14351679698024616,0.1,2.644350051879883,21.04631805419922,-88.31260681152344,468.9959411621094,1500.0,185.92777577307592,1613,-3.691999999999815,-13.015790271747031,-300.0,0.7405191917259732,"{5: 36, 4: 32, 3: 35, 0: 38, 1: 9, 2: 13, 6: 21}","{2: 22, 3: 134, 6: 8, 5: 10, 4: 10}","{1: 151, 0: 33}","{1: 156, 0: 4, 2: 24}","{1: 162, 0: 22}","{1: 170, 0: 6, 2: 8}",0.06370598341769701,0.02414995633614346,0.06528204011501576,0.04112481552407679,0.16567597993131558,0.07878727292854527,0.18633993094021484,0.14376832198446932,0.1568621695552696,0.13286272506303434,0.18963869759210847,0.1194127787843627
8130,2,max_steps,3,3,0,1763.6970799677233,3500,882.3333333333334,539.0,0.14208807007439458,0.1,2.6568374633789062,21.174625396728516,-88.31260681152344,473.2173156738281,1500.0,270.69107996772743,2392,-6.993999999999452,0.0,0.0,0.5039134514193495,"{1: 99, 0: 111, 2: 39, 3: 5, 4: 72, 6: 14, 5: 10}","{5: 29, 4: 17, 3: 239, 2: 22, 0: 33, 1: 10}","{1: 326, 0: 15, 2: 9}","{1: 303, 2: 6, 0: 41}","{1: 308, 0: 24, 2: 18}","{1: 286, 0: 38, 2: 26}",0.06281729827885883,0.02440466044535769,0.08224355389927387,0.1021067718764339,0.13719591386227592,0.061600278455255314,0.18595430918922648,0.17019549877703188,0.18335262177118064,0.03431773459584607,0.17724929900320566,0.21330863707969544
8140,2,max_steps,3,1,0,685.700604024022,3500,2608.0,2608.0,0.14067356631603828,0.1,2.6538848876953125,21.12343978881836,-88.31260681152344,459.7101135253906,500.0,193.2682336102065,1831,-6.997999999999451,-0.569629586188166,0.0,0.19591445829257773,"{2: 98, 3: 23, 1: 89, 0: 59, 4: 52, 5: 13, 6: 16}","{1: 6, 2: 52, 3: 254, 6: 2, 5: 20, 4: 16}","{1: 306, 2: 14, 0: 30}","{1: 320, 0: 14, 2: 16}","{1: 301, 2: 18, 0: 31}","{1: 307, 2: 28, 0: 15}",0.06461534628357388,0.020095061465333956,0.09620255707818628,0.08684480006006065,0.16207698082748162,0.05892796886381758,0.19270091750915014,0.15441685151988044,0.06054843423144174,0.01171464017955958,0.08079093131233159,0.15315601102761944
8150,2,max_steps,3,1,0,795.6441647834616,3500,3400.0,3400.0,0.1392731441120402,0.1,2.660552501678467,21.12596893310547,-88.31260681152344,459.7101135253906,500.0,306.4588626468037,2033,-6.997999999999451,-3.8166978633422346,0.0,0.2273269042238462,"{6: 165, 5: 84, 4: 88, 3: 2, 0: 11}","{0: 6, 1: 8, 2: 16, 3: 320}","{1: 267, 2: 50, 0: 33}","{1: 313, 0: 25, 2: 12}","{1: 227, 2: 68, 0: 55}","{1: 192, 2: 77, 0: 81}",0.09884753928091028,0.01596339443847647,0.13989756716318474,0.14675628726684997,0.1985934481650868,0.061686622355704865,0.273279415011498,0.35018622933893,0.14595535571336657,0.01845672043785922,0.14045548403156663,0.022551906382144726
8160,2,crash,3,3,1,1303.3668678392569,2831,470.6666666666667,485.0,0.1378866632788398,0.1,2.6640827655792236,21.154489517211914,-88.31260681152344,474.6836242675781,1500.0,171.73537153418266,2093,-5.655999999999599,-62.712503694916606,-300.0,0.46039098122192046,"{4: 106, 3: 50, 2: 14, 1: 38, 0: 14, 5: 21, 6: 40}","{4: 29, 5: 21, 3: 108, 0: 2, 1: 26, 2: 52, 6: 45}","{1: 274, 0: 9}","{1: 171, 2: 82, 0: 30}","{1: 263, 2: 6, 0: 14}","{1: 242, 2: 21, 0: 20}",0.043526851901939015,0.057499922601365404,0.06020343277816386,0.07513751811559011,0.12357712900062787,0.07196355180756593,0.16138115621741117,0.1526602273784624,0.13098456673518993,0.07692110391673726,0.18987117417096094,0.15177732993015555
8170,2,max_steps,3,1,0,669.3120073971962,3500,897.0,897.0,0.1365139850284208,0.1,2.666898250579834,21.20170783996582,-93.05350494384766,472.9690856933594,500.0,176.3100073971856,2251,-6.997999999999451,0.0,0.0,0.19123200211348462,"{0: 25, 1: 57, 2: 243, 3: 25}","{0: 12, 1: 9, 2: 38, 3: 211, 6: 59, 5: 9, 4: 12}",{1: 350},"{1: 292, 0: 17, 2: 41}",{1: 350},"{1: 343, 0: 4, 2: 3}",0.0280362171165899,0.027232765287097872,0.03825269775891661,0.04838074071968141,0.10141766942225015,0.06516576770326203,0.130261153276098,0.1283315033920217,0.0743474086581736,0.09176828521925558,0.0983822995486503,0.13198477857499233
8180,2,crash,3,3,1,1334.660570226472,1870,574.6666666666666,407.0,0.1351549719544182,0.1,2.6730566024780273,21.225112915039062,-98.85545349121094,481.08880615234375,1500.0,150.42895641296596,1498,-3.7339999999998104,-12.034386186493313,-300.0,0.713722230067632,"{1: 83, 0: 29, 2: 31, 3: 44}","{0: 12, 1: 51, 2: 25, 3: 63, 6: 7, 5: 9, 4: 20}","{1: 171, 0: 16}","{1: 137, 0: 22, 2: 28}","{1: 167, 0: 20}","{1: 172, 0: 4, 2: 11}",0.035102343333864215,0.039428733372168734,0.043519982619003306,0.04711221087781473,0.1473077365672549,0.07749986024212789,0.1862883660240138,0.14630719164004052,0.17029850300304167,0.17706952469606288,0.19859017471771667,0.08591615456134652
8190,2,max_steps,3,1,0,719.817975209849,3500,2567.0,2567.0,0.13380948801836384,0.1,2.6751978397369385,21.243820190429688,-98.85545349121094,486.0334777832031,500.0,226.8159752098457,1861,-6.997999999999451,0.0,0.0,0.20566227863138542,"{5: 52, 6: 139, 4: 64, 3: 1, 0: 94}","{4: 171, 3: 178, 5: 1}","{1: 335, 2: 15}","{1: 314, 2: 20, 0: 16}","{1: 324, 0: 13, 2: 13}","{1: 313, 0: 23, 2: 14}",0.066757229646428,0.029111133577741713,0.09357437600873572,0.0861815719954559,0.14340901480766405,0.06006451492866504,0.17509481461348098,0.15024371912809142,0.12857898544348723,0.014901622973288807,0.18700893017531564,0.1257736260221802
8200,2,crash,3,1,1,256.99021651751957,1008,467.0,467.0,0.13247739853606877,0.1,2.6846017837524414,21.292224884033203,-99.89646911621094,481.8558654785156,500.0,66.63394296224796,638,-2.014,-7.629726444731292,-300.0,0.25495061162452337,"{1: 22, 2: 20, 3: 4, 6: 54}","{3: 82, 2: 18}","{1: 80, 0: 20}","{1: 98, 0: 2}","{1: 72, 0: 28}","{1: 60, 0: 16, 2: 24}",0.09113662805471444,0.018138861450244757,0.1394213092691764,0.1426885298190308,0.18755757263616704,0.034978304105269496,0.2560245214051269,0.35704776743141503,0.14174967571633873,0.011895565527998083,0.2288427816285201,0.14529599621276942
8210,2,max_steps,3,1,0,704.7532222604877,3500,362.0,362.0,0.13115857016414129,0.1,2.6882503032684326,21.347105026245117,-99.89646911621094,481.8919372558594,500.0,211.75122226047378,1997,-6.997999999999451,0.0,0.0,0.2013580635029965,"{3: 36, 4: 104, 5: 78, 6: 132}","{6: 10, 5: 17, 4: 8, 3: 155, 0: 22, 1: 6, 2: 132}","{1: 342, 2: 8}","{1: 244, 2: 45, 0: 61}","{1: 318, 0: 21, 2: 11}","{1: 319, 2: 13, 0: 18}",0.04999565046900091,0.042462280181053594,0.05907272294360838,0.06686537713432884,0.1309080191166354,0.12045412984355067,0.1772279997415559,0.14925904039596777,0.023041930632973627,0.1297460373109762,0.0795633555459638,0.13736179595812725
8220,2,crash,3,1,1,399.85139516935175,3107,307.0,307.0,0.12985287088663913,0.1,2.6887946128845215,21.289142608642578,-98.85545349121094,470.0776672363281,500.0,218.23014962669737,1898,-6.211999999999538,-12.166754457357596,-300.0,0.1286937222946095,"{3: 80, 0: 104, 1: 70, 2: 50, 4: 6}","{6: 12, 5: 8, 4: 6, 3: 244, 2: 40}","{1: 300, 0: 10}","{1: 263, 2: 28, 0: 19}","{1: 275, 0: 31, 2: 4}","{1: 269, 0: 32, 2: 9}",0.06626182007864811,0.016129845795778495,0.08802241664063218,0.08237578352406033,0.13852289742548587,0.061900934952396125,0.18513187175319726,0.15346569065858204,0.13525559928559586,0.03275999420235968,0.1932784368862967,0.13184046182431017
8230,2,max_steps,3,2,0,1293.6149981987646,3500,578.5,578.5,0.12856017000185455,0.1,2.6967248916625977,21.384628295898438,-98.85545349121094,478.2489013671875,1000.0,300.6427687982155,2015,-6.9959999999994515,-0.03177059941869123,0.0,0.36960428519964705,"{6: 122, 5: 87, 4: 93, 3: 3, 2: 15, 1: 30}","{3: 293, 4: 47, 5: 10}","{1: 266, 0: 41, 2: 43}","{1: 340, 2: 9, 0: 1}","{1: 231, 2: 63, 0: 56}","{1: 224, 2: 58, 0: 68}",0.10491549169035427,0.015616612262055523,0.13696488498829207,0.1430931731315669,0.19120759546339508,0.049120550469833636,0.2703009231214888,0.25204536930261906,0.15182532846054797,0.020951283631459327,0.19479600909514155,0.11858284641666518
8240,2,crash,3,0,1,-301.4763477853722,663,,,0.12728033810923095,0.1,2.704688787460327,21.418235778808594,-98.85545349121094,465.16241455078125,0.0,25.689552949598824,321,-1.326000000000001,-25.839900734971042,-300.0,-0.45471545668985247,"{5: 25, 6: 41}","{6: 23, 5: 9, 4: 5, 3: 29}",{1: 66},"{1: 35, 2: 31}",{1: 66},"{1: 62, 2: 1, 0: 3}",0.07658163054187964,0.05929651157872136,0.09764283460013885,0.08623028163379753,0.11880323000502357,0.16071939807365898,0.15364779346881152,0.14846172128210783,,,,
8250,2,max_steps,3,2,0,1306.14237948848,3500,1236.0,1236.0,0.12601324709640976,0.1,2.7198851108551025,21.442180633544922,-98.85545349121094,451.4212951660156,1000.0,333.7369973731447,2676,-6.9959999999994515,-20.598617884662133,0.0,0.37318353699670853,"{0: 107, 1: 21, 2: 22, 3: 14, 6: 121, 5: 32, 4: 33}","{3: 175, 2: 146, 0: 11, 1: 18}","{1: 317, 2: 21, 0: 12}","{1: 298, 2: 4, 0: 48}","{1: 316, 0: 16, 2: 18}","{1: 288, 0: 45, 2: 17}",0.07241508440557877,0.02052185837144825,0.10674663659881817,0.08710356220952724,0.14901027290103208,0.06270752798543273,0.17981918493096816,0.17871758710920793,0.15827109004484874,0.05867158852475935,0.18037493562266566,0.0642011031135331
8260,2,max_steps,3,2,0,1076.2882654569278,3500,1471.0,1471.0,0.12475877012640639,0.1,2.7379393577575684,21.526588439941406,-98.85545349121094,472.4771728515625,1000.0,161.63583934091398,2228,-6.9959999999994515,-78.35157388398267,0.0,0.30751093298769366,"{2: 217, 3: 27, 4: 87, 1: 11, 5: 8}","{6: 13, 5: 9, 4: 5, 3: 263, 2: 26, 0: 28, 1: 6}",{1: 350},"{1: 284, 2: 24, 0: 42}","{1: 344, 0: 6}","{1: 345, 0: 3, 2: 2}",0.022333220409329134,0.026418346692627707,0.031179385483384538,0.025652946314776184,0.07585811580025127,0.10223460721503605,0.09766320834377942,0.12287190048123646,0.133024553975759,0.05623064912406942,0.1817917891958947,0.14877566982134913
8270,2,crash,3,1,1,214.34874926763337,2290,176.0,176.0,0.12351678162491352,0.1,2.7461228370666504,21.577356338500977,-98.85545349121094,481.5660705566406,500.0,84.05376713928159,748,-4.577999999999718,-65.1270178716618,-300.0,0.0936020739159971,"{3: 17, 1: 51, 0: 161}","{5: 9, 4: 11, 3: 191, 2: 18}","{1: 219, 0: 10}","{1: 210, 2: 19}","{1: 218, 0: 11}","{1: 219, 0: 4, 2: 6}",0.03638272334161295,0.016882389654973597,0.035759383876267974,0.020298047587799184,0.12888021649463943,0.058265394561334026,0.15561624124961076,0.12942667364701071,0.0,0.1739228568798032,0.0,0.0
8280,2,crash,3,1,1,268.20474204460027,785,670.0,670.0,0.12228715726773114,0.1,2.7730765342712402,21.794889450073242,-98.85545349121094,512.2922973632812,500.0,77.17981739347644,669,-1.5680000000000012,-7.407075348876697,-300.0,0.3416620917765609,"{0: 42, 1: 10, 2: 13, 3: 1, 4: 3, 5: 6, 6: 3}","{1: 9, 2: 13, 3: 44, 6: 12}","{1: 57, 0: 21}","{1: 59, 0: 19}","{1: 55, 0: 23}","{1: 66, 0: 5, 2: 7}",0.1070016735118982,0.016132692620395364,0.13497429086962015,0.0675379146806081,0.22514314684868153,0.0814996098986855,0.25306358140997515,0.15650561410142153,0.20262441468743123,0.009292017871848784,0.285797186051732,0.135552490444671
8290,2,max_steps,3,3,0,1799.822750261579,3500,1101.0,1082.0,0.12106977396832154,0.1,2.7903518676757812,21.9122371673584,-98.85545349121094,492.0608825683594,1500.0,306.81675026160144,2292,-6.993999999999452,0.0,0.0,0.5142350715033083,"{3: 22, 2: 122, 6: 123, 5: 29, 4: 49, 1: 5}","{5: 16, 4: 25, 3: 190, 0: 38, 1: 9, 2: 5, 6: 67}","{1: 313, 2: 37}","{1: 248, 2: 56, 0: 46}","{1: 297, 0: 12, 2: 41}","{1: 310, 0: 30, 2: 10}",0.028333141432448375,0.03387078166468855,0.04785417921753632,0.060783131952182434,0.1519901431000266,0.1552260851543462,0.20679591138130152,0.15274809271928882,0.13592096745673038,0.14067702041194652,0.19099109094996844,0.20524601824503394
8300,2,max_steps,3,2,0,1210.4717661528132,3500,1390.5,1390.5,0.11986450986548819,0.1,2.809965133666992,22.046064376831055,-98.85545349121094,487.96417236328125,1000.0,217.46776615281325,2421,-6.9959999999994515,0.0,0.0,0.3458490760436609,"{2: 59, 1: 115, 0: 22, 3: 4, 4: 103, 5: 47}","{6: 158, 5: 28, 4: 31, 3: 84, 0: 30, 1: 9, 2: 10}","{1: 340, 0: 8, 2: 2}","{1: 262, 2: 49, 0: 39}","{1: 328, 0: 9, 2: 13}","{1: 337, 2: 10, 0: 3}",0.041934490130234106,0.040328892173313514,0.05409485880572727,0.059343063571245136,0.12658881517935414,0.08421002983853054,0.15269206969893911,0.13545804209375606,0.1581089195587323,0.04810209348379811,0.20507835104735173,0.07695721839501335
8310,2,max_steps,3,0,0,258.21212273602,3500,,,0.11867124431117744,0.1,2.8236541748046875,22.120349884033203,-98.85545349121094,499.24237060546875,0.0,265.21212273602026,1776,-6.999999999999451,0.0,0.0,0.07377489221029142,"{5: 115, 6: 86, 4: 149}","{3: 312, 2: 38}","{1: 252, 2: 53, 0: 45}","{1: 348, 0: 2}","{1: 191, 2: 86, 0: 73}","{1: 177, 0: 87, 2: 86}",0.09624951461776789,0.012264911104894638,0.15904511119327447,0.14921860036229065,0.1786613495145849,0.04014619411134504,0.27565954378506474,0.41141512030432753,,,,
8320,2,max_steps,3,4,0,2304.471926258886,3500,812.0,775.0,0.11748985785840144,0.1,2.8269400596618652,22.068082809448242,-98.85545349121094,480.47064208984375,2000.0,342.19831130264186,2202,-6.991999999999452,-30.734385043725464,0.0,0.6584205503596817,"{3: 50, 1: 55, 2: 72, 0: 25, 6: 67, 5: 43, 4: 38}","{4: 29, 3: 254, 0: 33, 1: 10, 2: 23, 5: 1}","{1: 263, 0: 31, 2: 56}","{1: 290, 2: 34, 0: 26}","{1: 258, 2: 60, 0: 32}","{1: 290, 0: 44, 2: 16}",0.06825007468815353,0.021741929596879806,0.09931353959095032,0.06909318542234438,0.20076851671929233,0.08539356626681667,0.22385359537009616,0.17380759680432223,0.20611820833943048,0.1457003425362974,0.20992332869297403,0.16566021530953795
8330,2,crash,3,3,1,1321.0221439801453,3142,788.0,788.0,0.11632023224928138,0.1,2.826845645904541,22.09933853149414,-98.85545349121094,482.2928771972656,1500.0,155.61279388884134,2110,-6.277999999999531,-28.31264990867982,-300.0,0.420439893055425,"{5: 37, 4: 12, 3: 9, 2: 170, 1: 10, 6: 76}","{1: 7, 2: 9, 3: 186, 6: 80, 5: 17, 4: 15}","{1: 290, 2: 12, 0: 12}","{1: 240, 0: 20, 2: 54}","{1: 286, 2: 15, 0: 13}","{1: 297, 2: 5, 0: 12}",0.031170773584946077,0.023477142983047258,0.04238910819209872,0.05346311389565592,0.13536090049951488,0.11391730891463595,0.165543190562406,0.14514046829626862,0.17045117164905377,0.007786119815173109,0.20689463040166456,0.17176158158408744
8340,2,max_steps,3,3,0,1702.8353170116222,3500,882.6666666666666,735.0,0.11516225040320988,0.1,2.8430216312408447,22.212726593017578,-98.85545349121094,481.0774230957031,1500.0,209.82931701163548,2048,-6.993999999999452,0.0,0.0,0.48652437628903494,"{3: 56, 4: 149, 5: 63, 2: 70, 6: 12}","{2: 89, 1: 21, 3: 189, 6: 9, 5: 8, 4: 7, 0: 27}","{1: 348, 2: 2}","{1: 279, 0: 49, 2: 22}","{1: 312, 2: 24, 0: 14}","{1: 293, 2: 22, 0: 35}",0.057393150997486084,0.023702704421140357,0.08219047160342721,0.10827952519096046,0.12724950175286986,0.10515227826111975,0.18290565427822328,0.16483401384837984,0.1324098711318134,0.0435618751361479,0.19730467642861116,0.197801703849294
8350,2,crash,3,2,1,762.0000180381742,1959,856.0,856.0,0.11401579640513095,0.1,2.8569726943969727,22.2972354888916,-98.85545349121094,485.1050720214844,1000.0,138.38024698645754,1404,-3.9139999999997905,-72.4662289482834,-300.0,0.3889739755171895,"{4: 71, 3: 29, 1: 18, 0: 26, 2: 51}","{6: 13, 5: 28, 4: 10, 3: 104, 2: 16, 1: 22, 0: 2}","{1: 191, 0: 4}","{1: 158, 2: 34, 0: 3}","{1: 184, 0: 11}","{1: 177, 0: 15, 2: 3}",0.03857046579723318,0.037675862128625365,0.043541064375763494,0.05972790045948109,0.1257258486519337,0.06420522327492026,0.16321992107314293,0.14922979766604125,0.10414847843516377,0.05936712453803957,0.15910024143834986,0.10172412348886145
8360,2,max_steps,3,4,0,2347.639015137445,3500,864.75,709.0,0.11288075549393692,0.1,2.884610176086426,22.4200382232666,-98.85545349121094,478.89654541015625,2000.0,354.63101513744954,2707,-6.991999999999452,0.0,0.0,0.6707540043249842,"{6: 112, 5: 12, 4: 46, 3: 45, 1: 28, 2: 56, 0: 51}","{0: 7, 1: 8, 2: 43, 3: 235, 6: 19, 5: 10, 4: 28}","{1: 295, 0: 31, 2: 24}","{1: 293, 0: 20, 2: 37}","{1: 293, 0: 36, 2: 21}","{1: 301, 0: 36, 2: 13}",0.07097872775424736,0.024776889780455044,0.090994755160176,0.09275859276994626,0.16115089979732566,0.09695620757647366,0.19508076467862492,0.15183069428269336,0.1145737506586704,0.05856086120392216,0.10889894449394573,0.1307305351688152
8370,2,crash,3,0,1,-277.77809332668915,1121,,,0.11175701405098064,0.1,2.8856358528137207,22.41300392150879,-98.85545349121094,459.11480712890625,0.0,78.99209872267102,747,-2.2419999999999747,-54.52819204936023,-300.0,-0.2477949093012392,"{0: 38, 1: 10, 2: 16, 3: 19, 4: 29}","{0: 3, 1: 13, 2: 41, 3: 55}","{1: 104, 0: 8}","{1: 84, 0: 18, 2: 10}","{1: 102, 0: 10}","{1: 107, 0: 2, 2: 3}",0.05666107720257346,0.03910142715534062,0.0420806389318981,0.028906934238362478,0.14206175802543253,0.09364326492314258,0.16520647867323424,0.14491263793726747,0.11800955613671539,0.053684015869538165,0.12386566714050665,0.08490085141503134
8380,2,max_steps,3,1,0,674.3739354186546,3500,251.0,251.0,0.11064445958870228,0.1,2.8853583335876465,22.458202362060547,-98.85545349121094,468.437744140625,500.0,181.37193541864255,2221,-6.997999999999451,0.0,0.0,0.19267826726247272,"{4: 20, 3: 5, 0: 306, 1: 8, 2: 11}","{3: 312, 2: 24, 0: 3, 1: 11}","{1: 330, 0: 20}","{1: 327, 0: 22, 2: 1}","{1: 329, 2: 5, 0: 16}","{1: 344, 0: 4, 2: 2}",0.03909908471275363,0.01865634449751534,0.05585178838583707,0.04984319371938696,0.12567718518730586,0.055000438739178224,0.1352573310957989,0.13183984174093233,0.13829094038705875,0.011844478262763176,0.19370458952480046,0.15077167358548893
8390,2,max_steps,3,2,0,1242.4977574372367,3500,1537.0,1537.0,0.10954298073936908,0.1,2.89377760887146,22.5052433013916,-98.85545349121094,488.86090087890625,1000.0,319.08153217739596,2423,-6.9959999999994515,-69.58777474015453,0.0,0.3549993592677819,"{6: 59, 5: 51, 4: 74, 3: 90, 0: 61, 1: 6, 2: 9}","{5: 29, 4: 21, 3: 126, 2: 10, 0: 141, 1: 23}","{1: 282, 2: 13, 0: 55}","{1: 254, 2: 47, 0: 49}","{1: 281, 2: 19, 0: 50}","{1: 304, 0: 31, 2: 15}",0.06651194776824518,0.038730750846540714,0.086543860734002,0.08061950116249914,0.21622658056264754,0.07754382776847707,0.234170356074704,0.15761887899400762,0.1475511344565065,0.17117743770777424,0.1994422424837818,0.14071616441898258
8400,2,crash,3,2,1,759.7154768433973,1169,373.5,373.5,0.1084524672439274,0.1,2.9025063514709473,22.548673629760742,-98.85545349121094,489.64337158203125,1000.0,82.42213316435738,860,-2.3339999999999645,-20.372656320955677,-300.0,0.6498849245880216,"{2: 69, 3: 2, 1: 3, 6: 42}","{3: 52, 1: 13, 2: 15, 6: 18, 5: 8, 4: 10}",{1: 116},"{1: 62, 0: 16, 2: 38}","{1: 99, 0: 17}","{1: 86, 0: 29, 2: 1}",0.061066231695822565,0.05720381956585702,0.07100833490915742,0.1107477202498952,0.13464861301232656,0.1313603500212714,0.1896175045724257,0.15740613619977897,0.13618436645648557,0.014384447289015882,0.19759511520112918,0.11909656698530051
8410,2,crash,3,2,1,796.3934203352765,1603,734.0,734.0,0.10737280994096574,0.1,2.9166419506073,22.64098358154297,-98.85545349121094,491.9795837402344,1000.0,109.95970800125926,1099,-3.201999999999869,-10.364287665981472,-300.0,0.4968143607830795,"{2: 105, 3: 1, 0: 29, 1: 11, 5: 7, 6: 7}","{5: 8, 4: 7, 3: 115, 2: 16, 0: 8, 1: 6}","{1: 134, 0: 26}","{1: 130, 2: 19, 0: 11}","{1: 135, 0: 25}","{1: 140, 0: 13, 2: 7}",0.03528645551332517,0.022889344293556463,0.053059305069180426,0.07149958215651053,0.1926889196627085,0.07087788202178241,0.21565063385998945,0.1554789110755517,0.21343961618188337,0.03845781819771993,0.20486648716494732,0.08585778928699903
8420,2,crash,3,2,1,929.1231928672321,2242,1057.0,1057.0,0.10630390075578748,0.1,2.937784433364868,22.789806365966797,-94.9305648803711,484.71795654296875,1000.0,242.14381305016502,1795,-4.479999999999729,-8.540620182931342,-300.0,0.4144171243832436,"{6: 41, 5: 38, 4: 44, 3: 9, 0: 65, 1: 11, 2: 16}","{0: 9, 1: 7, 2: 8, 3: 154, 5: 27, 4: 19}","{1: 189, 2: 9, 0: 26}","{1: 179, 0: 37, 2: 8}","{1: 165, 2: 20, 0: 39}","{1: 178, 2: 15, 0: 31}",0.08588231354709458,0.04243254767079307,0.11431668151630058,0.11049100105889206,0.16420018666849376,0.06657021910070868,0.22195176267162528,0.2059374221060722,0.23213086214220477,0.06123855490499874,0.31844392300276275,0.22358225596048306
8430,2,max_steps,3,2,0,1234.2721525876682,3500,1220.5,1220.5,0.10524563268959257,0.1,2.952789068222046,22.877782821655273,-94.9305648803711,484.5113525390625,1000.0,241.47468981071938,1824,-6.9959999999994515,-0.2065372230465493,0.0,0.3526491864536195,"{3: 22, 6: 155, 5: 33, 4: 34, 0: 106}","{0: 5, 1: 8, 2: 68, 3: 249, 4: 20}","{1: 304, 0: 7, 2: 39}","{1: 320, 0: 22, 2: 8}","{1: 285, 0: 22, 2: 43}","{1: 293, 0: 33, 2: 24}",0.04972129775540833,0.02382296766048213,0.06286622227043612,0.07288532340518847,0.15626460332911685,0.058557747777181514,0.2044360280231064,0.15693044498650977,0.16268640099573264,0.18311382180474084,0.1619455089171262,0.18059866361464086
8440,2,max_steps,3,2,0,1168.7716044509793,3500,1214.5,1214.5,0.10419789980876683,0.1,2.9708573818206787,22.99892234802246,-94.9305648803711,496.2044677734375,1000.0,175.76760445098972,2083,-6.9959999999994515,0.0,0.0,0.3339347441288512,"{2: 129, 1: 25, 3: 9, 4: 76, 5: 83, 6: 28}","{2: 40, 3: 226, 6: 11, 5: 25, 4: 17, 0: 21, 1: 10}","{1: 344, 2: 6}","{1: 314, 0: 23, 2: 13}","{1: 325, 0: 9, 2: 16}","{1: 299, 0: 37, 2: 14}",0.0400372069656824,0.02715623563512609,0.05574807026052109,0.06581048265374284,0.12973133075743604,0.060278296223677294,0.16331820530762498,0.1547039071219862,0.13155158889426388,0.023226237525829387,0.11773905697748421,0.06748007046545249
8450,2,crash,3,0,1,-248.0745965606247,1802,,,0.1031605972342779,0.1,2.9835190773010254,23.083032608032227,-94.9305648803711,502.8040771484375,0.0,67.895260399345,1030,-3.6039999999998247,-12.365856959969577,-300.0,-0.1376662578027884,"{5: 97, 6: 24, 4: 59}","{6: 43, 5: 18, 4: 17, 3: 101, 2: 1}",{1: 180},"{1: 152, 2: 28}","{1: 170, 2: 5, 0: 5}","{1: 159, 0: 18, 2: 3}",0.04068473124346197,0.030562119914777648,0.06290258575458296,0.08887684243751617,0.11283251349672228,0.06965656025762806,0.14809801433785633,0.15096914636375997,,,,
8460,2,max_steps,3,3,0,1852.0020551918162,3500,1126.3333333333333,502.0,0.10213362113117673,0.1,2.9893229007720947,23.107919692993164,-94.9305648803711,493.07623291015625,1500.0,358.9960551918424,2509,-6.993999999999452,0.0,0.0,0.529143444340519,"{0: 36, 1: 11, 2: 12, 3: 33, 6: 69, 5: 50, 4: 139}","{3: 195, 2: 41, 0: 7, 1: 7, 4: 100}","{1: 319, 0: 12, 2: 19}","{1: 317, 0: 32, 2: 1}","{1: 307, 0: 15, 2: 28}","{1: 282, 0: 53, 2: 15}",0.08928871294022972,0.016164781371488583,0.11402815390137674,0.11351298647165445,0.14824819696112337,0.05965997810836318,0.18326267442616873,0.1803700294019286,0.14347253966101334,0.19332382537573103,0.12837631173239517,0.14491068076553615
8470,2,max_steps,3,2,0,1179.9525065550724,3500,1706.5,1706.5,0.10111686869820367,0.1,3.004317283630371,23.216693878173828,-94.9305648803711,503.4056396484375,1000.0,186.94850655507085,2184,-6.9959999999994515,0.0,0.0,0.33712928758716354,"{1: 156, 0: 19, 2: 15, 3: 5, 6: 122, 5: 14, 4: 19}","{3: 298, 4: 16, 2: 23, 1: 13}","{1: 343, 0: 7}","{1: 331, 0: 17, 2: 2}","{1: 329, 0: 11, 2: 10}","{1: 333, 2: 7, 0: 10}",0.031337184531015985,0.02694393389305204,0.04657771419979782,0.059191708723217135,0.12824741186082625,0.05458052248982181,0.15313951109670063,0.14132078171993429,0.14638414738576,0.048759897156552316,0.15305875152607232,0.11125771584418195
8480,2,max_steps,3,4,0,2297.2490335104526,3500,781.5,700.0,0.1001102381574979,0.1,3.0147716999053955,23.22669219970703,-94.9305648803711,477.81060791015625,2000.0,304.2410335104587,2728,-6.991999999999452,0.0,0.0,0.6563568667172721,"{2: 73, 1: 57, 4: 121, 5: 6, 3: 39, 0: 54}","{2: 19, 3: 200, 6: 16, 5: 32, 4: 44, 0: 27, 1: 12}","{1: 328, 0: 22}","{1: 253, 0: 56, 2: 41}","{1: 328, 0: 13, 2: 9}","{1: 330, 2: 12, 0: 8}",0.05117375818069879,0.04721140555333378,0.07275479060738235,0.07979113699614297,0.1326175458572142,0.09853916189718194,0.1692854524337518,0.14405648121344092,0.132325254784866,0.04649387187729912,0.12996286017648265,0.14335126778448398
8490,2,max_steps,3,4,0,2281.262269874635,3500,816.0,783.5,0.09911362874440936,0.1,3.022333860397339,23.277868270874023,-94.9305648803711,477.8759765625,2000.0,288.2542698746478,3016,-6.991999999999452,0.0,0.0,0.6517892199641814,"{2: 69, 3: 24, 4: 72, 6: 15, 5: 52, 1: 43, 0: 75}","{6: 3, 5: 22, 4: 33, 3: 175, 1: 28, 2: 29, 0: 60}","{1: 318, 0: 15, 2: 17}","{1: 263, 2: 33, 0: 54}","{1: 304, 0: 19, 2: 27}","{1: 307, 2: 10, 0: 33}",0.050305714424549064,0.04235971683287275,0.06168466540019807,0.06054608278908185,0.14892317528065793,0.06524433323892521,0.19129319890962643,0.152399572569429,0.12172152982511608,0.033994559999214274,0.18888386099800847,0.1495436300918091
8500,2,crash,3,2,1,810.7595280276394,1214,564.0,564.0,0.09812694069741222,0.1,3.046663761138916,23.409366607666016,-94.9305648803711,483.4888000488281,1000.0,118.97209720247794,982,-2.4239999999999546,-5.788569174838652,-300.0,0.667841456365436,"{3: 26, 0: 69, 1: 11, 2: 10, 4: 5}","{1: 5, 2: 15, 3: 49, 6: 11, 5: 16, 4: 16, 0: 9}","{1: 101, 0: 20}","{1: 91, 0: 11, 2: 19}","{1: 95, 0: 26}","{1: 113, 0: 6, 2: 2}",0.05009176399882491,0.03661937229160501,0.0727702806642021,0.07300373796886953,0.2031352653751655,0.06356136109143268,0.27373575062875694,0.1422991155466896,0.22187675893138445,0.06357083473609067,0.3051850553067535,0.10660721162119026
8510,2,max_steps,3,2,0,1277.8686522282792,3500,1468.5,1468.5,0.09715007524811856,0.1,3.0612986087799072,23.504236221313477,-94.9305648803711,515.8968505859375,1000.0,324.30208961632957,2377,-6.9959999999994515,-39.43743738804605,0.0,0.36510532920807975,"{5: 82, 6: 120, 4: 52, 3: 39, 0: 57}","{0: 41, 1: 17, 2: 20, 3: 222, 4: 7, 6: 38, 5: 5}","{1: 324, 2: 18, 0: 8}","{1: 257, 0: 45, 2: 48}","{1: 312, 2: 21, 0: 17}","{1: 302, 2: 22, 0: 26}",0.07147050077087022,0.028664770051296275,0.08078797544225844,0.08397211164582366,0.14633080407142687,0.1442076435024009,0.18271953376162492,0.1554269973058649,0.09579226997709259,0.21613308238274553,0.16842906648612616,0.1258403350094797
8520,2,max_steps,3,2,0,1206.036095003545,3500,1206.0,1206.0,0.09618293461139156,0.1,3.077421188354492,23.555112838745117,-94.9305648803711,481.3657531738281,1000.0,213.0320950035535,1993,-6.9959999999994515,0.0,0.0,0.34458174142958425,"{1: 84, 2: 104, 3: 29, 4: 33, 5: 30, 6: 24, 0: 46}","{1: 37, 0: 4, 2: 96, 3: 141, 6: 27, 5: 26, 4: 19}","{1: 334, 2: 11, 0: 5}","{1: 290, 0: 40, 2: 20}","{1: 303, 0: 22, 2: 25}","{1: 303, 0: 35, 2: 12}",0.05185562546896135,0.02990506086464578,0.07268916669517933,0.0983290492324706,0.13584827851312853,0.07868355086455121,0.1915611492707407,0.15285286340203919,0.1359214134519302,0.05986302330519552,0.1957621234174556,0.13980412863441416
8530,2,crash,3,3,1,1262.6023950300942,879,215.0,234.0,0.09522542197555721,0.1,3.1003079414367676,23.752187728881836,-94.9305648803711,497.20977783203125,1500.0,85.19085717271702,629,-1.7520000000000013,-20.83646214261979,-300.0,1.4364077304096634,"{3: 25, 2: 37, 1: 2, 6: 23}","{4: 10, 3: 49, 2: 26, 1: 2}","{1: 78, 0: 9}","{1: 60, 2: 15, 0: 12}","{1: 71, 0: 16}","{1: 65, 0: 3, 2: 19}",0.09277659738299406,0.05029915608866789,0.08874075322683518,0.10859858446320128,0.14862955166995998,0.10967034126868576,0.1986409131474245,0.15674993565757442,0.1623475064792722,0.13586670185798763,0.1768470002140753,0.16842557580956877
8540,2,crash,3,3,1,1501.162488448025,3331,1071.3333333333333,1005.0,0.09427744149271328,0.1,3.122457504272461,23.902612686157227,-105.28917694091797,496.0399169921875,1500.0,318.59960582314545,2154,-6.655999999999489,-10.781117375119884,-300.0,0.45066421148244523,"{0: 26, 1: 26, 2: 14, 4: 90, 5: 72, 6: 100, 3: 5}","{5: 1, 4: 17, 3: 270, 1: 12, 2: 33}","{1: 264, 0: 21, 2: 48}","{1: 323, 2: 2, 0: 8}","{1: 258, 0: 24, 2: 51}","{1: 232, 0: 60, 2: 41}",0.0944742372019309,0.01592711636022096,0.13503682924762264,0.11899032568620035,0.1688766342599733,0.05326695807454795,0.24886991093091745,0.29502462615978775,0.1637227575792551,0.02431176516906019,0.17816529037772608,0.03302492236171908
8550,2,max_steps,3,1,0,787.1071412505921,3500,551.0,551.0,0.09333889826913488,0.1,3.13051700592041,23.875608444213867,-105.28917694091797,496.0399169921875,500.0,294.1051412505811,2239,-6.997999999999451,0.0,0.0,0.22488775464302632,"{1: 39, 2: 13, 3: 49, 6: 75, 5: 71, 4: 103}","{1: 5, 2: 26, 3: 304, 4: 15}","{1: 307, 0: 12, 2: 31}","{1: 338, 0: 9, 2: 3}","{1: 268, 0: 32, 2: 50}","{1: 289, 0: 43, 2: 18}",0.0888293123032182,0.012405684589290252,0.11799907128965938,0.13703970052035352,0.1539265739087646,0.044472214511409945,0.20992473423351088,0.15537030896230833,0.1058123473246924,0.04094921819142724,0.20671053877099133,0.14887435456963863
8560,2,max_steps,3,3,0,1733.9736666086844,3500,1127.0,1292.0,0.09240969835577553,0.1,3.1524667739868164,24.018781661987305,-105.28917694091797,489.6081848144531,1500.0,267.63669825642063,2464,-6.993999999999452,-26.669031647729327,0.0,0.4954210476024813,"{6: 72, 5: 26, 4: 81, 3: 32, 2: 42, 0: 67, 1: 30}","{1: 23, 2: 20, 3: 179, 4: 77, 6: 23, 5: 16, 0: 12}","{1: 319, 2: 13, 0: 18}","{1: 300, 0: 22, 2: 28}","{1: 309, 2: 23, 0: 18}","{1: 278, 2: 33, 0: 39}",0.06820995087393014,0.025968051115287327,0.09352360521682698,0.09366954050804377,0.1417032265278503,0.061240645443476176,0.1858371539844954,0.16160261840509751,0.1836216964304974,0.04677195430969684,0.30634428479857734,0.15434552948485555
8570,2,max_steps,3,2,0,1162.549362492167,3500,1641.0,1641.0,0.09148974873886274,0.1,3.1709892749786377,24.12031364440918,-105.28917694091797,491.46826171875,1000.0,169.54536249216255,1734,-6.9959999999994515,0.0,0.0,0.3321569607120477,"{2: 196, 1: 54, 3: 6, 4: 26, 5: 60, 6: 8}","{2: 72, 3: 243, 1: 13, 6: 18, 5: 4}","{1: 321, 0: 23, 2: 6}","{1: 325, 0: 18, 2: 7}","{1: 315, 0: 20, 2: 15}","{1: 318, 0: 21, 2: 11}",0.033427917546542056,0.016008336058715652,0.03667051577365711,0.04149349657497132,0.14000162500338093,0.04982555711372284,0.17771805872404242,0.14891538283196348,0.16271116466814095,0.028297623605862205,0.179981278445545,0.06428740481780153
8580,2,max_steps,3,2,0,1217.404393225724,3500,1445.0,1445.0,0.09057895733058734,0.1,3.18355131149292,24.20430564880371,-105.28917694091797,488.18206787109375,1000.0,224.40039322573205,2636,-6.9959999999994515,0.0,0.0,0.34782982663592116,"{6: 77, 5: 36, 4: 18, 3: 5, 0: 133, 1: 17, 2: 64}","{1: 17, 2: 13, 3: 199, 6: 19, 5: 26, 4: 76}","{1: 334, 2: 5, 0: 11}","{1: 285, 0: 23, 2: 42}","{1: 327, 2: 9, 0: 14}","{1: 327, 0: 17, 2: 6}",0.04494780599804883,0.040138553779789254,0.053608148818160575,0.07145095888950345,0.11453630824200951,0.06513566003982935,0.1463833853704266,0.14432441915497246,0.17499906140678917,0.028488421788309903,0.19420926246532516,0.18928782619752801
8590,2,max_steps,3,2,0,1200.2473735529065,3500,1733.0,1733.0,0.08967723295988522,0.1,3.200556516647339,24.293262481689453,-105.28917694091797,478.6837158203125,1000.0,207.24337355290575,2090,-6.9959999999994515,0.0,0.0,0.34292782101511615,"{3: 54, 4: 202, 5: 42, 0: 26, 1: 10, 2: 12, 6: 4}","{0: 12, 1: 6, 2: 30, 3: 293, 4: 9}","{1: 319, 2: 14, 0: 17}","{1: 324, 0: 23, 2: 3}","{1: 310, 2: 19, 0: 21}","{1: 327, 2: 6, 0: 17}",0.024988818403854585,0.01861552504463261,0.03396635595425658,0.023093858301120485,0.14540014985711636,0.05611020038249815,0.18396093236018396,0.14711717176664565,0.07727841328684605,0.04415747513748446,0.10594557370052814,0.1465477146036037
8600,2,max_steps,3,3,0,1858.7751586175962,3500,791.0,743.0,0.08878448536331125,0.1,3.222107410430908,24.38850975036621,-105.28917694091797,496.845947265625,1500.0,384.3538815222348,2652,-6.993999999999452,-18.584722904627167,0.0,0.5310786167478846,"{6: 29, 5: 33, 4: 58, 3: 103, 0: 56, 1: 6, 2: 65}","{3: 176, 0: 27, 1: 18, 2: 16, 6: 97, 5: 16}","{1: 290, 2: 11, 0: 49}","{1: 271, 0: 27, 2: 52}","{1: 272, 2: 30, 0: 48}","{1: 282, 2: 33, 0: 35}",0.08074646514982711,0.019078485239944782,0.10257451353669637,0.10975982732085848,0.18380855986432473,0.06407264280383146,0.22010274564139734,0.16037705355865414,0.31232833065716925,0.026873007592223132,0.27213729817570403,0.22411081875348207
8610,2,crash,3,2,1,851.4429308008098,1167,547.5,547.5,0.08790062517600361,0.1,3.2438344955444336,24.516115188598633,-105.28917694091797,491.90179443359375,1000.0,160.35383649847083,822,-2.329999999999965,-6.580905697662739,-300.0,0.7295997693237445,"{4: 34, 3: 5, 0: 65, 1: 6, 2: 6}","{1: 9, 2: 6, 3: 94, 4: 1, 5: 6}","{1: 83, 0: 33}","{1: 91, 0: 25}","{1: 73, 2: 8, 0: 35}","{1: 88, 2: 16, 0: 12}",0.12258869526634908,0.0200150758455981,0.1476944473532611,0.107090845292737,0.27462039302530633,0.10557765843122813,0.30712774472445226,0.16689412309776702,0.25984511544242095,0.0685452018194138,0.25647615450786876,0.22040380225847644
8620,2,max_steps,3,4,0,2360.0265010424505,3500,672.0,602.5,0.08702556392273847,0.1,3.2659478187561035,24.67438507080078,-105.28917694091797,496.76019287109375,2000.0,367.0315559890667,2703,-6.991999999999452,-0.013054946633702047,0.0,0.6742932860121287,"{2: 57, 3: 25, 6: 146, 5: 27, 4: 33, 0: 52, 1: 10}","{0: 8, 1: 32, 2: 21, 3: 194, 6: 18, 5: 29, 4: 48}","{1: 263, 0: 50, 2: 37}","{1: 268, 0: 34, 2: 48}","{1: 256, 0: 51, 2: 43}","{1: 292, 0: 43, 2: 15}",0.08388948522483919,0.033968698893530484,0.08561469589935633,0.09245830096113225,0.19397910319598374,0.06779457772323653,0.22111226833003292,0.15618077787513182,0.18694593895485873,0.06282603815325671,0.2222343464697314,0.0729804615578572
8630,2,crash,3,1,1,270.3179712561137,2117,824.0,824.0,0.0861592140090734,0.1,3.274125099182129,24.672252655029297,-105.28917694091797,491.45916748046875,500.0,157.75865232951887,1397,-4.231999999999756,-83.20868107340792,-300.0,0.12768916922820675,"{1: 67, 2: 13, 3: 2, 5: 44, 6: 55, 4: 30}","{0: 15, 1: 17, 2: 16, 3: 34, 4: 59, 5: 53, 6: 17}","{1: 158, 0: 37, 2: 16}","{1: 183, 0: 28}","{1: 130, 0: 56, 2: 25}","{1: 144, 0: 40, 2: 27}",0.08677438103105455,0.025303214559160132,0.12835327245820866,0.10444985900255188,0.1987513290032092,0.06156021642958537,0.3063956716112856,0.3443958772027141,0.17739464468459984,0.01078765827883571,0.18261275625844428,0.055109022085709856
8640,2,crash,3,2,1,797.9205963201939,3100,570.0,570.0,0.08530148871257916,0.1,3.286844253540039,24.748600006103516,-105.28917694091797,477.7436828613281,1000.0,138.65020235944684,2001,-6.19599999999954,-34.53360603923152,-300.0,0.2573937407484497,"{6: 51, 5: 10, 4: 14, 3: 38, 0: 197}","{6: 10, 5: 34, 4: 40, 3: 193, 0: 10, 1: 14, 2: 9}","{1: 299, 2: 11}","{1: 228, 2: 33, 0: 49}","{1: 294, 2: 16}","{1: 290, 2: 10, 0: 10}",0.013845645964683573,0.04423824563586795,0.02863452569464669,0.04615141041386357,0.0764221948554646,0.064458601214246,0.1084192085762592,0.1359930508438228,0.09867961020051551,0.1435138472559824,0.03514568908413309,0.09984733525497967
8650,2,max_steps,3,0,0,155.59944163523443,3500,,,0.08445230217415862,0.1,3.295532464981079,24.81990623474121,-105.28917694091797,482.2088317871094,0.0,162.5994416352342,1766,-6.999999999999451,0.0,0.0,0.044456983324352696,"{2: 213, 1: 68, 0: 69}","{0: 7, 1: 7, 2: 66, 3: 270}",{1: 350},"{1: 322, 0: 28}","{1: 335, 0: 12, 2: 3}","{1: 327, 0: 16, 2: 7}",0.03021966648536855,0.012334209534616808,0.041372394185582986,0.0454898219793342,0.12050083184139412,0.05729352963225709,0.14261013127360808,0.14757054103626563,0.02042335074202054,0.04587661786594081,0.06935994414411661,0.13319980899880024
8660,2,max_steps,3,3,0,1757.704964707894,3500,875.0,561.0,0.08361156938945234,0.1,3.3175346851348877,24.979774475097656,-105.28917694091797,492.8486633300781,1500.0,264.69896470789723,2384,-6.993999999999452,0.0,0.0,0.5022014184879697,"{1: 20, 2: 37, 3: 129, 4: 89, 5: 43, 6: 32}","{4: 50, 3: 159, 0: 30, 1: 16, 2: 10, 6: 70, 5: 15}","{1: 305, 0: 15, 2: 30}","{1: 271, 2: 22, 0: 57}","{1: 298, 0: 17, 2: 35}","{1: 289, 0: 36, 2: 25}",0.05032800830703248,0.03997353815186764,0.08120040720130164,0.09790902098456686,0.15499557344933507,0.06524838181905723,0.20330221155326017,0.17988788579611303,0.10395599305724716,0.061255393709092075,0.11860369962755489,0.15319285631202098
8670,2,max_steps,3,3,0,1697.277069221061,3500,962.0,1202.0,0.0827792062003294,0.1,3.3285465240478516,25.04266929626465,-105.28917694091797,493.9646911621094,1500.0,204.27106922108788,2566,-6.993999999999452,0.0,0.0,0.4849363054917317,"{4: 61, 3: 61, 2: 65, 5: 35, 6: 66, 0: 62}","{1: 5, 2: 82, 3: 84, 6: 84, 5: 18, 4: 15, 0: 62}","{1: 330, 2: 20}","{1: 301, 0: 18, 2: 31}","{1: 320, 2: 27, 0: 3}","{1: 320, 2: 4, 0: 26}",0.03148431338039763,0.017671432477245872,0.048729976563691164,0.07196719925146813,0.14154999568760682,0.06132665264052269,0.17334163412797618,0.1481444505508943,0.13578934701212167,0.06219450386236789,0.1975414990860492,0.12727653586971327
8680,2,crash,3,1,1,288.70397992656655,1132,380.0,380.0,0.08195512928646317,0.1,3.3342926502227783,24.999675750732422,-105.28917694091797,467.74822998046875,500.0,110.25525975603662,876,-2.2619999999999725,-19.289279829471415,-300.0,0.2550388515252355,"{5: 22, 4: 66, 3: 22, 2: 3}","{3: 89, 0: 11, 1: 6, 2: 7}","{1: 99, 2: 14}","{1: 90, 0: 23}","{1: 95, 2: 18}","{1: 100, 2: 1, 0: 12}",0.0772016277674051,0.021825464045191437,0.11260419761686008,0.11774530809536202,0.15872239187704879,0.13301956782857446,0.19979410967620084,0.1597379304349213,0.1432029675431001,0.025958754099116355,0.12792619302836689,0.24126131897669492
8690,2,max_steps,3,2,0,1168.1511846732308,3500,1647.0,1647.0,0.08113925615699087,0.1,3.357916831970215,25.166461944580078,-105.28917694091797,487.2926330566406,1000.0,201.51596976814724,2145,-6.9959999999994515,-26.368785094919087,0.0,0.33375748133520877,"{6: 145, 5: 41, 4: 55, 3: 44, 2: 15, 1: 29, 0: 21}","{3: 179, 4: 44, 2: 14, 5: 53, 6: 39, 0: 21}","{1: 295, 2: 19, 0: 36}","{1: 293, 2: 31, 0: 26}","{1: 287, 2: 36, 0: 27}","{1: 317, 2: 12, 0: 21}",0.052194855234528284,0.034206095168189024,0.06549837123635041,0.06698294779843555,0.17671049735845973,0.06223555959396705,0.20434537531730934,0.14974948885757408,0.13851368848489184,0.06042268073612033,0.18315300196038695,0.13697489719160963
8700,2,crash,3,1,1,285.1098107999816,925,855.0,855.0,0.08033150514225611,0.1,3.3750879764556885,25.29300308227539,-108.55845642089844,497.3629455566406,500.0,93.1595068018367,829,-1.8480000000000014,-6.2016960018552405,-300.0,0.30822682248646655,"{0: 61, 1: 11, 2: 10, 3: 3, 6: 7}","{0: 14, 1: 11, 2: 7, 3: 60}","{1: 72, 0: 20}","{1: 63, 0: 29}","{1: 66, 0: 26}","{1: 84, 0: 2, 2: 6}",0.04101242815531493,0.019708859421107214,0.12446917560948298,0.039449945710829694,0.22638576084760545,0.12062438204574111,0.2660105999519893,0.14700843675769654,0.24290268856205824,0.007394097186441202,0.3288828949657613,0.1022942658638397
8710,2,max_steps,3,4,0,2342.5231908879045,3500,661.25,504.0,0.07953179538563375,0.1,3.391597270965576,25.427927017211914,-108.55845642089844,485.7682189941406,2000.0,349.51519088789786,2586,-6.991999999999452,0.0,0.0,0.669292340253687,"{5: 46, 4: 42, 3: 35, 0: 30, 1: 30, 2: 38, 6: 129}","{6: 21, 5: 13, 4: 15, 3: 212, 2: 35, 1: 45, 0: 9}","{1: 283, 2: 31, 0: 36}","{1: 302, 2: 22, 0: 26}","{1: 268, 2: 44, 0: 38}","{1: 287, 2: 37, 0: 26}",0.07275943936109512,0.020410531925547974,0.10381317299597194,0.1066512076609647,0.17664093711380527,0.06244020575994606,0.2140704940291509,0.15722923443203032,0.15184151498250065,0.06313071577155228,0.21605660650999242,0.14273729166585689
8720,2,crash,3,1,1,273.4033203909016,1405,1031.0,1031.0,0.07874004683543595,0.1,3.409680128097534,25.52531623840332,-108.55845642089844,516.4230346679688,500.0,90.10352344005906,1252,-2.8079999999999123,-13.892203049157219,-300.0,0.1945931105985065,"{6: 55, 5: 12, 4: 32, 3: 11, 2: 30}","{0: 2, 1: 17, 2: 26, 3: 58, 6: 37}",{1: 140},"{1: 117, 0: 18, 2: 5}","{1: 127, 2: 13}","{1: 124, 2: 9, 0: 7}",0.043377930825652763,0.04420339006578633,0.04641114026942237,0.10206826402549966,0.1315451985974919,0.061915858742125914,0.1760645583730788,0.1506454113322038,0.1393037823361721,0.04687982123155227,0.17007056842655424,0.15145529171007635
8730,2,max_steps,3,3,0,1802.254872223627,3500,1089.3333333333333,1201.0,0.07795618023689915,0.1,3.420776605606079,25.55876350402832,-108.55845642089844,494.9762268066406,1500.0,309.2488722236425,2779,-6.993999999999452,0.0,0.0,0.5149299634924649,"{1: 138, 2: 61, 6: 85, 5: 11, 4: 18, 3: 7, 0: 30}","{5: 19, 4: 33, 3: 134, 0: 42, 1: 11, 2: 21, 6: 90}","{1: 317, 0: 33}","{1: 290, 2: 28, 0: 32}","{1: 306, 0: 29, 2: 15}","{1: 330, 0: 10, 2: 10}",0.0778934083276971,0.023743400287371548,0.08650887865350897,0.08022661534488537,0.14615658724612476,0.06431824751019335,0.18774677752728472,0.1468726423550828,0.17067406192293805,0.02565536721635761,0.1944760905133743,0.10771698247156657
8740,2,crash,3,0,1,-227.52983165482163,2696,,,0.07718011712425037,0.1,3.430541753768921,25.538673400878906,-108.55845642089844,496.8893737792969,0.0,163.0549806047904,1452,-5.391999999999628,-85.19281225961173,-300.0,-0.08439533815089824,"{4: 171, 5: 63, 6: 26, 3: 9}","{0: 6, 1: 8, 2: 13, 3: 234, 4: 8}","{1: 243, 2: 17, 0: 9}","{1: 228, 0: 41}","{1: 214, 0: 23, 2: 32}","{1: 198, 0: 34, 2: 37}",0.05373490481722748,0.013974304991040293,0.07283493501672005,0.08872880503222556,0.1444422326093869,0.06307925180411307,0.2405610512201095,0.3119015075535564,0.06866960392276655,0.06311926970767084,0.31838561141742694,0.23089453023145742
8750,2,max_steps,3,4,0,2217.1214014538073,3500,663.0,641.5,0.0764117798128528,0.1,3.447495698928833,25.62833595275879,-108.55845642089844,504.0861511230469,2000.0,226.2252284716173,2506,-6.991999999999452,-2.1118270178226095,0.0,0.6334632575582306,"{5: 49, 4: 120, 3: 49, 1: 54, 2: 48, 0: 30}","{2: 146, 3: 120, 5: 17, 4: 34, 1: 33}","{1: 325, 0: 23, 2: 2}","{1: 321, 0: 19, 2: 10}","{1: 309, 0: 34, 2: 7}","{1: 321, 0: 23, 2: 6}",0.06377802945773284,0.022445752725159872,0.0650492301332209,0.07744383313923262,0.13988391607137302,0.05882938028213134,0.18809924803675826,0.14789419231140372,0.14399222556504726,0.043683720048198926,0.21529173012211442,0.14547519778290893
8760,2,max_steps,3,4,0,2296.5894000119615,3500,763.75,707.5,0.07565109139142949,0.1,3.4556212425231934,25.64340591430664,-108.55845642089844,499.28582763671875,2000.0,303.5814000119663,2492,-6.991999999999452,0.0,0.0,0.6561684000034176,"{2: 96, 1: 68, 3: 23, 6: 41, 5: 30, 4: 47, 0: 45}","{4: 31, 3: 274, 0: 41, 1: 4}","{1: 314, 0: 9, 2: 27}","{1: 306, 2: 4, 0: 40}","{1: 295, 0: 13, 2: 42}","{1: 294, 0: 39, 2: 17}",0.07429149643867598,0.029927019118198936,0.09361244803140677,0.09880369284175741,0.15103983066949825,0.06090510363006438,0.20013207596594823,0.159166396223112,0.1555197828454835,0.049202201030382205,0.1671454547864294,0.23690643658903301
8770,2,max_steps,3,3,0,1858.227631222722,3500,913.6666666666666,666.0,0.07489797571436453,0.1,3.468890428543091,25.68659019470215,-108.55845642089844,500.59539794921875,1500.0,365.221631222741,2483,-6.993999999999452,0.0,0.0,0.5309221803493491,"{5: 157, 4: 65, 3: 2, 0: 48, 1: 7, 2: 11, 6: 60}","{1: 8, 2: 45, 3: 244, 6: 34, 5: 9, 4: 10}","{1: 254, 2: 56, 0: 40}","{1: 307, 0: 16, 2: 27}","{1: 231, 2: 70, 0: 49}","{1: 255, 2: 41, 0: 54}",0.09296502374985216,0.02259021689812592,0.12803960380056467,0.13227045150826558,0.18817223729631627,0.06147440456014603,0.2666099833359208,0.29460614574846977,0.19869780818207558,0.052625270498260296,0.16853993128503694,0.29356234032683065
8780,2,max_steps,3,3,0,1740.7455201676962,3500,929.0,802.0,0.07415235739408067,0.1,3.4852352142333984,25.794677734375,-108.55845642089844,517.626220703125,1500.0,295.2372177160531,2511,-6.993999999999452,-47.49769754835691,0.0,0.49735586290505607,"{2: 54, 5: 48, 6: 100, 4: 78, 3: 4, 0: 61, 1: 5}","{5: 6, 4: 42, 3: 244, 2: 20, 0: 33, 1: 5}","{1: 284, 0: 28, 2: 38}","{1: 292, 2: 9, 0: 49}","{1: 279, 0: 32, 2: 39}","{1: 270, 0: 47, 2: 33}",0.04957599193117443,0.024871827641636333,0.08733589277896922,0.09467288198400442,0.1746898261329519,0.06257878680068582,0.22769647255577405,0.22444901140222145,0.213833389146939,0.01877240230255877,0.2317631610425976,0.1699595008131175
8790,2,crash,3,1,1,274.36547121498637,907,801.0,801.0,0.07341416179349303,0.1,3.4958205223083496,25.886966705322266,-108.55845642089844,517.626220703125,500.0,82.6439323189788,800,-1.8120000000000014,-6.466461103993327,-300.0,0.3024977631918262,"{0: 58, 1: 11, 2: 10, 3: 1, 6: 10}","{5: 18, 4: 16, 3: 56}","{1: 68, 0: 22}","{1: 82, 2: 8}","{1: 64, 0: 26}","{1: 81, 0: 2, 2: 7}",0.03928139974206672,0.04143023519036376,0.12352009748707646,0.06330808078671113,0.23848895170161374,0.05956758885826071,0.26659581494926593,0.1499070836074537,0.23145304346093987,0.01105536133118877,0.3117927326348512,0.1052941351087471
8800,2,max_steps,3,2,0,1179.5801880216288,3500,1562.5,1562.5,0.07268331501853788,0.1,3.513993978500366,26.008012771606445,-108.55845642089844,515.0830078125,1000.0,186.57618802162213,1903,-6.9959999999994515,0.0,0.0,0.33702291086332253,"{0: 22, 1: 17, 2: 13, 3: 14, 4: 180, 5: 66, 6: 38}","{1: 9, 2: 28, 3: 290, 4: 23}","{1: 340, 0: 10}","{1: 313, 0: 28, 2: 9}","{1: 326, 0: 12, 2: 12}","{1: 329, 0: 2, 2: 19}",0.05212132135943483,0.02827639486352907,0.0726173084706284,0.0638832356714801,0.1302728084212392,0.0602320186905601,0.16961624550806242,0.14791093415990816,0.1351979653549086,0.0457089526378118,0.11015364256173138,0.1408369697051395
8810,2,crash,3,1,1,181.88012828681934,1650,636.0,636.0,0.07195974391077571,0.1,3.5272397994995117,26.083520889282227,-108.55845642089844,515.0830078125,500.0,75.93864718677999,937,-3.2979999999998584,-90.76051889996363,-300.0,0.11023038077989052,"{0: 36, 1: 12, 2: 14, 3: 1, 6: 102}","{5: 4, 4: 16, 3: 43, 0: 102}","{1: 158, 0: 7}","{1: 135, 2: 15, 0: 15}","{1: 159, 0: 6}","{1: 162, 0: 1, 2: 2}",0.052352170409928234,0.042656189917409396,0.06298161673558123,0.05799575370212608,0.12606140955751025,0.06210608442705857,0.16054376815062674,0.14008265799787012,0.12304752976997248,0.05319970928446577,0.045873374273817366,0.06451768080526499
8820,2,max_steps,3,2,0,1276.273592038795,3500,1161.0,1161.0,0.07124337604006811,0.1,3.539583683013916,26.156034469604492,-108.55845642089844,515.0830078125,1000.0,329.43960905393277,2492,-6.9959999999994515,-46.17001701512921,0.0,0.36464959772537,"{6: 85, 5: 97, 4: 59, 3: 6, 0: 80, 1: 11, 2: 12}","{2: 57, 3: 221, 6: 7, 5: 16, 4: 24, 0: 16, 1: 9}","{1: 326, 2: 7, 0: 17}","{1: 302, 0: 30, 2: 18}","{1: 281, 2: 32, 0: 37}","{1: 288, 2: 26, 0: 36}",0.09569490515022218,0.022560179082964562,0.10542937746669843,0.1208748577486562,0.1465979867246774,0.06351735903891269,0.20181413995453806,0.1536123917028631,0.15874503477571783,0.015877654018602125,0.17474689945175673,0.07700748949502717
8830,2,crash,3,0,1,-301.90046912820736,2515,,,0.07053413969732726,0.1,3.54817271232605,26.210046768188477,-108.55845642089844,503.6853332519531,0.0,19.956747174262368,609,-5.029999999999668,-16.82721630246963,-300.0,-0.12003994796350194,{6: 251},"{3: 226, 4: 7, 2: 18}",{1: 251},"{1: 249, 2: 2}",{1: 251},"{1: 248, 0: 3}",0.0324271515129812,0.0246159130883895,0.04315649239018593,0.03397272347635592,0.09030628070770517,0.048316626889577406,0.1162089618701987,0.09778955059465343,,,,
8840,2,crash,3,2,1,768.390181774341,1208,545.5,545.5,0.069831963887338,0.1,3.5582752227783203,26.251060485839844,-108.55845642089844,503.2728271484375,1000.0,119.43118547816378,939,-2.411999999999956,-48.62900370382217,-300.0,0.6360845875615406,"{0: 17, 1: 12, 2: 20, 3: 60, 6: 11}","{3: 39, 2: 20, 0: 29, 1: 21, 6: 11}","{1: 107, 0: 13}","{1: 90, 0: 29, 2: 1}","{1: 104, 0: 16}","{1: 103, 0: 2, 2: 15}",0.081909167468276,0.022489728109344173,0.09982853718309187,0.10491804684998168,0.1523577080377608,0.10122127074927827,0.18912374228868523,0.1537905106756009,0.17357820112861838,0.07297446299465281,0.2183615969689694,0.12138906992548644
8850,2,max_steps,3,4,0,2299.2079893681166,3500,808.5,852.0,0.06913677832165101,0.1,3.578310251235962,26.3403377532959,-108.55845642089844,501.61956787109375,2000.0,306.19998936810833,2915,-6.991999999999452,0.0,0.0,0.6569165683908904,"{4: 56, 3: 13, 2: 42, 1: 28, 0: 90, 5: 94, 6: 27}","{5: 13, 4: 31, 3: 174, 2: 22, 0: 72, 1: 19, 6: 19}","{1: 296, 2: 30, 0: 24}","{1: 279, 2: 35, 0: 36}","{1: 297, 2: 32, 0: 21}","{1: 321, 2: 8, 0: 21}",0.06768556825222735,0.043147011042600034,0.0683791812616705,0.058107030002618326,0.15726670800463563,0.07812615001934739,0.20107747627184946,0.14856432029544123,0.15756187348381592,0.022091829845051147,0.2294616180918181,0.2507999312878114
8860,2,max_steps,3,3,0,1738.3710589169757,3500,835.3333333333334,832.0,0.06844851341154691,0.1,3.5957491397857666,26.41333770751953,-108.55845642089844,499.2139892578125,1500.0,245.3650589169873,2234,-6.993999999999452,0.0,0.0,0.4966774454048502,"{1: 104, 2: 64, 3: 66, 4: 40, 5: 24, 0: 52}","{2: 46, 3: 284, 5: 11, 4: 9}","{1: 327, 0: 16, 2: 7}","{1: 329, 0: 5, 2: 16}","{1: 312, 0: 26, 2: 12}","{1: 326, 0: 20, 2: 4}",0.06604157340180197,0.019859897149797037,0.09283810074650473,0.0873215269131121,0.1449189697571616,0.05408711329224158,0.18325995904043013,0.1480172050143012,0.14967803054948634,0.05368756444198145,0.15956310378088004,0.1430660806839301
8870,2,crash,3,0,1,-267.37627832038294,2037,,,0.06776710026107029,0.1,3.6027605533599854,26.448177337646484,-108.55845642089844,496.2310485839844,0.0,47.22924930259408,458,-4.073999999999773,-10.531527622976922,-300.0,-0.13125983226332005,"{4: 67, 5: 52, 6: 84}","{2: 20, 3: 183}","{1: 201, 0: 2}","{1: 183, 0: 15, 2: 5}","{1: 185, 2: 10, 0: 8}","{1: 188, 2: 12, 0: 3}",0.07038874674584396,0.02916143515980387,0.08821630670062008,0.07297523653294201,0.12423048914413826,0.05987275888878751,0.16726236452545482,0.14817314389523897,,,,
8880,2,max_steps,3,1,0,622.5278865767315,3500,777.0,777.0,0.06709247066013334,0.1,3.6199376583099365,26.528583526611328,-108.55845642089844,495.8776550292969,500.0,185.63350431952514,2163,-6.997999999999451,-56.10761774280396,0.0,0.17786511045049472,"{0: 53, 1: 11, 2: 11, 3: 31, 4: 149, 5: 95}","{0: 13, 1: 9, 2: 6, 3: 151, 6: 29, 5: 20, 4: 122}","{1: 324, 0: 20, 2: 6}","{1: 292, 0: 36, 2: 22}","{1: 321, 0: 20, 2: 9}","{1: 312, 0: 20, 2: 18}",0.03191691820506034,0.03266993027358717,0.05210701593770764,0.06066415545340073,0.14209738973443245,0.06346358458804083,0.17257607717098666,0.15056100633284109,0.13925806761064763,0.06330067936306559,0.17493370121823745,0.28577367644289237
8890,2,max_steps,3,3,0,1711.0211617253892,3500,1042.3333333333333,899.0,0.06642455707768775,0.1,3.627310276031494,26.537677764892578,-108.55845642089844,482.84588623046875,1500.0,218.0151617254069,2450,-6.993999999999452,0.0,0.0,0.4888631890643969,"{3: 34, 4: 204, 5: 56, 6: 18, 0: 38}","{5: 10, 4: 26, 3: 172, 0: 17, 1: 11, 2: 88, 6: 26}","{1: 345, 2: 5}","{1: 274, 2: 38, 0: 38}","{1: 335, 2: 9, 0: 6}","{1: 336, 0: 10, 2: 4}",0.04673239775141442,0.03567245194476354,0.06609002642691589,0.05667833068129696,0.10098367128615754,0.10243601250982022,0.12437540190548325,0.14012014883451385,0.10227345576324028,0.05933504999890991,0.11410304427980265,0.13798074393538898
8900,2,max_steps,3,2,0,1129.1642069313164,3500,1060.5,1060.5,0.06576329265496494,0.1,3.6493120193481445,26.69870948791504,-108.55845642089844,489.5541687011719,1000.0,229.6887840782093,2199,-6.9959999999994515,-93.52857714688638,0.0,0.32261834483751894,"{5: 35, 4: 14, 0: 161, 1: 11, 2: 12, 3: 1, 6: 116}","{3: 214, 6: 17, 5: 41, 4: 78}","{1: 308, 2: 18, 0: 24}","{1: 295, 2: 29, 0: 26}","{1: 315, 2: 16, 0: 19}","{1: 303, 2: 26, 0: 21}",0.05729748558669257,0.019931663787397944,0.07553755063090911,0.07071641654032262,0.15564906674938617,0.06119327495478112,0.17860902135701975,0.15336042061762858,0.20056850848038832,0.011343799181721577,0.2560134027210046,0.10304024450418671
8910,2,crash,3,2,1,838.972673617089,2490,1206.0,1206.0,0.06510861119878338,0.1,3.6588809490203857,26.754920959472656,-108.55845642089844,510.73626708984375,1000.0,164.49952830581145,1600,-4.975999999999674,-20.550854688729245,-300.0,0.33693681671369036,"{3: 30, 6: 184, 5: 11, 4: 16, 0: 8}","{0: 10, 1: 6, 2: 89, 3: 136, 6: 8}","{1: 235, 2: 14}","{1: 213, 0: 30, 2: 6}","{1: 233, 2: 16}","{1: 220, 0: 25, 2: 4}",0.02589231034144485,0.01238345032787902,0.04579422352658236,0.05837515302869596,0.13113842934055742,0.06304881901110543,0.15831191406482617,0.1510773352958741,0.18421237459643214,0.1973905963587805,0.233953203986175,0.15029032380639884
8920,2,max_steps,3,3,0,1802.7661225902857,3500,1149.6666666666667,473.0,0.06446044717492257,0.1,3.6794605255126953,26.91097068786621,-108.55845642089844,496.7574157714844,1500.0,309.7601225902875,2272,-6.993999999999452,0.0,0.0,0.5150760350257959,"{6: 105, 5: 70, 4: 72, 3: 44, 0: 19, 1: 15, 2: 25}","{2: 206, 3: 100, 1: 8, 6: 24, 5: 5, 4: 7}","{1: 306, 2: 27, 0: 17}","{1: 299, 0: 21, 2: 30}","{1: 290, 2: 37, 0: 23}","{1: 283, 2: 30, 0: 37}",0.06501131744879482,0.012896254717207813,0.08774126886014183,0.10386701604322175,0.15393832636156152,0.10679559812991937,0.2021548553501514,0.21501238393524208,0.15115237267702836,0.1217135370212029,0.13067465440508927,0.1493427102764497
8930,2,max_steps,3,0,0,140.25558637742438,3500,,,0.063818735701563,0.1,3.6916441917419434,26.952407836914062,-108.55845642089844,497.56829833984375,0.0,147.25558637742458,1826,-6.999999999999451,0.0,0.0,0.04007302467926411,"{6: 52, 5: 35, 4: 263}","{4: 5, 3: 200, 2: 145}","{1: 329, 2: 21}","{1: 341, 2: 2, 0: 7}","{1: 314, 2: 27, 0: 9}","{1: 303, 2: 9, 0: 38}",0.027926731263160972,0.018639911272530618,0.047175788951356656,0.06370797613394666,0.11638702845259148,0.05254143113503315,0.186050611416997,0.1601336906096429,0.01869833083299201,0.04216928708676463,0.11928824407777427,0.12089205859174137
8940,2,max_steps,3,4,0,2380.163817207218,3500,625.75,615.5,0.06318341254279153,0.1,3.7132978439331055,27.10953712463379,-108.55845642089844,512.8273315429688,2000.0,387.1558172072061,2413,-6.991999999999452,0.0,0.0,0.6800468049163481,"{2: 63, 3: 17, 4: 92, 5: 68, 6: 64, 1: 13, 0: 33}","{0: 9, 1: 13, 2: 57, 3: 223, 5: 23, 6: 11, 4: 14}","{1: 244, 0: 51, 2: 55}","{1: 280, 0: 45, 2: 25}","{1: 243, 0: 39, 2: 68}","{1: 278, 0: 43, 2: 29}",0.1082796601264546,0.02559693862827713,0.13645517641335655,0.10451402600079912,0.20505950857919583,0.08931146943516444,0.2658069944336934,0.23144529360744914,0.19691338979404663,0.0647286960897629,0.2556150003121092,0.1264481980476893
8950,2,max_steps,3,2,0,1320.5066674249713,3500,1180.0,1180.0,0.06255441410217115,0.1,3.7313122749328613,27.218820571899414,-108.55845642089844,536.0071411132812,1000.0,329.73870440236345,2351,-6.9959999999994515,-2.2360369773855635,0.0,0.3772876192642775,"{6: 20, 5: 62, 4: 128, 3: 2, 0: 111, 1: 9, 2: 18}","{3: 178, 6: 20, 5: 17, 4: 22, 0: 27, 1: 11, 2: 75}","{1: 313, 2: 15, 0: 22}","{1: 287, 0: 35, 2: 28}","{1: 295, 2: 25, 0: 30}","{1: 305, 2: 20, 0: 25}",0.06204243040865905,0.019106835732886802,0.08303169666830201,0.07238800703974402,0.15142198720062666,0.10246670615057792,0.19550799376676434,0.15153169072594247,0.161974873405178,0.009012100271486374,0.19483541803471513,0.07319092007314595
8960,2,crash,3,1,1,266.1281031849393,1573,875.0,875.0,0.06193167741637503,0.1,3.7466869354248047,27.278493881225586,-108.55845642089844,515.1060791015625,500.0,87.90747596851554,936,-3.1439999999998753,-18.63537278357983,-300.0,0.1691850624189061,"{6: 20, 5: 28, 4: 34, 3: 5, 2: 4, 1: 62, 0: 4}","{0: 27, 1: 10, 2: 11, 3: 109}",{1: 157},"{1: 129, 0: 28}","{1: 146, 2: 11}","{1: 143, 2: 6, 0: 8}",0.04718175595251181,0.019799979096921324,0.07734563558884186,0.1139251879377403,0.1303188476327293,0.06787523656379493,0.16013352279612483,0.1490747880051169,0.13571459343834158,0.019672365442429764,0.14178122831402415,0.13639542679764952
8970,2,crash,3,2,1,833.582618482289,1417,473.5,473.5,0.06131514014888378,0.1,3.7725155353546143,27.398731231689453,-108.55845642089844,536.6510620117188,1000.0,149.33066710570543,1237,-2.82999999999991,-12.918048623417228,-300.0,0.5882728429656239,"{0: 38, 1: 7, 2: 33, 3: 30, 4: 33}","{1: 3, 2: 19, 3: 72, 6: 47}","{1: 114, 0: 21, 2: 6}","{1: 108, 0: 15, 2: 18}","{1: 117, 0: 15, 2: 9}","{1: 117, 0: 15, 2: 9}",0.09678657944968834,0.0468779835754202,0.11537758443602258,0.09403725295451579,0.17077155585060405,0.07108072721502955,0.21219069572691737,0.15583548240489464,0.15306643541574555,0.07145353937049842,0.09031088039047978,0.32643909548825495
8980,2,max_steps,3,3,0,1807.7698397850986,3500,870.6666666666666,338.0,0.060704740583745566,0.1,3.790905475616455,27.492597579956055,-108.55845642089844,558.7003173828125,1500.0,320.0606347914422,2510,-6.993999999999452,-5.296795006338066,0.0,0.5165056685100282,"{6: 135, 5: 51, 4: 37, 3: 6, 1: 20, 0: 84, 2: 17}","{1: 5, 2: 16, 3: 251, 4: 51, 6: 19, 5: 8}","{1: 301, 2: 28, 0: 21}","{1: 296, 0: 19, 2: 35}","{1: 279, 0: 32, 2: 39}","{1: 273, 0: 42, 2: 35}",0.06362235630583998,0.03075977811516229,0.08312224602627033,0.08915457575723838,0.2049852800858789,0.06249106135732011,0.2680854429084473,0.2176248645669751,0.2565250890375986,0.04704068085692998,0.17098443742647496,0.29633142187513833
8990,2,max_steps,3,3,0,1705.7660526829036,3500,971.6666666666666,937.0,0.060100417619398216,0.1,3.806424379348755,27.57632827758789,-108.55845642089844,581.449462890625,1500.0,356.19028680152434,2607,-6.993999999999452,-143.43023411861694,0.0,0.48736172933797245,"{1: 45, 0: 35, 2: 33, 3: 86, 4: 79, 6: 66, 5: 6}","{5: 19, 4: 52, 3: 183, 0: 16, 1: 6, 2: 24, 6: 50}","{1: 271, 0: 20, 2: 59}","{1: 295, 2: 21, 0: 34}","{1: 279, 0: 9, 2: 62}","{1: 301, 0: 25, 2: 24}",0.06963875741194012,0.03243238996926849,0.09213155702955625,0.07207580408753608,0.22083602893645052,0.06156279410676277,0.21856505988940853,0.15241498685312269,0.16241399139158558,0.05818458987764924,0.17044655798203429,0.26882097158329776
9000,2,crash,3,1,1,239.84504211301584,853,510.0,510.0,0.05950211076255295,0.1,3.819382667541504,27.63290023803711,-108.55845642089844,522.3636474609375,500.0,67.47929894220127,506,-1.7040000000000013,-25.930256829186593,-300.0,0.2811782439777442,"{0: 26, 1: 10, 2: 14, 4: 8, 5: 15, 6: 12}","{4: 8, 3: 42, 0: 9, 1: 7, 2: 19}","{1: 75, 0: 10}","{1: 70, 2: 1, 0: 14}","{1: 78, 0: 7}","{1: 77, 0: 8}",0.09979078213202244,0.03490541198214594,0.10814861223348744,0.07224044415272929,0.1514634393079879,0.10027394513152127,0.17253931965681307,0.14879987657369032,0.1332982159190041,0.029842893022593645,0.11329386358919989,0.06606931841334493
9010,2,success,3,5,0,2835.4861453622802,3497,699.4,835.0,0.05890976012213889,0.1,3.8422434329986572,27.7122802734375,-108.55845642089844,520.7862548828125,2500.0,342.47332762272987,2808,-6.983999999999453,-0.0031822604505803154,0.0,0.8108338991599314,"{3: 83, 6: 55, 5: 45, 4: 25, 1: 20, 0: 51, 2: 70}","{5: 15, 4: 23, 3: 173, 0: 56, 1: 5, 2: 14, 6: 63}","{1: 313, 2: 23, 0: 13}","{1: 236, 2: 69, 0: 44}","{1: 305, 2: 28, 0: 16}","{1: 308, 2: 17, 0: 24}",0.04754491130137692,0.04785705741290215,0.0684145672668457,0.09420979317101412,0.15013499095368849,0.11501440805754803,0.19354458709941796,0.15144772885152108,0.15430593287890282,0.06171894451350854,0.2016149262750356,0.14635866625539806
9020,2,max_steps,3,4,0,2203.780510411372,3500,827.5,782.5,0.05832330640330799,0.1,3.8604981899261475,27.828628540039062,-108.55845642089844,519.6256713867188,2000.0,263.7895070982187,2313,-6.991999999999452,-53.01699668685065,0.0,0.629651574403249,"{2: 78, 3: 11, 4: 81, 5: 100, 6: 41, 0: 32, 1: 7}","{4: 58, 3: 200, 1: 14, 2: 47, 6: 22, 5: 9}","{1: 308, 2: 18, 0: 24}","{1: 286, 0: 28, 2: 36}","{1: 299, 0: 28, 2: 23}","{1: 298, 0: 27, 2: 25}",0.059855152226142835,0.027595395813419694,0.07706925929608666,0.1035319894871375,0.16591677163592985,0.08161062849787334,0.19900053781951685,0.15392364632613512,0.15316829563636158,0.05464061522295121,0.11510276675800653,0.24405960416305483
9030,2,crash,3,3,1,1504.2442238694566,3196,749.0,808.0,0.05774269090149949,0.1,3.8835856914520264,27.89952278137207,-108.55845642089844,503.6336364746094,1500.0,325.34808112562274,2180,-6.385999999999519,-14.717857256145159,-300.0,0.47066465077267106,"{0: 69, 1: 21, 2: 20, 4: 94, 5: 61, 3: 30, 6: 24}","{0: 19, 1: 15, 2: 11, 3: 223, 6: 24, 5: 9, 4: 18}","{1: 245, 0: 42, 2: 32}","{1: 233, 0: 54, 2: 32}","{1: 240, 0: 44, 2: 35}","{1: 254, 0: 34, 2: 31}",0.07235236052369108,0.02692242253332574,0.08812625393026059,0.09656029282900669,0.22326380961270686,0.1447034111989461,0.27830145426604797,0.18808190931330285,0.19509276117960092,0.053588134204307,0.1308884875598177,0.23704715906380044
9040,2,crash,3,0,1,-231.96810159968663,1608,,,0.057167855496563585,0.1,3.906813621520996,28.04414939880371,-108.55845642089844,502.9757080078125,0.0,89.44301607301833,765,-3.2159999999998674,-18.195117672704868,-300.0,-0.1442587696515464,"{5: 69, 6: 24, 4: 62, 3: 5}","{1: 9, 2: 6, 3: 107, 4: 36, 5: 2}","{1: 136, 2: 8, 0: 16}","{1: 118, 0: 42}","{1: 113, 2: 21, 0: 26}","{1: 94, 2: 38, 0: 28}",0.07694223885191143,0.019151446128867752,0.11070915556939999,0.145456815805042,0.15947996204733866,0.10232806744041412,0.2172713645349772,0.2589456303054309,,,,
9050,2,crash,3,1,1,209.51872052471543,1199,402.0,402.0,0.05659874264694349,0.1,3.9200549125671387,28.116762161254883,-108.55845642089844,517.8593139648438,500.0,65.04128158078211,853,-2.3959999999999577,-53.12656105606633,-300.0,0.17474455423245658,"{2: 49, 3: 12, 4: 40, 5: 18}","{0: 4, 1: 8, 2: 5, 3: 23, 6: 79}","{1: 96, 0: 23}","{1: 93, 0: 19, 2: 7}","{1: 96, 0: 23}","{1: 109, 0: 1, 2: 9}",0.03177468659448636,0.016543817604382106,0.04888458990518532,0.057517309401425035,0.1996323254895819,0.12276559795018285,0.2371960458901273,0.14666236876219166,0.11878304225740376,0.012795295304689074,0.23273040498466172,0.14757750805882122
9060,2,crash,3,1,1,287.07568522402016,1722,458.0,458.0,0.05603529538391554,0.1,3.9400222301483154,28.23046875,-108.55845642089844,513.9918823242188,500.0,113.2503432362747,1622,-3.4419999999998425,-22.732658012254397,-300.0,0.16671061859699196,"{3: 32, 2: 13, 5: 120, 6: 7}","{0: 10, 1: 6, 2: 7, 3: 50, 6: 81, 5: 12, 4: 6}",{1: 172},"{1: 80, 0: 27, 2: 65}",{1: 172},"{1: 170, 0: 2}",0.00886412731089202,0.060763443891611674,0.012274135908696797,0.014640498398359394,0.025029634477849776,0.15504023458608937,0.035686100725015824,0.045214790103430554,0.016950381094275897,0.15573546310223732,0.04112499734762599,0.04721564934751955
9070,2,crash,3,1,1,247.96171332079592,910,674.0,674.0,0.055477457305886504,0.1,3.9533238410949707,28.334686279296875,-108.55845642089844,513.5621948242188,500.0,65.13229402162743,723,-1.8180000000000014,-15.352580700832329,-300.0,0.2724853992536219,"{0: 39, 1: 13, 2: 14, 3: 12, 4: 13}","{5: 11, 4: 16, 3: 40, 0: 24}","{1: 73, 0: 18}","{1: 82, 2: 9}","{1: 71, 0: 20}","{1: 75, 0: 3, 2: 13}",0.09247575176963846,0.017310244206485623,0.11796278122981675,0.06564627597360731,0.18409061620894174,0.059783021384755844,0.20755476455735736,0.2572027428629937,0.15221571417134086,0.01826703167948173,0.2031735960351027,0.1431484841704044
9080,2,max_steps,3,2,0,1164.4947815433804,3500,1680.5,1680.5,0.05492517257274782,0.1,3.9678990840911865,28.424991607666016,-108.55845642089844,521.6018676757812,1000.0,216.14561933395953,2197,-6.9959999999994515,-44.654837790581674,0.0,0.33271279472668014,"{0: 51, 1: 104, 2: 42, 3: 12, 4: 15, 5: 19, 6: 107}","{5: 14, 4: 30, 3: 176, 0: 18, 1: 16, 2: 96}","{1: 281, 0: 46, 2: 23}","{1: 307, 2: 17, 0: 26}","{1: 283, 0: 43, 2: 24}","{1: 310, 0: 24, 2: 16}",0.05020753007564484,0.014279536545228136,0.06964814670971572,0.06469217282302789,0.20435344233523653,0.0605071849487687,0.22745062778954764,0.1542168299406488,0.22728739797871902,0.01263235654630073,0.2836123609221999,0.17453658601919878
9090,2,max_steps,3,3,0,1810.6164039097368,3500,955.6666666666666,956.0,0.054378385900285875,0.1,3.987605094909668,28.51759147644043,-108.55845642089844,540.3652954101562,1500.0,355.2342287396442,2073,-6.993999999999452,-37.623824829884605,0.0,0.5173189725456391,"{6: 150, 5: 41, 4: 19, 3: 16, 0: 77, 1: 8, 2: 39}","{2: 76, 3: 206, 1: 31, 6: 22, 5: 10, 4: 5}","{1: 228, 2: 55, 0: 67}","{1: 290, 0: 29, 2: 31}","{1: 229, 2: 55, 0: 66}","{1: 265, 0: 39, 2: 46}",0.0820530194685744,0.020918533870547873,0.11072343609402753,0.10485512492637517,0.23140009348939378,0.06364118005582518,0.2744494086951231,0.20653027224409817,0.26369960869440334,0.031143070487932925,0.26717643910513444,0.19022488245319144
9100,2,crash,3,4,1,1950.4921832714817,3051,730.75,799.0,0.053837042554647975,0.1,4.0074872970581055,28.680099487304688,-104.9417953491211,565.7214965820312,2000.0,296.5346014520401,2263,-6.093999999999551,-39.94841818055699,-300.0,0.6392960286042222,"{4: 92, 3: 7, 5: 32, 2: 74, 1: 36, 0: 51, 6: 13}","{1: 21, 2: 23, 3: 154, 4: 62, 5: 45}","{1: 229, 2: 29, 0: 47}","{1: 244, 0: 30, 2: 31}","{1: 215, 2: 30, 0: 60}","{1: 228, 0: 47, 2: 30}",0.07887198181373369,0.02348660721958141,0.09361798130453114,0.12434357909693558,0.20994153616009825,0.0768092459492564,0.24089798232335236,0.1959279652026725,0.2244456023730892,0.025291180841239123,0.29030534348547526,0.14435125095133344
9110,2,crash,3,3,1,1337.5002097880908,2403,750.6666666666666,860.0,0.053301088346863576,0.1,4.024950981140137,28.763397216796875,-104.9417953491211,565.4336547851562,1500.0,196.10351791160977,1574,-4.799999999999693,-53.80330812351294,-300.0,0.5565960090670374,"{1: 72, 2: 30, 3: 7, 4: 46, 5: 20, 6: 29, 0: 36}","{3: 122, 4: 22, 2: 53, 6: 35, 5: 8}","{1: 175, 0: 50, 2: 15}","{1: 183, 0: 25, 2: 32}","{1: 171, 0: 48, 2: 21}","{1: 191, 0: 17, 2: 32}",0.07872451639015042,0.04166328116415913,0.10232202087030556,0.11062446225448595,0.20616012861525176,0.09468326991660109,0.23786382010460586,0.16924715000470628,0.2084992812190999,0.013052267261636281,0.2929395519125039,0.13474233124679452
9120,2,crash,3,1,1,254.95807263210276,573,419.0,419.0,0.05277046962741976,0.1,4.037186145782471,28.87904167175293,-104.9417953491211,588.3232421875,500.0,66.23008457627837,411,-1.1440000000000008,-10.12801194417643,-300.0,0.4449530063387483,"{0: 22, 1: 9, 2: 9, 3: 7, 4: 10}","{3: 41, 5: 10, 6: 6}","{1: 24, 0: 33}",{1: 57},"{1: 32, 0: 25}","{1: 54, 0: 3}",0.16022230642690216,0.0280872551943128,0.16101580906645163,0.07353783975566977,0.21615594729749768,0.04498664084486975,0.2650563022257505,0.14504631876938667,0.21541585812337433,0.004962674326580514,0.19634092574587877,0.04144881864278087
9130,2,max_steps,3,4,0,2342.281244228366,3500,733.0,687.0,0.05224513328089095,0.1,4.050825595855713,28.938779830932617,-104.9417953491211,588.3232421875,2000.0,350.92053525988877,2776,-6.991999999999452,-1.647291031535569,0.0,0.6692232126366761,"{2: 72, 6: 121, 5: 11, 4: 46, 3: 21, 0: 2, 1: 77}","{4: 44, 3: 138, 0: 55, 1: 16, 2: 21, 5: 39, 6: 37}","{1: 267, 0: 41, 2: 42}","{1: 256, 2: 60, 0: 34}","{1: 252, 0: 38, 2: 60}","{1: 273, 0: 42, 2: 35}",0.07358530491835288,0.047296493318139024,0.09541460798910442,0.11468485870308014,0.1982260483474824,0.06388303045957805,0.2436190744107604,0.21760490133039073,0.17822666879285448,0.08411833061288147,0.30037554773351577,0.14742871796781995
9140,2,crash,3,1,1,231.9012409313214,736,512.0,512.0,0.051725026720622,0.1,4.069289684295654,29.07004737854004,-104.9417953491211,622.7005615234375,500.0,45.69244864680467,511,-1.470000000000001,-12.321207715484544,-300.0,0.31508320778712146,"{1: 36, 2: 13, 3: 2, 5: 6, 6: 16}","{1: 5, 2: 16, 3: 30, 6: 22}","{1: 46, 0: 27}","{1: 62, 0: 11}","{1: 50, 0: 23}","{1: 58, 0: 1, 2: 14}",0.08573143656061596,0.029563803834362627,0.0743306121264733,0.1327023151047255,0.2537276657208988,0.06111665749709847,0.31213370198606755,0.19458946305764205,0.24967918006431009,0.014480940140221643,0.3533578243483576,0.0874278988860807
9150,2,crash,3,0,1,-296.09538963967196,657,,,0.05121009788346423,0.1,4.074709415435791,29.09963035583496,-104.9417953491211,611.0020751953125,0.0,19.71172359704718,245,-1.314000000000001,-14.493113236719147,-300.0,-0.45067791421563463,"{2: 21, 3: 15, 4: 12, 5: 10, 6: 7}","{3: 60, 2: 5}","{1: 49, 0: 16}","{1: 61, 0: 3, 2: 1}","{1: 56, 0: 9}","{1: 60, 0: 1, 2: 4}",0.13930967296752322,0.011981311361978178,0.14657892231023575,0.08634529866621868,0.15745762697760124,0.04638625162433862,0.1874420891639534,0.14701827152110525,0.14312140441592058,0.017628452291226122,0.1611901502791836,0.09734146633044832
9160,2,crash,3,2,1,768.1216074085625,1054,410.0,410.0,0.050700295224563825,0.1,4.086059093475342,29.206579208374023,-104.9417953491211,611.0020751953125,1000.0,91.90258055709067,818,-2.10399999999999,-21.67697314852535,-300.0,0.7287681284711218,"{2: 42, 3: 31, 0: 1, 1: 7, 5: 4, 6: 20}","{3: 62, 5: 28, 4: 15}","{1: 84, 0: 21}","{1: 91, 2: 14}","{1: 81, 0: 24}","{1: 82, 0: 4, 2: 19}",0.06973272249849068,0.027588349834889794,0.10220215724042857,0.1124677591880956,0.2089189430168558,0.06220568286792178,0.24554121611362495,0.17925559384679438,0.13792623644757207,0.059590610906611614,0.24172350206577725,0.1463215874169622
9170,2,crash,3,1,1,223.20021221061273,636,334.0,334.0,0.05019556771220217,0.1,4.095025539398193,29.259475708007812,-104.9417953491211,595.6817016601562,500.0,38.327547962917706,483,-1.270000000000001,-13.857335752305746,-300.0,0.3509437298909005,"{2: 38, 3: 10, 4: 10, 5: 5}","{2: 8, 3: 25, 6: 30}","{1: 37, 0: 26}","{1: 53, 0: 8, 2: 2}","{1: 39, 0: 24}","{1: 49, 0: 3, 2: 11}",0.11744957015196113,0.02791530494769583,0.1017097141922694,0.13882491653919127,0.2541047341043026,0.0723045164290519,0.28696600067594746,0.16827548418424013,0.16242527832450127,0.004627631357713558,0.2808277367925921,0.1493766789266063
9180,2,crash,3,4,1,1924.9509496049777,3072,612.25,501.5,0.05,0.1,4.107424259185791,29.35643196105957,-104.9417953491211,608.1139526367188,2000.0,290.87132577083133,2444,-6.135999999999546,-59.78437616586254,-300.0,0.6266116372412037,"{5: 25, 4: 74, 2: 41, 1: 59, 0: 51, 3: 57}","{4: 25, 3: 136, 0: 83, 1: 21, 2: 12, 6: 21, 5: 9}","{1: 253, 2: 26, 0: 28}","{1: 186, 2: 40, 0: 81}","{1: 247, 2: 26, 0: 34}","{1: 260, 2: 23, 0: 24}",0.05034767551791327,0.05491711746117406,0.07822066206013414,0.08541428059876993,0.17733789882726864,0.1251272858187832,0.22098101419080027,0.18920927776265575,0.18835759091184348,0.05985691304035676,0.1714135150425898,0.08911341486262189
9190,2,crash,3,1,1,228.35924320741015,2542,432.0,432.0,0.05,0.1,4.120473384857178,29.41893196105957,-104.9417953491211,607.6137084960938,500.0,164.74411152311853,1919,-5.081999999999662,-131.3028683157112,-300.0,0.08983447805169557,"{4: 150, 3: 25, 5: 57, 6: 16, 2: 6}","{0: 6, 1: 7, 2: 24, 3: 57, 6: 146, 5: 9, 4: 5}","{1: 196, 2: 44, 0: 14}","{1: 179, 0: 26, 2: 49}","{1: 196, 2: 40, 0: 18}","{1: 193, 2: 18, 0: 43}",0.06703941516956421,0.05136653455663727,0.09414184876306667,0.08788012283405607,0.19469556796381982,0.13098640937184916,0.2559109671347917,0.24891452178534795,0.23105651273301303,0.04035527254374048,0.28027597912877045,0.17378550707687487
9200,2,crash,3,1,1,273.86960967478404,581,497.0,497.0,0.05,0.1,4.127758502960205,29.47467613220215,-104.9417953491211,597.6609497070312,500.0,81.5220619686973,496,-1.1600000000000008,-6.492452293913629,-300.0,0.47137626450048886,"{0: 35, 1: 7, 2: 7, 4: 2, 5: 6, 6: 1}","{4: 11, 3: 38, 0: 9}","{1: 31, 0: 27}","{1: 56, 2: 2}","{1: 28, 0: 30}","{1: 46, 0: 9, 2: 3}",0.12177446806690928,0.01837438185437392,0.18524937364909771,0.1225695264415124,0.2751254701350012,0.056416326010298286,0.329376686209028,0.15601848104821026,0.2795752590146697,0.011605896098546722,0.25630432349384413,0.10310018614373907
9210,2,crash,3,0,1,-270.83858207285806,1141,,,0.05,0.1,4.137439250946045,29.510082244873047,-104.9417953491211,583.5581665039062,0.0,57.65279589195429,829,-2.2819999999999703,-26.20937796481231,-300.0,-0.23736948472643124,"{2: 88, 1: 26}","{6: 10, 5: 5, 4: 18, 3: 79, 2: 2}",{1: 114},"{1: 84, 2: 30}",{1: 114},"{1: 104, 0: 6, 2: 4}",0.004798393137541615,0.04152163814804893,0.009518510668430529,0.035426141912126466,0.08467854439919253,0.11176175655916602,0.12833794133352874,0.14882383918402403,,,,
9220,2,max_steps,3,2,0,1165.4213924358937,3500,1214.0,1214.0,0.05,0.1,4.152885437011719,29.621755599975586,-104.9417953491211,581.5733642578125,1000.0,213.0208391153977,2236,-6.9959999999994515,-40.60344667950067,0.0,0.33297754069596963,"{5: 45, 4: 14, 3: 14, 2: 236, 0: 14, 1: 27}","{1: 23, 2: 12, 3: 230, 6: 30, 5: 6, 4: 18, 0: 31}","{1: 327, 2: 23}","{1: 250, 0: 61, 2: 39}","{1: 321, 2: 23, 0: 6}","{1: 334, 2: 5, 0: 11}",0.025874647814005565,0.042753376599495525,0.029577628311682126,0.037067918437964385,0.12754838304604318,0.11659310767912359,0.15753125834000797,0.1437204195573416,0.13260708099496335,0.049567814303995,0.0907536672356311,0.06314627679713514
9230,2,crash,3,4,1,1985.3774877035833,2342,553.5,599.5,0.05,0.1,4.170705795288086,29.729135513305664,-104.9417953491211,529.2344360351562,2000.0,296.59259664161215,2055,-4.675999999999707,-6.539108938031034,-300.0,0.8477273645190364,"{3: 61, 6: 26, 5: 11, 4: 19, 0: 44, 1: 15, 2: 58}","{6: 10, 5: 17, 4: 41, 3: 73, 0: 62, 1: 20, 2: 11}","{1: 175, 2: 16, 0: 43}","{1: 149, 2: 31, 0: 54}","{1: 171, 2: 19, 0: 44}","{1: 195, 2: 19, 0: 20}",0.05586385265796417,0.049395019932954885,0.08843612121559208,0.08037203750521074,0.20802927166894863,0.13310335003524695,0.24104696957222713,0.1626347468180935,0.21151906110922886,0.18592580580710474,0.2990967237061615,0.13378265155963764
9240,2,max_steps,3,4,0,2344.5853486386927,3500,571.0,669.5,0.05,0.1,4.193099498748779,29.8736629486084,-104.9417953491211,553.0344848632812,2000.0,372.3877353745584,2430,-6.991999999999452,-20.810386735880893,0.0,0.6698815281824836,"{0: 73, 1: 16, 2: 65, 3: 3, 6: 94, 5: 86, 4: 13}","{3: 211, 2: 42, 1: 9, 6: 73, 5: 9, 4: 6}","{1: 263, 0: 45, 2: 42}","{1: 285, 0: 12, 2: 53}","{1: 258, 0: 47, 2: 45}","{1: 303, 0: 19, 2: 28}",0.06900966820756492,0.01938842119826635,0.08834841576611596,0.07410449996587551,0.2448475896133813,0.06302141163770959,0.26074970699852157,0.15292770561961797,0.29611366512609955,0.018893724336408287,0.2893747406380305,0.22846634285720652
9250,2,max_steps,3,2,0,1126.8051740223839,3500,1713.5,1713.5,0.05,0.1,4.209833145141602,29.874191284179688,-104.9417953491211,545.7605590820312,1000.0,184.6729457540041,1939,-6.9959999999994515,-50.871771731620555,0.0,0.3219443354349668,"{4: 22, 3: 21, 2: 154, 1: 141, 0: 12}","{3: 226, 2: 66, 4: 41, 5: 17}","{1: 317, 2: 18, 0: 15}","{1: 284, 0: 56, 2: 10}","{1: 317, 2: 17, 0: 16}","{1: 319, 0: 23, 2: 8}",0.047121803862206366,0.023858401476566288,0.062312235891987755,0.07875315886847638,0.14397143278095195,0.06315257632445972,0.16992760638332102,0.14828235814190666,0.206683276701169,0.05394205419250457,0.26271398072949104,0.15759205183382283
9260,2,crash,3,2,1,836.0016621234347,1402,623.5,623.5,0.05,0.1,4.22175931930542,29.9613094329834,-104.9417953491211,531.5178833007812,1000.0,152.61155826445707,1143,-2.7999999999999132,-13.80989614102182,-300.0,0.5962921983762016,"{3: 33, 0: 31, 1: 13, 2: 47, 6: 16}","{6: 25, 5: 9, 4: 13, 3: 31, 0: 51, 1: 6, 2: 5}","{1: 127, 0: 13}","{1: 72, 2: 23, 0: 45}","{1: 120, 0: 20}","{1: 128, 0: 7, 2: 5}",0.025715064261947886,0.059655506827170066,0.040983407177903754,0.056257137250942925,0.14067798534680648,0.1403735690166312,0.1920050422352805,0.1483088142591731,0.1753037919516255,0.06150469357280643,0.21919358733187855,0.1535784340441783
9270,2,success,3,5,0,2828.9706936628763,3009,601.8,596.0,0.05,0.1,4.248178005218506,30.078733444213867,-104.9417953491211,545.1905517578125,2500.0,390.4661617818421,2300,-6.00799999999956,-55.487468118963946,0.0,0.9401697220547944,"{6: 42, 5: 23, 4: 60, 3: 58, 0: 84, 1: 18, 2: 15}","{1: 3, 2: 22, 3: 182, 6: 8, 5: 9, 4: 76}","{1: 210, 2: 35, 0: 55}","{1: 267, 0: 8, 2: 25}","{1: 191, 2: 48, 0: 61}","{1: 195, 2: 41, 0: 64}",0.11143178152568024,0.03343582976398714,0.14916946642679474,0.130301167273117,0.2586420393242221,0.060413792281022394,0.3250889807919934,0.33338221765320464,0.18894528851363654,0.06082805757850752,0.22841944404251385,0.2826690907425687
9280,2,crash,3,1,1,281.7504156165952,650,559.0,559.0,0.05,0.1,4.268341541290283,30.188800811767578,-104.9417953491211,538.2730712890625,500.0,90.12302078469793,558,-1.298000000000001,-7.074605168103154,-300.0,0.43346217787168495,"{0: 39, 1: 8, 2: 8, 4: 4, 5: 6}","{0: 6, 1: 8, 2: 6, 3: 35, 4: 10}","{1: 40, 0: 25}","{1: 46, 0: 19}","{1: 40, 0: 25}","{1: 49, 0: 6, 2: 10}",0.07807378467924705,0.031404898318262243,0.10212540681277942,0.06448971005042074,0.2559813193707252,0.15723546801478785,0.2870468509807171,0.21944243373239689,0.25915755362172793,0.005849612651599289,0.27533571452612876,0.1315556017160298
9290,2,crash,3,0,1,-302.7134061613122,565,,,0.05,0.1,4.283105373382568,30.285846710205078,-104.9417953491211,524.5828247070312,0.0,23.507052285186006,380,-1.1300000000000008,-25.090458446498243,-300.0,-0.5357759401085171,{5: 56},"{6: 15, 5: 9, 4: 5, 3: 25, 2: 2}",{1: 56},"{1: 16, 2: 40}",{1: 56},{1: 56},0.0,0.06330487463207239,0.0,0.0,0.0,0.1680358766058717,0.0,0.0,,,,
9300,2,crash,3,1,1,268.77225246686186,403,327.0,327.0,0.05,0.1,4.290971755981445,30.38500213623047,-104.9417953491211,519.2850952148438,500.0,74.7200403415767,326,-0.8040000000000006,-5.143787874715338,-300.0,0.6669286661708731,"{0: 20, 1: 6, 2: 6, 6: 8}","{3: 32, 0: 8}","{1: 16, 0: 24}",{1: 40},"{1: 10, 0: 30}","{1: 23, 0: 10, 2: 7}",0.21446629222925115,0.01816584345828948,0.2978561781924576,0.13873391824429615,0.3332381087568429,0.02470715949645701,0.3845834984042504,0.33976707378839627,0.3318113641029155,0.023673151615680545,0.3708068908633008,0.05716171898882577
9310,2,crash,3,1,1,256.55070298738184,774,580.0,580.0,0.05,0.1,4.299174785614014,30.478893280029297,-104.9417953491211,519.2850952148438,500.0,71.49628833649759,579,-1.5460000000000012,-13.399585349116837,-300.0,0.33146085657284474,"{6: 35, 5: 10, 4: 11, 3: 1, 0: 20}","{5: 10, 4: 5, 3: 62}","{1: 47, 2: 30}","{1: 61, 2: 16}","{1: 47, 2: 30}","{1: 66, 2: 1, 0: 10}",0.11235973414572395,0.036947878551529756,0.11507394177163328,0.06174068603957154,0.19829942559838584,0.140319135096271,0.21568418613152837,0.15609731835838775,0.19681603178692136,0.020807726911778485,0.22830022779137032,0.06677494763856079
9320,2,crash,3,3,1,1342.2109993802005,1578,462.0,382.0,0.05,0.1,4.324256420135498,30.549362182617188,-104.9417953491211,523.0324096679688,1500.0,163.39500117652474,1065,-3.1499999999998747,-18.03400179632439,-300.0,0.850577312661724,"{2: 36, 3: 4, 5: 61, 6: 17, 4: 20, 0: 19}","{1: 6, 2: 7, 3: 87, 6: 21, 5: 16, 4: 20}","{1: 112, 0: 7, 2: 38}","{1: 121, 0: 13, 2: 23}","{1: 108, 0: 10, 2: 39}","{1: 113, 2: 23, 0: 21}",0.08560092650801657,0.022948301997886916,0.11561268932954426,0.11300215061003603,0.21384544848279402,0.11261161940088729,0.22655681972766428,0.2275191070962643,0.23004765607332053,0.008244348869505268,0.24503100162515545,0.04104069050356963
9330,2,max_steps,3,1,0,755.8693629953458,3500,304.0,304.0,0.05,0.1,4.331099033355713,30.59667205810547,-104.9417953491211,523.0324096679688,500.0,262.8673629953319,2011,-6.997999999999451,0.0,0.0,0.21596267514152737,"{1: 15, 2: 39, 3: 38, 6: 127, 5: 58, 4: 73}","{3: 239, 0: 12, 1: 17, 2: 82}","{1: 254, 0: 42, 2: 54}","{1: 314, 0: 36}","{1: 247, 0: 44, 2: 59}","{1: 264, 0: 61, 2: 25}",0.08508078502250219,0.02155881750045107,0.13146648852724346,0.13313701877258732,0.18715345980053605,0.060118301457349865,0.22064030511580776,0.20320500627698446,0.22776335636261502,0.03277211459360432,0.2100190795112246,0.15702020375432524
9340,2,max_steps,3,2,0,1264.944517841847,3500,452.5,452.5,0.05,0.1,4.344326972961426,30.613740921020508,-104.9417953491211,519.2850952148438,1000.0,272.3959134770099,2005,-6.9959999999994515,-0.45539563513396164,0.0,0.3614127193833849,"{2: 30, 3: 35, 4: 114, 5: 103, 6: 33, 1: 13, 0: 22}","{2: 31, 3: 273, 5: 19, 4: 27}","{1: 281, 0: 36, 2: 33}","{1: 317, 0: 8, 2: 25}","{1: 260, 0: 53, 2: 37}","{1: 264, 0: 41, 2: 45}",0.09305774928062233,0.02460151221516254,0.11950716334489188,0.11578615884831168,0.2151490616660438,0.05859928934779052,0.23823443605990646,0.1832861245215749,0.2673758098205456,0.05531140862515236,0.23616536594561358,0.15307707762382594
9350,2,crash,3,2,1,924.7874942119569,1603,747.0,747.0,0.05,0.1,4.354360103607178,30.642850875854492,-104.9417953491211,519.2850952148438,1000.0,234.2597737149417,1376,-3.201999999999869,-6.270279502983339,-300.0,0.5769104767385882,"{6: 68, 5: 8, 4: 8, 3: 23, 2: 11, 0: 38, 1: 4}","{0: 5, 1: 22, 2: 44, 3: 78, 5: 11}","{1: 98, 2: 23, 0: 39}","{1: 127, 0: 31, 2: 2}","{1: 100, 2: 21, 0: 39}","{1: 134, 2: 5, 0: 21}",0.09242074305971054,0.030816125415311594,0.14454554603830677,0.09363225493289892,0.3157349347869543,0.06361347843258587,0.33934970784237894,0.1794086564738122,0.33577669050703485,0.15529429002803818,0.28764523816122245,0.11487919722593562
9360,2,crash,3,2,1,827.027039059338,2081,977.0,977.0,0.05,0.1,4.357750415802002,30.64194107055664,-104.9417953491211,519.2850952148438,1000.0,140.39714029075319,1191,-4.157999999999764,-9.212101231414746,-300.0,0.3974180870059289,"{2: 64, 3: 49, 4: 44, 1: 21, 0: 17, 6: 13}","{3: 137, 2: 55, 1: 16}","{1: 155, 0: 30, 2: 23}","{1: 185, 2: 2, 0: 21}","{1: 159, 0: 23, 2: 26}","{1: 177, 0: 27, 2: 4}",0.10960311506059603,0.01639617429829927,0.146583311902753,0.10474706442111942,0.18497413388276604,0.0608560559523083,0.2250043093072694,0.2070694503451305,0.18622864609225817,0.050804713800539,0.2587143780179003,0.19835760144048944
9370,2,max_steps,3,4,0,2316.948340169959,3500,705.25,686.0,0.05,0.1,4.371928691864014,30.725473403930664,-104.9417953491211,519.2850952148438,2000.0,332.8980040858689,2827,-6.991999999999452,-8.95766391590693,0.0,0.6619852400485597,"{5: 126, 4: 80, 3: 15, 0: 77, 1: 5, 2: 6, 6: 41}","{2: 17, 3: 163, 1: 48, 5: 28, 4: 12, 6: 30, 0: 52}","{1: 286, 2: 24, 0: 40}","{1: 219, 0: 66, 2: 65}","{1: 287, 2: 25, 0: 38}","{1: 303, 2: 14, 0: 33}",0.055892139618419434,0.05503048371083323,0.06969445835394,0.06534408369930517,0.2267484561390133,0.1172227523896313,0.24396100994153969,0.17698703139102276,0.23019722548163157,0.12087003714459842,0.24078618181034153,0.16582834127425156
9380,2,max_steps,3,4,0,2449.219098534833,3500,621.25,586.5,0.05,0.1,4.386436462402344,30.764602661132812,-104.9417953491211,518.9756469726562,2000.0,474.0877089226176,2430,-6.991999999999452,-17.876610387793274,0.0,0.6997768852956665,"{2: 43, 3: 2, 5: 14, 6: 89, 4: 14, 0: 181, 1: 7}","{4: 28, 3: 182, 2: 26, 0: 4, 1: 46, 6: 58, 5: 6}","{1: 206, 0: 64, 2: 80}","{1: 278, 2: 49, 0: 23}","{1: 203, 0: 71, 2: 76}","{1: 249, 0: 55, 2: 46}",0.1103965197961056,0.027889946511306017,0.15018889464626323,0.09457615039083367,0.2756097389855437,0.10377626718350409,0.3141795091915873,0.26551608146450023,0.3040066848592762,0.01662680396579154,0.30703728403576186,0.183566448096149
9390,2,crash,3,1,1,270.17028801002465,522,455.0,455.0,0.05,0.1,4.398463726043701,30.84996795654297,-104.9417953491211,523.8998413085938,500.0,77.48474092738098,454,-1.0420000000000007,-6.272452917356651,-300.0,0.5175676015517714,"{6: 29, 5: 7, 4: 7, 3: 3, 2: 6}","{2: 5, 3: 40, 5: 7}","{1: 26, 2: 26}","{1: 50, 0: 2}","{1: 23, 2: 29}","{1: 43, 2: 1, 0: 8}",0.1497095722158419,0.013550618870040273,0.20700719172453372,0.12375900793736397,0.2864079643972496,0.04346609691693856,0.32572434813778994,0.24232537559026052,0.2925717469177234,0.01466339974269388,0.30709515313484687,0.1596133795432994
9400,2,crash,3,2,1,907.3620232849834,1412,664.0,664.0,0.05,0.1,4.403143405914307,30.91071319580078,-104.9417953491211,517.339599609375,1000.0,231.49483619539222,1099,-2.819999999999911,-21.312812910407672,-300.0,0.6426076652159939,"{5: 37, 4: 13, 3: 1, 0: 78, 1: 5, 2: 7}","{4: 6, 3: 97, 2: 38}","{1: 74, 2: 25, 0: 42}","{1: 128, 2: 10, 0: 3}","{1: 68, 2: 23, 0: 50}","{1: 90, 2: 20, 0: 31}",0.1393025499949163,0.017619158294801006,0.19001698255306346,0.11852838687419245,0.30492978929598535,0.05807478689952357,0.32961425070948963,0.2806434319717531,0.2763543260151727,0.01613370671500603,0.314556586641409,0.07033847335383464
9410,2,crash,3,2,1,815.6132611926021,1323,599.5,599.5,0.05,0.1,4.419557571411133,30.975051879882812,-104.9417953491211,498.6991882324219,1000.0,124.30826461006626,842,-2.6419999999999306,-6.053003417463519,-300.0,0.6164877257691626,"{3: 29, 4: 37, 1: 9, 0: 37, 2: 7, 6: 13}","{1: 13, 2: 20, 3: 75, 4: 22, 5: 2}","{1: 99, 2: 5, 0: 28}","{1: 99, 0: 27, 2: 6}","{1: 90, 2: 11, 0: 31}","{1: 115, 2: 10, 0: 7}",0.09698131431694068,0.045926611343917845,0.13556435146457202,0.10613839640448916,0.2797853119779994,0.06445295116736412,0.3190429373049702,0.16460331249096244,0.15628353748118368,0.10212231323102375,0.19358816446606408,0.12787595266986107
9420,2,crash,3,3,1,1509.5012674437858,2795,870.3333333333334,895.0,0.05,0.1,4.432069301605225,31.027996063232422,-104.9417953491211,506.6152648925781,1500.0,331.1701603650291,2255,-5.583999999999607,-16.08489292123866,-300.0,0.5400720098188858,"{1: 54, 2: 12, 3: 38, 4: 78, 5: 23, 6: 74}","{5: 22, 4: 21, 3: 115, 0: 75, 1: 6, 2: 7, 6: 33}","{1: 199, 0: 26, 2: 54}","{1: 182, 2: 40, 0: 57}","{1: 185, 0: 26, 2: 68}","{1: 241, 0: 27, 2: 11}",0.07902928517658725,0.049382315676669696,0.11320086904032745,0.08165016882291555,0.20892856714751631,0.1573938304571112,0.2418500663726598,0.1768509921026085,0.23883609071783313,0.024051807250792773,0.24344305960297638,0.23519068838756585
9430,2,crash,3,1,1,261.3108892909107,419,320.0,320.0,0.05,0.1,4.447076320648193,31.089406967163086,-109.34378051757812,498.5081481933594,500.0,68.67122359405029,319,-0.8360000000000006,-6.524334303140008,-300.0,0.6236536737253239,"{0: 17, 1: 7, 2: 7, 6: 10}","{3: 33, 4: 8}","{1: 16, 0: 25}",{1: 41},"{1: 14, 0: 27}","{1: 21, 0: 9, 2: 11}",0.21549786117055122,0.013131207271846567,0.24620393696027507,0.14799274727485462,0.31516848754103893,0.026665168423267605,0.3569326544863004,0.25225807423957364,0.3230201362703544,0.034257402065148206,0.309186956508372,0.2306055458220174
9440,2,success,3,5,0,2777.2378820882373,3159,631.8,437.0,0.05,0.1,4.458167552947998,31.190778732299805,-109.34378051757812,534.93212890625,2500.0,308.20318168030883,2305,-6.307999999999527,-24.65729959208172,0.0,0.8791509598253363,"{2: 46, 4: 30, 5: 69, 6: 130, 3: 40}","{3: 132, 0: 85, 1: 28, 2: 40, 6: 8, 5: 15, 4: 7}","{1: 238, 0: 29, 2: 48}","{1: 222, 2: 33, 0: 60}","{1: 218, 0: 36, 2: 61}","{1: 275, 0: 12, 2: 28}",0.059129316466071044,0.0328905196501973,0.0916503425142598,0.06727366620004818,0.21672693481360114,0.07266921672047152,0.23991678416330736,0.15239088098149306,0.23463406863527056,0.13970624308803148,0.2533391523371128,0.22651917037859168
9450,2,crash,3,1,1,280.89331797931715,556,493.0,493.0,0.05,0.1,4.470016956329346,31.291166305541992,-107.76026916503906,520.0612182617188,500.0,87.07226401537808,504,-1.1100000000000008,-5.068946036061085,-300.0,0.5052038093153186,"{0: 37, 1: 5, 2: 7, 3: 4, 4: 2}","{1: 4, 2: 7, 3: 38, 6: 6}","{1: 31, 0: 24}","{1: 43, 0: 12}","{1: 24, 0: 31}","{1: 40, 0: 10, 2: 5}",0.09668444710489615,0.018824720791831173,0.2364766178386142,0.07082767848054677,0.3246616369826886,0.1192348605202205,0.3659295060861189,0.22137142861291925,0.32606783313702764,0.021097626404149413,0.34097592556911954,0.07073810787918934
9460,2,max_steps,3,4,0,2276.8536159868695,3500,867.25,612.5,0.05,0.1,4.486007213592529,31.333189010620117,-107.76026916503906,519.1773071289062,2000.0,327.5285043376461,2502,-6.991999999999452,-43.68288835076167,0.0,0.650529604567677,"{2: 75, 4: 46, 5: 90, 6: 57, 3: 46, 0: 31, 1: 5}","{6: 6, 5: 7, 4: 13, 3: 245, 2: 42, 1: 33, 0: 4}","{1: 314, 0: 36}","{1: 284, 2: 28, 0: 38}","{1: 300, 0: 44, 2: 6}","{1: 321, 2: 13, 0: 16}",0.0632440051657739,0.023949315314900126,0.07507606736736719,0.06461843123303117,0.15122106331054055,0.1003388820063632,0.23046172761428413,0.1487546467399464,0.14519875931178206,0.0790204862560516,0.18726659793392092,0.14870673398908238
9470,2,crash,3,4,1,2083.0736397196547,2854,663.0,702.5,0.05,0.1,4.499588966369629,31.40822982788086,-122.67308807373047,556.6839599609375,2000.0,395.94768078355156,2195,-5.699999999999594,-7.174041063896025,-300.0,0.7298786404063261,"{5: 33, 4: 34, 3: 4, 0: 129, 1: 16, 2: 18, 6: 51}","{3: 192, 6: 10, 5: 15, 4: 16, 0: 37, 1: 9, 2: 6}","{1: 168, 2: 46, 0: 71}","{1: 244, 0: 22, 2: 19}","{1: 176, 2: 46, 0: 63}","{1: 218, 2: 18, 0: 49}",0.1171897520942299,0.02305772008922221,0.13217276158280225,0.1091782200399409,0.24110338966437098,0.0631871107725618,0.27294976340105637,0.20776159005027162,0.2741832966775049,0.04926635960316793,0.27902442538497113,0.34389673039545693
9480,2,success,3,5,0,2897.8598126120455,2771,554.2,465.0,0.05,0.1,4.519972324371338,31.51883316040039,-122.67308807373047,567.456787109375,2500.0,409.6364734607519,2505,-5.531999999999613,-6.244660848702388,0.0,1.045781238762918,"{5: 63, 4: 26, 3: 30, 0: 77, 1: 13, 2: 19, 6: 49}","{5: 31, 4: 20, 3: 172, 0: 36, 1: 8, 2: 6, 6: 4}","{1: 184, 2: 55, 0: 38}","{1: 205, 2: 37, 0: 35}","{1: 183, 2: 58, 0: 36}","{1: 232, 2: 5, 0: 40}",0.08536151797236174,0.038759885789421335,0.1119703678112157,0.10485921348483444,0.23293206005471345,0.11187570732045536,0.29477231915548807,0.19682348279316772,0.2558205158892526,0.06156086953015152,0.29485545825730125,0.2175199930552442
9490,2,crash,3,3,1,1403.3073018840228,2268,722.6666666666666,827.0,0.05,0.1,4.527055263519287,31.605491638183594,-122.67308807373047,592.71875,1500.0,215.6623464939926,1603,-4.529999999999723,-7.8250446099669855,-300.0,0.6187421965978936,"{4: 43, 3: 7, 2: 60, 1: 20, 5: 9, 6: 77, 0: 10}","{3: 119, 2: 22, 1: 20, 0: 25, 6: 31, 5: 5, 4: 4}","{1: 154, 2: 53, 0: 19}","{1: 172, 2: 30, 0: 24}","{1: 145, 2: 57, 0: 24}","{1: 181, 2: 17, 0: 28}",0.08257653915632572,0.03810312007584002,0.11464497440967486,0.09738182668648207,0.21443729154601987,0.11962395914236185,0.25292916391218534,0.22253901096391882,0.24599151920439868,0.02101278410218324,0.3191015431517086,0.08838570614440874
9500,2,max_steps,3,4,0,2414.590033094295,3500,750.75,715.5,0.05,0.1,4.544315338134766,31.657196044921875,-122.67308807373047,525.9826049804688,2000.0,433.81094075516256,2608,-6.991999999999452,-12.228907660877576,0.0,0.68988286659837,"{3: 72, 4: 106, 5: 34, 6: 59, 0: 65, 1: 7, 2: 7}","{0: 59, 1: 12, 2: 20, 3: 152, 6: 70, 5: 15, 4: 22}","{1: 270, 2: 52, 0: 28}","{1: 217, 0: 52, 2: 81}","{1: 261, 0: 29, 2: 60}","{1: 290, 0: 31, 2: 29}",0.028232038051109215,0.04643677492002692,0.050573765556652155,0.047429682333544575,0.2696161606219164,0.1641229334279869,0.3166250279447596,0.20242611762833282,0.3099945248131329,0.21142859399176547,0.3472015190933555,0.0655500342514131
9510,2,crash,3,1,1,224.83454017641424,952,230.0,230.0,0.05,0.1,4.555113315582275,31.726594924926758,-122.67308807373047,520.617919921875,500.0,55.73425469120189,600,-1.9020000000000015,-28.997714514789784,-300.0,0.2361707354794267,"{2: 31, 3: 8, 4: 50, 5: 6}","{3: 59, 5: 29, 4: 7}","{1: 70, 0: 25}","{1: 72, 0: 8, 2: 15}","{1: 72, 0: 23}","{1: 72, 0: 3, 2: 20}",0.06977007601230822,0.027436661560785985,0.09902907992485913,0.1295615461104766,0.221220883858922,0.10385308678053083,0.26964916663916255,0.19160441481381982,0.1637918387704785,0.018463558891636096,0.27983074168581834,0.13331463676659389
9520,2,crash,3,4,1,2094.8967838581157,3196,777.5,649.5,0.05,0.1,4.569490909576416,31.786579132080078,-122.67308807373047,518.21142578125,2000.0,441.3005748272514,2231,-6.383999999999519,-40.01979096914017,-300.0,0.6554745881908998,"{2: 30, 3: 56, 6: 86, 5: 40, 4: 37, 0: 63, 1: 7}","{3: 170, 2: 12, 4: 73, 1: 47, 0: 8, 6: 9}","{1: 173, 0: 86, 2: 60}","{1: 245, 0: 51, 2: 23}","{1: 169, 0: 93, 2: 57}","{1: 244, 0: 41, 2: 34}",0.12950202190916515,0.025199813476689106,0.16165370186989067,0.10262427431489765,0.2580632005653667,0.10105711266272997,0.30001830949433905,0.21677235192312178,0.21816500294471985,0.16425740577953807,0.3140111035616622,0.11596384665594604
9530,2,crash,3,1,1,282.488782697689,728,648.0,648.0,0.05,0.1,4.577512264251709,31.79847526550293,-122.67308807373047,539.0068969726562,500.0,90.56155416066512,647,-1.454000000000001,-6.618771462976373,-300.0,0.3880340421671552,"{0: 51, 1: 5, 2: 7, 3: 1, 4: 2, 5: 5, 6: 1}","{0: 13, 1: 9, 2: 5, 3: 37, 6: 8}","{1: 47, 0: 25}","{1: 45, 0: 26, 2: 1}","{1: 46, 0: 26}","{1: 55, 0: 9, 2: 8}",0.007810463727281013,0.04252315858045325,0.05268235036775562,0.07226248594939677,0.30629732090691436,0.1510060933868403,0.33689424096096027,0.2593669888175975,0.31020007681851325,0.02848141904009988,0.2758743865660317,0.14223382843388907
9540,2,success,3,5,0,2870.9756446477923,3280,656.0,594.0,0.05,0.1,4.592674732208252,31.834415435791016,-122.67308807373047,546.2462158203125,2500.0,377.52564464779874,2168,-6.549999999999501,0.0,0.0,0.875297452636522,"{2: 50, 3: 63, 4: 95, 5: 52, 1: 18, 0: 50}","{2: 24, 3: 214, 4: 51, 0: 33, 1: 6}","{1: 209, 0: 56, 2: 63}","{1: 278, 0: 35, 2: 15}","{1: 193, 0: 74, 2: 61}","{1: 231, 0: 65, 2: 32}",0.10103794051847978,0.020115800934267947,0.15057418042166748,0.12881308246970133,0.27120242948939904,0.07862787912281025,0.321183209890416,0.289048693433751,0.3081750145827968,0.07772440400411118,0.3144009636046942,0.14965945698267394
9550,2,crash,3,1,1,265.23699863511575,411,336.0,336.0,0.05,0.1,4.605328559875488,31.965421676635742,-122.67308807373047,546.2462158203125,500.0,71.67781266575831,355,-0.8200000000000006,-5.620814030642881,-300.0,0.6453454954625687,"{0: 18, 1: 6, 2: 7, 3: 7, 4: 3}","{3: 33, 2: 8}","{1: 16, 0: 25}",{1: 41},"{1: 11, 0: 30}","{1: 23, 0: 9, 2: 9}",0.22128906288362887,0.015553866601768595,0.28478974965266524,0.13444369398967115,0.3134283842642786,0.026049571032054346,0.3637584492744374,0.284108011820803,0.3177257880288866,0.022404612967967637,0.3463260315214153,0.15454423474927445
9560,2,crash,3,3,1,1527.4203093947228,3134,1025.3333333333333,725.0,0.05,0.1,4.617583274841309,32.050201416015625,-122.67308807373047,534.967041015625,1500.0,339.7788927872132,2177,-6.261999999999532,-6.096583392489061,-300.0,0.4873708708981247,"{0: 35, 1: 16, 2: 21, 3: 5, 6: 143, 5: 43, 4: 50}","{5: 5, 4: 22, 3: 186, 0: 45, 1: 17, 2: 38}","{1: 221, 2: 71, 0: 21}","{1: 266, 2: 4, 0: 43}","{1: 197, 0: 35, 2: 81}","{1: 235, 0: 44, 2: 34}",0.08734117730786149,0.01784415989217779,0.12004250188414299,0.10552736189393964,0.2555151838715865,0.061317676439247404,0.3177965235785592,0.3757358852442449,0.29824744301054323,0.03501093327814361,0.33705045610280204,0.13674673293000253
9570,2,crash,3,2,1,820.9791279925439,1242,532.5,532.5,0.05,0.1,4.631775856018066,32.18858337402344,-122.67308807373047,542.4487915039062,1000.0,130.44167560657442,955,-2.4799999999999485,-6.9825476140321365,-300.0,0.6610137906542222,"{4: 21, 3: 11, 0: 69, 1: 10, 2: 13}","{3: 57, 6: 17, 5: 16, 4: 16, 0: 18}","{1: 79, 2: 12, 0: 33}","{1: 100, 2: 21, 0: 3}","{1: 81, 2: 12, 0: 31}","{1: 101, 2: 14, 0: 9}",0.09261500063010632,0.021718238420686493,0.11505026954779914,0.13641864473055215,0.30373498154239514,0.06199279556508998,0.33836085713814373,0.19321256182355512,0.30850204619432187,0.016118578044574377,0.3805709206083457,0.140335282650539
9580,2,crash,3,1,1,310.33216280585367,1378,1302.0,1302.0,0.05,0.1,4.648506164550781,32.31789016723633,-122.67308807373047,539.893798828125,500.0,119.56308642374827,1030,-2.7539999999999183,-6.476923617894772,-300.0,0.22520476255867466,"{6: 62, 5: 7, 4: 40, 3: 21, 0: 7}","{0: 5, 1: 17, 2: 42, 3: 66, 6: 7}","{1: 91, 2: 37, 0: 9}","{1: 120, 0: 15, 2: 2}","{1: 76, 2: 45, 0: 16}","{1: 96, 2: 18, 0: 23}",0.07554988154314114,0.019634580547352235,0.14662535753569436,0.11567063051866644,0.2403056431911666,0.06077881182143478,0.29913037878748255,0.3118625610806511,0.22473245803558625,0.06151445210333459,0.31543044305551293,0.4115654565098364
9590,2,crash,3,2,1,795.5732807489892,1124,473.5,473.5,0.05,0.1,4.661543846130371,32.43540954589844,-122.67308807373047,539.893798828125,1000.0,109.49783559103024,708,-2.2439999999999745,-11.680554842040944,-300.0,0.7078054099190295,"{2: 18, 3: 7, 6: 56, 5: 6, 4: 7, 1: 3, 0: 15}","{2: 21, 3: 59, 1: 14, 6: 18}","{1: 77, 2: 35}","{1: 99, 0: 10, 2: 3}","{1: 73, 0: 7, 2: 32}","{1: 98, 2: 1, 0: 13}",0.10814237002714083,0.01276883088999864,0.11372567818740865,0.11240038774336585,0.2854431044307307,0.06021741557897974,0.3209416540669469,0.1570671088201414,0.2869464525951702,0.01053922707482288,0.2999008340628522,0.14284523830353202
9600,2,crash,3,2,1,881.4315558674184,1381,638.5,638.5,0.05,0.1,4.670073509216309,32.53053283691406,-122.67308807373047,539.5472412109375,1000.0,192.43727681066392,1039,-2.757999999999918,-8.247720943246144,-300.0,0.6382560143862552,"{4: 34, 3: 2, 0: 81, 1: 4, 2: 6, 5: 2, 6: 9}","{2: 14, 3: 72, 1: 17, 0: 24, 6: 11}","{1: 83, 2: 19, 0: 36}","{1: 109, 0: 29}","{1: 70, 2: 19, 0: 49}","{1: 95, 2: 17, 0: 26}",0.12294425181371768,0.019869501651451675,0.17522211043083386,0.1290190230207176,0.3040567278165536,0.10901650803268181,0.34700074736568176,0.30794392788742125,0.2949267449059006,0.017160694719075952,0.31376758870093696,0.09472348102020027
9610,2,max_steps,3,4,0,2375.9216346282933,3500,778.5,772.0,0.05,0.1,4.677328109741211,32.577781677246094,-122.67308807373047,534.4664306640625,2000.0,423.4991968484263,2152,-6.991999999999452,-40.58556222012746,0.0,0.678834752750941,"{2: 112, 1: 45, 3: 6, 5: 14, 6: 79, 4: 14, 0: 80}","{2: 18, 3: 242, 4: 58, 5: 26, 6: 6}","{1: 245, 2: 73, 0: 32}","{1: 318, 0: 16, 2: 16}","{1: 246, 0: 32, 2: 72}","{1: 277, 2: 28, 0: 45}",0.09223041289519368,0.020609923967284977,0.12670888381398068,0.1046787547698199,0.27801745505296216,0.05953438941409732,0.31526508526727803,0.191122526513448,0.2888109023017662,0.021850337123354865,0.2892301265702526,0.2691621307047829
9620,2,success,3,5,0,2774.0878734146163,2280,456.0,357.0,0.05,0.1,4.6932148933410645,32.647342681884766,-122.67308807373047,549.5023803710938,2500.0,290.11308983216645,2086,-4.549999999999721,-11.475216417544724,0.0,1.2167052076379896,"{5: 24, 4: 85, 3: 38, 2: 63, 1: 9, 0: 9}","{2: 23, 3: 97, 0: 58, 1: 14, 6: 24, 5: 7, 4: 5}","{1: 154, 2: 34, 0: 40}","{1: 131, 0: 57, 2: 40}","{1: 147, 2: 39, 0: 42}","{1: 187, 2: 23, 0: 18}",0.07342409263175066,0.05143192327544885,0.10917270664670176,0.0870134724083381,0.23860643528502887,0.1832377060555403,0.26894015400875193,0.17844146087351226,0.2399334798876182,0.1014710548164443,0.3351455772990507,0.12480019042493731
9630,2,max_steps,3,2,0,1227.881693255554,3500,1638.0,1638.0,0.05,0.1,4.705814361572266,32.73073196411133,-122.67308807373047,540.7838134765625,1000.0,266.2076509699138,2542,-6.9959999999994515,-31.32995771436713,0.0,0.35082334093015827,"{2: 49, 3: 21, 4: 34, 5: 34, 6: 189, 0: 23}","{6: 7, 5: 20, 4: 22, 3: 79, 0: 130, 1: 17, 2: 75}","{1: 271, 0: 31, 2: 48}","{1: 268, 2: 26, 0: 56}","{1: 239, 0: 57, 2: 54}","{1: 257, 0: 48, 2: 45}",0.05450454987828998,0.03439087114808824,0.0718783064163511,0.10607921288808267,0.21143996487899472,0.06339822533651888,0.2789819768472728,0.3086008887445275,0.22931492158456473,0.05760843109346747,0.21562637060591822,0.3681452512292428
9640,2,crash,3,4,1,2046.0095682845417,2541,587.75,506.5,0.05,0.1,4.724798679351807,32.88010787963867,-122.67308807373047,533.2211303710938,2000.0,370.7977664434574,2064,-5.073999999999663,-19.71419815891999,-300.0,0.8051985707534599,"{0: 68, 1: 15, 2: 34, 3: 22, 6: 77, 5: 18, 4: 20}","{2: 42, 3: 164, 1: 8, 6: 31, 5: 5, 4: 4}","{1: 166, 0: 56, 2: 32}","{1: 209, 0: 17, 2: 28}","{1: 174, 0: 54, 2: 26}","{1: 197, 0: 38, 2: 19}",0.10099856913179625,0.015168399752963094,0.10250172363311777,0.09900473321185688,0.2292211229170995,0.12033102781795864,0.27922196669778504,0.21772892240500533,0.28487894140918396,0.20548174922372864,0.2440710804628205,0.2696291518434439
9650,2,success,3,5,0,2841.203538179996,2509,501.8,466.0,0.05,0.1,4.734502792358398,32.979366302490234,-122.67308807373047,540.255126953125,2500.0,369.5975524523723,1894,-5.0079999999996705,-23.386014272371085,0.0,1.1324047581426848,"{2: 68, 3: 25, 5: 20, 6: 49, 4: 19, 0: 59, 1: 10}","{1: 2, 2: 43, 3: 174, 5: 14, 4: 17}","{1: 158, 0: 56, 2: 36}","{1: 221, 0: 17, 2: 12}","{1: 143, 0: 70, 2: 37}","{1: 197, 0: 31, 2: 22}",0.11926101810925871,0.020117904132034993,0.15126166662593798,0.10019895597220996,0.2658041081324463,0.061260230992383126,0.3046591299208317,0.19964061783403556,0.25548139129023706,0.047009757694263334,0.3048551064556853,0.25230565670039634
9660,2,crash,3,3,1,1355.8762439552966,1156,356.6666666666667,247.0,0.05,0.1,4.746805191040039,33.082496643066406,-122.67308807373047,541.30224609375,1500.0,163.72052882151783,855,-2.3059999999999676,-5.538284866221582,-300.0,1.1729033252208447,"{4: 26, 3: 10, 2: 37, 1: 31, 0: 11}","{3: 68, 5: 22, 4: 16, 0: 9}","{1: 64, 2: 17, 0: 34}","{1: 107, 0: 2, 2: 6}","{1: 62, 2: 16, 0: 37}","{1: 89, 2: 11, 0: 15}",0.12572760563531085,0.019559147549063655,0.1602647396908832,0.12514255075248154,0.31779010278128367,0.05793824941754793,0.34240837164397,0.20753317437643345,0.33277816592200876,0.018765362516451813,0.31513133276220406,0.1491232153151781
9670,2,crash,3,4,1,1970.784146392931,2245,505.75,588.0,0.05,0.1,4.76472806930542,33.176822662353516,-122.67308807373047,555.7256469726562,2000.0,284.49023595101954,1822,-4.481999999999728,-9.224089558086515,-300.0,0.8778548536271408,"{3: 45, 5: 67, 4: 59, 0: 34, 1: 5, 2: 14}","{4: 13, 0: 27, 1: 9, 2: 6, 3: 93, 6: 47, 5: 29}","{1: 152, 2: 22, 0: 50}","{1: 157, 2: 38, 0: 29}","{1: 154, 2: 22, 0: 48}","{1: 198, 2: 3, 0: 23}",0.06020836635550854,0.03984782292764977,0.08850601528931415,0.06795101552695003,0.2683050306005188,0.12676848617881273,0.3157198542229795,0.16689550626985775,0.2654556975893914,0.11244930058713712,0.2708040401540913,0.08699252112479502
9680,2,crash,3,2,1,868.2451685279816,2320,510.5,510.5,0.05,0.1,4.78168249130249,33.2563591003418,-122.67308807373047,557.491455078125,1000.0,190.19483058203156,2159,-4.6359999999997115,-17.31366205405305,-300.0,0.37424360712413,"{1: 53, 2: 11, 3: 9, 4: 19, 5: 20, 6: 120}","{1: 16, 2: 34, 3: 131, 6: 38, 5: 7, 4: 6}","{1: 198, 0: 12, 2: 22}","{1: 167, 0: 17, 2: 48}","{1: 195, 0: 13, 2: 24}","{1: 199, 0: 26, 2: 7}",0.057911511902391105,0.03242737082269605,0.06384402123924324,0.08106230165249412,0.1610849439037059,0.139101841295267,0.2028030052425118,0.15375829599008722,0.20205885807993176,0.08199631587281198,0.2548671822627116,0.18357334411966345
9690,2,crash,3,3,1,1403.9967913921364,3347,504.3333333333333,505.0,0.05,0.1,4.798758506774902,33.33981704711914,-122.67308807373047,552.0490112304688,1500.0,337.3613493903799,2363,-6.6879999999994855,-126.67655799823636,-300.0,0.4194791728091235,"{4: 61, 3: 21, 0: 52, 1: 6, 2: 11, 6: 183}","{6: 47, 5: 15, 4: 11, 3: 188, 0: 30, 1: 14, 2: 29}","{1: 301, 0: 25, 2: 8}","{1: 210, 2: 73, 0: 51}","{1: 286, 2: 14, 0: 34}","{1: 267, 2: 30, 0: 37}",0.059026269514446617,0.03766087023113622,0.055610412256992314,0.08276398389490225,0.1486295881076246,0.1760024334966261,0.1963284149691177,0.16464130127234516,0.12157761329363573,0.18008670794516937,0.14165560872804472,0.14964913093068571
9700,2,max_steps,3,3,0,1837.4612182172768,3500,1006.3333333333334,822.0,0.05,0.1,4.806290149688721,33.34446334838867,-122.67308807373047,540.3961791992188,1500.0,381.4620000900914,2447,-6.993999999999452,-37.00678187280995,0.0,0.5249889194906505,"{2: 47, 3: 4, 6: 205, 5: 11, 4: 8, 0: 70, 1: 5}","{1: 7, 2: 11, 3: 232, 4: 70, 6: 19, 5: 11}","{1: 250, 0: 65, 2: 35}","{1: 280, 0: 26, 2: 44}","{1: 248, 0: 61, 2: 41}","{1: 270, 2: 39, 0: 41}",0.07412947092183364,0.027391959213312528,0.10681099939837069,0.1108772346046194,0.2590007401868272,0.08943284338394182,0.3049000374876911,0.20921063897714834,0.2893825604784725,0.01851863115206321,0.31358621786672464,0.1252238613577021
9710,2,crash,3,1,1,275.981515424228,840,752.0,752.0,0.05,0.1,4.825594902038574,33.47355651855469,-122.67308807373047,540.6913452148438,500.0,84.31761593232041,751,-1.6780000000000013,-6.6581005080928035,-300.0,0.328549423124081,"{6: 56, 5: 9, 4: 8, 3: 2, 0: 9}","{1: 17, 2: 21, 3: 37, 6: 9}","{1: 57, 2: 27}","{1: 71, 0: 13}","{1: 51, 2: 33}","{1: 73, 2: 3, 0: 8}",0.034802661840280434,0.033929401250824484,0.10257745454710265,0.03288955719434634,0.24926269222194464,0.06072636803439544,0.2771844916109673,0.1526430662576237,0.2605495689984245,0.0046994347632356515,0.2939376124299154,0.06996621068650406
9720,2,success,3,5,0,2911.763372073297,3183,636.6,592.0,0.05,0.1,4.852090358734131,33.574066162109375,-122.67308807373047,540.6913452148438,2500.0,418.11937207329265,2601,-6.355999999999522,0.0,0.0,0.914785853620263,"{2: 97, 3: 14, 4: 44, 1: 28, 6: 46, 5: 6, 0: 83}","{4: 20, 3: 161, 0: 47, 1: 14, 2: 28, 6: 41, 5: 7}","{1: 238, 0: 42, 2: 38}","{1: 227, 2: 33, 0: 58}","{1: 223, 0: 53, 2: 42}","{1: 272, 0: 33, 2: 13}",0.07754803940210658,0.04437978239038555,0.10148522108442712,0.10084091388567579,0.27548541852296377,0.1382925893075233,0.3070962017935284,0.1604543477901694,0.2747899056893911,0.025523206196898955,0.2523141920683468,0.206317593471688
9730,2,success,3,5,0,2862.1098080841653,2854,570.8,537.0,0.05,0.1,4.865082740783691,33.69582748413086,-122.67308807373047,535.4306030273438,2500.0,389.6260363446015,2258,-5.6979999999995945,-21.81822826042327,0.0,1.0028415585438561,"{3: 35, 0: 21, 1: 21, 2: 90, 6: 106, 5: 5, 4: 7}","{2: 24, 3: 116, 0: 33, 1: 13, 6: 63, 5: 16, 4: 20}","{1: 223, 0: 22, 2: 40}","{1: 171, 0: 49, 2: 65}","{1: 205, 0: 30, 2: 50}","{1: 242, 0: 26, 2: 17}",0.060903247987153505,0.053659098653508576,0.0970843842961154,0.07681254442106997,0.22590749711001823,0.15983226438852616,0.2415318705340326,0.15462563874113291,0.20667417435253874,0.09709801595714232,0.23285161702233745,0.1101893009713237
9740,2,crash,3,2,1,802.8833324471218,623,278.5,278.5,0.05,0.1,4.875451564788818,33.8106803894043,-122.67308807373047,566.4862670898438,1000.0,109.02773039736668,555,-1.2420000000000009,-4.902397950243601,-300.0,1.2887372912473865,"{3: 19, 0: 23, 1: 6, 2: 7, 6: 7}","{6: 3, 5: 9, 4: 5, 3: 35, 2: 3, 0: 7}","{1: 39, 0: 23}","{1: 43, 2: 18, 0: 1}","{1: 32, 0: 30}","{1: 49, 0: 7, 2: 6}",0.053397977096954846,0.03874724379102476,0.16599133096256022,0.06743001504793808,0.3218143718435124,0.15745621321150224,0.37889683541280894,0.2002497404552307,0.2018678660808679,0.18208934881441063,0.2352966427761103,0.031058859016434258
9750,2,crash,3,0,1,-234.71585629909305,829,,,0.05,0.1,4.8892822265625,33.874271392822266,-122.67308807373047,561.7153930664062,0.0,75.05478430667443,734,-1.6580000000000013,-8.112640605767472,-300.0,-0.2831313103728505,"{6: 50, 5: 9, 4: 10, 3: 9, 2: 4}","{1: 13, 2: 31, 3: 38}","{1: 52, 2: 30}","{1: 70, 0: 8, 2: 4}","{1: 51, 2: 31}","{1: 70, 2: 1, 0: 11}",0.05176260331686572,0.023119250605260315,0.0968214789596113,0.03603193807767691,0.2260181303415982,0.062183767949008914,0.23798602862218243,0.1662896454752545,0.23659827244706017,0.03084004258094241,0.25413713203358806,0.17726754245235435
9760,2,crash,3,4,1,1901.4025234648257,2014,469.25,470.5,0.05,0.1,4.900936126708984,33.92713928222656,-122.67308807373047,561.7153930664062,2000.0,217.19347589207462,1574,-4.019999999999779,-11.77095242724892,-300.0,0.9440926134383444,"{2: 53, 3: 44, 4: 48, 5: 18, 6: 30, 1: 8}","{5: 22, 4: 24, 3: 110, 0: 34, 1: 5, 2: 6}","{1: 174, 2: 27}","{1: 154, 2: 18, 0: 29}","{1: 162, 0: 6, 2: 33}","{1: 164, 0: 25, 2: 12}",0.06862730608315233,0.031131742242184682,0.09889952611175812,0.09935908867995036,0.15965425590127194,0.1325944286966853,0.20202993930410892,0.1660002852493913,0.20831026233509858,0.1355826095645638,0.26970011118152065,0.14104570834295763
9770,2,max_steps,3,4,0,2340.9153544709793,3500,850.75,763.5,0.05,0.1,4.917482852935791,33.99099349975586,-122.67308807373047,552.1193237304688,2000.0,384.6545936297142,2801,-6.991999999999452,-36.74723915872594,0.0,0.6688329584202798,"{6: 51, 5: 15, 4: 42, 3: 59, 2: 106, 0: 35, 1: 42}","{6: 31, 5: 39, 4: 25, 3: 166, 0: 57, 1: 4, 2: 28}","{1: 271, 2: 36, 0: 43}","{1: 241, 2: 55, 0: 54}","{1: 263, 2: 35, 0: 52}","{1: 273, 2: 37, 0: 40}",0.06463318440099279,0.047289145330714905,0.08197340365779954,0.10315726493875678,0.18882746013755758,0.1252380557799506,0.2251865863317839,0.18422979648329846,0.17321552682196928,0.10923948165299213,0.26972137978744604,0.15007650515329368
9780,2,crash,3,4,1,1945.2404515885437,1822,413.25,406.5,0.05,0.1,4.93835973739624,34.091766357421875,-122.67308807373047,552.1193237304688,2000.0,260.3548533552891,1545,-3.635999999999821,-11.47840176674937,-300.0,1.0676402039454136,"{2: 78, 3: 32, 1: 8, 6: 38, 5: 5, 4: 7, 0: 14}","{5: 23, 4: 39, 3: 82, 0: 10, 1: 23, 2: 5}","{1: 119, 0: 17, 2: 46}","{1: 138, 2: 22, 0: 22}","{1: 120, 0: 19, 2: 43}","{1: 157, 0: 17, 2: 8}",0.06655005102789574,0.03808046219209299,0.08834401970261618,0.06558727943499618,0.27274922998053364,0.12922000686941165,0.2750137351882622,0.17771124045663647,0.1336684879899969,0.14748041898554456,0.21947896793749708,0.13813945119242602
9790,2,crash,3,4,1,2000.814844412777,2008,477.75,446.5,0.05,0.1,4.957980155944824,34.17645263671875,-122.67308807373047,560.7662353515625,2000.0,311.7898127110436,1783,-4.007999999999781,-6.96696829826892,-300.0,0.9964217352653272,"{0: 27, 1: 9, 2: 38, 3: 62, 6: 52, 5: 5, 4: 7}","{2: 25, 3: 121, 1: 9, 6: 27, 5: 5, 4: 4, 0: 9}","{1: 135, 0: 18, 2: 47}","{1: 145, 0: 26, 2: 29}","{1: 127, 0: 26, 2: 47}","{1: 162, 0: 19, 2: 19}",0.08355170019064664,0.027126312985906793,0.13259734527569295,0.08614596147997504,0.26592900017697174,0.13967057338790223,0.2780904345084759,0.2487545726290199,0.21886879030166367,0.21131489105176438,0.24769987666245968,0.32851209809478693
9800,2,crash,3,4,1,2011.2755386981582,2887,693.25,544.0,0.05,0.1,4.983797550201416,34.31253433227539,-122.67308807373047,566.2586059570312,2000.0,325.36784023835185,1994,-5.765999999999587,-8.326301540176493,-300.0,0.6966662759605674,"{2: 57, 3: 5, 1: 6, 5: 56, 6: 144, 4: 20}","{1: 25, 2: 22, 3: 117, 6: 20, 5: 11, 4: 22, 0: 71}","{1: 186, 0: 36, 2: 66}","{1: 210, 0: 47, 2: 31}","{1: 192, 0: 35, 2: 61}","{1: 235, 0: 32, 2: 21}",0.07906861951667385,0.04173538307955661,0.11380442799711847,0.07856710268300551,0.2554299891783344,0.09416043997680171,0.2972173192635303,0.22709921726752103,0.28436918883022066,0.016245076368967555,0.28420076072845263,0.091488632977762
9810,2,crash,3,1,1,239.9891641967539,591,177.0,177.0,0.05,0.1,4.992401599884033,34.4185676574707,-122.67308807373047,566.2586059570312,500.0,49.82148218892466,429,-1.1800000000000008,-8.652317992171797,-300.0,0.40607303586591187,"{2: 28, 0: 3, 1: 9, 3: 13, 4: 6}","{3: 17, 5: 31, 4: 11}","{1: 21, 0: 38}","{1: 54, 0: 5}","{1: 29, 0: 30}","{1: 57, 0: 2}",0.15784259098445505,0.02127162525215232,0.18062640658057327,0.06365668694284742,0.17910358102762874,0.05647276597287921,0.2149213977429788,0.14191752890723663,0.09721557159481617,0.023328590517511898,0.20171959802485512,0.14558323872392287
9820,2,success,3,5,0,2869.9200767492093,3174,634.8,637.0,0.05,0.1,5.003643035888672,34.494590759277344,-122.67308807373047,574.5455322265625,2500.0,376.25807674921913,2469,-6.337999999999524,0.0,0.0,0.9041966215340924,"{1: 39, 2: 37, 5: 24, 6: 118, 4: 30, 3: 25, 0: 44}","{3: 192, 0: 45, 1: 24, 2: 12, 6: 21, 5: 7, 4: 16}","{1: 235, 0: 48, 2: 34}","{1: 242, 0: 48, 2: 27}","{1: 222, 0: 56, 2: 39}","{1: 256, 0: 37, 2: 24}",0.09451564843932964,0.025834174377153116,0.10653357560698463,0.08211710305185596,0.21037655561610713,0.1344185338864111,0.26718351640553994,0.2300217078446724,0.240604375863456,0.11469254343748113,0.28754577214441673,0.18962168360133927
9830,2,max_steps,3,2,0,1138.721515222893,3500,1640.5,1640.5,0.05,0.1,5.0155029296875,34.571929931640625,-122.67308807373047,566.2586059570312,1000.0,164.59894593569803,2099,-6.9959999999994515,-18.88143071280185,0.0,0.325349004349398,"{6: 190, 5: 15, 4: 65, 3: 39, 2: 27, 1: 10, 0: 4}","{5: 10, 4: 17, 3: 211, 0: 70, 1: 13, 2: 7, 6: 22}","{1: 285, 2: 47, 0: 18}","{1: 281, 2: 15, 0: 54}","{1: 269, 2: 52, 0: 29}","{1: 281, 0: 44, 2: 25}",0.008249549732921826,0.021688490465048747,0.013056694112866576,0.02131052721985334,0.19771887332693436,0.06827300001963474,0.2955962566466903,0.35645967483423274,0.24838442860168364,0.006093748226099477,0.33620641929381423,0.12616935795543313
9840,2,max_steps,3,4,0,2282.5604696888763,3500,827.75,887.5,0.05,0.1,5.040679454803467,34.69038009643555,-122.67308807373047,566.2586059570312,2000.0,322.9634952838533,2442,-6.991999999999452,-33.41102559495689,0.0,0.6521601341968218,"{1: 70, 0: 27, 2: 89, 3: 30, 4: 21, 5: 76, 6: 37}","{0: 31, 1: 54, 2: 12, 3: 134, 6: 73, 5: 20, 4: 26}","{1: 264, 0: 60, 2: 26}","{1: 240, 0: 48, 2: 62}","{1: 246, 0: 71, 2: 33}","{1: 282, 0: 32, 2: 36}",0.06619993996333765,0.03828341136710933,0.09347314713554439,0.07659532644922068,0.2189333641221319,0.12540274819055716,0.25644216894514194,0.2621274300818111,0.25040009316798717,0.14634141570935125,0.3343353973577364,0.06954594579660255
9850,2,crash,3,2,1,776.7543357564196,1083,463.5,463.5,0.05,0.1,5.044045925140381,34.70600891113281,-122.67308807373047,566.2586059570312,1000.0,88.17076421636808,758,-2.1619999999999835,-9.254428459946867,-300.0,0.7172246867556967,"{4: 83, 3: 2, 5: 7, 0: 16}","{2: 9, 3: 57, 4: 26, 0: 16}","{1: 77, 2: 31}","{1: 88, 0: 11, 2: 9}","{1: 77, 2: 31}","{1: 67, 2: 16, 0: 25}",0.07186883392119515,0.024058494112325905,0.11473131257405114,0.14455698267985273,0.1928702453920086,0.09563433285571522,0.26335503163002494,0.2565196650074858,0.17386815239361517,0.018146526470217177,0.2918261923415043,0.13382825019297254
9860,2,crash,3,1,1,266.6213653326836,722,605.0,605.0,0.05,0.1,5.054103851318359,34.81769943237305,-122.67308807373047,574.6813354492188,500.0,75.2361326878359,527,-1.442000000000001,-7.172767355153089,-300.0,0.36928166943584984,"{0: 45, 1: 7, 2: 8, 5: 1, 6: 11}","{5: 9, 4: 16, 3: 35, 0: 12}","{1: 43, 0: 29}","{1: 64, 2: 7, 0: 1}","{1: 41, 0: 31}","{1: 53, 0: 9, 2: 10}",0.050110185435087856,0.049843396347771504,0.13198832605791755,0.01944263325132673,0.2684166608687035,0.060178325588351914,0.3056427820311192,0.19644745823235923,0.2796664690679418,0.005475860977299976,0.29925005390195014,0.020323048251099048
9870,2,max_steps,3,3,0,1758.2281655296235,3500,1037.6666666666667,1308.0,0.05,0.1,5.066760063171387,34.87580490112305,-122.67308807373047,561.0587158203125,1500.0,265.2221655296405,2431,-6.993999999999452,0.0,0.0,0.5023509044370353,"{1: 30, 2: 43, 3: 63, 6: 58, 5: 13, 4: 105, 0: 38}","{2: 82, 3: 215, 4: 43, 1: 10}","{1: 297, 0: 23, 2: 30}","{1: 307, 0: 35, 2: 8}","{1: 273, 0: 41, 2: 36}","{1: 297, 0: 37, 2: 16}",0.042166492501290065,0.019012101698951067,0.05939357150440072,0.05004286842085308,0.18014204441254633,0.06142056404093346,0.22948821994148047,0.18350044261974857,0.23280705991350317,0.06058418492356329,0.2466576387425292,0.09998083538657573
9880,2,max_steps,3,3,0,1932.4152786137654,3500,810.6666666666666,432.0,0.05,0.1,5.075913429260254,34.888675689697266,-122.67308807373047,559.7568359375,1500.0,445.211968856041,2457,-6.993999999999452,-5.802690242271464,0.0,0.5521186510325043,"{2: 33, 3: 7, 6: 252, 5: 15, 4: 13, 0: 24, 1: 6}","{3: 227, 1: 7, 2: 76, 6: 12, 5: 12, 4: 16}","{1: 229, 0: 64, 2: 57}","{1: 320, 0: 9, 2: 21}","{1: 222, 0: 59, 2: 69}","{1: 261, 0: 41, 2: 48}",0.12150416099235377,0.02104264627293189,0.1464603110642353,0.11156736472229076,0.2179266095613288,0.05806833026024859,0.29825887330818057,0.31849732065015735,0.18278795876408196,0.03483622798520923,0.3124541549841864,0.33485256117094764
9890,2,crash,3,1,1,292.40801541028264,2373,694.0,694.0,0.05,0.1,5.085862636566162,34.857601165771484,-122.67308807373047,570.2000122070312,500.0,123.04153374404713,1448,-4.7439999999997,-25.8895183337712,-300.0,0.12322293106206601,"{1: 55, 2: 12, 3: 2, 5: 29, 6: 139}","{0: 7, 1: 17, 2: 43, 3: 170}","{1: 211, 0: 20, 2: 6}","{1: 214, 0: 23}","{1: 203, 0: 20, 2: 14}","{1: 205, 0: 13, 2: 19}",0.02640370438517116,0.010203415515841254,0.04793861309317979,0.07086922404476532,0.15686633848182713,0.05983019039263633,0.2450294834986051,0.16425193964080562,0.2475286270521656,0.008933436040782934,0.35564904777651046,0.09256328479554272
9900,2,crash,3,3,1,1279.6280238034783,2134,391.3333333333333,514.0,0.05,0.1,5.086448669433594,34.86974334716797,-122.67308807373047,570.2000122070312,1500.0,165.76090834036592,1417,-4.261999999999753,-81.87088453688146,-300.0,0.5996382492050039,"{3: 33, 5: 37, 4: 47, 0: 96}","{1: 10, 2: 15, 4: 67, 5: 11, 3: 90, 0: 20}","{1: 190, 2: 20, 0: 3}","{1: 152, 0: 48, 2: 13}","{1: 160, 2: 41, 0: 12}","{1: 147, 2: 26, 0: 40}",0.0685640304436118,0.027756578974339866,0.10187757010412464,0.11117698775084457,0.15079772148566895,0.1337960350880077,0.21816169454907358,0.2312459767003293,0.16110296704886595,0.1348926065638661,0.20643491990806428,0.2521780198077366
9910,2,crash,3,2,1,789.3265421690548,2237,1021.5,1021.5,0.05,0.1,5.099949359893799,34.850746154785156,-122.67308807373047,560.498046875,1000.0,102.52375097680826,1132,-4.46999999999973,-8.727208807759016,-300.0,0.3528504882293495,"{3: 19, 1: 35, 2: 151, 4: 6, 5: 5, 6: 7}","{1: 8, 2: 9, 5: 12, 6: 30, 4: 95, 3: 69}","{1: 195, 0: 28}","{1: 182, 0: 21, 2: 20}","{1: 196, 0: 27}","{1: 204, 0: 5, 2: 14}",0.017983520158411533,0.017122227750681913,0.03071448611277541,0.03667522652636811,0.194214378398694,0.10250912858838403,0.21632272046944812,0.14651673360194092,0.25942439384227856,0.1510761223054482,0.3682034774317596,0.05072564872948872
9920,2,success,3,5,0,2912.1921870363876,3261,652.2,599.0,0.05,0.1,5.123279571533203,34.93822479248047,-121.16790771484375,551.9345703125,2500.0,418.7041870363779,2164,-6.511999999999505,0.0,0.0,0.8930365492291897,"{5: 25, 6: 129, 4: 16, 3: 20, 2: 95, 1: 41}","{0: 32, 1: 24, 2: 21, 3: 195, 6: 19, 5: 14, 4: 21}","{1: 229, 2: 69, 0: 28}","{1: 254, 0: 40, 2: 32}","{1: 231, 2: 65, 0: 30}","{1: 278, 0: 29, 2: 19}",0.08944756267238017,0.021574171929757652,0.10531910133009298,0.0938827352903562,0.23938400886919603,0.10537093883269241,0.27237794161748263,0.1570078587283571,0.18073886904949954,0.1467008452598257,0.2044937985715092,0.2069566328642063
9930,2,crash,3,2,1,872.8007222261521,1994,403.0,403.0,0.05,0.1,5.1338372230529785,35.029266357421875,-121.16790771484375,551.9345703125,1000.0,182.82164828665765,1373,-3.983999999999783,-6.036926060495177,-300.0,0.4377135016179298,"{4: 33, 3: 15, 2: 50, 6: 90, 5: 11}","{4: 8, 3: 121, 0: 19, 1: 8, 2: 43}","{1: 159, 0: 14, 2: 26}","{1: 161, 2: 9, 0: 29}","{1: 139, 2: 47, 0: 13}","{1: 147, 2: 24, 0: 28}",0.08499264846049155,0.01835246872312684,0.12431831561419582,0.13285442217095228,0.2048000554169202,0.10674098844416428,0.2589128737209545,0.2560857670059582,0.2902888001846653,0.05342954484464812,0.32614772231145955,0.2825277702567507
9940,2,success,3,5,0,2913.181896747177,3338,667.6,639.0,0.05,0.1,5.148559093475342,35.14773178100586,-121.16790771484375,555.7306518554688,2500.0,420.16287671081403,2671,-6.665999999999488,-0.3149799636442,0.0,0.8727327431836959,"{3: 62, 0: 111, 1: 46, 2: 18, 6: 83, 5: 6, 4: 7}","{1: 30, 2: 58, 3: 131, 6: 61, 5: 31, 4: 22}","{1: 241, 0: 47, 2: 45}","{1: 235, 0: 47, 2: 51}","{1: 228, 0: 59, 2: 46}","{1: 261, 0: 38, 2: 34}",0.05519722856274477,0.04454804049074633,0.08710400473035305,0.054094290042385564,0.22255288862843825,0.11969299359519127,0.2872666506846767,0.23550904727410554,0.2850810399968286,0.21143593649251696,0.3045050804168244,0.07851750363974713
9950,2,crash,3,1,1,241.28036532858397,601,356.0,356.0,0.05,0.1,5.155611991882324,35.20765686035156,-121.16790771484375,549.8456420898438,500.0,56.51592762850252,439,-1.2000000000000008,-14.035562299919293,-300.0,0.40146483415737766,"{1: 22, 2: 17, 3: 14, 4: 7}","{3: 35, 5: 16, 6: 9}","{1: 31, 0: 29}","{1: 55, 0: 2, 2: 3}","{1: 35, 0: 25}","{1: 54, 0: 3, 2: 3}",0.14858217452612804,0.015094192094749322,0.15362581599090025,0.06538718290622919,0.18626234332336133,0.05174743304578175,0.21313952373172837,0.14850220155930788,0.19474554895120658,0.012830532055351444,0.2187842580019755,0.042998060010277686
9960,2,success,3,5,0,2762.109849135611,2484,496.8,380.0,0.05,0.1,5.1671929359436035,35.27972412109375,-121.16790771484375,550.85595703125,2500.0,267.06784913560864,2306,-4.957999999999676,0.0,0.0,1.1119604867695696,"{3: 107, 2: 49, 1: 92}","{1: 46, 2: 34, 3: 48, 6: 59, 5: 14, 4: 9, 0: 38}","{1: 227, 0: 21}","{1: 112, 0: 65, 2: 71}","{1: 225, 0: 23}","{1: 239, 0: 2, 2: 7}",0.011423719660707352,0.06112119075468039,0.017401007990452584,0.023487515597423167,0.13149684626686325,0.1590049003072936,0.15719509231530132,0.10602045092274395,0.1850105764842174,0.19748222076033997,0.19558612983586737,0.05485276881529359
9970,2,crash,3,2,1,756.7467726884973,659,241.0,241.0,0.05,0.1,5.180374622344971,35.416324615478516,-121.16790771484375,572.2824096679688,1000.0,64.87615230491147,524,-1.314000000000001,-6.815379616412094,-300.0,1.1483259069628184,"{2: 37, 3: 13, 1: 7, 4: 8}","{2: 9, 3: 39, 6: 17}","{1: 34, 0: 31}","{1: 52, 0: 10, 2: 3}","{1: 26, 0: 39}","{1: 63, 0: 1, 2: 1}",0.13773013842267662,0.009358247185755618,0.19503823859302916,0.03362958477327893,0.22346141808942302,0.08865783750950543,0.22497733079956278,0.1434689545073855,0.18830945968555055,0.03489696628614817,0.21626829310031356,0.14700068162284738
9980,2,success,3,5,0,2849.4529189644677,2814,562.8,583.0,0.05,0.1,5.198732852935791,35.536170959472656,-121.16790771484375,551.2581176757812,2500.0,355.65404752165887,1897,-5.617999999999603,-0.5831285571918542,0.0,1.012598762958233,"{5: 50, 4: 33, 3: 17, 2: 63, 1: 27, 6: 45, 0: 46}","{3: 150, 1: 41, 2: 23, 6: 43, 5: 11, 4: 13}","{1: 161, 2: 58, 0: 62}","{1: 228, 0: 19, 2: 34}","{1: 146, 2: 56, 0: 79}","{1: 222, 2: 19, 0: 40}",0.11065487448181477,0.0217419464650029,0.1723581717935458,0.11159726648436769,0.28423294645518055,0.09148181398073843,0.3164156252928099,0.2661891847297484,0.2984442926097017,0.01171581122008706,0.32729365759462864,0.13749265690227017
9990,2,crash,3,2,1,929.2989124119133,1692,794.5,794.5,0.05,0.1,5.206960678100586,35.59516143798828,-121.16790771484375,543.8067626953125,1000.0,241.15770100003908,1131,-3.3799999999998493,-8.47878858812766,-300.0,0.5492310357044405,"{1: 19, 2: 15, 3: 21, 4: 35, 6: 74, 5: 5}","{3: 114, 2: 6, 4: 28, 5: 10, 0: 11}","{1: 82, 0: 24, 2: 63}","{1: 162, 0: 2, 2: 5}","{1: 82, 0: 23, 2: 64}","{1: 114, 0: 28, 2: 27}",0.15389472044324415,0.01218666139770187,0.18781533762743655,0.11996995926398203,0.2536705286498749,0.056786900840937134,0.30635221690609954,0.2443170891974513,0.24026158587015914,0.013050418113154735,0.3284555975909146,0.19559404774659395
10000,2,crash,3,2,1,917.3634923167174,1275,585.0,585.0,0.05,0.1,5.214102745056152,35.68047332763672,-121.16790771484375,549.5804443359375,1000.0,228.3403286040203,933,-2.545999999999941,-8.430836287303297,-300.0,0.7195007782876215,"{5: 28, 4: 28, 3: 2, 0: 56, 1: 5, 2: 8}","{3: 98, 2: 18, 5: 11}","{1: 64, 2: 12, 0: 51}","{1: 124, 0: 3}","{1: 64, 2: 11, 0: 52}","{1: 101, 2: 11, 0: 15}",0.14722932022447646,0.01666996650071661,0.17760810978162514,0.10658260316068693,0.30198608034656177,0.0414561251282895,0.3332642644929576,0.20625703831552242,0.24521855993996414,0.017499102530166427,0.23907810392408727,0.12808757927715753
10010,2,crash,3,1,1,272.79004761115476,1421,945.0,945.0,0.05,0.1,5.221696853637695,35.750606536865234,-121.16790771484375,555.11376953125,500.0,92.76681287679646,688,-2.839999999999909,-17.13676526564349,-300.0,0.19197047685514057,"{5: 31, 6: 53, 4: 7, 3: 3, 0: 48}","{0: 25, 1: 16, 2: 17, 3: 36, 4: 1, 5: 13, 6: 34}","{1: 104, 2: 38}","{1: 110, 0: 32}","{1: 80, 0: 17, 2: 45}","{1: 89, 0: 22, 2: 31}",0.0817656227717759,0.023599312557334308,0.1487069745686036,0.1309970959391158,0.24626719492607274,0.08790683907202153,0.3137247255987193,0.3648321039670739,0.29950041189699567,0.0077443047155257225,0.3298317941310386,0.1574308175967191
10020,2,max_steps,3,3,0,1778.7861356035787,3500,510.6666666666667,433.0,0.05,0.1,5.23275089263916,35.83598709106445,-121.16790771484375,551.5009765625,1500.0,289.2235008061933,2020,-6.993999999999452,-3.443365202583733,0.0,0.508224610172451,"{5: 31, 4: 27, 2: 47, 1: 20, 0: 210, 3: 2, 6: 13}","{3: 117, 0: 27, 1: 15, 2: 7, 6: 35, 5: 30, 4: 119}","{1: 280, 2: 50, 0: 20}","{1: 302, 0: 20, 2: 28}","{1: 264, 2: 52, 0: 34}","{1: 292, 2: 20, 0: 38}",0.06746545921062383,0.02071252739556592,0.09518905671830971,0.08754749802648648,0.23424824844494127,0.06209532797456489,0.2908141478494061,0.21656456141568525,0.28661847063157725,0.011815210464575952,0.33955555232168444,0.13570555811756901
10030,2,crash,3,2,1,764.9103203692578,1103,477.5,477.5,0.05,0.1,5.250577926635742,35.9468994140625,-121.16790771484375,546.0908203125,1000.0,103.51524718486422,817,-2.201999999999979,-36.40292681560798,-300.0,0.6934817047772056,"{2: 65, 3: 20, 0: 3, 1: 7, 6: 15}","{4: 17, 3: 53, 5: 25, 0: 15}","{1: 89, 0: 21}","{1: 86, 2: 24}","{1: 85, 0: 25}","{1: 91, 0: 6, 2: 13}",0.0695997045903471,0.0439475039448072,0.10762796452874318,0.11530577505301369,0.2080236089366292,0.10512208658994088,0.24774900210067627,0.1816430760935997,0.1382586833717498,0.13754200130664332,0.2584598097290865,0.14567323348055575
10040,2,crash,3,0,1,-231.059596254533,581,,,0.05,0.1,5.26278018951416,35.97163009643555,-121.16790771484375,542.2869873046875,0.0,76.00748031603403,523,-1.1620000000000008,-5.905076570566971,-300.0,-0.39769293675479,"{0: 36, 1: 7, 2: 6, 3: 7, 4: 2}","{2: 19, 3: 39}","{1: 34, 0: 24}","{1: 47, 0: 11}","{1: 31, 0: 27}","{1: 46, 0: 2, 2: 10}",0.09396223064956014,0.015248976580191762,0.1579221905049033,0.13451874224029658,0.3217294021185312,0.09491376541651031,0.35869269200836984,0.2540419788511911,0.3348448656902362,0.03882786916155333,0.3044192659606062,0.28642072676494357
10050,2,crash,3,2,1,823.2533373169596,1940,872.0,872.0,0.05,0.1,5.269424915313721,35.98064422607422,-121.16790771484375,548.3510131835938,1000.0,192.60099350750184,1249,-3.8759999999997947,-65.47165619054644,-300.0,0.42435739036956677,"{1: 28, 2: 12, 6: 76, 5: 51, 4: 9, 3: 1, 0: 17}","{4: 3, 3: 115, 0: 29, 1: 21, 2: 6, 5: 9, 6: 11}","{1: 135, 0: 27, 2: 32}","{1: 158, 2: 2, 0: 34}","{1: 120, 0: 37, 2: 37}","{1: 151, 0: 29, 2: 14}",0.09021577256835753,0.04322253906371462,0.11705240992989079,0.11228713245456687,0.18595666916527456,0.06345823630992604,0.2409604194167634,0.18979508997464314,0.2443912982761462,0.05848229006233659,0.2400658749851393,0.28435657381389334
10060,2,crash,3,1,1,276.0663448856798,635,554.0,554.0,0.05,0.1,5.285562515258789,36.069820404052734,-121.16790771484375,563.6193237304688,500.0,83.34749751481326,553,-1.268000000000001,-6.013152629133939,-300.0,0.43475014942626744,"{6: 41, 5: 7, 4: 7, 0: 8}","{5: 2, 4: 17, 3: 36, 0: 8}","{1: 37, 2: 26}","{1: 58, 2: 4, 0: 1}","{1: 31, 2: 32}","{1: 48, 2: 8, 0: 7}",0.07968793371831595,0.04157944106292204,0.18159896723641022,0.0370839393491767,0.28409158029310877,0.05797552541742326,0.3226801497354581,0.2206320907113177,0.29487080299432417,0.005810371655120331,0.3149655946609119,0.0367753108950822
10070,2,crash,3,0,1,-216.90327310024054,1286,,,0.05,0.1,5.293656826019287,36.13633346557617,-121.16790771484375,568.8287353515625,0.0,95.1360172807922,1066,-2.5719999999999383,-9.467290381032765,-300.0,-0.16866506461916062,"{6: 59, 5: 11, 4: 44, 3: 11, 2: 3}","{0: 14, 1: 18, 2: 60, 3: 36}","{1: 112, 2: 16}","{1: 102, 0: 26}","{1: 108, 2: 20}","{1: 102, 0: 16, 2: 10}",0.03973148735101331,0.028301639460640928,0.08107754594434305,0.0799215533196667,0.15871592595265951,0.06325919751395967,0.19931847407159145,0.15926660937249076,0.19358549549196477,0.0274022105099817,0.2441735847213846,0.19654599113188656
10080,2,crash,3,3,1,1457.2855951521337,3020,970.0,898.0,0.05,0.1,5.311172962188721,36.2318229675293,-121.16790771484375,574.5082397460938,1500.0,273.6599580070784,2110,-6.0339999999995575,-10.340362854928973,-300.0,0.48254489905699793,"{5: 103, 4: 24, 3: 5, 2: 14, 1: 51, 0: 30, 6: 75}","{0: 11, 1: 25, 2: 42, 3: 160, 6: 21, 5: 14, 4: 29}","{1: 237, 2: 45, 0: 20}","{1: 249, 0: 29, 2: 24}","{1: 234, 2: 49, 0: 19}","{1: 273, 0: 15, 2: 14}",0.06489855577088119,0.0379941171727456,0.07716615695684226,0.061838242053539196,0.2117367733563856,0.06408390606604072,0.2584182427681223,0.14949396991231462,0.2475873596138914,0.052045710992655585,0.25215659607822005,0.12988834533548113
10090,2,crash,3,0,1,-247.63895036979318,1488,,,0.05,0.1,5.324413776397705,36.29670715332031,-121.16790771484375,574.5082397460938,0.0,92.86484490903885,696,-2.975999999999894,-37.52779527883198,-300.0,-0.16642402578615134,"{2: 110, 1: 21, 0: 17}","{6: 10, 5: 6, 4: 15, 3: 117}","{1: 137, 0: 11}","{1: 112, 2: 33, 0: 3}","{1: 128, 2: 6, 0: 14}","{1: 112, 0: 25, 2: 11}",0.008585700261076377,0.0345990719474239,0.028810659773179554,0.058317055690402256,0.14471138431484878,0.12747007215633435,0.19780897661256766,0.17597777631268077,,,,
10100,2,crash,3,3,1,1439.879990003562,2075,663.6666666666666,703.0,0.05,0.1,5.343598365783691,36.35917282104492,-121.16790771484375,559.6708374023438,1500.0,252.42995188673666,1756,-4.143999999999766,-8.405961883168313,-300.0,0.6939180674715961,"{1: 54, 2: 24, 3: 29, 6: 83, 5: 9, 4: 8}","{0: 6, 1: 24, 2: 17, 3: 106, 6: 15, 5: 17, 4: 22}","{1: 151, 0: 13, 2: 43}","{1: 153, 0: 17, 2: 37}","{1: 153, 0: 14, 2: 40}","{1: 154, 0: 24, 2: 29}",0.04924363792634788,0.039723085595485715,0.057366619762989644,0.08177264217623406,0.20806520746885016,0.09260421672132674,0.26574064110651663,0.21426534993400176,0.25071452316260273,0.18935617460645757,0.25667685225828984,0.2537649211720926
10110,2,max_steps,3,4,0,2240.8635929330603,3500,862.75,849.0,0.05,0.1,5.365860939025879,36.441654205322266,-121.16790771484375,573.9913940429688,2000.0,285.8203928166264,2539,-6.991999999999452,-37.96479988355718,0.0,0.6402467408380172,"{3: 53, 6: 89, 5: 40, 4: 47, 1: 62, 2: 49, 0: 10}","{5: 9, 4: 6, 2: 85, 1: 87, 0: 4, 3: 154, 6: 5}","{1: 303, 2: 6, 0: 41}","{1: 305, 2: 16, 0: 29}","{1: 287, 2: 12, 0: 51}","{1: 307, 2: 26, 0: 17}",0.06581041688290643,0.015000624587117086,0.08131499884370519,0.0668588792800196,0.1600977107827533,0.06092184741377362,0.19741063425805724,0.15218693736830974,0.1829747940452238,0.019208134065824136,0.20861487687162236,0.1514930666696445
10120,2,crash,3,3,1,1470.3425459755936,2379,699.3333333333334,612.0,0.05,0.1,5.380051612854004,36.50215148925781,-121.16790771484375,573.9913940429688,1500.0,281.5770640126606,1917,-4.751999999999699,-6.48251803706351,-300.0,0.6180506708598543,"{6: 46, 5: 32, 4: 12, 3: 13, 2: 95, 1: 34, 0: 5}","{1: 68, 2: 13, 3: 111, 6: 28, 5: 5, 4: 12}","{1: 185, 2: 16, 0: 36}","{1: 174, 2: 29, 0: 34}","{1: 177, 2: 17, 0: 43}","{1: 196, 2: 22, 0: 19}",0.06454703980700573,0.042937747251662356,0.0858910833995039,0.09606561341912805,0.21797891455527896,0.14684278148045993,0.2662065585187599,0.1649240535860563,0.2624913481261752,0.06721230555902633,0.28237680701388096,0.18113326864626636
10130,2,success,3,5,0,2785.187031482461,3009,601.8,753.0,0.05,0.1,5.3974080085754395,36.55582046508789,-121.16790771484375,573.9913940429688,2500.0,345.26462881510565,2587,-6.00799999999956,-54.069597332646275,0.0,0.9256188206987241,"{0: 41, 1: 49, 2: 46, 3: 26, 4: 41, 5: 48, 6: 49}","{3: 176, 1: 56, 2: 22, 4: 20, 6: 12, 5: 14}","{1: 253, 0: 37, 2: 10}","{1: 274, 0: 7, 2: 19}","{1: 235, 0: 44, 2: 21}","{1: 277, 0: 16, 2: 7}",0.08702843183761177,0.021268238024514895,0.10327437328031563,0.08285956796020755,0.1652994842562086,0.0589834167316054,0.21298518264284272,0.14804295712538665,0.19939339106835618,0.05642283366130666,0.23222234329595662,0.14812803057112314
10140,2,crash,3,1,1,248.48031570397973,547,352.0,352.0,0.05,0.1,5.411955833435059,36.626163482666016,-121.16790771484375,570.4739990234375,500.0,58.91322098759655,461,-1.0920000000000007,-9.34090528361744,-300.0,0.4542601749615717,"{1: 23, 2: 15, 3: 11, 4: 5}","{3: 35, 0: 19}","{1: 22, 0: 32}",{1: 54},"{1: 23, 0: 31}","{1: 43, 0: 2, 2: 9}",0.1673642266835727,0.011225058482260731,0.20516440757818588,0.09166661371055718,0.22417260607585865,0.03300883650476461,0.24167802684777587,0.16154817355647083,0.20111551037386016,0.010441419861466272,0.23610282590434778,0.053238892313826475
10150,2,crash,3,2,1,889.6966801849535,1297,606.5,606.5,0.05,0.1,5.424754619598389,36.60042953491211,-121.16790771484375,570.4739990234375,1000.0,198.5112279231748,1038,-2.5899999999999364,-6.224547738222293,-300.0,0.6859650579683527,"{5: 25, 4: 11, 3: 3, 0: 69, 1: 10, 2: 10, 6: 1}","{3: 121, 4: 8}","{1: 74, 2: 17, 0: 38}","{1: 117, 0: 12}","{1: 66, 2: 17, 0: 46}","{1: 101, 2: 8, 0: 20}",0.13854130967941772,0.009518972963535688,0.1746568867932996,0.10914916898725313,0.21547192942204496,0.05892162531898344,0.2730553445348264,0.183018432255507,0.2438966043763373,0.04212051787217963,0.3043207355902968,0.20747129061647004
10160,2,crash,3,1,1,260.22838932694185,492,380.0,380.0,0.05,0.1,5.443283557891846,36.69987869262695,-121.16790771484375,570.9286499023438,500.0,69.84588451197767,379,-0.9820000000000008,-8.63549518503647,-300.0,0.5289194905019143,"{6: 21, 5: 7, 4: 8, 3: 1, 2: 2, 1: 6, 0: 4}","{3: 37, 0: 12}","{1: 21, 2: 28}","{1: 48, 0: 1}","{1: 21, 2: 28}","{1: 36, 2: 2, 0: 11}",0.17149974977451637,0.020343907341330274,0.20780782761895675,0.10601564373781207,0.2653469031280235,0.02926783012823546,0.2949490553955263,0.42142671997320935,0.26490110950036266,0.006546641192690989,0.3002387246248734,0.013584254718165996
10170,2,max_steps,3,3,0,1724.3735974554859,3500,1081.0,1162.0,0.05,0.1,5.451527118682861,36.744258880615234,-121.16790771484375,572.0250854492188,1500.0,260.59586310833294,2357,-6.993999999999452,-29.228265652837244,0.0,0.4926781707015674,"{6: 133, 5: 21, 4: 48, 3: 31, 0: 103, 1: 6, 2: 8}","{3: 236, 2: 30, 5: 37, 4: 6, 0: 22, 1: 18, 6: 1}","{1: 299, 2: 15, 0: 36}","{1: 300, 0: 30, 2: 20}","{1: 286, 2: 25, 0: 39}","{1: 292, 0: 33, 2: 25}",0.04020808529980178,0.026917706994862022,0.06508262938672202,0.06538273204467536,0.18931790643866236,0.06399420689244624,0.2211453080315204,0.15896761909768672,0.26670863250084437,0.13902923660044492,0.3037068952778628,0.32295478208537465
10180,2,success,3,5,0,2798.7373477088263,2834,566.8,574.0,0.05,0.1,5.463759422302246,36.74601364135742,-121.16790771484375,572.0250854492188,2500.0,304.39534770882346,2085,-5.657999999999599,0.0,0.0,0.9875572857123593,"{3: 57, 4: 41, 1: 33, 0: 35, 2: 11, 5: 24, 6: 82}","{0: 4, 1: 17, 2: 16, 3: 184, 4: 58, 5: 4}","{1: 217, 0: 25, 2: 41}","{1: 251, 0: 21, 2: 11}","{1: 201, 0: 36, 2: 46}","{1: 226, 0: 29, 2: 28}",0.08139934564412675,0.023910649364105457,0.10673354214177443,0.12425927227827382,0.2109174698458062,0.06061285074355944,0.26075713906665315,0.20345122310426333,0.1791342520303669,0.07184880193502965,0.26410447874495124,0.27852528085312117
10190,2,max_steps,3,4,0,2379.6856467541356,3500,858.25,890.0,0.05,0.1,5.4746012687683105,36.78984832763672,-119.751220703125,587.74365234375,2000.0,426.56611078465465,2713,-6.991999999999452,-39.888464030519415,0.0,0.6799101847868959,"{1: 19, 2: 76, 3: 9, 6: 175, 5: 20, 4: 25, 0: 26}","{5: 13, 4: 15, 3: 221, 0: 14, 1: 54, 2: 33}","{1: 238, 0: 56, 2: 56}","{1: 300, 2: 17, 0: 33}","{1: 218, 0: 61, 2: 71}","{1: 235, 0: 60, 2: 55}",0.09635796846368497,0.033190836115610425,0.12388265187893721,0.12536422680565326,0.23039537136431074,0.06158783169567554,0.29576212856418455,0.3030141672181916,0.2184225635870533,0.0478371173733887,0.338433689371199,0.41150595981417765
10200,2,crash,3,1,1,247.26474963148473,520,350.0,350.0,0.05,0.1,5.485929489135742,36.840606689453125,-119.751220703125,591.9222412109375,500.0,59.2174535371661,322,-1.0380000000000007,-10.914703905682332,-300.0,0.4755091339067014,"{0: 13, 1: 10, 2: 9, 3: 2, 4: 7, 5: 8, 6: 3}","{3: 36, 2: 16}","{1: 22, 0: 30}","{1: 42, 0: 10}","{1: 22, 0: 30}","{1: 37, 0: 8, 2: 7}",0.17058392657493016,0.014066805759512298,0.21372288639138626,0.10907552774519143,0.2257645996270173,0.08397808755952053,0.2519585897186022,0.19127698445412236,0.23307749921515403,0.0025494502350234417,0.25483291473473246,0.02406369887288253
10210,2,max_steps,3,3,0,1763.535944294538,3500,704.0,848.0,0.05,0.1,5.5043864250183105,36.92991256713867,-119.751220703125,591.9222412109375,1500.0,291.4760744428868,2088,-6.993999999999452,-20.946130148329402,0.0,0.5038674126555823,"{3: 18, 1: 180, 0: 59, 2: 9, 6: 72, 5: 5, 4: 7}","{5: 8, 4: 30, 3: 279, 1: 10, 2: 23}","{1: 276, 0: 38, 2: 36}","{1: 307, 2: 25, 0: 18}","{1: 274, 0: 42, 2: 34}","{1: 296, 0: 27, 2: 27}",0.04953786671758938,0.02299564204538268,0.0710491085874842,0.0674592738455213,0.22232299476108436,0.061358974795821024,0.24966805799410297,0.17148355622259026,0.28164931776414415,0.15460695854583584,0.24205850775902774,0.06499071032980801
10220,2,success,3,5,0,2755.83282278141,2514,502.8,523.0,0.05,0.1,5.5178375244140625,36.981536865234375,-119.751220703125,581.035400390625,2500.0,260.8508227814289,1756,-5.017999999999669,0.0,0.0,1.0961944402471797,"{3: 43, 2: 132, 4: 36, 1: 23, 0: 17}","{6: 28, 5: 13, 4: 10, 3: 88, 0: 29, 1: 23, 2: 60}","{1: 223, 0: 28}","{1: 168, 2: 41, 0: 42}","{1: 195, 0: 44, 2: 12}","{1: 232, 0: 12, 2: 7}",0.04333142535055676,0.03454823090370134,0.05803894537374557,0.06734344237026296,0.15219412799399581,0.18276153124266123,0.20986149680553046,0.14914612048663373,0.21299046175254813,0.17128288683688578,0.25296586486272615,0.1425724853000576
10230,2,crash,3,4,1,1908.989765046625,2019,476.5,506.0,0.05,0.1,5.527037143707275,37.05359649658203,-122.99122619628906,588.3533935546875,2000.0,221.17850240948323,1617,-4.029999999999778,-8.158737362846304,-300.0,0.9455125136436974,"{3: 23, 4: 33, 2: 65, 1: 54, 0: 26}","{4: 37, 3: 98, 0: 35, 1: 6, 2: 5, 5: 18, 6: 2}","{1: 164, 2: 6, 0: 31}","{1: 142, 2: 25, 0: 34}","{1: 154, 2: 10, 0: 37}","{1: 168, 2: 13, 0: 20}",0.05915909869498302,0.04137004166557451,0.08638677012661156,0.08045093917794174,0.16851144401220067,0.1332383228944249,0.21000740987365973,0.1734482392828342,0.18932152431458327,0.13285198637578113,0.22274187484451025,0.04892015874059794
10240,2,crash,3,0,1,-317.3237013181831,1307,,,0.05,0.1,5.53847074508667,37.102638244628906,-122.99122619628906,621.19189453125,0.0,0.23128947245220632,102,-2.6139999999999337,-14.940990790635293,-300.0,-0.24278783574459303,{0: 130},"{3: 123, 2: 7}",{1: 130},{1: 130},{1: 130},{1: 130},0.06374137366160397,0.010742128246146407,0.07810625111464738,0.035058871551758755,0.10324997904542545,0.04191924674231803,0.11455496874129352,0.09578255802283851,,,,
10250,2,crash,3,1,1,288.3188056685276,1204,1042.0,1042.0,0.05,0.1,5.5516510009765625,37.20293045043945,-122.99122619628906,635.9528198242188,500.0,104.21833874599898,793,-2.4059999999999566,-13.493533077472156,-300.0,0.23946744656854452,"{6: 24, 5: 46, 4: 33, 3: 1, 0: 16}","{0: 36, 1: 9, 2: 5, 3: 54, 6: 16}","{1: 110, 2: 10}","{1: 84, 0: 36}","{1: 106, 2: 14}","{1: 112, 2: 2, 0: 6}",0.0794176737335349,0.02627970145800902,0.10631293440539613,0.09627442317269208,0.14241118642961262,0.12720671737686376,0.18711249386662163,0.14577053133662424,0.15018086737915926,0.01878763553076511,0.20679637852175173,0.07410675851993564
10260,2,crash,3,2,1,757.0613680692248,828,336.0,336.0,0.05,0.1,5.557862281799316,37.25584030151367,-122.99122619628906,604.8179931640625,1000.0,73.81201442645396,619,-1.6520000000000012,-15.098646357227711,-300.0,0.9143253237551024,"{2: 46, 3: 8, 0: 3, 1: 10, 6: 15}","{3: 50, 2: 17, 1: 15}","{1: 66, 0: 16}","{1: 73, 0: 9}","{1: 60, 0: 22}","{1: 57, 0: 10, 2: 15}",0.09778437602989432,0.014025843400638081,0.1054753921619534,0.14357490574833795,0.15561435141077454,0.059853844735359533,0.2144628944535594,0.16624288061854844,0.155707048428319,0.013351320451018578,0.22103924703174307,0.1042129799790989
10270,2,max_steps,3,4,0,2307.3861472778244,3500,733.5,689.0,0.05,0.1,5.576207637786865,37.30392837524414,-122.99122619628906,566.0488891601562,2000.0,319.8528633120031,2453,-6.991999999999452,-5.474716034169531,0.0,0.6592531849365213,"{5: 35, 4: 64, 3: 42, 1: 78, 0: 41, 2: 27, 6: 63}","{2: 46, 3: 146, 1: 29, 6: 39, 5: 40, 4: 50}","{1: 274, 2: 47, 0: 29}","{1: 291, 0: 22, 2: 37}","{1: 258, 2: 58, 0: 34}","{1: 284, 2: 30, 0: 36}",0.0853027423321974,0.038474943748932525,0.11215391173433356,0.10191135944908575,0.18607093119936813,0.07276042723167653,0.2309414202554406,0.1624104714309602,0.2074927274504343,0.048763403967625504,0.21079060485990733,0.158275290537088
10280,2,success,3,5,0,2732.0717253132048,1691,338.2,248.0,0.05,0.1,5.594130516052246,37.419185638427734,-122.99122619628906,564.114501953125,2500.0,235.44372531320724,1522,-3.3719999999998502,0.0,0.0,1.6156544797830898,"{4: 31, 2: 60, 1: 8, 3: 22, 6: 42, 5: 6}","{3: 98, 1: 19, 2: 23, 5: 11, 4: 18}","{1: 130, 2: 28, 0: 11}","{1: 129, 0: 18, 2: 22}","{1: 120, 2: 37, 0: 12}","{1: 147, 2: 7, 0: 15}",0.06995030888739162,0.039558938490550324,0.10292129960360982,0.10827772396325958,0.20306160675191956,0.08082080857165451,0.2647757560207858,0.15206952326340728,0.2582988280017079,0.17509149281958858,0.2224037174124964,0.2391455943319925
10290,2,crash,3,4,1,1980.838380930224,1871,442.0,377.0,0.05,0.1,5.616972923278809,37.50117111206055,-122.99122619628906,596.473388671875,2000.0,290.03800897306775,1361,-3.7339999999998104,-5.4656280428354105,-300.0,1.0587057086746254,"{3: 17, 2: 32, 6: 47, 5: 6, 4: 7, 0: 70, 1: 8}","{5: 6, 4: 8, 3: 148, 2: 14, 1: 11}","{1: 94, 0: 58, 2: 35}","{1: 162, 2: 13, 0: 12}","{1: 89, 0: 64, 2: 34}","{1: 132, 0: 35, 2: 20}",0.14747593722932956,0.013591176358141025,0.19345336016824813,0.12662586390953057,0.28894526775225504,0.0625587966984176,0.32083267192330456,0.22934967136835493,0.29610738306206036,0.1537606272773328,0.34412543597317957,0.0690620466241827
10300,2,max_steps,3,4,0,2369.7440237294204,3500,746.5,619.0,0.05,0.1,5.632259368896484,37.571773529052734,-122.99122619628906,574.9393310546875,2000.0,387.5716393838544,2647,-6.991999999999452,-10.835615654422362,0.0,0.6770697210655486,"{4: 87, 3: 4, 5: 13, 0: 159, 1: 13, 2: 14, 6: 60}","{6: 24, 5: 35, 4: 40, 3: 170, 2: 24, 0: 48, 1: 9}","{1: 297, 2: 39, 0: 14}","{1: 238, 2: 53, 0: 59}","{1: 288, 2: 48, 0: 14}","{1: 306, 2: 15, 0: 29}",0.06891638737589584,0.050038489090439855,0.0848788292606041,0.07390601119578519,0.18094536609777218,0.10232216177727772,0.23051610114855833,0.15304900557757836,0.23246779615975713,0.05309136148766562,0.21317635383529576,0.24583152934342062
10310,2,max_steps,3,4,0,2477.544090376651,3500,780.0,821.0,0.05,0.1,5.648613929748535,37.6756477355957,-122.99122619628906,579.2367553710938,2000.0,484.5360903766524,2754,-6.991999999999452,0.0,0.0,0.7078697401076146,"{0: 147, 1: 27, 2: 27, 3: 2, 6: 123, 5: 10, 4: 14}","{0: 50, 1: 14, 2: 6, 3: 201, 4: 48, 6: 19, 5: 12}","{1: 222, 0: 51, 2: 77}","{1: 276, 0: 48, 2: 26}","{1: 239, 0: 39, 2: 72}","{1: 305, 0: 33, 2: 12}",0.10791289367337922,0.03748804011868265,0.12301263641499699,0.07482771908550906,0.26561346099314964,0.06544073345327024,0.2864164672558208,0.15554759242006047,0.2824526376753774,0.05306789352221919,0.2370043477390357,0.10713472182301523
10320,2,max_steps,3,4,0,2356.8457365970985,3500,817.75,852.5,0.05,0.1,5.660148620605469,37.67104721069336,-122.99122619628906,579.2367553710938,2000.0,363.8377365970993,2628,-6.991999999999452,0.0,0.0,0.6733844961705996,"{6: 73, 5: 34, 4: 59, 3: 27, 0: 83, 1: 21, 2: 53}","{3: 230, 2: 67, 6: 10, 5: 14, 4: 29}","{1: 294, 2: 28, 0: 28}","{1: 310, 0: 18, 2: 22}","{1: 277, 2: 40, 0: 33}","{1: 284, 2: 20, 0: 46}",0.09498446823958118,0.019665695370414828,0.10713627775871351,0.1128222028084418,0.1569367857105967,0.06117328147687588,0.2064739535085999,0.17278299845118172,0.17466989302036237,0.0358391787315386,0.2044532642389877,0.19793774278007484
10330,2,crash,3,1,1,254.7090534325589,1142,679.0,679.0,0.05,0.1,5.6701979637146,37.70276641845703,-122.99122619628906,581.7420654296875,500.0,79.71986806305112,548,-2.2819999999999703,-22.728814630494412,-300.0,0.22303770002851042,"{1: 40, 0: 19, 2: 8, 4: 8, 5: 7, 6: 32}","{2: 8, 3: 64, 6: 26, 5: 7, 4: 9}","{1: 82, 0: 32}","{1: 84, 0: 2, 2: 28}","{1: 77, 0: 37}","{1: 79, 0: 28, 2: 7}",0.07946786281818266,0.0454831864775619,0.11292437624479348,0.09247737441881165,0.2514886310864739,0.12341120324718527,0.3070209115747249,0.2977195123911781,0.2612121936538,0.009187295181578943,0.24438849062704276,0.06963379180239294
10340,2,crash,3,3,1,1409.1808345881102,2528,647.3333333333334,629.0,0.05,0.1,5.685197830200195,37.73738479614258,-122.99122619628906,589.6610107421875,1500.0,284.1084733866475,1926,-5.049999999999666,-69.87763879853092,-300.0,0.5574291276060562,"{0: 36, 1: 12, 2: 65, 5: 38, 6: 58, 4: 33, 3: 10}","{0: 5, 1: 9, 2: 33, 3: 151, 4: 18, 6: 29, 5: 7}","{1: 215, 0: 9, 2: 28}","{1: 196, 0: 24, 2: 32}","{1: 201, 0: 13, 2: 38}","{1: 188, 0: 33, 2: 31}",0.09527057678193929,0.027123703669790642,0.10333171377490749,0.12087166358633926,0.15499799816702212,0.13300533396106487,0.2049425952060901,0.22365192107152987,0.15698314298059865,0.0161229595110454,0.21642639140665565,0.13202001066638522
10350,2,crash,3,1,1,269.8496596956228,540,466.0,466.0,0.05,0.1,5.695643901824951,37.81373977661133,-122.99122619628906,604.7838134765625,500.0,76.58325018788338,465,-1.0780000000000007,-5.655590492261054,-300.0,0.49972159202893107,"{0: 30, 1: 8, 2: 6, 3: 2, 5: 4, 6: 4}","{2: 8, 3: 38, 6: 8}","{1: 29, 0: 25}","{1: 43, 0: 11}","{1: 25, 0: 29}","{1: 43, 0: 3, 2: 8}",0.12987874824249604,0.025609894072459366,0.20411723023310968,0.12917747201139196,0.2962776919117064,0.0698773200633361,0.3516652975824234,0.21736352884926533,0.3098937438983312,0.01701337041704516,0.3453036525828401,0.12205787950638373
10360,2,crash,3,3,1,1413.1569456437635,2034,624.3333333333334,511.0,0.05,0.1,5.699336051940918,37.843868255615234,-122.99122619628906,593.3321533203125,1500.0,228.39484112011962,1486,-4.061999999999775,-11.175895476350899,-300.0,0.6947674265701885,"{6: 66, 5: 25, 4: 43, 3: 6, 1: 18, 0: 38, 2: 7}","{2: 49, 3: 138, 6: 16}","{1: 159, 2: 17, 0: 27}","{1: 192, 0: 11}","{1: 141, 2: 35, 0: 27}","{1: 134, 2: 26, 0: 43}",0.10661032828305408,0.016010035272861833,0.13192061759753257,0.12733116727599797,0.20342848451515863,0.0547924104423076,0.28976884941922154,0.22084317472915715,0.2564110751666679,0.04643023372965785,0.31135862680231924,0.14738200818079855
10370,2,crash,3,1,1,260.87683012136836,892,722.0,722.0,0.05,0.1,5.697939395904541,37.791709899902344,-122.99122619628906,587.4697265625,500.0,72.83824083250605,721,-1.7820000000000014,-10.179410711138823,-300.0,0.2924628140374085,"{0: 51, 1: 11, 2: 9, 3: 1, 6: 17}","{6: 2, 5: 17, 4: 17, 3: 36, 0: 17}","{1: 59, 0: 30}","{1: 71, 2: 13, 0: 5}","{1: 59, 0: 30}","{1: 72, 0: 6, 2: 11}",0.027994541750758217,0.04752541323701941,0.04442064064845555,0.02179439231184105,0.22197079000447265,0.061505157429487506,0.24595227852744264,0.19382357670858671,0.22931906263652677,0.0064613258639071745,0.2674193587956674,0.04852891177971093
10380,2,crash,3,1,1,258.25505407826057,638,517.0,517.0,0.05,0.1,5.705483913421631,37.806846618652344,-122.99122619628906,587.4697265625,500.0,68.71993838471155,516,-1.274000000000001,-9.190884306451474,-300.0,0.4047884860160824,"{6: 31, 5: 9, 4: 9, 3: 2, 0: 12}","{2: 13, 3: 38, 1: 12}","{1: 34, 2: 29}","{1: 60, 0: 3}","{1: 33, 2: 30}","{1: 44, 2: 8, 0: 11}",0.13697812833055947,0.010104967298132683,0.16146161175802232,0.04256697517901881,0.24402681058663805,0.05577619137533756,0.26439379760160553,0.2442602965459579,0.24799122251271352,0.003007103493534585,0.2797938696066286,0.07470654174901643
10390,2,success,3,5,0,2829.1107624898264,3005,601.0,666.0,0.05,0.1,5.723669052124023,37.902442932128906,-122.99122619628906,582.527587890625,2500.0,335.11076248982346,2574,-5.999999999999561,0.0,0.0,0.941467807816914,"{5: 32, 4: 21, 3: 11, 2: 106, 1: 57, 0: 10, 6: 63}","{2: 19, 3: 160, 0: 18, 1: 22, 6: 33, 5: 25, 4: 23}","{1: 244, 2: 37, 0: 19}","{1: 231, 0: 27, 2: 42}","{1: 234, 2: 39, 0: 27}","{1: 250, 0: 32, 2: 18}",0.07128649156804502,0.03781728818420048,0.09976507556448916,0.08777182871489356,0.17760946825945467,0.08446859107300181,0.22146471712510427,0.159177300514747,0.1646157327208624,0.026053590216528456,0.2115038521152489,0.14871346622661089
10400,2,crash,3,2,1,847.8586371322908,1469,345.0,345.0,0.05,0.1,5.742246627807617,38.012935638427734,-122.99122619628906,567.4483032226562,1000.0,182.4985821925386,1107,-2.9339999999998985,-31.705945060243486,-300.0,0.577167213840906,"{3: 44, 4: 47, 0: 40, 1: 7, 2: 8}","{1: 11, 2: 22, 3: 97, 5: 9, 4: 7}","{1: 104, 2: 2, 0: 40}","{1: 121, 0: 11, 2: 14}","{1: 99, 2: 8, 0: 39}","{1: 118, 2: 13, 0: 15}",0.05720644253371383,0.02362217207834867,0.04750084595654358,0.055437300384328606,0.24066438247860572,0.06403987298327847,0.2591777409809561,0.1895610679898416,0.2005539206460743,0.05852190052119211,0.17134606410335687,0.1695321435572581
10410,2,max_steps,3,1,0,730.5069009649613,3500,525.0,525.0,0.05,0.1,5.75701379776001,38.00325393676758,-122.99122619628906,567.4483032226562,500.0,238.3625744444174,2184,-6.997999999999451,-0.8576734794685988,0.0,0.2087162574185604,"{5: 111, 4: 110, 3: 37, 2: 14, 1: 11, 6: 67}","{5: 10, 4: 6, 3: 192, 0: 90, 1: 9, 2: 43}","{1: 286, 2: 38, 0: 26}","{1: 274, 2: 19, 0: 57}","{1: 266, 2: 53, 0: 31}","{1: 248, 2: 54, 0: 48}",0.0640551431516716,0.028717054997755308,0.10033619842679163,0.11338968184106546,0.22059369746374968,0.06744034129607826,0.268212116016927,0.26261658511159014,0.11866658838061275,0.04866635650713192,0.14404230796924866,0.14885008439762706
10420,2,crash,3,2,1,747.5706051128138,1672,393.5,393.5,0.05,0.1,5.76386022567749,38.001739501953125,-122.99122619628906,557.933349609375,1000.0,77.90469956585453,767,-3.3399999999998538,-26.994094453030385,-300.0,0.4471116059287164,"{4: 29, 3: 3, 2: 20, 1: 26, 6: 89}","{2: 15, 3: 92, 6: 33, 5: 10, 4: 17}","{1: 125, 2: 8, 0: 34}","{1: 133, 0: 8, 2: 26}","{1: 125, 2: 8, 0: 34}","{1: 136, 2: 19, 0: 12}",0.052753828797011446,0.037009846577179734,0.06664623172770741,0.1261492481226457,0.25383187686447006,0.08484395225610286,0.27844817019116436,0.15407755263444667,0.2861093434320607,0.029480443083986268,0.36783653631573626,0.11836238033900427
10430,2,crash,3,3,1,1352.2002834045948,1842,567.0,470.0,0.05,0.1,5.775105953216553,38.08969497680664,-122.99122619628906,590.8826904296875,1500.0,161.7162843076313,1187,-3.6779999999998165,-5.838000903032262,-300.0,0.7340935306213869,"{2: 42, 3: 7, 4: 58, 5: 23, 0: 34, 1: 6, 6: 14}","{1: 15, 2: 22, 3: 104, 4: 29, 6: 14}","{1: 143, 2: 10, 0: 31}","{1: 149, 0: 25, 2: 10}","{1: 120, 0: 42, 2: 22}","{1: 116, 0: 23, 2: 45}",0.08352104659012385,0.037173019940777055,0.12948041538633176,0.13055171085278175,0.2752458888459004,0.09626536696367201,0.307164387508723,0.2513066091587451,0.2446015049199722,0.02629826245176772,0.29899505237482654,0.14199691376592652
10440,2,success,3,5,0,2885.529963212523,3335,667.0,605.0,0.05,0.1,5.78768253326416,38.187957763671875,-124.59890747070312,587.8994140625,2500.0,392.18996321252393,2602,-6.6599999999994886,0.0,0.0,0.8652263757758689,"{5: 49, 4: 63, 3: 65, 0: 77, 1: 7, 2: 36, 6: 36}","{2: 18, 3: 209, 6: 10, 5: 15, 4: 28, 0: 46, 1: 7}","{1: 255, 2: 36, 0: 42}","{1: 281, 0: 37, 2: 15}","{1: 246, 2: 47, 0: 40}","{1: 260, 2: 30, 0: 43}",0.07265535608722253,0.012594874864139051,0.08897390005445932,0.09575036319976665,0.18855879553691404,0.09579070242085845,0.23961396626585732,0.19409306230784387,0.16175210584722985,0.036929808607032856,0.1918596462641642,0.13171466803736176
10450,2,crash,3,1,1,164.85502332111093,2707,2109.0,2109.0,0.05,0.1,5.802123546600342,38.27378463745117,-124.59890747070312,581.0975952148438,500.0,115.61327663606383,1361,-5.411999999999626,-145.34625331495334,-300.0,0.06089952837868893,"{5: 143, 4: 58, 3: 9, 0: 60}","{6: 117, 5: 6, 4: 5, 3: 82, 0: 60}","{1: 250, 2: 20}","{1: 233, 2: 26, 0: 11}","{1: 230, 2: 40}","{1: 213, 2: 26, 0: 31}",0.039244170401058494,0.011366567186449468,0.06474606557978224,0.06416104433132293,0.14377313222611118,0.06442316125701845,0.207166984475005,0.22223999640015774,0.1102085411210856,0.0514136426580307,0.2067280606123657,0.12158275210565206
10460,2,crash,3,3,1,1449.1308372599597,2186,686.0,643.0,0.05,0.1,5.818528652191162,38.33914566040039,-124.59890747070312,567.521728515625,1500.0,262.3739383387155,1751,-4.365999999999741,-8.8771010787501,-300.0,0.6629143811802194,"{5: 33, 4: 12, 3: 45, 2: 25, 0: 85, 1: 5, 6: 13}","{5: 17, 4: 31, 3: 83, 0: 54, 1: 5, 2: 5, 6: 23}","{1: 166, 2: 20, 0: 32}","{1: 149, 2: 34, 0: 35}","{1: 154, 2: 21, 0: 43}","{1: 172, 2: 23, 0: 23}",0.049926074235394594,0.04577309363100085,0.0605136443207964,0.06479868314486138,0.2409658537689482,0.16622590623395886,0.2859306228557557,0.28144730707243065,0.2596110438227185,0.1866487001254137,0.2966609073010799,0.10641074213811053
10470,2,crash,3,3,1,1392.4754641792986,2136,638.3333333333334,478.0,0.05,0.1,5.822924613952637,38.404701232910156,-124.59890747070312,599.96484375,1500.0,213.73548148564333,1308,-4.265999999999752,-16.994017306339963,-300.0,0.6519079888479862,"{4: 139, 3: 6, 5: 21, 0: 37, 1: 5, 2: 5}","{1: 4, 2: 12, 3: 169, 4: 6, 6: 22}","{1: 172, 0: 41}","{1: 195, 0: 14, 2: 4}","{1: 175, 0: 38}","{1: 193, 2: 10, 0: 10}",0.05328414072838849,0.007232792046382389,0.051192406426484205,0.04927461387377534,0.28755664650647944,0.05522229132582123,0.30824988648417895,0.14879217476147716,0.2958435522987207,0.019479131318997568,0.2504573925280155,0.09553985733010509
10480,2,crash,3,1,1,236.33088375258103,972,716.0,716.0,0.05,0.1,5.8303446769714355,38.47578430175781,-124.59890747070312,611.9476318359375,500.0,56.043781835620734,640,-1.9420000000000015,-17.770898083041036,-300.0,0.24313876929277883,"{1: 60, 2: 11, 6: 26}","{4: 9, 3: 88}","{1: 68, 0: 29}","{1: 91, 2: 6}","{1: 68, 0: 29}","{1: 89, 0: 1, 2: 7}",0.05098527103936427,0.01567418744740976,0.04012425701676447,0.03908112298881196,0.19368078334251573,0.05839514121803273,0.21087354006470335,0.14843896960720904,0.18978153296434305,0.012996535606333617,0.21631748363946027,0.05143206425072762
10490,2,crash,3,1,1,270.6488886960481,795,651.0,651.0,0.05,0.1,5.845711708068848,38.563072204589844,-124.59890747070312,566.4691162109375,500.0,83.30812603360289,650,-1.5880000000000012,-11.071237337555184,-300.0,0.3404388537057209,"{6: 46, 5: 9, 4: 9, 3: 1, 0: 14}","{5: 10, 4: 14, 3: 41, 2: 14}","{1: 47, 2: 32}","{1: 64, 2: 15}","{1: 46, 2: 33}","{1: 60, 2: 9, 0: 10}",0.09968263417606742,0.04077482985704219,0.10623179457235322,0.032925144558985035,0.2063950297090092,0.08280103733408896,0.2247271465779675,0.22214542072612664,0.21079376943610345,0.010388098015198438,0.23195238492419631,0.035781141066898926
10500,2,crash,3,1,1,228.3304100793777,592,283.0,283.0,0.05,0.1,5.853368759155273,38.6192512512207,-124.59890747070312,564.5568237304688,500.0,41.18051325434312,365,-1.1820000000000008,-11.668103174967333,-300.0,0.38569326026921913,"{1: 14, 2: 16, 3: 13, 4: 12, 5: 4}","{3: 28, 5: 31}","{1: 28, 0: 31}","{1: 58, 0: 1}","{1: 38, 0: 21}","{1: 56, 0: 3}",0.15389348791797589,0.011505018533300852,0.16296179046792994,0.08784537954869465,0.17956924901223748,0.039694681524091925,0.21207548775165594,0.14013149061037833,0.18119766732933928,0.012216914560106096,0.20613646206375758,0.008601454938054557
10510,2,crash,3,2,1,830.6542476233878,1014,441.5,441.5,0.05,0.1,5.866592884063721,38.69179916381836,-124.59890747070312,574.0518798828125,1000.0,141.04555464468115,755,-2.0239999999999987,-8.367307021292966,-300.0,0.819185648543775,"{4: 36, 3: 3, 0: 37, 1: 5, 2: 7, 6: 13}","{1: 4, 2: 21, 3: 76}","{1: 59, 2: 5, 0: 37}","{1: 75, 0: 25, 2: 1}","{1: 52, 2: 9, 0: 40}","{1: 76, 2: 13, 0: 12}",0.12701487432790487,0.024101497888309713,0.173468444314575,0.09259763801025359,0.2993284204991878,0.09208686949325354,0.32883764511154184,0.3134654169298584,0.3082786608545188,0.02067662451973908,0.28680296364484803,0.15254154974988318
10520,2,crash,3,3,1,1289.031623825615,1445,411.0,365.0,0.05,0.1,5.882802486419678,38.81252670288086,-124.59890747070312,585.0418090820312,1500.0,144.8389172289828,958,-2.883999999999904,-52.92329340336291,-300.0,0.8920634074917752,"{0: 12, 1: 10, 2: 42, 3: 15, 4: 44, 6: 21}","{3: 92, 2: 26, 1: 5, 6: 21}","{1: 99, 0: 39, 2: 6}","{1: 124, 0: 15, 2: 5}","{1: 100, 0: 38, 2: 6}","{1: 112, 0: 14, 2: 18}",0.1186478050358542,0.0210986909399128,0.14349737310153154,0.09347158473629386,0.21215696374803472,0.061608013282720045,0.2453699250059157,0.2033148156343662,0.23346308460239076,0.0435272614033315,0.22714076452518767,0.18633467764179923
10530,2,success,3,5,0,2908.016957031447,3396,679.2,712.0,0.05,0.1,5.901595592498779,38.8814582824707,-124.59890747070312,573.1563110351562,2500.0,452.47024863174886,2704,-6.781999999999475,-37.671291600295994,0.0,0.8563065244497783,"{3: 22, 5: 33, 4: 27, 0: 131, 1: 20, 2: 19, 6: 87}","{1: 7, 2: 14, 3: 207, 4: 39, 6: 39, 5: 11, 0: 22}","{1: 242, 2: 38, 0: 59}","{1: 262, 0: 51, 2: 26}","{1: 233, 2: 51, 0: 55}","{1: 273, 2: 30, 0: 36}",0.11104172363795675,0.029182349776402012,0.1164168180887754,0.11115722000641826,0.1899177775006739,0.11512714189363141,0.23338257778467505,0.17013301266492242,0.1922858236191094,0.13757671585140382,0.20263576959558408,0.1597539012321152
10540,2,crash,3,2,1,768.07466958135,1105,415.5,415.5,0.05,0.1,5.922555923461914,38.96144104003906,-124.59890747070312,579.4046630859375,1000.0,102.64505227678956,923,-2.2059999999999786,-32.36438269544097,-300.0,0.6950901987161539,"{0: 32, 1: 11, 2: 11, 3: 29, 6: 27}","{2: 6, 3: 61, 5: 7, 4: 9, 0: 18, 1: 9}","{1: 96, 0: 14}","{1: 82, 0: 15, 2: 13}","{1: 97, 0: 13}","{1: 91, 0: 9, 2: 10}",0.05981525920132988,0.022874313502730753,0.07295347847790488,0.09315490144997678,0.1562878448544685,0.09897712600289997,0.1871524954410318,0.15358792425841009,0.15570300948206559,0.0687561698402037,0.09252400755666078,0.1542068749439487
10550,2,max_steps,3,4,0,2314.41116178102,3500,662.5,646.0,0.05,0.1,5.957455635070801,39.040199279785156,-124.59890747070312,582.8030395507812,2000.0,360.2784706147717,2640,-6.991999999999452,-38.8753088337599,0.0,0.6612603319374343,"{4: 58, 0: 62, 1: 67, 2: 19, 3: 2, 5: 56, 6: 86}","{5: 24, 4: 24, 3: 219, 1: 17, 2: 14, 0: 19, 6: 33}","{1: 278, 2: 24, 0: 48}","{1: 257, 2: 56, 0: 37}","{1: 258, 2: 37, 0: 55}","{1: 295, 2: 32, 0: 23}",0.07409684183821558,0.034757317108866384,0.09227912878331535,0.09743981231234132,0.17529000713297088,0.12331920645895372,0.23184668696801353,0.16073775898410253,0.2568058222522388,0.025157492052035643,0.2108103222652993,0.3177261620527342
10560,2,max_steps,3,4,0,2371.0678731991948,3500,854.25,887.0,0.05,0.1,5.970212459564209,39.1081428527832,-124.59890747070312,575.6989135742188,2000.0,407.5928461417834,2545,-6.991999999999452,-29.532972942579427,0.0,0.6774479637711985,"{6: 125, 5: 22, 4: 23, 3: 31, 0: 54, 1: 42, 2: 53}","{5: 17, 4: 50, 3: 197, 1: 30, 2: 56}","{1: 255, 2: 37, 0: 58}","{1: 276, 2: 28, 0: 46}","{1: 232, 2: 55, 0: 63}","{1: 260, 2: 42, 0: 48}",0.11452237609397017,0.03471210606645594,0.13141712662515387,0.10780331028042854,0.22499469766776561,0.0709459893660623,0.2626683648754616,0.21355879197720737,0.22194663773169002,0.15308321335930428,0.26241220493300926,0.1348312907781271
10570,2,crash,3,4,1,1893.0457377705293,3452,651.75,636.5,0.05,0.1,5.990639686584473,39.12208557128906,-124.59890747070312,582.0169677734375,2000.0,272.1952497924464,2290,-6.895999999999463,-72.25351202191446,-300.0,0.5483910016716481,"{2: 74, 3: 24, 4: 68, 6: 57, 5: 46, 1: 76}","{4: 74, 3: 215, 0: 34, 1: 6, 2: 7, 5: 9}","{1: 264, 0: 36, 2: 45}","{1: 271, 2: 45, 0: 29}","{1: 255, 0: 37, 2: 53}","{1: 282, 0: 33, 2: 30}",0.08112299568865922,0.037178072662287544,0.10678583081276696,0.08204864466042641,0.19044132284800233,0.07966168818294753,0.22681140090633048,0.20400035272459016,0.23185960778183462,0.05375145063774383,0.2893459425246439,0.17308642182306475
10580,2,success,3,5,0,2875.323662142302,2877,575.4,425.0,0.05,0.1,6.012176513671875,39.23069763183594,-124.59890747070312,588.4171752929688,2500.0,381.2363496570046,2377,-5.743999999999589,-0.168687514703609,0.0,0.9994173312972896,"{5: 55, 4: 38, 3: 41, 2: 58, 6: 64, 0: 21, 1: 10}","{5: 22, 4: 26, 3: 138, 0: 60, 1: 7, 2: 15, 6: 19}","{1: 212, 2: 37, 0: 38}","{1: 167, 2: 69, 0: 51}","{1: 209, 2: 38, 0: 40}","{1: 227, 2: 31, 0: 29}",0.10390778599900702,0.051024368329738036,0.12834923306631646,0.09278456376476825,0.23819544749706034,0.15616014519268356,0.29998376551733713,0.33052608175425663,0.179693582345082,0.13531629308154441,0.1813098169313169,0.11843939825345963
10590,2,crash,3,1,1,263.6344021646224,738,551.0,551.0,0.05,0.1,6.018935680389404,39.199424743652344,-124.59890747070312,591.13525390625,500.0,81.0582292989836,550,-1.474000000000001,-15.949827134361975,-300.0,0.3572281872149355,"{0: 38, 1: 8, 2: 8, 3: 1, 4: 10, 5: 8}","{0: 3, 1: 8, 2: 6, 3: 38, 6: 18}","{1: 45, 0: 28}","{1: 51, 0: 22}","{1: 48, 0: 25}","{1: 62, 0: 8, 2: 3}",0.09757310554823287,0.025729820156757288,0.07253822322510313,0.0875623565499346,0.22516553982066806,0.15482684892452084,0.2833714391292723,0.1796339321223693,0.22407177464255434,0.0035834531889323553,0.1883929681109851,0.04227322912530074
10600,2,crash,3,4,1,2042.0648506216387,3071,746.75,695.5,0.05,0.1,6.0309882164001465,39.229984283447266,-124.59890747070312,569.8201904296875,2000.0,355.47942222958613,2044,-6.1339999999995465,-7.280571607943695,-300.0,0.6649511073336498,"{5: 81, 6: 85, 4: 64, 3: 9, 0: 55, 1: 5, 2: 8}","{3: 211, 2: 19, 0: 29, 1: 11, 6: 27, 5: 5, 4: 5}","{1: 219, 2: 64, 0: 24}","{1: 226, 2: 29, 0: 52}","{1: 212, 2: 73, 0: 22}","{1: 261, 2: 40, 0: 6}",0.06644130854694417,0.023520737529821506,0.10543898851373754,0.0714644573590347,0.20355284073287758,0.17152497189095534,0.24477766115005734,0.20029008391492026,0.21718561434926192,0.05380748022916227,0.21252869538879537,0.14982800418900588
10610,2,max_steps,3,3,0,1755.6532107316473,3500,833.0,658.0,0.05,0.1,6.046477317810059,39.302616119384766,-124.59890747070312,590.5921020507812,1500.0,283.2481700737673,2382,-6.993999999999452,-20.600959342115196,0.0,0.5016152030661849,"{4: 112, 5: 72, 6: 12, 3: 60, 2: 39, 0: 48, 1: 7}","{2: 50, 3: 185, 1: 17, 6: 27, 5: 43, 4: 11, 0: 17}","{1: 290, 2: 27, 0: 33}","{1: 231, 0: 59, 2: 60}","{1: 292, 2: 28, 0: 30}","{1: 298, 2: 37, 0: 15}",0.048419008705243405,0.04623846824911289,0.07077970337693451,0.07079178004657609,0.2199702780490723,0.15434955480331475,0.2413455111313475,0.1662671235884602,0.07247731035943074,0.134843610338933,0.0828124175627438,0.06577935034066504
10620,2,crash,3,4,1,1962.1534335964875,2227,535.25,469.5,0.05,0.1,6.059852600097656,39.353477478027344,-124.59890747070312,594.2201538085938,2000.0,273.40482992800355,1701,-4.445999999999732,-6.805396331509888,-300.0,0.8810747344393747,"{6: 41, 5: 57, 4: 28, 3: 8, 0: 34, 1: 32, 2: 22}","{3: 140, 1: 10, 2: 16, 6: 26, 5: 23, 4: 7}","{1: 136, 2: 31, 0: 55}","{1: 179, 0: 22, 2: 21}","{1: 129, 2: 34, 0: 59}","{1: 172, 2: 26, 0: 24}",0.10826474746222504,0.02195551518123623,0.13750142728765435,0.11827875756533585,0.2811369296104916,0.08972435935991264,0.33015625172294055,0.2317977302542005,0.27576058410308507,0.04561099911938314,0.357306479778087,0.31115526077462563
10630,2,crash,3,1,1,190.74924004981966,1470,478.0,478.0,0.05,0.1,6.063732147216797,39.413944244384766,-124.59890747070312,594.2201538085938,500.0,147.756945502941,973,-2.937999999999898,-154.06970545312217,-300.0,0.12976138778899296,"{5: 37, 4: 10, 0: 100}","{5: 8, 4: 6, 3: 33, 1: 16, 0: 84}","{1: 82, 2: 37, 0: 28}","{1: 115, 2: 27, 0: 5}","{1: 73, 2: 39, 0: 35}","{1: 82, 2: 31, 0: 34}",0.13311868097375598,0.03726995587720349,0.18910373660084742,0.1413493428557442,0.2539096163275759,0.10064818711530603,0.31768566247049834,0.3890945480153882,0.23444613493435254,0.007806677164872879,0.3028011118907372,0.029272845614710476
10640,2,crash,3,1,1,238.13731420845028,557,397.0,397.0,0.05,0.1,6.074604034423828,39.476409912109375,-124.59890747070312,603.5200805664062,500.0,52.83815229171578,396,-1.1120000000000008,-13.588838083266493,-300.0,0.427535573085189,"{1: 28, 2: 9, 3: 2, 6: 16}","{2: 22, 3: 33}","{1: 30, 0: 25}","{1: 52, 0: 2, 2: 1}","{1: 28, 0: 25, 2: 2}","{1: 37, 0: 3, 2: 15}",0.12860305441702363,0.011513359980141726,0.17521914305832312,0.13852518142767722,0.2862215710776973,0.055601543468079384,0.3416341828304917,0.4432790119710355,0.28272435658315853,0.009914898577782924,0.35254097617792796,0.045948298215931035
10650,2,crash,3,4,1,1953.2227411364513,2686,633.0,625.0,0.05,0.1,6.091714859008789,39.52385711669922,-124.59890747070312,594.2201538085938,2000.0,270.0690486245257,1898,-5.363999999999631,-11.482307488067184,-300.0,0.7271864263352388,"{1: 39, 2: 45, 4: 21, 5: 36, 6: 66, 3: 40, 0: 21}","{3: 135, 2: 22, 6: 23, 5: 29, 4: 51, 1: 8}","{1: 195, 0: 18, 2: 55}","{1: 235, 0: 11, 2: 22}","{1: 188, 0: 21, 2: 59}","{1: 201, 0: 36, 2: 31}",0.09915049419317609,0.01999544519600073,0.09626591116927789,0.09172328067402923,0.20730130707337033,0.06126194380916402,0.2508929827544672,0.2111056261190225,0.2210830780344346,0.06184483161085673,0.2752662621134685,0.11912737782544632
10660,2,max_steps,3,4,0,2434.7317383637233,3500,799.75,760.5,0.05,0.1,6.1048359870910645,39.58213806152344,-124.59890747070312,581.1131591796875,2000.0,441.7237383637258,3134,-6.991999999999452,0.0,0.0,0.6956376395324924,"{0: 53, 1: 102, 2: 31, 3: 27, 6: 94, 5: 21, 4: 22}","{4: 55, 3: 203, 5: 5, 2: 26, 0: 48, 1: 13}","{1: 262, 0: 54, 2: 34}","{1: 294, 2: 10, 0: 46}","{1: 256, 0: 54, 2: 40}","{1: 282, 2: 35, 0: 33}",0.09786687676647551,0.030120681944347347,0.08919472614267213,0.10377741533738526,0.17722993032008721,0.06255195000036697,0.21704011817917906,0.17179802997546567,0.17657666882838183,0.019362466014940596,0.1839438472992208,0.2037434322219099
10670,2,crash,3,4,1,1889.4139023813239,1937,447.25,513.5,0.05,0.1,6.127658843994141,39.63737106323242,-124.59890747070312,565.719970703125,2000.0,203.0309537853994,1520,-3.865999999999796,-9.751051404080656,-300.0,0.9754330936403324,"{4: 30, 3: 10, 2: 112, 1: 24, 0: 17}","{3: 99, 4: 36, 0: 17, 1: 5, 2: 6, 5: 15, 6: 15}","{1: 136, 2: 15, 0: 42}","{1: 150, 0: 27, 2: 16}","{1: 130, 2: 16, 0: 47}","{1: 144, 2: 25, 0: 24}",0.08467778915710537,0.024574354266769505,0.10985560287840343,0.11796089394057538,0.1890902629979126,0.10857810795420095,0.24262823039734685,0.199391198079186,0.181986152749463,0.022960424867046435,0.24518005686613362,0.13416024647517957
10680,2,crash,3,2,1,874.4175935113648,1053,483.5,483.5,0.05,0.1,6.149377822875977,39.72240447998047,-124.59890747070312,565.719970703125,1000.0,184.25591874802524,781,-2.10199999999999,-7.7363252366611635,-300.0,0.8304060717106978,"{1: 16, 2: 13, 3: 2, 6: 53, 5: 5, 4: 7, 0: 9}","{3: 103, 2: 2}","{1: 49, 0: 12, 2: 44}","{1: 104, 2: 1}","{1: 47, 0: 11, 2: 47}","{1: 83, 0: 14, 2: 8}",0.1564940228637532,0.010199489537619715,0.1946264376850594,0.08689253759510632,0.28051591756345867,0.026263109385692804,0.29595374277274733,0.15824850984843392,0.27083715314364504,0.009437352359203656,0.23065350663099723,0.07782596611829148
10690,2,max_steps,3,4,0,2488.7263056150628,3500,849.5,738.5,0.05,0.1,6.167744159698486,39.80973815917969,-124.59890747070312,563.8214111328125,2000.0,495.7183056150648,2544,-6.991999999999452,0.0,0.0,0.7110646587471607,"{0: 96, 1: 18, 2: 20, 3: 55, 4: 30, 6: 120, 5: 11}","{2: 43, 3: 267, 5: 13, 4: 16, 1: 7, 6: 4}","{1: 213, 0: 63, 2: 74}","{1: 318, 0: 21, 2: 11}","{1: 211, 0: 66, 2: 73}","{1: 296, 0: 31, 2: 23}",0.10462620388928356,0.012186735053887069,0.1194538340184148,0.07332251747470361,0.27273462282087896,0.05900188818029593,0.29782806007349016,0.15826535282019596,0.1210950753301732,0.0523250751356437,0.17395655008847222,0.12263125977575472
10700,2,success,3,5,0,2795.6892958797685,2746,549.2,284.0,0.05,0.1,6.188988208770752,39.890445709228516,-124.59890747070312,566.4293212890625,2500.0,301.1712958797509,1996,-5.481999999999618,0.0,0.0,1.0180951550909572,"{1: 37, 2: 66, 3: 37, 4: 78, 6: 4, 5: 6, 0: 46}","{3: 181, 1: 21, 2: 36, 6: 16, 5: 6, 4: 8, 0: 6}","{1: 218, 0: 24, 2: 32}","{1: 224, 0: 26, 2: 24}","{1: 202, 0: 34, 2: 38}","{1: 231, 0: 26, 2: 17}",0.07080073344414134,0.02109216127161455,0.09805451402135071,0.1029810251854252,0.18108013093666694,0.1111374883259722,0.22603807030842404,0.15420399636901783,0.1650208762925762,0.14263642072496927,0.26647799898710534,0.1513691642111818
10710,2,max_steps,3,3,0,1695.6583391744853,3500,923.3333333333334,412.0,0.05,0.1,6.203617095947266,39.984859466552734,-124.59890747070312,592.4003295898438,1500.0,322.8745252603459,2294,-6.993999999999452,-120.22218608585972,0.0,0.4844738111927101,"{3: 145, 4: 171, 5: 34}","{0: 39, 1: 11, 2: 34, 3: 167, 6: 60, 5: 14, 4: 25}","{1: 331, 2: 19}","{1: 207, 0: 73, 2: 70}","{1: 319, 2: 25, 0: 6}","{1: 323, 2: 13, 0: 14}",0.04656363354890054,0.04787349092902675,0.05025811318215633,0.065444995841385,0.12915793966012196,0.18535803356888234,0.1727603405140687,0.14834979776547835,0.1109173202284047,0.19649611944386264,0.19959306442148597,0.14940555963308294
10720,2,max_steps,3,0,0,161.79916076516517,3500,,,0.05,0.1,6.208003997802734,39.940635681152344,-124.59890747070312,579.8177490234375,0.0,169.7050483462572,1770,-6.999999999999451,-0.9058875810922936,0.0,0.04622833164719005,"{4: 189, 5: 135, 6: 26}","{5: 10, 4: 14, 3: 316, 2: 10}",{1: 350},"{1: 332, 2: 16, 0: 2}","{1: 326, 0: 9, 2: 15}","{1: 297, 2: 29, 0: 24}",0.06056340353267421,0.019085158335888877,0.08687295520774219,0.11034237832270535,0.12228985786571347,0.055320342983381884,0.17165261549398098,0.15420631080341202,0.045923891692746556,0.019826046948857364,0.13578699521161786,0.1143567872155003
10730,2,crash,3,2,1,854.9628842286356,1489,689.5,689.5,0.05,0.1,6.215971946716309,39.94178771972656,-124.59890747070312,581.8919677734375,1000.0,165.60917019174096,1294,-2.973999999999894,-7.672285963103928,-300.0,0.5741859531421327,"{3: 31, 0: 73, 1: 9, 2: 24, 6: 11}","{6: 10, 5: 6, 4: 13, 3: 57, 0: 36, 1: 7, 2: 19}","{1: 124, 0: 24}","{1: 77, 2: 21, 0: 50}","{1: 119, 0: 29}","{1: 112, 0: 21, 2: 15}",0.007479748552950629,0.05796129121183106,0.0113239285669011,0.013876952556717085,0.17379300171467918,0.16287818852634914,0.24681122983162704,0.25036828695027924,0.15855724503660662,0.0621045051312349,0.29966789159020474,0.01523533728345764
10740,2,crash,3,1,1,300.6710334568944,1624,1524.0,1524.0,0.05,0.1,6.229345798492432,39.93940734863281,-124.59890747070312,590.4344482421875,500.0,109.7724840245218,1094,-3.245999999999864,-5.855450567628295,-300.0,0.1851422619808463,"{6: 79, 5: 16, 4: 45, 3: 12, 0: 10}","{1: 11, 2: 22, 3: 119, 6: 10}","{1: 134, 2: 28}","{1: 143, 0: 17, 2: 2}","{1: 123, 2: 32, 0: 7}","{1: 134, 0: 14, 2: 14}",0.04841441006756547,0.01954264147678561,0.08659175841050284,0.05214253488944284,0.16760229450273872,0.060582852336424395,0.2736335299444373,0.21994100049317888,0.1761554484616144,0.0528379446999992,0.27964084529425315,0.13876292588395953
10750,2,success,3,5,0,2805.4826985044974,2909,581.8,386.0,0.05,0.1,6.24343729019165,39.970481872558594,-124.59890747070312,586.6044921875,2500.0,311.2906985045157,2265,-5.807999999999582,0.0,0.0,0.9644148155739076,"{1: 33, 2: 80, 3: 71, 4: 65, 6: 23, 5: 6, 0: 12}","{3: 204, 1: 41, 2: 45}","{1: 234, 0: 30, 2: 26}","{1: 240, 0: 42, 2: 8}","{1: 214, 0: 48, 2: 28}","{1: 221, 0: 42, 2: 27}",0.08981547690206096,0.016667644526224788,0.112025925419165,0.11673137205111667,0.1771271044629255,0.07931894636006609,0.22450966680985593,0.17223893753074226,0.14767183075925144,0.0593699071575114,0.1646666385680234,0.154956415886804
10760,2,crash,3,2,1,968.5045242026235,2431,748.0,748.0,0.05,0.1,6.248887062072754,40.04957962036133,-124.59890747070312,610.3488159179688,1000.0,332.0053736817594,1995,-4.857999999999687,-58.6428494791356,-300.0,0.39839758297105043,"{1: 47, 2: 21, 3: 19, 6: 37, 5: 7, 4: 49, 0: 63}","{1: 8, 2: 29, 3: 82, 4: 30, 0: 94}","{1: 147, 0: 67, 2: 29}","{1: 214, 0: 12, 2: 17}","{1: 143, 0: 65, 2: 35}","{1: 193, 0: 32, 2: 18}",0.1212721512940617,0.024910971361083042,0.14158664541094262,0.11055758114138552,0.2528491660514212,0.06108300268366784,0.27920089284726474,0.16720290134137042,0.12344550500652422,0.07549021646936138,0.21088329020381208,0.14249487457934257
10770,2,crash,3,2,1,803.6580838557963,1857,717.5,717.5,0.05,0.1,6.273313045501709,40.18033981323242,-124.59890747070312,596.9034423828125,1000.0,142.17711781814035,1150,-3.709999999999813,-34.80903396234126,-300.0,0.43277225840376754,"{4: 42, 3: 3, 0: 96, 1: 6, 2: 7, 5: 31}","{4: 13, 3: 56, 0: 49, 1: 11, 2: 14, 6: 42}","{1: 156, 0: 29}","{1: 102, 2: 11, 0: 72}","{1: 155, 2: 5, 0: 25}","{1: 160, 2: 15, 0: 10}",0.03836275670126873,0.057760084876269505,0.06832862863285796,0.07538005520947398,0.21110211721692101,0.0804671439867886,0.2337982576586636,0.15267915219028916,0.26886027324499145,0.03379447414236013,0.2077851053205604,0.2804458817789513
10780,2,crash,3,2,1,879.166883133816,2073,946.5,946.5,0.05,0.1,6.277029991149902,40.129276275634766,-124.59890747070312,610.7200927734375,1000.0,197.5431921007417,1389,-4.141999999999766,-14.23430896692802,-300.0,0.4241036580481505,"{1: 44, 2: 30, 6: 103, 5: 5, 4: 6, 3: 3, 0: 16}","{6: 15, 5: 17, 4: 16, 3: 99, 0: 21, 1: 19, 2: 20}","{1: 156, 0: 8, 2: 43}","{1: 176, 2: 16, 0: 15}","{1: 156, 0: 10, 2: 41}","{1: 181, 0: 16, 2: 10}",0.036689242703127026,0.042544107396467176,0.05437707549064574,0.05761950954014208,0.2666323262840581,0.060955222464709,0.2828837279443712,0.15145250062410182,0.2738772392690775,0.02513190250099557,0.2271729874612188,0.13249594782431862
10790,2,max_steps,3,4,0,2359.477300987624,3500,729.5,695.5,0.05,0.1,6.296374797821045,40.207210540771484,-124.59890747070312,587.070068359375,2000.0,369.88993635360913,2663,-6.991999999999452,-3.4206353659906554,0.0,0.6741363717107497,"{0: 80, 1: 47, 2: 72, 3: 25, 6: 111, 5: 8, 4: 7}","{0: 60, 1: 22, 2: 9, 3: 163, 4: 50, 6: 28, 5: 18}","{1: 256, 0: 48, 2: 46}","{1: 256, 0: 65, 2: 29}","{1: 261, 0: 47, 2: 42}","{1: 284, 0: 35, 2: 31}",0.06239197394236953,0.04760558682114212,0.08068616032509468,0.06755079015494522,0.2279051426199875,0.06498435448047503,0.27089510169660197,0.1877807953064608,0.20247760981259716,0.0587056974672711,0.16881443135084562,0.34445587691460383
10800,2,max_steps,3,3,0,1820.5708950181915,3500,1003.6666666666666,843.0,0.05,0.1,6.310826301574707,40.253936767578125,-124.59890747070312,573.4967041015625,1500.0,379.7344097210678,2389,-6.993999999999452,-52.16951470286865,0.0,0.5201631128623404,"{0: 82, 1: 22, 2: 26, 3: 8, 6: 151, 5: 44, 4: 17}","{3: 206, 1: 73, 0: 5, 2: 37, 4: 29}","{1: 261, 0: 41, 2: 48}","{1: 284, 0: 48, 2: 18}","{1: 270, 0: 33, 2: 47}","{1: 314, 0: 22, 2: 14}",0.0750730881319491,0.020952291618982023,0.09547668095740891,0.08022654532849231,0.22309241740733557,0.06285907625425681,0.2539683532780529,0.15001134395144616,0.2727401694756974,0.0038574966518096316,0.25185962915094023,0.1610821892996866
10810,2,success,3,5,0,2745.0303907714106,3019,603.8,760.0,0.05,0.1,6.330801963806152,40.34676742553711,-124.59890747070312,566.9940795898438,2500.0,251.05839077140527,2263,-6.027999999999558,0.0,0.0,0.9092515371882778,"{3: 74, 1: 35, 2: 79, 4: 55, 6: 51, 5: 7}","{1: 4, 2: 44, 3: 183, 5: 18, 4: 39, 6: 13}","{1: 267, 0: 15, 2: 19}","{1: 246, 0: 24, 2: 31}","{1: 245, 0: 18, 2: 38}","{1: 270, 0: 19, 2: 12}",0.08322228189739073,0.03590285743745153,0.10131705929575409,0.10812685529910274,0.1527734959155121,0.07328204564729565,0.2057939667967839,0.15001571775438616,0.15509343418466706,0.06127465818697577,0.2135500164087742,0.15834783700465713
10820,2,max_steps,3,3,0,1931.2836196274445,3500,650.3333333333334,683.0,0.05,0.1,6.351383209228516,40.36422348022461,-124.59890747070312,564.1802978515625,1500.0,462.4191877937495,2668,-6.993999999999452,-24.141568166292306,0.0,0.5517953198935556,"{4: 35, 3: 11, 0: 176, 1: 19, 2: 28, 6: 72, 5: 9}","{3: 252, 2: 10, 1: 9, 4: 39, 5: 35, 6: 5}","{1: 261, 0: 43, 2: 46}","{1: 312, 0: 26, 2: 12}","{1: 242, 2: 59, 0: 49}","{1: 245, 0: 67, 2: 38}",0.1066226106782821,0.024547329797721635,0.13337685420843737,0.13681166042002157,0.2049713519682131,0.06068770154062631,0.2779919488137758,0.28471149648779004,0.18292766262918309,0.012529961471566271,0.20853525998645106,0.14777210149909623
10830,2,max_steps,3,1,0,770.6473433517436,3500,858.0,858.0,0.05,0.1,6.375336170196533,40.44035339355469,-124.59890747070312,561.7767944335938,500.0,277.6453433517356,2488,-6.997999999999451,0.0,0.0,0.22018495524335532,"{1: 70, 2: 13, 3: 22, 6: 177, 5: 16, 4: 52}","{0: 7, 1: 17, 2: 36, 3: 290}","{1: 317, 0: 10, 2: 23}","{1: 333, 0: 16, 2: 1}","{1: 297, 0: 16, 2: 37}","{1: 312, 0: 19, 2: 19}",0.07021289256319202,0.013231127597358483,0.07666303361533644,0.061884919549383646,0.14881110479716111,0.054293254807619,0.19767484813810862,0.15075717083288634,0.14691267559880297,0.03147984034633741,0.19536632566741102,0.14708903086668654
10840,2,crash,3,1,1,243.11133357677494,1017,580.0,580.0,0.05,0.1,6.375351905822754,40.417171478271484,-124.59890747070312,578.0797119140625,500.0,69.92218857795027,579,-2.031999999999998,-24.778855001177526,-300.0,0.23904752564087997,"{0: 33, 1: 9, 2: 14, 3: 1, 4: 13, 5: 21, 6: 10}","{1: 6, 2: 26, 3: 69}","{1: 88, 0: 13}","{1: 72, 0: 29}","{1: 90, 0: 11}","{1: 92, 0: 7, 2: 2}",0.0782343207478254,0.03463633103861732,0.07648007516729147,0.07622798926809143,0.15901955547008584,0.09866506718224224,0.1923030013284954,0.1497648901753521,0.11716999578980525,0.01792956503939921,0.05379200775969898,0.07235209868008347
10850,2,crash,3,4,1,2018.6046513471395,2975,651.75,565.5,0.05,0.1,6.387515068054199,40.45426559448242,-124.59890747070312,562.6190795898438,2000.0,375.4737548387954,2239,-5.941999999999568,-50.92710349165121,-300.0,0.6785225718813914,"{0: 123, 1: 13, 2: 16, 3: 5, 4: 82, 6: 50, 5: 8}","{3: 197, 0: 14, 1: 7, 2: 7, 6: 44, 5: 12, 4: 16}","{1: 222, 0: 49, 2: 26}","{1: 228, 0: 33, 2: 36}","{1: 216, 0: 53, 2: 28}","{1: 206, 0: 55, 2: 36}",0.06854469724995113,0.02584777757935959,0.11100052726087287,0.12758512838953873,0.22343392730268838,0.12350727413803293,0.28394769402266257,0.19888704444445632,0.2756444506733764,0.05406122021630071,0.23182422474778133,0.3335875766191911
10860,2,success,3,5,0,2715.8791148621444,2894,578.8,578.0,0.05,0.1,6.408509254455566,40.51612091064453,-124.59890747070312,559.2822875976562,2500.0,221.65711486215724,2098,-5.777999999999586,0.0,0.0,0.9384516637395108,"{2: 39, 3: 32, 4: 131, 5: 87}","{2: 33, 3: 179, 6: 31, 5: 33, 4: 13}","{1: 250, 0: 9, 2: 30}","{1: 211, 0: 35, 2: 43}","{1: 233, 0: 16, 2: 40}","{1: 226, 2: 31, 0: 32}",0.06129822621129977,0.03192998471387078,0.07449919375462143,0.10297261628545575,0.1555377868538866,0.09054118466123176,0.21237907408918472,0.1915474525898159,0.22172538397074698,0.07251340558696176,0.21909952481451275,0.30565737142567095
10870,2,success,3,5,0,2846.932957919037,2994,598.8,569.0,0.05,0.1,6.428101539611816,40.587677001953125,-124.59890747070312,554.994384765625,2500.0,366.38461294884553,2086,-5.977999999999564,-13.473655029809045,0.0,0.9508794114626042,"{6: 25, 5: 69, 4: 77, 2: 22, 1: 21, 3: 12, 0: 73}","{3: 173, 0: 25, 1: 29, 2: 17, 6: 25, 5: 14, 4: 16}","{1: 202, 2: 51, 0: 46}","{1: 240, 0: 33, 2: 26}","{1: 184, 2: 69, 0: 46}","{1: 196, 2: 44, 0: 59}",0.10184128952753453,0.03210282673936711,0.14385560658891222,0.13712133983602814,0.2518826603875585,0.10077869315857339,0.316824589949783,0.31823261855531515,0.25762673573134015,0.055300935025083535,0.21373454302202657,0.3683889976604785
10880,2,crash,3,2,1,856.4627097085349,1226,532.0,532.0,0.05,0.1,6.446728229522705,40.70455551147461,-124.59890747070312,579.787109375,1000.0,169.34713709631225,876,-2.447999999999952,-10.436427387775323,-300.0,0.6985829606105505,"{1: 17, 2: 11, 3: 1, 6: 65, 5: 5, 4: 7, 0: 16}","{3: 76, 5: 14, 4: 16, 0: 16}","{1: 68, 0: 13, 2: 41}","{1: 101, 2: 13, 0: 8}","{1: 70, 0: 14, 2: 38}","{1: 98, 0: 18, 2: 6}",0.12955307102653207,0.022209122295968397,0.13578057169604862,0.11648363308121942,0.2935677014131772,0.062406543331227686,0.3190834953193782,0.1819125858477922,0.3028605876667369,0.013028796118378119,0.27155238162369544,0.2470711261212599
10890,2,success,3,5,0,2844.7220376689233,2978,595.6,677.0,0.05,0.1,6.472993850708008,40.82514572143555,-124.59890747070312,569.4638061523438,2500.0,351.95913085009596,2604,-5.945999999999567,-1.2910931811720698,0.0,0.955245815201116,"{1: 68, 2: 110, 3: 50, 4: 45, 6: 12, 5: 12}","{0: 16, 1: 23, 2: 66, 3: 123, 5: 17, 4: 15, 6: 37}","{1: 251, 0: 16, 2: 30}","{1: 198, 0: 44, 2: 55}","{1: 243, 0: 27, 2: 27}","{1: 250, 0: 33, 2: 14}",0.05208238529996026,0.04631853804920839,0.06060669926119597,0.07893845814348392,0.1594605203879506,0.18705114963924283,0.21402644004302107,0.15588431307456294,0.24778928045584958,0.11000746416468832,0.2632262897572913,0.1549755584485374
10900,2,crash,3,1,1,269.6942320550885,439,365.0,365.0,0.05,0.1,6.488861560821533,40.882659912109375,-124.59890747070312,581.5238647460938,500.0,75.59112591826754,349,-0.8760000000000007,-5.020893863179278,-300.0,0.6143376584398371,"{0: 23, 1: 6, 2: 7, 6: 7}","{3: 36, 1: 7}","{1: 20, 0: 23}",{1: 43},"{1: 13, 0: 30}","{1: 30, 0: 8, 2: 5}",0.174402631660251,0.004448905340112702,0.27290024595267287,0.13581627389852766,0.3266802580969708,0.024297397830762693,0.3737031768219156,0.15881848736239815,0.3230223129892818,0.019499257099243897,0.3729669137983229,0.049425060882741415
10910,2,crash,3,4,1,1926.9693731635045,2957,716.75,715.5,0.05,0.1,6.501389503479004,40.959922790527344,-124.59890747070312,603.6594848632812,2000.0,242.97691836805257,2301,-5.905999999999572,-10.101545204549502,-300.0,0.6516636365111615,"{2: 81, 3: 59, 6: 20, 5: 33, 4: 93, 1: 1, 0: 8}","{3: 203, 2: 21, 6: 35, 5: 6, 4: 11, 0: 13, 1: 6}","{1: 250, 2: 45}","{1: 245, 2: 28, 0: 22}","{1: 237, 2: 50, 0: 8}","{1: 243, 2: 16, 0: 36}",0.04235740438611819,0.01699598034132199,0.0617733835335971,0.08201555473275476,0.17945034073433083,0.10375607031002619,0.23412728597852311,0.22411438611329657,0.16066222408320321,0.05736282798634994,0.25859144381386007,0.1030518468146014
10920,2,crash,3,1,1,308.29093014299303,949,875.0,875.0,0.05,0.1,6.515653133392334,41.0372314453125,-124.59890747070312,578.4434814453125,500.0,115.57437540469664,652,-1.8960000000000015,-5.387445261703962,-300.0,0.32485872512433406,"{6: 30, 5: 27, 4: 30, 1: 5, 0: 2}","{2: 5, 3: 82, 6: 7}","{1: 53, 2: 35, 0: 6}","{1: 88, 0: 6}","{1: 35, 2: 45, 0: 14}","{1: 46, 2: 27, 0: 21}",0.13225722201202614,0.009682441736576773,0.23132576993738999,0.1519516226301201,0.26970209439401277,0.048934417879362715,0.3492015172591829,0.3936010731905805,0.28754905341851383,0.03490183696705915,0.351492862410921,0.057710452925660745
10930,2,crash,3,1,1,242.58877937299246,464,315.0,315.0,0.05,0.1,6.535715579986572,41.128265380859375,-124.59890747070312,586.027099609375,500.0,51.79450249576061,314,-0.9260000000000007,-8.279723122769088,-300.0,0.5228206452004148,"{1: 21, 2: 9, 3: 1, 6: 15}","{3: 31, 6: 15}","{1: 19, 0: 27}","{1: 39, 0: 7}","{1: 20, 0: 26}","{1: 24, 0: 8, 2: 14}",0.18125068976242303,0.011381104914869013,0.20783568457077473,0.1489966987586653,0.2932450696966931,0.060797030807809585,0.36337970383997453,0.33115385984086587,0.2848925517470033,0.012762261753595926,0.3801903678132186,0.04573108717529438
10940,2,crash,3,4,1,2018.0999066413474,2523,595.5,501.5,0.05,0.1,6.547226905822754,41.20456314086914,-124.59890747070312,586.027099609375,2000.0,330.27661210464953,1891,-5.037999999999667,-7.1387054632914335,-300.0,0.7998810569327576,"{4: 52, 3: 11, 1: 11, 0: 113, 2: 13, 5: 52}","{2: 19, 3: 150, 6: 28, 5: 9, 4: 5, 0: 24, 1: 17}","{1: 146, 2: 43, 0: 63}","{1: 180, 0: 47, 2: 25}","{1: 149, 2: 41, 0: 62}","{1: 165, 2: 42, 0: 45}",0.09929613282702113,0.04431996391705251,0.12260542587484738,0.11690961595637708,0.30742260530435594,0.09749786414699275,0.35771933523469907,0.29199462118976716,0.32869528155491806,0.09909679881454558,0.3518888727212311,0.3491137030285685
10950,2,max_steps,3,4,0,2227.6341282808494,3500,849.25,779.5,0.05,0.1,6.559422969818115,41.284637451171875,-124.59890747070312,586.027099609375,2000.0,277.1322881648549,2824,-6.991999999999452,-42.506159883993746,0.0,0.6364668937945284,"{3: 83, 6: 78, 5: 98, 4: 31, 2: 49, 1: 11}","{1: 24, 2: 13, 3: 107, 6: 33, 5: 5, 4: 59, 0: 109}","{1: 288, 2: 41, 0: 21}","{1: 253, 0: 58, 2: 39}","{1: 287, 2: 40, 0: 23}","{1: 286, 2: 27, 0: 37}",0.040537284459070164,0.05209737445479141,0.048124418276161526,0.04408584484732646,0.20569779998300172,0.11874922201740028,0.25421704489218483,0.20197398302022798,0.0808554220800457,0.06179933240129032,0.04750786968809837,0.032581161063782296
10960,2,crash,3,1,1,247.3436979128374,456,326.0,326.0,0.05,0.1,6.568002700805664,41.340614318847656,-120.308837890625,586.027099609375,500.0,55.21355127256147,302,-0.9100000000000007,-6.95985335972483,-300.0,0.5424203901597311,"{0: 10, 1: 13, 2: 8, 3: 1, 6: 13}","{3: 32, 0: 13}","{1: 19, 0: 26}","{1: 42, 0: 3}","{1: 18, 0: 27}","{1: 31, 0: 3, 2: 11}",0.18978717584761298,0.012058782740337027,0.22625514863740231,0.14484256228756656,0.2942081775570324,0.05376702291287058,0.36629858966812323,0.36675651486009675,0.29050244581363815,0.01989238239333295,0.37620678478238717,0.033741524062745915
10970,2,crash,3,2,1,798.500985396616,1758,601.0,601.0,0.05,0.1,6.587351322174072,41.44796371459961,-120.308837890625,586.027099609375,1000.0,165.3741618761802,1231,-3.511999999999835,-63.36117647956298,-300.0,0.45420988930410466,"{1: 56, 2: 13, 3: 3, 6: 35, 5: 5, 4: 8, 0: 55}","{0: 7, 1: 18, 2: 16, 3: 79, 5: 5, 6: 50}","{1: 119, 0: 19, 2: 37}","{1: 148, 0: 27}","{1: 102, 0: 30, 2: 43}","{1: 100, 0: 39, 2: 36}",0.10381164731739906,0.0265162945926464,0.13943398120754832,0.1206854649573117,0.22542283960972398,0.062262719669316714,0.29749864833187234,0.3298417844482859,0.24595168563418424,0.059175553042055296,0.21975437966540776,0.3275077990067371
10980,2,crash,3,2,1,842.2092329381239,1828,847.0,847.0,0.05,0.1,6.594063758850098,41.46082305908203,-120.308837890625,579.6893310546875,1000.0,195.6199268607892,1301,-3.6519999999998194,-49.75869392266823,-300.0,0.46072715149787963,"{5: 21, 4: 24, 3: 26, 0: 89, 1: 6, 2: 16}","{2: 13, 3: 99, 6: 27, 5: 14, 4: 16, 0: 13}","{1: 138, 2: 13, 0: 31}","{1: 141, 0: 10, 2: 31}","{1: 130, 2: 14, 0: 38}","{1: 141, 2: 15, 0: 26}",0.07596731300076953,0.02869468661796308,0.10356701520564228,0.12473958283940495,0.19305020573063442,0.10301974627197044,0.24847461760417364,0.20954051199259732,0.12784803736116146,0.03539613911187568,0.20390747489373684,0.16567933041842406
10990,2,crash,3,1,1,265.5688814453597,907,741.0,741.0,0.05,0.1,6.616988182067871,41.585426330566406,-120.50630950927734,582.2349243164062,500.0,79.21408593615682,737,-1.8120000000000014,-11.833204490797865,-300.0,0.2927992077677615,"{0: 55, 1: 10, 2: 8, 3: 1, 5: 4, 6: 12}","{6: 9, 5: 15, 4: 16, 3: 34, 0: 16}","{1: 64, 0: 26}","{1: 73, 2: 17}","{1: 66, 0: 24}","{1: 71, 0: 3, 2: 16}",0.015152687610088828,0.051665812049249776,0.018257046770583908,0.06288082914649186,0.24735121329745796,0.06523517894899021,0.3073763044985014,0.2146205983555893,0.2718939623264485,0.03213959829860987,0.3186826368703926,0.19254984345590712
11000,2,crash,3,2,1,772.368641022038,1220,546.0,546.0,0.05,0.1,6.632798671722412,41.669471740722656,-120.50630950927734,591.9597778320312,1000.0,84.22066479643954,1016,-2.4359999999999533,-9.416023774400623,-300.0,0.6330890500180639,"{4: 102, 3: 13, 5: 2, 2: 5}","{2: 4, 3: 52, 5: 18, 6: 20, 4: 15, 0: 13}","{1: 92, 2: 30}","{1: 89, 0: 1, 2: 32}","{1: 89, 2: 30, 0: 3}","{1: 94, 2: 4, 0: 24}",0.07050952475504194,0.03855338184797103,0.0982079414433255,0.12754805282053555,0.20369721543653044,0.06384561645220978,0.2615977309862597,0.38761546842131106,0.21347370905051685,0.028796303172428483,0.29948499931807626,0.1354032300688527
11010,2,crash,3,1,1,278.6776906531065,759,639.0,639.0,0.05,0.1,6.646694183349609,41.752079010009766,-120.50630950927734,588.0556640625,500.0,91.27895540564799,638,-1.5160000000000011,-11.085264752541953,-300.0,0.36716428281041696,"{0: 46, 1: 8, 2: 9, 4: 9, 5: 3}","{0: 1, 1: 10, 2: 5, 3: 47, 6: 12}","{1: 45, 0: 30}","{1: 57, 0: 18}","{1: 45, 0: 30}","{1: 66, 0: 5, 2: 4}",0.11495962933475255,0.01223491057696726,0.11845808865375096,0.048387973946934795,0.20925603656420647,0.14681555561517895,0.22393039030825948,0.15138212959941186,0.21431827707009107,0.014038926107170599,0.20451210487612087,0.1228394484806899
11020,2,success,3,5,0,2730.734771720924,2462,492.4,517.0,0.05,0.1,6.679192066192627,41.92564010620117,-120.50630950927734,619.1514282226562,2500.0,235.64877172092554,2214,-4.913999999999681,0.0,0.0,1.109153034817597,"{4: 95, 3: 33, 2: 49, 1: 30, 5: 39}","{4: 33, 3: 119, 0: 23, 1: 17, 2: 22, 6: 22, 5: 10}","{1: 222, 2: 24}","{1: 167, 2: 42, 0: 37}","{1: 212, 0: 9, 2: 25}","{1: 221, 0: 13, 2: 12}",0.06507293590325014,0.04420865597169356,0.09093429300176721,0.08000896828222752,0.14776355417373557,0.08193967083129591,0.20120538388874143,0.14995084143402349,0.1894545908149261,0.04766913079146022,0.24366426992504733,0.17709845264890792
11030,2,crash,3,2,1,862.2891412762713,1606,487.5,487.5,0.05,0.1,6.690637111663818,41.965003967285156,-120.50630950927734,611.2622680664062,1000.0,177.67126057353977,1103,-3.2079999999998683,-12.17411929726015,-300.0,0.5369172735219622,"{5: 17, 4: 12, 3: 3, 0: 49, 1: 8, 2: 8, 6: 63}","{3: 121, 0: 11, 1: 12, 2: 16}","{1: 114, 2: 15, 0: 31}","{1: 125, 0: 35}","{1: 102, 2: 15, 0: 43}","{1: 123, 2: 22, 0: 15}",0.11924166851015253,0.020809063607570094,0.13104453451167633,0.10565278265794015,0.19014938903088754,0.06400616504239447,0.2459012960357362,0.26481449534868534,0.23835595328457768,0.016082230095856864,0.19240172531813182,0.321765597696323
11040,2,max_steps,3,2,0,1213.8883512897419,3500,1566.0,1566.0,0.05,0.1,6.710086345672607,42.06190490722656,-120.50630950927734,594.5006713867188,1000.0,220.88435128974308,2514,-6.9959999999994515,0.0,0.0,0.3468252432256405,"{5: 75, 4: 16, 3: 7, 0: 192, 1: 9, 2: 14, 6: 37}","{1: 11, 2: 22, 3: 150, 6: 31, 5: 13, 4: 123}","{1: 316, 2: 14, 0: 20}","{1: 294, 0: 30, 2: 26}","{1: 313, 2: 17, 0: 20}","{1: 330, 0: 11, 2: 9}",0.012701464355459748,0.01319012879495429,0.021497931484403453,0.02571194092230635,0.14834059648794684,0.06758395302819017,0.18554908644401424,0.12500042506168704,0.15941671115196115,0.02789428898804495,0.2161619630225024,0.10744651471161568
11050,2,crash,3,1,1,260.9307198822058,876,399.0,399.0,0.05,0.1,6.727019786834717,42.137229919433594,-120.50630950927734,594.6646728515625,500.0,75.52677466405098,752,-1.7500000000000013,-12.846054781845142,-300.0,0.2978661185869929,"{1: 24, 2: 41, 3: 16, 4: 6}","{4: 8, 3: 69, 2: 10}","{1: 72, 0: 15}","{1: 81, 2: 3, 0: 3}","{1: 66, 0: 21}","{1: 71, 0: 4, 2: 12}",0.09338869606845435,0.025553440746946786,0.09742907980849802,0.13734563187409587,0.15668913661744488,0.05877236236097011,0.21199000607868984,0.16127993406560218,0.16298678986914933,0.019151151992623783,0.21553948396701483,0.18491066397015343
11060,2,max_steps,3,3,0,1903.0766775095133,3500,1087.6666666666667,1023.0,0.05,0.1,6.739919185638428,42.1746711730957,-120.50630950927734,594.8870239257812,1500.0,410.07067750952905,2628,-6.993999999999452,0.0,0.0,0.5437361935741466,"{6: 117, 5: 63, 4: 91, 3: 4, 0: 56, 1: 9, 2: 10}","{4: 28, 3: 225, 0: 44, 1: 5, 2: 4, 6: 37, 5: 7}","{1: 243, 2: 60, 0: 47}","{1: 273, 2: 37, 0: 40}","{1: 215, 2: 70, 0: 65}","{1: 229, 2: 54, 0: 67}",0.08264600262452376,0.03361613571454426,0.14028238636918874,0.12547427120231575,0.20201813695044873,0.15680663318450996,0.280978967937172,0.35691947855263356,0.21090549594093866,0.04803895729750922,0.32141933081498797,0.3685613949344749
11070,2,crash,3,1,1,254.82417908760743,1213,1001.0,1001.0,0.05,0.1,6.749995231628418,42.25266647338867,-120.50630950927734,602.7247924804688,500.0,70.04529337632472,1000,-2.4239999999999546,-12.797114288718424,-300.0,0.21007764145721966,"{5: 69, 4: 30, 3: 1, 2: 6, 1: 6, 0: 9}","{6: 13, 5: 9, 4: 11, 3: 67, 2: 21}","{1: 99, 2: 22}","{1: 89, 2: 21, 0: 11}","{1: 100, 2: 21}","{1: 108, 0: 13}",0.030036146618027497,0.03625293191619539,0.040359667121856534,0.06653123652229145,0.2045328238515417,0.11000606935040153,0.24451301590515695,0.19614634885863586,0.19170371413893716,0.02107825765630312,0.2850857675156389,0.07663980795011188
11080,2,success,3,5,0,2970.044559104187,3118,623.6,681.0,0.05,0.1,6.762646198272705,42.341270446777344,-125.8532943725586,613.55224609375,2500.0,476.2705591041852,2457,-6.225999999999536,0.0,0.0,0.9525479663579818,"{1: 23, 2: 42, 3: 51, 6: 92, 5: 12, 4: 18, 0: 73}","{3: 203, 4: 21, 0: 40, 1: 6, 2: 6, 6: 23, 5: 12}","{1: 191, 0: 46, 2: 74}","{1: 242, 2: 35, 0: 34}","{1: 177, 0: 50, 2: 84}","{1: 269, 0: 18, 2: 24}",0.08919258718539677,0.02121911650331426,0.14552525380436765,0.06141729220428052,0.2520964259216872,0.13928516778645447,0.2685971148302097,0.15510815203637823,0.23290145019406794,0.08611098178145574,0.26668709341243,0.08682637759124756
11090,2,success,3,5,0,2820.6496388883797,3156,631.2,449.0,0.05,0.1,6.768242835998535,42.39460372924805,-125.85357666015625,600.3421630859375,2500.0,354.16104100670645,2378,-6.301999999999528,-27.20940211832504,0.0,0.8937419641598161,"{0: 19, 1: 13, 2: 43, 6: 118, 5: 24, 4: 44, 3: 54}","{4: 15, 3: 190, 0: 28, 1: 33, 2: 14, 6: 26, 5: 9}","{1: 231, 0: 36, 2: 48}","{1: 245, 2: 35, 0: 35}","{1: 222, 0: 38, 2: 55}","{1: 255, 0: 32, 2: 28}",0.09499232172370321,0.023018970303347666,0.12380598617966945,0.10888511154436883,0.18172171276625235,0.09558842151825418,0.23741210653884215,0.16377885266374864,0.2295852581910855,0.13774866641946307,0.32136327567122086,0.17362810477683507
11100,2,crash,3,2,1,909.2462300335168,1691,779.0,779.0,0.05,0.1,6.781752109527588,42.46701431274414,-126.2581787109375,629.420166015625,1000.0,220.36453559362016,1339,-3.3779999999998496,-7.740305560103054,-300.0,0.5376973566135522,"{5: 27, 4: 22, 3: 2, 0: 94, 1: 6, 2: 6, 6: 12}","{6: 17, 5: 9, 4: 5, 3: 91, 0: 37, 1: 4, 2: 6}","{1: 99, 2: 21, 0: 49}","{1: 103, 2: 20, 0: 46}","{1: 101, 2: 19, 0: 49}","{1: 141, 2: 14, 0: 14}",0.09664073395814729,0.043702334976664585,0.11177702981537445,0.07723801142360552,0.2663317082641925,0.18390681112761204,0.30601224386074366,0.2173946717172009,0.31474241728125146,0.015577176013362826,0.3406906058018554,0.08923660328271545
11110,2,crash,3,3,1,1424.1482165808973,2657,791.3333333333334,650.0,0.05,0.1,6.791730880737305,42.51788330078125,-126.2581787109375,625.618408203125,1500.0,242.08894762368942,2322,-5.3079999999996375,-12.63273104279096,-300.0,0.5359985760560396,"{5: 19, 4: 16, 3: 26, 2: 110, 1: 85, 0: 9}","{3: 81, 2: 36, 1: 17, 0: 34, 6: 65, 5: 18, 4: 14}","{1: 212, 2: 19, 0: 34}","{1: 190, 2: 40, 0: 35}","{1: 199, 2: 18, 0: 48}","{1: 224, 2: 20, 0: 21}",0.04257362823664751,0.05350306246868984,0.058701366276644844,0.06220348264068429,0.18846355934734127,0.08711694250179271,0.2118248372944978,0.16127357693667171,0.16708431001060567,0.07244812152792153,0.20945331442757906,0.17985951887320634
11120,2,crash,3,3,1,1447.9227289208766,3035,956.6666666666666,916.0,0.05,0.1,6.805624961853027,42.54072570800781,-126.2581787109375,612.1270141601562,1500.0,271.6149276327024,2179,-6.063999999999554,-17.628198711824552,-300.0,0.477075034240816,"{2: 42, 3: 5, 5: 24, 6: 141, 4: 11, 0: 73, 1: 7}","{2: 34, 3: 177, 6: 23, 5: 8, 4: 36, 1: 25}","{1: 239, 0: 45, 2: 19}","{1: 249, 0: 25, 2: 29}","{1: 243, 0: 42, 2: 18}","{1: 283, 0: 15, 2: 5}",0.06253915596013805,0.01848687364688999,0.06365143616685076,0.052822134087413354,0.20386276922541507,0.07532319956870767,0.22303692679110151,0.146921518896629,0.22004112496405345,0.010062882014085941,0.23465488943849805,0.13574687744192845
11130,2,crash,3,1,1,272.6615606830816,824,673.0,673.0,0.05,0.1,6.806107997894287,42.53795623779297,-126.2581787109375,606.2594604492188,500.0,86.86084425141105,672,-1.6460000000000012,-12.55328356833006,-300.0,0.3308999522852932,"{0: 46, 1: 8, 2: 11, 3: 2, 5: 8, 6: 7}","{0: 4, 1: 8, 2: 9, 3: 46, 4: 15}","{1: 48, 0: 34}","{1: 59, 0: 23}","{1: 59, 0: 23}","{1: 66, 0: 6, 2: 10}",0.11182208689804453,0.02181672040710534,0.134591707745974,0.06033015057441699,0.17674189591628658,0.11489815949697921,0.21194240814135895,0.1716357070501861,0.1771193291171488,0.004093722372537337,0.20020184146658432,0.07130049570530017
11140,2,crash,3,2,1,885.9219563455782,1847,731.5,731.5,0.05,0.1,6.81065034866333,42.56925964355469,-126.2581787109375,615.2748413085938,1000.0,242.16079687949028,1178,-3.689999999999815,-52.54884053391055,-300.0,0.47965455135115226,"{6: 91, 5: 13, 4: 9, 3: 3, 0: 56, 1: 5, 2: 7}","{5: 10, 4: 36, 3: 138}","{1: 109, 2: 26, 0: 49}","{1: 160, 2: 18, 0: 6}","{1: 103, 2: 25, 0: 56}","{1: 130, 2: 26, 0: 28}",0.10937012970820395,0.039159292485504024,0.15053515159096137,0.09470607811324842,0.2544800321307181,0.06147467136194097,0.27968797061820494,0.2418971344214182,0.2767390141666013,0.05920277448025237,0.22726259285888611,0.23305522031185819
11150,2,max_steps,3,2,0,1195.4138186174866,3500,1619.5,1619.5,0.05,0.1,6.820174217224121,42.55983352661133,-126.2581787109375,607.0191650390625,1000.0,202.40981861748432,1986,-6.9959999999994515,0.0,0.0,0.3415468053192819,"{1: 166, 2: 16, 3: 1, 6: 91, 5: 7, 4: 42, 0: 27}","{4: 195, 5: 26, 3: 96, 6: 6, 0: 27}","{1: 308, 0: 12, 2: 30}","{1: 304, 0: 18, 2: 28}","{1: 301, 0: 15, 2: 34}","{1: 313, 0: 21, 2: 16}",0.019740983117515386,0.023648355992355555,0.030417667483901758,0.04478814692252651,0.15762305280254496,0.06198771016022214,0.2015693551693668,0.1501496897142237,0.1673216601171731,0.010654527712792015,0.21346748774558055,0.043135473462173245
11160,2,crash,3,3,1,1504.956759993196,3499,1107.6666666666667,775.0,0.05,0.1,6.831902980804443,42.56248092651367,-126.2581787109375,594.24462890625,1500.0,362.77470882144456,2538,-6.991999999999452,-50.82594882824816,-300.0,0.43011053443646646,"{0: 94, 1: 16, 2: 16, 3: 28, 6: 103, 5: 33, 4: 59}","{5: 5, 4: 8, 3: 203, 2: 56, 1: 34, 0: 26, 6: 17}","{1: 264, 0: 72, 2: 13}","{1: 282, 2: 24, 0: 43}","{1: 244, 0: 74, 2: 31}","{1: 264, 0: 43, 2: 42}",0.0958129399190685,0.01871690409602799,0.1125057314625439,0.102085591622876,0.21611168600516184,0.08467927950139156,0.24768981884270844,0.22359686272101495,0.2441342614583128,0.01480945019824293,0.26807362497941606,0.186228917395561
11170,2,success,3,5,0,2847.137333661938,3216,643.2,554.0,0.05,0.1,6.853603839874268,42.641788482666016,-126.2581787109375,598.2462158203125,2500.0,383.62823836950906,2638,-6.421999999999515,-30.068904707563917,0.0,0.8853038972829409,"{2: 142, 3: 29, 6: 80, 5: 10, 4: 15, 1: 24, 0: 21}","{3: 210, 0: 8, 1: 7, 2: 9, 6: 55, 5: 20, 4: 12}","{1: 277, 2: 29, 0: 15}","{1: 256, 0: 25, 2: 40}","{1: 246, 0: 45, 2: 30}","{1: 261, 0: 27, 2: 33}",0.10032423203165843,0.03455302667762721,0.10456823473986578,0.10327131701250036,0.15274320122713883,0.12713490175283035,0.20131413466178888,0.1883949603470755,0.1387558164003225,0.051848150846362163,0.2012537283840317,0.14833453129249258
11180,2,success,3,5,0,2902.2716627527498,3355,671.0,708.0,0.05,0.1,6.861936092376709,42.61076736450195,-126.2581787109375,599.75732421875,2500.0,411.7748599383766,2829,-6.699999999999484,-2.803197185623922,0.0,0.8650586178100595,"{4: 159, 5: 51, 3: 22, 0: 62, 1: 7, 2: 12, 6: 22}","{0: 38, 1: 14, 2: 24, 3: 181, 6: 39, 5: 26, 4: 13}","{1: 272, 2: 29, 0: 34}","{1: 211, 0: 65, 2: 59}","{1: 263, 2: 39, 0: 33}","{1: 284, 2: 22, 0: 29}",0.06123793472884664,0.04923225558312136,0.08335840625226601,0.07996109673877808,0.1896357559797418,0.18759509422798112,0.2295159712356382,0.17679314478217345,0.20399297912762154,0.058068814215093474,0.202667601559309,0.20763209837470042
11190,2,crash,3,1,1,253.85738120086648,475,361.0,361.0,0.05,0.1,6.872171878814697,42.63782501220703,-132.7613525390625,579.8514404296875,500.0,62.420319596590616,341,-0.9480000000000007,-7.614938395724864,-300.0,0.5344365920018241,"{0: 16, 1: 10, 2: 7, 3: 4, 4: 7, 5: 3}","{3: 36, 1: 11}","{1: 20, 0: 27}",{1: 47},"{1: 19, 0: 28}","{1: 33, 0: 2, 2: 12}",0.1829778724033175,0.006032442788753774,0.21338172306207,0.12149561637520619,0.28131370195602945,0.03002136986734382,0.331879287181921,0.3027373722936145,0.2875410850607226,0.012379221677492735,0.3366125584653922,0.13627162718290822
11200,2,max_steps,3,1,0,621.3744320527053,3500,144.0,144.0,0.05,0.1,6.869236469268799,42.610008239746094,-132.7613525390625,589.16064453125,500.0,128.37243205268678,1505,-6.997999999999451,0.0,0.0,0.17753555201505866,"{3: 14, 6: 164, 5: 28, 4: 144}","{5: 4, 4: 24, 3: 274, 2: 48}",{1: 350},"{1: 330, 2: 14, 0: 6}","{1: 338, 2: 8, 0: 4}","{1: 334, 0: 9, 2: 7}",0.032812508562988674,0.015675928518800057,0.04643250499378869,0.04793404513168902,0.10446450392707332,0.05329479350189858,0.12182976933495387,0.1437521513228279,0.0,0.15597421556106972,0.0,0.0
11210,2,crash,3,3,1,1476.7914091519615,3301,1019.0,1039.0,0.05,0.1,6.868414878845215,42.61086654663086,-132.7613525390625,605.7924194335938,1500.0,296.116063777029,2034,-6.595999999999496,-12.728654625060434,-300.0,0.44737697944621674,"{6: 52, 5: 98, 4: 41, 3: 9, 2: 24, 1: 19, 0: 87}","{4: 14, 3: 166, 0: 52, 1: 34, 2: 18, 6: 31, 5: 15}","{1: 213, 2: 45, 0: 72}","{1: 263, 2: 39, 0: 28}","{1: 205, 2: 48, 0: 77}","{1: 234, 2: 51, 0: 45}",0.08965795363204723,0.022778736452631988,0.11334178505171712,0.11651050484708207,0.25017787641523936,0.09172109966365276,0.3009147873838481,0.2351309856103466,0.27006693274445875,0.024162538767333205,0.2899435664037783,0.16866855445157902
11220,2,max_steps,3,2,0,1224.6864548588992,3500,1708.0,1708.0,0.05,0.1,6.87938928604126,42.632667541503906,-132.7613525390625,577.5489501953125,1000.0,303.907271693601,2170,-6.9959999999994515,-72.22481683470845,0.0,0.3499104156739712,"{5: 100, 4: 110, 3: 45, 0: 40, 1: 10, 2: 15, 6: 30}","{3: 308, 4: 26, 2: 16}","{1: 273, 2: 40, 0: 37}","{1: 321, 0: 20, 2: 9}","{1: 253, 2: 45, 0: 52}","{1: 234, 2: 45, 0: 71}",0.11110848713154954,0.024996010351301515,0.13623459406054952,0.1241007287885717,0.17689377045619592,0.05766406753771931,0.2313590757541689,0.2712205226130498,0.19015915686300913,0.05663190177626958,0.2113535260337316,0.22291904155512537
11230,2,crash,3,3,1,1382.9048491032684,2075,665.6666666666666,577.0,0.05,0.1,6.885584831237793,42.63968276977539,-137.72413635253906,577.760498046875,1500.0,193.24145402986784,1229,-4.143999999999766,-6.192604926595209,-300.0,0.666460168242539,"{4: 60, 3: 42, 1: 52, 0: 30, 2: 15, 6: 8}","{3: 144, 4: 49, 5: 14}","{1: 151, 0: 50, 2: 6}","{1: 195, 0: 4, 2: 8}","{1: 127, 2: 18, 0: 62}","{1: 135, 2: 34, 0: 38}",0.10127377590944082,0.02462549784724718,0.13331857822373686,0.13479824698947784,0.24074484183483275,0.05840391445173665,0.3053617406492358,0.2790207449296312,0.16383712063853167,0.05731935605859417,0.2194270229578056,0.1561904489336758
11240,2,success,3,5,0,2871.331886077538,3166,633.2,483.0,0.05,0.1,6.9054036140441895,42.729976654052734,-137.72413635253906,573.4091186523438,2500.0,377.6538860775365,2421,-6.321999999999526,0.0,0.0,0.9069273171438844,"{5: 67, 4: 27, 1: 19, 0: 25, 2: 53, 3: 36, 6: 89}","{1: 34, 2: 32, 3: 188, 4: 18, 6: 38, 5: 6}","{1: 245, 2: 26, 0: 45}","{1: 247, 0: 39, 2: 30}","{1: 225, 2: 37, 0: 54}","{1: 265, 2: 24, 0: 27}",0.08659403349032921,0.022994072892634408,0.1023486202100625,0.08806449617239145,0.1945455180454767,0.12617177441050292,0.22268184899033933,0.162683243156456,0.21594532143882095,0.21115367956998068,0.24720177181905065,0.14756362941723633
11250,2,max_steps,3,4,0,2401.2498463983497,3500,721.25,638.5,0.05,0.1,6.922290802001953,42.82178497314453,-137.72413635253906,609.7637939453125,2000.0,439.21414534573216,2888,-6.991999999999452,-30.972298947387365,0.0,0.6860713846852428,"{5: 69, 4: 37, 3: 3, 0: 152, 1: 15, 2: 15, 6: 59}","{2: 50, 3: 241, 6: 22, 5: 13, 4: 9, 1: 15}","{1: 277, 2: 37, 0: 36}","{1: 281, 0: 36, 2: 33}","{1: 254, 2: 47, 0: 49}","{1: 270, 2: 35, 0: 45}",0.09297680635726689,0.030560205298699822,0.11188597030895259,0.1289084730181824,0.18804923649165337,0.09533937402115328,0.24395460804996094,0.1822357047265711,0.23365969273373083,0.052299643231192336,0.1929786920978776,0.17898997285547516
11260,2,success,3,5,0,2853.8952987417274,3184,636.8,606.0,0.05,0.1,6.931281089782715,42.85258102416992,-136.8419952392578,613.1730346679688,2500.0,360.2532987417265,2615,-6.357999999999522,0.0,0.0,0.8963239003585828,"{4: 136, 3: 27, 1: 22, 0: 16, 2: 21, 6: 87, 5: 9}","{4: 86, 3: 162, 0: 18, 1: 5, 2: 12, 6: 30, 5: 5}","{1: 247, 2: 36, 0: 35}","{1: 243, 2: 46, 0: 29}","{1: 248, 2: 41, 0: 29}","{1: 292, 2: 4, 0: 22}",0.07447230497763441,0.022951566643849113,0.07961476991786576,0.056832072660514286,0.17393232148694004,0.16114165834737426,0.20325025045340697,0.14642811379639345,0.18438430184039087,0.04590738847007661,0.2028854223459276,0.26646474147019716
11270,2,max_steps,3,4,0,2259.003036516741,3500,587.5,441.0,0.05,0.1,6.948326110839844,42.92252731323242,-136.8419952392578,601.1351318359375,2000.0,266.4940134923757,2464,-6.991999999999452,-0.4989769756596347,0.0,0.6454294390047831,"{2: 101, 5: 53, 6: 163, 4: 17, 3: 16}","{0: 16, 1: 13, 2: 16, 3: 157, 4: 33, 5: 48, 6: 67}","{1: 296, 0: 31, 2: 23}","{1: 205, 0: 49, 2: 96}","{1: 286, 0: 32, 2: 32}","{1: 280, 0: 40, 2: 30}",0.04787220459233584,0.056403861105938244,0.06627363840104249,0.09446513001282322,0.1706081060771942,0.12532701753520437,0.21525493838375256,0.19511977811686418,0.1775119762062653,0.08953203434412457,0.2837619656124507,0.24216582236141976
11280,2,max_steps,3,3,0,1574.759404358582,3500,949.6666666666666,475.0,0.05,0.1,6.957995891571045,42.90937423706055,-136.8419952392578,604.7493896484375,1500.0,200.3962741442255,2382,-6.993999999999452,-118.64286978562187,0.0,0.4499312583881663,"{4: 65, 3: 8, 0: 164, 1: 35, 2: 12, 5: 10, 6: 56}","{2: 59, 3: 188, 5: 43, 4: 60}","{1: 330, 2: 6, 0: 14}","{1: 296, 0: 28, 2: 26}","{1: 325, 2: 10, 0: 15}","{1: 326, 2: 12, 0: 12}",0.03617347027651818,0.030648104194664905,0.05072187955319957,0.06333712227650724,0.1128336871916676,0.06250730513730485,0.15084009672046766,0.1461094093604424,0.1343563881976213,0.048047796447820125,0.20318055108633618,0.16359889304098366
11290,2,max_steps,3,3,0,1760.6663032577555,3500,928.6666666666666,1134.0,0.05,0.1,6.976559162139893,42.921966552734375,-136.8419952392578,617.3646850585938,1500.0,318.32152141566985,2753,-6.993999999999452,-50.661218157910525,0.0,0.5030475152165016,"{0: 32, 1: 13, 2: 72, 3: 63, 5: 18, 6: 61, 4: 91}","{4: 15, 3: 127, 0: 31, 1: 52, 2: 46, 6: 72, 5: 7}","{1: 315, 0: 20, 2: 15}","{1: 209, 2: 86, 0: 55}","{1: 301, 0: 20, 2: 29}","{1: 275, 0: 36, 2: 39}",0.0650991533067511,0.05548776299507973,0.08587790473578767,0.09652790456900834,0.14906591376965203,0.11734206290159441,0.19759363183861028,0.17743095121059788,0.17435979812223074,0.11004787222257827,0.18917036214276328,0.20760054006157647
11300,2,crash,3,2,1,797.9364425966369,2312,425.0,425.0,0.05,0.1,6.983479976654053,42.934085845947266,-136.8419952392578,597.1123657226562,1000.0,121.55269185541408,1666,-4.619999999999713,-18.996249258765573,-300.0,0.3451282191161924,"{3: 11, 5: 59, 4: 14, 0: 147}","{5: 2, 4: 9, 0: 16, 1: 10, 2: 6, 3: 41, 6: 147}","{1: 216, 2: 15}","{1: 194, 2: 12, 0: 25}","{1: 208, 2: 23}","{1: 217, 2: 3, 0: 11}",0.03541391521644853,0.01644610888236437,0.04678562465653986,0.05387355970582641,0.14571542406407417,0.09356533626319051,0.17830566774493098,0.1471163708996282,0.14887748109304033,0.14830269269314286,0.18357437670898008,0.1051675945196685
11310,2,max_steps,3,2,0,1152.0781353621628,3500,925.5,925.5,0.05,0.1,6.995923042297363,42.99406433105469,-136.8419952392578,595.7604370117188,1000.0,198.91333221327324,2271,-6.9959999999994515,-39.83919685109295,0.0,0.3291651815320465,"{5: 50, 4: 30, 3: 30, 0: 63, 1: 9, 2: 8, 6: 160}","{5: 21, 4: 17, 3: 202, 2: 55, 0: 18, 1: 13, 6: 24}","{1: 314, 2: 9, 0: 27}","{1: 243, 2: 58, 0: 49}","{1: 315, 2: 11, 0: 24}","{1: 308, 2: 18, 0: 24}",0.037174909783134646,0.04266884763061639,0.049120620115365415,0.059216985076796395,0.15216313998771624,0.12449807013430997,0.17840504952201092,0.15404709400376426,0.12489716064426387,0.0361395638497917,0.14059698435721932,0.17456737565984443
11320,2,max_steps,3,3,0,1827.0435036304937,3500,1117.0,1368.0,0.05,0.1,7.012941360473633,43.05449295043945,-135.7781982421875,591.5054931640625,1500.0,334.03750363050415,1955,-6.993999999999452,0.0,0.0,0.5220124296087125,"{2: 25, 4: 75, 5: 48, 6: 64, 3: 9, 0: 122, 1: 7}","{3: 196, 1: 22, 2: 16, 6: 78, 5: 14, 4: 9, 0: 15}","{1: 242, 0: 64, 2: 44}","{1: 310, 0: 12, 2: 28}","{1: 209, 0: 74, 2: 67}","{1: 234, 0: 60, 2: 56}",0.11563735786564024,0.014371712417490603,0.14987179045740495,0.12676354556099545,0.2261137300239868,0.06126368214891892,0.2987536310357856,0.34347849268954406,0.15791668391586716,0.02404530838922925,0.28309089696525436,0.3277276862030832
11330,2,crash,3,3,1,1471.9386827313724,2482,632.0,631.0,0.05,0.1,7.028764724731445,43.11089324951172,-135.7781982421875,573.04052734375,1500.0,301.59058722012804,2111,-4.957999999999676,-24.69390448875309,-300.0,0.5930453999723498,"{5: 42, 4: 9, 3: 39, 2: 136, 1: 22}","{1: 15, 2: 11, 3: 105, 6: 63, 5: 14, 4: 14, 0: 26}","{1: 228, 2: 20}","{1: 112, 0: 47, 2: 89}","{1: 213, 2: 19, 0: 16}","{1: 215, 2: 5, 0: 28}",0.04400751269042072,0.06290852007715386,0.05823126616757791,0.08716505174486247,0.14398387270796842,0.18347030278411117,0.1992182789332921,0.1516554803598312,0.1343405029134535,0.16432768173538798,0.20645329663958487,0.14975473997047287
11340,2,max_steps,3,2,0,1190.1477208606777,3500,1324.0,1324.0,0.05,0.1,7.037940979003906,43.1867790222168,-135.7781982421875,598.4324340820312,1000.0,201.85762318021813,1935,-6.9959999999994515,-4.7139023195429965,0.0,0.34004220596019363,"{3: 7, 0: 246, 1: 4, 2: 7, 6: 82, 5: 4}","{2: 22, 3: 68, 4: 13, 5: 200, 0: 37, 1: 10}","{1: 315, 0: 31, 2: 4}","{1: 308, 0: 31, 2: 11}","{1: 300, 0: 30, 2: 20}","{1: 318, 0: 15, 2: 17}",0.011736378348689486,0.014786256846444051,0.011222838772812549,0.018547038445671713,0.14799287398021066,0.06631585743096716,0.21443871156363792,0.14914964494213248,0.2863177829244582,0.1124493005871371,0.15711450456782217,0.3315261270062694
11350,2,max_steps,3,1,0,752.6418298121937,3500,2693.0,2693.0,0.05,0.1,7.050745964050293,43.22624206542969,-135.7781982421875,630.73681640625,500.0,259.63982981218936,1837,-6.997999999999451,0.0,0.0,0.2150405228034839,"{5: 85, 6: 119, 4: 64, 3: 32, 0: 24, 1: 5, 2: 21}","{4: 92, 3: 249, 2: 9}","{1: 306, 2: 20, 0: 24}","{1: 324, 2: 19, 0: 7}","{1: 273, 0: 32, 2: 45}","{1: 246, 0: 48, 2: 56}",0.08363371352871998,0.02852296641686895,0.09978171855125624,0.1301019199832391,0.1658603969684019,0.05631991403821808,0.24461918297322885,0.2354168692588613,0.27851483170193214,0.0388386675177175,0.12335210465633187,0.4895183214118174
11360,2,crash,3,1,1,256.2653960598362,1259,649.0,649.0,0.05,0.1,7.050710201263428,43.20303726196289,-135.7781982421875,608.2066040039062,500.0,93.84187003873606,765,-2.5159999999999445,-35.06047397890185,-300.0,0.20354678003164112,"{0: 28, 1: 7, 2: 8, 3: 21, 4: 41, 5: 20}","{4: 33, 3: 66, 1: 10, 2: 16}","{1: 102, 0: 23}","{1: 73, 2: 11, 0: 41}","{1: 104, 0: 21}","{1: 96, 0: 12, 2: 17}",0.04615015413190828,0.056159968210836284,0.060187031186273894,0.061434032216433475,0.21328192580598734,0.1191415737108538,0.2817083237751884,0.2301496994853626,0.2102949783569738,0.11236207989297103,0.127027250046544,0.232907333079098
11370,2,crash,3,2,1,837.7750742966891,2083,658.5,658.5,0.05,0.1,7.056268215179443,43.23197555541992,-132.7613525390625,630.06201171875,1000.0,207.1251127205778,1727,-4.161999999999764,-65.18803842389023,-300.0,0.4021963870843443,"{1: 44, 2: 23, 3: 40, 4: 23, 5: 78}","{4: 14, 3: 57, 0: 55, 1: 9, 2: 6, 6: 57, 5: 10}","{1: 162, 0: 31, 2: 15}","{1: 128, 2: 50, 0: 30}","{1: 160, 0: 32, 2: 16}","{1: 151, 0: 29, 2: 28}",0.0561834859612583,0.05670965146671452,0.059852712487367635,0.09552771764487093,0.19284470947779847,0.10880722084595644,0.24420518280277345,0.23844234276004922,0.23313878921416778,0.05318119319346313,0.23673744441489128,0.2699474136219623
11380,2,max_steps,3,4,0,2169.5360139874783,3500,804.75,892.5,0.05,0.1,7.062910079956055,43.2177848815918,-132.7613525390625,584.2485961914062,2000.0,177.585084268014,2488,-6.991999999999452,-1.0570702805243164,0.0,0.6198674325678509,"{2: 246, 3: 74, 1: 1, 6: 29}","{2: 104, 1: 33, 3: 148, 6: 47, 5: 8, 4: 10}",{1: 350},"{1: 256, 2: 64, 0: 30}",{1: 350},"{1: 338, 2: 3, 0: 9}",0.023588246582444048,0.029172488518460264,0.03084757555428208,0.02568070383311516,0.07230030010159766,0.1017704225148033,0.09634728405158108,0.10037423287147271,0.0898791466570831,0.11809411687240941,0.08040380908129746,0.06963370204985014
11390,2,crash,3,3,1,1340.7161140845835,2239,446.0,389.0,0.05,0.1,7.077014923095703,43.312931060791016,-132.7613525390625,600.9154663085938,1500.0,155.60957436683478,1302,-4.4719999999997295,-10.421460282237495,-300.0,0.5988013015116497,"{2: 47, 4: 36, 5: 70, 1: 28, 3: 2, 6: 40}","{0: 7, 1: 7, 2: 6, 3: 103, 4: 27, 6: 62, 5: 11}","{1: 200, 2: 2, 0: 21}","{1: 160, 0: 21, 2: 42}","{1: 189, 0: 25, 2: 9}","{1: 185, 0: 20, 2: 18}",0.048607970972143276,0.02330981747114802,0.05050053053627721,0.08048757406281387,0.1502319957646658,0.15915606731253687,0.2004552462709697,0.15444066433188094,0.1935762717036928,0.08544665039341674,0.19878059037945053,0.16323187677368253
11400,2,max_steps,3,3,0,1865.3628826095533,3500,921.3333333333334,817.0,0.05,0.1,7.094961643218994,43.415977478027344,-132.7613525390625,614.7847290039062,1500.0,372.3568826095767,2478,-6.993999999999452,0.0,0.0,0.5329608236027294,"{5: 86, 4: 90, 3: 8, 0: 69, 1: 6, 2: 6, 6: 85}","{2: 32, 3: 182, 6: 38, 5: 21, 4: 24, 0: 38, 1: 15}","{1: 286, 2: 26, 0: 38}","{1: 257, 0: 50, 2: 43}","{1: 257, 2: 49, 0: 44}","{1: 262, 2: 51, 0: 37}",0.07377595975570791,0.034724211736235924,0.10848678655176267,0.1192276571464706,0.18907008211556747,0.08666208547534361,0.25793137572378055,0.23691138310379736,0.15388373450659126,0.04301982069643908,0.2880834248919808,0.2926249040774295
11410,2,crash,3,3,1,1436.1655492372026,2692,831.0,922.0,0.05,0.1,7.112117767333984,43.4754524230957,-132.7613525390625,608.1668090820312,1500.0,248.8380247700445,2046,-5.37799999999963,-7.2944755328410045,-300.0,0.5334938890182773,"{1: 47, 2: 35, 3: 16, 5: 34, 6: 26, 4: 40, 0: 71}","{1: 7, 2: 40, 3: 155, 6: 22, 5: 9, 4: 16, 0: 20}","{1: 202, 0: 54, 2: 13}","{1: 222, 0: 15, 2: 32}","{1: 192, 0: 53, 2: 24}","{1: 219, 0: 21, 2: 29}",0.09466328974386179,0.02161844244924488,0.11994620392288288,0.09834421348774183,0.18430069100262994,0.0644670779132813,0.223940921850906,0.15856868350832434,0.17004608240433236,0.023841568228479694,0.18359700139099783,0.11775899904156441
11420,2,crash,3,2,1,920.8725244888983,1602,665.5,665.5,0.05,0.1,7.132264614105225,43.61328125,-132.7613525390625,619.0551147460938,1000.0,240.04064195586105,1229,-3.199999999999869,-15.968117466958846,-300.0,0.5748267943126706,"{6: 66, 5: 7, 4: 8, 3: 3, 0: 63, 1: 6, 2: 7}","{1: 2, 2: 47, 3: 84, 4: 17, 5: 10}","{1: 93, 2: 24, 0: 43}","{1: 133, 0: 27}","{1: 93, 2: 23, 0: 44}","{1: 108, 2: 21, 0: 31}",0.12277026956988887,0.01582163329629418,0.14783892330966264,0.11833281360392109,0.25408672497173307,0.06256527644873752,0.3050436212253886,0.2774445565270506,0.23277890687608485,0.0473611477685751,0.15241573486389984,0.3030785888054123
11430,2,success,3,5,0,2863.3947163415137,2787,557.4,426.0,0.05,0.1,7.170041084289551,43.78802490234375,-132.7613525390625,633.2889404296875,2500.0,368.95871634150745,2411,-5.563999999999609,0.0,0.0,1.0274110930540057,"{5: 43, 4: 21, 3: 12, 2: 52, 1: 94, 0: 26, 6: 30}","{1: 10, 2: 27, 3: 138, 6: 73, 5: 17, 4: 13}","{1: 212, 0: 40, 2: 26}","{1: 218, 0: 20, 2: 40}","{1: 200, 2: 34, 0: 44}","{1: 225, 2: 24, 0: 29}",0.0752274982403755,0.034662675408873266,0.10535817006665624,0.09589889693555986,0.23395276620439695,0.06454204535941044,0.2965311855370172,0.1842556545801435,0.2481587064772965,0.11392385111951399,0.2202048709563015,0.23736510036639036
11440,2,max_steps,3,4,0,2344.6908094509704,3500,700.75,607.0,0.05,0.1,7.196543216705322,43.89193344116211,-132.7613525390625,615.8311157226562,2000.0,351.6828094509617,2781,-6.991999999999452,0.0,0.0,0.6699116598431344,"{4: 60, 3: 10, 0: 21, 1: 42, 2: 48, 6: 155, 5: 14}","{6: 27, 5: 25, 4: 18, 3: 185, 0: 23, 1: 28, 2: 44}","{1: 270, 0: 50, 2: 30}","{1: 251, 2: 37, 0: 62}","{1: 269, 0: 42, 2: 39}","{1: 269, 2: 37, 0: 44}",0.06241779170278915,0.045037501117837275,0.05955993126063086,0.076997129871906,0.20648560701199403,0.0911221608335126,0.27839297122920287,0.2148792575994717,0.21032322687917476,0.0595694253432354,0.32868626453637867,0.1301241428274031
11450,2,crash,3,2,1,812.2591575285439,1481,529.5,529.5,0.05,0.1,7.206539630889893,43.903106689453125,-132.7613525390625,590.2487182617188,1000.0,176.8083572640757,1087,-2.957999999999896,-61.591199735530495,-300.0,0.548453178614817,"{5: 19, 4: 13, 0: 41, 1: 20, 2: 12, 6: 43}","{4: 8, 3: 97, 0: 14, 1: 29}","{1: 109, 2: 6, 0: 33}","{1: 126, 2: 3, 0: 19}","{1: 104, 2: 9, 0: 35}","{1: 100, 2: 15, 0: 33}",0.09724812088649232,0.029393366158956748,0.11088292190485248,0.1411511829168462,0.1868953286576666,0.06658812147039236,0.22765008557713154,0.16235944667156565,0.18724578396406413,0.056696447328490156,0.17231220925052693,0.15516312040467772
11460,2,max_steps,3,3,0,1866.601119503752,3500,621.3333333333334,598.0,0.05,0.1,7.2314934730529785,43.99409866333008,-132.7613525390625,593.8189697265625,1500.0,411.1299294107675,2745,-6.993999999999452,-37.53480990699973,0.0,0.5333146055725005,"{4: 74, 3: 66, 2: 20, 0: 35, 1: 9, 6: 135, 5: 11}","{0: 7, 1: 7, 2: 61, 3: 220, 4: 21, 6: 24, 5: 10}","{1: 305, 2: 27, 0: 18}","{1: 261, 0: 45, 2: 44}","{1: 289, 2: 37, 0: 24}","{1: 284, 2: 27, 0: 39}",0.08080719772786199,0.029986171112498943,0.0763056198024142,0.06418027083411222,0.1536721043175778,0.11614349499578544,0.20097229900465816,0.1581423263781477,0.16047047395104988,0.12386830147202375,0.17975817008720185,0.21277098431266353
11470,2,max_steps,3,3,0,1772.2123200046694,3500,1163.6666666666667,1170.0,0.05,0.1,7.247245788574219,44.017723083496094,-132.7613525390625,631.1925048828125,1500.0,299.0235372585082,2274,-6.993999999999452,-19.8172172538285,0.0,0.5063463771441913,"{2: 52, 1: 103, 0: 97, 6: 65, 5: 15, 4: 13, 3: 5}","{5: 2, 4: 43, 3: 196, 2: 48, 0: 44, 1: 17}","{1: 296, 0: 36, 2: 18}","{1: 306, 2: 4, 0: 40}","{1: 296, 0: 35, 2: 19}","{1: 301, 0: 31, 2: 18}",0.06431165806989346,0.022227956353800173,0.0814847359724737,0.08499534351717472,0.15909853812596705,0.06096851123812381,0.20018928144883583,0.1614520405827826,0.1729640500073407,0.024880966158261096,0.16878729809740273,0.09405124891861937
11480,2,crash,3,1,1,237.29021242416837,1171,863.0,863.0,0.05,0.1,7.256899356842041,43.96916198730469,-132.7613525390625,569.5950317382812,500.0,59.58450160550127,538,-2.339999999999964,-19.954289181334342,-300.0,0.20263895168588247,"{0: 53, 1: 14, 2: 18, 3: 1, 6: 31}","{3: 86, 6: 31}","{1: 109, 0: 8}","{1: 98, 0: 4, 2: 15}","{1: 107, 0: 10}","{1: 107, 0: 9, 2: 1}",0.07061159300474554,0.017526361129895678,0.06764435256686241,0.06322312107694504,0.13978136533168467,0.06401442321846722,0.17427742854463962,0.1452622336452943,0.13293532205431766,0.05977638391085081,0.2146437375416024,0.09302143612680337
11490,2,crash,3,4,1,2042.8700561020896,3135,760.0,659.5,0.05,0.1,7.276980400085449,44.04001998901367,-132.7613525390625,605.2066650390625,2000.0,357.78651721285956,2363,-6.261999999999532,-8.654461110753505,-300.0,0.6516331917391035,"{2: 111, 3: 5, 1: 8, 6: 116, 5: 6, 4: 9, 0: 58}","{1: 10, 2: 5, 3: 163, 6: 20, 5: 28, 4: 77, 0: 10}","{1: 240, 0: 37, 2: 36}","{1: 228, 0: 30, 2: 55}","{1: 229, 0: 47, 2: 37}","{1: 245, 0: 33, 2: 35}",0.07713651520718773,0.044071878566881814,0.09355553664522524,0.10046293755288283,0.21789113016817152,0.09411141429063333,0.25797694048881487,0.17688062901559612,0.20065833914615377,0.05785548067468586,0.2193384368078448,0.18428313573315844
11500,2,max_steps,3,4,0,2315.7698839188356,3500,647.75,669.5,0.05,0.1,7.297153949737549,44.082435607910156,-132.7613525390625,571.0479125976562,2000.0,362.67294482837633,2866,-6.991999999999452,-39.91106090954567,0.0,0.6616485382625245,"{2: 75, 6: 131, 5: 30, 4: 38, 3: 27, 0: 35, 1: 14}","{2: 24, 3: 236, 6: 25, 5: 14, 4: 34, 0: 10, 1: 7}","{1: 285, 0: 28, 2: 37}","{1: 245, 0: 53, 2: 52}","{1: 272, 0: 43, 2: 35}","{1: 292, 0: 44, 2: 14}",0.07361910755752007,0.041507483047546104,0.08209977461126018,0.09181114543209441,0.16718739548497757,0.14271453877801632,0.21223789772977658,0.15782800147114456,0.16465114559952365,0.08123124267595763,0.19642313579804227,0.09785104866437296
11510,2,crash,3,1,1,269.33865774030187,778,647.0,647.0,0.05,0.1,7.31248140335083,44.12996292114258,-132.7613525390625,570.6840209960938,500.0,80.38701818067801,646,-1.5540000000000012,-9.494360440376935,-300.0,0.3461936474811078,"{6: 40, 5: 11, 4: 13, 1: 6, 0: 7}","{5: 7, 4: 9, 3: 61}","{1: 60, 2: 17}","{1: 64, 2: 13}","{1: 55, 2: 22}","{1: 65, 0: 12}",0.1297548408400128,0.028597340393837534,0.1186724329506737,0.10783453011228201,0.20156528987577105,0.1166084027625196,0.23778399617012216,0.29072263091063905,0.187768207345566,0.016829094606101425,0.27006402243657107,0.12934521298670132
11520,2,crash,3,0,1,-233.20708380546222,1030,,,0.05,0.1,7.3188276290893555,44.169105529785156,-132.7613525390625,573.821044921875,0.0,79.10722529152704,885,-2.0599999999999947,-10.254309096989214,-300.0,-0.22641464447132253,"{6: 71, 5: 11, 4: 9, 3: 11, 2: 1}","{0: 10, 1: 26, 2: 27, 3: 40}","{1: 81, 2: 22}","{1: 63, 0: 31, 2: 9}","{1: 83, 2: 20}","{1: 89, 2: 4, 0: 10}",0.02116377846443704,0.05191981639784994,0.04010381815034625,0.032926006081161946,0.19923564666688548,0.06432242980552627,0.20304903537259522,0.15321464187848233,,,,
11530,2,max_steps,3,4,0,2281.597712257741,3500,869.75,619.0,0.05,0.1,7.32548189163208,44.1829948425293,-132.7613525390625,594.6477661132812,2000.0,288.58971225773456,2883,-6.991999999999452,0.0,0.0,0.6518850606450689,"{1: 42, 2: 63, 6: 63, 5: 76, 4: 73, 3: 30, 0: 3}","{6: 26, 5: 18, 4: 35, 3: 180, 1: 23, 2: 49, 0: 19}","{1: 323, 2: 27}","{1: 270, 2: 22, 0: 58}","{1: 309, 2: 30, 0: 11}","{1: 332, 0: 15, 2: 3}",0.046860800516964535,0.024279826909824317,0.04862770721331197,0.057100177724789744,0.13177508152468717,0.06426455757704627,0.19206500889757086,0.14382593112889785,0.21717046098440038,0.05865091135179945,0.21591259483800396,0.27653904222844145
11540,2,max_steps,3,2,0,1199.6171139202372,3500,817.5,817.5,0.05,0.1,7.329241752624512,44.178009033203125,-132.7613525390625,594.6477661132812,1000.0,208.41143765883606,2242,-6.9959999999994515,-1.798323738578637,0.0,0.3427477468343535,"{2: 65, 1: 154, 3: 6, 6: 81, 5: 14, 4: 11, 0: 19}","{1: 9, 2: 12, 3: 142, 6: 179, 5: 8}","{1: 301, 0: 24, 2: 25}","{1: 294, 0: 24, 2: 32}","{1: 303, 0: 23, 2: 24}","{1: 318, 0: 24, 2: 8}",0.04800950893404245,0.010512362684472018,0.06392980089090511,0.05150729126434052,0.18245997404439449,0.07792692005812517,0.21119718495921383,0.14758251500060368,0.22246296890660244,0.00778531675802013,0.24778781532289562,0.05395648578447946
11550,2,max_steps,3,4,0,2285.0254930484757,3500,777.0,625.0,0.05,0.1,7.339789390563965,44.21641159057617,-132.7613525390625,612.3112182617188,2000.0,352.54003585035844,2592,-6.991999999999452,-60.52254280187422,0.0,0.6528644265852788,"{3: 64, 4: 118, 2: 29, 1: 5, 6: 84, 5: 10, 0: 40}","{0: 57, 1: 11, 2: 46, 3: 156, 6: 50, 5: 13, 4: 17}","{1: 329, 2: 21}","{1: 226, 0: 60, 2: 64}","{1: 310, 2: 28, 0: 12}","{1: 303, 2: 18, 0: 29}",0.04562783313870376,0.040878079961998,0.06575746157826662,0.06543987912908018,0.140852694669648,0.16815291831405121,0.18399998142326612,0.15542098463201665,0.07250347962165611,0.1304545421245309,0.16602361281213165,0.14117184793424462
11560,2,crash,3,3,1,1370.2843647293828,1694,528.6666666666666,544.0,0.05,0.1,7.351161003112793,44.26850891113281,-132.7613525390625,594.6477661132812,1500.0,182.66449549837904,1356,-3.381999999999849,-8.998130768991329,-300.0,0.8089045836655152,"{6: 40, 5: 20, 4: 28, 3: 19, 2: 36, 1: 18, 0: 8}","{3: 124, 0: 13, 1: 12, 2: 9, 6: 11}","{1: 134, 2: 35}","{1: 140, 0: 29}","{1: 130, 2: 39}","{1: 121, 2: 22, 0: 26}",0.07674900201511602,0.023878962523256324,0.09286474840887113,0.11222786966240283,0.17286308382910465,0.0647760877879271,0.2444159612925144,0.23973752908411097,0.14416351040770967,0.026987243611450086,0.20975345845552992,0.146113172486763
11570,2,max_steps,3,3,0,1812.007377258963,3500,875.6666666666666,953.0,0.05,0.1,7.3598551750183105,44.33766555786133,-132.7613525390625,617.2509765625,1500.0,319.00931584433573,2390,-6.993999999999452,-0.007938585357771616,0.0,0.5177163935025608,"{4: 55, 5: 45, 1: 12, 0: 167, 2: 13, 3: 2, 6: 56}","{5: 78, 4: 38, 3: 153, 0: 36, 1: 5, 2: 4, 6: 36}","{1: 267, 2: 41, 0: 42}","{1: 263, 2: 44, 0: 43}","{1: 278, 2: 39, 0: 33}","{1: 284, 2: 30, 0: 36}",0.06757972256241421,0.03946127662466249,0.08219889033323888,0.08165835386371482,0.19809617651704686,0.1676486536274012,0.23725416226018964,0.16653278058796575,0.23763040123868842,0.03776957705356072,0.324439785626072,0.11894374783582026
11580,2,crash,3,1,1,244.11873620811394,1451,435.0,435.0,0.05,0.1,7.368297100067139,44.392051696777344,-132.7613525390625,622.8241577148438,500.0,94.35272298055462,765,-2.899999999999902,-47.33398677244475,-300.0,0.1682417203363983,"{4: 42, 3: 1, 2: 17, 1: 38, 0: 47}","{2: 75, 3: 44, 1: 26}","{1: 106, 2: 27, 0: 12}","{1: 122, 0: 20, 2: 3}","{1: 97, 2: 31, 0: 17}","{1: 107, 2: 14, 0: 24}",0.09919523783044919,0.02564813151985435,0.12334191040076634,0.11031962893315142,0.2332505558887983,0.07741512787375504,0.2990543265619292,0.23701409176097415,0.20627766138779932,0.0035041312070664674,0.3073170416324996,0.0816089095578453
11590,2,max_steps,3,3,0,1835.467608914246,3500,684.0,441.0,0.05,0.1,7.371943950653076,44.37337875366211,-132.7613525390625,601.3821411132812,1500.0,342.4616089142618,2599,-6.993999999999452,0.0,0.0,0.5244193168326418,"{1: 107, 0: 10, 2: 9, 3: 68, 4: 67, 6: 74, 5: 15}","{4: 20, 3: 229, 0: 20, 1: 21, 2: 23, 6: 33, 5: 4}","{1: 310, 0: 21, 2: 19}","{1: 248, 2: 39, 0: 63}","{1: 313, 0: 19, 2: 18}","{1: 319, 0: 20, 2: 11}",0.018181007199387197,0.028372489923223564,0.02308773760749818,0.029192987343701696,0.16162676342830803,0.1753290484859344,0.1883932478924696,0.14781172095437403,0.1220546015874466,0.1786258406642243,0.126650550053066,0.13940441055446987
11600,2,crash,3,3,1,1346.6756935352173,1468,453.0,382.0,0.05,0.1,7.371131896972656,44.37762451171875,-132.7613525390625,595.7416381835938,1500.0,159.48987342504213,1173,-2.929999999999899,-9.88417988982427,-300.0,0.9173540146697665,"{4: 19, 3: 7, 0: 51, 1: 20, 2: 38, 6: 11}","{3: 78, 2: 38, 4: 19, 0: 11}","{1: 99, 2: 15, 0: 32}","{1: 130, 0: 10, 2: 6}","{1: 88, 2: 15, 0: 43}","{1: 80, 2: 29, 0: 37}",0.11132901088414193,0.0193387004924603,0.1386980551882913,0.1468693164245281,0.19783469509033705,0.060730602848035754,0.2559249771506088,0.24745381701965694,0.20923682564114243,0.025090241232825744,0.27109186915744043,0.15224663022063656
11610,2,crash,3,1,1,272.73055197952857,2448,1905.0,1905.0,0.05,0.1,7.3788371086120605,44.38462829589844,-132.7613525390625,602.858154296875,500.0,91.14169999669735,1735,-4.893999999999683,-13.517148017171463,-300.0,0.11140953920732376,"{1: 176, 2: 13, 3: 1, 6: 54}","{6: 4, 5: 17, 4: 32, 3: 191}","{1: 221, 0: 23}","{1: 216, 2: 12, 0: 16}","{1: 213, 0: 31}","{1: 210, 0: 24, 2: 10}",0.008402320991511893,0.023431452246143698,0.012709722069993535,0.014537951621998354,0.14544447933183133,0.060881333216090905,0.22348017453637997,0.16150780129199865,0.17712599302132104,0.005999304633637412,0.15936487615136682,0.13448311600006196
11620,2,crash,3,4,1,1935.1820632497142,3372,765.5,909.5,0.05,0.1,7.399890899658203,44.422061920166016,-132.7613525390625,575.304931640625,2000.0,284.7970197269449,2383,-6.73599999999948,-42.87895647722112,-300.0,0.5738974090301644,"{5: 40, 4: 31, 3: 58, 2: 60, 1: 40, 0: 77, 6: 31}","{0: 12, 1: 27, 2: 57, 3: 152, 5: 20, 6: 32, 4: 37}","{1: 255, 2: 34, 0: 48}","{1: 260, 0: 40, 2: 37}","{1: 242, 2: 36, 0: 59}","{1: 258, 2: 30, 0: 49}",0.062376480374729516,0.035793641495101315,0.07381410708042722,0.11244347650331177,0.1967157665783136,0.10158369264038256,0.257833123716225,0.20243082315405928,0.2367472446704523,0.06557336709616587,0.2785145044062089,0.22812347530256455
11630,2,crash,3,3,1,1401.7429727899012,2524,730.6666666666666,700.0,0.05,0.1,7.417882442474365,44.47075271606445,-132.7613525390625,603.743408203125,1500.0,234.60620604207955,2038,-5.041999999999667,-27.821233252177542,-300.0,0.5553656786013872,"{6: 56, 5: 20, 4: 17, 3: 7, 2: 96, 0: 47, 1: 9}","{5: 8, 4: 6, 3: 177, 0: 10, 1: 6, 2: 45}","{1: 227, 2: 2, 0: 23}","{1: 195, 2: 22, 0: 35}","{1: 229, 2: 9, 0: 14}","{1: 244, 0: 5, 2: 3}",0.07031110633301178,0.02957997166588368,0.0781384082474183,0.07058578775718816,0.1499426986081712,0.12101451465424287,0.17743383299080745,0.1451249186960749,0.15509107512573575,0.01637539499493647,0.15104964279658104,0.09849980356196356
11640,2,crash,3,1,1,226.57437539600602,775,352.0,352.0,0.05,0.1,7.416415214538574,44.4351921081543,-132.7613525390625,588.4195556640625,500.0,60.72567807412721,326,-1.5480000000000012,-32.60330267812254,-300.0,0.29235403276904004,"{0: 14, 1: 9, 2: 11, 3: 1, 4: 6, 5: 13, 6: 23}","{3: 60, 5: 8, 4: 9}","{1: 57, 0: 20}","{1: 52, 0: 1, 2: 24}","{1: 58, 0: 19}","{1: 53, 0: 23, 2: 1}",0.10063803649629358,0.043317329531174835,0.12026915456581137,0.10057486217520661,0.1823801321755464,0.09814119220980216,0.23987678650578076,0.19320468024438825,0.16884814838466888,0.010167980533636859,0.13281599412200162,0.017479613966970124
11650,2,success,3,5,0,2836.704953111786,2470,494.0,493.0,0.05,0.1,7.432781219482422,44.46735382080078,-132.7613525390625,598.909912109375,2500.0,341.6349531117881,2005,-4.929999999999679,0.0,0.0,1.1484635437699537,"{4: 81, 3: 9, 5: 61, 0: 70, 1: 11, 2: 15}","{5: 11, 4: 27, 3: 167, 0: 22, 1: 9, 2: 11}","{1: 188, 2: 8, 0: 51}","{1: 196, 2: 25, 0: 26}","{1: 178, 2: 18, 0: 51}","{1: 190, 2: 37, 0: 20}",0.09912150643238776,0.0224010117202339,0.10662969132981234,0.1069482101561782,0.24893978284091475,0.09526865865207185,0.29561860800416734,0.18305757564581607,0.23221397489143647,0.0518114962151665,0.14975145235961831,0.22246185972899674
11660,2,max_steps,3,4,0,2443.4029221527244,3500,554.0,551.0,0.05,0.1,7.460811614990234,44.54957580566406,-132.7613525390625,591.9474487304688,2000.0,455.7398005732398,2733,-6.991999999999452,-5.34487842052424,0.0,0.6981151206150641,"{0: 164, 1: 48, 2: 28, 3: 2, 6: 77, 5: 17, 4: 14}","{2: 9, 3: 162, 6: 128, 5: 12, 4: 14, 0: 20, 1: 5}","{1: 213, 0: 68, 2: 69}","{1: 251, 0: 46, 2: 53}","{1: 206, 0: 73, 2: 71}","{1: 183, 0: 73, 2: 94}",0.10454176794455963,0.02018355984261619,0.13508622992675895,0.14412854018245558,0.2530313089567957,0.15681274852131644,0.3363324962714424,0.31761324139819447,0.2760876522410471,0.04033390897300467,0.2057096457828112,0.30589264559236373
11670,2,crash,3,4,1,1930.8145077952945,2119,439.25,369.0,0.05,0.1,7.481802463531494,44.64221954345703,-132.7613525390625,614.419921875,2000.0,260.9329464939563,1624,-4.229999999999756,-25.888438698659,-300.0,0.911191367529634,"{5: 16, 4: 14, 3: 60, 2: 21, 0: 59, 1: 5, 6: 36}","{4: 9, 3: 76, 1: 18, 0: 29, 2: 24, 6: 34, 5: 21}","{1: 160, 2: 16, 0: 35}","{1: 130, 2: 43, 0: 38}","{1: 163, 2: 15, 0: 33}","{1: 169, 2: 18, 0: 24}",0.05217236464307705,0.05387447160319636,0.06699957612958231,0.07273167153170422,0.25504831240569925,0.12547872806651247,0.2906331113882498,0.22383326317192032,0.22611783885522016,0.06225993476888,0.09916837684949573,0.22383326317192032
11680,2,crash,3,4,1,2005.324157798361,3368,661.0,678.5,0.05,0.1,7.498391628265381,44.705989837646484,-132.7613525390625,605.5465698242188,2000.0,323.83864541690053,2457,-6.727999999999481,-11.786487618556546,-300.0,0.5954050349757604,"{4: 84, 3: 9, 5: 66, 0: 86, 1: 7, 2: 12, 6: 72}","{6: 47, 5: 11, 4: 17, 3: 157, 2: 37, 0: 42, 1: 25}","{1: 297, 2: 8, 0: 31}","{1: 219, 2: 46, 0: 71}","{1: 282, 2: 14, 0: 40}","{1: 299, 0: 26, 2: 11}",0.035853446813894796,0.05335424582347069,0.03213458646417308,0.026072020513095033,0.15534996239149743,0.13256000530992987,0.2116592905369603,0.15041056274825465,0.12526980278295805,0.07187723693010811,0.12888097171028667,0.14498913202150493
11690,2,max_steps,3,4,0,2485.7014603617818,3500,736.5,625.0,0.05,0.1,7.514321327209473,44.745330810546875,-132.7613525390625,584.6627807617188,2000.0,492.6934603617915,2867,-6.991999999999452,0.0,0.0,0.7102004172462234,"{0: 134, 1: 89, 2: 23, 3: 4, 6: 75, 5: 10, 4: 15}","{0: 4, 1: 15, 2: 9, 3: 184, 4: 71, 6: 33, 5: 34}","{1: 237, 0: 49, 2: 64}","{1: 284, 0: 34, 2: 32}","{1: 232, 0: 50, 2: 68}","{1: 264, 0: 41, 2: 45}",0.10911804339026654,0.03039344176586728,0.12467769068600232,0.07541662484690481,0.2502258104673593,0.0658801793213744,0.2868529475763162,0.26416744067286146,0.2406588303744793,0.017507011239165034,0.14109007535546259,0.33932009817221975
11700,2,crash,3,2,1,889.0694354864513,1833,822.5,822.5,0.05,0.1,7.531115531921387,44.77460479736328,-132.7613525390625,605.0889892578125,1000.0,238.54229168357605,1371,-3.6619999999998183,-45.810856197123364,-300.0,0.4850351530204317,"{0: 35, 1: 16, 2: 23, 3: 7, 6: 90, 5: 5, 4: 7}","{1: 10, 2: 5, 3: 123, 4: 32, 5: 13}","{1: 116, 0: 18, 2: 49}","{1: 139, 0: 23, 2: 21}","{1: 123, 0: 14, 2: 46}","{1: 152, 0: 21, 2: 10}",0.11051927599180707,0.025331752104828693,0.12101812643702299,0.058592195800718935,0.2778350127566638,0.09717792843628663,0.29562585861212837,0.18786485569328662,0.26139379914759114,0.028353434758460652,0.21944403459884287,0.09259292619572591
11710,2,max_steps,3,4,0,2270.196554546831,3500,756.75,712.0,0.05,0.1,7.534120082855225,44.74818801879883,-132.7613525390625,605.0889892578125,2000.0,302.7651023971694,2572,-6.991999999999452,-25.57654785033642,0.0,0.6486275870133803,"{6: 12, 5: 85, 4: 96, 3: 45, 2: 67, 0: 16, 1: 29}","{3: 192, 2: 28, 4: 52, 5: 13, 0: 26, 1: 39}","{1: 282, 2: 43, 0: 25}","{1: 289, 2: 19, 0: 42}","{1: 260, 2: 53, 0: 37}","{1: 275, 2: 33, 0: 42}",0.08182446379930369,0.01669779254369628,0.10656761059626924,0.1154348436541355,0.18112387435224644,0.06836551938992538,0.21209974624186403,0.21881088116131267,0.21356863695586376,0.05865682428522125,0.24635038333065784,0.15528302418676418
11720,2,crash,3,3,1,1504.5558817745743,3245,979.6666666666666,1172.0,0.05,0.1,7.550705432891846,44.7774772644043,-132.7613525390625,605.0889892578125,1500.0,365.83333345799974,2009,-6.483999999999508,-54.793451683413515,-300.0,0.4636535845222109,"{3: 38, 2: 87, 1: 8, 6: 70, 5: 5, 4: 7, 0: 109}","{0: 9, 1: 15, 2: 30, 3: 213, 4: 17, 6: 35, 5: 5}","{1: 254, 2: 27, 0: 43}","{1: 265, 0: 33, 2: 26}","{1: 241, 0: 56, 2: 27}","{1: 240, 0: 53, 2: 31}",0.07790307869678068,0.01947361000160453,0.09946624355056816,0.12546374811665592,0.261345170257495,0.08947911686730829,0.2924671412785173,0.17649296905527137,0.19712973234858552,0.023357523747772543,0.20782151143602123,0.16876657639266943
11730,2,crash,3,3,1,1376.889232645754,2229,613.0,578.0,0.05,0.1,7.568220138549805,44.82782745361328,-132.7613525390625,603.1708374023438,1500.0,217.08362751900026,1785,-4.451999999999732,-35.74239487324128,-300.0,0.6177161205229942,"{5: 64, 4: 24, 3: 34, 2: 36, 0: 58, 1: 6}","{2: 27, 3: 118, 5: 41, 4: 18, 6: 18}","{1: 176, 2: 11, 0: 35}","{1: 172, 0: 22, 2: 28}","{1: 171, 2: 13, 0: 38}","{1: 192, 2: 9, 0: 21}",0.07087567385012285,0.029118098544608728,0.09768042045280462,0.09120561068672102,0.20744502731198816,0.06458034623276174,0.22176432206667787,0.15425837428711237,0.1529892251350712,0.021825846414036155,0.19058014460335768,0.09552960693085148
11740,2,crash,3,1,1,270.02766772544163,662,570.0,570.0,0.05,0.1,7.568553447723389,44.830379486083984,-132.7613525390625,565.968994140625,500.0,76.57793440671796,569,-1.322000000000001,-5.228266681276931,-300.0,0.4078967790414526,"{0: 42, 1: 7, 2: 7, 4: 6, 5: 4}","{1: 11, 2: 8, 3: 37, 6: 10}","{1: 42, 0: 24}","{1: 45, 0: 21}","{1: 36, 0: 30}","{1: 54, 0: 6, 2: 6}",0.048836707848178076,0.02959312905792588,0.14086755829328915,0.09080704578683631,0.3164696345919805,0.10319368822631803,0.3740813730802658,0.17067091569392334,0.30977794334661735,0.020939042253433716,0.3844290179821772,0.017036157114368546
11750,2,crash,3,2,1,829.4391102711463,1223,553.5,553.5,0.05,0.1,7.577728271484375,44.88642883300781,-134.93780517578125,579.5663452148438,1000.0,138.30850748678827,1096,-2.4419999999999527,-6.427397215640234,-300.0,0.6782004172290649,"{3: 40, 0: 57, 1: 6, 2: 7, 6: 12}","{0: 16, 1: 16, 2: 15, 3: 43, 6: 23, 5: 5, 4: 4}","{1: 92, 0: 30}","{1: 61, 0: 28, 2: 33}","{1: 90, 0: 32}","{1: 107, 0: 6, 2: 9}",0.03435338304240987,0.0598666667628201,0.05310415032312548,0.04359413034779471,0.28857257685336635,0.1959181427191742,0.3362421027238417,0.17696716056030765,0.0008325697289043065,0.06262955661675468,0.011717560608951075,0.06386402735521428
11760,2,crash,3,4,1,1991.8215522219602,3241,769.25,704.0,0.05,0.1,7.590626239776611,45.002201080322266,-142.38339233398438,582.5039672851562,2000.0,307.5089248632398,2594,-6.473999999999509,-9.213372641274255,-300.0,0.6145700562239926,"{4: 40, 3: 30, 2: 70, 1: 34, 5: 98, 0: 52}","{2: 29, 3: 139, 6: 25, 5: 24, 4: 22, 0: 77, 1: 8}","{1: 248, 2: 36, 0: 40}","{1: 253, 0: 37, 2: 34}","{1: 238, 2: 39, 0: 47}","{1: 274, 2: 16, 0: 34}",0.06774866234649743,0.045724715816467525,0.08257903622208979,0.08480363066727203,0.19742215782589317,0.07396318273697716,0.2549187166344567,0.1648765897890963,0.1860247653596892,0.015085568916438443,0.2506949820854417,0.28379676778128055
11770,2,crash,3,2,1,902.9831529602634,1584,741.5,741.5,0.05,0.1,7.609512805938721,45.10631561279297,-142.38339233398438,591.2396240234375,1000.0,212.3323788764008,1347,-3.163999999999873,-6.185225916138491,-300.0,0.5700651218183481,"{4: 49, 0: 87, 1: 5, 2: 7, 5: 3, 6: 7}","{6: 8, 5: 6, 4: 15, 3: 81, 0: 36, 1: 6, 2: 6}","{1: 116, 2: 7, 0: 35}","{1: 92, 2: 21, 0: 45}","{1: 108, 2: 11, 0: 39}","{1: 136, 2: 10, 0: 12}",0.05661789968203154,0.042399586690713614,0.09890046478560154,0.0792047075073554,0.2834441633116741,0.1922584909563705,0.3124925487769545,0.15142021071310072,0.31205917906139824,0.008589487737025737,0.29594834529480846,0.087313727084364
11780,2,success,3,5,0,2838.862934236864,2588,517.6,375.0,0.05,0.1,7.621908187866211,45.198936462402344,-142.38339233398438,644.51318359375,2500.0,344.02893423686663,2316,-5.165999999999653,0.0,0.0,1.096933127603116,"{4: 36, 3: 31, 2: 41, 0: 35, 1: 51, 6: 58, 5: 6}","{3: 118, 2: 57, 0: 6, 1: 10, 6: 51, 5: 6, 4: 10}","{1: 196, 2: 39, 0: 23}","{1: 189, 0: 30, 2: 39}","{1: 170, 2: 51, 0: 37}","{1: 208, 2: 17, 0: 33}",0.08313982462605796,0.02486443760232533,0.11244915984310985,0.08174475013637778,0.2293912878836416,0.13268181824886358,0.2551124085600047,0.23774614239604172,0.22222117456967402,0.05888636102728372,0.2549123867369261,0.3449521626816039
11790,2,crash,3,4,1,1833.767767112485,3029,601.0,577.5,0.05,0.1,7.630214691162109,45.196136474609375,-142.38339233398438,604.0636596679688,2000.0,250.34644758850806,2197,-6.049999999999556,-110.52868047601956,-300.0,0.605403686732415,"{0: 52, 1: 25, 2: 75, 3: 53, 5: 59, 6: 15, 4: 23}","{0: 10, 1: 15, 2: 28, 3: 160, 6: 8, 5: 49, 4: 32}","{1: 232, 0: 44, 2: 26}","{1: 218, 0: 30, 2: 54}","{1: 213, 0: 55, 2: 34}","{1: 237, 0: 29, 2: 36}",0.08046650964883476,0.031234010347955487,0.0924620591150281,0.1158384346179181,0.21269887018815326,0.08929280878527869,0.26078457482382855,0.22147201525214855,0.22400373651409652,0.03626675736991805,0.21360232733064938,0.20238684985089547
11800,2,crash,3,4,1,1889.5708090980904,3044,658.25,645.5,0.05,0.1,7.635915279388428,45.19133758544922,-142.38339233398438,604.0636596679688,2000.0,278.50873467485224,2190,-6.079999999999552,-82.85792557675863,-300.0,0.6207525654067314,"{6: 16, 5: 45, 4: 16, 3: 63, 2: 54, 1: 56, 0: 54}","{3: 130, 2: 64, 6: 34, 5: 28, 4: 8, 1: 36, 0: 4}","{1: 235, 2: 26, 0: 43}","{1: 228, 2: 31, 0: 45}","{1: 224, 2: 27, 0: 53}","{1: 233, 2: 31, 0: 40}",0.07863533483317806,0.036589761872056356,0.09462877424723251,0.10844719501940644,0.18543133035986745,0.08308649569663872,0.22413053235708907,0.21361022407860314,0.19513618530494278,0.062255114105464075,0.20839191870669954,0.2824560552114702
11810,2,max_steps,3,2,0,1232.6704390192333,3500,1598.5,1598.5,0.05,0.1,7.637241840362549,45.20375061035156,-142.38339233398438,604.0636596679688,1000.0,283.63592076612895,2097,-6.9959999999994515,-43.969481746892704,0.0,0.35219155400549523,"{5: 160, 6: 55, 4: 7, 3: 2, 0: 82, 1: 8, 2: 36}","{1: 16, 2: 139, 3: 117, 4: 21, 5: 15, 6: 42}","{1: 293, 2: 31, 0: 26}","{1: 247, 0: 46, 2: 57}","{1: 279, 0: 35, 2: 36}","{1: 298, 0: 29, 2: 23}",0.03916498136309664,0.024809584767173994,0.05534016240166352,0.07855579900535514,0.22870466335303605,0.14489830409603405,0.2672416844282636,0.15473788101862201,0.28719263490343083,0.01659799694303776,0.2573370714372116,0.37865916232667035
11820,2,max_steps,3,3,0,1776.3168657959395,3500,1072.0,866.0,0.05,0.1,7.647665023803711,45.263885498046875,-142.38339233398438,604.0259399414062,1500.0,308.39049278236,2352,-6.993999999999452,-25.07962698641169,0.0,0.5075191045131255,"{0: 97, 1: 26, 2: 17, 4: 74, 5: 91, 6: 18, 3: 27}","{5: 21, 4: 17, 3: 129, 0: 15, 1: 68, 2: 100}","{1: 283, 0: 50, 2: 17}","{1: 280, 2: 29, 0: 41}","{1: 291, 0: 43, 2: 16}","{1: 302, 0: 27, 2: 21}",0.07862347109767269,0.032759963513685895,0.1036498908733795,0.07776727551568335,0.19532470151298226,0.10946798885318153,0.22850064831095435,0.16356404571161892,0.16347609463863588,0.0376204233309783,0.1376731516970811,0.17834983746112412
11830,2,max_steps,3,4,0,2271.17281424084,3500,764.75,717.5,0.05,0.1,7.669100761413574,45.37080383300781,-142.38339233398438,594.096923828125,2000.0,312.8520309826298,2694,-6.991999999999452,-34.68721674178272,0.0,0.6489065183545257,"{3: 26, 1: 77, 2: 78, 6: 106, 5: 6, 4: 12, 0: 45}","{0: 54, 1: 23, 2: 22, 3: 71, 6: 108, 5: 17, 4: 55}","{1: 305, 0: 4, 2: 41}","{1: 266, 0: 57, 2: 27}","{1: 290, 0: 21, 2: 39}","{1: 321, 0: 18, 2: 11}",0.019722940179014024,0.05309175019556768,0.031091944271707805,0.03263478004664254,0.18596602214302752,0.0634885750839677,0.21913273036403155,0.14885519820876716,0.3021260571428977,0.11980451597535643,0.28023182091382043,0.08630456557882543
11840,2,crash,3,2,1,877.7050840973545,2072,980.0,980.0,0.05,0.1,7.6811394691467285,45.41476058959961,-142.38339233398438,598.9586791992188,1000.0,190.3482201860148,1509,-4.139999999999766,-8.503136088663547,-300.0,0.42360283981532554,"{2: 51, 3: 7, 6: 138, 5: 5, 4: 6}","{6: 17, 5: 8, 4: 14, 3: 67, 0: 68, 1: 17, 2: 16}","{1: 164, 0: 3, 2: 40}","{1: 154, 2: 17, 0: 36}","{1: 161, 0: 9, 2: 37}","{1: 191, 0: 13, 2: 3}",0.031130460020196933,0.05467904661849753,0.048699884025320446,0.052239571817434244,0.2584942605068035,0.06308978139941356,0.2754492269286631,0.14749447774934674,0.2850252412369228,0.020730806689270537,0.2237113772395525,0.1381802480688248
11850,2,max_steps,3,3,0,1782.8796887201652,3500,756.0,680.0,0.05,0.1,7.691592693328857,45.45988464355469,-142.38339233398438,614.80859375,1500.0,292.0813740518075,1968,-6.993999999999452,-2.207685331617993,0.0,0.50939419677719,"{2: 76, 1: 49, 3: 2, 4: 13, 5: 37, 0: 49, 6: 124}","{2: 18, 3: 276, 5: 10, 4: 46}","{1: 262, 0: 46, 2: 42}","{1: 323, 0: 3, 2: 24}","{1: 270, 0: 37, 2: 43}","{1: 273, 2: 36, 0: 41}",0.08807187305387973,0.026011942456708105,0.11313395435062001,0.08616443879734176,0.18076219210688657,0.05750746149643377,0.21262606035651774,0.16772478494089071,0.19033620187264425,0.0114427379484564,0.20995277802838777,0.19848781125481252
11860,2,crash,3,2,1,869.7405485661234,1371,603.0,603.0,0.05,0.1,7.6912078857421875,45.43342208862305,-142.38339233398438,587.5946655273438,1000.0,184.02756655280442,1012,-2.73799999999992,-11.549017986679589,-300.0,0.634384061682074,"{1: 21, 2: 11, 6: 61, 5: 16, 4: 11, 0: 17}","{4: 19, 3: 101, 0: 17}","{1: 79, 0: 14, 2: 44}","{1: 121, 2: 7, 0: 9}","{1: 83, 0: 14, 2: 40}","{1: 89, 0: 29, 2: 19}",0.13137366208464854,0.02421139140974622,0.13626042594804016,0.1372348153652937,0.209372795525806,0.06065845211111246,0.25651643710186206,0.21121471165224337,0.2160701700108594,0.0069984869111667574,0.2617811973637288,0.2551619948349936
11870,2,max_steps,3,3,0,1953.160814075254,3500,913.6666666666666,1087.0,0.05,0.1,7.710050582885742,45.49372863769531,-142.38339233398438,608.421875,1500.0,469.96442430682083,2703,-6.993999999999452,-9.809610231554919,0.0,0.558045946878644,"{6: 124, 5: 14, 4: 15, 0: 170, 1: 13, 2: 12, 3: 2}","{2: 13, 3: 214, 4: 21, 5: 33, 6: 50, 0: 13, 1: 6}","{1: 240, 2: 59, 0: 51}","{1: 240, 0: 56, 2: 54}","{1: 242, 2: 57, 0: 51}","{1: 292, 2: 14, 0: 44}",0.1095495721051088,0.03481452539587991,0.13250634728083918,0.09352312668332556,0.23010477539754795,0.1230001728539268,0.2816474952466472,0.1566409841012689,0.2543334289245179,0.06286799208325826,0.24588685814044686,0.31006748298434594
11880,2,max_steps,3,3,0,1755.9272206085159,3500,1033.0,886.0,0.05,0.1,7.726324558258057,45.54456329345703,-142.38339233398438,579.654052734375,1500.0,284.30141696177236,2349,-6.993999999999452,-21.380196353234663,0.0,0.5016934916024332,"{1: 57, 0: 39, 2: 75, 3: 56, 4: 82, 6: 41}","{0: 60, 1: 27, 2: 39, 3: 154, 6: 26, 5: 22, 4: 22}","{1: 299, 0: 42, 2: 9}","{1: 244, 0: 52, 2: 54}","{1: 284, 0: 38, 2: 28}","{1: 283, 0: 29, 2: 38}",0.06554484968501995,0.027607054014806624,0.08558409771138478,0.10098447359563185,0.16364482378182135,0.14166883139649028,0.2131251388760392,0.16283731065476686,0.17772665163641566,0.0656154088038262,0.21373057274399132,0.17728726565114525
11890,2,crash,3,1,1,268.30451118764677,624,508.0,508.0,0.05,0.1,7.742453098297119,45.60869216918945,-142.38339233398438,581.8970947265625,500.0,76.46264111554505,507,-1.2460000000000009,-6.912129927899003,-300.0,0.4299751781853314,"{6: 34, 5: 8, 4: 8, 0: 12}","{1: 9, 2: 6, 3: 47}","{1: 35, 2: 27}","{1: 41, 0: 21}","{1: 33, 2: 29}","{1: 51, 2: 2, 0: 9}",0.09951606088554499,0.022892406105241583,0.15900874426484635,0.08301576869129956,0.27664755717559875,0.15197069522734497,0.31365337799222887,0.214827685976317,0.2765337457089414,0.009932239630143912,0.3160103879114694,0.031934343912775984
11900,2,crash,3,3,1,1435.0912816644532,1926,618.0,637.0,0.05,0.1,7.754251480102539,45.682594299316406,-142.38339233398438,578.0533447265625,1500.0,264.22490096381676,1785,-3.845999999999798,-25.28761929936256,-300.0,0.7451148918299342,"{1: 38, 2: 18, 3: 16, 4: 54, 6: 53, 5: 6, 0: 7}","{1: 15, 2: 35, 3: 99, 6: 18, 5: 16, 4: 9}","{1: 124, 0: 23, 2: 45}","{1: 148, 0: 20, 2: 24}","{1: 123, 0: 19, 2: 50}","{1: 161, 0: 21, 2: 10}",0.1009476821345862,0.03514515937727443,0.12510593971034026,0.07917700633026341,0.23223110194276259,0.07702765576294664,0.2881113462834319,0.1680981237422572,0.2041802938299722,0.04271840739832114,0.2372729168382901,0.1485955620599352
11910,2,crash,3,1,1,237.90584460353398,695,487.0,487.0,0.05,0.1,7.7656354904174805,45.765403747558594,-142.38339233398438,621.5343627929688,500.0,47.66543071308331,419,-1.388000000000001,-8.371586109550885,-300.0,0.342310567774869,"{5: 36, 4: 12, 2: 6, 1: 6, 0: 9}","{2: 20, 3: 38, 1: 11}","{1: 39, 2: 30}","{1: 51, 0: 13, 2: 5}","{1: 38, 2: 31}","{1: 54, 2: 5, 0: 10}",0.11259801476894643,0.025882920762708473,0.144706053515847,0.039729697017470464,0.2423076437441685,0.08871842092048453,0.255098937075808,0.2866837539582674,0.20092789143520853,0.006516577145706007,0.24496836001038108,0.04407617453646546
11920,2,max_steps,3,4,0,2294.2987063504766,3500,839.25,546.0,0.05,0.1,7.776363372802734,45.78547286987305,-142.38339233398438,576.9475708007812,2000.0,301.2907063504897,2293,-6.991999999999452,0.0,0.0,0.6555139161001362,"{4: 85, 3: 103, 0: 52, 1: 24, 2: 71, 6: 15}","{3: 198, 4: 29, 1: 33, 2: 40, 0: 35, 6: 15}","{1: 255, 2: 51, 0: 44}","{1: 289, 0: 52, 2: 9}","{1: 245, 2: 57, 0: 48}","{1: 268, 2: 21, 0: 61}",0.11066129728568225,0.02147229491216076,0.1419812001677757,0.1209919997756761,0.2176283999096468,0.06355182103183424,0.2658566246894581,0.20909299745322674,0.21709459029299488,0.06073136531365191,0.2922818378641245,0.18369512690221063
11930,2,success,3,5,0,2808.550873976094,3033,606.6,724.0,0.05,0.1,7.793481349945068,45.881553649902344,-142.38339233398438,597.8822631835938,2500.0,314.6068739760876,2459,-6.055999999999555,0.0,0.0,0.9259976505031632,"{3: 103, 4: 72, 5: 13, 2: 55, 1: 30, 6: 30}","{1: 27, 2: 31, 3: 116, 6: 16, 5: 43, 4: 25, 0: 45}","{1: 259, 2: 35, 0: 9}","{1: 219, 0: 59, 2: 25}","{1: 242, 0: 19, 2: 42}","{1: 261, 2: 22, 0: 20}",0.04475416757616959,0.05435517242488002,0.06855084793429858,0.08595530491337419,0.16980737454375955,0.08882077959174572,0.23863215934614762,0.1558671129622677,0.1935683611247689,0.11572713878812613,0.22491815606845375,0.14419420521564796
11940,2,crash,3,3,1,1457.2873541785766,1934,613.6666666666666,535.0,0.05,0.1,7.796761989593506,45.89122772216797,-142.38339233398438,575.3798828125,1500.0,292.3826230276669,1515,-3.8619999999997963,-31.233268849088002,-300.0,0.7535094902681369,"{6: 47, 5: 7, 4: 21, 3: 21, 2: 26, 0: 66, 1: 5}","{2: 20, 3: 98, 5: 32, 6: 12, 4: 17, 1: 14}","{1: 113, 2: 26, 0: 54}","{1: 144, 0: 31, 2: 18}","{1: 113, 2: 25, 0: 55}","{1: 148, 2: 20, 0: 25}",0.10704412538480669,0.020402462267007922,0.14452599582142106,0.1137033617611918,0.2879466745459412,0.09973056029077135,0.3253441692133278,0.3110472930140888,0.30179411315025073,0.13445357389215348,0.2184539762773155,0.3006066554697359
11950,2,max_steps,3,4,0,2250.225380145331,3500,815.75,744.0,0.05,0.1,7.811622619628906,45.94486618041992,-142.38339233398438,588.8734130859375,2000.0,257.21738014532997,2551,-6.991999999999452,0.0,0.0,0.6429215371843804,"{5: 44, 4: 40, 3: 62, 1: 48, 2: 156}","{1: 18, 2: 51, 3: 181, 6: 25, 5: 6, 4: 32, 0: 37}","{1: 316, 2: 27, 0: 7}","{1: 267, 0: 56, 2: 27}","{1: 292, 2: 30, 0: 28}","{1: 308, 2: 11, 0: 31}",0.05086163783708199,0.026095302015296792,0.05741315320773979,0.068323751267272,0.14810358448988,0.07789412916079859,0.20243967212083308,0.1515119833437063,0.17081014230029185,0.06144399886189213,0.19261502813542306,0.1941570734268093
11960,2,crash,3,3,1,1496.0044010060947,2891,927.0,679.0,0.05,0.1,7.824764251708984,46.006195068359375,-142.38339233398438,606.0352172851562,1500.0,312.08389647472245,1688,-5.775999999999586,-10.303495468627638,-300.0,0.5174695264635402,"{2: 51, 3: 4, 4: 90, 5: 67, 6: 17, 0: 56, 1: 4}","{6: 10, 5: 6, 4: 22, 3: 221, 2: 30}","{1: 216, 2: 30, 0: 43}","{1: 240, 2: 27, 0: 22}","{1: 196, 0: 56, 2: 37}","{1: 219, 0: 45, 2: 25}",0.08801049972671884,0.020698294381440642,0.12396296854514818,0.1314958376671302,0.25246300959750645,0.07079374341437095,0.2952322711404289,0.17800830471466372,0.2359116004643606,0.0625794116391882,0.3049122061623814,0.1769578024308434
11970,2,max_steps,3,1,0,822.5371550179507,3500,2872.0,2872.0,0.05,0.1,7.839742183685303,46.019256591796875,-142.38339233398438,578.6200561523438,500.0,329.5351550179492,2178,-6.997999999999451,0.0,0.0,0.23501061571941448,"{5: 133, 4: 136, 3: 22, 6: 9, 0: 28, 1: 10, 2: 12}","{3: 278, 2: 9, 5: 60, 4: 3}","{1: 248, 2: 36, 0: 66}","{1: 338, 2: 12}","{1: 188, 2: 75, 0: 87}","{1: 181, 2: 84, 0: 85}",0.12397653445998258,0.012094826310323846,0.17112671584597988,0.14817867684872243,0.18906836986050593,0.043569710766502054,0.3021667261544047,0.4048815506592411,0.1919307163127405,0.04273113985663797,0.33231820805499857,0.4067514103578155
11980,2,crash,3,1,1,267.8357349101599,1135,964.0,964.0,0.05,0.1,7.85427713394165,46.10361862182617,-142.38339233398438,613.999267578125,500.0,79.88212114559616,760,-2.267999999999972,-9.778386235437305,-300.0,0.23597862106622017,"{6: 32, 5: 12, 4: 51, 3: 1, 0: 17}","{5: 6, 4: 13, 3: 94}","{1: 88, 2: 25}","{1: 91, 2: 20, 0: 2}","{1: 84, 2: 29}","{1: 72, 2: 13, 0: 28}",0.0664569506661061,0.017410519733789234,0.104182632371262,0.14423907521762402,0.2007607213261557,0.06290667131854275,0.25007228915724045,0.220811135275458,0.18007607973764533,0.01333765921185801,0.29846740920925735,0.16840123067921742
11990,2,crash,3,2,1,839.1593358063978,1260,581.0,581.0,0.05,0.1,7.867920398712158,46.13840866088867,-142.38339233398438,593.508544921875,1000.0,149.8151363910699,1077,-2.5159999999999445,-8.139800584670198,-300.0,0.6659994728622205,"{4: 27, 3: 28, 0: 53, 1: 5, 2: 7, 5: 6}","{2: 20, 3: 77, 6: 7, 5: 7, 4: 5, 0: 10}","{1: 91, 2: 5, 0: 30}","{1: 98, 0: 4, 2: 24}","{1: 91, 2: 8, 0: 27}","{1: 94, 2: 17, 0: 15}",0.08838832309746805,0.04197596127130203,0.10692698575796258,0.11202217716773843,0.2646331657980948,0.11458125618152051,0.3030045711787329,0.20934090182022855,0.1561406627517351,0.061607709518478874,0.1983481016857967,0.2435143303222962
12000,2,max_steps,3,3,0,1876.0869697406554,3500,856.3333333333334,861.0,0.05,0.1,7.886152267456055,46.155982971191406,-142.38339233398438,587.72412109375,1500.0,383.26530558390004,2771,-6.993999999999452,-0.1843358432293764,0.0,0.5360248484973301,"{4: 85, 3: 4, 0: 74, 1: 5, 2: 6, 5: 54, 6: 122}","{0: 60, 1: 14, 2: 11, 3: 130, 6: 110, 5: 13, 4: 12}","{1: 282, 2: 40, 0: 28}","{1: 228, 0: 58, 2: 64}","{1: 286, 0: 26, 2: 38}","{1: 311, 0: 19, 2: 20}",0.061165533668610925,0.046243571236817216,0.08337958152139338,0.07646159142977645,0.22171976187154238,0.16480119092719056,0.2530462669276902,0.1509618141655778,0.306592623732353,0.033802079622114636,0.21781669355584726,0.389262018517823
