ep,stage,done_reason,action_repeat,hits,crash,return,steps,avg_steps_per_hit,med_steps_per_hit,epsilon,alpha,q_mean,q_std,q_min,q_max,r_hit,r_progress,progress_steps,r_step,r_near_boundary,r_oob,mean_return_per_step,dx_bin_counts,dy_bin_counts,vx_bin_counts,vy_bin_counts,theta_bin_counts,omega_bin_counts,vx_abs_p50,vy_abs_p50,theta_abs_p50,omega_abs_p50,vx_abs_p90,vy_abs_p90,theta_abs_p90,omega_abs_p90,near_vx_abs_p90,near_vy_abs_p90,near_theta_abs_p90,near_omega_abs_p90
10,0,max_steps,1,0,0,-4.027790491336922,2500,,,0.9950112350131176,0.1,-7.321375596802682e-05,0.01024132501333952,-0.18887454271316528,0.03874436393380165,0.0,0.9722095086628524,319,-4.999999999999671,0.0,0.0,-0.0016111161965347688,"{2: 226, 3: 24}","{1: 68, 0: 182}",{1: 250},{1: 250},{1: 250},{1: 250},0.008582459483398305,0.015272264262804851,0.012309899087372176,0.020694226670283065,0.028880509826606816,0.02464654858829267,0.03813052585428261,0.04103704281690246,,,,
20,0,max_steps,1,0,0,-2.4088006576853975,2500,,,0.9900473578023296,0.1,0.004148984327912331,0.4231592118740082,-0.18887454271316528,67.24769592285156,0.0,2.5911993423145487,774,-4.999999999999671,0.0,0.0,-0.000963520263074159,"{4: 142, 5: 108}","{3: 102, 2: 94, 1: 54}",{1: 250},{1: 250},{1: 250},{1: 250},0.007496810384822297,0.012288121046331129,0.011743657890293156,0.015309526717755562,0.02045753868915781,0.020379199443067875,0.030114363865161742,0.0406051311869051,,,,
30,0,max_steps,1,0,0,-2.215620747768281,2500,,,0.98510824420837,0.1,0.005137081257998943,0.4833807647228241,-0.1946798861026764,78.302001953125,0.0,2.784379252231558,911,-4.999999999999671,0.0,0.0,-0.0008862482991073124,{2: 250},"{1: 105, 0: 145}",{1: 250},{1: 250},{1: 250},{1: 250},0.005909995298876072,0.008076852108989507,0.009737448908004445,0.014627258011260694,0.025055340495713195,0.018142119766736898,0.03588985201093118,0.047103381155985585,,,,
40,0,max_steps,1,0,0,-3.48226639962255,2500,,,0.9801937706913741,0.1,0.0061639887280762196,0.5625606775283813,-0.20977485179901123,85.3826904296875,0.0,1.517733600377158,377,-4.999999999999671,0.0,0.0,-0.00139290655984902,"{4: 79, 5: 171}","{2: 5, 1: 61, 0: 184}",{1: 250},{1: 250},{1: 250},{1: 250},0.011789520581407021,0.012293385471038282,0.01679926511919618,0.019194686836842112,0.026576866968026656,0.021298929024058704,0.040253870745510255,0.04554205700198498,,,,
50,0,max_steps,1,0,0,-0.15069440963478573,2500,,,0.9753038143277888,0.1,0.007191524840891361,0.64835524559021,-0.2372717708349228,92.25785827636719,0.0,4.849305590365195,932,-4.999999999999671,0.0,0.0,-6.027776385391429e-05,"{1: 91, 2: 159}","{2: 41, 1: 84, 0: 125}",{1: 250},{1: 250},{1: 250},{1: 250},0.008214388515887804,0.009949739979468929,0.01288165211572213,0.017888316953926453,0.03218502863676474,0.01761017869825143,0.04201464245720399,0.042341268304002116,,,,
60,0,max_steps,1,0,0,-4.269794432084874,2500,,,0.9704382528072976,0.1,0.007122758310288191,0.6483567953109741,-0.3059791326522827,92.25785827636719,0.0,0.73020556791486,254,-4.999999999999671,0.0,0.0,-0.0017079177728339496,"{4: 216, 5: 34}","{2: 23, 1: 74, 0: 153}",{1: 250},{1: 250},{1: 250},{1: 250},0.009302193047302343,0.014324916858847707,0.013877126715635103,0.018154410336225925,0.030918506835425172,0.0220232990876533,0.04045011674391038,0.04326962759850192,,,,
70,0,max_steps,1,0,0,5.156683668139182,2500,,,0.9655969644297613,0.1,0.008078034035861492,0.7094076871871948,-0.33416807651519775,98.05241394042969,0.0,10.15668366813904,1549,-4.999999999999671,0.0,0.0,0.002062673467255673,{2: 250},"{4: 57, 3: 193}",{1: 250},{1: 250},{1: 250},{1: 250},0.009547305281811524,0.01008739839937427,0.014141019240079652,0.0172240290570681,0.02573497856098845,0.017865551171306428,0.03324813059015616,0.03872811528161751,,,,
80,0,max_steps,1,0,0,-1.036892910453751,2500,,,0.9607798281021742,0.1,0.00911808479577303,0.7913066744804382,-0.3771880567073822,106.82542419433594,0.0,3.963107089546254,616,-4.999999999999671,0.0,0.0,-0.0004147571641815004,"{1: 138, 2: 112}","{1: 15, 0: 235}",{1: 250},{1: 250},{1: 250},{1: 250},0.007824492686603405,0.012375687024181757,0.008773027922765403,0.013160386147410545,0.022430412628719986,0.02228858380055902,0.02937919268148345,0.03472662443647819,,,,
90,0,max_steps,1,0,0,3.373591290571224,2500,,,0.9559867233356352,0.1,0.010076950304210186,0.8309330940246582,-0.4152495563030243,75.2079849243164,0.0,8.37359129057096,1498,-4.999999999999671,0.0,0.0,0.0013494365162284897,"{2: 207, 3: 43}","{4: 56, 3: 167, 2: 27}",{1: 250},{1: 250},{1: 250},{1: 250},0.0028790226365043485,0.011749316123034655,0.004061457692539881,0.004572236321081184,0.0194580590214744,0.020499782793892148,0.020751237468850322,0.01588126090106846,0.004902760668990614,0.022068968422350652,0.007061129239045678,0.009180640393643375
100,0,max_steps,1,0,0,3.4127489395086585,2500,,,0.951217530242334,0.1,0.01002634596079588,0.8301982283592224,-0.49111101031303406,75.2079849243164,0.0,8.412748939508491,1621,-4.999999999999671,0.0,0.0,0.0013650995758034633,{5: 250},"{5: 97, 4: 68, 3: 85}",{1: 250},{1: 250},{1: 250},{1: 250},0.00923708899130681,0.011693935450665329,0.01584264400172536,0.017854393141265447,0.021660227168237872,0.021195535311908424,0.0338849575561391,0.047762564582967064,,,,
110,0,max_steps,1,0,0,10.08310410355733,2500,,,0.9464721295325524,0.1,0.010012232698500156,0.8301831483840942,-0.49000683426856995,75.2079849243164,0.0,15.083104103557757,1391,-4.999999999999671,0.0,0.0,0.004033241641422932,"{0: 30, 1: 91, 2: 129}","{3: 47, 2: 149, 1: 54}",{1: 250},{1: 250},{1: 250},{1: 250},0.017836059916016146,0.007414911472781607,0.026366595869870925,0.03410262946740096,0.04278013545035625,0.017774871423502047,0.06122606567182847,0.06722438010815676,,,,
120,0,max_steps,1,0,0,4.439537846983891,2500,,,0.9417504025116805,0.1,0.009983811527490616,0.8296144604682922,-0.4925503730773926,75.2079849243164,0.0,9.439537846983688,1846,-4.999999999999671,0.0,0.0,0.0017758151387935563,"{4: 191, 3: 59}","{5: 51, 4: 101, 3: 98}",{1: 250},{1: 250},{1: 250},{1: 250},0.004090958117902324,0.012050775372826025,0.005438131824194883,0.00808068936607727,0.0136882176514638,0.02340570409777943,0.019735639927982267,0.028325853178725165,0.005612887966929767,0.020193274581359895,0.007816234164114979,0.009441238756514548
130,0,max_steps,1,0,0,4.122670073071068,2500,,,0.937052231077248,0.1,0.009972560219466686,0.829621434211731,-0.5392935276031494,75.2079849243164,0.0,9.122670073070855,1608,-4.999999999999671,0.0,0.0,0.001649068029228427,{4: 250},"{5: 44, 4: 56, 3: 125, 2: 25}",{1: 250},{1: 250},{1: 250},{1: 250},0.010128128432466153,0.015919174976296278,0.01589885119855732,0.01908666704424446,0.025920322340696984,0.024435667071823448,0.03490808693154952,0.03915681711173927,,,,
140,0,max_steps,1,0,0,-1.9225628736913216,2500,,,0.9323774977159699,0.1,0.009947920218110085,0.8296023607254028,-0.5629887580871582,75.2079849243164,0.0,3.0774371263086806,995,-4.999999999999671,0.0,0.0,-0.0007690251494765286,"{6: 240, 5: 10}","{3: 187, 4: 11, 2: 52}",{1: 250},{1: 250},{1: 250},{1: 250},0.009466260036772246,0.012389030700542031,0.014450177495949422,0.02276411877076022,0.027456626169300485,0.022918186466581277,0.03824310650034604,0.05272217861825041,,,,
150,0,max_steps,1,0,0,-4.590276513641625,2500,,,0.9277260855008077,0.1,0.009936649352312088,0.829596221446991,-0.5629887580871582,75.2079849243164,0.0,0.4097234863581045,342,-4.999999999999671,0.0,0.0,-0.0018361106054566498,{1: 250},"{2: 4, 1: 74, 0: 172}",{1: 250},{1: 250},{1: 250},{1: 250},0.008113668931482278,0.01424690131691885,0.011062508795989936,0.012857655987778651,0.0183282962943528,0.019680283522196515,0.02411440640933523,0.0303925986439633,,,,
160,0,max_steps,1,0,0,12.504255549283869,2500,,,0.923097878088044,0.1,0.009965223260223866,0.8295872807502747,-0.5629887580871582,75.2079849243164,0.0,17.504255549284288,1790,-4.999999999999671,0.0,0.0,0.005001702219713547,"{1: 65, 2: 185}","{5: 19, 4: 62, 3: 169}",{1: 250},{1: 250},{1: 250},{1: 250},0.007330564478388899,0.012258433688744089,0.008903070043287798,0.011444673474533353,0.04634760749971734,0.01950530258733015,0.04848573375682535,0.030626974711411993,0.009978864038382542,0.018578273267853575,0.008660221407189365,0.01994182779255583
170,0,max_steps,1,0,0,-1.9313242355727953,2500,,,0.9184927597143733,0.1,0.011993562802672386,0.9947255849838257,-0.5583980679512024,120.03192138671875,0.0,3.0686757644272107,921,-4.999999999999671,0.0,0.0,-0.0007725296942291181,"{1: 110, 2: 140}","{1: 109, 0: 141}",{1: 250},{1: 250},{1: 250},{1: 250},0.00954874800907573,0.01282192780927505,0.013877538539793583,0.01615504503774122,0.02748859540364458,0.023656332067969934,0.03889224398002592,0.04843199130967035,,,,
180,0,max_steps,1,0,0,1.8021599788557456,2500,,,0.9139106151940054,0.1,0.01198351476341486,0.994742214679718,-0.5834448337554932,120.03192138671875,0.0,6.802159978855515,1041,-4.999999999999671,0.0,0.0,0.0007208639915422982,"{1: 201, 0: 49}","{4: 26, 3: 113, 2: 111}",{1: 250},{1: 250},{1: 250},{1: 250},0.005267817287159331,0.013314552557391777,0.008820693260801983,0.01429340555477054,0.019546690651148703,0.022170986942688858,0.022644067168896036,0.0392553067494943,,,,
190,0,max_steps,1,0,0,-4.383857688634417,2500,,,0.9093513299157857,0.1,0.011938024312257767,0.9947507381439209,-0.6011136770248413,120.03192138671875,0.0,0.6161423113652975,453,-4.999999999999671,0.0,0.0,-0.0017535430754537667,{4: 250},"{3: 45, 2: 64, 1: 67, 0: 74}",{1: 250},{1: 250},{1: 250},{1: 250},0.004260517944188027,0.01487477728141075,0.007191407194275688,0.011173094719214958,0.013960112276683987,0.02475865836001215,0.023226610555118998,0.02852386098295209,,,,
200,0,max_steps,1,0,0,-3.525899266649078,2500,,,0.9048147898403269,0.1,0.01285466831177473,1.0722486972808838,-0.8623456954956055,128.73291015625,0.0,1.4741007333507556,821,-4.999999999999671,0.0,0.0,-0.0014103597066596311,{2: 250},"{3: 97, 2: 94, 1: 59}",{1: 250},{1: 250},{1: 250},{1: 250},0.003917466097236791,0.010612135604656696,0.00445691327035279,0.005890569514899609,0.00739595932518582,0.017416845588925953,0.010381032836027945,0.016637761652836893,,,,
210,0,max_steps,1,0,0,3.2947697648434886,2500,,,0.9003008814971583,0.1,0.013859609141945839,1.1722280979156494,-0.8359537124633789,158.42315673828125,0.0,8.294769764843114,1022,-4.999999999999671,0.0,0.0,0.0013179079059373955,"{4: 56, 5: 111, 6: 83}","{4: 76, 3: 121, 2: 53}",{1: 250},{1: 250},{1: 250},{1: 250},0.0175053820076184,0.016384435474657143,0.025370348154904132,0.02922035549103224,0.054363858887138905,0.023359694097183338,0.0694002114469045,0.07658150354698971,,,,
220,0,max_steps,1,0,0,-0.3206790581482219,2500,,,0.895809491981886,0.1,0.015721343457698822,1.2839096784591675,-0.8359537124633789,145.53244018554688,0.0,4.679320941851776,1177,-4.999999999999671,0.0,0.0,-0.00012827162325928875,{2: 250},"{3: 139, 2: 111}",{1: 250},{1: 250},{1: 250},{1: 250},0.006245810101459154,0.011290990725097025,0.00958088765580997,0.012189778732308301,0.017498941367344513,0.019501379794809218,0.026251600527035374,0.030749967109496207,,,,
230,0,max_steps,1,0,0,-1.7411650095609352,2500,,,0.8913405089533699,0.1,0.015688784420490265,1.2839208841323853,-0.8359537124633789,145.53244018554688,0.0,3.2588349904390705,1049,-4.999999999999671,0.0,0.0,-0.0006964660038243741,{6: 250},"{4: 35, 3: 112, 2: 103}",{1: 250},{1: 250},{1: 250},{1: 250},0.008139533005334564,0.01631467891157935,0.011362333412699823,0.018666983477376754,0.027415574876852915,0.0293607654194243,0.03718091282714271,0.04238670177190618,,,,
240,0,max_steps,1,0,0,-4.353907610208113,2500,,,0.8868938206309135,0.1,0.015579918399453163,1.2839577198028564,-0.8431342244148254,145.53244018554688,0.0,0.6460923897916477,553,-4.999999999999671,0.0,0.0,-0.001741563044083245,{4: 250},"{3: 190, 2: 60}",{1: 250},{1: 250},{1: 250},{1: 250},0.004680623363804938,0.011744506505037174,0.005874922267000236,0.007487500799728175,0.009829875803849792,0.019151789947434158,0.013002875201869046,0.015863955358173726,,,,
250,0,max_steps,1,0,0,-3.4710328186403547,2500,,,0.8824693157914677,0.1,0.015579799190163612,1.2839692831039429,-0.8431342244148254,145.53244018554688,0.0,1.528967181359481,584,-4.999999999999671,0.0,0.0,-0.0013884131274561418,{4: 250},"{3: 136, 2: 65, 1: 49}",{1: 250},{1: 250},{1: 250},{1: 250},0.004802526583250093,0.01277800555399887,0.0065479325435299635,0.010554639792420798,0.023887807946465053,0.02181834397612789,0.031982451860744346,0.03423529039458151,,,,
260,0,max_steps,1,0,0,0.27311747717362933,2500,,,0.8780668837668493,0.1,0.016490602865815163,1.3165626525878906,-0.8431342244148254,118.13754272460938,0.0,5.273117477173633,933,-4.999999999999671,0.0,0.0,0.00010924699086945173,{6: 250},"{3: 4, 2: 119, 1: 127}",{1: 250},{1: 250},{1: 250},{1: 250},0.016612814603902452,0.010398354658881982,0.02322074958043896,0.027361875807109574,0.032519046922192055,0.01758819302221123,0.05249792241949261,0.05875067070892296,,,,
270,0,max_steps,1,0,0,-2.344300657156577,2500,,,0.8736864144409725,0.1,0.01743549108505249,1.3693077564239502,-0.8431342244148254,152.20526123046875,0.0,2.6556993428431928,888,-4.999999999999671,0.0,0.0,-0.0009377202628626309,"{6: 248, 5: 2}","{3: 67, 2: 79, 1: 65, 0: 39}",{1: 250},{1: 250},{1: 250},{1: 250},0.006317498742799232,0.013725437938093832,0.00982771455053029,0.011089611242705499,0.016371363075496134,0.020209070119841317,0.026620421139628744,0.025977798091109457,,,,
280,0,max_steps,1,0,0,-4.7823601629782075,2500,,,0.8693277982470946,0.1,0.019285917282104492,1.5047378540039062,-0.8431342244148254,163.30938720703125,0.0,0.21763983702148826,239,-4.999999999999671,0.0,0.0,-0.0019129440651912831,"{1: 230, 2: 20}","{1: 23, 0: 227}",{1: 250},{1: 250},{1: 250},{1: 250},0.006814734365584678,0.013591784459847694,0.007829294888049686,0.010726090406127963,0.02187413925437946,0.021662197522723404,0.02934723372886443,0.037331752424765954,,,,
290,0,max_steps,1,0,0,-4.856214142372643,2500,,,0.864990926165076,0.1,0.020128266885876656,1.5575703382492065,-0.8431342244148254,166.92544555664062,0.0,0.1437858576270462,180,-4.999999999999671,0.0,0.0,-0.0019424856569490573,"{2: 28, 3: 172, 4: 50}","{1: 62, 0: 188}",{1: 250},{1: 250},{1: 250},{1: 250},0.010803820567825967,0.009506879742947016,0.013581682553528228,0.013617139352631303,0.02967211018841289,0.01744185790922822,0.03677259455564996,0.03258916992430228,,,,
300,0,max_steps,1,0,0,4.8350151646514465,2500,,,0.8606756897186528,0.1,0.021072501316666603,1.6278080940246582,-0.8431342244148254,174.00950622558594,0.0,9.835015164651153,1178,-4.999999999999671,0.0,0.0,0.0019340060658605785,"{5: 219, 6: 31}","{4: 10, 3: 179, 2: 61}",{1: 250},{1: 250},{1: 250},{1: 250},0.016532308245077995,0.01164031914067342,0.020681967098135114,0.024592188944536447,0.037132147161425925,0.019980200602362767,0.05130264091627003,0.04876150612229584,,,,
310,0,max_steps,1,0,0,1.038434825118165,2500,,,0.8563819809727236,0.1,0.02108907699584961,1.6264630556106567,-0.896664559841156,174.00950622558594,0.0,6.038434825117964,1091,-4.999999999999671,0.0,0.0,0.000415373930047266,{1: 250},"{3: 65, 2: 173, 1: 12}",{1: 250},{1: 250},{1: 250},{1: 250},0.007366886488039015,0.009590321223744843,0.010736213429504591,0.015447893982722127,0.028160659540464344,0.01937239921032119,0.03636727335011463,0.039319537262342386,,,,
320,0,max_steps,1,0,0,-3.1677268540072956,2500,,,0.8521096925306499,0.1,0.022001897916197777,1.6868021488189697,-0.896664559841156,177.22946166992188,0.0,1.83227314599258,624,-4.999999999999671,0.0,0.0,-0.0012670907416029182,{6: 250},"{1: 120, 0: 130}",{1: 250},{1: 250},{1: 250},{1: 250},0.007540143434567801,0.009971892441869693,0.011184072158734518,0.011830681203178827,0.014134046998045552,0.016868119312418894,0.01929538433045248,0.024626430368738378,,,,
330,0,max_steps,1,1,0,502.7233797736726,2500,1019.0,1019.0,0.84785871753157,0.1,0.022925294935703278,1.724137783050537,-1.9521440267562866,180.080078125,500.0,7.721379773686623,769,-4.997999999999672,0.0,0.0,0.20108935190946906,"{4: 247, 3: 3}","{4: 33, 3: 68, 1: 20, 0: 129}",{1: 250},{1: 250},{1: 250},{1: 250},0.007276484420802963,0.012375818810359582,0.009965356842178084,0.010954613301779503,0.028839324046925206,0.025819339881606007,0.037366697359962085,0.02864434471078752,0.044590687811472386,0.014915399183502384,0.034937852951683085,0.055909562944034846
340,0,max_steps,1,0,0,-2.5831837800848203,2500,,,0.8436289496477257,0.1,0.02588927373290062,1.8696789741516113,-1.9521440267562866,191.16123962402344,0.0,2.416816219915031,859,-4.999999999999671,0.0,0.0,-0.0010332735120339282,"{1: 95, 0: 155}","{3: 47, 2: 203}",{1: 250},{1: 250},{1: 250},{1: 250},0.008343793359869789,0.010498964748971076,0.013156709654365047,0.017844220985046413,0.019862839284678097,0.016616646328518527,0.029202162279291583,0.03834031254125475,,,,
350,0,max_steps,1,0,0,6.910658461704146,2500,,,0.8394202830818028,0.1,0.027602888643741608,1.9581142663955688,-2.2910616397857666,197.68861389160156,0.0,14.03077781538925,1566,-4.999999999999671,-2.1201193536851157,0.0,0.0027642633846816584,"{1: 226, 0: 24}","{5: 47, 4: 40, 3: 126, 2: 37}",{1: 250},{1: 250},{1: 250},{1: 250},0.017238166080211705,0.016342273027648898,0.023848508619170754,0.030572999231862526,0.037211538055261006,0.031438664878165344,0.05837455925753104,0.08488657538539414,,,,
360,0,max_steps,1,0,0,0.6344194877727427,2500,,,0.8352326125642855,0.1,0.027328576892614365,1.873286247253418,-2.2910616397857666,164.95323181152344,0.0,5.634419487772525,900,-4.999999999999671,0.0,0.0,0.00025376779510909706,{3: 250},"{2: 119, 3: 50, 1: 59, 0: 22}",{1: 250},{1: 250},{1: 250},{1: 250},0.0030417913353391235,0.01606659777348222,0.004398042747211688,0.005907915835530843,0.009080854047887095,0.0278866001559122,0.012673364420285603,0.01576245009485333,0.012572103603220674,0.022526778812837468,0.016551763331661713,0.015085460758045344
370,0,max_steps,1,1,0,509.3064454937481,2500,2020.0,2020.0,0.8310658333508228,0.1,0.029973842203617096,2.0532822608947754,-2.2910616397857666,204.52378845214844,500.0,14.304445493751823,1752,-4.997999999999672,0.0,0.0,0.20372257819749923,"{4: 31, 3: 170, 2: 49}","{5: 110, 4: 75, 3: 16, 0: 49}",{1: 250},{1: 250},{1: 250},{1: 250},0.0035106621850958305,0.009644144127728075,0.005215434663160429,0.00850796899291168,0.041393361542509284,0.03146303257761306,0.046538035695651216,0.03755347419192497,0.0026134847382946573,0.016941357550461552,0.0031092210882215183,0.008771478547447222
380,0,max_steps,1,0,0,-4.954898172285486,2500,,,0.8269198412196082,0.1,0.0296807698905468,2.0067484378814697,-2.515623092651367,176.71958923339844,0.0,0.04510182771419041,41,-4.999999999999671,0.0,0.0,-0.0019819592689141944,{3: 250},"{1: 53, 0: 197}",{1: 250},{1: 250},{1: 250},{1: 250},0.006856036007348658,0.013256824572615376,0.009951402038587706,0.01324807770666461,0.035426237461466024,0.019599628230977904,0.04638307713393319,0.04462750562289129,,,,
390,0,max_steps,1,0,0,-4.9114768665923885,2500,,,0.8227945324687735,0.1,0.03056476078927517,2.031282424926758,-2.515623092651367,203.52642822265625,0.0,0.08852313340729501,127,-4.999999999999671,0.0,0.0,-0.0019645907466369554,"{4: 56, 5: 194}","{2: 68, 1: 73, 0: 109}",{1: 250},{1: 250},{1: 250},{1: 250},0.004310115108628523,0.01214555290529045,0.00619717024587026,0.008439261895085318,0.014693928020806957,0.017434473256110836,0.016751464535039916,0.02313065922067936,,,,
400,0,max_steps,1,0,0,3.6233871967624927,2500,,,0.8186898039137951,0.1,0.03151731938123703,2.0911152362823486,-2.4750235080718994,207.2991485595703,0.0,8.623387196762236,1134,-4.999999999999671,0.0,0.0,0.0014493548787049971,{6: 250},"{3: 97, 2: 153}",{1: 250},{1: 250},{1: 250},{1: 250},0.01985225919264346,0.01603393322026137,0.02811222910939376,0.03646341923112532,0.058560468021432166,0.02717881833501554,0.07782237633490155,0.09404439897419699,,,,
410,0,max_steps,1,0,0,3.098209582045384,2500,,,0.8146055528849124,0.1,0.03239934518933296,2.1446237564086914,-2.4750235080718994,211.47955322265625,0.0,8.098209582045017,1027,-4.999999999999671,0.0,0.0,0.0012392838328181537,"{5: 82, 4: 168}","{1: 142, 0: 108}",{1: 250},{1: 250},{1: 250},{1: 250},0.022226018697469214,0.011032481100389829,0.029680090364368316,0.030297691868145973,0.05074084833986924,0.0215802547464944,0.06154913152019867,0.06748538676980886,,,,
420,0,max_steps,1,0,0,-2.5996680336804623,2500,,,0.8105416772245603,0.1,0.03221168741583824,2.144066572189331,-2.4750235080718994,211.47955322265625,0.0,2.4003319663194573,637,-4.999999999999671,0.0,0.0,-0.001039867213472185,{4: 250},"{3: 132, 2: 83, 1: 35}",{1: 250},{1: 250},{1: 250},{1: 250},0.004198855986718248,0.014346284623523012,0.006251424708381281,0.008372144066649947,0.02087400498391267,0.03185817910020852,0.02823306154093289,0.02953074657202772,,,,
430,0,max_steps,1,0,0,1.4715551734042254,2500,,,0.8064980752848135,0.1,0.03499564155936241,2.3206160068511963,-2.4750235080718994,220.76414489746094,0.0,6.471555173403928,953,-4.999999999999671,0.0,0.0,0.0005886220693616901,"{5: 97, 4: 153}","{1: 165, 0: 85}",{1: 250},{1: 250},{1: 250},{1: 250},0.01087430439298303,0.010792129886349863,0.014965575512522953,0.020714431625495126,0.032212446760849646,0.020265416449676707,0.042160973206976676,0.051450225650765666,,,,
440,0,max_steps,1,0,0,-4.850048680288168,2500,,,0.8024746459248447,0.1,0.03581494837999344,2.3802247047424316,-2.4750235080718994,227.4903106689453,0.0,0.14995131971151932,117,-4.999999999999671,0.0,0.0,-0.0019400194721152673,{2: 250},"{1: 16, 0: 234}",{1: 250},{1: 250},{1: 250},{1: 250},0.005336953628690947,0.01217984178063495,0.006460887326044771,0.009281800652719184,0.010615307148666398,0.016815817600495397,0.015029274219266017,0.020295447166660804,,,,
450,0,max_steps,1,0,0,4.815373638749899,2500,,,0.7984712885083941,0.1,0.03572162240743637,2.379696846008301,-2.4750235080718994,227.4903106689453,0.0,9.815373638749822,1044,-4.999999999999671,0.0,0.0,0.0019261494554999596,"{2: 33, 1: 217}","{3: 160, 2: 33, 1: 57}",{1: 250},{1: 250},{1: 250},{1: 250},0.020618680326200733,0.010820130761520066,0.033703012602525464,0.043021299281325524,0.05613250605459128,0.025416381565879463,0.07435684344952082,0.08299284992401673,,,,
460,0,max_steps,1,0,0,-0.11483532701961127,2500,,,0.7944879029012528,0.1,0.03542931005358696,2.375770092010498,-2.4750235080718994,227.4903106689453,0.0,4.885164672980325,1082,-4.999999999999671,0.0,0.0,-4.593413080784451e-05,{4: 250},"{5: 15, 4: 63, 3: 106, 2: 66}",{1: 250},{1: 250},{1: 250},{1: 250},0.004926883402937459,0.013467836603798815,0.007787484090387807,0.011706547379123924,0.01729707279186056,0.030946144904549586,0.024354518327876145,0.03366301960275662,,,,
470,0,max_steps,1,0,0,-1.6638544462575346,2500,,,0.7905243894687576,0.1,0.03534558787941933,2.375560760498047,-2.4750235080718994,227.4903106689453,0.0,3.336145553742462,1177,-4.999999999999671,0.0,0.0,-0.0006655417785030139,{4: 250},"{4: 59, 3: 191}",{1: 250},{1: 250},{1: 250},{1: 250},0.0029375216328754927,0.011609723912008475,0.004108668695397897,0.004614124116045522,0.006712621258733574,0.018559908668784434,0.008413244994254273,0.011704365451488924,0.0030175965708959555,0.016079832334501287,0.007312498321504224,0.006860550664934432
480,0,max_steps,1,0,0,-3.5441101903438956,2500,,,0.7865806490732993,0.1,0.03626231476664543,2.424236536026001,-2.4750235080718994,232.16664123535156,0.0,1.4558898096559196,413,-4.999999999999671,0.0,0.0,-0.0014176440761375583,"{3: 236, 4: 14}","{2: 48, 1: 68, 0: 134}",{1: 250},{1: 250},{1: 250},{1: 250},0.006473032672098622,0.011146890399723393,0.011603461571314751,0.014863194709582712,0.045410291473012995,0.024557187182037594,0.06308653812457608,0.0802050400487852,,,,
490,0,max_steps,1,0,0,2.9474855603074683,2500,,,0.7826565830718433,0.1,0.03604325279593468,2.339515447616577,-2.4750235080718994,207.6099090576172,0.0,7.94748556030739,1095,-4.999999999999671,0.0,0.0,0.0011789942241229874,"{4: 223, 5: 27}","{2: 121, 1: 72, 3: 57}",{1: 250},{1: 250},{1: 250},{1: 250},0.009143796460961008,0.014233977127736696,0.01129127485306874,0.01477669704833206,0.019000066409991166,0.030038900644680577,0.02558822021090644,0.028424866531823256,,,,
500,0,max_steps,1,0,0,-1.104765842499543,2500,,,0.7787520933134615,0.1,0.03691840171813965,2.3767247200012207,-9.966653823852539,227.38026428222656,0.0,3.895234157500443,910,-4.999999999999671,0.0,0.0,-0.0004419063369998172,"{4: 64, 5: 186}","{2: 54, 1: 149, 0: 47}",{1: 250},{1: 250},{1: 250},{1: 250},0.009728785230606466,0.014221463407541633,0.01568880421553733,0.0211905199458719,0.028754360667974037,0.026823808719955645,0.03840338114104606,0.04396382399177827,,,,
510,0,max_steps,1,0,0,8.206881508633012,2500,,,0.7748670821368779,0.1,0.03982948511838913,2.544579267501831,-9.966653823852539,238.4619903564453,0.0,13.206881508633042,1288,-4.999999999999671,0.0,0.0,0.003282752603453205,"{4: 67, 5: 136, 6: 47}","{5: 48, 4: 110, 3: 92}",{1: 250},{1: 250},{1: 250},"{1: 243, 0: 7}",0.02005133156487223,0.010952527106202018,0.03168888167730309,0.0389729860729862,0.06821140724726159,0.02039600723879651,0.0956720407104783,0.11423405003804181,,,,
520,0,max_steps,1,0,0,-0.5405154255761013,2500,,,0.7710014523680259,0.1,0.039500754326581955,2.4635298252105713,-9.966653823852539,212.29893493652344,0.0,4.459484574423853,969,-4.999999999999671,0.0,0.0,-0.00021620617023044054,"{4: 177, 3: 73}","{2: 69, 3: 109, 1: 72}",{1: 250},{1: 250},{1: 250},{1: 250},0.002943320618232698,0.008389484466548356,0.004455634967284041,0.005251511398970331,0.020647495068479762,0.03326890504432779,0.02034324609200401,0.032259257719416186,0.004192787632484198,0.016767529558111394,0.005963610022598441,0.01037552448266485
530,0,max_steps,1,0,0,-4.870972143627677,2500,,,0.7671551073176169,0.1,0.03940660506486893,2.4583137035369873,-9.966653823852539,212.29893493652344,0.0,0.12902785637200764,128,-4.999999999999671,0.0,0.0,-0.0019483888574510708,{4: 250},"{3: 9, 2: 70, 1: 68, 0: 103}",{1: 250},{1: 250},{1: 250},{1: 250},0.006175278003711676,0.013870955399608514,0.008605434370280492,0.007755254312823075,0.016275937030026444,0.020038211829705024,0.020264169362194964,0.024812000628722523,,,,
540,0,max_steps,1,0,0,-23.29979539475956,2500,,,0.7633279507787228,0.1,0.03973671793937683,2.4611358642578125,-9.966653823852539,232.2233123779297,0.0,11.451806036137041,1307,-4.999999999999671,-29.7516014308969,0.0,-0.009319918157903824,"{6: 176, 5: 74}","{5: 32, 4: 59, 3: 108, 2: 51}",{1: 250},{1: 250},{1: 250},{1: 250},0.016527594754405052,0.017012495534575733,0.022510271090614795,0.03069786855307297,0.04318050259132583,0.038094198651996106,0.055234789717620934,0.07056464788987234,,,,
550,0,max_steps,1,0,0,-4.616520084143102,2500,,,0.7595198870243695,0.1,0.04243408888578415,2.560837745666504,-9.966653823852539,219.15440368652344,0.0,0.3834799158566077,213,-4.999999999999671,0.0,0.0,-0.0018466080336572406,"{2: 94, 3: 156}","{1: 66, 0: 184}",{1: 250},{1: 250},{1: 250},{1: 250},0.013313334373738456,0.013293117368714332,0.017852523852167405,0.020616550932534047,0.027329151388718907,0.019912621941732853,0.03622327144672595,0.039757798603931936,,,,
560,0,max_steps,1,1,0,503.55878290384254,2500,409.0,409.0,0.7557308208051414,0.1,0.04318789020180702,2.6197352409362793,-9.966653823852539,248.5658721923828,500.0,8.556782903852854,1356,-4.997999999999672,0.0,0.0,0.201423513161537,"{3: 40, 2: 210}","{5: 10, 4: 27, 3: 102, 2: 58, 1: 53}",{1: 250},{1: 250},{1: 250},{1: 250},0.0048159243132459804,0.011655921665041298,0.007825543477416045,0.009694715532609584,0.012621021299965663,0.02472542051820502,0.019365270064809557,0.027270042167767128,0.007391934615615884,0.0475985766401897,0.01154410699694756,0.008077304568692632
570,0,max_steps,1,0,0,8.974596759643955,2500,,,0.751960657346801,0.1,0.044501226395368576,2.679257392883301,-9.966653823852539,247.45703125,0.0,13.974596759643758,770,-4.999999999999671,0.0,0.0,0.0035898387038575817,"{5: 119, 6: 131}","{3: 65, 2: 88, 1: 97}",{1: 250},{1: 250},"{1: 247, 0: 3}","{1: 234, 0: 7, 2: 9}",0.013626993984007806,0.01058934210817512,0.020560724026232623,0.02585549235942154,0.08336273524510221,0.018549001970784643,0.11022161734553994,0.13446785881924103,,,,
580,0,max_steps,1,0,0,15.332070098362216,2500,,,0.748209302347916,0.1,0.045231688767671585,2.7279162406921387,-9.966653823852539,252.9508056640625,0.0,20.332070098362088,1183,-4.999999999999671,0.0,0.0,0.006132828039344887,"{5: 145, 4: 105}","{3: 152, 2: 76, 1: 22}",{1: 250},{1: 250},{1: 250},"{1: 244, 0: 6}",0.032927031359082023,0.01141999497500025,0.04368337185604575,0.04024141299114452,0.06707381383680706,0.027041306743687207,0.09661753176681252,0.10787825383471378,,,,
590,0,max_steps,1,0,0,8.156523465359626,2500,,,0.7444766619775032,0.1,0.046071041375398636,2.7785892486572266,-9.966653823852539,256.49822998046875,0.0,13.156523465359623,1087,-4.999999999999671,0.0,0.0,0.0032626093861438505,"{1: 222, 2: 28}","{1: 142, 0: 46, 2: 62}",{1: 250},{1: 250},{1: 250},{1: 250},0.008736952905833716,0.011688384475748683,0.011914977449778742,0.01560759332097248,0.03504596100924659,0.03364810574873829,0.05028914312170632,0.05361441509769059,,,,
600,0,max_steps,1,0,0,-14.257830612366687,2500,,,0.7407626428726788,0.1,0.047744229435920715,2.872559070587158,-9.966653823852539,263.3958740234375,0.0,0.0015651818204537316,6,-4.999999999999671,-9.259395794187428,0.0,-0.005703132244946675,"{2: 156, 3: 94}","{2: 29, 1: 63, 0: 158}",{1: 250},{1: 250},{1: 250},{1: 250},0.006490990873920674,0.015599261130029764,0.010375036425430596,0.013171425639072051,0.018693607153040394,0.024284022482177228,0.024217680587582988,0.030589431368177072,,,,
610,0,max_steps,1,0,0,4.052335246598123,2500,,,0.737067152136325,0.1,0.04737987741827965,2.868825912475586,-9.966653823852539,263.3958740234375,0.0,9.05233524659782,1280,-4.999999999999671,0.0,0.0,0.001620934098639249,"{1: 18, 2: 232}","{3: 206, 2: 44}",{1: 250},{1: 250},{1: 250},{1: 250},0.002901193363159019,0.01110132992355121,0.003814671097805194,0.004466901817317462,0.029832145029597537,0.016580476791409955,0.02754178166931927,0.0254830576918184,,,,
620,0,max_steps,1,1,0,509.27355418088905,2500,1349.0,1349.0,0.7333900973347661,0.1,0.04889962822198868,2.962639808654785,-9.966653823852539,268.1395568847656,500.0,14.271554180892817,1839,-4.997999999999672,0.0,0.0,0.20370942167235562,"{3: 134, 2: 116}","{4: 72, 5: 52, 3: 10, 1: 71, 2: 45}",{1: 250},{1: 250},{1: 250},{1: 250},0.007990567366121738,0.0142907574984879,0.010821733677216614,0.014813713513931247,0.017544540868720912,0.029359630339387464,0.02475990163458471,0.030573977434779274,0.015451067817237783,0.017831744748430158,0.021920506595891426,0.014836190697990238
630,0,max_steps,1,0,0,8.572903694234782,2500,,,0.7297313864954562,0.1,0.048527274280786514,2.961644172668457,-9.966653823852539,268.1395568847656,0.0,13.572903694235238,1765,-4.999999999999671,0.0,0.0,0.0034291614776939127,"{1: 97, 2: 153}","{5: 62, 4: 22, 3: 166}",{1: 250},{1: 250},{1: 250},{1: 250},0.007725659808923417,0.013485750566048648,0.012701686903351739,0.01661733465898364,0.016918462549129,0.032431809162007205,0.026149668364894702,0.04196104168090372,,,,
640,0,max_steps,1,0,0,12.191826065255423,2500,,,0.7260909281046787,0.1,0.049712106585502625,2.9811851978302,-9.966653823852539,253.4534454345703,0.0,17.191826065256443,983,-4.999999999999671,0.0,0.0,0.004876730426102169,"{1: 33, 2: 92, 3: 125}","{4: 26, 3: 127, 2: 90, 1: 7}",{1: 250},{1: 250},{1: 250},{1: 250},0.006261962511892905,0.013973722272926438,0.008866467352720937,0.009755270592720702,0.06397033928487626,0.023726604140798722,0.072548859725762,0.0377967939364063,0.013258582839817904,0.024392531109164957,0.01988119091248695,0.023448462472472596
650,0,max_steps,1,1,0,511.575666476609,2500,1576.0,1576.0,0.7224686311052574,0.1,0.05099696293473244,3.039088249206543,-9.966653823852539,273.9637145996094,500.0,16.573666476577376,1330,-4.997999999999672,0.0,0.0,0.2046302665906436,"{1: 82, 2: 42, 3: 33, 6: 93}","{5: 54, 4: 89, 3: 14, 0: 93}",{1: 250},{1: 250},{1: 250},{1: 250},0.004645895134830621,0.015146037403686217,0.006384995757077726,0.013569750729660882,0.05021787053635057,0.03146846027820968,0.050412092439266566,0.07288560435408904,0.022952144860430113,0.030385825910932043,0.015443134050559542,0.03010479628341809
660,0,max_steps,1,0,0,5.256851726015517,2500,,,0.7188644048942786,0.1,0.051705773919820786,3.0727274417877197,-9.966653823852539,273.6557312011719,0.0,10.256851726015308,1126,-4.999999999999671,0.0,0.0,0.0021027406904062067,"{4: 109, 5: 141}","{4: 63, 3: 111, 2: 76}",{1: 250},{1: 250},{1: 250},"{1: 249, 2: 1}",0.011752850129247231,0.012402756779401286,0.021709444342771528,0.023400929299751086,0.055776913244951494,0.030030248786752145,0.07125411159670615,0.08952750048615167,,,,
670,0,max_steps,1,0,0,-3.9778160531496796,2500,,,0.7152781593208262,0.1,0.05265631526708603,3.112152338027954,-9.966653823852539,282.3918151855469,0.0,1.0221839468501053,191,-4.999999999999671,0.0,0.0,-0.0015911264212598718,"{3: 60, 4: 190}","{1: 38, 0: 212}",{1: 250},{1: 250},{1: 250},{1: 250},0.005725517763271134,0.013174783019254302,0.009725279097400338,0.013262459617500595,0.04641784825844991,0.023596585269067875,0.05926777553403282,0.07054009684255592,,,,
680,0,max_steps,1,1,0,498.6680839935133,2500,887.0,887.0,0.7117098046837247,0.1,0.05366619676351547,3.1868326663970947,-12.552511215209961,285.3056640625,500.0,3.666083993528571,815,-4.997999999999672,0.0,0.0,0.1994672335974053,"{3: 111, 4: 139}","{4: 82, 3: 6, 1: 22, 0: 140}",{1: 250},{1: 250},{1: 250},{1: 250},0.0053139611923017005,0.011835013196260447,0.007579795744282557,0.00747325029565914,0.016076734089839624,0.020660447256523037,0.019641781032781427,0.018570288424882404,0.00511478403111854,0.016640646865946913,0.008899964951058943,0.00765416141268138
690,0,max_steps,1,0,0,0.9183188245547311,2500,,,0.7081592517292976,0.1,0.053160909563302994,3.178828477859497,-12.552511215209961,285.3056640625,0.0,5.9183188245547065,833,-4.999999999999671,0.0,0.0,0.00036732752982189244,"{0: 66, 1: 184}","{3: 70, 2: 63, 1: 104, 0: 13}",{1: 250},{1: 250},{1: 250},{1: 250},0.007167914572910229,0.012092930600274918,0.011349143789810022,0.013513401428505285,0.026122803709939062,0.019196225549492418,0.03213696697868226,0.03346719857200314,,,,
700,0,max_steps,1,0,0,-3.412586900050665,2500,,,0.7046264116491338,0.1,0.05386395379900932,3.1849191188812256,-12.552511215209961,284.4305419921875,0.0,1.5874130999490559,491,-4.999999999999671,0.0,0.0,-0.001365034760020266,"{5: 17, 6: 233}","{2: 41, 1: 164, 0: 45}",{1: 250},{1: 250},{1: 250},{1: 250},0.005603372149633983,0.010767553696337882,0.008413073361983627,0.015160734174176071,0.02294217501019267,0.021321573620157235,0.03313922830729013,0.04969524309737154,,,,
710,0,max_steps,1,0,0,5.6984519527106485,2500,,,0.7011111960778661,0.1,0.05309306085109711,3.09673810005188,-12.552511215209961,261.7033386230469,0.0,10.698451952710613,815,-4.999999999999671,0.0,0.0,0.0022793807810842595,"{1: 130, 0: 120}","{1: 85, 0: 165}",{1: 250},"{1: 244, 0: 6}",{1: 250},{1: 250},0.01454964191046322,0.012133542806655077,0.02070303260651714,0.02727243877175281,0.046858325847618,0.027047385358156387,0.07338061650078945,0.09835630863891758,,,,
720,0,max_steps,1,0,0,12.401706442629308,2500,,,0.6976135170909614,0.1,0.053785089403390884,3.0974066257476807,-12.552511215209961,282.43896484375,0.0,17.40170644262929,1819,-4.999999999999671,0.0,0.0,0.004960682577051723,"{0: 22, 1: 154, 2: 74}","{3: 214, 2: 36}",{1: 250},{1: 250},{1: 250},{1: 250},0.00988967401490061,0.011062273610111258,0.01352487080104492,0.016295421539584375,0.04512933211577797,0.020590482655349383,0.04674042509774126,0.04746526644982924,,,,
730,0,max_steps,1,0,0,5.775960623638176,2500,,,0.6941332872025221,0.1,0.053987279534339905,3.127800703048706,-12.552511215209961,283.7891845703125,0.0,10.775960623637872,1308,-4.999999999999671,0.0,0.0,0.0023103842494552706,"{1: 9, 2: 185, 3: 56}","{2: 66, 3: 74, 1: 84, 0: 26}",{1: 250},{1: 250},{1: 250},{1: 250},0.008368077467472443,0.009885107141655535,0.010424932893584074,0.012096805890497527,0.025786893834608696,0.04193318960154326,0.03279560271873279,0.036075298388452935,,,,
740,0,max_steps,1,0,0,15.299633959182872,2500,,,0.6906704193630966,0.1,0.05471879988908768,3.171043872833252,-12.552511215209961,291.5837097167969,0.0,20.299633959182852,1083,-4.999999999999671,0.0,0.0,0.006119853583673149,"{5: 85, 6: 160, 4: 5}","{4: 80, 3: 170}",{1: 250},{1: 250},{1: 250},"{1: 249, 0: 1}",0.013800637388982104,0.010939734998950096,0.02245445738985374,0.024202705453157496,0.080686297996502,0.018881244488987453,0.09290782475482535,0.0638181532710955,,,,
750,0,max_steps,1,0,0,5.028189792760573,2500,,,0.6872248269575028,0.1,0.05550728738307953,3.176833391189575,-12.552511215209961,287.0147399902344,0.0,10.028189792760326,1100,-4.999999999999671,0.0,0.0,0.0020112759171042292,"{2: 216, 3: 34}","{1: 146, 0: 15, 2: 89}",{1: 250},{1: 250},{1: 250},{1: 250},0.009156875595918653,0.0116225405811495,0.016337719596472546,0.020768013131726246,0.06339629334747021,0.02926160811809336,0.06380936389143951,0.06178926593259097,,,,
760,0,max_steps,1,0,0,0.9234644624026327,2500,,,0.6837964238026608,0.1,0.055888574570417404,3.186741828918457,-12.552511215209961,285.68463134765625,0.0,5.923464462402485,633,-4.999999999999671,0.0,0.0,0.0003693857849610531,{4: 250},"{2: 102, 3: 41, 1: 41, 0: 66}",{1: 250},{1: 250},{1: 250},{1: 250},0.014131975705559468,0.014080984254851332,0.020825339529320894,0.02934288932050532,0.05423833952253276,0.025552741618866948,0.07646071468030596,0.08121485039235919,,,,
770,0,max_steps,1,0,0,-2.5721198734534934,2500,,,0.6803851241454388,0.1,0.05749218165874481,3.274012804031372,-12.552511215209961,293.6272888183594,0.0,2.4278801265464476,967,-4.999999999999671,0.0,0.0,-0.0010288479493813973,{5: 250},"{4: 21, 3: 188, 2: 41}",{1: 250},{1: 250},{1: 250},{1: 250},0.0033292855264788817,0.011504812146324542,0.0050527233132506705,0.010146319281165758,0.007162283433441185,0.027934931164699164,0.012604388757548879,0.022307644427984812,,,,
780,0,max_steps,1,0,0,-4.060672389451057,2500,,,0.6769908426605066,0.1,0.05724721401929855,3.2727465629577637,-12.552511215209961,293.6272888183594,0.0,0.9393276105487065,607,-4.999999999999671,0.0,0.0,-0.0016242689557804226,{2: 250},"{3: 167, 2: 49, 1: 34}",{1: 250},{1: 250},{1: 250},{1: 250},0.002394502649577544,0.013556549173823427,0.0036449251256405538,0.004857133791841602,0.0067981110190543665,0.02703376910645757,0.00967965687932456,0.011473059687066215,,,,
790,0,max_steps,1,0,0,-2.4983260197561084,2500,,,0.673613494448202,0.1,0.05712321028113365,3.2724740505218506,-12.552511215209961,293.6272888183594,0.0,2.50167398024384,584,-4.999999999999671,0.0,0.0,-0.0009993304079024433,{6: 250},"{1: 207, 2: 29, 0: 14}",{1: 250},{1: 250},{1: 250},{1: 250},0.006025741356907783,0.008876726085165664,0.0073961989361921495,0.011672779262501175,0.017603862728475823,0.016889456687473034,0.02423597023500738,0.028460403075781494,,,,
800,0,max_steps,1,0,0,6.789672792236157,2500,,,0.6702529950324074,0.1,0.05655226483941078,3.2012205123901367,-12.552511215209961,273.0523986816406,0.0,11.789672792235958,1360,-4.999999999999671,0.0,0.0,0.002715869116894463,{1: 250},"{1: 77, 0: 15, 2: 147, 3: 11}",{1: 250},{1: 250},{1: 250},{1: 250},0.010194748628144668,0.011667269750360965,0.015474706198800186,0.020819784202719308,0.025217496677774273,0.035251232380549245,0.035381267713769315,0.04103354101746352,,,,
810,0,max_steps,1,0,0,-1.0909180331826298,2500,,,0.6669092603584367,0.1,0.05699237436056137,3.2194676399230957,-12.552511215209961,289.677001953125,0.0,3.909081966817252,1014,-4.999999999999671,0.0,0.0,-0.00043636721327305195,"{5: 112, 6: 138}","{3: 33, 2: 73, 1: 138, 0: 6}",{1: 250},{1: 250},{1: 250},{1: 250},0.007755035715341591,0.014560924703679565,0.010718339103621915,0.014975047527939912,0.02867284031079365,0.03916701419962439,0.04025351773956268,0.04270898378745004,,,,
820,0,max_steps,1,1,0,509.997719704363,2500,813.0,813.0,0.6635822067909328,0.1,0.05914975702762604,3.2519609928131104,-12.552511215209961,293.1826171875,500.0,14.995719704346717,764,-4.997999999999672,0.0,0.0,0.2039990878817452,"{1: 18, 2: 44, 3: 19, 6: 169}","{4: 23, 3: 176, 2: 51}",{1: 250},{1: 250},{1: 250},{1: 250},0.007516498732868117,0.013472032516567322,0.009912888015003011,0.0162657398982526,0.04698691110173803,0.026332561827734746,0.052773206263509766,0.06955329459441577,0.03950051056896886,0.021215832522279085,0.05174875599150969,0.06693004546224222
830,0,max_steps,1,0,0,9.552609196474032,2500,,,0.660271751111776,0.1,0.058916009962558746,3.214246988296509,-12.552511215209961,273.6863708496094,0.0,14.552609196474732,1429,-4.999999999999671,0.0,0.0,0.003821043678589613,"{1: 56, 2: 169, 3: 25}","{5: 42, 4: 55, 3: 112, 2: 41}",{1: 250},{1: 250},{1: 250},{1: 250},0.004269985300796544,0.01366506386772409,0.006762749528424793,0.009958944215204088,0.04471494345743805,0.027243544395274606,0.04581781845154898,0.06469064561344488,0.033809980805135524,0.03130681426190742,0.04520229070267392,0.027494977485267674
840,0,max_steps,1,0,0,0.6529310896496501,2500,,,0.6569778105180021,0.1,0.05800693854689598,3.113232374191284,-12.552511215209961,261.51739501953125,0.0,5.652931089649583,697,-4.999999999999671,0.0,0.0,0.00026117243585986003,"{4: 42, 5: 116, 6: 92}","{4: 87, 3: 163}",{1: 250},{1: 250},{1: 250},{1: 250},0.015793030556469058,0.011762239165513296,0.018935879504187937,0.021029267857003816,0.04443560975334891,0.018924940293250425,0.05668223302110173,0.0673890264623842,,,,
850,0,max_steps,1,0,0,-3.8312915770200155,2500,,,0.6537003026197313,0.1,0.057488106191158295,3.1070520877838135,-12.552511215209961,261.51739501953125,0.0,1.1687084229797722,276,-4.999999999999671,0.0,0.0,-0.0015325166308080061,"{2: 243, 3: 7}","{1: 121, 0: 129}",{1: 250},{1: 250},{1: 250},{1: 250},0.008254129166757277,0.011190227191125834,0.011468892608315299,0.018441640656113516,0.02288551038595546,0.019995467181109897,0.03246517646938102,0.04106923538167126,,,,
860,0,max_steps,1,0,0,2.289021485306379,2500,,,0.6504391454381077,0.1,0.05659215524792671,2.962125539779663,-12.552511215209961,247.5946044921875,0.0,7.289021485306006,844,-4.999999999999671,0.0,0.0,0.0009156085941225517,"{2: 35, 3: 214, 4: 1}","{2: 123, 3: 10, 1: 83, 0: 34}",{1: 250},{1: 250},{1: 250},{1: 250},0.012132371395670855,0.010994809926378635,0.01810896387930987,0.017247986001900712,0.0495562874380895,0.03242984775274367,0.05666730718053215,0.04026095175919992,0.020078136493888905,0.0511876517806723,0.027377174931640012,0.03158849096557193
870,0,max_steps,1,0,0,13.900011248888326,2500,,,0.6471942574032484,0.1,0.05825752764940262,3.039085626602173,-12.552511215209961,271.77740478515625,0.0,18.900011248888863,1508,-4.999999999999671,0.0,0.0,0.005560004499555331,"{5: 128, 4: 122}","{1: 20, 2: 150, 3: 80}",{1: 250},"{1: 246, 0: 4}",{1: 250},{1: 250},0.016796837046483055,0.022150175295944537,0.030269021747074895,0.03643923902040735,0.06636870899475096,0.0483841531186547,0.08648513042422322,0.07427393845503755,,,,
880,0,max_steps,1,0,0,9.278063903377323,2500,,,0.6439655573522038,0.1,0.058597058057785034,3.0724947452545166,-12.552511215209961,276.8623046875,0.0,14.278063903377085,1671,-4.999999999999671,0.0,0.0,0.003711225561350929,"{2: 52, 3: 198}","{4: 23, 5: 227}",{1: 250},{1: 250},{1: 250},{1: 250},0.012809787161379234,0.009714443492637781,0.017015192923566094,0.016370696260676488,0.04664944554953729,0.02144457464950074,0.04787570259629534,0.06178091402379164,,,,
890,0,max_steps,1,0,0,-4.999775008984556,2500,,,0.6407529645269272,0.1,0.05877432972192764,3.02872633934021,-12.552511215209961,253.44969177246094,0.0,0.00022499101511586073,1,-4.999999999999671,0.0,0.0,-0.0019999100035938224,{3: 250},"{2: 11, 1: 72, 0: 167}",{1: 250},{1: 250},{1: 250},{1: 250},0.0025749301389647356,0.01332216074014817,0.00404955447630116,0.0071095867092480555,0.006898739945041662,0.01811537242504116,0.011273329667591366,0.018247784501596025,,,,
900,0,max_steps,1,0,0,12.3418073457578,2500,,,0.637556398572254,0.1,0.05845353379845619,3.0256149768829346,-12.552511215209961,253.44969177246094,0.0,17.341807345758255,993,-4.999999999999671,0.0,0.0,0.00493672293830312,"{5: 124, 4: 126}","{2: 112, 1: 118, 3: 20}",{1: 250},{1: 250},{1: 250},"{1: 246, 0: 4}",0.015179217766741939,0.011400668024604963,0.021645658874672055,0.029788365292888017,0.06343089966651444,0.04208586692575164,0.09166136450697214,0.08612028835978812,,,,
910,0,max_steps,1,1,0,509.02303222548204,2500,409.0,409.0,0.634375779533894,0.1,0.05903364345431328,2.9817166328430176,-12.552511215209961,266.4868469238281,500.0,14.021032225492695,1324,-4.997999999999672,0.0,0.0,0.20360921289019282,"{2: 28, 3: 12, 6: 210}","{3: 191, 2: 59}",{1: 250},{1: 250},{1: 250},{1: 250},0.0123714870489108,0.010021260768598016,0.021796050455985844,0.02527862223533829,0.05208354494462045,0.02059973712141168,0.07047895888866682,0.057583955089255144,0.066081660786008,0.019223553016568452,0.06298613609922293,0.06434139946248016
920,0,max_steps,1,1,0,515.1921890534187,2500,303.0,303.0,0.6312110278564291,0.1,0.060661569237709045,3.0396018028259277,-12.552511215209961,281.9661560058594,500.0,20.190189053410485,1468,-4.997999999999672,0.0,0.0,0.20607687562136748,"{2: 238, 3: 2, 1: 10}","{3: 59, 2: 129, 1: 62}",{1: 250},{1: 250},{1: 250},{1: 250},0.023309814521706083,0.017128789921062967,0.03197249748233655,0.03431214918537976,0.04403198094744578,0.03946842421586966,0.05669415959911916,0.06623258563293813,0.07158617575590667,0.044017608947598916,0.08516927348784616,0.04266845269814552
930,0,max_steps,1,0,0,8.832300657637752,2500,,,0.6280620643813251,0.1,0.06234174594283104,3.1113650798797607,-12.552511215209961,274.4916687011719,0.0,13.832300657637672,939,-4.999999999999671,0.0,0.0,0.003532920263055101,"{3: 74, 4: 14, 5: 66, 6: 96}","{1: 105, 0: 145}","{1: 243, 0: 7}","{1: 248, 2: 1, 0: 1}","{1: 230, 0: 20}","{1: 220, 0: 17, 2: 13}",0.017835849532316587,0.01607069662056549,0.019491913650319707,0.05032945002918905,0.1246203623473131,0.045724132061789775,0.16874982408315195,0.1605522346874327,,,,
940,0,max_steps,1,1,0,515.1758979280223,2500,758.0,758.0,0.6249288103449504,0.1,0.06445975601673126,3.239497661590576,-12.552511215209961,293.331298828125,500.0,20.173897928029575,1728,-4.997999999999672,0.0,0.0,0.20607035917120892,"{3: 75, 1: 67, 2: 108}","{4: 72, 3: 50, 2: 119, 1: 9}",{1: 250},{1: 250},{1: 250},{1: 250},0.01717578158303229,0.01542226317563107,0.02137711605732954,0.018332900446054484,0.036159002208031005,0.03093348751092525,0.05036204051953501,0.05269121581115968,0.009865053511104315,0.01826900116119445,0.0063829190958103205,0.012495063146821314
950,0,max_steps,1,0,0,2.215803487924134,2500,,,0.6218111873766076,0.1,0.06748563051223755,3.3109498023986816,-12.552511215209961,290.0770568847656,0.0,7.215803487924073,1062,-4.999999999999671,0.0,0.0,0.0008863213951696536,"{5: 129, 6: 121}","{4: 27, 3: 127, 2: 96}",{1: 250},"{1: 249, 0: 1}",{1: 250},{1: 250},0.017680329456929687,0.012946739762906816,0.02536950575352067,0.03504173420408552,0.04321235141906901,0.04165524418870493,0.05871973320056445,0.06915604510652745,,,,
960,0,max_steps,1,0,0,-12.085996357481118,2500,,,0.6187091174965714,0.1,0.06701450794935226,3.3029978275299072,-12.552511215209961,290.0770568847656,0.0,10.037792743258125,994,-4.999999999999671,-17.123789100739458,0.0,-0.004834398542992447,{2: 250},"{4: 31, 3: 136, 2: 50, 1: 33}",{1: 250},{1: 250},{1: 250},{1: 250},0.004158743798152405,0.015789073340624963,0.006001973371098682,0.00824469584933996,0.021428456879489292,0.029136846952819446,0.025062338359155143,0.02733407250113079,,,,
970,0,max_steps,1,0,0,7.117970565346754,2500,,,0.6156225231141397,0.1,0.0669974833726883,3.2938156127929688,-12.552511215209961,292.1850891113281,0.0,12.117970565346848,1227,-4.999999999999671,0.0,0.0,0.0028471882261387016,"{2: 228, 1: 22}","{5: 21, 4: 23, 3: 206}",{1: 250},{1: 250},{1: 250},{1: 250},0.004727736355191254,0.011468813471806217,0.007199630165707007,0.009178929591059828,0.06097784783111484,0.033493055002330054,0.07865387983815224,0.0816037586532113,,,,
980,0,max_steps,1,0,0,3.684620831788025,2500,,,0.6125513270256917,0.1,0.06710418313741684,3.3296403884887695,-12.552511215209961,291.9671936035156,0.0,8.68462083178786,914,-4.999999999999671,0.0,0.0,0.00147384833271521,"{3: 185, 4: 65}","{2: 89, 1: 161}",{1: 250},{1: 250},{1: 250},{1: 250},0.02471817427182218,0.009325340344841494,0.03298911625782483,0.029413761131403992,0.062488260457566426,0.02372530158026705,0.07925322453705451,0.0804378181594134,,,,
990,0,max_steps,1,0,0,10.651905273422116,2500,,,0.6094954524127577,0.1,0.06626111268997192,3.269662618637085,-12.552511215209961,272.14111328125,0.0,15.65190527342206,1653,-4.999999999999671,0.0,0.0,0.004260762109368847,"{2: 114, 1: 136}","{5: 11, 4: 85, 3: 145, 2: 9}",{1: 250},"{1: 249, 2: 1}",{1: 250},{1: 250},0.01717024898729355,0.011025780975900514,0.02570645949640701,0.03274738311482986,0.040510023227161046,0.032914652747811184,0.06575770177381182,0.09093239771592318,,,,
1000,0,max_steps,1,1,0,498.671245214546,2500,536.0,536.0,0.606454822840097,0.1,0.06620609760284424,3.252802848815918,-12.552511215209961,285.0697021484375,500.0,4.83609538199946,535,-4.997999999999672,-1.1668501674352905,0.0,0.1994684980858184,"{3: 53, 5: 197}","{4: 33, 3: 20, 1: 30, 0: 167}",{1: 250},{1: 250},{1: 250},{1: 250},0.0031416411037515726,0.01422109977083271,0.004244967120017602,0.006921185404329566,0.01459008167101012,0.029717354155476352,0.019554144357246745,0.022145849056631913,0.014525173435271842,0.03575464851259329,0.02840850190533616,0.02974825044101945
1010,0,max_steps,1,0,0,23.493990296348798,2500,,,0.6034293622537864,0.1,0.06546483188867569,3.23366379737854,-12.552511215209961,285.0697021484375,0.0,28.493990296348674,1761,-4.999999999999671,0.0,0.0,0.00939759611853952,"{0: 62, 1: 9, 2: 168, 3: 11}","{5: 123, 6: 5, 4: 81, 3: 41}","{1: 240, 0: 10}",{1: 250},"{1: 238, 0: 12}",{1: 250},0.009730693183300373,0.010418004592132385,0.012625445885571532,0.016811801853570126,0.09124623287405899,0.03350502424488608,0.09959686172260795,0.10680214387786942,0.00879503260480391,0.02067098726016671,0.014390960689827871,0.01224699809137493
1020,0,max_steps,1,1,0,512.0996288674154,2500,1269.0,1269.0,0.6004189949793179,0.1,0.0680067390203476,3.31557297706604,-12.552511215209961,295.9549865722656,500.0,17.097628867366346,1109,-4.997999999999672,0.0,0.0,0.20483985154696616,"{2: 65, 1: 29, 3: 32, 6: 124}","{5: 88, 4: 36, 3: 2, 0: 124}",{1: 250},{1: 250},{1: 250},"{1: 248, 2: 2}",0.012901144029724393,0.012270655997519241,0.02188390614331885,0.03321263394865505,0.06834374512417081,0.02332119842718449,0.09955275635834952,0.11846716661090828,0.03731601817141469,0.03174183315052069,0.06878266269766466,0.0811353892846876
1030,0,max_steps,1,0,0,6.85382244086381,2500,,,0.5974236457197061,0.1,0.0677778422832489,3.3113479614257812,-12.552511215209961,295.9549865722656,0.0,11.853822440863757,1313,-4.999999999999671,0.0,0.0,0.002741528976345524,"{2: 227, 1: 13, 3: 10}","{3: 130, 2: 87, 1: 33}",{1: 250},{1: 250},{1: 250},{1: 250},0.012517461342946252,0.012918786308358885,0.01701103057031876,0.01819587237121529,0.04174521072456108,0.02527204319153588,0.07682672229764768,0.06615453114221483,,,,
1040,0,max_steps,1,0,0,0.4523604949763498,2500,,,0.594443239553604,0.1,0.07106427103281021,3.3202061653137207,-12.552511215209961,273.0313720703125,0.0,5.452360494976134,427,-4.999999999999671,0.0,0.0,0.00018094419799053992,"{2: 70, 3: 16, 4: 164}","{1: 93, 0: 157}",{1: 250},{1: 250},"{1: 248, 0: 2}",{1: 250},0.012948778085232395,0.012873868821717767,0.019749725366331898,0.02291360713852831,0.08869666262886504,0.020892310536665328,0.09659588260519363,0.07733076716717817,,,,
1050,0,max_steps,1,1,0,520.7325127091527,2500,2110.0,2110.0,0.5914777019334302,0.1,0.07229804247617722,3.2401180267333984,-12.552511215209961,280.8937072753906,500.0,25.73051270913843,1441,-4.997999999999672,0.0,0.0,0.20829300508366108,"{1: 87, 2: 102, 3: 61}","{4: 18, 3: 163, 2: 29, 0: 40}",{1: 250},{1: 250},{1: 250},"{1: 249, 2: 1}",0.03049149183898074,0.013059647823390513,0.04494013586314605,0.04891182786130673,0.06724402142775565,0.03518627084442098,0.08941789130504886,0.09899043304215643,0.03846535811013863,0.030820949353429408,0.032284796417799196,0.05561320781820706
1060,0,max_steps,1,0,0,12.676370208567686,2500,,,0.5885269586835032,0.1,0.07169251143932343,3.1853506565093994,-12.552511215209961,259.6987609863281,0.0,17.67637020856822,1256,-4.999999999999671,0.0,0.0,0.0050705480834270745,"{4: 208, 5: 42}","{4: 142, 5: 41, 3: 67}",{1: 250},{1: 250},{1: 250},"{1: 244, 0: 6}",0.028061555610146408,0.0105524543016059,0.03699839780839613,0.0457970896268153,0.08156703437885479,0.019191643603802405,0.11519548161659789,0.1174119035676926,,,,
1070,0,max_steps,1,0,0,7.488201667771491,2500,,,0.5855909359981866,0.1,0.07430506497621536,3.2558486461639404,-12.552511215209961,263.4278259277344,0.0,12.488201667771463,1169,-4.999999999999671,0.0,0.0,0.002995280667108596,"{1: 218, 0: 18, 2: 14}","{2: 146, 3: 104}",{1: 250},{1: 250},{1: 250},{1: 250},0.012322431373505267,0.009433528513697331,0.01609221861450271,0.017962741039139748,0.0410210130834856,0.028432443206031003,0.04987647814672828,0.056266210821896596,,,,
1080,0,max_steps,1,1,0,507.01577571713494,2500,1804.0,1804.0,0.582669560440043,0.1,0.07414418458938599,3.263030529022217,-12.552511215209961,282.4461364746094,500.0,12.013775717140847,1396,-4.997999999999672,0.0,0.0,0.20280631028685397,"{4: 44, 3: 136, 1: 28, 0: 42}","{5: 78, 4: 88, 3: 14, 0: 70}",{1: 250},{1: 250},{1: 250},{1: 250},0.007477999978065697,0.013505477876292606,0.01084129427075498,0.010968604768107668,0.01811248045081247,0.033417695134432934,0.023600835904796492,0.025887729741937045,0.00753242582137544,0.021490887830322953,0.010747401447551694,0.014296788349312957
1090,0,max_steps,1,0,0,7.202092442163481,2500,,,0.5797627589379976,0.1,0.07420267909765244,3.261728286743164,-12.552511215209961,287.6713562011719,0.0,12.202092442163408,998,-4.999999999999671,0.0,0.0,0.0028808369768653927,"{1: 187, 2: 63}","{2: 113, 1: 87, 0: 50}",{1: 250},{1: 250},{1: 250},{1: 250},0.016073447021820557,0.012383757353321772,0.02474545363474702,0.026263759075930596,0.05281467731867218,0.04290841199473723,0.07741464567866767,0.08204035245674772,,,,
1100,0,max_steps,1,0,0,10.264805072680314,2500,,,0.5768704587855094,0.1,0.07337378710508347,3.1934683322906494,-12.552511215209961,258.75494384765625,0.0,15.264805072680915,1542,-4.999999999999671,0.0,0.0,0.0041059220290721255,"{1: 67, 2: 183}","{5: 3, 4: 69, 3: 176, 2: 2}",{1: 250},{1: 250},{1: 250},{1: 250},0.006010363723652151,0.012280517473356229,0.006104192263295534,0.0070681056069339734,0.03632991703653588,0.020237187967389388,0.037633873907280416,0.04160892089798185,0.01279417070443789,0.017534428572572886,0.019557705529144192,0.02229239296522191
1110,0,max_steps,1,0,0,-4.995763759167743,2500,,,0.5739925876387535,0.1,0.07407765090465546,3.2039694786071777,-12.552511215209961,286.264404296875,0.0,0.004236240831928528,9,-4.999999999999671,0.0,0.0,-0.0019983055036670973,"{3: 173, 4: 77}","{1: 25, 0: 225}",{1: 250},{1: 250},{1: 250},{1: 250},0.004818170593721475,0.012495127163099215,0.0062616929585741716,0.008735346196223324,0.019538832416132728,0.019600192808353806,0.03152051986790784,0.04573910615891391,,,,
1120,0,max_steps,1,1,0,507.39416873354867,2500,1507.0,1507.0,0.5711290735148113,0.1,0.07502128183841705,3.187721014022827,-12.552511215209961,273.7025146484375,500.0,12.392168733557682,1366,-4.997999999999672,0.0,0.0,0.20295766749341948,"{2: 42, 3: 108, 5: 37, 6: 63}","{5: 59, 4: 31, 3: 160}",{1: 250},{1: 250},{1: 250},{1: 250},0.01238607542481683,0.012618013443128608,0.015542588235938203,0.016688894809385332,0.041715394202315056,0.02957665939720223,0.05499685982145695,0.056977908558561274,0.02784007858816155,0.019055893900126637,0.021435308170808173,0.03457691092233348
1130,0,max_steps,1,0,0,-71.32953306312778,2500,,,0.5682798447898704,0.1,0.07751355320215225,3.2717387676239014,-12.552511215209961,264.0788269042969,0.0,7.507054093679459,930,-4.999999999999671,-73.83658715680754,0.0,-0.028531813225251113,"{2: 22, 3: 18, 4: 98, 5: 26, 6: 86}","{5: 160, 4: 90}",{1: 250},{1: 250},{1: 250},{1: 250},0.017120818748520908,0.008430380768798856,0.014699466642097956,0.019578388585205046,0.09024222749487515,0.015161041453910866,0.10926977081156333,0.07011345374571333,,,,
1140,0,max_steps,1,0,0,-1.5444727759848091,2500,,,0.5654448301974317,0.1,0.07841860502958298,3.3078036308288574,-12.552511215209961,286.80194091796875,0.0,3.4555272240151838,379,-4.999999999999671,0.0,0.0,-0.0006177891103939237,"{3: 165, 2: 85}","{1: 60, 0: 190}",{1: 250},{1: 250},{1: 250},{1: 250},0.0074123119259320094,0.014818052276542901,0.008744731521704949,0.011698526666385618,0.021931395597431572,0.0307367264555029,0.02644194275433649,0.03123903857094664,,,,
1150,0,max_steps,1,0,0,-4.996855166218128,2500,,,0.5626239588265294,0.1,0.07763325423002243,3.3003640174865723,-12.552511215209961,286.80194091796875,0.0,0.003144833781543177,5,-4.999999999999671,0.0,0.0,-0.0019987420664872514,{3: 250},"{1: 14, 0: 236}",{1: 250},{1: 250},{1: 250},{1: 250},0.004539237516063799,0.013478762557109003,0.007633540908419494,0.010886003389078858,0.03839671060307792,0.022578380849840603,0.05312455071101549,0.05915509225666425,,,,
1160,0,max_steps,1,0,0,11.561563161593849,2500,,,0.5598171601199543,0.1,0.07880398631095886,3.371757984161377,-12.552511215209961,292.582275390625,0.0,16.561563161593842,1131,-4.999999999999671,0.0,0.0,0.00462462526463754,"{1: 33, 0: 198, 2: 19}","{3: 106, 2: 31, 1: 113}",{1: 250},"{1: 249, 0: 1}","{1: 245, 0: 5}","{1: 249, 2: 1}",0.013552327774575622,0.02022609599701117,0.020019528696695207,0.02877386226064735,0.0643595075433886,0.03634428590484749,0.0525210680145816,0.08829258660726418,,,,
1170,0,max_steps,1,0,0,18.673761923749375,2500,,,0.557024363872492,0.1,0.07800865173339844,3.3603670597076416,-12.552511215209961,288.3575134277344,0.0,23.67376192374884,1323,-4.999999999999671,0.0,0.0,0.00746950476949975,"{6: 50, 5: 174, 4: 26}","{5: 96, 4: 26, 3: 128}",{1: 250},"{1: 248, 0: 1, 2: 1}",{1: 250},"{1: 245, 0: 5}",0.026837639672400958,0.017484802257025076,0.04029703015671601,0.05780040115848557,0.08117333264483928,0.04181532456621421,0.1165746510748398,0.12747452522879169,,,,
1180,0,max_steps,1,0,0,-0.4028500513396518,2500,,,0.5542455002291646,0.1,0.07897200435400009,3.3979415893554688,-12.552511215209961,288.4579162597656,0.0,4.61102077281618,656,-4.999999999999671,-0.013870824155831685,0.0,-0.0001611400205358607,"{2: 38, 3: 212}","{1: 130, 0: 120}",{1: 250},"{1: 223, 2: 27}",{1: 250},{1: 250},0.012667972820497257,0.013859702900922088,0.017649138072481415,0.022137600988819645,0.03292808148354637,0.0601747439089145,0.04780421590117633,0.06088541810231757,,,,
1190,0,max_steps,1,0,0,-4.370019525001484,2500,,,0.5514804996834843,0.1,0.07870004326105118,3.394458532333374,-12.552511215209961,288.4579162597656,0.0,0.6299804749982096,224,-4.999999999999671,0.0,0.0,-0.0017480078100005937,"{5: 47, 6: 203}","{2: 34, 1: 102, 0: 114}",{1: 250},{1: 250},{1: 250},{1: 250},0.003948147673244728,0.011134921414649546,0.004947831786462768,0.010928914313659489,0.03262522550622403,0.016271732164312273,0.03550785442535604,0.041307393856319034,,,,
1200,0,max_steps,1,0,0,10.37056687301916,2500,,,0.548729293075715,0.1,0.07969143241643906,3.405637502670288,-12.552511215209961,299.4212341308594,0.0,15.370566873019252,977,-4.999999999999671,0.0,0.0,0.0041482267492076634,"{5: 35, 6: 166, 4: 49}","{3: 196, 2: 54}",{1: 250},{1: 250},{1: 250},"{1: 248, 0: 2}",0.007831815253392486,0.013483935480331732,0.015182971201436513,0.019553544932566856,0.059379646495591736,0.03345314354944905,0.09430634069462403,0.10778376050991235,,,,
1210,0,max_steps,1,0,0,25.302331642148204,2500,,,0.5459918115911422,0.1,0.08147275447845459,3.4854698181152344,-12.552511215209961,311.25714111328125,0.0,30.302331642147948,1389,-4.999999999999671,0.0,0.0,0.010120932656859281,"{6: 25, 5: 42, 4: 183}","{3: 242, 4: 8}",{1: 250},"{1: 249, 2: 1}",{1: 250},"{1: 249, 0: 1}",0.042139968316296406,0.011783306313253836,0.056633973057558816,0.06670419062986607,0.07475057825928946,0.03391718641798341,0.1055991199855836,0.11669755068447574,,,,
1220,0,max_steps,1,0,0,14.44400506203517,2500,,,0.5432679867583519,0.1,0.08181340992450714,3.5100646018981934,-12.552511215209961,297.362060546875,0.0,19.444005062035245,1457,-4.999999999999671,0.0,0.0,0.005777602024814068,"{0: 202, 1: 11, 2: 37}","{4: 8, 3: 182, 2: 48, 1: 12}","{1: 246, 0: 4}","{1: 249, 2: 1}",{1: 250},{1: 250},0.011546961375693571,0.011276229576114273,0.018495153326285693,0.02303141824212518,0.07905899430848783,0.03938004260644017,0.0993212084239434,0.0927092005807411,,,,
1230,0,max_steps,1,0,0,5.54843554369219,2500,,,0.5405577504475175,0.1,0.08234579861164093,3.467038631439209,-12.552511215209961,279.09814453125,0.0,10.548435543691893,1430,-4.999999999999671,0.0,0.0,0.002219374217476876,"{4: 239, 3: 11}","{3: 194, 2: 56}",{1: 250},{1: 250},{1: 250},{1: 250},0.009598429708882947,0.01339049263475251,0.011132357378210746,0.012827019078418376,0.027504304936771463,0.03785954323848525,0.03390055708508911,0.03308414963381585,0.018806543201862206,0.016955038576180692,0.03851838831260259,0.04073749048490327
1240,0,max_steps,1,0,0,3.9328268212890225,2500,,,0.537861034868697,0.1,0.08442201465368271,3.574296236038208,-12.552511215209961,299.2344970703125,0.0,8.93282682128898,1083,-4.999999999999671,0.0,0.0,0.001573130728515609,"{4: 225, 3: 25}","{3: 136, 2: 85, 1: 29}",{1: 250},{1: 250},{1: 250},{1: 250},0.00435998022860698,0.012965382234524436,0.005477414134119795,0.006616315752131504,0.029905001011949057,0.025009118027927275,0.0335693644620633,0.02617696406751946,0.0324350906336392,0.015680598843276796,0.028414458843735252,0.04659038975577161
1250,0,max_steps,1,0,0,-3.333841986916618,2500,,,0.5351777725701358,0.1,0.0847327932715416,3.609598398208618,-12.552511215209961,306.00433349609375,0.0,1.666158013083239,341,-4.999999999999671,0.0,0.0,-0.0013335367947666472,{2: 250},"{2: 19, 1: 34, 0: 197}",{1: 250},{1: 250},{1: 250},{1: 250},0.004258318194165985,0.013665079379151217,0.006112519689951542,0.010007576150953885,0.025018492689692227,0.02906501660727586,0.034956082197592483,0.03967299000842542,,,,
1260,0,max_steps,1,0,0,3.999651579119976,2500,,,0.5325078964365801,0.1,0.08603373169898987,3.634949207305908,-12.552511215209961,309.95123291015625,0.0,8.999651579119716,1009,-4.999999999999671,0.0,0.0,0.0015998606316479905,"{4: 101, 5: 50, 6: 99}","{3: 145, 2: 85, 1: 20}",{1: 250},{1: 250},{1: 250},{1: 250},0.02386962342168556,0.010875457394229127,0.03466324681484727,0.03655509425793882,0.06181601750764307,0.029153149979546523,0.09285732880566239,0.10894532411982612,,,,
1270,0,crash,1,0,1,-194.8752563560348,2430,,,0.5298513396875991,0.1,0.08654585480690002,3.6324150562286377,-12.552511215209961,292.3608703613281,0.0,0.4492672372419876,81,-4.859999999999687,-110.4645235932769,-80.0,-0.08019557874733943,"{3: 102, 4: 141}","{2: 11, 1: 100, 0: 132}",{1: 243},"{1: 217, 2: 26}",{1: 243},{1: 243},0.008444078345337948,0.01680628741640516,0.01089127551818373,0.011684292876601401,0.028128888888799625,0.06005560700321173,0.04196349713885205,0.07224556198152166,,,,
1280,0,max_steps,1,1,0,508.09402338672555,2500,2387.0,2387.0,0.5272080358759129,0.1,0.08954543620347977,3.721914291381836,-14.511428833007812,311.12042236328125,500.0,13.092023386726392,1516,-4.997999999999672,0.0,0.0,0.2032376093546902,"{2: 87, 3: 151, 4: 12}","{5: 36, 4: 192, 3: 10, 0: 12}",{1: 250},{1: 250},{1: 250},{1: 250},0.01107919264288022,0.00991850099388222,0.016973603045748825,0.018550219668251565,0.03337686992164608,0.03925201554225161,0.042657817989340645,0.05150575966092909,0.008448094931833874,0.051532746001773724,0.008567523097544664,0.012820929092252128
1290,0,max_steps,1,0,0,12.040677036672557,2500,,,0.5245779188857322,0.1,0.08836205303668976,3.599738359451294,-14.511428833007812,290.8751525878906,0.0,17.040677036672356,1181,-4.999999999999671,0.0,0.0,0.0048162708146690224,"{6: 136, 5: 109, 4: 5}","{1: 8, 0: 242}",{1: 250},{1: 250},{1: 250},{1: 250},0.02270664699245236,0.009274411072485998,0.030542978465979975,0.04281726316446604,0.0732800887295862,0.030545810005872674,0.09369952304646645,0.11785040738930183,,,,
1300,0,max_steps,1,0,0,1.8962825368516394,2500,,,0.5219609229311034,0.1,0.0887460932135582,3.633734941482544,-14.511428833007812,309.3071594238281,0.0,6.896282536851448,607,-4.999999999999671,0.0,0.0,0.0007585130147406558,"{3: 209, 4: 41}","{1: 189, 0: 12, 2: 49}",{1: 250},{1: 250},{1: 250},{1: 250},0.009085769799642695,0.011138424125943248,0.01070091822515402,0.014024737156411343,0.04247081683333078,0.027648626016975243,0.055471638733238356,0.05418834999467726,,,,
1310,0,max_steps,1,0,0,1.7449580602824863,2500,,,0.5193569825542639,0.1,0.088803730905056,3.6661834716796875,-12.552511215209961,307.4322204589844,0.0,6.744958060282315,735,-4.999999999999671,0.0,0.0,0.0006979832241129945,"{1: 16, 0: 234}","{3: 157, 2: 77, 1: 16}",{1: 250},"{1: 249, 0: 1}",{1: 250},{1: 250},0.01143829842162038,0.018348073018941043,0.020232487267020795,0.03265406852190013,0.03678850480201773,0.034320472218445704,0.05730187807920299,0.0739723327182656,,,,
1320,0,max_steps,1,0,0,-2.2510227584731677,2500,,,0.5167660326240043,0.1,0.09029380232095718,3.729074001312256,-10.656134605407715,317.18865966796875,0.0,2.7489772415265783,421,-4.999999999999671,0.0,0.0,-0.0009004091033892671,"{4: 159, 5: 15, 6: 76}","{2: 79, 1: 69, 0: 102}",{1: 250},{1: 250},{1: 250},"{1: 247, 2: 2, 0: 1}",0.01608713037003901,0.012182007566456649,0.021570440145347453,0.018465101282100566,0.06272025511593779,0.023498543098918242,0.09647445139321952,0.11457793101090986,,,,
1330,0,max_steps,1,0,0,4.415205840466996,2500,,,0.5141880083340395,0.1,0.09240717440843582,3.78322434425354,-10.656134605407715,319.30413818359375,0.0,9.415205840466795,1158,-4.999999999999671,0.0,0.0,0.0017660823361867984,{3: 250},"{1: 65, 2: 185}",{1: 250},{1: 250},{1: 250},{1: 250},0.007428764554292179,0.011417085340908526,0.010541934591678608,0.012656352673256021,0.025531723805979456,0.02800824059574263,0.03936143872888709,0.036762120690549925,0.009706450088450147,0.00971742410348623,0.012181718792695232,0.014670135853470961
1340,0,max_steps,1,1,0,515.8874012052531,2500,667.0,667.0,0.511622845201388,0.1,0.09367024153470993,3.7686941623687744,-10.656134605407715,318.21551513671875,500.0,20.885401205254702,1384,-4.997999999999672,0.0,0.0,0.20635496048210125,"{2: 56, 3: 10, 5: 127, 6: 57}","{4: 170, 3: 80}",{1: 250},{1: 250},{1: 250},"{1: 240, 0: 10}",0.02559133225234572,0.00784065735885798,0.039898813144066674,0.048779068283234105,0.0739429779960494,0.01962830394114042,0.10675954311948654,0.12668671940869222,0.06830428860719602,0.016803649252762662,0.03599367817204141,0.086674161117351
1350,0,max_steps,1,0,0,15.823234413002716,2500,,,0.5090704790647583,0.1,0.09487622231245041,3.823338270187378,-10.656134605407715,317.5330505371094,0.0,20.823234413002677,1613,-4.999999999999671,0.0,0.0,0.006329293765201086,"{1: 169, 2: 81}","{3: 238, 2: 12}",{1: 250},{1: 250},{1: 250},{1: 250},0.02223877279394461,0.011525632443650524,0.027094556301391546,0.02356296443472587,0.04988130710363757,0.044994238260553564,0.060938227922021124,0.07142114867574754,,,,
1360,0,max_steps,1,0,0,5.81599370848623,2500,,,0.5065308460829445,0.1,0.0971294417977333,3.9187533855438232,-10.656134605407715,329.3682556152344,0.0,10.815993708485932,1505,-4.999999999999671,0.0,0.0,0.002326397483394492,{1: 250},"{5: 2, 4: 91, 3: 157}",{1: 250},{1: 250},{1: 250},{1: 250},0.005763783191558975,0.012562415248496018,0.0087773411133691,0.010937010333192044,0.01771368446885098,0.023740217532966654,0.022082606678116973,0.03008771875425706,,,,
1370,0,max_steps,1,1,0,501.76988940261765,2500,259.0,259.0,0.50400388273323,0.1,0.09894847124814987,3.8808088302612305,-10.656134605407715,321.0667419433594,500.0,6.767889402631777,1025,-4.997999999999672,0.0,0.0,0.20070795576104705,"{3: 25, 5: 225}","{4: 12, 3: 180, 2: 58}",{1: 250},"{1: 249, 0: 1}",{1: 250},{1: 250},0.003697878100717376,0.011925584021396025,0.005960223515061586,0.007613168492975436,0.014257512331923175,0.028731043161110945,0.02302816098407308,0.027963659222149127,0.00509510900811781,0.05138571063272638,0.007926673553078885,0.010885801428519918
1380,0,max_steps,1,0,0,-2.5337896620240996,2500,,,0.5014895258097978,0.1,0.09815496951341629,3.8688106536865234,-10.656134605407715,321.0667419433594,0.0,2.4662103379758347,651,-4.999999999999671,0.0,0.0,-0.00101351586480964,"{2: 63, 3: 187}","{3: 10, 2: 163, 1: 59, 0: 18}",{1: 250},{1: 250},{1: 250},{1: 250},0.0054547767546431584,0.01179874508758641,0.006095606258380225,0.006687995004294614,0.02279379589641986,0.02097978647186978,0.033218060494810846,0.039684582569939536,,,,
1390,0,max_steps,1,0,0,1.4821110601710301,2500,,,0.49898771242214973,0.1,0.09835947304964066,3.891610860824585,-10.656134605407715,332.26763916015625,0.0,6.482111060171012,724,-4.999999999999671,0.0,0.0,0.000592844424068412,"{3: 208, 4: 42}","{2: 108, 1: 42, 0: 100}",{1: 250},"{1: 245, 0: 5}",{1: 250},{1: 250},0.005439801934767124,0.012713307580160142,0.008357414248899776,0.01047367319969155,0.02396031482372117,0.034944566861992085,0.038262271011377164,0.04282267266784945,0.017111814112798534,0.013641263816307477,0.01014486021682135,0.019105388870152062
1400,0,max_steps,1,0,0,-0.5721409640243881,2500,,,0.49649837999353363,0.1,0.09873910248279572,3.9193742275238037,-10.656134605407715,325.0302429199219,0.0,4.427859035975604,674,-4.999999999999671,0.0,0.0,-0.00022885638560975522,"{4: 22, 5: 131, 6: 97}","{3: 96, 2: 45, 1: 109}",{1: 250},{1: 250},{1: 250},{1: 250},0.02093281769547728,0.011433166271424197,0.02519410669661904,0.031739721131443605,0.041839110760361786,0.025157598989531897,0.05678615796377046,0.058377259273886206,,,,
1410,0,max_steps,1,0,0,13.558761026660678,2500,,,0.49402146625937815,0.1,0.10000214725732803,3.9681718349456787,-10.656134605407715,332.04547119140625,0.0,18.55876102666059,1354,-4.999999999999671,0.0,0.0,0.005423504410664271,{2: 250},"{5: 78, 6: 61, 4: 96, 3: 15}",{1: 250},{1: 250},{1: 250},"{1: 245, 0: 4, 2: 1}",0.016825846841641227,0.01111397812053825,0.025594346418538,0.04120814926834686,0.06715244511321077,0.035482594331592815,0.09635843734333414,0.11446023193600992,0.0173240514264347,0.0223427392561338,0.025292061131303525,0.00518994852437236
1420,0,max_steps,1,0,0,-2.5763075587095323,2500,,,0.49155690926573503,0.1,0.09913105517625809,3.889981508255005,-10.656134605407715,314.64276123046875,0.0,2.4236924412903975,1005,-4.999999999999671,0.0,0.0,-0.001030523023483813,{2: 250},"{3: 138, 2: 92, 1: 20}",{1: 250},{1: 250},{1: 250},{1: 250},0.0032124534681218743,0.012693795766133754,0.0050318496400881705,0.007365348857777546,0.007886065127005832,0.01755244820336599,0.01213383187513156,0.02441715523856934,,,,
1430,0,max_steps,1,0,0,-0.02038691857547459,2500,,,0.48910464736773,0.1,0.09903112053871155,3.8718230724334717,-10.656134605407715,327.68212890625,0.0,4.979613081424519,970,-4.999999999999671,0.0,0.0,-8.154767430189836e-06,{4: 250},"{3: 162, 2: 88}",{1: 250},{1: 250},{1: 250},{1: 250},0.007123993278485497,0.013137875906682136,0.0099261292094198,0.011397887065751185,0.021593720265611013,0.02222003042166123,0.0312932564149491,0.04046731216702072,,,,
1440,0,max_steps,1,0,0,12.130140389785462,2500,,,0.4866646192280205,0.1,0.09871766716241837,3.8657734394073486,-10.656134605407715,327.68212890625,0.0,17.130140389786032,1332,-4.999999999999671,0.0,0.0,0.004852056155914185,"{0: 20, 1: 30, 2: 129, 3: 71}","{3: 43, 2: 32, 1: 155, 0: 20}",{1: 250},{1: 250},{1: 250},{1: 250},0.027741428565514918,0.016167872567375896,0.034209765452951554,0.026444781812541666,0.06490259389925424,0.04418702518188847,0.07181443159118059,0.08027062582806149,,,,
1450,0,max_steps,1,0,0,-0.5442305207556061,2500,,,0.4842367638152614,0.1,0.09790688008069992,3.8626763820648193,-10.656134605407715,327.68212890625,0.0,4.455769479244372,1032,-4.999999999999671,0.0,0.0,-0.00021769220830224244,"{2: 50, 1: 200}","{4: 18, 3: 223, 2: 9}",{1: 250},{1: 250},{1: 250},{1: 250},0.005640721809190325,0.011160701316209491,0.009350086309103355,0.01174754801319963,0.02301455835046641,0.023266109920417877,0.026174028250753475,0.02738550899154996,,,,
1460,0,max_steps,1,0,0,2.506138268542418,2500,,,0.48182102040257857,0.1,0.09851472824811935,3.8992509841918945,-10.656134605407715,326.14080810546875,0.0,7.506138268542415,974,-4.999999999999671,0.0,0.0,0.0010024553074169673,"{4: 106, 5: 106, 6: 38}","{3: 118, 2: 105, 1: 27}",{1: 250},"{1: 249, 0: 1}",{1: 250},{1: 250},0.010468944494367695,0.01255420242498139,0.015588293828939524,0.022586737236566026,0.045439139190997624,0.03295007376460663,0.06463225981676507,0.08298011162838849,,,,
1470,0,max_steps,1,0,0,18.68063351158486,2500,,,0.4794173285660503,0.1,0.10098715871572495,3.9836902618408203,-10.656134605407715,336.8185119628906,0.0,23.680633511583938,1285,-4.999999999999671,0.0,0.0,0.007472253404633943,"{6: 85, 5: 83, 4: 82}","{4: 63, 3: 114, 2: 73}",{1: 250},{1: 250},"{1: 246, 2: 4}","{1: 243, 0: 7}",0.019449730281208825,0.008512424261271103,0.025006259252730256,0.036415674564875974,0.07265393126161347,0.025703358175324847,0.09694020613177058,0.09335103691160851,,,,
1480,0,max_steps,1,0,0,11.631422794010115,2500,,,0.4770256281831953,0.1,0.10286302864551544,3.931723117828369,-10.656134605407715,331.77117919921875,0.0,16.631422794010454,1333,-4.999999999999671,0.0,0.0,0.004652569117604046,"{2: 27, 3: 37, 4: 186}","{5: 12, 4: 63, 3: 131, 2: 44}",{1: 250},{1: 250},"{1: 244, 0: 6}","{1: 249, 2: 1}",0.021443369178767137,0.015777570460706755,0.030853133202369324,0.03985924381965421,0.07290698683839429,0.028470756910711666,0.08561914721365162,0.09929450752068887,0.03867899286622501,0.02459229676848382,0.04750503887503579,0.06711357482421777
1490,0,max_steps,1,0,0,9.715971452776095,2500,,,0.47464585943146953,0.1,0.10244420170783997,3.8790786266326904,-10.656134605407715,316.1375732421875,0.0,14.715971452776335,1278,-4.999999999999671,0.0,0.0,0.003886388581110438,"{2: 196, 3: 54}","{3: 119, 2: 127, 1: 4}",{1: 250},{1: 250},{1: 250},{1: 250},0.015205250177134814,0.016182271688390384,0.01845261473346749,0.018169686134597372,0.03500409551295282,0.03270942565890808,0.040130890778864794,0.045741014649624656,0.04609393107318876,0.021748070076459187,0.03808706219722827,0.07543873424425901
1500,0,max_steps,1,0,0,1.583161325286518,2500,,,0.4722779627867691,0.1,0.10385322570800781,3.937561273574829,-10.656134605407715,332.72113037109375,0.0,6.583161325286261,1234,-4.999999999999671,0.0,0.0,0.0006332645301146072,"{1: 28, 2: 222}","{3: 38, 2: 194, 1: 18}",{1: 250},"{1: 249, 2: 1}",{1: 250},{1: 250},0.011443986292991638,0.009679044199733929,0.01498068653484348,0.015336353539337454,0.03542850918543041,0.025041398963660998,0.05197456275677225,0.05694754621566627,,,,
1510,0,max_steps,1,0,0,10.870200882068076,2500,,,0.4699218790219424,0.1,0.10334556549787521,3.8648500442504883,-9.996002197265625,314.04180908203125,0.0,15.870200882068369,1495,-4.999999999999671,0.0,0.0,0.004348080352827231,"{4: 148, 3: 27, 2: 75}","{1: 213, 0: 37}","{1: 246, 2: 4}","{1: 249, 0: 1}","{1: 243, 2: 7}","{1: 243, 0: 7}",0.012695136243523072,0.014504689695994551,0.019339628900022176,0.021877002702459986,0.0739516597938428,0.04011320531181836,0.09129501594082795,0.08525289364946066,,,,
1520,0,max_steps,1,0,0,13.193670227813165,2500,,,0.4675775492053078,0.1,0.10378231853246689,3.8895039558410645,-9.996002197265625,324.66357421875,0.0,18.193670227813357,1123,-4.999999999999671,0.0,0.0,0.005277468091125266,"{5: 139, 4: 10, 6: 101}","{4: 87, 3: 104, 2: 59}",{1: 250},"{1: 249, 2: 1}",{1: 250},"{1: 246, 2: 1, 0: 3}",0.021091494141016447,0.01465592753038608,0.026240538660897657,0.044541844211205675,0.07779714859900537,0.04189717699652963,0.11363950891873553,0.12972139303291555,,,,
1530,0,max_steps,1,0,0,-74.90780125935385,2500,,,0.46524491469918006,0.1,0.10290378332138062,3.8838765621185303,-9.996002197265625,324.66357421875,0.0,7.215617965397427,1073,-4.999999999999671,-77.12341922475144,0.0,-0.029963120503741537,"{5: 192, 6: 58}","{5: 26, 4: 36, 3: 115, 2: 57, 1: 16}",{1: 250},{1: 250},{1: 250},{1: 250},0.010916440207369801,0.017339651873020917,0.01906238544702978,0.026556009265495912,0.03409427441352529,0.036608079106458996,0.05199243260197748,0.06204609752777455,,,,
1540,0,max_steps,1,0,0,-15.136106719505438,2500,,,0.4629239171584037,0.1,0.10350409895181656,3.7998898029327393,-9.996002197265625,311.04010009765625,0.0,1.2525807300231269,490,-4.999999999999671,-11.388687449528708,0.0,-0.006054442687802176,"{2: 175, 3: 75}","{3: 29, 2: 67, 1: 99, 0: 55}",{1: 250},{1: 250},"{1: 247, 2: 3}","{1: 245, 2: 5}",0.014220649747985554,0.017909950595957663,0.01780190870465762,0.013434832148060873,0.058697350394623926,0.03759475493008853,0.09010028500539484,0.07767838564493636,,,,
1550,0,max_steps,1,1,0,517.1570217522783,2500,1094.0,1094.0,0.46061449852889347,0.1,0.10470957309007645,3.7470335960388184,-9.996002197265625,290.7158508300781,500.0,22.15502175225535,1367,-4.997999999999672,0.0,0.0,0.2068628087009113,"{4: 103, 3: 6, 1: 59, 0: 10, 2: 72}","{3: 122, 2: 109, 1: 19}",{1: 250},{1: 250},{1: 250},"{1: 244, 0: 6}",0.02106037867015382,0.012454181516700635,0.02783317154182713,0.029210477786990742,0.07578328528368297,0.026189852398341668,0.10865949180412925,0.11566856043066216,0.10289909857020413,0.036655928061984776,0.06257616199069704,0.16843625568253348
1560,0,max_steps,1,1,0,509.9023756743191,2500,542.0,542.0,0.4583166010461821,0.1,0.10618800669908524,3.742504358291626,-9.996002197265625,319.41290283203125,500.0,14.900375674298227,722,-4.997999999999672,0.0,0.0,0.20396095026972763,"{5: 132, 4: 91, 3: 27}","{3: 54, 0: 159, 1: 37}",{1: 250},{1: 250},{1: 250},{1: 250},0.01879666077913416,0.01289797177001263,0.01925831617318117,0.020996112011501828,0.04859829187943719,0.03310954501011973,0.06988761205258812,0.07674891394130201,0.10066031130735346,0.0421370395730844,0.05661418423730928,0.10923789415122866
1570,0,max_steps,1,0,0,6.762120302880674,2500,,,0.45603016723397605,0.1,0.10876975208520889,3.7540388107299805,-9.996002197265625,305.2629699707031,0.0,11.762120302880321,937,-4.999999999999671,0.0,0.0,0.0027048481211522694,"{1: 138, 2: 89, 0: 23}","{4: 79, 3: 96, 2: 75}",{1: 250},{1: 250},{1: 250},{1: 250},0.020166831092471492,0.01615655583952133,0.029710251414586136,0.03147155729089823,0.05176158053198647,0.035608687799115864,0.07453045322507817,0.08826596822531403,,,,
1580,0,max_steps,1,0,0,17.54988693162282,2500,,,0.4537551399027171,0.1,0.11040930449962616,3.826286792755127,-9.996002197265625,314.1487121582031,0.0,22.5498869316232,1398,-4.999999999999671,0.0,0.0,0.007019954772649127,"{2: 40, 1: 37, 3: 77, 4: 96}","{1: 155, 2: 80, 0: 15}",{1: 250},"{1: 249, 0: 1}","{1: 244, 0: 6}","{1: 246, 2: 1, 0: 3}",0.02852765539729244,0.018258385686047325,0.04366965096349629,0.04958580738630253,0.11060280011488247,0.0348997534713043,0.1280902919309824,0.11119367946055463,,,,
1590,0,max_steps,1,0,0,15.920985879403643,2500,,,0.45149146214815256,0.1,0.11069604754447937,3.8309099674224854,-9.996002197265625,314.38043212890625,0.0,20.920985879403762,1512,-4.999999999999671,0.0,0.0,0.006368394351761457,"{0: 11, 1: 65, 2: 174}","{4: 74, 3: 109, 2: 67}",{1: 250},{1: 250},{1: 250},"{1: 249, 2: 1}",0.021837687585110142,0.01300881010306346,0.03462036716628915,0.03338765324450786,0.044809975356546614,0.037242617888375226,0.054720351844310754,0.09084301142179567,,,,
1600,0,max_steps,1,0,0,6.721855948437398,2500,,,0.44923907734991153,0.1,0.10971015691757202,3.7343196868896484,-9.996002197265625,290.88555908203125,0.0,11.721855948437286,1493,-4.999999999999671,0.0,0.0,0.002688742379374959,"{4: 208, 3: 42}","{3: 177, 2: 73}",{1: 250},{1: 250},{1: 250},{1: 250},0.01681868255364033,0.010211650804652462,0.02336709464921732,0.017435249621845623,0.030280550005576813,0.023421881919405373,0.04021894489811748,0.040464627171492976,0.027942398753638426,0.02071564885404787,0.04074316365998688,0.042693244904310645
1610,0,max_steps,1,1,0,519.1646482573192,2500,370.0,370.0,0.4469979291700889,0.1,0.11037280410528183,3.710088014602661,-9.996002197265625,286.3012390136719,500.0,24.162648257300084,1281,-4.997999999999672,0.0,0.0,0.20766585930292766,"{3: 67, 5: 36, 6: 69, 4: 78}","{4: 34, 3: 2, 2: 127, 1: 63, 0: 24}",{1: 250},"{1: 249, 2: 1}","{1: 246, 2: 4}","{1: 248, 0: 2}",0.021600229030416314,0.01652525200931564,0.027432724611970417,0.025222903405653523,0.07925300946410543,0.03778220084952576,0.09190302902023856,0.08770759838526272,0.020220513066018967,0.03602744697057113,0.02799517829764061,0.021256200424556584
1620,0,max_steps,1,0,0,12.00088272964988,2500,,,0.44476796155183623,0.1,0.11173155903816223,3.774174213409424,-10.153016090393066,306.5439453125,0.0,17.000882729649888,1756,-4.999999999999671,0.0,0.0,0.004800353091859952,"{1: 138, 0: 13, 2: 99}","{2: 75, 3: 175}",{1: 250},{1: 250},{1: 250},{1: 250},0.015976603842712288,0.013306371888951195,0.017334360712560698,0.020289227630829493,0.04890251810324307,0.029767102599101293,0.0650793640106085,0.06660718756832514,,,,
1630,0,max_steps,1,0,0,1.3994959689438582,2500,,,0.4425491187179594,0.1,0.11425221711397171,3.8664891719818115,-10.153016090393066,313.4040832519531,0.0,6.3994959689438335,1024,-4.999999999999671,0.0,0.0,0.0005597983875775433,"{3: 62, 2: 188}","{2: 130, 3: 4, 1: 116}",{1: 250},{1: 250},{1: 250},{1: 250},0.01360984978866834,0.012033697352191947,0.019331553054120165,0.017919779109800967,0.03393541571963921,0.02250623636196495,0.05978666552188282,0.06214079390087854,0.012629194633789285,0.019265483668648428,0.01754960086551748,0.004893501002015187
1640,0,max_steps,1,0,0,11.544033857966058,2500,,,0.4403413451695236,0.1,0.11385948210954666,3.6979188919067383,-10.153016090393066,282.37689208984375,0.0,16.544033857966383,1402,-4.999999999999671,0.0,0.0,0.004617613543186423,"{2: 172, 1: 29, 3: 49}","{4: 38, 3: 212}",{1: 250},{1: 250},{1: 250},{1: 250},0.012999409339384146,0.012595179181529581,0.017795597925370617,0.016398338649971193,0.05285759532849223,0.037938398527696676,0.07031920956117607,0.0819529479173553,0.016176093703921132,0.035429327303131905,0.022392122649661155,0.0271452378749002
1650,0,max_steps,1,0,0,0.9248179344238947,2500,,,0.4381445856844652,0.1,0.1135803833603859,3.7206084728240967,-12.453956604003906,303.1758728027344,0.0,5.924817934423882,729,-4.999999999999671,0.0,0.0,0.00036992717376955786,"{4: 48, 5: 87, 6: 115}","{3: 32, 2: 27, 1: 137, 0: 54}",{1: 250},"{1: 249, 0: 1}",{1: 250},{1: 250},0.016443934057246663,0.01635110333778613,0.023658988467702972,0.03237246975510963,0.0627075544674573,0.040333814468313446,0.07854316972987693,0.06906029125505643,,,,
1660,0,max_steps,1,0,0,17.449959779734932,2500,,,0.43595878531621046,0.1,0.11311304569244385,3.716883897781372,-12.453956604003906,303.1758728027344,0.0,22.449959779734876,1028,-4.999999999999671,0.0,0.0,0.006979983911893973,"{5: 39, 6: 211}","{4: 73, 5: 14, 3: 163}",{1: 250},"{1: 249, 0: 1}","{1: 244, 2: 6}","{1: 248, 0: 2}",0.024814104228368446,0.014770895222138519,0.036200815231081526,0.04371939134065447,0.10512806224015608,0.03344466544156755,0.12177209913391833,0.12083864238914896,,,,
1670,0,max_steps,1,0,0,6.373829123741114,2500,,,0.4337838893923013,0.1,0.11180923134088516,3.662511110305786,-12.453956604003906,280.2110900878906,0.0,11.373829123741496,585,-4.999999999999671,0.0,0.0,0.0025495316494964456,"{0: 20, 1: 14, 2: 201, 3: 15}","{1: 20, 0: 230}",{1: 250},"{1: 249, 2: 1}",{1: 250},"{1: 239, 2: 11}",0.012795270497350323,0.01427653500917458,0.021168911193218412,0.02613081122009484,0.08055771555846182,0.04206890721621607,0.1158708453821675,0.13536463303461066,,,,
1680,0,max_steps,1,0,0,17.009739913743857,2500,,,0.43161984351302723,0.1,0.11443939805030823,3.685805559158325,-12.453956604003906,304.914794921875,0.0,22.009739913744273,1059,-4.999999999999671,0.0,0.0,0.006803895965497543,"{6: 101, 5: 100, 4: 49}","{1: 52, 0: 198}",{1: 250},"{1: 248, 0: 2}",{1: 250},"{1: 232, 0: 18}",0.03614646573580338,0.017644698787029657,0.05257258577429587,0.05427359458511716,0.10892424182654195,0.04137580498833924,0.1414712973977891,0.14288159236090361,,,,
1690,0,max_steps,1,0,0,4.558993202325827,2500,,,0.4294665935500658,0.1,0.1159227043390274,3.7749712467193604,-12.453956604003906,312.5835266113281,0.0,9.55899320232554,710,-4.999999999999671,0.0,0.0,0.001823597280930331,"{2: 152, 1: 55, 3: 43}","{3: 55, 2: 59, 1: 91, 0: 45}",{1: 250},{1: 250},{1: 250},"{1: 248, 2: 2}",0.017656639692505752,0.011727771487649117,0.021546452540439364,0.030321056526490545,0.07346773012472894,0.02940913042411531,0.09871087270982906,0.1100457449793008,,,,
1700,0,max_steps,1,0,0,-10.334194408498666,2500,,,0.4273240856451275,0.1,0.11852497607469559,3.69223952293396,-12.453956604003906,307.6041259765625,0.0,13.949579103458047,1263,-4.999999999999671,-19.28377351195673,0.0,-0.004133677763399467,"{2: 15, 3: 52, 4: 166, 5: 17}","{5: 17, 4: 80, 3: 100, 2: 50, 1: 3}",{1: 250},{1: 250},{1: 250},{1: 250},0.027190880012207024,0.017619055966369417,0.03782253541300052,0.04461841022541579,0.0628291687894935,0.0385081035943294,0.08874460819639413,0.09853112754968607,0.03440288690101905,0.007756181215991644,0.08539548500740077,0.09696457471168289
1710,0,max_steps,1,0,0,-1.7143206305963885,2500,,,0.42519226620860967,0.1,0.12055549770593643,3.7529590129852295,-12.453956604003906,304.0003662109375,0.0,3.28567936940361,933,-4.999999999999671,0.0,0.0,-0.0006857282522385554,"{4: 61, 5: 96, 6: 93}","{4: 113, 3: 137}",{1: 250},{1: 250},{1: 250},{1: 250},0.009991487580812908,0.010141539816858733,0.01390217094038035,0.017052441459986883,0.034443645942474295,0.01568037149317578,0.04091291798103664,0.040619697375087124,,,,
1720,0,crash,1,0,1,-97.91083730517782,1957,,,0.423071081918255,0.1,0.12108597904443741,3.739071846008301,-12.453956604003906,288.198486328125,0.0,17.1725598446649,766,-3.9139999999997905,-31.169397149842013,-80.0,-0.05003108702359623,"{5: 114, 4: 61, 3: 20}","{5: 19, 4: 46, 3: 93, 2: 28, 1: 9}",{1: 195},"{1: 189, 2: 6}",{1: 195},"{1: 190, 0: 5}",0.022352966039524344,0.03174035980100757,0.02514832544956678,0.031566882700576636,0.0749654522059097,0.0501597362705911,0.10508875613898315,0.10347896222637724,0.08811889428433485,0.05204280424336985,0.11059430213267427,0.14500088092881921
1730,0,max_steps,1,1,0,509.66520568787024,2500,712.0,712.0,0.4209604797178188,0.1,0.1222587525844574,3.81520676612854,-12.453956604003906,307.3519592285156,500.0,14.663205687883115,1179,-4.997999999999672,0.0,0.0,0.2038660822751481,"{2: 15, 3: 56, 5: 79, 6: 100}","{5: 18, 4: 49, 3: 4, 0: 179}",{1: 250},{1: 250},{1: 250},"{1: 249, 0: 1}",0.024757614616652497,0.014117384592521924,0.0326825035087648,0.0403892231278946,0.07097914606448462,0.0367565845125902,0.09456603032005849,0.10050318721621304,0.06307432127258727,0.026567149406445778,0.09515869109638511,0.09096932418310959
1740,0,max_steps,1,0,0,-4.444159212202856,2500,,,0.4188604068157413,0.1,0.12320736050605774,3.8716073036193848,-12.453956604003906,314.5932922363281,0.0,0.5558407877968768,180,-4.999999999999671,0.0,0.0,-0.0017776636848811425,"{6: 219, 5: 31}","{1: 76, 0: 174}",{1: 250},{1: 250},{1: 250},{1: 250},0.003954202414178676,0.01311066394619654,0.003539650814964935,0.007032262015958328,0.01994915193502013,0.019069541223358036,0.022526430664527256,0.02171662770328454,,,,
1750,0,max_steps,1,0,0,14.698614148505765,2500,,,0.41677081068382765,0.1,0.12402425706386566,3.9020211696624756,-12.453956604003906,331.165771484375,0.0,19.69861414850596,1110,-4.999999999999671,0.0,0.0,0.005879445659402306,"{5: 41, 6: 209}","{2: 82, 3: 168}","{1: 244, 2: 6}",{1: 250},"{1: 242, 2: 8}","{1: 241, 0: 9}",0.022508431851960102,0.01646068475963941,0.03271273725624511,0.03406430716631999,0.08425489833962196,0.039439079394816653,0.12096849855357321,0.1103709738247117,,,,
1760,0,max_steps,1,0,0,4.759256441039407,2500,,,0.4146916390559336,0.1,0.12382033467292786,3.8438661098480225,-12.453956604003906,296.7570495605469,0.0,9.7592564410391,985,-4.999999999999671,0.0,0.0,0.001903702576415763,"{5: 143, 6: 107}","{3: 116, 2: 134}",{1: 250},"{1: 249, 2: 1}",{1: 250},"{1: 248, 0: 1, 2: 1}",0.023346081434752378,0.014233797718541085,0.036171477864177126,0.04645127020821863,0.05189739869868619,0.04608850330365361,0.07643583318237736,0.10689013606930423,,,,
1770,0,max_steps,1,0,0,2.679022002344272,2500,,,0.41262283992665844,0.1,0.1256978064775467,3.9601778984069824,-12.453956604003906,322.2108154296875,0.0,7.679022002344017,1405,-4.999999999999671,0.0,0.0,0.0010716088009377089,{2: 250},"{4: 81, 3: 158, 2: 11}",{1: 250},"{1: 249, 2: 1}",{1: 250},{1: 250},0.004262516962253465,0.012844973563565766,0.006633148708092848,0.0074341598171490456,0.0118866849444657,0.0241384869769275,0.016777742781677422,0.019786583999197797,0.01300444703774822,0.015935585487122077,0.009105541664058562,0.016841733995675474
1780,0,max_steps,1,0,0,12.828644671426328,2500,,,0.4105643615500444,0.1,0.129320427775383,4.021485805511475,-12.453956604003906,324.11700439453125,0.0,17.828644671427114,1054,-4.999999999999671,0.0,0.0,0.005131457868570531,"{1: 26, 2: 42, 3: 182}","{2: 145, 1: 94, 0: 11}",{1: 250},{1: 250},"{1: 244, 0: 6}","{1: 248, 2: 2}",0.016717927832417552,0.012352620315398055,0.027287879691574566,0.028663693474838055,0.072815132366904,0.032314418047240556,0.09904734271569385,0.11040078243834421,0.04978661406868499,0.016931282190845613,0.05376810098851675,0.06490390002929079
1790,0,max_steps,1,0,0,5.33250501803213,2500,,,0.4085161524382818,0.1,0.1290685534477234,4.0326128005981445,-10.397014617919922,330.1191711425781,0.0,10.332505018031814,1054,-4.999999999999671,0.0,0.0,0.002133002007212852,"{2: 26, 3: 179, 4: 45}","{2: 21, 1: 211, 0: 18}",{1: 250},"{1: 249, 0: 1}",{1: 250},{1: 250},0.019115954196592448,0.011542602494701678,0.028367362144572965,0.03191610304679311,0.06419879463367417,0.03522307769337806,0.0852325743282159,0.09116590855552147,,,,
1800,0,max_steps,1,0,0,15.711730101659096,2500,,,0.406478161360422,0.1,0.128452330827713,4.005832195281982,-9.420970916748047,330.1191711425781,0.0,20.711730101659214,1390,-4.999999999999671,0.0,0.0,0.006284692040663639,"{6: 189, 5: 61}","{4: 17, 3: 66, 2: 117, 1: 50}",{1: 250},"{1: 248, 2: 2}",{1: 250},"{1: 248, 2: 2}",0.02683263851140511,0.012444445308261318,0.04729648798072812,0.05946026249471603,0.0752590658215278,0.04145363471507731,0.10742263349843306,0.13297896229144401,,,,
1810,0,max_steps,1,0,0,13.578856437922294,2500,,,0.40445033734109476,0.1,0.1275414675474167,3.9499545097351074,-9.420970916748047,308.16729736328125,0.0,18.578856437922454,1327,-4.999999999999671,0.0,0.0,0.005431542575168918,"{0: 164, 1: 11, 2: 49, 3: 26}","{1: 136, 0: 114}",{1: 250},"{1: 249, 0: 1}","{1: 247, 0: 3}",{1: 250},0.021486139973724883,0.01691015502248477,0.03042314161119495,0.03753162483162397,0.07510500777376174,0.03968082602053279,0.10446191218211316,0.10815533775969631,,,,
1820,0,max_steps,1,0,0,9.613608487555076,2500,,,0.4024326296592347,0.1,0.12749163806438446,3.847227096557617,-9.420970916748047,313.92864990234375,0.0,14.613608487555236,1004,-4.999999999999671,0.0,0.0,0.0038454433950220307,"{6: 147, 5: 78, 4: 25}","{2: 25, 1: 118, 0: 107}",{1: 250},"{1: 249, 0: 1}",{1: 250},"{1: 244, 0: 6}",0.012120690828227818,0.018329342724609267,0.020245579735296133,0.023382819402380753,0.062064133958242125,0.03260918765064278,0.09505767432364441,0.09935338992389801,,,,
1830,0,max_steps,1,0,0,-3.1466291782128204,2500,,,0.4004249878468118,0.1,0.12755057215690613,3.524912118911743,-9.420970916748047,254.54556274414062,0.0,1.8533708217870555,572,-4.999999999999671,0.0,0.0,-0.0012586516712851281,{5: 250},"{3: 171, 2: 73, 1: 6}",{1: 250},{1: 250},{1: 250},{1: 250},0.0028818149318187783,0.01198240280872678,0.004899681944072261,0.009255472909798324,0.012357103005383733,0.019521736618667112,0.019963097113045863,0.02989684354312599,,,,
1840,0,max_steps,1,0,0,2.159340158409205,2500,,,0.39842736168756887,0.1,0.13033808767795563,3.503685712814331,-9.420970916748047,267.6318664550781,0.0,7.159340158409143,704,-4.999999999999671,0.0,0.0,0.0008637360633636821,"{5: 43, 6: 207}","{4: 237, 3: 13}",{1: 250},"{1: 249, 2: 1}",{1: 250},{1: 250},0.019401161497126687,0.008520421588776217,0.028859971366916676,0.03471392632649896,0.06192625501116413,0.030542733192394356,0.09194152669883461,0.10296652833435621,,,,
1850,0,max_steps,1,0,0,3.8961000013879428,2500,,,0.396439701215766,0.1,0.13022422790527344,3.4010977745056152,-9.420970916748047,236.48011779785156,0.0,8.896100001387902,696,-4.999999999999671,0.0,0.0,0.0015584400005551771,"{1: 24, 0: 226}","{5: 80, 4: 123, 3: 47}",{1: 250},"{1: 249, 2: 1}",{1: 250},{1: 250},0.025115702568103748,0.011935090280283112,0.031008544323629643,0.061072942802984906,0.06691154160503614,0.026105641345105922,0.09720365557465789,0.1232543729127809,,,,
1860,0,max_steps,1,0,0,10.601510389821849,2500,,,0.3944619567149307,0.1,0.1311350166797638,3.4592654705047607,-9.420970916748047,262.06494140625,0.0,15.601510389822463,1226,-4.999999999999671,0.0,0.0,0.00424060415592874,"{0: 36, 1: 54, 2: 160}","{3: 209, 2: 37, 1: 4}",{1: 250},{1: 250},{1: 250},{1: 250},0.012256323399226252,0.01270268632116349,0.018454095771574332,0.021294839060176703,0.05486893423290496,0.025404402034916597,0.06182200072535107,0.07836010622024871,,,,
1870,0,max_steps,1,0,0,12.359604645331157,2500,,,0.3924940787166141,0.1,0.13208377361297607,3.5052013397216797,-9.420970916748047,274.4566345214844,0.0,17.359604645331338,1165,-4.999999999999671,0.0,0.0,0.004943841858132463,"{4: 107, 5: 98, 6: 45}",{3: 250},{1: 250},"{1: 249, 0: 1}",{1: 250},{1: 250},0.02240218186202323,0.016204340221054648,0.031929091942783774,0.03392308719024337,0.05434198892140404,0.038935873252625715,0.07020369964156346,0.0799190151715645,,,,
1880,0,max_steps,1,0,0,7.9694879397926215,2500,,,0.39053601799915405,0.1,0.13312825560569763,3.5470316410064697,-12.090545654296875,271.0250244140625,0.0,12.969487939792396,1298,-4.999999999999671,0.0,0.0,0.0031877951759170485,"{2: 31, 1: 99, 0: 120}","{5: 44, 4: 137, 3: 69}",{1: 250},{1: 250},{1: 250},{1: 250},0.020308161267617635,0.01031788498527305,0.033611274687265574,0.04043944642779835,0.054620389037813175,0.028831455838882303,0.07904787419591573,0.09893306860739387,,,,
1890,0,max_steps,1,0,0,4.594151509233051,2500,,,0.3885877255864434,0.1,0.1340624839067459,3.4552879333496094,-12.090545654296875,257.0535888671875,0.0,9.5941515092328,784,-4.999999999999671,0.0,0.0,0.0018376606036932205,"{5: 139, 4: 32, 6: 79}","{2: 11, 1: 159, 0: 80}",{1: 250},{1: 250},{1: 250},"{1: 249, 0: 1}",0.01312353701254852,0.009744824733708322,0.018676763541647677,0.023008194346970257,0.09280156616985243,0.020822865148662648,0.10774634862235932,0.09956185314243163,,,,
1900,0,max_steps,1,0,0,7.951563430590696,2500,,,0.3866491527467055,0.1,0.13292482495307922,3.3674473762512207,-12.090545654296875,229.15452575683594,0.0,12.951563430590786,1457,-4.999999999999671,0.0,0.0,0.003180625372236278,"{3: 221, 2: 29}","{5: 69, 6: 28, 4: 102, 3: 51}",{1: 250},"{1: 249, 2: 1}",{1: 250},{1: 250},0.009640370520006727,0.010559972989002766,0.01614765370344768,0.017233353639481593,0.024543513265690587,0.03407835649345976,0.032481118491934136,0.03969194461160844,0.02143316338308604,0.01732038593034781,0.026554406020469327,0.02613867888361715
1910,0,max_steps,1,1,0,510.0586009775119,2500,1634.0,1634.0,0.384720250991275,0.1,0.1327790915966034,3.3816604614257812,-12.090545654296875,241.951904296875,500.0,15.056600977516167,1471,-4.997999999999672,0.0,0.0,0.20402344039100476,"{3: 99, 2: 151}","{5: 97, 4: 63, 3: 3, 0: 33, 1: 54}",{1: 250},{1: 250},{1: 250},{1: 250},0.014630360614353544,0.010917679851645582,0.02356152902331403,0.026197673874297042,0.03414287245044379,0.03668761864258069,0.04508478677571573,0.050842165803201965,0.03210191713551004,0.035921328595580296,0.036065494869511404,0.02361233765395829
1920,0,max_steps,1,0,0,7.422829577502784,2500,,,0.3828009720733851,0.1,0.1336059272289276,3.4320085048675537,-12.090545654296875,260.502197265625,0.0,12.422829577503647,781,-4.999999999999671,0.0,0.0,0.0029691318310011137,"{4: 48, 3: 168, 2: 34}","{1: 99, 2: 45, 0: 106}","{1: 247, 2: 3}",{1: 250},"{1: 244, 2: 6}","{1: 241, 0: 9}",0.025195526705840125,0.014258091673665643,0.03588848028685285,0.03610535431416603,0.07376477244604823,0.037991946481477495,0.0876853363761836,0.09680541031409709,,,,
1930,0,max_steps,1,1,0,529.2121549156396,2500,1514.0,1514.0,0.3808912679869608,0.1,0.1348513513803482,3.4593446254730225,-12.090545654296875,265.5614929199219,500.0,34.210154915621445,1602,-4.997999999999672,0.0,0.0,0.21168486196625586,"{0: 114, 1: 11, 2: 25, 3: 1, 6: 84, 5: 15}","{5: 8, 4: 46, 3: 97, 0: 99}",{1: 250},"{1: 249, 0: 1}","{1: 247, 0: 3}",{1: 250},0.02342407055896413,0.015048153140515053,0.03673167409037137,0.04446816517844361,0.07880472582719752,0.03141118724428493,0.09377524945200551,0.0947372107418988,0.06502413401449962,0.015666879811221522,0.054243396617322685,0.03545121512757404
1940,0,max_steps,1,0,0,0.07390824974223999,2500,,,0.3789910909654182,0.1,0.1346345990896225,3.4681403636932373,-12.090545654296875,266.819580078125,0.0,5.073908249742158,632,-4.999999999999671,0.0,0.0,2.9563299896895994e-05,"{2: 171, 1: 79}","{3: 218, 2: 6, 4: 26}",{1: 250},{1: 250},{1: 250},{1: 250},0.016955895555071668,0.012190496384377279,0.019345384793043416,0.015248955604987846,0.03898307998475555,0.03864760331874673,0.05676583303531591,0.060987440617936144,,,,
1950,0,max_steps,1,0,0,14.818889221023584,2500,,,0.3771003934804696,0.1,0.13478374481201172,3.5020570755004883,-15.917900085449219,277.189697265625,0.0,19.8188892210237,1382,-4.999999999999671,0.0,0.0,0.005927555688409434,"{5: 30, 6: 169, 4: 51}","{1: 196, 0: 18, 2: 36}",{1: 250},{1: 250},{1: 250},"{1: 248, 0: 2}",0.018183559205692073,0.010732991216010044,0.027242872869254097,0.030708155669459572,0.09487427444879082,0.03369986394701864,0.10827728787171004,0.11211671618312934,,,,
1960,0,max_steps,1,0,0,10.755307895111537,2500,,,0.3752191282409347,0.1,0.1348242610692978,3.507486581802368,-15.917900085449219,271.36083984375,0.0,18.040001239242933,1205,-4.999999999999671,-2.2846933441307757,0.0,0.004302123158044614,"{5: 46, 4: 204}","{5: 46, 4: 27, 3: 152, 2: 25}",{1: 250},"{1: 249, 2: 1}",{1: 250},{1: 250},0.008910260395267142,0.015364075682292616,0.01043430011597961,0.011695016509650484,0.03437383238851271,0.04581284844227411,0.05248365866046606,0.07559895567152952,,,,
1970,0,max_steps,1,0,0,3.773390495257633,2500,,,0.3733472481915578,0.1,0.13460798561573029,3.5019452571868896,-15.917900085449219,269.520751953125,0.0,8.773390495257374,1040,-4.999999999999671,0.0,0.0,0.0015093561981030532,"{4: 111, 5: 131, 6: 8}","{5: 25, 4: 64, 3: 145, 2: 16}",{1: 250},{1: 250},{1: 250},{1: 250},0.0252904578630637,0.020304360365333014,0.03206325991875055,0.03630628524346127,0.05253177759249649,0.040777085423572994,0.06417391196158752,0.07840085909590208,,,,
1980,0,max_steps,1,0,0,4.37135019314057,2500,,,0.37148470651183096,0.1,0.13352175056934357,3.4255759716033936,-15.917900085449219,243.4485626220703,0.0,9.37135019314045,1203,-4.999999999999671,0.0,0.0,0.001748540077256228,{4: 250},"{4: 28, 3: 190, 2: 32}",{1: 250},{1: 250},{1: 250},{1: 250},0.01346805776965965,0.016181166378619882,0.018230293897227787,0.01991369252182027,0.032631342729993656,0.03764192745497515,0.04745534246572135,0.053483557683045684,0.026636706899456828,0.029296610869062604,0.052797823104026274,0.05894270470034686
1990,0,max_steps,1,0,0,1.141738857236691,2500,,,0.36963145661482244,0.1,0.1324426680803299,3.3478822708129883,-15.917900085449219,234.16810607910156,0.0,6.141738857236395,769,-4.999999999999671,0.0,0.0,0.00045669554289467644,"{4: 228, 3: 22}","{4: 5, 3: 186, 2: 57, 1: 2}",{1: 250},{1: 250},{1: 250},{1: 250},0.0043642143166783606,0.01427616932592551,0.006237035697143463,0.007416036930530864,0.02032800793241731,0.028373272485653023,0.02597992989468847,0.01949827633362222,0.02238364618369534,0.02822328195174158,0.024518774580998288,0.019721374405561837
2000,0,max_steps,1,1,0,511.38927529770564,2500,366.0,366.0,0.3677874521460121,0.1,0.13343679904937744,3.3904311656951904,-15.917900085449219,258.40618896484375,500.0,16.387275297715075,1462,-4.997999999999672,0.0,0.0,0.20455571011908225,"{3: 36, 4: 202, 5: 12}","{4: 26, 3: 10, 1: 100, 0: 5, 2: 109}",{1: 250},"{1: 248, 2: 1, 0: 1}",{1: 250},"{1: 249, 0: 1}",0.020082014804650546,0.017116597047864907,0.024596750804978036,0.033232625585573106,0.05031592879680933,0.04586035270589411,0.07989515134714123,0.0998318814714692,0.014325410195809744,0.054388959112803725,0.018052992319610387,0.011979167937374609
2010,0,max_steps,1,0,0,1.4064562288500375,2500,,,0.3659526469821314,0.1,0.1338089108467102,3.3946750164031982,-15.917900085449219,255.82142639160156,0.0,6.4064562288499625,974,-4.999999999999671,0.0,0.0,0.000562582491540015,{4: 250},"{3: 237, 2: 13}",{1: 250},{1: 250},{1: 250},{1: 250},0.005825643585739794,0.011583279175831875,0.0074733213161480554,0.007989760117239383,0.017459391833596613,0.018673103876743296,0.02201440331284829,0.019899467156096317,,,,
2020,0,max_steps,1,0,0,13.32276592537332,2500,,,0.36412699523001,0.1,0.13433592021465302,3.43284273147583,-15.917900085449219,274.7322082519531,0.0,18.322765925373783,958,-4.999999999999671,0.0,0.0,0.005329106370149328,"{5: 57, 6: 193}",{3: 250},{1: 250},{1: 250},"{1: 246, 2: 4}","{1: 237, 0: 13}",0.030654343854942638,0.012153522482574945,0.04801371089045767,0.06797841429561982,0.08765867843414045,0.043886407097598015,0.12241661715169151,0.141191902907086,,,,
2030,0,max_steps,1,0,0,-1.9354169380428363,2500,,,0.36231045122542793,0.1,0.13667108118534088,3.5080156326293945,-15.917900085449219,269.51800537109375,0.0,3.0645830619570367,472,-4.999999999999671,0.0,0.0,-0.0007741667752171345,"{4: 29, 5: 54, 6: 167}","{1: 231, 2: 12, 0: 7}",{1: 250},{1: 250},{1: 250},"{1: 249, 2: 1}",0.020698149076361194,0.008600425508142141,0.026150804862884135,0.03579953677146502,0.057796684319219374,0.03107473420463426,0.07601187653784076,0.07021558330748486,,,,
2040,0,max_steps,1,0,0,-3.750243953493251,2500,,,0.3605029695319729,0.1,0.13655322790145874,3.4634335041046143,-15.917900085449219,244.70355224609375,0.0,1.2497560465065534,778,-4.999999999999671,0.0,0.0,-0.0015000975813973002,"{5: 44, 6: 206}","{3: 214, 2: 36}",{1: 250},{1: 250},{1: 250},{1: 250},0.0016144273026053226,0.011722101538522217,0.002546770974950296,0.006332869164020734,0.014043262519841023,0.016680063685221905,0.019747768361910417,0.027585114949723002,,,,
2050,0,max_steps,1,0,0,-4.964920205338695,2500,,,0.3587045049399047,0.1,0.13716627657413483,3.503739833831787,-15.917900085449219,269.71160888671875,0.0,0.035079794660980435,62,-4.999999999999671,0.0,0.0,-0.001985968082135478,{5: 250},"{1: 29, 0: 221}",{1: 250},{1: 250},{1: 250},{1: 250},0.001495158373242483,0.013114684905917405,0.0018456707451155146,0.006186596793796719,0.02187405672404178,0.024332112945314403,0.029755682585519964,0.035037929656774575,,,,
2060,0,max_steps,1,0,0,13.363316104621934,2500,,,0.35691501246502344,0.1,0.14295834302902222,3.680914878845215,-15.917900085449219,310.9306335449219,0.0,18.363316104622363,961,-4.999999999999671,0.0,0.0,0.005345326441848774,"{5: 67, 6: 169, 4: 14}","{3: 102, 2: 148}",{1: 250},"{1: 249, 0: 1}","{1: 246, 2: 4}","{1: 249, 0: 1}",0.027592815362731695,0.01100395126593222,0.042380287330173357,0.060694276675771125,0.08849937629152115,0.030762711904356997,0.11839711691263828,0.11762499664138838,,,,
2070,0,max_steps,1,0,0,9.457746202427769,2500,,,0.3551344473475453,0.1,0.14228132367134094,3.673837423324585,-15.917900085449219,310.9306335449219,0.0,14.457746202427488,1171,-4.999999999999671,0.0,0.0,0.0037830984809711075,"{2: 160, 3: 62, 4: 28}","{1: 166, 0: 84}",{1: 250},"{1: 249, 0: 1}","{1: 247, 0: 3}","{1: 249, 0: 1}",0.032882546601561126,0.011294739877124588,0.04768952767823126,0.06362946188753477,0.1086864618362268,0.027763387448506816,0.13087913217471622,0.1288517985541286,,,,
2080,0,max_steps,1,0,0,15.404372774592822,2500,,,0.3533627650509821,0.1,0.14216424524784088,3.63354229927063,-15.917900085449219,265.80316162109375,0.0,20.404372774593643,1190,-4.999999999999671,0.0,0.0,0.006161749109837129,"{0: 84, 1: 131, 2: 35}","{4: 26, 3: 133, 2: 91}",{1: 250},{1: 250},{1: 250},{1: 250},0.02900319325529558,0.023899445859225217,0.04836103066789222,0.054116273439182246,0.0711497564813757,0.04767254672609748,0.09069327810274622,0.11031062923696144,,,,
2090,0,max_steps,1,0,0,6.915806578577681,2500,,,0.3515999212610278,0.1,0.14185360074043274,3.6539573669433594,-15.917900085449219,283.24029541015625,0.0,11.915806578577488,1265,-4.999999999999671,0.0,0.0,0.0027663226314310722,"{3: 54, 4: 196}","{5: 26, 4: 131, 3: 93}",{1: 250},{1: 250},{1: 250},{1: 250},0.014575086529149728,0.013326835608624956,0.02045241421811681,0.020628807100288145,0.045669746577006856,0.028234390174591544,0.0706119526926369,0.09560187543830662,,,,
2100,0,max_steps,1,0,0,5.842362513127984,2500,,,0.34984587188445015,0.1,0.14164571464061737,3.650766611099243,-15.917900085449219,283.24029541015625,0.0,10.842362513127686,893,-4.999999999999671,0.0,0.0,0.0023369450052511936,"{3: 215, 2: 14, 4: 21}","{1: 158, 2: 20, 0: 72}",{1: 250},"{1: 246, 0: 4}",{1: 250},"{1: 249, 0: 1}",0.01047921489800298,0.011359034269033553,0.013561523577953719,0.020327839929449164,0.03013344762000223,0.03968761148258718,0.041935708495080055,0.06428645717080707,,,,
2110,0,max_steps,1,0,0,-3.6668213413769424,2500,,,0.34810057304798775,0.1,0.1403672695159912,3.6007704734802246,-15.917900085449219,259.6156005859375,0.0,1.353235708974232,136,-4.999999999999671,-0.02005705035147559,0.0,-0.001466728536550777,"{3: 244, 4: 6}","{1: 15, 0: 235}",{1: 250},{1: 250},{1: 250},{1: 250},0.00635952074148515,0.01364959962214094,0.010377423786384433,0.014801502947736331,0.045340665376044385,0.034664561079237904,0.060395625565988056,0.07679169438652333,,,,
2120,0,max_steps,1,0,0,23.310095165206064,2500,,,0.3463639810972523,0.1,0.14010080695152283,3.585413694381714,-15.917900085449219,261.02685546875,0.0,28.310095165206263,1119,-4.999999999999671,0.0,0.0,0.009324038066082426,"{6: 227, 5: 23}","{4: 57, 3: 175, 2: 18}","{1: 232, 0: 18}","{1: 249, 2: 1}","{1: 225, 2: 6, 0: 19}","{1: 217, 0: 15, 2: 18}",0.02623696245020042,0.013714297117096362,0.04079542744418434,0.039640409643208606,0.13584991996715504,0.04021624491039081,0.17730660661171568,0.20031679608501965,,,,
2130,0,max_steps,1,0,0,3.5412978393663677,2500,,,0.3446360525956371,0.1,0.14194810390472412,3.671520233154297,-15.917900085449219,289.16949462890625,0.0,8.541297839366093,928,-4.999999999999671,0.0,0.0,0.001416519135746547,"{2: 132, 3: 118}","{2: 50, 1: 111, 0: 89}",{1: 250},"{1: 249, 0: 1}",{1: 250},{1: 250},0.02283474597149774,0.012547319950218183,0.030649335470701332,0.028428262103494865,0.05230031451006527,0.03202582336104992,0.07933167217946796,0.09062454929415806,,,,
2140,0,max_steps,1,0,0,-3.7634115508226706,2500,,,0.3429167443232307,0.1,0.1417587399482727,3.668456792831421,-15.917900085449219,269.3269958496094,0.0,1.2365884491771317,641,-4.999999999999671,0.0,0.0,-0.0015053646203290682,"{2: 212, 1: 38}","{3: 147, 2: 100, 1: 3}",{1: 250},{1: 250},{1: 250},{1: 250},0.00460969034472773,0.012153946266796386,0.00475571197469154,0.0069918328969608146,0.03445993562643892,0.01892554135328026,0.040446619355804805,0.03548218645998779,,,,
2150,0,max_steps,1,0,0,7.839964698697719,2500,,,0.34120601327573535,0.1,0.14185471832752228,3.619995355606079,-13.177358627319336,285.9259948730469,0.0,23.761661983431342,1008,-4.999999999999671,-10.921697284733943,0.0,0.0031359858794790876,"{5: 60, 6: 38, 4: 141, 3: 11}","{3: 71, 2: 65, 1: 71, 0: 43}",{1: 250},"{1: 249, 0: 1}",{1: 250},{1: 250},0.041015854626520964,0.02042091886870502,0.06371697283364805,0.08030192879217816,0.084999018484851,0.042436698163863015,0.12061487532241967,0.13177985943337384,,,,
2160,0,max_steps,1,0,0,8.529059701350647,2500,,,0.3395038166633917,0.1,0.14385215938091278,3.652595281600952,-13.177358627319336,284.47723388671875,0.0,13.52905970135063,1014,-4.999999999999671,0.0,0.0,0.0034116238805402587,"{4: 30, 3: 121, 2: 99}","{1: 21, 0: 229}",{1: 250},"{1: 246, 0: 4}",{1: 250},"{1: 242, 2: 4, 0: 4}",0.033807356924688656,0.018526127987426526,0.045086645917347554,0.055312728804280044,0.07974178241849313,0.04765978009936966,0.10972419144442805,0.13389288184765916,,,,
2170,0,max_steps,1,0,0,-4.481286246136771,2500,,,0.3378101119099084,0.1,0.14603114128112793,3.7461938858032227,-13.177358627319336,304.0392761230469,0.0,0.5472887660400272,95,-4.999999999999671,-0.028575012177108505,0.0,-0.0017925144984547085,{3: 250},"{1: 22, 0: 228}",{1: 250},{1: 250},{1: 250},{1: 250},0.0053050832494557516,0.012947543315775205,0.008495767737771937,0.012197888222678942,0.03383315808418041,0.03173264550641273,0.05277043977833311,0.055952612733635214,,,,
2180,0,max_steps,1,0,0,18.054875882225247,2500,,,0.33612485665139746,0.1,0.14671525359153748,3.7247142791748047,-13.177358627319336,291.597900390625,0.0,23.0548758822253,1200,-4.999999999999671,0.0,0.0,0.007221950352890099,"{5: 82, 4: 160, 3: 8}","{4: 83, 5: 2, 3: 89, 2: 39, 1: 37}",{1: 250},{1: 250},{1: 250},"{1: 249, 0: 1}",0.019343116316263988,0.02213227316049956,0.02481494728453466,0.028793330883783518,0.055502297445690386,0.04050507458304928,0.0729831145328736,0.09422828812160909,0.05327452518638981,0.045242415440467,0.057058282038409014,0.06760145761137118
2190,0,max_steps,1,0,0,5.098738777587306,2500,,,0.3344480087353141,0.1,0.14835527539253235,3.6954774856567383,-13.177358627319336,268.8436279296875,0.0,10.098738777587037,834,-4.999999999999671,0.0,0.0,0.0020394955110349224,"{3: 149, 2: 27, 4: 56, 5: 18}","{2: 23, 1: 118, 0: 109}",{1: 250},{1: 250},{1: 250},"{1: 247, 0: 3}",0.03324385073710237,0.02163914125075122,0.04829806187199311,0.053366494939610064,0.08541280673265957,0.04396250966471028,0.12073636716589145,0.13154343160136062,,,,
2200,0,crash,1,0,1,-151.4868570701151,2421,,,0.3327795262194029,0.1,0.1483372300863266,3.7381041049957275,-13.177358627319336,302.3744201660156,0.0,0.0,0,-4.841999999999689,-66.64485707011531,-80.0,-0.0625720186163218,"{4: 38, 5: 155, 6: 49}","{2: 7, 1: 22, 0: 213}",{1: 242},{1: 242},{1: 242},{1: 242},0.007497898110554541,0.015444842958976458,0.00994884886326505,0.011330978498044063,0.03290240069533552,0.042896086599706534,0.038407171108683746,0.042730821948065247,,,,
2210,0,max_steps,1,0,0,7.847665527481484,2500,,,0.33111936737064823,0.1,0.1477295607328415,3.7273881435394287,-13.177358627319336,302.3744201660156,0.0,12.84766552748225,902,-4.999999999999671,0.0,0.0,0.003139066210992594,"{6: 29, 5: 57, 4: 164}","{2: 111, 1: 31, 0: 108}",{1: 250},{1: 250},{1: 250},{1: 250},0.01770377600994779,0.014317900481458479,0.020692107358722546,0.02598364049181607,0.0424329263507768,0.03453638172348772,0.06034520660290541,0.08472689547265315,,,,
2220,0,max_steps,1,0,0,1.7451013089366598,2500,,,0.3294674906642309,0.1,0.1505814641714096,3.7448620796203613,-13.177358627319336,291.5099792480469,0.0,6.745101308936587,800,-4.999999999999671,0.0,0.0,0.0006980405235746639,"{5: 86, 4: 11, 6: 153}","{3: 25, 2: 197, 1: 28}",{1: 250},"{1: 249, 2: 1}",{1: 250},{1: 250},0.01621930059113986,0.019035465430804154,0.025574460018633012,0.033949017366867604,0.06320116340266091,0.0393386160235643,0.08357347299415056,0.10106161341208353,,,,
2230,0,max_steps,1,1,0,507.10821858911277,2500,1140.0,1140.0,0.3278238547824892,0.1,0.15375734865665436,3.8280677795410156,-13.767087936401367,289.4622802734375,500.0,12.106218589122294,1181,-4.997999999999672,0.0,0.0,0.20284328743564511,"{2: 110, 3: 3, 6: 137}","{3: 236, 2: 14}",{1: 250},"{1: 249, 0: 1}",{1: 250},{1: 250},0.014584088197098128,0.017273381352734908,0.019869192299120188,0.026303270019004305,0.05929855089053933,0.03976390489353421,0.07291752936719746,0.06439268300140914,0.06512389363277438,0.05275608497950289,0.052567194889011466,0.07694015321747183
2240,0,max_steps,1,0,0,12.30300553089047,2500,,,0.3261884186138854,0.1,0.1540207862854004,3.841240406036377,-13.177358627319336,294.0338134765625,0.0,17.303005530890584,1156,-4.999999999999671,0.0,0.0,0.004921202212356188,"{2: 120, 1: 111, 0: 19}","{5: 44, 4: 49, 3: 157}",{1: 250},{1: 250},{1: 250},"{1: 249, 2: 1}",0.039848199529435635,0.012953205323641536,0.05319937505737854,0.05048420928305622,0.059815429972790254,0.03249868067858571,0.083613385976199,0.09178997637484218,,,,
2250,0,max_steps,1,0,0,7.0290089434459,2500,,,0.3245611412519779,0.1,0.15429994463920593,3.766892433166504,-13.177358627319336,279.15069580078125,0.0,12.02900894344569,1019,-4.999999999999671,0.0,0.0,0.00281160357737836,"{4: 24, 5: 93, 6: 133}","{4: 4, 3: 246}",{1: 250},{1: 250},"{1: 243, 0: 7}","{1: 235, 0: 12, 2: 3}",0.03009717678772214,0.010874779519453913,0.0462259599591231,0.05652434974216655,0.06690380306251895,0.03226060951340989,0.09826237777907891,0.14136032910967314,,,,
2260,0,max_steps,1,0,0,4.039859073966157,2500,,,0.3229419819943975,0.1,0.154205784201622,3.6917498111724854,-11.371092796325684,270.0270080566406,0.0,9.039859073965829,1106,-4.999999999999671,0.0,0.0,0.0016159436295864627,"{4: 155, 3: 95}","{3: 51, 2: 112, 1: 87}",{1: 250},{1: 250},{1: 250},{1: 250},0.026967851032718586,0.010538357692675835,0.03322802619626743,0.02790432808176365,0.054757147773372636,0.023919470914332337,0.0723548027518351,0.06778826687919032,0.03782364359659275,0.02392456956657607,0.0564455959236886,0.06020255287388324
2270,0,max_steps,1,0,0,4.107794463937115,2500,,,0.3213309003418295,0.1,0.15543726086616516,3.732264280319214,-11.371092796325684,303.0779724121094,0.0,9.107794463937,1169,-4.999999999999671,0.0,0.0,0.0016431177855748458,"{4: 220, 3: 30}","{1: 51, 2: 199}",{1: 250},{1: 250},{1: 250},{1: 250},0.008519858581973284,0.012503462573600096,0.013195566736456674,0.01339071331210772,0.061044647205172026,0.028104939094231503,0.07894950809962911,0.0732508558838013,,,,
2280,0,crash,1,0,1,-116.18317195047058,1806,,,0.31972785599700076,0.1,0.15721507370471954,3.7632246017456055,-15.77740478515625,276.1501159667969,0.0,1.6511465010476851,215,-3.611999999999824,-34.222318451518255,-80.0,-0.06433176741443554,"{2: 22, 3: 55, 4: 45, 5: 29, 6: 29}","{3: 22, 2: 21, 1: 44, 0: 93}",{1: 180},"{1: 162, 2: 18}",{1: 180},{1: 180},0.04321121290753221,0.02037596593566185,0.03947039017181947,0.02543332364721672,0.07913817125769143,0.05970124056692542,0.0965161255794439,0.06799845463970129,0.09238430760118034,0.04907257008088002,0.10859195891269435,0.0702492715247938
2290,0,max_steps,1,0,0,12.703269294634497,2500,,,0.3181328088636719,0.1,0.16037431359291077,3.826212167739868,-15.77740478515625,297.30426025390625,0.0,17.70326929463465,1334,-4.999999999999671,0.0,0.0,0.005081307717853799,"{4: 121, 5: 48, 3: 81}","{5: 105, 6: 19, 4: 126}",{1: 250},{1: 250},{1: 250},"{1: 244, 0: 6}",0.027126220166158413,0.013185026022799876,0.036988042402410416,0.032297000179077,0.07489298445758456,0.035300046928722524,0.09819156738755917,0.09322914283351265,,,,
2300,0,max_steps,1,1,0,532.3582053810183,2500,1057.0,1057.0,0.31654571904563433,0.1,0.1611979752779007,3.803887367248535,-15.77740478515625,276.7148742675781,500.0,37.35620538098711,1490,-4.997999999999672,0.0,0.0,0.2129432821524073,"{6: 55, 5: 39, 4: 10, 3: 15, 2: 104, 1: 27}","{4: 46, 5: 33, 3: 26, 1: 126, 2: 16, 0: 3}","{1: 227, 2: 23}","{1: 248, 2: 1, 0: 1}","{1: 229, 2: 21}","{1: 240, 0: 8, 2: 2}",0.0393084688629258,0.015956095987574272,0.06375698801346821,0.07158360886192189,0.14345669683070256,0.04076974655285285,0.1616972734623236,0.13340222143646016,0.20622619278553123,0.006197968421186424,0.20695152844194134,0.10152302009172583
2310,0,max_steps,1,0,0,14.548002855766853,2500,,,0.31496654684571196,0.1,0.16242888569831848,3.88236141204834,-15.77740478515625,302.7198791503906,0.0,19.54800285576707,1397,-4.999999999999671,0.0,0.0,0.0058192011423067415,"{1: 171, 2: 79}","{1: 17, 2: 224, 3: 9}",{1: 250},{1: 250},{1: 250},"{1: 247, 2: 1, 0: 2}",0.017013772712427,0.013004472406952093,0.0256077442663981,0.034903337135001815,0.05767613814310701,0.03691841262361371,0.08913942437768824,0.11300889743838627,,,,
2320,0,max_steps,1,0,0,6.489831395493232,2500,,,0.3133952527647689,0.1,0.16357199847698212,3.7888715267181396,-15.77740478515625,269.22088623046875,0.0,11.489831395493107,1420,-4.999999999999671,0.0,0.0,0.0025959325581972927,"{4: 215, 5: 35}","{5: 246, 6: 2, 4: 2}",{1: 250},"{1: 249, 2: 1}",{1: 250},{1: 250},0.017158027787209883,0.01351866134601351,0.021059783189503425,0.02214098391981164,0.042567897634249105,0.026442681411496555,0.04888869463086084,0.05070778466592129,,,,
2330,0,max_steps,1,1,0,413.93142411519904,2500,974.0,974.0,0.3118317975007209,0.1,0.16433146595954895,3.7980082035064697,-15.77740478515625,281.4776916503906,500.0,18.805163478826664,1605,-4.997999999999672,-99.8757393636403,0.0,0.1655725696460796,"{4: 208, 3: 4, 5: 38}","{5: 33, 4: 28, 3: 79, 2: 40, 1: 70}",{1: 250},"{1: 249, 2: 1}",{1: 250},{1: 250},0.01742082357208604,0.017447542556435193,0.025384323547673088,0.023975549081994126,0.03934110962534876,0.04596930381314415,0.04559729306105234,0.059092372634659655,0.04163235397181412,0.04287316706882879,0.029308459731901153,0.02785972198297896
2340,0,max_steps,1,1,0,504.7574756511749,2500,335.0,335.0,0.3102761419475527,0.1,0.16611798107624054,3.8823494911193848,-15.77740478515625,318.3509521484375,500.0,9.755475651192032,719,-4.997999999999672,0.0,0.0,0.20190299026046996,"{2: 32, 3: 1, 4: 65, 5: 35, 6: 117}","{3: 33, 0: 119, 1: 98}",{1: 250},"{1: 246, 0: 4}","{1: 244, 0: 6}","{1: 249, 0: 1}",0.013362926101225633,0.013963396328656945,0.02050878787466974,0.028032865290189418,0.06830631776097783,0.02739851307681407,0.07148314442315949,0.10038724752821729,0.05238418680713145,0.023554633451913828,0.05492980658450688,0.050810350591061676
2350,0,max_steps,1,0,0,23.62961122024638,2500,,,0.30872824719433983,0.1,0.16757529973983765,3.744684934616089,-15.77740478515625,286.66253662109375,0.0,28.629611220246158,1458,-4.999999999999671,0.0,0.0,0.009451844488098552,"{4: 106, 3: 22, 5: 66, 6: 56}","{4: 133, 5: 10, 3: 107}",{1: 250},{1: 250},"{1: 248, 2: 2}",{1: 250},0.0437841554440094,0.012532272173695923,0.05871511463028292,0.07297602518911908,0.10049204751649422,0.04091885853068193,0.14440164666785144,0.13066685025434602,0.05489109788696639,0.0220060648154092,0.14413699401001784,0.13693509735897208
2360,0,max_steps,1,0,0,-0.6718966871993964,2500,,,0.3071880745242752,0.1,0.1692141741514206,3.655942440032959,-15.77740478515625,261.95526123046875,0.0,4.3281033128005655,630,-4.999999999999671,0.0,0.0,-0.0002687586748797586,"{2: 167, 3: 62, 4: 21}","{2: 101, 1: 43, 0: 106}",{1: 250},"{1: 249, 0: 1}",{1: 250},{1: 250},0.0053959543481212876,0.014108828714623886,0.008078967480268668,0.01397597200621826,0.06206670003406901,0.046226477401855495,0.07568153684115715,0.08876547802040684,,,,
2370,0,max_steps,1,0,0,1.2128390414129455,2500,,,0.3056555854137008,0.1,0.17276528477668762,3.7095730304718018,-15.77740478515625,264.6524353027344,0.0,6.212839041412887,859,-4.999999999999671,0.0,0.0,0.0004851356165651782,"{5: 65, 6: 185}","{3: 7, 2: 45, 1: 193, 0: 5}",{1: 250},{1: 250},{1: 250},"{1: 249, 2: 1}",0.016069137189039816,0.015594152922295323,0.017976074346618486,0.02935609942535983,0.046458604415410686,0.0454302911096258,0.07144315162744366,0.10277568163380933,,,,
2380,0,max_steps,1,1,0,502.142937074179,2500,1083.0,1083.0,0.30413074153114394,0.1,0.17408600449562073,3.7634902000427246,-15.77740478515625,279.6956481933594,500.0,7.140937074190542,1095,-4.997999999999672,0.0,0.0,0.20085717482967158,"{3: 108, 2: 130, 1: 12}","{4: 104, 3: 4, 2: 59, 1: 61, 0: 22}",{1: 250},{1: 250},{1: 250},{1: 250},0.0119660218061794,0.013104185034450431,0.016516393199471208,0.01530194426477486,0.04145529614919801,0.02964674515938776,0.0482977255142712,0.04692276841514162,0.008822699436526048,0.014741747245703924,0.014094375372696075,0.01685607353659444
2390,0,max_steps,1,0,0,13.202747715199202,2500,,,0.30261350473635873,0.1,0.174907848238945,3.8200817108154297,-15.77740478515625,273.9167785644531,0.0,18.202747715199557,1158,-4.999999999999671,0.0,0.0,0.005281099086079681,"{1: 223, 0: 27}","{3: 85, 2: 156, 1: 9}",{1: 250},"{1: 249, 0: 1}",{1: 250},"{1: 249, 0: 1}",0.02613642195617657,0.015113475734925825,0.043160767281901914,0.040343031379282995,0.058308155761985864,0.042898601427784115,0.08332754530458629,0.0988771405914613,,,,
2400,0,max_steps,1,1,0,505.0909469695118,2500,1002.0,1002.0,0.3011038370793723,0.1,0.17656734585762024,3.8700647354125977,-15.77740478515625,290.29632568359375,500.0,10.088946969518714,1692,-4.997999999999672,0.0,0.0,0.2020363787878047,"{3: 100, 5: 49, 6: 101}","{5: 5, 4: 90, 3: 5, 0: 90, 1: 60}",{1: 250},"{1: 249, 0: 1}",{1: 250},{1: 250},0.00755970262513226,0.012547082131213012,0.010709742962494731,0.0136875599088809,0.03376283101424334,0.03343286228456144,0.045428310877750525,0.05305490056093274,0.012781777599440023,0.03092481524461567,0.014375565209938816,0.01845472441555626
2410,0,max_steps,1,0,0,-1.0412730223451192,2500,,,0.2996017007995348,0.1,0.1770227998495102,3.9096689224243164,-15.77740478515625,288.7957763671875,0.0,3.9587269776548553,711,-4.999999999999671,0.0,0.0,-0.00041650920893804766,"{4: 60, 3: 190}","{2: 65, 1: 102, 0: 83}",{1: 250},{1: 250},{1: 250},{1: 250},0.03133669081003178,0.011511519881638167,0.04194127256378273,0.04880016818697017,0.08052661810349464,0.027251095336995698,0.10496599063710323,0.10051410399812007,,,,
2420,0,max_steps,1,0,0,7.79065455305937,2500,,,0.29810705832457574,0.1,0.1800585836172104,4.0385589599609375,-15.77740478515625,303.7472839355469,0.0,12.79065455305935,814,-4.999999999999671,0.0,0.0,0.003116261821223748,"{2: 104, 1: 118, 0: 28}","{1: 156, 0: 94}",{1: 250},{1: 250},{1: 250},{1: 250},0.021750256966940197,0.014018329968432757,0.026408668335776597,0.032534775565404614,0.057465443275653914,0.03749571353049214,0.08020985337340882,0.08987380146364436,,,,
2430,0,max_steps,1,0,0,5.279646207731757,2500,,,0.2966198722696636,0.1,0.1793329119682312,4.028680324554443,-15.77740478515625,303.7472839355469,0.0,10.279646207731675,719,-4.999999999999671,0.0,0.0,0.002111858483092703,"{3: 98, 2: 81, 1: 71}","{2: 21, 1: 26, 0: 203}",{1: 250},"{1: 249, 0: 1}",{1: 250},{1: 250},0.02073559828067481,0.02088484282118999,0.02804846773295881,0.027845863062096986,0.06793279258043675,0.047392611907002544,0.08297886134299189,0.07101739232450179,,,,
2440,0,max_steps,1,0,0,18.445514138538396,2500,,,0.29514010543647123,0.1,0.17925134301185608,4.049318313598633,-15.77740478515625,302.1287841796875,0.0,23.44551413853867,1201,-4.999999999999671,0.0,0.0,0.007378205655415359,"{1: 153, 0: 97}","{2: 59, 3: 191}",{1: 250},"{1: 248, 0: 1, 2: 1}",{1: 250},{1: 250},0.030137602145707022,0.011792468770828745,0.046869419491166395,0.04953538594272801,0.06084246670882378,0.03072255665492119,0.08814334371432202,0.11137866882926399,,,,
2450,0,max_steps,1,1,0,525.3850250952354,2500,727.0,727.0,0.29366772081224507,0.1,0.1790921837091446,4.016674995422363,-17.451061248779297,286.09619140625,500.0,32.65522497114724,1529,-4.997999999999672,-2.272199875945642,0.0,0.21015401003809417,"{0: 25, 1: 24, 2: 17, 3: 148, 4: 36}","{2: 32, 1: 23, 3: 73, 6: 14, 5: 21, 4: 87}",{1: 250},"{1: 248, 0: 2}",{1: 250},"{1: 249, 2: 1}",0.030681889842184264,0.013206162378737844,0.04715863199999161,0.0446277590499908,0.06825841433604185,0.047218101591475825,0.08716069634524025,0.1087658575620388,0.04700185990124368,0.016397328178517738,0.062228272132145164,0.07708596724886348
2460,0,max_steps,1,1,0,529.9852400872786,2500,882.0,882.0,0.2922026815688794,0.1,0.17954140901565552,3.8938353061676025,-17.451061248779297,285.3337707519531,500.0,34.983240087250024,1700,-4.997999999999672,0.0,0.0,0.21199409603491146,"{2: 37, 1: 20, 3: 31, 6: 48, 5: 114}","{4: 58, 3: 192}",{1: 250},"{1: 249, 0: 1}","{1: 239, 0: 8, 2: 3}","{1: 246, 2: 1, 0: 3}",0.020492378113164428,0.013139633805447175,0.030678216808835604,0.041403241679716624,0.1172334729257886,0.03426657745945073,0.13729518031054178,0.11684137959044606,0.14206422999384077,0.03381043906867272,0.10594978505707844,0.146816057573527
2470,0,max_steps,1,0,0,-0.021578880629558567,2500,,,0.2907449510619955,0.1,0.17836421728134155,3.7670702934265137,-17.451061248779297,254.14208984375,0.0,4.9784211193704255,1277,-4.999999999999671,0.0,0.0,-8.631552251823426e-06,"{2: 207, 3: 41, 4: 2}","{3: 198, 2: 52}",{1: 250},{1: 250},{1: 250},{1: 250},0.0015114534721341925,0.0125115922399451,0.0021855895068788977,0.0024874239471009323,0.04611843321164111,0.022135805731405403,0.04583293223077945,0.036682801297025995,0.047801592258206606,0.01728727722566959,0.02095347822590022,0.030648990953890787
2480,0,max_steps,1,0,0,2.4601615529592578,2500,,,0.2892944928300246,0.1,0.18050216138362885,3.806121349334717,-13.434239387512207,257.1698913574219,0.0,7.460161552959018,730,-4.999999999999671,0.0,0.0,0.0009840646211837032,{6: 250},"{1: 205, 2: 37, 0: 8}",{1: 250},{1: 250},{1: 250},"{1: 249, 2: 1}",0.024273068980804637,0.010905384817048253,0.04060577626592745,0.04966788979248673,0.08542092701891116,0.028784800712908225,0.10108348189655442,0.10822075740569727,,,,
2490,0,max_steps,1,0,0,4.823162836495522,2500,,,0.28785127059329624,0.1,0.18392395973205566,3.8776941299438477,-12.59620189666748,280.09326171875,0.0,9.823162836495513,991,-4.999999999999671,0.0,0.0,0.0019292651345982088,"{3: 195, 4: 55}","{1: 186, 0: 64}",{1: 250},"{1: 243, 0: 7}",{1: 250},{1: 250},0.02743523845429857,0.01076335089906024,0.028083530438480105,0.02686582560324778,0.05306574629924123,0.02693118006573048,0.07094341629000202,0.08455709138211881,,,,
2500,0,max_steps,1,0,0,15.3032166620718,2500,,,0.28641524825313086,0.1,0.18380337953567505,3.8866376876831055,-12.59620189666748,278.7696838378906,0.0,20.30321666207247,1227,-4.999999999999671,0.0,0.0,0.00612128666482872,{4: 250},"{5: 10, 4: 27, 3: 176, 2: 37}",{1: 250},"{1: 247, 2: 3}",{1: 250},"{1: 249, 2: 1}",0.018240919145347027,0.0136365963105139,0.02729918133519975,0.02968652211815744,0.051278651438412204,0.043492353739423076,0.07004906718857795,0.08750201482498651,0.04376007679022604,0.033135450139845424,0.06217633842131591,0.08660183845718017
2510,0,max_steps,1,1,0,512.0474375327328,2500,1405.0,1405.0,0.28498638989093644,0.1,0.18546953797340393,3.9545865058898926,-13.49456787109375,294.1200256347656,500.0,17.04543753273802,1847,-4.997999999999672,0.0,0.0,0.20481897501309312,"{3: 140, 0: 110}","{5: 22, 4: 130, 3: 98}",{1: 250},{1: 250},{1: 250},"{1: 248, 2: 1, 0: 1}",0.012449924958701668,0.012956592863830644,0.020102406267896316,0.02461681969017996,0.0599113336643606,0.031141785007056975,0.0789318801098076,0.08660541682100573,0.011802691373367102,0.015902290563132256,0.010020067921518034,0.013252866528937035
2520,0,max_steps,1,0,0,0.6568892671848361,2500,,,0.2835646597673106,0.1,0.18754050135612488,4.032512664794922,-13.49456787109375,290.7278747558594,0.0,5.656889267184585,689,-4.999999999999671,0.0,0.0,0.00026275570687393443,"{3: 55, 4: 186, 5: 9}","{1: 21, 2: 229}",{1: 250},{1: 250},{1: 250},{1: 250},0.0071157043289355616,0.012385296595445997,0.007200501561853152,0.008519527450517915,0.04045140111807925,0.023710714779717663,0.04832543563078521,0.036847194086166456,0.043480034788549914,0.030537966526450955,0.05833885154677281,0.036122241289992266
2530,0,max_steps,1,0,0,26.647731382654587,2500,,,0.2821500223211463,0.1,0.19094593822956085,4.044177532196045,-13.49456787109375,296.9764404296875,0.0,31.64773138265319,1199,-4.999999999999671,0.0,0.0,0.010659092553061834,"{6: 63, 5: 62, 4: 97, 3: 28}","{4: 133, 5: 79, 3: 38}",{1: 250},"{1: 248, 2: 2}","{1: 247, 2: 3}","{1: 233, 0: 15, 2: 2}",0.05025762484530073,0.020326004580863262,0.06373041054330233,0.08481918491365523,0.11745895909121204,0.0443752406527708,0.1519914879224043,0.14669103614000684,0.09978884197581844,0.027141543627848125,0.13738306525264024,0.16493904670205664
2540,0,max_steps,1,0,0,14.747748798788308,2500,,,0.28074244216874245,0.1,0.19385552406311035,4.0859479904174805,-13.49456787109375,298.81036376953125,0.0,19.747748798788788,1117,-4.999999999999671,0.0,0.0,0.005899099519515323,"{2: 64, 1: 25, 0: 23, 3: 54, 4: 84}","{2: 19, 1: 174, 0: 57}",{1: 250},"{1: 248, 0: 2}",{1: 250},"{1: 249, 2: 1}",0.05035639659288215,0.021936963918205515,0.058697745959638045,0.0775129248903362,0.11251740930425032,0.04400480006882656,0.14995866680733438,0.1362824016025486,,,,
2550,0,max_steps,1,1,0,521.3540285471074,2500,934.0,934.0,0.2793418841029192,0.1,0.19443824887275696,4.132010459899902,-13.49456787109375,298.9185485839844,500.0,26.352028547066176,1413,-4.997999999999672,0.0,0.0,0.20854161141884298,"{2: 79, 3: 14, 6: 117, 5: 29, 4: 11}","{4: 93, 3: 157}","{1: 245, 2: 5}","{1: 248, 2: 2}","{1: 243, 2: 7}","{1: 246, 0: 4}",0.022572180669635955,0.013329256844107299,0.03311217015043309,0.030935972832923625,0.11834455513860542,0.0346512056128485,0.13516613794161522,0.11539413528730384,0.0181573110149903,0.02705062490296709,0.036890121096397575,0.04106867482302793
2560,0,max_steps,1,0,0,15.328433194072316,2500,,,0.27794831309213686,0.1,0.194400355219841,4.123392105102539,-13.49456787109375,300.73211669921875,0.0,20.328433194072495,1269,-4.999999999999671,0.0,0.0,0.006131373277628927,"{1: 65, 0: 185}","{2: 23, 3: 227}",{1: 250},{1: 250},{1: 250},"{1: 246, 2: 4}",0.029695233463995857,0.009675261967304675,0.040209391804851974,0.04926028572298966,0.08555871408091309,0.03789168194722616,0.10562531451924825,0.11167792608576108,,,,
2570,0,max_steps,1,0,0,12.366588442940715,2500,,,0.2765616942796198,0.1,0.1954580396413803,4.172647476196289,-13.49456787109375,311.7340393066406,0.0,17.366588442941328,1421,-4.999999999999671,0.0,0.0,0.004946635377176286,"{1: 26, 2: 207, 3: 17}","{4: 67, 3: 183}",{1: 250},{1: 250},{1: 250},{1: 250},0.014838665102644217,0.013352117637408973,0.02349591133393199,0.02165664727429998,0.06631379760290083,0.035725462354560436,0.08474972683138655,0.08306076668016894,,,,
2580,0,max_steps,1,0,0,20.17288772778535,2500,,,0.27518199298248475,0.1,0.1987900584936142,4.267470359802246,-13.49456787109375,313.668701171875,0.0,25.1728877277853,1347,-4.999999999999671,0.0,0.0,0.00806915509111414,"{5: 38, 6: 195, 4: 17}","{2: 56, 1: 188, 0: 6}",{1: 250},"{1: 248, 0: 2}",{1: 250},"{1: 248, 0: 2}",0.033902293486871474,0.021165125480484725,0.054645919378699545,0.07381408486882346,0.07521017025148322,0.04341556347757589,0.1042242780660098,0.135348691324608,,,,
2590,0,crash,1,0,1,-118.38629194311389,1532,,,0.2738091746908731,0.1,0.2001439332962036,4.358878135681152,-12.388505935668945,329.6450500488281,0.0,0.0,0,-3.063999999999884,-35.322291943113946,-80.0,-0.07727564748245032,"{2: 28, 3: 125}","{1: 23, 0: 130}",{1: 153},{1: 153},{1: 153},{1: 153},0.011324076317369335,0.03556568122095748,0.0169221911938209,0.021686026855987493,0.05010569752080779,0.05019077837362825,0.05318451723894932,0.06287790209858574,,,,
2600,0,max_steps,1,0,0,5.648976923166049,2500,,,0.27244320506708813,0.1,0.20001618564128876,4.377110481262207,-12.388505935668945,336.4156188964844,0.0,10.648976923165904,903,-4.999999999999671,0.0,0.0,0.0022595907692664194,"{4: 124, 5: 36, 3: 90}","{3: 80, 2: 39, 1: 114, 0: 17}",{1: 250},{1: 250},{1: 250},"{1: 249, 2: 1}",0.02712746303840866,0.01568465170494321,0.035893658779077034,0.033966241254068094,0.07782320126158565,0.044603476393750945,0.08813117843711482,0.09630950672419158,0.019905925773115805,0.055631878851125305,0.03847323781104196,0.030960923290609108
2610,0,max_steps,1,0,0,-0.6294409592299097,2500,,,0.27108404994473545,0.1,0.19982287287712097,4.363527774810791,-12.388505935668945,320.51177978515625,0.0,4.3705590407700985,1031,-4.999999999999671,0.0,0.0,-0.0002517763836919639,{0: 250},"{4: 78, 5: 40, 3: 132}",{1: 250},{1: 250},{1: 250},{1: 250},0.007454049008107559,0.009936704023390901,0.010715573240265655,0.01709129030093444,0.024491715139700467,0.023879535331914874,0.036660419011980375,0.05738534254486139,,,,
2620,0,crash,1,0,1,-114.25190482877774,2198,,,0.2697316753278689,0.1,0.20016898214817047,4.2526774406433105,-12.388505935668945,309.922119140625,0.0,17.141451421518155,1002,-4.395999999999738,-46.99735625029589,-80.0,-0.051979938502628636,"{5: 96, 4: 43, 3: 9, 2: 15, 1: 56}","{4: 87, 5: 132}","{1: 191, 2: 28}","{1: 217, 0: 2}","{1: 194, 2: 25}","{1: 210, 0: 9}",0.036448255591141905,0.009813426470511784,0.059208449095477206,0.06333348014290616,0.17625100743220107,0.04120449793696065,0.19808518435662964,0.11969758736535356,,,,
2630,0,max_steps,1,0,0,21.885424690337874,2500,,,0.2683860473901401,0.1,0.2035834640264511,4.258117198944092,-12.388505935668945,313.6865539550781,0.0,26.885424690337654,1191,-4.999999999999671,0.0,0.0,0.00875416987613515,"{6: 131, 5: 61, 4: 58}","{3: 225, 2: 25}",{1: 250},"{1: 249, 0: 1}",{1: 250},"{1: 245, 0: 2, 2: 3}",0.029265227835551445,0.02172412287263023,0.04398007773812146,0.04733315158829106,0.08721290364389019,0.046283091246320296,0.120056255847197,0.13810478681616117,,,,
2640,0,max_steps,1,0,0,22.22386809029408,2500,,,0.26704713247395234,0.1,0.2025666981935501,4.184030532836914,-12.388505935668945,287.54595947265625,0.0,27.223868090293642,1118,-4.999999999999671,0.0,0.0,0.008889547236117632,"{1: 61, 0: 54, 2: 64, 3: 71}","{2: 168, 1: 62, 3: 20}",{1: 250},{1: 250},"{1: 244, 0: 6}","{1: 248, 2: 2}",0.0347284844923515,0.01058770691383346,0.040990627557493484,0.03268993006974982,0.0886400550169406,0.038105765414898775,0.1144564131199222,0.11733347237040313,0.05898431022838967,0.024298780561953816,0.07795098118565671,0.05805866480778042
2650,0,max_steps,1,0,0,7.250363681294028,2500,,,0.26571489708961893,0.1,0.20398834347724915,4.218159198760986,-12.388505935668945,317.17376708984375,0.0,12.25036368129374,1364,-4.999999999999671,0.0,0.0,0.002900145472517611,"{4: 165, 3: 85}","{4: 227, 5: 12, 3: 11}",{1: 250},"{1: 249, 2: 1}",{1: 250},{1: 250},0.017709535547251517,0.013660577341375813,0.027335900860487712,0.03501943651557117,0.044971796368419074,0.04109298888115726,0.06854524490776207,0.06739383404760318,0.04577108735531517,0.03800520734466593,0.04770427943876935,0.06487021929411961
2660,0,max_steps,1,0,0,23.602367198917783,2500,,,0.2643893079145252,0.1,0.20263411104679108,4.12594747543335,-12.388505935668945,283.3677673339844,0.0,28.60236719891768,1346,-4.999999999999671,0.0,0.0,0.009440946879567112,"{5: 84, 6: 152, 4: 14}","{5: 17, 4: 52, 3: 181}",{1: 250},"{1: 249, 2: 1}",{1: 250},"{1: 240, 2: 5, 0: 5}",0.034838093475896365,0.014158178133694709,0.05500118945590415,0.07031510788639098,0.09067372394120546,0.03914464695275845,0.1377711491983054,0.1466396791328453,,,,
2670,0,max_steps,1,0,0,25.00108446179188,2500,,,0.2630703317922951,0.1,0.20416775345802307,4.160694599151611,-12.388505935668945,304.9526062011719,0.0,30.001084461791372,1438,-4.999999999999671,0.0,0.0,0.010000433784716751,"{1: 82, 0: 69, 2: 99}","{3: 218, 2: 32}",{1: 250},{1: 250},{1: 250},"{1: 247, 0: 3}",0.03297724584865622,0.010395488988147676,0.04349170567047314,0.05396836774256103,0.08022331005145714,0.022341469820940783,0.10856634174895005,0.13109479491025983,0.03976368949419129,0.01597134349887624,0.07545370328846485,0.05454565438174985
2680,0,max_steps,1,0,0,24.1964442601713,2500,,,0.2617579357319621,0.1,0.2040548473596573,4.132333755493164,-12.388505935668945,286.6436767578125,0.0,29.19644426017069,1535,-4.999999999999671,0.0,0.0,0.009678577704068521,"{5: 74, 4: 78, 3: 73, 2: 25}","{4: 98, 5: 152}","{1: 233, 2: 17}","{1: 249, 0: 1}","{1: 234, 2: 16}","{1: 239, 2: 1, 0: 10}",0.041072049251319166,0.011923553001515383,0.05550360917661462,0.05445924256564292,0.1080749291198178,0.0280729155199086,0.11665176461374217,0.12349394412454966,0.016737434200517293,0.026818798288705818,0.09098337628613594,0.1042108849832475
2690,0,max_steps,1,0,0,1.4303682675698122,2500,,,0.260452086907144,0.1,0.20660632848739624,4.0778117179870605,-12.388505935668945,292.207763671875,0.0,6.430368267569648,737,-4.999999999999671,0.0,0.0,0.0005721473070279248,"{5: 31, 6: 219}","{1: 44, 2: 193, 3: 13}",{1: 250},"{1: 249, 0: 1}",{1: 250},{1: 250},0.00796667337266933,0.012445143971969178,0.010631796820936389,0.014254161530972283,0.04698251636151746,0.03935472761578927,0.0666945038923085,0.08663783955930009,,,,
2700,0,max_steps,1,1,0,530.0474816655016,2500,1359.0,1359.0,0.25915275265522114,0.1,0.20842847228050232,4.144713878631592,-12.388505935668945,303.3114929199219,500.0,35.045481665480864,1703,-4.997999999999672,0.0,0.0,0.2120189926662006,"{1: 58, 2: 16, 3: 61, 6: 108, 5: 7}","{5: 92, 6: 3, 4: 38, 3: 2, 0: 12, 1: 45, 2: 58}",{1: 250},"{1: 241, 0: 9}",{1: 250},"{1: 249, 0: 1}",0.025727356915337896,0.02136447124133608,0.043340425201602195,0.05072439264028626,0.10135282630517027,0.0464979618686495,0.1283791533215339,0.09771033438958399,0.029964511776664628,0.03379521691876116,0.05389534558097202,0.055680356631559305
2710,0,max_steps,1,1,0,553.2316157232567,2500,1345.0,1345.0,0.2578599004765206,0.1,0.2104276865720749,4.2272629737854,-13.518695831298828,305.6402587890625,500.0,58.22961572324,1661,-4.997999999999672,0.0,0.0,0.22129264628930267,"{0: 64, 1: 39, 2: 24, 3: 7, 6: 100, 5: 11, 4: 5}","{1: 103, 2: 77, 3: 70}","{1: 244, 2: 6}","{1: 249, 0: 1}","{1: 247, 2: 3}","{1: 242, 2: 4, 0: 4}",0.05072409801069061,0.015117599291941853,0.06824103480321707,0.06321766826126313,0.12779900845503744,0.037919126076155565,0.15666001967219303,0.14210135418158767,0.09711901535013315,0.023016302848065856,0.10130511555059321,0.1268586246948547
2720,0,max_steps,1,0,0,19.185282318239814,2500,,,0.2565734980335023,0.1,0.2100236862897873,4.22332239151001,-13.518695831298828,306.5245056152344,0.0,24.185282318240095,1442,-4.999999999999671,0.0,0.0,0.007674112927295925,"{1: 95, 2: 153, 3: 2}","{1: 185, 0: 16, 2: 49}",{1: 250},"{1: 248, 0: 2}","{1: 246, 0: 4}","{1: 249, 2: 1}",0.03210592251743005,0.01354633427002477,0.053005416553557685,0.0600082643435298,0.07520937277565148,0.030297191677626407,0.10840842023786362,0.122855950559602,,,,
2730,0,crash,1,0,1,-78.78624060015076,2170,,,0.2552935131499509,0.1,0.21007086336612701,4.243289947509766,-13.518695831298828,319.5620422363281,0.0,24.79876438758264,1066,-4.339999999999744,-19.245004987733765,-80.0,-0.03630702331804182,"{0: 125, 1: 7, 2: 13, 3: 51, 4: 21}","{5: 207, 4: 10}","{1: 200, 0: 17}","{1: 216, 2: 1}","{1: 201, 0: 16}","{1: 209, 2: 8}",0.021121636245695078,0.008074715592434976,0.028517074676010355,0.03590563169991995,0.1224550518301985,0.023253562458675613,0.1349476590567209,0.12323223398804219,,,,
2740,0,max_steps,1,0,0,10.769758421628495,2500,,,0.25401991381017025,0.1,0.20936402678489685,4.246309280395508,-13.518695831298828,307.8562316894531,0.0,15.769758421629055,709,-4.999999999999671,0.0,0.0,0.004307903368651398,"{2: 73, 1: 135, 0: 42}","{3: 169, 4: 4, 2: 77}",{1: 250},{1: 250},{1: 250},"{1: 248, 2: 1, 0: 1}",0.04046128454436461,0.010550642488533886,0.05346043816814093,0.040776303698885526,0.06399803917432895,0.041340563443685654,0.09724812284489852,0.12852704792822844,,,,
2750,0,max_steps,1,0,0,22.878720766850435,2500,,,0.2527526681581832,0.1,0.21120618283748627,4.236812591552734,-13.518695831298828,304.18487548828125,0.0,27.878720766849472,1105,-4.999999999999671,0.0,0.0,0.009151488306740174,"{5: 45, 6: 39, 4: 166}","{3: 202, 2: 48}",{1: 250},{1: 250},"{1: 247, 2: 3}","{1: 248, 0: 2}",0.03404325566822552,0.015325093288990257,0.048392559385530574,0.047241520773488484,0.09401107250284794,0.04593082707936278,0.11200132769443377,0.09807972210950504,0.009079980675866153,0.03976698179146307,0.05334733855336761,0.029658726085456368
2760,0,max_steps,1,0,0,4.3233853191448635,2500,,,0.25149174449693457,0.1,0.2122887372970581,4.210385322570801,-13.518695831298828,302.2276306152344,0.0,9.323385319144506,800,-4.999999999999671,0.0,0.0,0.0017293541276579454,"{4: 97, 3: 22, 5: 90, 6: 41}","{2: 35, 1: 178, 0: 37}",{1: 250},"{1: 249, 0: 1}",{1: 250},"{1: 249, 2: 1}",0.027651196124304323,0.00956996716846618,0.03743489327713391,0.0476000731189946,0.06486865103583977,0.04743642237492647,0.09442604713595214,0.11594331712858673,,,,
2770,0,max_steps,1,0,0,-3.435015842953956,2500,,,0.25023711128749826,0.1,0.21675539016723633,4.273248195648193,-11.13084602355957,302.4263916015625,0.0,1.5649841570457763,425,-4.999999999999671,0.0,0.0,-0.0013740063371815824,"{4: 38, 5: 92, 6: 120}","{4: 155, 5: 89, 3: 6}",{1: 250},{1: 250},{1: 250},{1: 250},0.019532429601936373,0.013547097522237993,0.026397723572701943,0.029861053706809054,0.06430946812555521,0.03488682947681238,0.08654659167893292,0.0778612509726131,,,,
2780,0,max_steps,1,0,0,8.754698389905672,2500,,,0.2489887371482886,0.1,0.21624457836151123,4.26234769821167,-11.13084602355957,302.4263916015625,0.0,13.754698389905903,1278,-4.999999999999671,0.0,0.0,0.0035018793559622686,"{4: 185, 5: 30, 3: 35}","{3: 102, 2: 118, 1: 30}",{1: 250},"{1: 245, 0: 5}",{1: 250},"{1: 245, 0: 5}",0.024922806441413925,0.013478209266401236,0.03125202965845503,0.018006460714451257,0.049596406777104814,0.04765193355909153,0.06217431973189536,0.08480302674072693,,,,
2790,0,max_steps,1,1,0,517.438501467078,2500,1096.0,1096.0,0.24774659085427517,0.1,0.21956458687782288,4.396907806396484,-13.860614776611328,330.41259765625,500.0,22.436501467036614,1167,-4.997999999999672,0.0,0.0,0.2069754005868312,"{2: 44, 1: 60, 3: 5, 5: 49, 6: 92}","{5: 52, 4: 51, 3: 78, 2: 38, 1: 31}","{1: 239, 0: 11}",{1: 250},"{1: 240, 0: 10}","{1: 245, 2: 5}",0.02565417997581921,0.020879773596706053,0.03926179481488244,0.03261473165848759,0.09134452500986913,0.043602909767109385,0.10173889683518815,0.09837655815069511,0.16659429802585432,0.03644103364277655,0.12576452148766473,0.17705294122975745
2800,0,max_steps,1,1,0,553.4634456495785,2500,467.0,467.0,0.24651064133620196,0.1,0.22226662933826447,4.447231292724609,-14.678934097290039,317.6922912597656,500.0,58.58311067720118,1500,-4.997999999999672,-0.12166502766989323,0.0,0.2213853782598314,"{1: 28, 2: 13, 3: 5, 6: 179, 5: 25}","{4: 93, 3: 157}","{1: 235, 0: 10, 2: 5}","{1: 249, 2: 1}","{1: 226, 0: 17, 2: 7}","{1: 240, 0: 9, 2: 1}",0.07044929183787318,0.012435704580108724,0.08570446530741385,0.0893476377753532,0.1453156895441858,0.04337989226305927,0.17804963380325575,0.14710046824003062,0.16519600731212924,0.04464334145048765,0.12451906149667741,0.1490724524984198
2810,0,max_steps,1,0,0,7.518440000766465,2500,,,0.24528085767981,0.1,0.2221716195344925,4.422901153564453,-14.678934097290039,319.55181884765625,0.0,12.518440000766113,1140,-4.999999999999671,0.0,0.0,0.003007376000306586,"{0: 225, 1: 25}","{5: 128, 4: 122}",{1: 250},{1: 250},{1: 250},{1: 250},0.024266163541896105,0.007421145112942727,0.034146789967417004,0.0331016859544857,0.06489254049890734,0.018708764581473896,0.09633592210372971,0.09014882154075524,,,,
2820,0,crash,1,0,1,-123.49463618112833,2119,,,0.24405720912506448,0.1,0.22443078458309174,4.409170150756836,-14.678934097290039,310.126708984375,0.0,10.705812616864367,550,-4.237999999999755,-49.962448797992856,-80.0,-0.05827967729170756,"{4: 13, 5: 13, 6: 185}","{3: 183, 2: 28}","{1: 210, 0: 1}","{1: 209, 0: 2}","{1: 202, 0: 9}","{1: 197, 0: 7, 2: 7}",0.04355109029132241,0.012702915905894164,0.057122915268134615,0.0568506409628242,0.12216543468835588,0.051345744126918114,0.14447631865502666,0.13531948002591113,,,,
2830,0,max_steps,1,0,0,0.4512109175538148,2500,,,0.24283966506538518,0.1,0.2263973206281662,4.435205936431885,-14.678934097290039,303.3827209472656,0.0,5.451210917553611,586,-4.999999999999671,0.0,0.0,0.00018048436702152593,"{2: 17, 3: 27, 4: 206}","{1: 96, 2: 11, 0: 143}",{1: 250},{1: 250},{1: 250},{1: 250},0.014440193535016438,0.014316557733786848,0.020157108204670204,0.023363557380624872,0.05040654884559433,0.03993372314863889,0.06798186424185304,0.07512637370901094,,,,
2840,0,max_steps,1,1,0,510.97874516308417,2500,1646.0,1646.0,0.2416281950468808,0.1,0.22729897499084473,4.493051528930664,-14.678934097290039,321.1376953125,500.0,15.976745163090122,1398,-4.997999999999672,0.0,0.0,0.20439149806523366,"{2: 131, 1: 20, 3: 13, 4: 20, 5: 11, 6: 55}","{4: 13, 3: 237}","{1: 248, 0: 2}",{1: 250},"{1: 243, 0: 7}","{1: 248, 2: 2}",0.014040092993729013,0.014609471605370367,0.018552560364806667,0.019348869611379958,0.07313500388910169,0.03648017856093523,0.09144265773202025,0.10685928616347168,0.017161179856550392,0.024557221885604375,0.035476461028287984,0.03317405723152955
2850,0,max_steps,1,0,0,7.382847456705105,2500,,,0.2404227687675873,0.1,0.22778700292110443,4.485713958740234,-14.678934097290039,334.7215270996094,0.0,12.382847456705086,1122,-4.999999999999671,0.0,0.0,0.0029531389826820418,"{2: 113, 1: 20, 3: 108, 4: 9}","{1: 164, 2: 86}",{1: 250},{1: 250},{1: 250},"{1: 249, 0: 1}",0.03114400084891803,0.015966742935278846,0.04493446499208509,0.05100303118363522,0.07056843296165324,0.03214433160904968,0.10250773224874891,0.11411291888422276,,,,
2860,0,max_steps,1,0,0,39.564354128194424,2500,,,0.23922335607671028,0.1,0.23110327124595642,4.55359411239624,-14.678934097290039,333.78271484375,0.0,44.56435412819498,1199,-4.999999999999671,0.0,0.0,0.01582574165127777,"{5: 107, 6: 50, 4: 93}","{3: 213, 2: 37}","{1: 235, 2: 7, 0: 8}","{1: 247, 2: 3}","{1: 216, 2: 20, 0: 14}","{1: 201, 2: 15, 0: 34}",0.06480054228485957,0.019301888864471768,0.08883433687869034,0.10677468657241529,0.14076332399172445,0.03927603871831025,0.19302999990749659,0.17601312193765772,0.07376994513189732,0.026525304384775104,0.13161174432464992,0.1650575397617265
2870,0,max_steps,1,0,0,-183.0653837668129,2500,,,0.23802992697387032,0.1,0.23394112288951874,4.57828426361084,-14.678934097290039,320.89312744140625,0.0,11.038019202661916,1377,-4.999999999999671,-189.10340296947504,0.0,-0.07322615350672515,"{1: 22, 2: 47, 3: 47, 4: 33, 5: 101}","{5: 113, 6: 5, 4: 65, 3: 67}",{1: 250},"{1: 249, 2: 1}",{1: 250},{1: 250},0.020702170175074308,0.014185920699743584,0.01598395669916772,0.027558122011010152,0.08033734034430288,0.036472008095410124,0.09867298040963982,0.09325183736221422,,,,
2880,0,max_steps,1,0,0,11.278574643783397,2500,,,0.23684245160835285,0.1,0.23714381456375122,4.606125354766846,-14.678934097290039,324.5917053222656,0.0,16.278574643783827,1034,-4.999999999999671,0.0,0.0,0.004511429857513359,"{0: 228, 1: 22}","{2: 112, 1: 127, 0: 11}",{1: 250},"{1: 249, 0: 1}",{1: 250},"{1: 246, 2: 4}",0.021532965115991978,0.02426710049421717,0.03768748043047765,0.05846156987921378,0.07144455673384975,0.045249309345915804,0.10399672132482025,0.13438507071616673,,,,
2890,0,max_steps,1,0,0,7.509991687521481,2500,,,0.23566090027836173,0.1,0.238200381398201,4.64443826675415,-14.678934097290039,331.5570068359375,0.0,12.509991687521202,977,-4.999999999999671,0.0,0.0,0.0030039966750085925,"{3: 197, 2: 39, 4: 14}","{1: 112, 2: 38, 0: 100}",{1: 250},"{1: 246, 0: 4}",{1: 250},"{1: 248, 0: 2}",0.0378659105071814,0.019661197446761577,0.05188349239189716,0.04662691067963304,0.07872837932698984,0.044669556644401774,0.09733520568374336,0.09847972857921869,,,,
2900,0,max_steps,1,1,0,539.1952313254625,2500,1813.0,1813.0,0.23448524343027585,0.1,0.23857523500919342,4.647426128387451,-14.678934097290039,331.5570068359375,500.0,44.19323132545284,1694,-4.997999999999672,0.0,0.0,0.215678092530185,"{5: 133, 6: 30, 4: 15, 3: 3, 0: 27, 1: 41, 2: 1}","{5: 64, 4: 40, 3: 146}",{1: 250},"{1: 249, 2: 1}","{1: 242, 2: 6, 0: 2}","{1: 239, 0: 11}",0.030051999992129444,0.018558527396507665,0.05465723952270728,0.0694760878253792,0.11330807357889162,0.04661664802327372,0.1353109165505661,0.13949636755641845,0.11946024061513473,0.03692304990698439,0.04025478355145008,0.19124927333667716
2910,0,max_steps,1,0,0,12.750118451909296,2500,,,0.23331545165791032,0.1,0.24082177877426147,4.611281871795654,-14.678934097290039,309.70147705078125,0.0,17.750118451910005,1034,-4.999999999999671,0.0,0.0,0.005100047380763718,"{5: 79, 6: 16, 4: 52, 3: 103}","{3: 58, 2: 53, 1: 138, 0: 1}",{1: 250},{1: 250},"{1: 241, 2: 9}","{1: 241, 2: 9}",0.052778086366940355,0.026407586908061557,0.06275843685951513,0.06046424463846229,0.09984125795299152,0.041699549933473364,0.11718068104170842,0.13255284349659316,,,,
2920,0,max_steps,1,0,0,13.690214947317939,2500,,,0.23215149570178067,0.1,0.24282947182655334,4.669798851013184,-14.678934097290039,323.8878479003906,0.0,18.690214947317866,1108,-4.999999999999671,0.0,0.0,0.005476085978927176,"{4: 29, 5: 28, 6: 193}","{1: 36, 2: 214}",{1: 250},"{1: 249, 0: 1}","{1: 245, 2: 5}","{1: 247, 0: 3}",0.0256061890420667,0.019316211151205666,0.0411657065582835,0.06004934205802263,0.09731592621718997,0.0474483710414306,0.11981268219158232,0.13379459710755703,,,,
2930,0,max_steps,1,0,0,3.076842544564755,2500,,,0.23099334644837125,0.1,0.24440449476242065,4.682549953460693,-14.678934097290039,312.8675231933594,0.0,8.076842544564753,852,-4.999999999999671,0.0,0.0,0.001230737017825902,"{1: 22, 0: 228}","{1: 126, 0: 124}",{1: 250},{1: 250},{1: 250},{1: 250},0.025034652382451873,0.00855145318983513,0.037978182015107415,0.031841407268479116,0.0483805557237422,0.035674791635224426,0.06262128962490947,0.08184934459381196,,,,
2940,0,max_steps,1,0,0,-0.8107887536644366,2500,,,0.22984097492940683,0.1,0.2453157901763916,4.714402198791504,-14.678934097290039,341.85498046875,0.0,4.1892112463354945,502,-4.999999999999671,0.0,0.0,-0.00032431550146577465,"{3: 126, 4: 124}","{1: 143, 0: 107}",{1: 250},{1: 250},{1: 250},{1: 250},0.009120999886521805,0.02039720357564836,0.01653638435449422,0.026555445998206213,0.05804789678397037,0.03963773762084314,0.08067217876885761,0.07308143623749772,,,,
2950,0,max_steps,1,0,0,0.6023207265665326,2500,,,0.2286943523211281,0.1,0.24639470875263214,4.75557279586792,-14.678934097290039,349.03863525390625,0.0,5.602320726566504,816,-4.999999999999671,0.0,0.0,0.00024092829062661303,"{5: 22, 6: 228}","{1: 147, 0: 8, 2: 95}",{1: 250},{1: 250},{1: 250},{1: 250},0.020366693882271206,0.013210129028699344,0.031779139920394175,0.04205751666853885,0.08695901915004733,0.037464610749137615,0.10501855278205068,0.09404264645358633,,,,
2960,0,max_steps,1,0,0,28.62515774605256,2500,,,0.22755344994357077,0.1,0.24720555543899536,4.646355628967285,-14.678934097290039,306.3442077636719,0.0,33.6251577460519,1495,-4.999999999999671,0.0,0.0,0.011450063098421025,"{6: 91, 5: 11, 4: 89, 3: 59}","{5: 139, 4: 91, 3: 20}",{1: 250},"{1: 249, 0: 1}","{1: 246, 2: 4}","{1: 248, 0: 2}",0.0354036018280722,0.020462837005155218,0.045218249294969176,0.05340038896828569,0.0966205477498596,0.04837100513413988,0.1270976706953332,0.11752143899786197,0.09633919749329736,0.04811025977419303,0.13427807961868515,0.10910970045526434
2970,0,max_steps,1,0,0,16.615657209246375,2500,,,0.22641823925984803,0.1,0.2465207725763321,4.500516414642334,-15.176572799682617,286.32342529296875,0.0,21.61565720924622,866,-4.999999999999671,0.0,0.0,0.00664626288369855,"{5: 47, 6: 152, 4: 38, 3: 13}","{3: 67, 2: 179, 1: 4}","{1: 236, 2: 2, 0: 12}","{1: 248, 2: 1, 0: 1}","{1: 231, 2: 7, 0: 12}","{1: 229, 2: 9, 0: 12}",0.05296681821434321,0.02019153455412439,0.044305628022289864,0.05025949709471654,0.13359686633100537,0.04608726559256526,0.16335943670550596,0.14594687646520393,0.0927031800436918,0.04114701016270872,0.14694434452696964,0.18708056192114159
2980,0,max_steps,1,1,0,544.2939925986161,2500,476.0,476.0,0.22528869187543696,0.1,0.2489374279975891,4.5550007820129395,-16.01325225830078,303.3023986816406,500.0,49.29199259858155,1724,-4.997999999999672,0.0,0.0,0.21771759703944646,"{1: 15, 2: 17, 3: 15, 6: 26, 5: 76, 4: 101}","{2: 39, 3: 54, 4: 157}","{1: 240, 2: 10}","{1: 248, 0: 1, 2: 1}","{1: 237, 0: 4, 2: 9}","{1: 242, 0: 7, 2: 1}",0.036626041487143726,0.017693251107663725,0.06689720153788914,0.0856853395985391,0.11873941146312963,0.04744982784093573,0.14377636530594737,0.1377649954637742,0.08504074430636102,0.04568147153304337,0.07608091521765806,0.1357904236685947
2990,0,max_steps,1,0,0,29.94609628151345,2500,,,0.22416477953746822,0.1,0.24999099969863892,4.533691883087158,-15.370562553405762,286.99945068359375,0.0,34.94609628151337,1297,-4.999999999999671,0.0,0.0,0.011978438512605381,"{6: 158, 5: 24, 4: 68}","{4: 189, 3: 61}",{1: 250},"{1: 249, 0: 1}","{1: 244, 2: 6}","{1: 226, 0: 15, 2: 9}",0.04946926833774029,0.00871692944122025,0.06776391795091236,0.07627122464885228,0.10254202302549377,0.03366424462362287,0.14747073489798018,0.14946251799283364,,,,
3000,0,crash,1,0,1,-90.23453132774705,1255,,,0.22304647413401948,0.1,0.2512373924255371,4.512653350830078,-15.370562553405762,303.10296630859375,0.0,2.012962314952806,271,-2.509999999999945,-9.737493642699864,-80.0,-0.07190002496234825,"{4: 40, 5: 17, 6: 68}",{3: 125},"{1: 119, 0: 6}",{1: 125},"{1: 115, 0: 10}","{1: 107, 0: 13, 2: 5}",0.07023169360209155,0.011576324934924767,0.08694154443701473,0.05472233424507157,0.12655246086177893,0.022915361874642475,0.15710688078096646,0.16232501509145764,,,,
3010,0,max_steps,1,0,0,23.070525280654152,2500,,,0.2219337476934121,0.1,0.2504956126213074,4.413527011871338,-15.503225326538086,271.1556396484375,0.0,28.070525280654394,1094,-4.999999999999671,0.0,0.0,0.00922821011226166,"{5: 33, 6: 217}","{2: 163, 3: 87}",{1: 250},"{1: 248, 0: 2}","{1: 232, 0: 15, 2: 3}","{1: 230, 0: 17, 2: 3}",0.053894741454081525,0.013026126895876896,0.0689642926851196,0.0708307220033969,0.12807246597557917,0.0372547909289181,0.1628547365332189,0.14911511107655628,,,,
3020,0,max_steps,1,0,0,28.192010914705694,2500,,,0.22082657238351158,0.1,0.252015620470047,4.478704929351807,-17.235570907592773,291.34906005859375,0.0,50.07345433815941,865,-4.999999999999671,-16.881443423453735,0.0,0.011276804365882277,"{5: 35, 6: 215}",{3: 250},"{1: 221, 2: 29}",{1: 250},"{1: 202, 0: 11, 2: 37}","{1: 194, 0: 38, 2: 18}",0.059461755127194385,0.007954177650306715,0.0736612945610597,0.08371375130494035,0.17236776438941712,0.035335944790988734,0.20839321437996694,0.16687066746856147,,,,
3030,0,max_steps,1,0,0,16.855661349186356,2500,,,0.21972492051103149,0.1,0.2512916028499603,4.434099197387695,-17.235570907592773,270.98529052734375,0.0,21.855661349186008,1455,-4.999999999999671,0.0,0.0,0.0067422645396745425,"{5: 58, 4: 85, 3: 107}","{2: 230, 3: 4, 1: 16}",{1: 250},"{1: 248, 0: 1, 2: 1}",{1: 250},{1: 250},0.024287484324808047,0.015288435054333131,0.03528800488908582,0.047730806236110195,0.07144977650789529,0.047009163383287283,0.09689452966741284,0.10119871125912606,0.09870189385034947,0.01115679425178265,0.07510846632841257,0.10296785259552445
3040,0,max_steps,1,0,0,6.849966805047694,2500,,,0.21862876452084054,0.1,0.2536006569862366,4.51540994644165,-17.235570907592773,296.3550109863281,0.0,11.84996680504738,1084,-4.999999999999671,0.0,0.0,0.0027399867220190776,"{2: 160, 3: 90}","{1: 101, 2: 138, 0: 11}",{1: 250},{1: 250},{1: 250},{1: 250},0.018118593114601907,0.012573467391575145,0.02503262584108167,0.02919964498603857,0.05486135249465737,0.02599113580314729,0.0851536130529607,0.1049659137863637,,,,
3050,0,max_steps,1,1,0,506.3955559380762,2500,923.0,923.0,0.21753807699527364,0.1,0.25661709904670715,4.616003513336182,-17.235570907592773,318.24029541015625,500.0,11.393555938085418,1286,-4.997999999999672,0.0,0.0,0.20255822237523047,"{3: 92, 5: 124, 6: 34}","{4: 88, 3: 4, 2: 81, 1: 30, 0: 47}",{1: 250},"{1: 248, 2: 2}",{1: 250},{1: 250},0.018489279161437687,0.013921763014321471,0.02724608123298628,0.029261686540916,0.05096830830273016,0.0429745677505222,0.07393725222484211,0.08102589223441847,0.008414885273507408,0.015500516041828337,0.014088446379856194,0.017199426980246853
3060,0,max_steps,1,0,0,21.159319672445218,2500,,,0.21645283065344587,0.1,0.2586755156517029,4.613443851470947,-17.308631896972656,312.3526306152344,0.0,27.194835183531193,1319,-4.999999999999671,-1.0355155110868164,0.0,0.008463727868978086,"{0: 25, 1: 24, 2: 70, 3: 103, 4: 28}","{1: 89, 2: 149, 3: 12}",{1: 250},"{1: 247, 2: 1, 0: 2}","{1: 244, 0: 6}",{1: 250},0.03228895397827631,0.018572362650598997,0.04967588913388943,0.06669045540883445,0.0961677320353846,0.041261470058709254,0.12240555067879358,0.1338671364269437,0.09603714714690992,0.021855128846002905,0.06495268311629664,0.12556205470484685
3070,0,max_steps,1,0,0,6.553413867239552,2500,,,0.21537299835057042,0.1,0.2577987313270569,4.576849460601807,-17.308631896972656,299.8793640136719,0.0,11.553413867239339,983,-4.999999999999671,0.0,0.0,0.002621365546895821,"{6: 195, 5: 40, 4: 15}","{3: 172, 2: 30, 1: 48}",{1: 250},{1: 250},{1: 250},{1: 250},0.0013755478014871028,0.013990164373150203,0.0015956909937462696,0.004232309252838214,0.04120109404218428,0.04459630077278093,0.05471584063123607,0.04741562916198011,,,,
3080,0,max_steps,1,0,0,6.725752215027724,2500,,,0.2142985530772792,0.1,0.26093384623527527,4.624385833740234,-16.952953338623047,307.27996826171875,0.0,11.725752215027534,839,-4.999999999999671,0.0,0.0,0.0026903008860110892,"{4: 57, 5: 29, 6: 164}","{2: 110, 3: 41, 1: 93, 0: 6}",{1: 250},{1: 250},{1: 250},"{1: 247, 0: 3}",0.02745677312971171,0.012450257613363807,0.04182732082919593,0.04987781489447726,0.07592397334013459,0.033997034286797845,0.09444829267068791,0.12768963112793313,,,,
3090,0,max_steps,1,0,0,13.2108761773973,2500,,,0.21322946795894776,0.1,0.2637559771537781,4.583569526672363,-16.952953338623047,308.5641174316406,0.0,18.21087617739722,1356,-4.999999999999671,0.0,0.0,0.00528435047095892,"{2: 41, 1: 157, 0: 52}","{2: 175, 3: 54, 1: 21}",{1: 250},{1: 250},{1: 250},{1: 250},0.03000711099684785,0.014623326821838006,0.04663180469608991,0.06687559107445913,0.06995604014035503,0.03266908260417376,0.08974040208311296,0.12943192630975558,,,,
3100,0,max_steps,1,0,0,11.84501165448393,2500,,,0.21216571625502262,0.1,0.27033567428588867,4.738284111022949,-16.952953338623047,310.856201171875,0.0,16.845011654484292,1396,-4.999999999999671,0.0,0.0,0.004738004661793572,"{1: 26, 2: 91, 3: 132, 4: 1}","{1: 125, 0: 26, 2: 99}",{1: 250},"{1: 249, 0: 1}","{1: 246, 0: 4}",{1: 250},0.020839421785522998,0.018658804238439183,0.034160603279977116,0.043126361285787555,0.08520298582587227,0.04501507400642752,0.10587553599279201,0.10408892158254672,,,,
3110,0,max_steps,1,0,0,3.751220982699718,2500,,,0.21110727135835275,0.1,0.27303600311279297,4.805299758911133,-16.639188766479492,311.9888916015625,0.0,8.751220982699543,949,-4.999999999999671,0.0,0.0,0.0015004883930798871,"{3: 217, 2: 33}","{1: 214, 2: 14, 0: 22}",{1: 250},{1: 250},{1: 250},"{1: 249, 2: 1}",0.02617279129340961,0.01111871247698308,0.03925014482604901,0.05384178939028242,0.07332809294730636,0.030111528619601764,0.09931625790791408,0.12155075795558479,,,,
3120,0,max_steps,1,0,0,0.17473118663451825,2500,,,0.21005410679452396,0.1,0.2746843099594116,4.835183620452881,-16.639188766479492,309.9066162109375,0.0,5.182663891677194,485,-4.999999999999671,-0.007932705042724475,0.0,6.989247465380731e-05,"{2: 75, 1: 21, 0: 154}","{1: 21, 0: 229}",{1: 250},{1: 250},{1: 250},{1: 250},0.012368164359758835,0.01664754946718411,0.018932104951587807,0.02006913746804966,0.06556535762389139,0.04367832599652806,0.08610259356638755,0.07903283902031173,,,,
3130,0,max_steps,1,0,0,20.64597479471314,2500,,,0.2090061962211966,0.1,0.27360114455223083,4.773115634918213,-16.294279098510742,290.52227783203125,0.0,25.645974794712856,1381,-4.999999999999671,0.0,0.0,0.008258389917885257,"{6: 36, 5: 33, 4: 83, 3: 98}","{1: 187, 0: 10, 2: 53}",{1: 250},"{1: 244, 0: 6}",{1: 250},"{1: 247, 0: 3}",0.02709176106827498,0.013509009799463834,0.042041314289393325,0.050815012356643784,0.07869323799844768,0.04597935850267846,0.10903518439144708,0.1333213704142344,,,,
3140,0,max_steps,1,0,0,9.506524414939234,2500,,,0.20796351342744684,0.1,0.2744682729244232,4.8084588050842285,-18.957035064697266,298.54034423828125,0.0,14.506524414939024,773,-4.999999999999671,0.0,0.0,0.0038026097659756937,"{3: 104, 2: 53, 4: 25, 5: 68}","{2: 231, 1: 15, 3: 4}",{1: 250},"{1: 248, 0: 2}",{1: 250},{1: 250},0.03275477478298644,0.015779110736151486,0.04080699135281236,0.04458144406057407,0.08851969278377349,0.039456683120891546,0.1219643897819846,0.11973514359216494,0.11598158706172042,0.03826461440144885,0.09626249089929838,0.12687081394919397
3150,0,max_steps,1,0,0,10.922684297734593,2500,,,0.20692603233311097,0.1,0.2759007513523102,4.883996963500977,-18.957035064697266,317.1751403808594,0.0,15.922684297734907,1047,-4.999999999999671,0.0,0.0,0.004369073719093837,"{2: 130, 3: 16, 4: 48, 5: 56}","{3: 73, 2: 130, 1: 47}","{1: 249, 0: 1}","{1: 248, 0: 2}","{1: 248, 0: 2}",{1: 250},0.03254374036855241,0.01663256730542099,0.03795050045303108,0.03403523381904603,0.10035228063051421,0.039820214580614605,0.12176434618434843,0.10932237163681063,,,,
3160,0,max_steps,1,1,0,473.55402188516956,2500,912.0,912.0,0.20589372698813307,0.1,0.2771582007408142,4.865119934082031,-18.957035064697266,312.07354736328125,500.0,22.28927775791661,1604,-4.997999999999672,-43.73725587273952,0.0,0.18942160875406783,"{4: 46, 3: 129, 2: 46, 1: 29}","{5: 9, 4: 62, 3: 20, 2: 72, 1: 30, 0: 57}","{1: 245, 0: 5}","{1: 246, 2: 1, 0: 3}","{1: 234, 2: 5, 0: 11}","{1: 226, 0: 15, 2: 9}",0.0327070748872517,0.02031481928024076,0.03965210763273825,0.042000009228653434,0.11522967976732697,0.04532734212582698,0.14186915181973436,0.14512645908113306,0.023565571090576123,0.03313413983093926,0.03145898146329892,0.04292712372954564
3170,0,success,1,2,0,1015.3185795716267,1439,719.5,719.5,0.20486657157191598,0.1,0.2809615731239319,4.930996417999268,-23.851959228515625,313.58551025390625,1000.0,18.19257957161937,1282,-2.873999999999905,0.0,0.0,0.7055723277078713,"{3: 103, 5: 14, 4: 26}","{4: 25, 3: 47, 2: 55, 1: 16}",{1: 143},"{1: 138, 0: 5}",{1: 143},{1: 143},0.026885001961322205,0.024854424750711306,0.025246349212019976,0.01872491083340241,0.08031613780201079,0.05651777469699484,0.08264049705302494,0.059874456602482785,0.038402322216814846,0.05775846616998168,0.02889548092731824,0.037859481651444885
3180,0,crash,1,1,1,418.6936226789424,1547,1142.0,1142.0,0.20384454039267538,0.1,0.280947208404541,4.91806173324585,-24.374998092651367,316.40606689453125,500.0,16.585532000684612,1002,-3.091999999999881,-14.799909321757312,-80.0,0.2706487541557482,"{1: 55, 2: 56, 3: 3, 6: 40}",{3: 154},"{1: 152, 0: 2}",{1: 154},"{1: 145, 0: 9}","{1: 149, 0: 5}",0.049659131692961225,0.016314572277797028,0.04760331834087301,0.04598878976206213,0.12245591438113865,0.029583756185153187,0.12512967320465113,0.11250883352382597,0.06959001291186671,0.013760020998336894,0.07084822490147147,0.06233203264275151
3190,0,max_steps,1,0,0,9.221652725258558,2500,,,0.20282760788679727,0.1,0.28402382135391235,4.945902347564697,-24.374998092651367,319.3516845703125,0.0,14.221652725258505,1420,-4.999999999999671,0.0,0.0,0.003688661090103423,"{4: 193, 3: 57}","{2: 186, 1: 64}",{1: 250},"{1: 247, 0: 1, 2: 2}",{1: 250},{1: 250},0.023726631704444404,0.00981562092914812,0.026724818907146453,0.029407836655864404,0.05585581888147922,0.03657848097270297,0.07798844729536403,0.08824564341813883,,,,
3200,0,crash,1,0,1,-102.877452978168,1741,,,0.2018157486181985,0.1,0.2856847941875458,4.929168224334717,-24.374998092651367,306.525146484375,0.0,1.6308919814348677,226,-3.481999999999838,-21.026344959602852,-80.0,-0.05909101262387593,"{5: 26, 6: 148}","{1: 7, 0: 167}",{1: 174},{1: 174},"{1: 171, 0: 3}","{1: 158, 0: 4, 2: 12}",0.04591563842354621,0.016960848083868166,0.07171022243679322,0.10405065763504832,0.10618424195727137,0.032851514302789805,0.1394205483290709,0.14977080257796666,,,,
3210,0,crash,1,1,1,395.06494918410107,2342,347.0,347.0,0.20080893727769064,0.1,0.2895299196243286,4.984225273132324,-25.655651092529297,307.2997131347656,500.0,11.598972158646557,1092,-4.681999999999706,-31.852022974536407,-80.0,0.16868699794368108,"{4: 19, 3: 15, 0: 200}","{3: 134, 2: 28, 4: 46, 1: 17, 0: 9}",{1: 234},"{1: 224, 2: 10}",{1: 234},{1: 234},0.012251479905453055,0.01971497668205894,0.017579434237237804,0.02424424589615986,0.04474699621041747,0.04960126302676227,0.06271007708567684,0.08216542610845494,0.05706123220759008,0.020259580392540624,0.0741743504163476,0.11696362774403478
3220,0,max_steps,1,0,0,6.984845823554168,2500,,,0.19980714868234667,0.1,0.29215261340141296,5.026325225830078,-25.655651092529297,285.7221374511719,0.0,11.984845823553936,1239,-4.999999999999671,0.0,0.0,0.002793938329421667,"{2: 80, 1: 170}","{4: 47, 3: 203}",{1: 250},"{1: 249, 2: 1}",{1: 250},{1: 250},0.016314574938795033,0.012566156045677611,0.025242269311515318,0.022390113430020144,0.0456967301336374,0.022622738857635747,0.06663941787862748,0.08240777332989742,,,,
3230,0,max_steps,1,0,0,0.3011142438657963,2500,,,0.19881035777487138,0.1,0.29170942306518555,4.999898910522461,-25.655651092529297,285.1155700683594,0.0,5.301114243865741,1217,-4.999999999999671,0.0,0.0,0.00012044569754631853,{0: 250},{3: 250},{1: 250},{1: 250},{1: 250},{1: 250},0.004584127750433794,0.012438709681027633,0.00774784581233668,0.011607893259173344,0.02174278005734149,0.017159417493253306,0.03304222581094942,0.04590825686563453,,,,
3240,0,max_steps,1,0,0,7.671532804435075,2500,,,0.1978185396229746,0.1,0.2929377853870392,5.013863563537598,-25.948646545410156,304.701904296875,0.0,12.67153280443493,973,-4.999999999999671,0.0,0.0,0.00306861312177403,"{5: 38, 6: 212}","{1: 55, 2: 128, 3: 67}",{1: 250},{1: 250},{1: 250},{1: 250},0.03028953687791442,0.019688555990726803,0.03920960077648211,0.04512093690122013,0.06779138190411174,0.043963630334786244,0.0789559367446551,0.08869102041024453,,,,
3250,0,max_steps,1,1,0,518.7264033094586,2500,404.0,404.0,0.19683166941874727,0.1,0.2938941717147827,4.924042701721191,-25.948646545410156,272.9730529785156,500.0,23.72440330941372,1533,-4.997999999999672,0.0,0.0,0.20749056132378346,"{1: 17, 2: 92, 3: 141}","{4: 37, 3: 69, 2: 134, 1: 10}",{1: 250},"{1: 247, 0: 3}","{1: 245, 0: 5}","{1: 246, 0: 2, 2: 2}",0.011925832646133151,0.016461281376050622,0.01508456946258942,0.018707116017388635,0.05714042101918783,0.038760777382652864,0.06346639802134098,0.11452452744648323,0.0390536426513351,0.04411538880807132,0.030513032712377666,0.04614331830765438
3260,0,max_steps,1,1,0,543.7252575872922,2500,845.0,845.0,0.19584972247804144,0.1,0.29703477025032043,4.924441337585449,-25.948646545410156,277.9325256347656,500.0,48.723257587253066,1672,-4.997999999999672,0.0,0.0,0.21749010303491687,"{0: 23, 1: 16, 2: 49, 3: 43, 6: 82, 5: 11, 4: 26}","{3: 60, 4: 24, 2: 3, 1: 21, 0: 142}",{1: 250},"{1: 210, 0: 21, 2: 19}","{1: 244, 2: 6}","{1: 245, 2: 4, 0: 1}",0.05433961998366757,0.04009569994036394,0.06589183729019607,0.06675968159877155,0.12185585900087319,0.060491943328512876,0.14499294559905881,0.1442006560490035,0.05377270329175306,0.04359129816415887,0.06777056280231059,0.03957642802379553
3270,0,max_steps,1,1,0,509.05134327269656,2500,1015.0,1015.0,0.19487267423985233,0.1,0.29769834876060486,4.914130210876465,-25.948646545410156,280.2872009277344,500.0,14.049343272705471,1282,-4.997999999999672,0.0,0.0,0.20362053730907861,"{2: 82, 3: 19, 4: 108, 5: 41}","{4: 71, 3: 104, 2: 75}",{1: 250},{1: 250},{1: 250},{1: 250},0.01572911758377267,0.01284051826373847,0.024318397761064016,0.03215469479810574,0.05009000335858426,0.047652708271399474,0.06775629003334067,0.06180936937997001,0.02663537304179932,0.019374165807519255,0.034711169267635615,0.03985312850171649
3280,0,max_steps,1,0,0,6.627796837559244,2500,,,0.19390050026570443,0.1,0.2983182370662689,4.885850429534912,-25.948646545410156,272.9027099609375,0.0,11.627796837559073,1347,-4.999999999999671,0.0,0.0,0.0026511187350236978,"{3: 94, 4: 99, 5: 34, 2: 23}","{1: 124, 2: 126}",{1: 250},"{1: 248, 0: 2}",{1: 250},{1: 250},0.026567734010436383,0.014639804287698396,0.03013639330740194,0.030490713959613953,0.06800234786156983,0.04266952733935669,0.08502273847452602,0.06582829950112441,,,,
3290,0,max_steps,1,0,0,6.860755340098863,2500,,,0.19293317623903994,0.1,0.29814356565475464,4.877414226531982,-25.948646545410156,272.9027099609375,0.0,11.860755340098608,1341,-4.999999999999671,0.0,0.0,0.002744302136039545,"{2: 17, 3: 135, 4: 98}","{2: 206, 1: 44}",{1: 250},"{1: 246, 0: 4}",{1: 250},{1: 250},0.023293340601756383,0.01390580738906877,0.025176240406097845,0.022684215076762784,0.04270502824876848,0.035205192944827615,0.05729234630154502,0.06241504618929404,0.036223957661030724,0.031120106133767724,0.035539814531121615,0.02013363640082846
3300,0,max_steps,1,0,0,9.737784038138058,2500,,,0.1919706779646106,0.1,0.2971724271774292,4.831178188323975,-25.948646545410156,272.9027099609375,0.0,15.92388420128662,1323,-4.999999999999671,-1.1861001631482035,0.0,0.003895113615255223,"{2: 21, 3: 69, 4: 160}","{5: 36, 4: 78, 3: 108, 2: 28}",{1: 250},"{1: 248, 2: 1, 0: 1}",{1: 250},{1: 250},0.030722670715443313,0.0214566239900471,0.0353329071264008,0.03488784475291994,0.04421206806833472,0.052915370485579545,0.06218713696215487,0.06970973426608178,0.04280479520783601,0.0435325849936114,0.060811392201876535,0.05454269772754418
3310,0,max_steps,1,1,0,527.5200447610374,2500,555.0,555.0,0.1910129813678727,0.1,0.29900774359703064,4.904786109924316,-25.948646545410156,302.4608459472656,500.0,32.5180447610304,1348,-4.997999999999672,0.0,0.0,0.21100801790441495,"{3: 120, 4: 61, 5: 69}","{1: 30, 2: 24, 3: 1, 6: 89, 5: 17, 4: 89}","{1: 244, 2: 6}","{1: 234, 2: 16}","{1: 243, 2: 7}",{1: 250},0.017262246340022262,0.018916590827896713,0.02448781709177611,0.0299804806804571,0.09287615955048774,0.05700860070999187,0.10237888814413652,0.10265723429801912,0.03662890213278728,0.05843956588032525,0.05033034854350963,0.07685633479786545
3320,0,max_steps,1,0,0,24.81071381939588,2500,,,0.19006006249438467,0.1,0.2991928458213806,4.7187933921813965,-25.403396606445312,264.0026550292969,0.0,29.810713819394856,1362,-4.999999999999671,0.0,0.0,0.009924285527758352,"{1: 21, 0: 36, 2: 15, 3: 171, 4: 7}","{4: 17, 3: 62, 2: 171}",{1: 250},{1: 250},"{1: 243, 0: 7}","{1: 242, 0: 8}",0.028739830183979926,0.014608505279124013,0.04259670411453576,0.0418295461687062,0.12429926879936112,0.04831146864285956,0.11909930111126076,0.12857238631661466,0.10325908687149878,0.05551448083964295,0.07049085137105884,0.09471338371491736
3330,0,max_steps,1,0,0,-2.300960768998369,2500,,,0.18911189750920804,0.1,0.304050475358963,4.853844165802002,-25.403396606445312,269.8776550292969,0.0,2.6990392310015894,716,-4.999999999999671,0.0,0.0,-0.0009203843075993476,"{4: 235, 5: 15}","{3: 193, 2: 57}",{1: 250},{1: 250},{1: 250},{1: 250},0.003745027020102868,0.011931613777923455,0.005638595432834969,0.00587297997062384,0.03440605180588842,0.018530969823282905,0.03176306998082986,0.03639966250995918,0.004074875047460313,0.01072869993371753,0.020205227625040408,0.020586349777676153
3340,0,max_steps,1,0,0,18.665022560814432,2500,,,0.1881684626963112,0.1,0.3044004738330841,4.862342834472656,-25.403396606445312,262.6160583496094,0.0,23.665022560814162,1199,-4.999999999999671,0.0,0.0,0.007466009024325772,"{4: 67, 5: 127, 6: 17, 3: 39}","{3: 52, 2: 159, 1: 39}",{1: 250},"{1: 249, 2: 1}",{1: 250},"{1: 239, 2: 6, 0: 5}",0.03968719909703215,0.024439138595185823,0.054489801828565276,0.05758817804722333,0.1024666370269871,0.04995395886709166,0.12920071088927365,0.1443345691497621,,,,
3350,0,max_steps,1,0,0,-4.441138399500232,2500,,,0.18722973445797636,0.1,0.3043040335178375,4.83074426651001,-23.941471099853516,274.55609130859375,0.0,20.6311525228522,550,-4.999999999999671,-20.072290922352636,0.0,-0.0017764553598000926,"{3: 56, 4: 113, 5: 30, 6: 51}","{2: 23, 1: 137, 0: 90}",{1: 250},"{1: 227, 2: 1, 0: 22}","{1: 245, 2: 5}",{1: 250},0.03739755193945414,0.022465119058092585,0.0474201861322512,0.04285658835494171,0.11853486150404313,0.059297600289044836,0.14215159506116834,0.12077646193017803,,,,
3360,0,max_steps,1,0,0,7.695564738887418,2500,,,0.18629568931420912,0.1,0.30700209736824036,4.800979137420654,-23.941471099853516,272.1820983886719,0.0,12.695564738887532,921,-4.999999999999671,0.0,0.0,0.0030782258955549674,"{5: 29, 4: 54, 3: 6, 6: 161}","{5: 43, 4: 206, 3: 1}",{1: 250},{1: 250},{1: 250},"{1: 246, 0: 3, 2: 1}",0.032394457516249475,0.012165078617711336,0.046067425586276745,0.049295496518174525,0.09237933670639963,0.03530558549262108,0.11992248399064762,0.11927019957353734,,,,
3370,0,max_steps,1,0,0,-3.594432247849183,2500,,,0.18536630390215128,0.1,0.3064393997192383,4.790839672088623,-23.941471099853516,266.31689453125,0.0,1.4055677521506396,1191,-4.999999999999671,0.0,0.0,-0.0014377728991396732,{1: 250},"{3: 249, 2: 1}",{1: 250},{1: 250},{1: 250},{1: 250},0.0013307913951027105,0.011809423453424003,0.001798133212630791,0.0033146335480154637,0.004095778540382697,0.016356851656804384,0.005579042180115097,0.009291564224819764,,,,
3380,0,max_steps,1,0,0,6.805275232399974,2500,,,0.1844415549754964,0.1,0.30506637692451477,4.771198749542236,-23.941471099853516,266.31689453125,0.0,11.805275232399852,1046,-4.999999999999671,0.0,0.0,0.0027221100929599898,"{5: 35, 6: 215}","{3: 71, 2: 91, 1: 88}",{1: 250},"{1: 246, 0: 4}","{1: 243, 0: 7}","{1: 235, 0: 11, 2: 4}",0.032449046180716645,0.01734394141712541,0.051724746491256475,0.05857700652560049,0.08983994803002432,0.04557151316443446,0.0996579895477005,0.14450653097572,,,,
3390,0,max_steps,1,0,0,-0.8990938555704115,2500,,,0.1835214194039085,0.1,0.3065814971923828,4.791774272918701,-23.941471099853516,287.1002197265625,0.0,4.100906144429576,869,-4.999999999999671,0.0,0.0,-0.0003596375422281646,"{5: 214, 6: 36}","{3: 192, 2: 52, 1: 6}",{1: 250},{1: 250},{1: 250},{1: 250},0.007866935069847855,0.011010723587276238,0.010429050504143162,0.011981632040992517,0.0359959217264816,0.035187166720877974,0.04941828941030932,0.045241110401354874,,,,
3400,0,max_steps,1,1,0,520.9268753998107,2500,893.0,893.0,0.1826058741724434,0.1,0.30858513712882996,4.820634365081787,-23.941471099853516,264.7733459472656,500.0,25.924875399749194,869,-4.997999999999672,0.0,0.0,0.20837075015992426,"{5: 39, 4: 49, 3: 1, 0: 161}","{3: 235, 4: 9, 2: 6}",{1: 250},"{1: 249, 0: 1}","{1: 244, 2: 6}","{1: 222, 2: 14, 0: 14}",0.04296852071011753,0.01295523870238725,0.05356259821796318,0.04500909700931747,0.10595940312232661,0.04828165053351104,0.1309057713597498,0.15045043095385724,0.10836749686862665,0.04617822646357633,0.07093937979017681,0.1527752517723863
3410,0,max_steps,1,0,0,20.69764311221684,2500,,,0.1816948963809729,0.1,0.3098166286945343,4.839077472686768,-23.941471099853516,291.0721740722656,0.0,25.69764311221776,888,-4.999999999999671,0.0,0.0,0.008279057244886737,"{6: 186, 5: 52, 4: 12}","{3: 232, 2: 18}","{1: 244, 2: 6}",{1: 250},"{1: 223, 2: 16, 0: 11}","{1: 228, 2: 6, 0: 16}",0.0419706507192297,0.010940694740221149,0.04827645546438919,0.041240092016522664,0.13228834989828683,0.037769763841196666,0.1815261136924952,0.1474680018068245,,,,
3420,0,max_steps,1,0,0,8.189949222777548,2500,,,0.1807884632436123,0.1,0.3127722442150116,4.814764499664307,-23.941471099853516,262.6160583496094,0.0,13.189949222777985,938,-4.999999999999671,0.0,0.0,0.003275979689111019,"{4: 36, 3: 214}","{1: 122, 2: 128}",{1: 250},"{1: 247, 0: 3}",{1: 250},{1: 250},0.019979541152285896,0.013846798429518924,0.022933068024300708,0.023063797105616637,0.06844809808306701,0.04003642214141883,0.08473229933774194,0.07478771018095774,,,,
3430,0,max_steps,1,1,0,538.1197506040197,2500,1562.0,1562.0,0.17988655208815033,0.1,0.31530749797821045,4.738228797912598,-23.941471099853516,264.0698547363281,500.0,43.11775060399386,1257,-4.997999999999672,0.0,0.0,0.2152479002416079,"{5: 76, 4: 157, 3: 13, 6: 4}","{4: 94, 3: 135, 2: 21}","{1: 242, 2: 8}","{1: 237, 0: 13}","{1: 236, 2: 14}","{1: 229, 0: 10, 2: 11}",0.04691310752203552,0.018785768849534284,0.06316024043371649,0.06901556352676338,0.1146988974992809,0.05211018347136412,0.1616763015685785,0.1494359749400411,0.15268007754366147,0.0428115970099736,0.11480403486119962,0.15240668736650767
3440,0,max_steps,1,0,0,15.442193134191761,2500,,,0.17898914035548197,0.1,0.31665870547294617,4.7777419090271,-21.596513748168945,264.0698547363281,0.0,20.442193134191946,1570,-4.999999999999671,0.0,0.0,0.0061768772536767045,"{2: 119, 1: 36, 0: 64, 3: 31}","{3: 163, 2: 82, 1: 5}",{1: 250},"{1: 248, 2: 2}","{1: 244, 2: 6}","{1: 248, 0: 2}",0.02331669584841261,0.01885994279187106,0.030416715137106774,0.03678762148320984,0.08083591940357741,0.04325472391838573,0.1043070900132802,0.11717995424579235,,,,
3450,0,max_steps,1,0,0,3.9660580683101685,2500,,,0.17809620559904438,0.1,0.3194669485092163,4.838072776794434,-21.596513748168945,264.0698547363281,0.0,8.96605806830983,1044,-4.999999999999671,0.0,0.0,0.0015864232273240673,"{3: 92, 4: 158}","{5: 19, 4: 209, 3: 22}",{1: 250},"{1: 245, 2: 5}",{1: 250},{1: 250},0.013110569233829429,0.0125656125503863,0.0204861727494983,0.022012310439660687,0.053589367893933704,0.042532972958071576,0.06736177414267147,0.05694872127053503,0.06663771712183619,0.046124442491646364,0.08457697662130943,0.056212275119049186
3460,0,success,1,2,0,1025.6063388297912,1982,991.0,991.0,0.17720772548425529,0.1,0.3215641379356384,4.873059272766113,-21.596513748168945,259.569091796875,1000.0,29.56633882979077,1546,-3.9599999999997855,0.0,0.0,0.5174603122249198,"{2: 116, 1: 72, 3: 10}","{5: 127, 4: 21, 3: 50}",{1: 198},"{1: 194, 2: 3, 0: 1}",{1: 198},"{1: 194, 2: 1, 0: 3}",0.040121134009530525,0.019033402186854773,0.05588659429342016,0.07616003617633418,0.0967077593302098,0.05050777034046454,0.13133536282567138,0.14049467991567163,0.06930019542054615,0.053959858386267934,0.03487881176906648,0.10559124033695
3470,0,max_steps,1,0,0,18.379236068284108,2500,,,0.17632367778795438,0.1,0.3226003646850586,4.869711399078369,-21.072338104248047,259.569091796875,0.0,23.379236068284236,1280,-4.999999999999671,0.0,0.0,0.0073516944273136434,"{1: 163, 0: 60, 2: 27}",{3: 250},{1: 250},{1: 250},{1: 250},"{1: 244, 2: 1, 0: 5}",0.031305694331427034,0.019181649937974624,0.03747107240770659,0.04601193558929202,0.08188191078862903,0.0494531413718684,0.11430583845945032,0.12276402732126723,,,,
3480,0,max_steps,1,0,0,5.652875028465286,2500,,,0.17544404039784753,0.1,0.32748523354530334,4.988844394683838,-20.36004066467285,259.569091796875,0.0,26.98472496798058,1037,-4.999999999999671,-16.331849939515457,0.0,0.0022611500113861142,"{3: 22, 4: 50, 5: 115, 6: 63}","{5: 109, 4: 127, 3: 14}",{1: 250},{1: 250},"{1: 242, 2: 8}","{1: 242, 0: 3, 2: 5}",0.04824001733139614,0.017205845981781542,0.07632913871700761,0.08353595075331477,0.11478272617483426,0.0342542388862454,0.1436108500549839,0.14661986025308696,,,,
3490,0,max_steps,1,1,0,496.80329319577163,2500,983.0,983.0,0.1745687913119536,0.1,0.3309568762779236,5.097005367279053,-20.36004066467285,305.1682434082031,500.0,40.61207036352975,1318,-4.997999999999672,-38.810777167773914,0.0,0.19872131727830866,"{5: 46, 6: 31, 4: 18, 3: 3, 2: 18, 1: 48, 0: 86}","{2: 8, 3: 90, 6: 55, 5: 74, 4: 23}",{1: 250},{1: 250},"{1: 240, 2: 10}","{1: 225, 2: 16, 0: 9}",0.06833878257596315,0.023051062468069254,0.08102256818649275,0.08209137833171362,0.12162113741153885,0.05250573782801654,0.15693796558332687,0.14933171231555398,0.10847245868873157,0.018316374698807765,0.07950612120489021,0.11822298504557487
3500,0,max_steps,1,0,0,11.000049729406253,2500,,,0.17369790863805412,0.1,0.33049342036247253,5.056929588317871,-20.36004066467285,259.569091796875,0.0,16.000049729406975,1184,-4.999999999999671,0.0,0.0,0.004400019891762501,"{5: 54, 4: 106, 3: 26, 6: 64}","{4: 82, 5: 47, 3: 121}","{1: 245, 0: 5}","{1: 243, 0: 7}","{1: 237, 0: 13}","{1: 230, 2: 6, 0: 14}",0.0364230586467618,0.018014811226615062,0.04914103683369156,0.05076843664167903,0.09081458475991518,0.052854956620698765,0.11567782966841422,0.1427393757522897,,,,
3510,0,success,1,2,0,1030.130198733244,907,453.5,453.5,0.17283137059314588,0.1,0.33359044790267944,5.111280918121338,-24.46910858154297,300.66033935546875,1000.0,31.94019873324534,782,-1.8100000000000014,0.0,0.0,1.1357554561557266,"{5: 8, 4: 30, 3: 6, 0: 21, 1: 15, 2: 10}","{2: 36, 3: 54}","{1: 76, 0: 14}","{1: 87, 0: 3}","{1: 70, 0: 20}","{1: 89, 0: 1}",0.06346772527913873,0.01449694759898538,0.0834908646848243,0.06075441294766958,0.1912859895038617,0.050659064602955564,0.25841999066654303,0.11697428802926438,0.2300321480140636,0.0365782076330195,0.25975433937068404,0.127327582882444
3520,0,max_steps,1,0,0,27.329023574945065,2500,,,0.1719691555028959,0.1,0.33789294958114624,5.221056938171387,-24.46910858154297,293.6327819824219,0.0,32.32902357494442,1597,-4.999999999999671,0.0,0.0,0.010931609429978026,"{0: 74, 1: 20, 2: 149, 3: 7}","{1: 162, 0: 4, 2: 84}",{1: 250},"{1: 249, 0: 1}","{1: 246, 0: 4}","{1: 244, 0: 4, 2: 2}",0.046473838203130294,0.014414716547873387,0.059223641615927344,0.0624444954771058,0.08218276927387717,0.043741699231634394,0.11729969793800395,0.14105738108670163,,,,
3530,0,max_steps,1,0,0,11.580268192856902,2500,,,0.17111124180109932,0.1,0.33790045976638794,5.217324256896973,-24.46910858154297,265.76007080078125,0.0,16.580268192857066,1021,-4.999999999999671,0.0,0.0,0.004632107277142761,"{3: 79, 2: 158, 1: 13}","{2: 43, 1: 113, 0: 94}",{1: 250},"{1: 247, 0: 3}",{1: 250},{1: 250},0.03108452514957765,0.021570011084669664,0.05295168515835691,0.04890385339825806,0.06438967623432355,0.050927039267483154,0.08508348196411583,0.10183422190257833,,,,
3540,0,max_steps,1,1,0,532.7745656504572,2500,1479.0,1479.0,0.17025760802914003,0.1,0.340404212474823,5.206980228424072,-26.22863006591797,274.0173645019531,500.0,37.772565650444186,1686,-4.997999999999672,0.0,0.0,0.2131098262601829,"{2: 121, 1: 69, 3: 60}","{5: 20, 4: 40, 3: 87, 0: 49, 1: 54}",{1: 250},"{1: 232, 2: 4, 0: 14}",{1: 250},"{1: 240, 0: 7, 2: 3}",0.04240253728117846,0.029416471519465477,0.06485659007728266,0.0712610753208274,0.09874255744298854,0.05941934047607353,0.12545822134957024,0.1466196390590296,0.062371342715344946,0.0449628956166695,0.07963154109643465,0.12235422620445979
3550,0,max_steps,1,0,0,4.876565001837332,2500,,,0.1694082328354539,0.1,0.34330934286117554,5.2627153396606445,-26.22863006591797,269.385498046875,0.0,9.876565001837173,1087,-4.999999999999671,0.0,0.0,0.001950626000734933,{3: 250},"{2: 235, 1: 13, 3: 2}",{1: 250},"{1: 249, 0: 1}",{1: 250},{1: 250},0.006159802360524326,0.01244381509079627,0.009020354426304198,0.011211065804683878,0.02085777017133066,0.02584990308267281,0.029828818549008186,0.03703777577548649,0.023209928817766002,0.02151800024626134,0.030515985867954735,0.032855701269439645
3560,0,max_steps,1,1,0,502.3555375898652,2500,215.0,215.0,0.16856309497499475,0.1,0.34452545642852783,5.201905250549316,-26.22863006591797,265.75262451171875,500.0,8.130918430270246,806,-4.997999999999672,-0.7773808403895157,0.0,0.2009422150359461,"{2: 18, 3: 3, 6: 229}","{3: 21, 0: 10, 1: 18, 2: 201}",{1: 250},"{1: 227, 0: 16, 2: 7}","{1: 245, 0: 5}","{1: 249, 0: 1}",0.022524842517588926,0.014176575608466533,0.0348961554136446,0.04471318145006334,0.06702480194642345,0.05388455079007595,0.0920803855835618,0.10994101627850197,0.09921710483768699,0.021929855466896617,0.17872529461476208,0.11214294713961771
3570,0,max_steps,1,0,0,10.577231691697607,2500,,,0.16772217330870298,0.1,0.34612178802490234,5.2296366691589355,-26.22863006591797,265.75262451171875,0.0,15.577231691698518,833,-4.999999999999671,0.0,0.0,0.004230892676679043,"{1: 62, 2: 22, 3: 100, 4: 66}","{1: 111, 2: 41, 0: 98}",{1: 250},"{1: 249, 0: 1}",{1: 250},"{1: 249, 2: 1}",0.032475711226227263,0.021707531735625247,0.05117240142853638,0.05259346764464862,0.09362302630299961,0.04672891499507889,0.11049450322263074,0.12331595591387462,,,,
3580,0,crash,1,0,1,-96.28041068573214,979,,,0.16688544680297668,0.1,0.34667372703552246,5.2188239097595215,-26.22863006591797,272.5403747558594,0.0,1.3264771082182159,157,-1.9580000000000015,-15.648887793950362,-80.0,-0.09834566975049248,"{5: 16, 6: 81}","{3: 78, 4: 19}","{1: 76, 0: 21}","{1: 87, 0: 10}","{1: 72, 0: 25}","{1: 64, 0: 10, 2: 23}",0.08051018408097327,0.01925517616120061,0.076978015316785,0.14273478833978734,0.16904227046309941,0.06005579652206231,0.228685617575146,0.1856858266629337,,,,
3590,0,max_steps,1,0,0,10.185694429835102,2500,,,0.1660528945291458,0.1,0.34804001450538635,5.225189208984375,-26.22863006591797,265.75262451171875,0.0,15.185694429835202,1329,-4.999999999999671,0.0,0.0,0.004074277771934041,"{3: 90, 4: 160}","{5: 78, 4: 45, 3: 127}",{1: 250},"{1: 249, 2: 1}",{1: 250},{1: 250},0.02835660826018807,0.02155387890922466,0.040633455881298255,0.035403011203950535,0.06567387824332076,0.03831764928014666,0.0913608704326768,0.09768251439715349,0.08025835324985406,0.029976437801522312,0.11996708525087137,0.13532111255691648
3600,0,max_steps,1,1,0,524.3389375543231,2500,1104.0,1104.0,0.1652244956629483,0.1,0.3548106253147125,5.399158000946045,-26.22863006591797,310.3513488769531,500.0,29.336937554298746,1307,-4.997999999999672,0.0,0.0,0.20973557502172926,"{2: 96, 1: 12, 3: 2, 6: 108, 5: 32}","{2: 13, 3: 177, 5: 5, 4: 55}",{1: 250},"{1: 246, 0: 2, 2: 2}","{1: 249, 0: 1}","{1: 241, 0: 9}",0.03498052862035552,0.016726321758720648,0.05061196695971164,0.05447207962993184,0.09107582301899375,0.047727931398699616,0.12667356467681387,0.13751175208821617,0.11363121810954362,0.057555623537671324,0.06969473802987745,0.1420889494595033
3610,0,max_steps,1,0,0,10.065050737686878,2500,,,0.16440022948400973,0.1,0.35657310485839844,5.433994293212891,-26.22863006591797,274.0062561035156,0.0,15.065050737687352,1388,-4.999999999999671,0.0,0.0,0.004026020295074751,"{2: 47, 3: 84, 4: 119}","{2: 203, 3: 19, 1: 28}",{1: 250},{1: 250},{1: 250},{1: 250},0.02374846056720164,0.020461558638795924,0.02783690542666233,0.03223463698601543,0.05700031194507991,0.0423383959728236,0.07579805200812198,0.0754919713351814,0.05629353552973047,0.03890022618704403,0.02788804208226353,0.04436159443863606
3620,0,crash,1,1,1,411.8116169842666,2361,465.0,465.0,0.16358007537532446,0.1,0.3590855598449707,5.507680892944336,-26.22863006591797,299.4522399902344,500.0,12.233278966612335,1317,-4.719999999999702,-15.701661982337372,-80.0,0.1744225400187491,"{3: 109, 2: 58, 4: 48, 5: 14, 6: 7}","{4: 6, 3: 96, 2: 130, 1: 4}",{1: 236},"{1: 229, 2: 1, 0: 6}",{1: 236},{1: 236},0.022054059743825606,0.015902853651149223,0.03130952724606356,0.03649791505674522,0.09821925084697447,0.04488734892767385,0.10544336018446203,0.08424307921276775,0.012600579643912813,0.045943312586553986,0.06315048355323423,0.07816249560817264
3630,0,max_steps,1,0,0,39.677427524851076,2500,,,0.16276401282274042,0.1,0.3636469542980194,5.613089084625244,-26.22863006591797,319.1106262207031,0.0,44.67742752485043,1306,-4.999999999999671,0.0,0.0,0.01587097100994043,"{5: 101, 4: 57, 6: 77, 3: 15}","{1: 112, 2: 138}",{1: 250},"{1: 235, 0: 15}","{1: 242, 2: 8}","{1: 236, 2: 9, 0: 5}",0.0714767491441895,0.015416171627069094,0.10107061068348197,0.09156665849073373,0.12612717481966085,0.05753960652384398,0.15621338785306116,0.1487636076759834,0.05720116957856669,0.06107087282113112,0.1236603613329056,0.029375062518180717
3640,0,crash,1,1,1,407.9245250856448,2014,1543.0,1543.0,0.16195202141444587,0.1,0.36927562952041626,5.697601318359375,-26.22863006591797,310.5872802734375,500.0,18.025334910899982,1043,-4.025999999999779,-26.074809825270744,-80.0,0.20254445138314042,"{1: 134, 2: 16, 3: 4, 6: 47}","{3: 141, 2: 54, 1: 6}",{1: 201},{1: 201},"{1: 198, 0: 3}","{1: 194, 2: 7}",0.008355039522669265,0.011081211659700434,0.01193393196121892,0.014900621644874068,0.10605133967719507,0.02577328047141825,0.1297741054358893,0.12564897840829523,0.14588624334798478,0.027853613154896765,0.13165022073266747,0.13443058866389726
3650,0,max_steps,1,1,0,538.1924661578581,2500,1951.0,1951.0,0.1611440808404587,0.1,0.3728736937046051,5.70412015914917,-26.22863006591797,340.90020751953125,500.0,43.19046615784346,1285,-4.997999999999672,0.0,0.0,0.21527698646314325,"{4: 78, 5: 50, 6: 120, 3: 2}","{4: 167, 5: 37, 3: 46}","{1: 236, 0: 14}","{1: 241, 0: 4, 2: 5}","{1: 228, 0: 14, 2: 8}","{1: 228, 2: 12, 0: 10}",0.061513738678266136,0.027287826703646968,0.07653029926539362,0.10154702629556966,0.13375368988850053,0.054143016172356506,0.16912872859049985,0.14956052750590376,0.12427463720285778,0.04059494905228238,0.11762195253294545,0.027731813531768856
3660,0,max_steps,1,0,0,14.77763794761208,2500,,,0.16034017089211844,0.1,0.37443894147872925,5.70175838470459,-25.133760452270508,304.0435791015625,0.0,19.777637947612185,1300,-4.999999999999671,0.0,0.0,0.005911055179044832,"{1: 90, 0: 160}","{3: 247, 2: 3}",{1: 250},"{1: 245, 0: 3, 2: 2}","{1: 245, 0: 5}","{1: 246, 0: 4}",0.02270153634240201,0.02706033752112052,0.04038980753126812,0.05546251736432436,0.057285624583762795,0.053292959238314036,0.09355652935369826,0.1370204744106205,,,,
3670,0,crash,1,1,1,393.8318313368243,1853,1016.0,1016.0,0.15954027146158112,0.1,0.3754081130027771,5.691956043243408,-25.133760452270508,300.6539306640625,500.0,19.630149403723276,716,-3.7039999999998137,-42.09431806692429,-80.0,0.21253741572413615,"{0: 30, 1: 18, 2: 45, 3: 8, 6: 84}","{3: 181, 2: 4}",{1: 185},"{1: 148, 2: 18, 0: 19}",{1: 185},{1: 185},0.03538463954757748,0.030986351909154827,0.03683748791181523,0.04287767612690075,0.09530176292110511,0.06630791565333186,0.12442887349476403,0.09635966251742982,0.11641942062455672,0.06320563778029056,0.10692096938985252,0.07380913069271246
3680,0,max_steps,1,1,0,523.622609986866,2500,2067.0,2067.0,0.15874436254131588,0.1,0.37764063477516174,5.728606700897217,-25.133760452270508,302.3157958984375,500.0,28.62060998684985,1432,-4.997999999999672,0.0,0.0,0.2094490439947464,"{4: 110, 5: 93, 6: 31, 3: 16}","{5: 25, 4: 48, 3: 157, 2: 20}",{1: 250},"{1: 244, 2: 3, 0: 3}","{1: 236, 0: 5, 2: 9}","{1: 228, 0: 10, 2: 12}",0.03972969228797703,0.022386994339396733,0.05101513618084634,0.07078918197052662,0.11116618991919038,0.05338757474235491,0.14166257891813594,0.149040526756003,0.051079615889751934,0.024669149989315128,0.06261618064292739,0.08906605123391564
3690,0,max_steps,1,0,0,-18.851438499207596,2500,,,0.15795242422360478,0.1,0.3819524049758911,5.712313175201416,-25.133760452270508,303.5029296875,0.0,11.344027026660514,1022,-4.999999999999671,-25.19546552586837,0.0,-0.007540575399683038,"{4: 93, 5: 73, 6: 84}","{5: 67, 4: 88, 3: 95}",{1: 250},"{1: 236, 2: 3, 0: 11}",{1: 250},"{1: 246, 0: 4}",0.026142024414870402,0.02315436661970579,0.04277880900361303,0.056899317931007255,0.10177162208781002,0.05023494851841347,0.12026077991132025,0.12832492349671207,,,,
3700,0,crash,1,0,1,-99.28229658922046,711,,,0.1571644367000449,0.1,0.3864850103855133,5.7390313148498535,-25.133760452270508,300.3701171875,0.0,0.0,0,-1.422000000000001,-17.860296589220447,-80.0,-0.13963754794545777,{6: 71},{3: 71},"{1: 55, 0: 16}","{1: 67, 0: 4}","{1: 54, 0: 17}","{1: 53, 0: 8, 2: 10}",0.11363979643496532,0.020270963417505956,0.10624932363185959,0.11598651172500099,0.1603943070661669,0.034223290325088696,0.20634638410442152,0.16723043488480493,,,,
3710,0,max_steps,1,1,0,515.9346658390544,2500,1301.0,1301.0,0.15638038026105264,0.1,0.39204487204551697,5.89826774597168,-25.133760452270508,320.0352783203125,500.0,20.932665839046447,1297,-4.997999999999672,0.0,0.0,0.20637386633562177,"{3: 99, 2: 136, 1: 15}","{4: 116, 5: 12, 3: 93, 2: 29}",{1: 250},"{1: 248, 2: 2}",{1: 250},"{1: 247, 0: 3}",0.02224869312553983,0.01806357108566672,0.03025783856887327,0.04582757096654665,0.06798808842533048,0.03916911872303906,0.09787417825844803,0.11324273225081713,0.0034552275590225825,0.03835146859157947,0.007251202702024487,0.015393280587192129
3720,0,max_steps,1,0,0,13.864117503546037,2500,,,0.15560023529537093,0.1,0.3933628499507904,5.937514305114746,-25.133760452270508,317.5331115722656,0.0,18.86411750354692,1141,-4.999999999999671,0.0,0.0,0.005545647001418415,"{0: 13, 1: 13, 2: 224}","{3: 235, 2: 15}",{1: 250},{1: 250},"{1: 246, 0: 4}","{1: 244, 0: 3, 2: 3}",0.0072176824263398,0.017790599081680007,0.01155849977698073,0.017022521343340574,0.049818911251682856,0.02971392951315367,0.06867925638553339,0.1063605542488794,,,,
3730,0,crash,1,0,1,-110.3920742544068,1054,,,0.15482398228957872,0.1,0.39807799458503723,6.007962226867676,-25.133760452270508,307.7169494628906,0.0,2.3085983431933332,146,-2.1079999999999894,-30.592672597600107,-80.0,-0.1047363133343518,"{5: 21, 6: 84}","{3: 90, 2: 15}","{1: 94, 0: 11}","{1: 95, 0: 10}","{1: 86, 0: 19}","{1: 79, 0: 16, 2: 10}",0.0647495095617475,0.009574836686023339,0.0779835950588081,0.10656743474732842,0.15165924246862067,0.054743990508725054,0.20879826406325816,0.2871334012073331,,,,
3740,0,crash,1,1,1,387.8056820910835,1147,333.0,333.0,0.15405160182760275,0.1,0.40290993452072144,6.148384094238281,-25.133760452270508,361.1080322265625,500.0,11.7389569429609,331,-2.291999999999969,-41.641274851873,-80.0,0.3381043435842053,"{1: 14, 2: 18, 3: 1, 4: 23, 5: 14, 6: 44}","{3: 82, 4: 32}",{1: 114},{1: 114},{1: 114},"{1: 113, 0: 1}",0.0673814125819181,0.015353541141218483,0.07750554963604696,0.07393739140818907,0.12077924563639494,0.03840425992573142,0.14925104030876135,0.10445060358492272,0.12666838513661088,0.04184870052286475,0.09461582593769773,0.10488730600894842
3750,0,max_steps,1,0,0,25.153877561239547,2500,,,0.15328307459023202,0.1,0.4054228365421295,6.214034557342529,-25.133760452270508,362.8110046386719,0.0,30.153877561239263,1190,-4.999999999999671,0.0,0.0,0.010061551024495819,{0: 250},"{4: 103, 3: 147}","{1: 249, 0: 1}",{1: 250},"{1: 243, 0: 7}","{1: 245, 2: 1, 0: 4}",0.04263235983336072,0.012539690912458205,0.05598205659970325,0.05987186162225821,0.11345060692466102,0.0360900517751793,0.13208042156704206,0.14053424933097608,,,,
3760,0,max_steps,1,1,0,516.5447688893887,2500,207.0,207.0,0.15251838135463458,0.1,0.4060940146446228,6.1338911056518555,-25.133760452270508,327.0641784667969,500.0,21.542768889370226,2045,-4.997999999999672,0.0,0.0,0.2066179075557555,"{3: 112, 2: 138}","{4: 15, 3: 28, 0: 16, 1: 63, 2: 128}",{1: 250},"{1: 237, 2: 7, 0: 6}",{1: 250},{1: 250},0.01643515018259102,0.013547546880724735,0.022874243107976984,0.0315614589206291,0.04104970810107385,0.05256897945079144,0.053723168097020976,0.05977231821780403,0.02868080142447824,0.05399095269687108,0.054411462724918674,0.06161951861462867
3770,0,max_steps,1,1,0,537.3281424561227,2500,393.0,393.0,0.1517575029938766,0.1,0.4115488827228546,6.274569988250732,-25.133760452270508,339.002685546875,500.0,42.326142456076795,1528,-4.997999999999672,0.0,0.0,0.21493125698244908,"{5: 21, 4: 14, 3: 4, 0: 142, 1: 14, 2: 55}","{3: 108, 4: 69, 5: 65, 2: 8}","{1: 246, 2: 4}","{1: 225, 2: 25}","{1: 235, 2: 8, 0: 7}","{1: 241, 2: 3, 0: 6}",0.038394897253771154,0.02378272263665144,0.049161528638706875,0.06427845719537785,0.12297992704544204,0.05998855094816044,0.14366381009276244,0.1372119520460311,0.131686835647377,0.023471730564078187,0.06423794597387218,0.12633951583737138
3780,0,max_steps,1,0,0,4.980127169546293,2500,,,0.15100042047644407,0.1,0.41470518708229065,6.275694847106934,-25.133760452270508,328.0179138183594,0.0,9.980127169546003,1048,-4.999999999999671,0.0,0.0,0.001992050867818517,"{3: 205, 2: 38, 1: 7}","{1: 34, 2: 207, 3: 9}",{1: 250},{1: 250},{1: 250},{1: 250},0.017739486492091845,0.019270267774616393,0.022782319253376655,0.01846740593951285,0.04001157426303671,0.0385612878078581,0.04098258550775604,0.04980251500566094,0.02483409228005151,0.0376155561706661,0.03689277767576707,0.045346648354204926
3790,0,crash,1,0,1,-90.47789742985964,2413,,,0.15024711486576664,0.1,0.4149731993675232,6.312801837921143,-25.133760452270508,331.7221984863281,0.0,4.154555695824934,730,-4.8259999999996905,-9.80645312568456,-80.0,-0.037496020484815436,"{4: 83, 5: 112, 6: 46}","{3: 65, 2: 139, 1: 37}","{1: 228, 0: 13}","{1: 236, 0: 5}","{1: 221, 0: 20}","{1: 200, 2: 20, 0: 21}",0.03075806594612037,0.024831285871768343,0.04312813869315541,0.0565028400240344,0.12072437242316156,0.047680366412545534,0.1616116467849286,0.15326777835940358,,,,
3800,0,max_steps,1,1,0,540.4857551545705,2500,1095.0,1095.0,0.15,0.1,0.41793233156204224,6.321868419647217,-25.133760452270508,349.2741394042969,500.0,45.48375515455212,1717,-4.997999999999672,0.0,0.0,0.2161943020618282,"{1: 46, 2: 60, 3: 18, 6: 74, 5: 34, 4: 18}","{3: 111, 2: 8, 4: 38, 5: 93}",{1: 250},"{1: 248, 2: 2}",{1: 250},"{1: 245, 0: 4, 2: 1}",0.04129119763953714,0.01961004560650572,0.051100266724148385,0.061362068682906806,0.09351241637846856,0.04774390994296436,0.12260970435174676,0.1434613298320403,0.06625057160190412,0.033849192439696356,0.03035993259888056,0.11160139566304014
3810,0,max_steps,1,0,0,1.3448561015840625,2500,,,0.15,0.1,0.4235292673110962,6.343874931335449,-25.133760452270508,324.80194091796875,0.0,6.344856101584048,932,-4.999999999999671,0.0,0.0,0.000537942440633625,"{4: 231, 5: 19}","{4: 231, 3: 19}",{1: 250},{1: 250},{1: 250},{1: 250},0.011289863211464655,0.01232739385327407,0.0158849222868357,0.014805299331688499,0.03143306823268748,0.027869779298416303,0.056187991148817465,0.06852755775380431,,,,
3820,0,max_steps,1,1,0,515.6533470780456,2500,1138.0,1138.0,0.15,0.1,0.4231337904930115,6.35864782333374,-25.133760452270508,336.5016784667969,500.0,20.651347078004694,1246,-4.997999999999672,0.0,0.0,0.20626133883121825,"{1: 23, 2: 201, 3: 26}","{1: 34, 2: 78, 3: 124, 4: 14}",{1: 250},"{1: 241, 0: 7, 2: 2}",{1: 250},{1: 250},0.009453743689245637,0.013761709812430717,0.014434786388475987,0.016425645777714937,0.05245158582183681,0.05371701053351852,0.070414468034493,0.06546382947219233,0.02244044784384608,0.053382260761861484,0.031589101222402834,0.04618508602924957
3830,0,max_steps,1,0,0,25.53752147882575,2500,,,0.15,0.1,0.42716461420059204,6.395397186279297,-25.133760452270508,324.80194091796875,0.0,30.537521478825195,1268,-4.999999999999671,0.0,0.0,0.0102150085915303,"{4: 108, 5: 79, 6: 16, 3: 47}","{1: 143, 0: 3, 2: 85, 3: 19}",{1: 250},"{1: 245, 0: 5}","{1: 248, 2: 2}","{1: 244, 0: 2, 2: 4}",0.055763502798680496,0.01774229159092136,0.07001357555746382,0.06669571454197304,0.11468437625599882,0.05087929598755615,0.1465219555504117,0.14452011239290757,0.08480713441182736,0.025935817193909392,0.12272438222268385,0.11690242666074817
3840,0,max_steps,1,1,0,510.7418853950485,2500,1635.0,1635.0,0.15,0.1,0.42915546894073486,6.39650821685791,-25.133760452270508,324.80194091796875,500.0,15.73988539505299,1321,-4.997999999999672,0.0,0.0,0.2042967541580194,"{3: 130, 4: 33, 2: 87}","{2: 153, 1: 8, 3: 2, 5: 2, 6: 85}",{1: 250},"{1: 249, 2: 1}",{1: 250},"{1: 249, 2: 1}",0.021144734684563196,0.016275763716212383,0.029889617061673535,0.02247419933461838,0.05181733503015049,0.041390184852880776,0.08170306531462516,0.07882332747096443,0.029786300510329912,0.03395709637135223,0.05260184667733073,0.05884681545510924
3850,0,max_steps,1,1,0,525.8712042292806,2500,2401.0,2401.0,0.15,0.1,0.43194374442100525,6.411123275756836,-25.133760452270508,324.80194091796875,500.0,30.869204229280424,1527,-4.997999999999672,0.0,0.0,0.21034848169171222,"{2: 131, 1: 73, 0: 19, 3: 27}","{1: 69, 2: 115, 3: 58, 4: 8}",{1: 250},"{1: 223, 0: 26, 2: 1}",{1: 250},{1: 250},0.022295768625686545,0.023372546572121906,0.02786972819480204,0.03883489142879778,0.06912442431000314,0.060082233076561194,0.09834055517606374,0.10677592089655526,0.012059328510551175,0.060069028336340875,0.043516868886420784,0.028727745605713242
3860,0,max_steps,1,1,0,541.8991201584223,2500,654.0,654.0,0.15,0.1,0.4329361021518707,6.348236083984375,-25.133760452270508,324.80194091796875,500.0,46.89712015838923,1818,-4.997999999999672,0.0,0.0,0.21675964806336892,"{1: 42, 2: 21, 3: 2, 4: 78, 5: 51, 6: 56}","{4: 14, 3: 151, 0: 31, 1: 47, 2: 7}",{1: 250},"{1: 221, 2: 8, 0: 21}","{1: 224, 2: 16, 0: 10}","{1: 212, 2: 6, 0: 32}",0.04723936556153514,0.019834813249003967,0.05296669732345642,0.0767057220184229,0.12535583224857683,0.06049725049614003,0.18036063678796385,0.17344500731144125,0.09661705789403371,0.060863309557743404,0.049565517711542204,0.09504123023677016
3870,0,max_steps,1,1,0,537.2682348940915,2500,1497.0,1497.0,0.15,0.1,0.4369393289089203,6.390558242797852,-25.133760452270508,333.92401123046875,500.0,42.266234894078565,1479,-4.997999999999672,0.0,0.0,0.2149072939576366,"{5: 83, 6: 43, 4: 20, 3: 3, 0: 24, 1: 77}","{1: 6, 2: 56, 3: 87, 6: 101}","{1: 244, 2: 6}","{1: 245, 0: 3, 2: 2}","{1: 242, 2: 8}","{1: 240, 2: 2, 0: 8}",0.053219743196791805,0.008666281004824848,0.07147243194309807,0.08175653352489928,0.1277158678982479,0.041164090768991565,0.16710899065687151,0.1452423351999603,0.13840460984123878,0.0034203809982870682,0.07781375004195985,0.165887479194053
3880,0,max_steps,1,0,0,1.677242018039345,2500,,,0.15,0.1,0.43910545110702515,6.452277183532715,-25.133760452270508,324.80194091796875,0.0,6.677242018039223,874,-4.999999999999671,0.0,0.0,0.000670896807215738,"{5: 28, 6: 222}","{2: 58, 3: 32, 1: 152, 0: 8}",{1: 250},"{1: 238, 0: 12}","{1: 243, 0: 7}","{1: 245, 0: 5}",0.012265504963403171,0.01512260502487946,0.015124581907724869,0.01456253342086427,0.0796872590560801,0.033043129338044507,0.06833264940283612,0.09253812467271322,,,,
3890,0,success,1,2,0,1004.6211631145934,816,408.0,408.0,0.15,0.1,0.4414987564086914,6.521636962890625,-25.133760452270508,330.0376892089844,1000.0,6.249163114593198,593,-1.6280000000000012,0.0,0.0,1.231153386169845,"{2: 45, 3: 36}","{3: 77, 4: 4}",{1: 81},{1: 81},{1: 81},{1: 81},0.02768051193320471,0.013409594828764443,0.034359534568788826,0.02570609878073349,0.045688421372080845,0.020729661079924768,0.05108289258423851,0.03950403535060596,0.04702647580490297,0.017587938938593107,0.05182666772630522,0.03944687162603272
3900,0,max_steps,1,0,0,-24.31527916222687,2500,,,0.15,0.1,0.4456430673599243,6.5152716636657715,-25.133760452270508,333.51678466796875,0.0,25.615440566821487,1111,-4.999999999999671,-44.930719729049315,0.0,-0.009726111664890747,"{3: 22, 4: 38, 5: 46, 6: 144}","{5: 4, 4: 16, 3: 189, 2: 41}","{1: 248, 0: 2}","{1: 226, 2: 23, 0: 1}","{1: 235, 0: 8, 2: 7}","{1: 218, 2: 19, 0: 13}",0.05152467007995985,0.01809363018960726,0.07424597823666224,0.07086303813572244,0.13009744615890592,0.05979358796546524,0.16796701333855038,0.15091185812444774,0.06517520128176786,0.06093174736858985,0.12479647319663376,0.09040125630491097
3910,0,max_steps,1,1,0,515.5840047320132,2500,1193.0,1193.0,0.15,0.1,0.44721487164497375,6.563327312469482,-25.133760452270508,333.51678466796875,500.0,20.58200473199735,1587,-4.997999999999672,0.0,0.0,0.2062336018928053,"{2: 31, 3: 88, 6: 131}","{4: 106, 3: 140, 2: 4}",{1: 250},"{1: 249, 2: 1}",{1: 250},"{1: 247, 0: 3}",0.02913659342132182,0.016971572167482286,0.042558102515776394,0.057088038892468766,0.08459829580632239,0.040527364178307705,0.11107888710380089,0.13301054133227586,0.07593374127415851,0.022069824762530332,0.09817187000391303,0.0627226219863107
3920,0,max_steps,1,0,0,12.963440161589324,2500,,,0.15,0.1,0.44735559821128845,6.566763877868652,-25.133760452270508,333.51678466796875,0.0,17.963440161589826,1105,-4.999999999999671,0.0,0.0,0.005185376064635729,"{5: 109, 4: 35, 3: 47, 2: 59}","{3: 78, 2: 99, 1: 57, 0: 16}",{1: 250},"{1: 248, 0: 1, 2: 1}",{1: 250},"{1: 249, 0: 1}",0.021392302407736895,0.019849974057089256,0.03755780506890012,0.0366742066795298,0.09944925399151124,0.047609445934228466,0.11228443149905944,0.1136420515882024,,,,
3930,0,crash,1,0,1,-82.631201330038,1942,,,0.15,0.1,0.4485499858856201,6.58652925491333,-25.133760452270508,350.1235656738281,0.0,17.136034740739746,532,-3.883999999999794,-15.883236070777157,-80.0,-0.0425495372451277,"{4: 28, 5: 68, 6: 98}","{3: 80, 2: 111, 1: 3}","{1: 191, 2: 3}",{1: 194},"{1: 171, 0: 15, 2: 8}","{1: 144, 0: 24, 2: 26}",0.08251783212666652,0.013935283484376143,0.09405611075053166,0.09139110073984567,0.12481157061946951,0.040323896527592946,0.18381252866279435,0.18836934899887314,,,,
3940,0,max_steps,1,0,0,4.245572422492301,2500,,,0.15,0.1,0.4514957666397095,6.590461254119873,-25.133760452270508,365.1253662109375,0.0,31.06690678396777,1281,-4.999999999999671,-21.821334361475255,0.0,0.0016982289689969202,"{5: 38, 6: 23, 4: 23, 3: 103, 2: 63}","{3: 22, 2: 113, 1: 110, 0: 5}",{1: 250},"{1: 238, 0: 12}","{1: 233, 2: 7, 0: 10}","{1: 220, 2: 11, 0: 19}",0.049842376741046746,0.02713541273768303,0.05929433916054628,0.07921613794441283,0.12428329459298026,0.05505168404003962,0.16228867481630757,0.15071500703678037,0.13401359181807834,0.03653914962786966,0.07548962626524085,0.13075018198492144
3950,0,max_steps,1,0,0,22.80072268395868,2500,,,0.15,0.1,0.4563102424144745,6.667613983154297,-25.133760452270508,365.1253662109375,0.0,27.8007226839584,1180,-4.999999999999671,0.0,0.0,0.009120289073583471,"{1: 86, 0: 97, 2: 67}","{2: 149, 3: 101}",{1: 250},"{1: 245, 0: 5}",{1: 250},"{1: 249, 2: 1}",0.02892031013546368,0.02144451961830511,0.04726631125052547,0.058240666937639435,0.07635016316073552,0.04847832385924439,0.10785516253036512,0.13716704408536065,,,,
3960,0,max_steps,1,0,0,1.9314149481527128,2500,,,0.15,0.1,0.4606102705001831,6.6366448402404785,-25.133760452270508,378.7813415527344,0.0,6.931414948152591,1385,-4.999999999999671,0.0,0.0,0.0007725659792610851,"{3: 180, 2: 70}","{5: 127, 4: 123}",{1: 250},{1: 250},{1: 250},{1: 250},0.008746304400602915,0.01154066864878815,0.010850532893544922,0.012178251860663108,0.03146651861573408,0.024680029873341967,0.04017487971164418,0.05269084070033038,,,,
3970,0,max_steps,1,0,0,26.960221110669163,2500,,,0.15,0.1,0.45885130763053894,6.54670524597168,-25.133760452270508,378.7813415527344,0.0,31.960221110668886,1133,-4.999999999999671,0.0,0.0,0.010784088444267665,"{6: 131, 5: 73, 4: 46}","{3: 203, 4: 18, 2: 29}",{1: 250},"{1: 249, 2: 1}","{1: 234, 2: 9, 0: 7}","{1: 230, 2: 9, 0: 11}",0.039403408428511665,0.02025103764519189,0.04678575422351883,0.06979937032450764,0.10695159485127127,0.04041242922572994,0.1464846250995185,0.14869308108838292,,,,
3980,0,max_steps,1,1,0,551.8001676572636,2500,991.0,991.0,0.15,0.1,0.46393993496894836,6.577404022216797,-25.133760452270508,378.7813415527344,500.0,56.79816765723234,1580,-4.997999999999672,0.0,0.0,0.22072006706290545,"{5: 31, 4: 62, 3: 6, 0: 77, 1: 74}","{4: 25, 3: 206, 2: 19}","{1: 237, 2: 4, 0: 9}","{1: 249, 0: 1}","{1: 232, 0: 18}","{1: 213, 2: 11, 0: 26}",0.04754062325833839,0.013487042121626318,0.07354748648827483,0.07020517549647362,0.1426007203907728,0.03619133460255823,0.1756083122545354,0.15490569681756688,0.15208159242976504,0.03412471681446646,0.17915948220535613,0.08515547522982793
3990,0,max_steps,1,0,0,18.44930874068994,2500,,,0.15,0.1,0.46429163217544556,6.547698974609375,-25.133760452270508,378.7813415527344,0.0,23.44930874069079,1249,-4.999999999999671,0.0,0.0,0.0073797234962759755,"{1: 34, 2: 52, 3: 164}","{3: 49, 2: 68, 1: 113, 0: 20}",{1: 250},"{1: 245, 0: 5}","{1: 247, 2: 3}","{1: 248, 2: 1, 0: 1}",0.028177389839193837,0.015133170388440118,0.042752929531091693,0.05035380781963771,0.10058837101389537,0.03808189949830373,0.11517399522149972,0.11808727879588146,0.09786175278547517,0.022678327437229865,0.09570387207064174,0.08023375467146848
4000,0,max_steps,1,0,0,26.886692256459824,2500,,,0.15,0.1,0.4651731550693512,6.543114185333252,-25.133760452270508,378.7813415527344,0.0,31.886692256459963,1240,-4.999999999999671,0.0,0.0,0.010754676902583929,"{5: 71, 6: 164, 4: 15}","{5: 166, 4: 36, 6: 48}",{1: 250},"{1: 246, 2: 2, 0: 2}","{1: 239, 0: 7, 2: 4}","{1: 248, 2: 2}",0.04101788693038953,0.013651460266064914,0.05370002768667481,0.05880983769409465,0.12402679307045297,0.039115992525987915,0.1356385761659686,0.1340685227992945,,,,
4010,0,max_steps,1,0,0,20.0326764031068,2500,,,0.15,0.1,0.46576127409935,6.573479175567627,-25.133760452270508,378.7813415527344,0.0,25.03267640310642,1085,-4.999999999999671,0.0,0.0,0.008013070561242721,"{2: 83, 1: 25, 3: 45, 4: 41, 5: 29, 6: 27}","{2: 129, 1: 72, 0: 19, 3: 30}",{1: 250},"{1: 229, 0: 21}","{1: 247, 2: 3}","{1: 248, 2: 1, 0: 1}",0.06288324790839177,0.0295306327377153,0.07680215834655924,0.07396961488190043,0.12617199118769257,0.05952337788528711,0.14516958256271226,0.1365722209703133,,,,
4020,0,max_steps,1,1,0,509.76978607543964,2500,221.0,221.0,0.15,0.1,0.46593672037124634,6.608689785003662,-25.133760452270508,378.7813415527344,500.0,14.76778607545231,1166,-4.997999999999672,0.0,0.0,0.20390791443017586,"{3: 22, 1: 194, 0: 34}","{4: 21, 3: 1, 0: 171, 1: 57}",{1: 250},"{1: 247, 0: 3}",{1: 250},{1: 250},0.01630881437760014,0.016199011419449433,0.023135847012884535,0.03302729274183005,0.045927571060105365,0.05033324847573431,0.08435766793902882,0.09958964179059752,0.0021927934104252022,0.0575901592690069,0.005466064655485307,0.0141624103974391
4030,0,max_steps,1,0,0,4.269051797872994,2500,,,0.15,0.1,0.46810224652290344,6.647978782653809,-25.133760452270508,378.7813415527344,0.0,9.26905179787287,1523,-4.999999999999671,0.0,0.0,0.0017076207191491974,"{3: 161, 2: 30, 4: 59}","{5: 111, 4: 80, 3: 59}",{1: 250},{1: 250},{1: 250},{1: 250},0.023906404026457773,0.012004797406315135,0.02762800019610704,0.025142499852471453,0.06731677737643525,0.029930325636315477,0.090362538900755,0.12339181094163237,0.04074432969009315,0.053193387209765644,0.0488322299158173,0.03485294852313913
4040,0,crash,1,1,1,407.6317356385644,1716,516.0,516.0,0.15,0.1,0.4713471531867981,6.687835216522217,-24.611629486083984,378.7813415527344,500.0,21.000581773178236,856,-3.429999999999844,-29.938846134645168,-80.0,0.2375476314910049,"{0: 9, 1: 15, 2: 17, 3: 44, 4: 64, 5: 17, 6: 5}","{3: 55, 2: 7, 4: 109}",{1: 171},{1: 171},"{1: 162, 0: 9}","{1: 165, 0: 2, 2: 4}",0.04470569509539328,0.010993966446895723,0.05300762138629724,0.05418920566950155,0.12107440525823696,0.03539507211220689,0.15047844193552776,0.14821604587521936,0.05986938398323944,0.03530078364738189,0.07167212669494821,0.06585669451026768
4050,0,max_steps,1,0,0,33.745311462987225,2500,,,0.15,0.1,0.47653067111968994,6.778421401977539,-24.611629486083984,378.7813415527344,0.0,38.745311462987864,1408,-4.999999999999671,0.0,0.0,0.01349812458519489,"{2: 146, 1: 68, 0: 36}","{4: 25, 3: 100, 2: 122, 1: 3}",{1: 250},"{1: 225, 2: 21, 0: 4}","{1: 239, 2: 4, 0: 7}","{1: 232, 0: 17, 2: 1}",0.046421160449780806,0.020489733020211724,0.06599235953699376,0.07501751744441665,0.11801046775412538,0.05984843287816884,0.14749941018870924,0.1479592864679019,,,,
4060,0,max_steps,1,0,0,15.219832645264157,2500,,,0.15,0.1,0.47831475734710693,6.723074913024902,-26.74864387512207,378.7813415527344,0.0,20.21983264526438,1222,-4.999999999999671,0.0,0.0,0.006087933058105663,"{1: 127, 2: 93, 3: 30}","{3: 211, 2: 39}",{1: 250},"{1: 245, 2: 5}","{1: 246, 0: 4}","{1: 248, 0: 2}",0.016438241395418572,0.025281799512699432,0.022592416332054627,0.02558055522147605,0.04586123882071599,0.05365568043062065,0.06992237970124855,0.1057197382887183,0.0459254537536649,0.054560521430330786,0.06994664345170067,0.06990370462671633
4070,0,max_steps,1,0,0,3.7440867494283743,2500,,,0.15,0.1,0.48430800437927246,6.755138874053955,-26.74864387512207,378.7813415527344,0.0,8.744086749428174,1748,-4.999999999999671,0.0,0.0,0.0014976346997713497,"{2: 100, 3: 150}","{3: 86, 4: 164}",{1: 250},"{1: 247, 2: 3}",{1: 250},{1: 250},0.007800006154306018,0.011616725660956924,0.012029175273107703,0.015309428886567061,0.027899932771314567,0.04190400648315222,0.03468050850354492,0.027989252985515103,0.024051628451923702,0.017879668459092415,0.028880598526377647,0.02595690991537688
4080,0,max_steps,1,0,0,17.441327644743772,2500,,,0.15,0.1,0.48358339071273804,6.742945194244385,-26.74864387512207,378.7813415527344,0.0,22.441327644743236,1472,-4.999999999999671,0.0,0.0,0.006976531057897509,"{1: 78, 2: 59, 3: 56, 4: 57}","{5: 63, 6: 39, 4: 94, 3: 54}",{1: 250},"{1: 244, 2: 6}",{1: 250},"{1: 249, 2: 1}",0.023635871183243465,0.02569300061572538,0.03876011944218606,0.04237297038444246,0.08228950231760229,0.05142833430206143,0.10005067246108562,0.11388746005644662,0.025277172127863276,0.03957520667858017,0.04880468533676012,0.051335972828422824
4090,0,max_steps,1,1,0,525.0321206617378,2500,1459.0,1459.0,0.15,0.1,0.4836570620536804,6.7140679359436035,-26.74864387512207,378.7813415527344,500.0,30.030120661741773,1551,-4.997999999999672,0.0,0.0,0.21001284826469513,"{3: 54, 4: 91, 6: 105}","{1: 41, 2: 24, 3: 121, 5: 10, 4: 54}","{1: 240, 2: 10}","{1: 244, 0: 6}","{1: 226, 0: 7, 2: 17}","{1: 219, 0: 19, 2: 12}",0.024321824054877088,0.01902479718381417,0.0351928761524134,0.024947357984318807,0.1408274633433972,0.04699411389499109,0.1753506268936092,0.16911903930661246,0.022436448265171507,0.016984876770792506,0.019734878381558973,0.02860678371753674
4100,0,max_steps,1,1,0,421.0313736381816,2500,1033.0,1033.0,0.15,0.1,0.4855486750602722,6.7423505783081055,-26.74864387512207,378.7813415527344,500.0,20.2741691600945,1028,-4.997999999999672,-94.24479552194506,0.0,0.16841254945527265,"{2: 64, 1: 35, 3: 4, 6: 147}","{3: 91, 2: 12, 5: 21, 6: 126}","{1: 231, 0: 19}","{1: 245, 0: 5}","{1: 232, 0: 18}","{1: 242, 2: 8}",0.023945077198287805,0.014741113016670523,0.030364453379836204,0.040284702055156184,0.11206444869951128,0.049688777876653,0.1295144672472363,0.11767257658329751,0.2182786232920891,0.014840470401445942,0.22063312880683764,0.20661307586325103
4110,0,max_steps,1,1,0,572.3223171511519,2500,678.0,678.0,0.15,0.1,0.4864812195301056,6.712449073791504,-25.404319763183594,339.96490478515625,500.0,77.32031715111903,1637,-4.997999999999672,0.0,0.0,0.22892892686046076,"{2: 52, 3: 17, 6: 137, 5: 26, 4: 18}","{5: 39, 4: 27, 3: 184}","{1: 172, 0: 30, 2: 48}","{1: 238, 2: 8, 0: 4}","{1: 159, 0: 41, 2: 50}","{1: 149, 2: 50, 0: 51}",0.06339841089144316,0.013098302020958049,0.11547002464372422,0.1102910743326323,0.21797690801914113,0.053528332334130374,0.2991662176219472,0.37991070420576284,0.17158074029282222,0.06016822868012062,0.06407200351783787,0.2472812701916255
4120,0,max_steps,1,1,0,488.90887198416254,2500,735.0,735.0,0.15,0.1,0.488383024930954,6.720741271972656,-25.404319763183594,339.96490478515625,500.0,43.84706920294064,1632,-4.997999999999672,-49.94019721878199,0.0,0.19556354879366503,"{0: 33, 1: 14, 2: 21, 3: 5, 6: 133, 5: 44}","{2: 61, 3: 90, 4: 99}",{1: 250},"{1: 236, 0: 14}","{1: 243, 0: 7}","{1: 240, 2: 1, 0: 9}",0.0407384946601904,0.02146973241332327,0.054356060422330627,0.05996387014468039,0.08487896054035551,0.0579622652556978,0.11715697096407317,0.12908545515576428,0.050059895081445545,0.05828311112968634,0.021035607757426023,0.03726170006202517
4130,0,success,1,2,0,1037.789768689228,1438,719.0,719.0,0.15,0.1,0.49181562662124634,6.750629901885986,-25.404319763183594,330.7815856933594,1000.0,40.661768689232574,986,-2.8719999999999053,0.0,0.0,0.7216896861538442,"{2: 48, 5: 8, 6: 76, 4: 10, 3: 1}","{3: 100, 4: 43}","{1: 120, 2: 23}","{1: 139, 0: 4}","{1: 120, 0: 3, 2: 20}","{1: 134, 2: 3, 0: 6}",0.06955624459521528,0.02145716587396296,0.08409764212948254,0.05270890462896594,0.19655983975192143,0.046882316604350036,0.20516566821027812,0.14778910280375396,0.17170773851990914,0.027027360533863995,0.08351818363534808,0.24553213180445166
4140,0,max_steps,1,0,0,7.929777451382241,2500,,,0.15,0.1,0.4960293173789978,6.800088405609131,-25.404319763183594,330.7815856933594,0.0,12.92977745138259,1100,-4.999999999999671,0.0,0.0,0.0031719109805528967,{4: 250},"{5: 14, 4: 73, 3: 163}",{1: 250},"{1: 249, 2: 1}",{1: 250},"{1: 249, 0: 1}",0.012599351153966192,0.015071401498641194,0.016836501194672088,0.021653332228890012,0.04192897570728823,0.047449303866805535,0.060483292332821875,0.09107567365370126,,,,
4150,0,crash,1,0,1,-182.62634995963492,1890,,,0.15,0.1,0.500173807144165,6.881198406219482,-25.404319763183594,330.7815856933594,0.0,0.7642925604427198,167,-3.7799999999998053,-99.61064252007752,-80.0,-0.09662769839134124,{0: 189},"{2: 71, 1: 49, 0: 69}",{1: 189},"{1: 151, 2: 38}",{1: 189},"{1: 185, 0: 3, 2: 1}",0.030880181940593207,0.025061211567547016,0.04185524354062952,0.051320090397873185,0.09874029634155819,0.06276052766005519,0.12823970984454627,0.12086535169570112,,,,
4160,0,max_steps,1,1,0,495.3802688049653,2500,1004.0,1004.0,0.15,0.1,0.5024043917655945,6.938091278076172,-25.404319763183594,349.01373291015625,500.0,21.907068273570356,1089,-4.997999999999672,-21.52879946860384,0.0,0.19815210752198611,"{4: 44, 3: 31, 2: 25, 1: 78, 0: 72}","{1: 55, 2: 43, 3: 2, 6: 150}","{1: 237, 2: 13}","{1: 238, 0: 12}","{1: 225, 2: 15, 0: 10}","{1: 227, 2: 3, 0: 20}",0.037957838725625054,0.015339180584140952,0.054920390821648055,0.06799066078142138,0.1344602925651957,0.05359708234616009,0.179965052347756,0.14849502800606276,0.023216564563513408,0.0611325006342684,0.04902147409262092,0.04254378403086873
4170,0,success,1,2,0,1021.8967483668188,1388,694.0,694.0,0.15,0.1,0.5044766664505005,6.996465682983398,-25.404319763183594,349.01373291015625,1000.0,24.668748366820623,857,-2.7719999999999163,0.0,0.0,0.7362368504083708,"{1: 23, 2: 21, 3: 39, 4: 44, 5: 11}","{3: 60, 2: 72, 1: 6}",{1: 138},"{1: 124, 0: 14}","{1: 134, 2: 4}","{1: 137, 2: 1}",0.049612900366179366,0.03221135097524577,0.07566334381472999,0.07559637902283903,0.10630467120295321,0.059929874979797584,0.14950837382471818,0.11526431585680742,0.13011045565531767,0.06001870578984771,0.14934796258564528,0.11383687943545012
4180,0,max_steps,1,0,0,10.400545386991594,2500,,,0.15,0.1,0.5100737810134888,7.067218780517578,-25.404319763183594,364.12322998046875,0.0,15.400545386991789,908,-4.999999999999671,0.0,0.0,0.0041602181547966376,{0: 250},"{3: 196, 2: 54}",{1: 250},{1: 250},{1: 250},"{1: 249, 0: 1}",0.02697146869041834,0.008320658070905115,0.03408601588661796,0.0419553234311731,0.08773558692383271,0.026163775759885648,0.12218824405913488,0.13395005858494785,,,,
4190,0,max_steps,1,1,0,530.6645525008705,2500,916.0,916.0,0.15,0.1,0.5153104066848755,7.09869909286499,-25.404319763183594,353.55352783203125,500.0,35.66255250083337,1337,-4.997999999999672,0.0,0.0,0.21226582100034821,"{1: 52, 0: 26, 2: 12, 3: 1, 5: 91, 6: 68}","{4: 61, 3: 174, 2: 15}","{1: 237, 0: 13}","{1: 246, 2: 1, 0: 3}","{1: 237, 0: 13}","{1: 238, 0: 4, 2: 8}",0.03917256293727064,0.01634293546746352,0.047779815641774206,0.056668547364268504,0.09622210402491956,0.04203160212975791,0.1259744023371929,0.14128642390428928,0.17803387862881034,0.014491834315805505,0.17998673325259568,0.1431612610643014
4200,0,max_steps,1,0,0,31.958246054208164,2500,,,0.15,0.1,0.5196682810783386,7.191781044006348,-25.404319763183594,353.55352783203125,0.0,36.95824605420706,1171,-4.999999999999671,0.0,0.0,0.012783298421683265,"{1: 58, 0: 167, 2: 25}","{5: 21, 4: 54, 3: 130, 2: 45}","{1: 238, 0: 12}","{1: 244, 2: 4, 0: 2}","{1: 239, 0: 11}","{1: 240, 2: 10}",0.04811461408403333,0.025232181183492505,0.06785758864995771,0.07170730080386684,0.10647084715635088,0.05370834239188712,0.13685716110405102,0.14001415876901982,,,,
4210,0,max_steps,1,0,0,19.11067801812526,2500,,,0.15,0.1,0.5197554230690002,7.152556896209717,-25.404319763183594,353.55352783203125,0.0,24.110678018124542,1041,-4.999999999999671,0.0,0.0,0.007644271207250104,"{3: 64, 4: 100, 5: 44, 6: 42}","{1: 155, 0: 17, 2: 37, 3: 41}",{1: 250},"{1: 232, 0: 18}","{1: 244, 2: 6}","{1: 247, 2: 3}",0.042403133872555336,0.020704813832502503,0.04481715634619657,0.048690093047763824,0.1371469963667479,0.05400880025801883,0.14520812589398466,0.12885519810449,0.1087390657138838,0.02535751284826719,0.046135894257970135,0.14414779129834285
4220,0,max_steps,1,0,0,20.662498550664125,2500,,,0.15,0.1,0.5215234756469727,7.192968845367432,-25.404319763183594,353.55352783203125,0.0,25.662498550664527,1171,-4.999999999999671,0.0,0.0,0.00826499942026565,"{4: 126, 5: 68, 3: 30, 6: 26}","{2: 88, 3: 148, 1: 14}",{1: 250},"{1: 246, 0: 4}","{1: 243, 0: 1, 2: 6}","{1: 242, 2: 6, 0: 2}",0.06024385843963906,0.030550210922527868,0.07519814368340988,0.08040198193457716,0.10214890818403657,0.05478665517918546,0.15563150411937704,0.14269667922084078,,,,
4230,0,max_steps,1,0,0,9.87345831622573,2500,,,0.15,0.1,0.5231269598007202,7.210675239562988,-25.404319763183594,353.55352783203125,0.0,14.873458316225628,1358,-4.999999999999671,0.0,0.0,0.003949383326490292,"{3: 181, 2: 15, 4: 54}","{1: 134, 0: 115, 2: 1}","{1: 245, 0: 5}","{1: 244, 0: 6}","{1: 241, 0: 9}","{1: 242, 0: 1, 2: 7}",0.03728881151171081,0.017637147372796508,0.042838560345197105,0.05127060123613714,0.08393791339723788,0.05308722031291669,0.11524479543325208,0.13017046986879768,,,,
4240,0,max_steps,1,0,0,7.470074289178235,2500,,,0.15,0.1,0.5260043740272522,7.1616597175598145,-25.404319763183594,325.5437316894531,0.0,12.470074289178022,1474,-4.999999999999671,0.0,0.0,0.0029880297156712936,"{3: 176, 2: 74}","{1: 36, 2: 165, 3: 49}",{1: 250},"{1: 244, 0: 6}",{1: 250},{1: 250},0.01651650572544727,0.013012995038903685,0.0234958072511018,0.0282343965260866,0.05236252907913981,0.035385391667038704,0.06997512474419394,0.06531433288605377,0.05759695190520812,0.03539249704504387,0.07040775773727932,0.06444464852438421
4250,0,max_steps,1,0,0,22.520064888385733,2500,,,0.15,0.1,0.5257560610771179,7.110793590545654,-25.404319763183594,325.5437316894531,0.0,27.520064888385537,1142,-4.999999999999671,0.0,0.0,0.009008025955354293,"{1: 163, 0: 55, 2: 32}","{3: 196, 4: 54}",{1: 250},"{1: 245, 2: 2, 0: 3}","{1: 247, 0: 2, 2: 1}","{1: 243, 2: 3, 0: 4}",0.04203743826476215,0.019946658937315807,0.0622346410937614,0.07614161337534228,0.10451770155819004,0.047070037486251194,0.14299923269812784,0.14641210352952008,,,,
4260,0,max_steps,1,0,0,22.544543281530714,2500,,,0.15,0.1,0.5320335030555725,7.170713901519775,-25.404319763183594,325.5437316894531,0.0,27.54454328152928,850,-4.999999999999671,0.0,0.0,0.009017817312612286,"{5: 65, 6: 130, 4: 55}","{4: 105, 3: 112, 2: 33}","{1: 235, 2: 15}",{1: 250},"{1: 230, 0: 4, 2: 16}","{1: 217, 2: 10, 0: 23}",0.04394794168570796,0.01759434263821081,0.0660212112435477,0.08599882849146159,0.12324628432478854,0.049378535859847056,0.166239384881989,0.15286138034167362,,,,
4270,0,max_steps,1,0,0,16.511318373874357,2500,,,0.15,0.1,0.5347195267677307,7.1988019943237305,-25.404319763183594,325.5437316894531,0.0,21.511318373874694,978,-4.999999999999671,0.0,0.0,0.006604527349549742,"{3: 45, 4: 51, 5: 111, 6: 43}","{2: 108, 1: 101, 3: 41}",{1: 250},"{1: 234, 0: 16}","{1: 245, 0: 5}","{1: 240, 0: 10}",0.045983752691864374,0.019933034609912526,0.06266240937489408,0.0668930889841202,0.09858281364919493,0.05170725812109259,0.11277276983863908,0.14289577023510697,,,,
4280,0,max_steps,1,1,0,516.6319071963637,2500,287.0,287.0,0.15,0.1,0.5387011170387268,7.247190952301025,-25.404319763183594,325.5437316894531,500.0,21.62990719634219,1554,-4.997999999999672,0.0,0.0,0.2066527628785455,"{4: 21, 3: 10, 2: 191, 1: 28}","{3: 191, 4: 24, 2: 35}",{1: 250},{1: 250},{1: 250},{1: 250},0.01913998149512353,0.014660137585730034,0.023199621203617897,0.030186816806840683,0.07656855445228972,0.02938550235254339,0.09804943989133327,0.09237056616552312,0.10698112022269689,0.03340138828772657,0.14126011319484283,0.07581108957674189
4290,0,max_steps,1,0,0,12.2290363474471,2500,,,0.15,0.1,0.5431917309761047,7.303188323974609,-25.404319763183594,325.5437316894531,0.0,17.229036347447174,831,-4.999999999999671,0.0,0.0,0.00489161453897884,"{4: 30, 5: 65, 6: 155}","{2: 124, 1: 10, 3: 116}",{1: 250},"{1: 241, 0: 9}",{1: 250},"{1: 247, 2: 3}",0.037667247037123805,0.019657164115585952,0.043898784984992514,0.04691881738926354,0.07628972113775927,0.04933086870575284,0.10530675624816269,0.1011455924068913,,,,
4300,0,max_steps,1,0,0,0.19909840829667347,2500,,,0.15,0.1,0.5478109121322632,7.396097183227539,-25.404319763183594,325.5437316894531,0.0,5.199098408296619,875,-4.999999999999671,0.0,0.0,7.963936331866938e-05,"{4: 242, 3: 8}","{3: 243, 2: 7}",{1: 250},{1: 250},{1: 250},{1: 250},0.0029670850608385447,0.01114194877270876,0.004058835640473319,0.004877057930976222,0.020534737790547618,0.02178467243029571,0.031564201607861574,0.032479657701940653,0.01716019983385245,0.022267673580927797,0.02379774724536703,0.02444129079946445
4310,0,max_steps,1,0,0,29.178923989273592,2500,,,0.15,0.1,0.5491267442703247,7.370372295379639,-25.404319763183594,325.5437316894531,0.0,34.17892398927394,1392,-4.999999999999671,0.0,0.0,0.011671569595709436,"{5: 152, 4: 70, 6: 28}","{3: 200, 2: 49, 1: 1}","{1: 244, 0: 6}","{1: 235, 2: 4, 0: 11}","{1: 233, 0: 9, 2: 8}","{1: 214, 0: 18, 2: 18}",0.03660320994273046,0.02558379825204394,0.0548088525786454,0.0707952597838035,0.10741724331754433,0.053942478969431364,0.14772730533192552,0.1556511629110835,0.030403035948295264,0.04760576390650287,0.13387942914282203,0.09768914898664326
4320,0,max_steps,1,1,0,518.3426313018433,2500,2062.0,2062.0,0.15,0.1,0.551363468170166,7.388786315917969,-25.404319763183594,325.5437316894531,500.0,23.34063130183466,1515,-4.997999999999672,0.0,0.0,0.20733705252073734,"{1: 38, 2: 110, 3: 102}","{3: 39, 4: 127, 5: 40, 6: 44}",{1: 250},"{1: 246, 0: 4}",{1: 250},"{1: 246, 0: 2, 2: 2}",0.030385287948924634,0.010287316506057624,0.046222311745311606,0.05305495541326846,0.09363518866275757,0.04576174704339006,0.12493040803218429,0.12770231594277062,0.052377073444098594,0.012183567883537891,0.07983119017832825,0.09801776186699239
4330,0,max_steps,1,0,0,15.833481880582367,2500,,,0.15,0.1,0.5548844337463379,7.421106815338135,-25.404319763183594,325.5437316894531,0.0,21.33474846359767,1263,-4.999999999999671,-0.5012665830149963,0.0,0.006333392752232947,"{1: 165, 2: 38, 0: 47}","{4: 63, 5: 18, 3: 76, 2: 75, 1: 18}",{1: 250},"{1: 248, 2: 2}",{1: 250},"{1: 247, 0: 3}",0.0380015894264298,0.018964903724523252,0.04605677660918517,0.054051625848409855,0.0719232969420958,0.04042159935234905,0.09552924053680582,0.1259702217519889,,,,
4340,0,max_steps,1,0,0,0.4865156827070034,2500,,,0.15,0.1,0.5562060475349426,7.461028575897217,-25.404319763183594,325.5437316894531,0.0,5.486515682706817,755,-4.999999999999671,0.0,0.0,0.00019460627308280135,"{4: 213, 5: 30, 6: 7}","{3: 213, 2: 37}",{1: 250},"{1: 249, 0: 1}",{1: 250},"{1: 248, 0: 1, 2: 1}",0.00877989406613931,0.013649874090561655,0.01353969858836604,0.017894623602296766,0.05082059739925376,0.029453701492160485,0.06821300936944326,0.07883799019927511,,,,
4350,0,max_steps,1,0,0,18.061526108785355,2500,,,0.15,0.1,0.5605785250663757,7.528801441192627,-25.404319763183594,325.5437316894531,0.0,23.061526108785095,1106,-4.999999999999671,0.0,0.0,0.0072246104435141414,"{1: 35, 0: 215}","{1: 58, 0: 27, 2: 25, 3: 140}",{1: 250},"{1: 248, 0: 1, 2: 1}",{1: 250},"{1: 241, 2: 5, 0: 4}",0.03283576689774127,0.02697430863958831,0.05561447431216252,0.07466619412597525,0.10323222014522623,0.05042610779744987,0.13105319102811383,0.1471250733931827,,,,
4360,0,crash,1,0,1,-138.2784702941582,1523,,,0.15,0.1,0.5592555403709412,7.470955848693848,-27.77886962890625,325.5437316894531,0.0,0.06326823965365214,120,-3.045999999999886,-55.29573853381188,-80.0,-0.09079348016687998,"{5: 43, 6: 109}","{3: 146, 2: 6}",{1: 152},"{1: 135, 2: 17}",{1: 152},{1: 152},0.04455024571594288,0.013994742249190797,0.04033420632638779,0.03863688714676827,0.10275314387056349,0.06099085001969483,0.11868123815272276,0.07322856650185146,,,,
4370,0,max_steps,1,0,0,-43.00978437640162,2500,,,0.15,0.1,0.5606840252876282,7.479511737823486,-27.77886962890625,330.2904357910156,0.0,15.083158011774467,1092,-4.999999999999671,-53.092942388175935,0.0,-0.017203913750560646,"{3: 26, 4: 76, 5: 85, 6: 63}","{1: 106, 2: 86, 0: 40, 3: 18}",{1: 250},"{1: 222, 0: 28}","{1: 245, 0: 5}","{1: 248, 0: 2}",0.040534875628293346,0.02550545378303622,0.044072820388606784,0.05167432560936923,0.10470869537969049,0.06027678973810742,0.12637575704493365,0.11346613012739767,,,,
4380,0,max_steps,1,1,0,531.3083214398148,2500,1797.0,1797.0,0.15,0.1,0.5630528926849365,7.461705207824707,-27.77886962890625,325.5437316894531,500.0,36.306321439814724,1799,-4.997999999999672,0.0,0.0,0.21252332857592593,"{4: 21, 3: 45, 2: 128, 0: 24, 1: 32}","{4: 146, 3: 104}","{1: 240, 2: 10}","{1: 243, 0: 1, 2: 6}","{1: 237, 2: 13}","{1: 239, 0: 11}",0.03651365166902178,0.023716577001145742,0.045556499897061176,0.043762785308583685,0.09758820356314561,0.05348656022071591,0.12175045886908054,0.13003433313469723,0.1641951066771912,0.04870387191776951,0.19413887379578665,0.12507400212006928
4390,0,max_steps,1,0,0,10.397988521114058,2500,,,0.15,0.1,0.5620164275169373,7.404989719390869,-27.77886962890625,325.5437316894531,0.0,15.397988521113732,1014,-4.999999999999671,0.0,0.0,0.004159195408445624,"{4: 212, 5: 38}","{3: 221, 2: 29}",{1: 250},{1: 250},{1: 250},"{1: 239, 2: 8, 0: 3}",0.014079019888133835,0.01054625991657814,0.021611584078634796,0.025819503905923722,0.08798626895538772,0.016100299804048607,0.10573280739222975,0.10133817469462013,0.046639388007514306,0.013272614901730474,0.07994464678106017,0.09738104292497185
4400,0,crash,1,0,1,-98.84247571910699,1113,,,0.15,0.1,0.5651086568832397,7.464127540588379,-27.77886962890625,325.5437316894531,0.0,8.007567422889505,776,-2.2259999999999764,-24.624043141996566,-80.0,-0.08880725581231536,"{6: 53, 5: 58}","{1: 12, 2: 8, 3: 68, 4: 21, 5: 2}",{1: 111},"{1: 61, 0: 50}",{1: 111},{1: 111},0.01213535849101352,0.05961144743112399,0.01663745692279713,0.02533057109376962,0.042246035389246914,0.1272477945524829,0.06310105021597688,0.09722745728638395,,,,
4410,0,max_steps,1,0,0,16.547712172448303,2500,,,0.15,0.1,0.5659590363502502,7.462863922119141,-27.77886962890625,325.5437316894531,0.0,21.547712172448556,1237,-4.999999999999671,0.0,0.0,0.0066190848689793216,"{5: 102, 4: 51, 6: 97}","{4: 18, 3: 201, 2: 31}","{1: 235, 0: 15}","{1: 236, 2: 7, 0: 7}","{1: 222, 0: 28}","{1: 180, 0: 46, 2: 24}",0.044467019419818045,0.025542322290532726,0.07324315759815095,0.09367133393652623,0.1296366691947361,0.05848792962367826,0.1857061200948685,0.17820013925786396,,,,
4420,0,max_steps,1,1,0,499.80472929712647,2500,2119.0,2119.0,0.15,0.1,0.5689712166786194,7.499222755432129,-27.77886962890625,325.5437316894531,500.0,30.612352863433923,1211,-4.997999999999672,-25.809623566316535,0.0,0.19992189171885058,"{0: 48, 1: 104, 2: 54, 3: 5, 4: 8, 5: 17, 6: 14}","{1: 117, 0: 28, 2: 43, 3: 23, 6: 39}",{1: 250},"{1: 248, 0: 2}","{1: 244, 0: 6}","{1: 242, 2: 6, 0: 2}",0.04722236309270017,0.016235902765883343,0.04828887564206823,0.05126495854699015,0.09326300849745954,0.04162749977476867,0.13413777382002232,0.14235623063938477,0.1236867679110064,0.03006871267392559,0.18766418431441562,0.04625511968264148
4430,0,max_steps,1,0,0,9.839125568896133,2500,,,0.15,0.1,0.569496750831604,7.476370334625244,-27.77886962890625,325.5437316894531,0.0,14.839125568895914,999,-4.999999999999671,0.0,0.0,0.003935650227558454,"{2: 59, 1: 129, 0: 62}","{4: 77, 3: 173}",{1: 250},"{1: 249, 0: 1}",{1: 250},{1: 250},0.031680802876448734,0.018795486079818395,0.05289780965474796,0.05418056803900993,0.07036887857804966,0.04472593628102649,0.10107827540323333,0.12177171023273207,,,,
4440,0,max_steps,1,0,0,7.658045976289752,2500,,,0.15,0.1,0.568549394607544,7.464694499969482,-27.77886962890625,325.5437316894531,0.0,12.658045976289664,1190,-4.999999999999671,0.0,0.0,0.003063218390515901,"{4: 104, 3: 146}","{2: 227, 1: 18, 3: 5}",{1: 250},{1: 250},{1: 250},{1: 250},0.019369767440142783,0.01486038600025293,0.023684086336494305,0.02968498423245074,0.0736113539462238,0.03885726217959893,0.09874722051052158,0.10365345911195904,0.006003306087988956,0.02058875824150385,0.011305486592610613,0.011470080810721081
4450,0,max_steps,1,0,0,-43.38105169463204,2500,,,0.15,0.1,0.5697013139724731,7.492953300476074,-27.77886962890625,342.96875,0.0,11.973395746944053,771,-4.999999999999671,-50.354447441576426,0.0,-0.017352420677852816,"{4: 77, 5: 14, 6: 159}","{3: 73, 2: 147, 1: 30}",{1: 250},"{1: 207, 2: 13, 0: 30}","{1: 244, 0: 6}","{1: 241, 2: 1, 0: 8}",0.034952648015313705,0.027137806183416307,0.05064925263730907,0.05753010404122408,0.11766142289414235,0.06273189163631299,0.14264486695259984,0.12060845028336437,,,,
4460,0,max_steps,1,0,0,32.25440010113338,2500,,,0.15,0.1,0.5697104334831238,7.459316730499268,-27.77886962890625,342.96875,0.0,37.25440010113546,1249,-4.999999999999671,0.0,0.0,0.01290176004045335,"{6: 120, 5: 80, 4: 50}","{1: 5, 2: 28, 3: 184, 4: 33}","{1: 227, 0: 7, 2: 16}","{1: 210, 0: 40}","{1: 204, 2: 23, 0: 23}","{1: 194, 2: 19, 0: 37}",0.05050850461973245,0.025329617101436615,0.0707395132453554,0.07698707728794382,0.1447766240394442,0.06159891947823643,0.19546445579338717,0.2622271936005362,,,,
4470,0,crash,1,0,1,-75.16851310758543,1910,,,0.15,0.1,0.5711294412612915,7.455643653869629,-27.77886962890625,342.96875,0.0,21.317057724979456,1035,-3.819999999999801,-12.665570832565406,-80.0,-0.03935524246470441,"{1: 52, 0: 33, 2: 37, 3: 21, 4: 31, 5: 17}","{4: 88, 3: 97, 2: 6}",{1: 191},"{1: 177, 0: 2, 2: 12}","{1: 184, 0: 7}","{1: 188, 0: 3}",0.06477634062787248,0.02485773559644988,0.0815726470413081,0.06047151953155959,0.10350594436731837,0.05981002708306628,0.12899495707049696,0.14424427032018522,0.10202173606851735,0.027421470555512566,0.09538100436269191,0.0102347958893031
4480,0,success,1,2,0,1044.9842468975405,2472,1236.0,1236.0,0.15,0.1,0.5781758427619934,7.555248260498047,-27.77886962890625,336.85736083984375,1000.0,49.924246897499295,1380,-4.939999999999678,0.0,0.0,0.42272825521745166,"{2: 16, 3: 29, 4: 69, 5: 63, 6: 70}","{1: 21, 2: 41, 3: 55, 5: 84, 6: 4, 4: 42}","{1: 227, 2: 20}","{1: 241, 0: 6}","{1: 226, 2: 21}","{1: 229, 2: 4, 0: 14}",0.04909504895444662,0.024036282136409116,0.054687536436604976,0.06978332643833407,0.11147947518972932,0.05006264536934854,0.16300132752615865,0.14780498510939805,0.16728141956364379,0.06075227989480664,0.03637820175880781,0.357851378283762
4490,0,max_steps,1,1,0,520.277394029954,2500,305.0,305.0,0.15,0.1,0.5814658999443054,7.599030017852783,-27.77886962890625,336.85736083984375,500.0,25.275394029938298,1677,-4.997999999999672,0.0,0.0,0.20811095761198162,"{3: 30, 0: 126, 1: 55, 2: 39}","{2: 28, 3: 45, 4: 106, 5: 71}",{1: 250},"{1: 248, 0: 2}",{1: 250},{1: 250},0.02683513138733879,0.015963217312877746,0.03790230266831022,0.03605998521078531,0.0547489182473613,0.03737444487946221,0.07306037916925164,0.09967443433670625,0.038268353597491436,0.060222892002229654,0.05632223063126821,0.03680587865581156
4500,0,max_steps,1,0,0,13.02559358980963,2500,,,0.15,0.1,0.5833378434181213,7.572536945343018,-27.77886962890625,336.85736083984375,0.0,18.025593589809944,981,-4.999999999999671,0.0,0.0,0.005210237435923852,"{4: 221, 5: 29}","{4: 157, 5: 83, 3: 10}",{1: 250},{1: 250},"{1: 245, 2: 5}","{1: 238, 0: 12}",0.03513648233052725,0.013332772020190106,0.044397766248953974,0.04821603010924802,0.06861064654716968,0.04321199926471322,0.09674521866534413,0.13061259943855308,,,,
4510,0,max_steps,1,0,0,1.6715156981015027,2500,,,0.15,0.1,0.5826108455657959,7.538880825042725,-27.77886962890625,336.85736083984375,0.0,6.671515698101215,630,-4.999999999999671,0.0,0.0,0.0006686062792406011,"{4: 19, 5: 168, 6: 63}","{3: 191, 2: 59}",{1: 250},{1: 250},{1: 250},{1: 250},0.017018451709216054,0.010800898584745333,0.025061866909359798,0.03304007595203004,0.0639792238450277,0.030987651141647837,0.10144284723815876,0.11257080547192072,,,,
4520,0,max_steps,1,0,0,21.40419372861108,2500,,,0.15,0.1,0.5809471607208252,7.513281345367432,-27.77886962890625,336.85736083984375,0.0,26.404193728610327,1124,-4.999999999999671,0.0,0.0,0.008561677491444432,"{1: 38, 2: 21, 0: 191}","{5: 17, 4: 69, 3: 164}",{1: 250},"{1: 248, 2: 2}",{1: 250},"{1: 248, 0: 2}",0.05687151883355603,0.017091315514350152,0.0653577171433751,0.0678104141709567,0.09065153647428724,0.04748385619929139,0.12311625190929633,0.13137695070927274,,,,
4530,0,max_steps,1,0,0,7.110718617712033,2500,,,0.15,0.1,0.5815845727920532,7.402343273162842,-27.77886962890625,336.85736083984375,0.0,12.110718617711825,1359,-4.999999999999671,0.0,0.0,0.002844287447084813,"{4: 145, 3: 105}","{3: 182, 4: 5, 2: 63}",{1: 250},"{1: 242, 2: 8}",{1: 250},{1: 250},0.004523691496030346,0.014960543349764308,0.008066837877859879,0.010399412479423522,0.030274813737284363,0.047197875034592336,0.029602254099667845,0.03984002518042735,0.014762390631749459,0.05815020614811922,0.021507113500195164,0.03393926746454491
4540,0,max_steps,1,0,0,10.450866917055164,2500,,,0.15,0.1,0.586674153804779,7.496620178222656,-27.77886962890625,336.85736083984375,0.0,15.45086691705558,1084,-4.999999999999671,0.0,0.0,0.004180346766822066,"{1: 95, 0: 155}","{3: 144, 2: 67, 1: 35, 0: 4}",{1: 250},"{1: 249, 2: 1}",{1: 250},"{1: 249, 2: 1}",0.02717794273267378,0.013370897920973783,0.04263470836697514,0.05407362526481359,0.06385678704204668,0.03822185997471974,0.09029148510652914,0.09144864081648492,,,,
4550,0,max_steps,1,0,0,16.429917519024585,2500,,,0.15,0.1,0.5877830386161804,7.509200572967529,-27.77886962890625,336.85736083984375,0.0,21.429917519025008,1176,-4.999999999999671,0.0,0.0,0.0065719670076098335,"{5: 47, 4: 159, 3: 44}","{3: 22, 2: 206, 1: 22}",{1: 250},"{1: 249, 0: 1}","{1: 243, 2: 7}","{1: 246, 0: 4}",0.019295738559901923,0.015175853825891513,0.033812363331324445,0.03831586393528571,0.07639574658847013,0.044632634226223544,0.10137582232159335,0.1108893285644973,0.07883424547460072,0.04878486828800353,0.07987574144732768,0.13152657145490482
4560,0,max_steps,1,0,0,-39.007239241105914,2500,,,0.15,0.1,0.5894302129745483,7.540994167327881,-27.77886962890625,336.85736083984375,0.0,9.854698000154478,768,-4.999999999999671,-43.86193724126021,0.0,-0.015602895696442366,"{2: 107, 1: 124, 3: 19}","{1: 8, 0: 242}","{1: 241, 0: 9}","{1: 244, 0: 6}","{1: 239, 0: 11}","{1: 224, 0: 10, 2: 16}",0.022268097939743197,0.021114160641507854,0.03483793893117571,0.04367023316661889,0.09496233227963137,0.05209861390022992,0.1371350593380362,0.15224387100030617,,,,
4570,0,max_steps,1,1,0,534.0626361272986,2500,1298.0,1298.0,0.15,0.1,0.5964617133140564,7.653635025024414,-27.77886962890625,336.85736083984375,500.0,39.06063612727364,1612,-4.997999999999672,0.0,0.0,0.21362505445091942,"{1: 63, 0: 41, 2: 22, 3: 3, 5: 121}","{5: 68, 4: 44, 3: 17, 0: 57, 1: 11, 2: 53}",{1: 250},"{1: 212, 2: 1, 0: 37}",{1: 250},"{1: 248, 0: 2}",0.016843924424599685,0.023474510486726947,0.021214681386896132,0.02889515703490899,0.08139733281052167,0.09025209068061724,0.07756151257254165,0.08472320959871847,0.07043578844604757,0.04158799038717972,0.019519218846019856,0.05927462687275002
4580,0,max_steps,1,0,0,20.131882447645726,2500,,,0.15,0.1,0.5992802381515503,7.674139499664307,-27.77886962890625,336.85736083984375,0.0,25.131882447645737,1452,-4.999999999999671,0.0,0.0,0.00805275297905829,"{2: 74, 3: 61, 4: 81, 5: 34}","{5: 125, 6: 124, 4: 1}","{1: 228, 2: 22}","{1: 238, 0: 10, 2: 2}","{1: 220, 0: 10, 2: 20}","{1: 231, 2: 6, 0: 13}",0.04039945490040772,0.02370734880488718,0.05894896275728534,0.06835274471431341,0.14396729939751665,0.056902335299958494,0.19375558603289728,0.1464865807410327,,,,
4590,0,max_steps,1,0,0,0.9013881882692898,2500,,,0.15,0.1,0.6034253239631653,7.757326602935791,-27.77886962890625,353.1084899902344,0.0,5.901388188269285,946,-4.999999999999671,0.0,0.0,0.0003605552753077159,"{1: 24, 0: 226}","{2: 151, 3: 85, 1: 14}",{1: 250},{1: 250},"{1: 247, 2: 3}","{1: 249, 0: 1}",0.012558819428165408,0.011558927586444234,0.01829540074732479,0.03226525214207708,0.10592028559229161,0.04169118070048239,0.12635299485963322,0.1121008789062537,,,,
4600,0,max_steps,1,0,0,10.377342441796397,2500,,,0.15,0.1,0.60663241147995,7.792048454284668,-27.77886962890625,367.7277526855469,0.0,15.377342441796346,1147,-4.999999999999671,0.0,0.0,0.0041509369767185585,"{5: 31, 6: 219}","{4: 210, 5: 6, 3: 34}",{1: 250},"{1: 246, 2: 1, 0: 3}",{1: 250},"{1: 249, 0: 1}",0.02989672100546346,0.008919242427151038,0.0464692181346565,0.058237852156633914,0.07061091233113088,0.041143599729310476,0.09965998751169718,0.1278910318827652,,,,
4610,0,success,1,2,0,1043.6108232164052,1869,934.5,934.5,0.15,0.1,0.6087948679924011,7.800123691558838,-27.77886962890625,318.856201171875,1000.0,47.344823216405146,1249,-3.7339999999998104,0.0,0.0,0.5583792526572526,"{2: 104, 1: 13, 3: 19, 6: 35, 5: 7, 4: 8}","{3: 84, 2: 86, 1: 16}","{1: 166, 2: 20}","{1: 161, 0: 25}","{1: 163, 2: 23}","{1: 178, 2: 1, 0: 7}",0.04404973408666321,0.02939128605973484,0.0674546033993664,0.06163086129693002,0.1612534280503321,0.06121601701914503,0.20547290186157552,0.14367669377164088,0.22460347653116544,0.06351073554013947,0.1082372170557654,0.3354523443116101
4620,0,crash,1,0,1,-88.52806536643317,2498,,,0.15,0.1,0.613587498664856,7.8668599128723145,-27.77886962890625,291.1467590332031,0.0,8.75213748953462,654,-4.995999999999672,-12.2842028559682,-80.0,-0.03543957780882032,"{5: 44, 6: 205}","{3: 230, 2: 19}",{1: 249},"{1: 248, 2: 1}","{1: 240, 0: 9}","{1: 221, 0: 17, 2: 11}",0.04221735216956411,0.01993288026956627,0.05343935583165282,0.04309848624197859,0.08529106863026904,0.03757570689228296,0.12028705920182939,0.1503681426093823,,,,
4630,0,success,1,2,0,1008.5564915112404,502,251.0,251.0,0.15,0.1,0.6151162981987,7.9153218269348145,-27.77886962890625,304.3279724121094,1000.0,9.556491511240647,416,-1.0000000000000007,0.0,0.0,2.009076676317212,"{2: 26, 3: 24}","{3: 17, 2: 21, 4: 12}",{1: 50},"{1: 43, 0: 6, 2: 1}",{1: 50},{1: 50},0.06210355345554292,0.025742300820801808,0.06720952877488565,0.0545178211259668,0.09730575593805457,0.0613545530539253,0.11678451077730852,0.10538129025156036,0.08638791715499793,0.07076392705339232,0.06276193213706344,0.07778084684759197
4640,0,max_steps,1,0,0,6.7201344273400405,2500,,,0.15,0.1,0.6208686828613281,8.02255916595459,-27.77886962890625,339.323974609375,0.0,11.720134427339822,1095,-4.999999999999671,0.0,0.0,0.002688053770936016,"{1: 225, 2: 6, 0: 19}","{1: 67, 2: 142, 3: 41}",{1: 250},"{1: 247, 0: 2, 2: 1}",{1: 250},"{1: 245, 2: 1, 0: 4}",0.02762968927161163,0.018747937464400073,0.0433069374415581,0.0522641078473175,0.05587169580753414,0.04870292572669446,0.08165268527700521,0.12830037973879588,,,,
4650,0,max_steps,1,0,0,16.805066927984463,2500,,,0.15,0.1,0.6239692568778992,8.063011169433594,-27.77886962890625,310.2263488769531,0.0,21.80506692798453,1056,-4.999999999999671,0.0,0.0,0.006722026771193785,"{5: 77, 4: 92, 3: 12, 6: 69}","{2: 142, 3: 86, 4: 20, 1: 2}",{1: 250},"{1: 210, 2: 11, 0: 29}","{1: 243, 0: 7}","{1: 228, 0: 18, 2: 4}",0.0480335580888927,0.02243688357328284,0.062423151162408874,0.0727075538177428,0.09800612271102083,0.0610690481547417,0.12834175410271045,0.14906640040798194,0.0673561900497465,0.08597440124251288,0.11498804520577793,0.06194188304470156
4660,0,max_steps,1,0,0,27.51556244196422,2500,,,0.15,0.1,0.6259532570838928,8.122178077697754,-27.77886962890625,310.2263488769531,0.0,32.51556244196418,1493,-4.999999999999671,0.0,0.0,0.011006224976785689,"{0: 14, 1: 108, 2: 128}","{4: 15, 3: 191, 2: 44}",{1: 250},"{1: 236, 2: 14}",{1: 250},"{1: 249, 0: 1}",0.03374706038034324,0.021388366656377014,0.04658616279358728,0.046120212020755544,0.07946920772762046,0.05824488342504675,0.1010262708108138,0.10246124901913731,,,,
4670,0,max_steps,1,0,0,-87.22730657077366,2500,,,0.15,0.1,0.6268661618232727,8.10878849029541,-27.77886962890625,317.8542785644531,0.0,21.765742441699544,1340,-4.999999999999671,-103.99304901247304,0.0,-0.034890922628309465,"{2: 185, 3: 36, 4: 29}","{5: 75, 6: 5, 4: 44, 3: 65, 2: 55, 1: 6}","{1: 235, 0: 15}","{1: 240, 2: 10}","{1: 235, 0: 15}","{1: 226, 0: 8, 2: 16}",0.03936299841925764,0.02086401171563063,0.06213736334784071,0.06571203099576094,0.10184676051320803,0.053106025138256144,0.13439630592874563,0.14753341371251086,,,,
4680,0,max_steps,1,1,0,512.4033287693641,2500,1789.0,1789.0,0.15,0.1,0.628382682800293,8.154939651489258,-27.77886962890625,339.52239990234375,500.0,17.401328769362276,1581,-4.997999999999672,0.0,0.0,0.20496133150774562,"{2: 171, 3: 7, 5: 52, 4: 20}","{2: 29, 3: 221}",{1: 250},"{1: 239, 0: 11}",{1: 250},{1: 250},0.008368593895685898,0.016114784400123688,0.012614182184619998,0.011769019583486444,0.03072939430318677,0.05752137483585664,0.044690808892440696,0.0713458195622935,0.03140135785398439,0.027961117867252826,0.03791230308342611,0.04386006894036425
4690,0,crash,1,1,1,324.38239315356554,1482,327.0,327.0,0.15,0.1,0.6318647861480713,8.233948707580566,-27.77886962890625,327.2281799316406,500.0,14.144194969657548,483,-2.9619999999998954,-106.7998018161022,-80.0,0.2188815068512588,"{1: 17, 2: 14, 3: 1, 5: 5, 6: 111}","{3: 69, 5: 11, 4: 51, 2: 10, 1: 7}",{1: 148},"{1: 118, 2: 30}","{1: 141, 0: 7}","{1: 140, 0: 6, 2: 2}",0.040521986600297294,0.03377850932788487,0.03230770463649654,0.039751623850175735,0.11778104964606714,0.061329516676043375,0.12515356055579668,0.13730570089671892,0.13624631876361243,0.01845642073013214,0.09139855578185892,0.07762175839320724
4700,0,max_steps,1,0,0,15.826716056465838,2500,,,0.15,0.1,0.6349953413009644,8.282543182373047,-27.77886962890625,341.7720031738281,0.0,20.826716056465948,1165,-4.999999999999671,0.0,0.0,0.006330686422586335,"{1: 101, 0: 149}","{3: 129, 4: 78, 5: 43}",{1: 250},"{1: 249, 0: 1}",{1: 250},"{1: 247, 0: 2, 2: 1}",0.04030886579444139,0.020043343976594095,0.05626439907150263,0.06776302428449629,0.0857725799025168,0.041049864232463346,0.11544653235176211,0.12554155509632034,,,,
4710,0,max_steps,1,1,0,520.6796737966542,2500,634.0,634.0,0.15,0.1,0.6374973058700562,8.33548355102539,-27.77886962890625,377.6740417480469,500.0,25.67767379663234,1539,-4.997999999999672,0.0,0.0,0.2082718695186617,"{4: 61, 3: 2, 2: 145, 1: 42}","{5: 23, 4: 10, 3: 213, 2: 4}",{1: 250},"{1: 239, 2: 11}",{1: 250},"{1: 247, 2: 3}",0.018718515986663464,0.014045540828934333,0.02564009136527994,0.031871358954817894,0.054915952556515955,0.04489640320393687,0.08314017085824153,0.10708552135752533,0.04875242975968053,0.049515619427938834,0.08396408287636523,0.039942823278234306
4720,0,max_steps,1,0,0,14.850080025705493,2500,,,0.15,0.1,0.6405850052833557,8.398679733276367,-27.77886962890625,377.8963317871094,0.0,19.8500800257057,1264,-4.999999999999671,0.0,0.0,0.0059400320102821974,"{2: 233, 1: 17}","{5: 78, 6: 3, 4: 32, 3: 137}",{1: 250},"{1: 245, 2: 5}",{1: 250},{1: 250},0.018490066781092565,0.015808354719876985,0.02750943478560708,0.033333611529746454,0.04618254765267942,0.05121808040018537,0.06227296913085881,0.07408390989679486,0.01993874125289176,0.017187219295660455,0.01234853974993582,0.025543868999789814
4730,0,max_steps,1,0,0,25.341412942741684,2500,,,0.15,0.1,0.642227053642273,8.364974975585938,-27.77886962890625,331.9503173828125,0.0,30.341412942741687,1398,-4.999999999999671,0.0,0.0,0.010136565177096674,"{2: 109, 1: 111, 0: 12, 3: 18}","{3: 152, 4: 98}",{1: 250},"{1: 246, 2: 3, 0: 1}","{1: 244, 2: 6}","{1: 234, 2: 3, 0: 13}",0.03678457411057068,0.018652491433066645,0.04753032768983892,0.0685757699430336,0.08915711579960992,0.04071063630601861,0.13204953316214832,0.14424853526195233,0.029681474234301886,0.02717490599244064,0.020620451576403406,0.03467606079079969
4740,0,success,1,2,0,1023.1794114858233,1806,903.0,903.0,0.15,0.1,0.6478115320205688,8.432446479797363,-27.77886962890625,345.61285400390625,1000.0,26.787411485823053,1247,-3.6079999999998242,0.0,0.0,0.5665445246322388,"{4: 51, 3: 107, 2: 22}","{1: 54, 2: 107, 3: 19}",{1: 180},"{1: 162, 2: 1, 0: 17}","{1: 175, 2: 5}","{1: 174, 0: 5, 2: 1}",0.05131649472337529,0.01845984950019243,0.07248684122843424,0.08532412308674918,0.09077803149717674,0.059790827249345355,0.121320221517169,0.14570934757157922,0.09030664535779064,0.09366234851525417,0.07141671315440896,0.1380918406234917
4750,0,max_steps,1,0,0,13.28509143002785,2500,,,0.15,0.1,0.6533163785934448,8.528894424438477,-27.77886962890625,333.4105529785156,0.0,18.285091430027812,1224,-4.999999999999671,0.0,0.0,0.00531403657201114,"{4: 17, 5: 20, 6: 213}","{3: 248, 2: 2}","{1: 246, 0: 4}","{1: 248, 0: 1, 2: 1}","{1: 241, 0: 9}","{1: 225, 0: 11, 2: 14}",0.0317560836981793,0.016795085352277854,0.04745461332136226,0.056595519945825144,0.07014444247991358,0.04594464886815446,0.11364406968342426,0.1489533096151487,,,,
4760,0,max_steps,1,1,0,531.1310625325218,2500,901.0,901.0,0.15,0.1,0.6572015881538391,8.602237701416016,-28.575685501098633,363.9870910644531,500.0,36.12906253249857,1277,-4.997999999999672,0.0,0.0,0.21245242501300873,"{3: 47, 2: 43, 6: 60, 5: 88, 4: 12}","{1: 27, 2: 62, 3: 148, 4: 13}",{1: 250},"{1: 226, 0: 23, 2: 1}","{1: 244, 0: 6}","{1: 230, 0: 19, 2: 1}",0.037872022138810725,0.01598428026937526,0.0638215196313254,0.08781946344736635,0.1011319790577646,0.0598558532637709,0.1472638819854975,0.14899565029978734,0.10809115793085354,0.10147641288934138,0.1364547633115498,0.08865303054971899
4770,0,max_steps,1,0,0,6.199525579451697,2500,,,0.15,0.1,0.6565369963645935,8.541287422180176,-28.575685501098633,346.0581970214844,0.0,13.524016750777651,849,-4.999999999999671,-2.3244911713257865,0.0,0.0024798102317806787,"{3: 56, 4: 24, 5: 40, 6: 130}","{1: 72, 0: 35, 2: 37, 3: 106}",{1: 250},"{1: 225, 0: 25}","{1: 246, 0: 4}","{1: 236, 2: 7, 0: 7}",0.038434688061666014,0.021720711569031992,0.04681356543858683,0.03729827871744787,0.10094340446860009,0.05669825081209172,0.1343191934128452,0.14700520584629875,,,,
4780,0,max_steps,1,1,0,512.1712652623007,2500,1637.0,1637.0,0.15,0.1,0.6595378518104553,8.555970191955566,-28.575685501098633,362.0653991699219,500.0,17.16926526230244,1413,-4.997999999999672,0.0,0.0,0.2048685061049203,"{3: 132, 2: 13, 4: 18, 6: 87}","{5: 21, 4: 107, 3: 35, 2: 84, 1: 3}","{1: 236, 0: 14}",{1: 250},"{1: 236, 0: 14}","{1: 233, 0: 5, 2: 12}",0.03003675126468528,0.013724517420793472,0.04529729545567984,0.06157242336038883,0.10167737466151444,0.03510245623929905,0.14120298114923294,0.148637244599899,0.04930653253313655,0.04158293045516891,0.0745172862127469,0.0746987255445823
4790,0,max_steps,1,0,0,7.789119161678092,2500,,,0.15,0.1,0.662421703338623,8.60861873626709,-28.575685501098633,362.0653991699219,0.0,12.789119161677881,1209,-4.999999999999671,0.0,0.0,0.0031156476646712365,"{3: 173, 4: 77}","{1: 73, 2: 167, 3: 10}",{1: 250},"{1: 237, 0: 13}","{1: 247, 2: 3}","{1: 243, 2: 4, 0: 3}",0.019864901930796763,0.012036309291330562,0.029459028283542542,0.031273963098406715,0.06184850032505057,0.05855835685240006,0.09515664491169559,0.13129530553619662,0.02259709962076542,0.011490605850878764,0.04088467283890852,0.048953440286016864
4800,0,max_steps,1,0,0,14.78624761291733,2500,,,0.15,0.1,0.6616712212562561,8.60611343383789,-28.575685501098633,362.0653991699219,0.0,19.786247612917368,1368,-4.999999999999671,0.0,0.0,0.005914499045166932,"{1: 201, 0: 38, 2: 11}","{2: 201, 1: 49}",{1: 250},"{1: 248, 2: 1, 0: 1}",{1: 250},"{1: 241, 2: 6, 0: 3}",0.021998422755018655,0.01211607349489163,0.0338108890129286,0.050789021383220945,0.06738812912161074,0.02855501313948711,0.099220608145297,0.1397015341774685,,,,
4810,0,max_steps,1,1,0,547.4171097364033,2500,1447.0,1447.0,0.15,0.1,0.6666103005409241,8.57190990447998,-28.575685501098633,358.13238525390625,500.0,52.41510973639983,1705,-4.997999999999672,0.0,0.0,0.2189668438945613,"{1: 47, 2: 39, 3: 58, 6: 93, 5: 9, 4: 4}","{3: 97, 2: 44, 4: 83, 6: 6, 5: 20}","{1: 234, 2: 16}","{1: 236, 0: 12, 2: 2}","{1: 230, 2: 20}","{1: 237, 0: 13}",0.023487142794158193,0.026397838419773438,0.037811469902222866,0.04552980661896315,0.13596889957845248,0.058385840385346416,0.15560381465052836,0.14020612008154862,0.0234778441114096,0.06009113401801701,0.04352928414004608,0.04057419468272028
4820,0,crash,1,0,1,-89.03030665782256,2399,,,0.15,0.1,0.668587863445282,8.628847122192383,-28.575685501098633,358.13238525390625,0.0,17.958340193669397,584,-4.797999999999694,-22.19064685149131,-80.0,-0.03711142420084309,"{5: 52, 6: 158, 4: 29}","{3: 108, 4: 131}",{1: 239},"{1: 226, 0: 13}","{1: 214, 2: 8, 0: 17}","{1: 195, 0: 31, 2: 13}",0.05690504295659957,0.010117491636675904,0.06649345475808119,0.07170947193071396,0.132812042911012,0.049474906246598886,0.1802072820287594,0.1632208924523214,,,,
4830,0,max_steps,1,0,0,17.34240661657467,2500,,,0.15,0.1,0.6698823571205139,8.57800006866455,-28.575685501098633,358.13238525390625,0.0,22.342406616574312,1350,-4.999999999999671,0.0,0.0,0.006936962646629868,"{1: 42, 2: 157, 3: 22, 4: 29}","{1: 175, 0: 35, 2: 11, 3: 29}",{1: 250},"{1: 222, 0: 28}",{1: 250},"{1: 248, 0: 2}",0.013310402893303786,0.011504911657805341,0.020350335537136437,0.029863977785413935,0.08299253534806278,0.06085333566640932,0.10854363591368749,0.09131635814978602,0.04721349998931091,0.09288048634726542,0.025295390667303214,0.049718950474075506
4840,0,max_steps,1,1,0,477.74354230331664,2500,249.0,249.0,0.15,0.1,0.6744855642318726,8.67273998260498,-28.575685501098633,358.13238525390625,500.0,41.557470990084596,1295,-4.997999999999672,-58.81592868676012,0.0,0.19109741692132665,"{2: 10, 3: 14, 6: 226}","{4: 93, 3: 98, 5: 59}","{1: 243, 0: 1, 2: 6}","{1: 242, 0: 8}","{1: 224, 0: 17, 2: 9}","{1: 196, 0: 31, 2: 23}",0.049902485011468295,0.013766644681621407,0.07605036031861037,0.1117480966713281,0.1356988466671595,0.04429783201852648,0.1822851598525874,0.17183831033467656,0.08416266675796831,0.043982008678703624,0.10226285182355152,0.12892228591456972
4850,0,max_steps,1,0,0,19.078975157336288,2500,,,0.15,0.1,0.6758328676223755,8.693316459655762,-28.575685501098633,358.13238525390625,0.0,24.078975157336046,1432,-4.999999999999671,0.0,0.0,0.007631590062934515,"{1: 137, 0: 63, 2: 20, 3: 30}","{3: 99, 2: 36, 1: 115}",{1: 250},"{1: 249, 0: 1}","{1: 242, 0: 8}","{1: 247, 2: 3}",0.02979419051911996,0.01525518062716361,0.03336375734575225,0.04488691968366641,0.0951336688732208,0.0447843630247679,0.12341967738229535,0.13497010050353264,,,,
4860,0,max_steps,1,0,0,17.934453357546275,2500,,,0.15,0.1,0.6807039380073547,8.788595199584961,-28.575685501098633,363.0365295410156,0.0,22.934453357546158,1281,-4.999999999999671,0.0,0.0,0.00717378134301851,"{4: 134, 5: 47, 6: 69}","{4: 100, 3: 150}",{1: 250},"{1: 243, 2: 7}","{1: 236, 0: 8, 2: 6}","{1: 235, 0: 13, 2: 2}",0.013819778977859482,0.01201997997176585,0.02265148687379404,0.038576083927348896,0.11483253227579944,0.040994168996970476,0.13641327349339813,0.1481880145036121,,,,
4870,0,max_steps,1,0,0,17.875644531710556,2500,,,0.15,0.1,0.6847858428955078,8.715913772583008,-28.575685501098633,358.13238525390625,0.0,22.875644531710847,1701,-4.999999999999671,0.0,0.0,0.007150257812684222,"{1: 29, 2: 121, 3: 100}","{5: 35, 4: 187, 3: 28}",{1: 250},"{1: 249, 0: 1}",{1: 250},{1: 250},0.03425131169819787,0.01683701494706189,0.04392848945331354,0.04010077185299293,0.06226818595806005,0.039838373123203874,0.0913917226049089,0.10766788922646162,0.05235402937931097,0.021077308879071832,0.07113663386198484,0.0549127069319826
4880,0,max_steps,1,0,0,32.242355950957204,2500,,,0.15,0.1,0.6897295117378235,8.783093452453613,-28.575685501098633,368.41259765625,0.0,37.242355950956565,953,-4.999999999999671,0.0,0.0,0.012896942380382881,"{4: 60, 5: 59, 6: 131}","{4: 3, 3: 158, 2: 80, 1: 9}","{1: 237, 0: 1, 2: 12}","{1: 216, 2: 14, 0: 20}","{1: 224, 0: 14, 2: 12}","{1: 207, 0: 28, 2: 15}",0.06480246491148484,0.03524554388254349,0.09674470095083092,0.10683022866664976,0.13350757545345518,0.07304148178028842,0.1803728631367677,0.17644421985479017,,,,
4890,0,max_steps,1,1,0,463.7970079655046,2500,635.0,635.0,0.15,0.1,0.6920510530471802,8.813009262084961,-28.575685501098633,330.4603271484375,500.0,18.263834447884832,1342,-4.997999999999672,-49.468826482371334,0.0,0.18551880318620184,"{4: 41, 3: 22, 2: 22, 1: 32, 0: 133}","{2: 45, 3: 65, 4: 140}",{1: 250},"{1: 237, 0: 13}","{1: 243, 2: 7}","{1: 246, 0: 3, 2: 1}",0.03631372418624096,0.010475687978993026,0.04726775255849199,0.0434461206781048,0.11048840250121811,0.0341094744279363,0.13300071081913103,0.1400853069660786,0.033633277444004156,0.053029027209140336,0.057419839386881444,0.04390041680356848
4900,0,max_steps,1,0,0,20.24997811782408,2500,,,0.15,0.1,0.6987058520317078,8.928757667541504,-28.575685501098633,348.4379577636719,0.0,25.249978117823545,1288,-4.999999999999671,0.0,0.0,0.008099991247129632,"{5: 56, 4: 23, 6: 171}","{5: 45, 4: 31, 3: 174}",{1: 250},"{1: 249, 2: 1}","{1: 242, 0: 8}","{1: 224, 0: 22, 2: 4}",0.04854925383115857,0.00525563585884886,0.06961453291825587,0.0673709410277269,0.09832206550138751,0.028643360951377348,0.13757768076045515,0.15003804626415593,,,,
4910,0,max_steps,1,0,0,3.552645376295354,2500,,,0.15,0.1,0.7016515135765076,8.958797454833984,-28.575685501098633,333.01007080078125,0.0,8.552645376295166,826,-4.999999999999671,0.0,0.0,0.0014210581505181416,"{4: 230, 5: 13, 6: 7}","{3: 131, 2: 119}",{1: 250},"{1: 249, 2: 1}",{1: 250},{1: 250},0.018313271085138375,0.013573264719176423,0.02758618604784166,0.035119088097299786,0.06910452210566964,0.0348653221514861,0.09699990277504703,0.10118225052320827,,,,
4920,0,max_steps,1,0,0,25.198912697737306,2500,,,0.15,0.1,0.7025042772293091,8.942352294921875,-28.575685501098633,329.44854736328125,0.0,30.198912697736326,1215,-4.999999999999671,0.0,0.0,0.010079565079094922,"{1: 31, 0: 51, 2: 38, 3: 130}","{2: 163, 3: 84, 1: 3}",{1: 250},"{1: 247, 0: 3}","{1: 241, 2: 2, 0: 7}","{1: 241, 2: 1, 0: 8}",0.03588519889150851,0.017064130931729912,0.039461577873601626,0.04144235462926657,0.11335917109786711,0.041709843477215944,0.13597478644850322,0.13606228791853883,0.06412366226322452,0.040400615486698446,0.06524983951272358,0.11238502058505243
4930,0,max_steps,1,0,0,8.276002841241995,2500,,,0.15,0.1,0.7065180540084839,9.029413223266602,-28.575685501098633,376.7491149902344,0.0,14.396276398910011,545,-4.999999999999671,-1.1202735576682812,0.0,0.003310401136496798,"{4: 212, 5: 38}","{5: 7, 4: 15, 3: 127, 2: 101}",{1: 250},"{1: 240, 2: 10}",{1: 250},"{1: 248, 2: 2}",0.003681310959296848,0.016785216578684498,0.00322931744356637,0.0037814127690926442,0.051129268130804144,0.03588721253765314,0.07420089930990821,0.057436184262857536,0.0035637715724201454,0.028641470806764314,0.008214452486918686,0.011534209049849635
4940,0,success,1,2,0,1055.142020444959,1958,979.0,979.0,0.15,0.1,0.7125737071037292,9.165385246276855,-28.575685501098633,357.8099670410156,1000.0,59.054020444951114,1477,-3.9119999999997908,0.0,0.0,0.5388876508911945,"{6: 35, 5: 29, 4: 30, 3: 27, 0: 47, 1: 14, 2: 13}","{2: 108, 3: 41, 4: 46}","{1: 160, 0: 18, 2: 17}","{1: 171, 2: 7, 0: 17}","{1: 148, 2: 24, 0: 23}","{1: 149, 2: 17, 0: 29}",0.07743588230199336,0.02927154860123972,0.10486204303618508,0.12033510640116495,0.17521706694798045,0.06180628671566575,0.23878470025290513,0.24569300067376135,0.05811806879461196,0.11265334563498462,0.10795511659156037,0.08246761782357569
4950,0,max_steps,1,0,0,16.972116064344632,2500,,,0.15,0.1,0.7133671641349792,9.151193618774414,-28.575685501098633,364.9630432128906,0.0,21.9721160643443,1596,-4.999999999999671,0.0,0.0,0.006788846425737853,"{5: 155, 6: 13, 4: 43, 3: 39}","{3: 154, 2: 67, 1: 29}",{1: 250},"{1: 238, 0: 12}",{1: 250},"{1: 247, 2: 1, 0: 2}",0.028765914821490914,0.0162732326546828,0.03291895899180121,0.035425210223514414,0.08016913623594893,0.05730406124611785,0.10185917165417001,0.10031527557550111,0.08367134516890944,0.06065168810659327,0.12006841288417133,0.05598792287133948
4960,0,max_steps,1,0,0,14.851607210349135,2500,,,0.15,0.1,0.7193559408187866,9.27164077758789,-28.575685501098633,367.7757263183594,0.0,23.044785643047472,1271,-4.999999999999671,-3.193178432698412,0.0,0.005940642884139654,"{5: 70, 6: 14, 4: 9, 3: 36, 2: 121}","{5: 139, 6: 111}","{1: 223, 2: 26, 0: 1}","{1: 248, 0: 2}","{1: 213, 2: 26, 0: 11}","{1: 221, 2: 7, 0: 22}",0.04040280892338024,0.013291018624725974,0.06307686659742519,0.06388889749906265,0.15236555923588005,0.045756233865976,0.211972657413216,0.15043316290618455,,,,
4970,0,max_steps,1,1,0,528.3750787244954,2500,1075.0,1075.0,0.15,0.1,0.7208235859870911,9.295552253723145,-28.575685501098633,362.7904357910156,500.0,33.37307872446616,1218,-4.997999999999672,0.0,0.0,0.21135003148979817,"{2: 29, 3: 44, 4: 34, 5: 35, 6: 108}","{1: 62, 0: 31, 2: 13, 3: 90, 4: 54}",{1: 250},"{1: 231, 0: 19}","{1: 231, 0: 10, 2: 9}","{1: 231, 0: 15, 2: 4}",0.03653336847105286,0.027413708811209157,0.05285604998321642,0.07226618012263317,0.11495670064791072,0.059118290312214675,0.16541081373746347,0.14834251586074873,0.06117798627855473,0.11383772882705889,0.019121241039303988,0.1263038329476107
4980,0,success,1,2,0,1015.895304666418,1384,692.0,692.0,0.15,0.1,0.7247942090034485,9.38632869720459,-28.575685501098633,372.3494567871094,1000.0,18.659304666422955,872,-2.763999999999917,0.0,0.0,0.7340283993254466,"{3: 86, 2: 52}","{4: 9, 3: 4, 1: 107, 0: 9, 2: 9}",{1: 138},"{1: 115, 2: 7, 0: 16}",{1: 138},{1: 138},0.01223012640780502,0.018453648239731252,0.02315910929903107,0.02239010036833835,0.07518258951828946,0.06835294129417432,0.08848673913776248,0.09246802777041709,0.0024869492746448325,0.12286619221309977,0.010709419783348714,0.0036334815018554236
4990,0,max_steps,1,0,0,7.597288823768409,2500,,,0.15,0.1,0.7258507609367371,9.431366920471191,-28.575685501098633,379.654541015625,0.0,12.597288823768213,1136,-4.999999999999671,0.0,0.0,0.0030389155295073634,"{1: 143, 2: 85, 0: 22}","{1: 172, 2: 64, 0: 14}",{1: 250},"{1: 249, 0: 1}",{1: 250},{1: 250},0.02999411628742265,0.022460595445589884,0.04551352759534462,0.03580416952382966,0.06707381033119837,0.04585650279422322,0.08281689643579045,0.10428737926349006,,,,
5000,0,max_steps,1,0,0,12.420002557597998,2500,,,0.15,0.1,0.7265275716781616,9.366470336914062,-28.575685501098633,355.53912353515625,0.0,17.420002557598256,1158,-4.999999999999671,0.0,0.0,0.0049680010230391996,"{4: 111, 3: 59, 5: 37, 6: 43}","{1: 161, 2: 61, 0: 11, 3: 17}",{1: 250},"{1: 235, 0: 15}","{1: 247, 2: 3}","{1: 249, 0: 1}",0.05213113031603046,0.014841354386247318,0.0710285282102818,0.06524288351370158,0.11287607370837728,0.055165604737922896,0.14104386719824039,0.12202263362759147,,,,
5010,0,max_steps,1,0,0,37.711370295313145,2500,,,0.15,0.1,0.7248379588127136,9.288100242614746,-28.575685501098633,336.4921875,0.0,42.71137029531318,1019,-4.999999999999671,0.0,0.0,0.015084548118125258,"{5: 101, 6: 117, 4: 32}","{3: 148, 4: 92, 5: 10}","{1: 235, 2: 15}","{1: 238, 0: 12}","{1: 219, 2: 23, 0: 8}","{1: 219, 0: 27, 2: 4}",0.061940758680924156,0.016999086665461037,0.08277308945877201,0.079016371932278,0.13275793011856077,0.05765539061853681,0.19212750714990098,0.15312049512372894,,,,
5020,0,max_steps,1,0,0,21.73687953408477,2500,,,0.15,0.1,0.7279973030090332,9.304875373840332,-28.575685501098633,334.8653869628906,0.0,26.7368795340847,1629,-4.999999999999671,0.0,0.0,0.008694751813633909,"{2: 158, 1: 45, 0: 19, 3: 28}","{1: 55, 0: 56, 2: 30, 3: 109}",{1: 250},"{1: 239, 0: 11}",{1: 250},{1: 250},0.034346460976315954,0.012302427284982282,0.040031490060436756,0.038222581592070204,0.07951391325032882,0.04582896740575564,0.10401235148850539,0.10388425813440202,0.0467867186063439,0.022119266579551995,0.026013092704788493,0.05017608411412586
5030,0,max_steps,1,1,0,522.8467678016565,2500,290.0,290.0,0.15,0.1,0.7306913137435913,9.332818031311035,-28.575685501098633,374.50885009765625,500.0,27.844767801615408,1275,-4.997999999999672,0.0,0.0,0.2091387071206626,"{2: 41, 3: 37, 4: 72, 5: 100}","{4: 5, 3: 23, 1: 192, 2: 9, 0: 21}","{1: 230, 0: 8, 2: 12}","{1: 249, 2: 1}","{1: 219, 0: 16, 2: 15}","{1: 229, 0: 14, 2: 7}",0.040644712357093556,0.014814086111975735,0.06181115775471565,0.07482148427966458,0.14064513053298153,0.03604891030247593,0.18504833213594832,0.1479476935750353,0.163202261434553,0.005481023670538806,0.17803515243186913,0.1841526995289652
5040,0,max_steps,1,0,0,11.79332562590644,2500,,,0.15,0.1,0.7289028167724609,9.217950820922852,-28.575685501098633,330.63494873046875,0.0,16.7933256259071,1223,-4.999999999999671,0.0,0.0,0.004717330250362577,"{4: 20, 3: 63, 2: 167}","{5: 23, 4: 33, 3: 194}",{1: 250},"{1: 241, 2: 6, 0: 3}",{1: 250},{1: 250},0.016634193488865127,0.014514524301204083,0.020398906365393765,0.02070724057626527,0.06889585030338084,0.053120721874545564,0.08871911371060974,0.08502765576212203,0.02558442193245332,0.05708036061682136,0.0324681625233974,0.040844255490920474
5050,0,max_steps,1,0,0,8.025094283731526,2500,,,0.15,0.1,0.7306550145149231,9.229243278503418,-28.575685501098633,333.6858215332031,0.0,13.025094283731391,1458,-4.999999999999671,0.0,0.0,0.0032100377134926107,"{1: 84, 0: 166}",{3: 250},{1: 250},{1: 250},"{1: 247, 2: 3}",{1: 250},0.012287205990121595,0.007257423740745216,0.018750976031361707,0.020425977154256533,0.07179894893739988,0.032370377671107946,0.09642048401023533,0.1128041816173204,,,,
5060,0,max_steps,1,0,0,13.84880996045529,2500,,,0.15,0.1,0.7348254323005676,9.302559852600098,-28.575685501098633,349.890380859375,0.0,18.848809960455412,1190,-4.999999999999671,0.0,0.0,0.005539523984182116,"{1: 115, 0: 135}","{3: 228, 4: 22}",{1: 250},{1: 250},"{1: 247, 2: 3}","{1: 244, 2: 1, 0: 5}",0.02563869364674015,0.012188386283458322,0.03762595913485934,0.04987996048993265,0.06845885667502265,0.03673568459298945,0.10042786561286286,0.133895627094249,,,,
5070,0,max_steps,1,1,0,521.7808620308676,2500,2312.0,2312.0,0.15,0.1,0.7386256456375122,9.36169719696045,-28.575685501098633,363.2714538574219,500.0,26.77886203085866,1379,-4.997999999999672,0.0,0.0,0.20871234481234704,"{1: 120, 2: 72, 0: 23, 3: 16, 6: 19}","{3: 66, 4: 90, 5: 94}",{1: 250},"{1: 224, 0: 15, 2: 11}",{1: 250},"{1: 246, 0: 2, 2: 2}",0.024084851668314804,0.02935147610287759,0.034043581427890615,0.04824382721640957,0.07568905679496314,0.06019198557462619,0.10703702273337899,0.13712121282934386,0.020988050454605174,0.052340010420429114,0.0328087243510005,0.05051782648973563
5080,0,max_steps,1,1,0,521.276870663619,2500,929.0,929.0,0.15,0.1,0.7429265379905701,9.457249641418457,-28.575685501098633,352.20269775390625,500.0,26.274870663582895,1192,-4.997999999999672,0.0,0.0,0.2085107482654476,"{4: 77, 3: 15, 0: 17, 1: 13, 2: 128}","{2: 84, 1: 7, 3: 65, 4: 94}",{1: 250},"{1: 223, 0: 24, 2: 3}",{1: 250},{1: 250},0.021073435865513482,0.016557207816032614,0.030009990547718992,0.030977169975572393,0.056500929125414205,0.06022649526537753,0.06800307683648447,0.07852040906000247,0.03825400930061167,0.12101498433117841,0.010307245316810713,0.061554738975066414
5090,0,max_steps,1,0,0,16.692531156675134,2500,,,0.15,0.1,0.7460313439369202,9.451459884643555,-28.575685501098633,352.20269775390625,0.0,21.69253115667392,1339,-4.999999999999671,0.0,0.0,0.006677012462670054,"{6: 20, 5: 71, 4: 59, 3: 100}","{1: 19, 2: 201, 3: 30}",{1: 250},"{1: 242, 0: 8}","{1: 246, 2: 4}","{1: 245, 0: 5}",0.018146108970263402,0.013039806341980086,0.0323658095704528,0.03535573615239104,0.08529314353336813,0.03377976300777875,0.11122355418380124,0.11937488088248216,0.13122049199940405,0.028589637956663274,0.09816809016305071,0.15047771465762233
5100,0,max_steps,1,1,0,522.5437726906379,2500,1165.0,1165.0,0.15,0.1,0.7484561204910278,9.45874309539795,-28.575685501098633,346.40301513671875,500.0,27.54177269061068,1383,-4.997999999999672,0.0,0.0,0.20901750907625516,"{1: 61, 2: 37, 3: 24, 4: 84, 5: 44}","{3: 121, 4: 67, 0: 15, 1: 20, 2: 27}",{1: 250},"{1: 213, 0: 16, 2: 21}",{1: 250},"{1: 246, 2: 3, 0: 1}",0.0262485471868641,0.038842233990558625,0.04591975771438716,0.06517228796044312,0.097358688774853,0.060454610438292096,0.12134715032544445,0.1276075017579056,0.05258635323436295,0.06084186227440371,0.12854539253691236,0.12095370477636777
5110,0,max_steps,1,0,0,21.116330365005155,2500,,,0.15,0.1,0.7503867745399475,9.500638008117676,-28.575685501098633,358.0701904296875,0.0,26.1163303650051,1198,-4.999999999999671,0.0,0.0,0.008446532146002063,"{5: 44, 4: 21, 6: 185}","{3: 214, 4: 36}","{1: 246, 2: 4}","{1: 236, 2: 1, 0: 13}","{1: 241, 2: 9}","{1: 245, 0: 5}",0.039800156598376754,0.013152474752077786,0.04678224045102203,0.03284874138426433,0.10692558491306214,0.058498157268359975,0.14928175037474725,0.12083321743511764,,,,
5120,0,crash,1,0,1,-102.56780557475025,801,,,0.15,0.1,0.7533919215202332,9.549886703491211,-28.575685501098633,357.75433349609375,0.0,2.944714097200402,520,-1.6020000000000012,-23.910519671950695,-80.0,-0.12804969484987547,{6: 80},"{1: 11, 2: 12, 3: 34, 4: 18, 5: 5}",{1: 80},"{1: 35, 0: 45}",{1: 80},{1: 80},0.006039423929444488,0.06028026160081845,0.010559310043791226,0.011447921094487617,0.013417487527727487,0.08672935985452833,0.02159908435786568,0.030964337014152982,,,,
5130,0,max_steps,1,1,0,551.8190158140144,2500,388.0,388.0,0.15,0.1,0.7571635246276855,9.602432250976562,-28.575685501098633,373.82244873046875,500.0,56.81701581396448,1360,-4.997999999999672,0.0,0.0,0.22072760632560576,"{1: 13, 2: 18, 3: 7, 6: 101, 5: 80, 4: 31}","{1: 24, 0: 6, 2: 7, 3: 142, 4: 71}",{1: 250},"{1: 226, 0: 24}","{1: 233, 0: 9, 2: 8}","{1: 210, 2: 13, 0: 27}",0.06697214078146446,0.02530538221513548,0.09233256823803299,0.11168438525033832,0.12530559456418472,0.058704873325001884,0.16767757327920305,0.15283094414241402,0.06663243884455554,0.1528740294486671,0.019444054656478228,0.09944140467603499
5140,0,max_steps,1,0,0,16.18404542950963,2500,,,0.15,0.1,0.7604716420173645,9.620732307434082,-28.575685501098633,386.25616455078125,0.0,21.184045429510405,1271,-4.999999999999671,0.0,0.0,0.006473618171803852,"{4: 26, 3: 62, 2: 162}","{5: 47, 4: 30, 3: 162, 2: 11}","{1: 235, 2: 15}","{1: 231, 2: 19}","{1: 237, 2: 13}","{1: 238, 0: 12}",0.02318441967864509,0.01729037139435785,0.03250241764091348,0.04067289275506285,0.09310930497251445,0.059732047198444764,0.10908751936554517,0.11445205032743727,0.02891132843946792,0.016167709372089466,0.03004518393273349,0.03629252544448364
5150,0,max_steps,1,0,0,4.24759331347457,2500,,,0.15,0.1,0.7606979012489319,9.572755813598633,-28.575685501098633,355.842041015625,0.0,9.24759331347435,871,-4.999999999999671,0.0,0.0,0.001699037325389828,{0: 250},"{1: 66, 2: 184}",{1: 250},"{1: 249, 2: 1}",{1: 250},{1: 250},0.03241459016609841,0.006040885590660119,0.04230738227410234,0.019645256899393553,0.06903208735557166,0.025323151475176976,0.09588954904097698,0.1014151736857831,,,,
5160,0,success,1,2,0,1022.7296053620116,1768,884.0,884.0,0.15,0.1,0.7674332857131958,9.659647941589355,-28.575685501098633,349.90179443359375,1000.0,26.261605362007362,1010,-3.5319999999998326,0.0,0.0,0.5784669713586038,"{4: 88, 3: 54, 2: 34}","{2: 20, 1: 87, 3: 28, 5: 24, 4: 17}","{1: 163, 2: 13}","{1: 149, 2: 10, 0: 17}","{1: 163, 2: 13}","{1: 162, 0: 14}",0.03417372237136272,0.024332895360789128,0.05728628493983366,0.07299574751802035,0.121083041947934,0.06162804477485825,0.16797441362942084,0.14434865664507016,0.10383852663478073,0.07784785571000953,0.08987789400694962,0.13162434487302574
5170,0,max_steps,1,0,0,15.089243046788312,2500,,,0.15,0.1,0.7674723267555237,9.616212844848633,-28.575685501098633,349.90179443359375,0.0,20.089243046788706,1078,-4.999999999999671,0.0,0.0,0.006035697218715325,"{4: 223, 5: 27}","{3: 241, 2: 9}",{1: 250},{1: 250},{1: 250},"{1: 242, 2: 3, 0: 5}",0.020688179431939534,0.011475149877901896,0.030872410612115077,0.03524528771275892,0.07267438627084542,0.031073260909503228,0.10846442483770262,0.1163252146638054,0.04951133706185477,0.01154014443915395,0.0655399248978781,0.09664678256146135
5180,0,max_steps,1,1,0,523.3070471037314,2500,243.0,243.0,0.15,0.1,0.7681857943534851,9.583390235900879,-28.575685501098633,345.9472351074219,500.0,28.305047103701867,1147,-4.997999999999672,0.0,0.0,0.20932281884149256,"{3: 24, 1: 85, 0: 107, 2: 34}","{2: 59, 3: 171, 4: 20}",{1: 250},{1: 250},"{1: 244, 0: 6}","{1: 223, 2: 21, 0: 6}",0.0418998654192435,0.01518415063864886,0.06734088316049194,0.07507283881267632,0.10530885426487015,0.03179526491766258,0.13833641573804045,0.1504704133950717,0.002998707393747614,0.04827272304993521,0.004804058727024044,0.0035068171475175105
5190,0,max_steps,1,1,0,508.33404752048284,2500,980.0,980.0,0.15,0.1,0.7734037041664124,9.636923789978027,-28.575685501098633,344.9294738769531,500.0,25.840961095739463,1492,-4.997999999999672,-12.50891357525023,0.0,0.20333361900819313,"{2: 69, 3: 44, 5: 23, 4: 92, 6: 22}","{2: 24, 3: 161, 4: 27, 5: 38}",{1: 250},"{1: 209, 0: 33, 2: 8}",{1: 250},"{1: 248, 2: 2}",0.027107317526912044,0.021573389103590017,0.03807758285975825,0.040480297309591455,0.08745270967013882,0.06565893612949361,0.1048704165735745,0.09342443317331238,0.053612403507955465,0.05992510979806804,0.11020227787396018,0.08704605041918737
5200,0,crash,1,1,1,398.4454762075176,1663,469.0,469.0,0.15,0.1,0.7795615196228027,9.75210952758789,-28.575685501098633,359.310302734375,500.0,14.246615294879788,708,-3.3239999999998555,-32.477139087371015,-80.0,0.23959439338996846,"{2: 40, 3: 6, 4: 57, 5: 18, 6: 45}","{2: 18, 3: 28, 5: 73, 6: 47}",{1: 166},"{1: 146, 0: 20}","{1: 161, 0: 5}","{1: 158, 0: 3, 2: 5}",0.045784866415769516,0.01894173259173831,0.05776994671099575,0.04782973290844894,0.103220616127388,0.060423067108675996,0.13899967427921972,0.1447720435039633,0.13122045139991553,0.04517641898850784,0.09232783757575483,0.14902661408651038
5210,0,max_steps,1,1,0,528.5647799908282,2500,741.0,741.0,0.15,0.1,0.7887076735496521,9.875734329223633,-28.575685501098633,359.1212158203125,500.0,33.56277999078471,1594,-4.997999999999672,0.0,0.0,0.2114259119963313,"{4: 70, 3: 4, 0: 49, 1: 103, 2: 24}","{1: 22, 2: 16, 3: 36, 6: 176}",{1: 250},"{1: 245, 0: 2, 2: 3}",{1: 250},"{1: 248, 2: 2}",0.02244530962303922,0.012468847842741241,0.04222201595699722,0.06175062906475346,0.07735990889514055,0.050481536028443165,0.1079412712936973,0.12189457202178582,0.06658645256092996,0.04624789675298974,0.041699760653655715,0.1039209628250368
5220,0,max_steps,1,0,0,29.608507151272377,2500,,,0.15,0.1,0.793596088886261,9.935214042663574,-28.575685501098633,370.337158203125,0.0,34.60850715127117,1245,-4.999999999999671,0.0,0.0,0.011843402860508952,"{6: 123, 5: 70, 4: 57}","{3: 241, 2: 9}","{1: 236, 0: 14}","{1: 246, 2: 4}","{1: 227, 0: 15, 2: 8}","{1: 205, 2: 19, 0: 26}",0.044352080139405906,0.013438034685839172,0.06272628538925426,0.07692163968416753,0.11595511937450907,0.05268120442973389,0.16997998775435655,0.20954449604620573,,,,
5230,1,max_steps,3,0,0,6.136524647662827,3000,,,0.5970067410078705,0.1,0.7931718230247498,9.929877281188965,-28.575685501098633,370.337158203125,0.0,12.136524647662828,1434,-5.999999999999561,0.0,0.0,0.002045508215887609,"{0: 202, 1: 32, 2: 66}",{0: 300},{1: 300},{1: 300},{1: 300},"{1: 299, 0: 1}",0.011584103375994064,0.01025679839130536,0.01660647770486961,0.029252624705307907,0.04972706060823588,0.026187905528305286,0.07947238077556489,0.10610930851892698,,,,
5240,1,max_steps,3,0,0,9.198182913460728,3000,,,0.5940284146813978,0.1,0.7929762005805969,9.951108932495117,-28.575685501098633,381.6492614746094,0.0,15.198182913460686,1925,-5.999999999999561,0.0,0.0,0.003066060971153576,"{0: 291, 1: 9}","{1: 230, 0: 37, 2: 33}",{1: 300},{1: 300},{1: 300},{1: 300},0.013024125511877361,0.014562957416166243,0.018486906803820792,0.020920867807968938,0.033167896986099676,0.03415665648405496,0.0455164278606631,0.06394498210975719,,,,
5250,1,max_steps,3,1,0,514.6706815529141,3000,1308.0,1308.0,0.591064946525022,0.1,0.7932089567184448,9.95970344543457,-28.575685501098633,370.337158203125,500.0,20.668681552907714,1833,-5.9979999999995615,0.0,0.0,0.17155689385097136,"{3: 130, 0: 39, 1: 97, 2: 34}","{4: 87, 5: 37, 3: 6, 0: 102, 1: 68}",{1: 300},"{1: 298, 0: 2}",{1: 300},{1: 300},0.020207187832545076,0.018949509318547136,0.028569559397846833,0.022531583997708673,0.0536039065651754,0.03920041370500593,0.06294594207023724,0.05630028252585373,0.024691940373145288,0.044759323818964435,0.03504447441022663,0.01962339009758306
5260,1,max_steps,3,0,0,21.156856674495018,3000,,,0.5881162624148244,0.1,0.7910494804382324,9.939742088317871,-31.96525001525879,370.337158203125,0.0,27.15685667449487,1323,-5.999999999999561,0.0,0.0,0.007052285558165006,"{4: 120, 5: 41, 6: 139}","{5: 141, 6: 152, 4: 7}",{1: 300},{1: 300},"{1: 295, 2: 5}","{1: 291, 0: 5, 2: 4}",0.041285279362925156,0.011294153294828569,0.052574636402084485,0.06004006184534113,0.09436371672941532,0.029462426402643273,0.12513577951616667,0.12716409576158857,,,,
5270,1,max_steps,3,0,0,9.366370336458354,3000,,,0.5851822885966733,0.1,0.7896755933761597,9.904255867004395,-31.96525001525879,370.337158203125,0.0,15.366370336458301,1584,-5.999999999999561,0.0,0.0,0.003122123445486118,"{2: 68, 3: 23, 4: 99, 5: 110}","{5: 225, 6: 75}",{1: 300},{1: 300},"{1: 296, 0: 4}","{1: 290, 2: 7, 0: 3}",0.02483784400467188,0.009388289709442839,0.03647095696128487,0.05990666224316967,0.08558952303198587,0.024128088045307784,0.10838097810902211,0.12080990125494938,,,,
5280,1,crash,3,0,1,-246.29754016072445,2549,,,0.5822629516843785,0.1,0.7862078547477722,9.878307342529297,-29.79250717163086,370.337158203125,0.0,0.6817042802755622,267,-5.097999999999661,-161.88124444100015,-80.0,-0.09662516287199861,"{4: 104, 5: 19, 6: 131}","{3: 44, 2: 30, 1: 26, 0: 154}",{1: 254},"{1: 243, 2: 11}","{1: 245, 0: 9}","{1: 243, 0: 8, 2: 3}",0.016773722948119574,0.019683960172899286,0.018180300952404953,0.022578353016025038,0.08708234792848345,0.05467876897069387,0.11645822411345663,0.11668750563461101,,,,
5290,1,max_steps,3,1,0,533.4934075496614,3000,413.0,413.0,0.5793581786578568,0.1,0.7851656079292297,9.87644100189209,-28.575685501098633,370.337158203125,500.0,39.49140754965001,1635,-5.9979999999995615,0.0,0.0,0.1778311358498871,"{1: 22, 2: 17, 3: 2, 6: 259}","{3: 106, 2: 12, 5: 21, 4: 161}",{1: 300},{1: 300},{1: 300},"{1: 287, 0: 11, 2: 2}",0.03444724324258494,0.013313757825788364,0.05318116368997357,0.07578856483481841,0.0902224385211863,0.04388891924371354,0.1129176806419286,0.13387456948407903,0.09950850781014833,0.04890589039044826,0.04428204344599234,0.11403284358791622
5300,1,max_steps,3,0,0,40.33178437263617,3000,,,0.5764678968613045,0.1,0.7849090695381165,9.900618553161621,-28.575685501098633,379.8468322753906,0.0,46.331784372636356,1777,-5.999999999999561,0.0,0.0,0.013443928124212056,"{6: 164, 5: 124, 4: 12}","{5: 136, 4: 30, 3: 134}","{1: 283, 0: 17}","{1: 293, 2: 7}","{1: 273, 2: 4, 0: 23}","{1: 264, 0: 20, 2: 16}",0.051157580885277484,0.013433975990039393,0.06876389890118659,0.07728093561066562,0.1337303548529094,0.03919498896519396,0.17745286727108395,0.1632421933498739,,,,
5310,1,max_steps,3,0,0,9.512523259840783,3000,,,0.573592034001381,0.1,0.7837643027305603,9.773916244506836,-28.575685501098633,370.337158203125,0.0,15.51252325984079,1239,-5.999999999999561,0.0,0.0,0.0031708410866135945,"{2: 33, 1: 171, 0: 96}","{1: 117, 2: 55, 0: 128}",{1: 300},"{1: 295, 2: 1, 0: 4}",{1: 300},"{1: 297, 0: 2, 2: 1}",0.029324845592887235,0.01647830376778423,0.04068069156236322,0.041565095394121246,0.050115451934719175,0.04402837658052132,0.07639127394722761,0.10161575871841637,,,,
5320,1,max_steps,3,0,0,3.3990514814917923,3000,,,0.5707305181454002,0.1,0.7851191759109497,9.796930313110352,-28.575685501098633,370.337158203125,0.0,9.3990514814917,1664,-5.999999999999561,0.0,0.0,0.0011330171604972642,{0: 300},"{4: 95, 3: 205}",{1: 300},{1: 300},{1: 300},{1: 300},0.005590308345651277,0.009728144147965943,0.01023140747555492,0.017135441045849485,0.03127586361634636,0.02071623914389931,0.04017242975628862,0.04669211992227528,,,,
5330,1,max_steps,3,0,0,6.161319291506568,3000,,,0.5678832777195313,0.1,0.7867849469184875,9.845558166503906,-28.575685501098633,370.337158203125,0.0,20.5788318641067,1381,-5.999999999999561,-8.417512572599986,0.0,0.002053773097168856,"{6: 295, 5: 5}","{1: 91, 2: 209}",{1: 300},{1: 300},"{1: 293, 0: 7}","{1: 297, 0: 3}",0.02792823349762303,0.010616357834835844,0.0408654040570149,0.04696601561216862,0.09485700484740504,0.02961756352127391,0.1205865800855493,0.1167643881318003,,,,
5340,1,max_steps,3,1,0,510.6761244479125,3000,1961.0,1961.0,0.5650502415070082,0.1,0.7851570844650269,9.809185028076172,-28.575685501098633,363.060546875,500.0,16.674124447907193,1731,-5.9979999999995615,0.0,0.0,0.17022537481597083,"{2: 121, 3: 75, 5: 32, 6: 72}","{2: 56, 1: 21, 3: 98, 4: 21, 6: 96, 5: 8}",{1: 300},"{1: 285, 0: 12, 2: 3}",{1: 300},{1: 300},0.01617594231947185,0.021728769061726057,0.024025282967007212,0.025093492437885816,0.052205741986572955,0.054144907342344464,0.06179570382479485,0.0638539091742912,0.019438529736557096,0.04931365374755756,0.02786579589571833,0.028915098908481273
5350,1,max_steps,3,0,0,19.973805123846788,3000,,,0.5622313386463486,0.1,0.7839678525924683,9.80216121673584,-28.575685501098633,363.060546875,0.0,25.97380512384682,1350,-5.999999999999561,0.0,0.0,0.006657935041282263,"{6: 220, 5: 60, 4: 20}",{0: 300},"{1: 280, 0: 10, 2: 10}","{1: 285, 2: 12, 0: 3}","{1: 289, 0: 11}","{1: 275, 0: 15, 2: 10}",0.04565509495823512,0.018170781756778435,0.059258275103108396,0.06031318582985774,0.13563504615568867,0.04211659948299686,0.15772720533587617,0.14099236403726162,,,,
5360,1,max_steps,3,1,0,541.8266232803942,3000,2059.0,2059.0,0.5594264986295818,0.1,0.7848081588745117,9.824673652648926,-27.62421417236328,354.4017639160156,500.0,47.824623280393226,2402,-5.9979999999995615,0.0,0.0,0.18060887442679807,"{5: 95, 4: 77, 3: 33, 0: 25, 1: 14, 2: 56}","{6: 121, 5: 31, 4: 48, 3: 9, 0: 57, 1: 18, 2: 16}",{1: 300},"{1: 272, 2: 6, 0: 22}",{1: 300},{1: 300},0.02285265274746552,0.021067847174892802,0.03208125270775557,0.03712174654379885,0.09625643027630597,0.05985969759899788,0.11679119087518702,0.10561600096457988,0.043961253290103953,0.0578735419821729,0.02793829646144822,0.05867398585819678
5370,1,max_steps,3,0,0,12.530940929784478,3000,,,0.5566356513004844,0.1,0.785413920879364,9.867465019226074,-29.97627830505371,358.7275695800781,0.0,18.530940929784528,946,-5.999999999999561,0.0,0.0,0.004176980309928159,"{4: 102, 5: 49, 6: 149}","{3: 62, 2: 84, 1: 146, 0: 8}","{1: 289, 0: 11}",{1: 300},"{1: 287, 0: 13}","{1: 280, 0: 9, 2: 11}",0.026137654843831952,0.012866992397180567,0.038093387919317434,0.0341303599978698,0.11930626311082208,0.030758109044503035,0.14543179474470344,0.12019149210119658,,,,
5380,1,max_steps,3,0,0,20.043039189295406,3000,,,0.5538587268528261,0.1,0.7857471704483032,9.876189231872559,-29.97627830505371,362.9267272949219,0.0,26.043039189295406,851,-5.999999999999561,0.0,0.0,0.006681013063098469,"{4: 30, 5: 47, 6: 223}","{3: 8, 2: 56, 1: 171, 0: 65}",{1: 300},{1: 300},"{1: 283, 2: 7, 0: 10}","{1: 257, 0: 29, 2: 14}",0.039980594480069576,0.012725188068931303,0.05548137689782558,0.0569418308427765,0.1100802553460758,0.034471615217131386,0.14965946360058607,0.16218511009893766,,,,
5390,1,crash,3,0,1,-174.65633192537337,2378,,,0.5510956558286235,0.1,0.783635675907135,9.853496551513672,-29.97627830505371,352.3447570800781,0.0,18.470154553288264,965,-4.755999999999698,-108.37048647866136,-80.0,-0.07344673335802077,"{1: 24, 2: 52, 3: 17, 4: 144}","{3: 24, 2: 37, 1: 106, 0: 70}",{1: 237},"{1: 235, 0: 2}","{1: 228, 0: 9}","{1: 232, 0: 2, 2: 3}",0.028565554918293747,0.01750206689463474,0.04029894884490463,0.05734509640230287,0.12049243080526416,0.03170329424151546,0.146770939801145,0.12366378758385148,,,,
5400,1,max_steps,3,0,0,10.992009219225467,3000,,,0.5483463691164028,0.1,0.7829921841621399,9.851532936096191,-29.97627830505371,353.28009033203125,0.0,16.992009219225523,1509,-5.999999999999561,0.0,0.0,0.0036640030730751556,"{2: 147, 3: 143, 4: 10}","{3: 19, 2: 104, 1: 145, 0: 32}",{1: 300},"{1: 295, 2: 2, 0: 3}",{1: 300},{1: 300},0.033524151693353516,0.01605465010191122,0.046668363817728875,0.046958478113597865,0.0630587013045188,0.04041737471007359,0.0898786454090562,0.12129154164842436,,,,
5410,1,max_steps,3,0,0,-35.27766154079446,3000,,,0.5456107979494709,0.1,0.783749520778656,9.86694049835205,-29.97627830505371,384.7684631347656,0.0,1.14393694931792,334,-5.999999999999561,-30.421598490112462,0.0,-0.011759220513598154,"{3: 72, 4: 118, 5: 75, 6: 35}","{2: 31, 1: 74, 0: 195}",{1: 300},"{1: 299, 2: 1}",{1: 300},{1: 300},0.024425578003287964,0.01512724162036231,0.023417974725764405,0.0330710502151335,0.05280316234133495,0.03751658721898303,0.07635161054762807,0.08672553789574426,,,,
5420,1,max_steps,3,0,0,5.860573927627784,3000,,,0.5428888739041957,0.1,0.781731903553009,9.733551025390625,-29.97627830505371,341.78851318359375,0.0,11.860573927627863,1417,-5.999999999999561,0.0,0.0,0.0019535246425425945,"{1: 26, 2: 230, 3: 44}","{3: 201, 2: 49, 1: 50}",{1: 300},"{1: 296, 2: 2, 0: 2}",{1: 300},{1: 300},0.00847183625795838,0.015723973866821415,0.014628664802039516,0.019559903776624844,0.054436771118745356,0.039588468978456054,0.06793914832425454,0.0770552249338272,,,,
5430,1,crash,3,0,1,-101.36216273237744,2110,,,0.5401805288982945,0.1,0.7815482020378113,9.75088882446289,-29.97627830505371,341.78851318359375,0.0,1.8798544342735646,427,-4.219999999999757,-19.02201716665099,-80.0,-0.04803893968359121,"{1: 21, 0: 190}","{6: 49, 5: 94, 4: 68}",{1: 211},{1: 211},"{1: 208, 2: 3}","{1: 209, 0: 2}",0.03080165341233071,0.01593461509509121,0.03626514065860019,0.04112651756066997,0.08596045087432265,0.02530172336131431,0.10868750439972052,0.11200482303064294,,,,
5440,1,max_steps,3,0,0,1.1356843777538668,3000,,,0.5374856951891311,0.1,0.7817765474319458,9.73050308227539,-29.97627830505371,341.78851318359375,0.0,7.13568437775386,1548,-5.999999999999561,0.0,0.0,0.00037856145925128893,"{2: 284, 3: 16}","{4: 5, 3: 197, 2: 74, 1: 24}",{1: 300},{1: 300},{1: 300},{1: 300},0.005239075288465959,0.01269308653675745,0.007580922089501338,0.009102926637473368,0.013699870047169712,0.03436592929991663,0.019525233757130236,0.026134783175609168,,,,
5450,1,max_steps,3,0,0,11.673452794555665,3000,,,0.5348043053720215,0.1,0.7826067209243774,9.727563858032227,-28.499135971069336,351.78839111328125,0.0,17.67345279455575,1262,-5.999999999999561,0.0,0.0,0.003891150931518555,"{0: 156, 1: 114, 2: 30}","{1: 25, 0: 275}",{1: 300},"{1: 299, 0: 1}",{1: 300},"{1: 298, 0: 2}",0.02852981424586022,0.021898389146785414,0.04735000614615674,0.058237784914047463,0.059974916835463424,0.042279794447415565,0.090763600110029,0.11871331018899374,,,,
5460,1,max_steps,3,0,0,6.901587733375829,3000,,,0.5321362923785476,0.1,0.7843873500823975,9.733861923217773,-28.499135971069336,337.84136962890625,0.0,12.901587733375894,1509,-5.999999999999561,0.0,0.0,0.0023005292444586095,"{3: 227, 4: 73}","{5: 96, 4: 168, 3: 36}",{1: 300},{1: 300},{1: 300},{1: 300},0.01052937816605266,0.011346312423223464,0.014038335111877544,0.014811784870413751,0.028060455809559202,0.037841900007559444,0.03929947268658616,0.04310706190795284,0.028859754027645367,0.04432201205178178,0.03958336151055536,0.04259372601642892
5470,1,crash,3,0,1,-126.18002115554613,2196,,,0.5294815894748802,0.1,0.7832648158073425,9.714546203613281,-28.499135971069336,334.9757385253906,0.0,13.999348253283328,1042,-4.391999999999738,-55.78736940882938,-80.0,-0.05745902602711572,"{0: 30, 1: 79, 2: 15, 3: 39, 4: 56}","{3: 40, 2: 35, 1: 97, 0: 47}",{1: 219},"{1: 218, 2: 1}","{1: 214, 0: 5}","{1: 207, 2: 6, 0: 6}",0.027631149885216668,0.014929857083806836,0.036736243680840115,0.05109106949456189,0.11993560720631681,0.03171999493588663,0.1583044182462401,0.14074051614198543,,,,
5480,1,max_steps,3,0,0,15.979155104358075,3000,,,0.5268401302601091,0.1,0.7845197916030884,9.708638191223145,-28.499135971069336,334.9757385253906,0.0,21.979155104358117,1554,-5.999999999999561,0.0,0.0,0.005326385034786025,"{3: 69, 2: 211, 1: 20}","{6: 160, 5: 24, 4: 77, 3: 39}",{1: 300},"{1: 285, 2: 13, 0: 2}",{1: 300},"{1: 298, 2: 2}",0.022166564949093456,0.014323520479134445,0.032875599035892974,0.04474578998089081,0.07129605399711025,0.05471817009280631,0.09445947831172391,0.10401360214581498,0.03673451612730203,0.05705382548282916,0.0673800545507003,0.08665826154461487
5490,1,max_steps,3,1,0,511.3041245147502,3000,1818.0,1818.0,0.5242118486645829,0.1,0.7899256348609924,9.782586097717285,-28.499135971069336,371.1214904785156,500.0,25.466024827236392,2061,-5.9979999999995615,-8.163900312492666,0.0,0.1704347081715834,"{1: 33, 2: 97, 3: 51, 6: 119}","{6: 66, 5: 96, 4: 18, 3: 1, 0: 119}",{1: 300},"{1: 292, 2: 8}",{1: 300},"{1: 297, 2: 3}",0.016005119262354255,0.014929915967973108,0.02798669930425004,0.041540252247719386,0.05274449857749224,0.04541047687061829,0.07709353532647453,0.0857814236803085,0.04685204341488319,0.06304487336419734,0.06346638683251384,0.050229293123583055
5500,1,max_steps,3,0,0,20.133764063180795,3000,,,0.5215966789482561,0.1,0.7896878123283386,9.800397872924805,-28.499135971069336,379.78680419921875,0.0,26.133764063180816,1508,-5.999999999999561,0.0,0.0,0.006711254687726932,"{5: 139, 6: 92, 4: 69}","{2: 33, 1: 176, 0: 91}",{1: 300},"{1: 287, 2: 1, 0: 12}","{1: 298, 2: 2}","{1: 284, 2: 4, 0: 12}",0.03788508234913773,0.014902147598293832,0.05092931646046206,0.05694960130341732,0.09740028087464904,0.04080637873857677,0.13014721327055423,0.13381101543657734,,,,
5510,1,max_steps,3,0,0,4.253284370042732,3000,,,0.5189945556990452,0.1,0.789187490940094,9.789033889770508,-28.004858016967773,374.6868591308594,0.0,10.25328437004273,1223,-5.999999999999561,0.0,0.0,0.0014177614566809108,"{1: 27, 0: 273}","{1: 239, 2: 41, 0: 20}",{1: 300},"{1: 299, 0: 1}",{1: 300},"{1: 299, 0: 1}",0.01838668421193094,0.015534579592779034,0.026136100073214145,0.029360697304251813,0.05348790494850398,0.033271668893521664,0.07700135765830378,0.08732631159910312,,,,
5520,1,max_steps,3,0,0,22.542812025968818,3000,,,0.5164054138311914,0.1,0.78996342420578,9.803223609924316,-27.707483291625977,349.961669921875,0.0,28.54281202596884,1498,-5.999999999999561,0.0,0.0,0.007514270675322939,"{5: 131, 6: 154, 4: 15}","{2: 128, 1: 83, 0: 25, 3: 64}","{1: 290, 0: 10}","{1: 276, 0: 24}","{1: 289, 0: 11}","{1: 279, 0: 11, 2: 10}",0.04256151157727916,0.01935828946409407,0.05964949002220034,0.05658936214676907,0.09261365547933144,0.048395077602985316,0.11603796332661427,0.14076291224998455,,,,
5530,1,max_steps,3,0,0,1.365267731139293,3000,,,0.5138291885836338,0.1,0.7905949950218201,9.810771942138672,-27.707483291625977,363.96258544921875,0.0,7.365267731139261,1158,-5.999999999999561,0.0,0.0,0.00045508924371309766,"{1: 86, 0: 214}","{3: 224, 2: 76}",{1: 300},{1: 300},{1: 300},"{1: 296, 0: 4}",0.010928154861363785,0.016184096891345777,0.01623625587502491,0.022418446572735513,0.04871091820278017,0.0385113806774117,0.07715847279125929,0.08940113651347822,,,,
5540,1,max_steps,3,0,0,24.502917652499626,3000,,,0.5112658155183897,0.1,0.796271026134491,9.911666870117188,-27.650867462158203,367.8895263671875,0.0,30.502917652499622,1045,-5.999999999999561,0.0,0.0,0.008167639217499875,"{4: 124, 5: 65, 6: 111}","{3: 173, 4: 109, 5: 10, 2: 8}","{1: 288, 2: 12}","{1: 295, 2: 5}","{1: 276, 0: 16, 2: 8}","{1: 271, 0: 23, 2: 6}",0.033885181744332055,0.01543045019689002,0.04856080114069933,0.051528715026196964,0.12896955260705026,0.037246902675326925,0.169731764895618,0.1478353019677692,,,,
5550,1,max_steps,3,1,0,538.6331703323508,3000,518.0,518.0,0.5087152305189414,0.1,0.7962984442710876,9.90754508972168,-27.650867462158203,392.9211120605469,500.0,44.63117033234355,2203,-5.9979999999995615,0.0,0.0,0.1795443901107836,"{3: 51, 6: 31, 5: 77, 4: 141}","{0: 17, 1: 20, 2: 13, 3: 1, 6: 160, 5: 89}",{1: 300},"{1: 274, 0: 25, 2: 1}","{1: 294, 2: 6}","{1: 293, 0: 5, 2: 2}",0.03000928243697228,0.021074723866180402,0.04623621066173218,0.06033953338353516,0.08823177104017965,0.058130243719392904,0.11258768213346036,0.1239874415630831,0.017741998359602162,0.08647220474427286,0.02506265734858181,0.0439595579989908
5560,1,crash,3,1,1,353.95502154800795,2880,1836.0,1836.0,0.5061773697886347,0.1,0.7960138320922852,9.808002471923828,-27.650867462158203,392.9211120605469,500.0,36.21086741953461,2029,-5.757999999999588,-96.49784587152979,-80.0,0.12290104914861387,"{0: 31, 1: 36, 2: 21, 3: 95, 6: 105}","{5: 8, 4: 106, 3: 123, 2: 47, 1: 4}",{1: 288},"{1: 286, 2: 1, 0: 1}",{1: 288},{1: 288},0.021391865827727674,0.028492349464525536,0.0320661929669138,0.038045718839578774,0.077097809848992,0.04463099355375795,0.09848922103218757,0.10370753243309365,0.09017118430801503,0.04567887512336872,0.07014878906256121,0.1284012285792575
5570,1,max_steps,3,0,0,24.424755347668203,3000,,,0.5036521698490812,0.1,0.7969711422920227,9.815773963928223,-32.4163818359375,382.49432373046875,0.0,30.42475534766818,1526,-5.999999999999561,0.0,0.0,0.0081415851158894,{6: 300},"{5: 32, 4: 111, 3: 157}","{1: 293, 2: 7}","{1: 298, 2: 2}","{1: 282, 2: 14, 0: 4}","{1: 277, 0: 16, 2: 7}",0.023619144359689898,0.01806629310838552,0.037857971594577204,0.05444251465382874,0.10101035595697183,0.0368891400555735,0.15601090298930148,0.14347802197574136,,,,
5580,1,max_steps,3,0,0,24.14123872556605,3000,,,0.5011395675385708,0.1,0.7972911596298218,9.794471740722656,-32.06330871582031,382.49432373046875,0.0,30.141238725566122,1548,-5.999999999999561,0.0,0.0,0.008047079575188684,"{4: 126, 5: 156, 6: 18}","{3: 252, 2: 48}",{1: 300},"{1: 297, 2: 1, 0: 2}",{1: 300},"{1: 287, 2: 1, 0: 12}",0.03647739766428736,0.015567290792161799,0.051150250218049906,0.059590541696107134,0.0881291109486232,0.035921275298542256,0.12196561823831639,0.12262809639430097,,,,
5590,1,max_steps,3,0,0,7.527526912978069,3000,,,0.4986395000104932,0.1,0.7991500496864319,9.828573226928711,-31.205245971679688,382.49432373046875,0.0,13.527526912978082,1349,-5.999999999999561,0.0,0.0,0.0025091756376593565,"{3: 106, 4: 194}","{1: 263, 0: 37}",{1: 300},{1: 300},{1: 300},"{1: 293, 0: 3, 2: 4}",0.028920665970162435,0.010863743309108855,0.03919841969782669,0.04699751672894606,0.06596936875859769,0.027992170675370232,0.0968493259821245,0.10809789662232092,,,,
5600,1,max_steps,3,0,0,11.078682526904531,3000,,,0.4961519047317643,0.1,0.7996234893798828,9.834921836853027,-31.205245971679688,382.49432373046875,0.0,17.07868252690455,1180,-5.999999999999561,0.0,0.0,0.003692894175634844,"{1: 161, 0: 46, 2: 93}","{3: 143, 2: 55, 1: 94, 0: 8}",{1: 300},"{1: 299, 2: 1}","{1: 295, 0: 5}","{1: 296, 0: 4}",0.01596467399143879,0.011964204638162671,0.023676573742068215,0.03263858587700441,0.059156192148105614,0.03388190608790557,0.07663118453336788,0.10023997611484863,,,,
5610,1,crash,3,0,1,-101.08306299863717,2339,,,0.49367671948126346,0.1,0.8006686568260193,9.84017276763916,-31.205245971679688,382.49432373046875,0.0,2.2371858880190443,452,-4.677999999999707,-18.642248886656226,-80.0,-0.04321635869971662,{6: 233},"{1: 170, 0: 63}",{1: 233},{1: 233},{1: 233},{1: 233},0.01895572482695787,0.012014343237231573,0.024786655945641955,0.029159725644262217,0.09928168538395911,0.027033568842972415,0.12517652175263413,0.08157335280739367,,,,
5620,1,max_steps,3,1,0,522.0931602777266,3000,469.0,469.0,0.49121388234827645,0.1,0.8044403195381165,9.910548210144043,-31.205245971679688,382.49432373046875,500.0,28.091160277716508,1829,-5.9979999999995615,0.0,0.0,0.17403105342590888,"{1: 26, 2: 13, 3: 7, 4: 254}","{3: 256, 2: 41, 1: 3}","{1: 292, 0: 8}","{1: 293, 0: 7}","{1: 291, 0: 9}","{1: 295, 2: 5}",0.01069706474647935,0.016156669402217612,0.016533738013785423,0.0203301715813718,0.05318564760387223,0.041101260697741324,0.05120764692520895,0.08555261419052376,0.034536463636809615,0.026987510953275187,0.02177532157976369,0.048527596350883634
5630,1,max_steps,3,0,0,4.23471731814388,3000,,,0.4887633317309468,0.1,0.8036278486251831,9.891530990600586,-31.205245971679688,353.23968505859375,0.0,10.23471731814393,1094,-5.999999999999561,0.0,0.0,0.0014115724393812933,{6: 300},"{3: 111, 4: 180, 5: 9}","{1: 299, 0: 1}","{1: 285, 0: 12, 2: 3}","{1: 293, 0: 7}","{1: 294, 0: 6}",0.020725887659462747,0.019135528369107327,0.029004271513247894,0.03512074049301982,0.07749941239527894,0.0494549917882071,0.1158517523554379,0.11442607919747232,,,,
5640,1,max_steps,3,0,0,39.12634253728472,3000,,,0.4863250063347355,0.1,0.8003360033035278,9.824468612670898,-32.075897216796875,353.23968505859375,0.0,45.12634253728481,1661,-5.999999999999561,0.0,0.0,0.013042114179094908,"{5: 99, 6: 166, 4: 35}","{3: 267, 4: 33}","{1: 285, 0: 15}","{1: 297, 0: 2, 2: 1}","{1: 270, 0: 25, 2: 5}","{1: 245, 0: 33, 2: 22}",0.03947976085502246,0.013510844566864858,0.060980240867969555,0.07111787383766778,0.13183891034489503,0.04084259511194665,0.1793442405644659,0.1747815438529038,,,,
5650,1,crash,3,2,1,930.5569215779902,1681,596.0,596.0,0.48389884517088744,0.1,0.7989293336868286,9.747100830078125,-32.075897216796875,353.23968505859375,1000.0,25.2300297137403,1315,-3.3579999999998518,-11.315108135752613,-80.0,0.5535734215217074,"{2: 80, 3: 65, 4: 17, 5: 6}","{2: 42, 3: 48, 1: 29, 5: 49}","{1: 150, 0: 18}","{1: 160, 0: 8}","{1: 147, 0: 21}","{1: 155, 2: 11, 0: 2}",0.039218270604207704,0.016858379129405073,0.057477790178676894,0.056029146189560355,0.1511944711390856,0.055316417949453384,0.19167225567024715,0.14523632225460087,0.17003691359681783,0.02258218468153565,0.20870953581311147,0.07043396458958377
5660,1,max_steps,3,0,0,9.891924772768533,3000,,,0.481484787554906,0.1,0.7993571162223816,9.766522407531738,-29.878036499023438,368.05859375,0.0,15.8919247727686,1484,-5.999999999999561,0.0,0.0,0.003297308257589511,"{3: 49, 4: 79, 5: 147, 6: 25}","{1: 62, 0: 13, 2: 33, 3: 192}",{1: 300},"{1: 287, 0: 13}",{1: 300},{1: 300},0.025178333536423698,0.014588930509223635,0.03531357452710039,0.035911688977587904,0.06333476844215415,0.049652563767468676,0.08453220917064042,0.08572524187303039,,,,
5670,1,max_steps,3,1,0,525.8885905022147,3000,2056.0,2056.0,0.47908277310503555,0.1,0.8020513653755188,9.815106391906738,-29.420425415039062,386.77471923828125,500.0,31.88659050221247,2050,-5.9979999999995615,0.0,0.0,0.17529619683407158,"{1: 26, 2: 165, 3: 14, 6: 95}","{3: 211, 2: 6, 4: 26, 5: 57}",{1: 300},"{1: 297, 0: 3}",{1: 300},"{1: 298, 2: 1, 0: 1}",0.017525142444468282,0.009122641586882245,0.021486765611167444,0.02578169362878951,0.07279150871130573,0.03549061477879283,0.10023678411905475,0.09335361527703437,0.02410230925424036,0.03261981032634303,0.024413532679934152,0.0332364244557837
5680,1,max_steps,3,0,0,17.445551566824573,3000,,,0.47669274174075077,0.1,0.8028680682182312,9.815540313720703,-32.79450607299805,386.77471923828125,0.0,23.44555156682464,1610,-5.999999999999561,0.0,0.0,0.005815183855608191,"{5: 81, 6: 22, 4: 197}","{3: 192, 2: 77, 1: 18, 4: 13}",{1: 300},"{1: 282, 0: 18}",{1: 300},{1: 300},0.013629238613305516,0.02730985614359055,0.018043923363704202,0.02108478529268589,0.055379044503649506,0.05751686721524824,0.08008534764596455,0.07537006056292067,0.041839127341292914,0.05947072728721866,0.09597745744139073,0.04642955847854214
5690,1,max_steps,3,0,0,8.31295128264121,3000,,,0.47431463368125365,0.1,0.8028244376182556,9.750680923461914,-32.79450607299805,361.70147705078125,0.0,14.31295128264131,1113,-5.999999999999561,0.0,0.0,0.0027709837608804033,"{4: 258, 3: 21, 5: 21}","{2: 130, 1: 26, 3: 144}",{1: 300},"{1: 293, 0: 7}",{1: 300},{1: 300},0.02440112794815638,0.012465589301250635,0.03245426082334185,0.030940895168875028,0.05310171252560294,0.041001791396830106,0.06799378888679604,0.08419001298042862,0.06235341706119663,0.06168859241632276,0.09080880308097451,0.07979640586248227
5700,1,max_steps,3,0,0,5.098706456558136,3000,,,0.4719483894439787,0.1,0.8048927187919617,9.704059600830078,-32.79450607299805,341.0986022949219,0.0,16.589620464074283,1460,-5.999999999999561,-5.4909140075161424,0.0,0.001699568818852712,"{4: 26, 5: 68, 6: 206}","{6: 51, 5: 55, 4: 106, 3: 88}",{1: 300},{1: 300},"{1: 294, 0: 6}","{1: 287, 0: 13}",0.014056869519987109,0.015041251299635013,0.019074164082890907,0.024800629735847915,0.06111276975951921,0.035601041823282026,0.07929462419386846,0.08192280671387332,,,,
5710,1,max_steps,3,1,0,513.4432025951052,3000,2782.0,2782.0,0.46959394984310504,0.1,0.8071469068527222,9.736790657043457,-35.85921096801758,339.4093933105469,500.0,19.44120259510489,1881,-5.9979999999995615,0.0,0.0,0.1711477341983684,"{2: 139, 3: 161}","{3: 145, 2: 65, 1: 68, 6: 22}",{1: 300},"{1: 285, 0: 12, 2: 3}",{1: 300},{1: 300},0.01174690729841539,0.01498164054749432,0.015211865889943702,0.01243793498995513,0.021088244372825863,0.048171238750898,0.026704630931303482,0.039427415850472734,0.05747818831119366,0.02320239211688551,0.07304850996355228,0.054823240766148376
5720,1,max_steps,3,0,0,9.999077351169252,3000,,,0.467251255988076,0.1,0.8089913725852966,9.731863975524902,-35.85921096801758,339.4093933105469,0.0,15.999077351169296,1822,-5.999999999999561,0.0,0.0,0.0033330257837230837,"{4: 278, 3: 22}","{5: 64, 6: 20, 4: 61, 3: 155}",{1: 300},"{1: 292, 2: 4, 0: 4}",{1: 300},{1: 300},0.012819691036332587,0.014610634197485666,0.01807873587258755,0.018738366342316248,0.027680931058303514,0.04505058453626957,0.037240872951362754,0.0483821925882634,0.019844775889890455,0.052724265043775705,0.02781074619379738,0.03517504627447164
5730,1,crash,3,0,1,-91.14137361545158,2449,,,0.4649202492821259,0.1,0.8106308579444885,9.753803253173828,-35.85921096801758,339.4093933105469,0.0,11.651822205429733,787,-4.897999999999683,-17.89519582088129,-80.0,-0.037215750761719714,{6: 244},"{3: 31, 2: 140, 1: 73}","{1: 243, 0: 1}",{1: 244},"{1: 231, 0: 13}","{1: 222, 0: 14, 2: 8}",0.04494509650512066,0.011617578499189818,0.06301416431860575,0.0851736502891075,0.11383636875825258,0.02661499325243106,0.15382187172913667,0.1485237282797848,,,,
5740,1,max_steps,3,0,0,38.1342142340312,3000,,,0.4626008714208147,0.1,0.8095461130142212,9.73090648651123,-40.36306381225586,339.4093933105469,0.0,44.13421423403117,1951,-5.999999999999561,0.0,0.0,0.012711404744677066,"{5: 81, 4: 136, 6: 77, 3: 6}","{3: 281, 2: 19}","{1: 297, 0: 2, 2: 1}",{1: 300},"{1: 283, 0: 17}","{1: 249, 0: 28, 2: 23}",0.031377830080489624,0.012890730568605974,0.04715828753066395,0.05464135882911782,0.1310610078012169,0.029591018525223618,0.16345047469708407,0.17501696861493513,0.03686130735637463,0.013939813025600663,0.018881309203567533,0.035355410081036785
5750,1,max_steps,3,0,0,12.513105012448948,3000,,,0.46029306439056933,0.1,0.8090968132019043,9.711544036865234,-40.36306381225586,339.4093933105469,0.0,18.51310501244891,1217,-5.999999999999561,0.0,0.0,0.004171035004149649,"{1: 23, 0: 277}","{6: 45, 5: 182, 4: 73}",{1: 300},"{1: 299, 2: 1}",{1: 300},"{1: 295, 0: 4, 2: 1}",0.031064969224687405,0.01483332448064675,0.04982259863730952,0.06393070299113221,0.07203568900912591,0.035188787758139384,0.09991132242146575,0.12892297485319285,,,,
5760,1,max_steps,3,0,0,21.584505780346504,3000,,,0.45799677046723286,0.1,0.8078281879425049,9.654533386230469,-40.36306381225586,339.4093933105469,0.0,27.58450578034655,1641,-5.999999999999561,0.0,0.0,0.007194835260115501,"{5: 202, 6: 49, 4: 49}","{0: 62, 1: 149, 2: 89}",{1: 300},"{1: 285, 0: 15}","{1: 298, 2: 2}","{1: 292, 0: 5, 2: 3}",0.03164010886702483,0.020433809916342166,0.04437293355012918,0.04978743997146001,0.09553086685601488,0.04926863224836549,0.11560842325803186,0.12818514985681798,,,,
5770,1,crash,3,0,1,-67.3925724112602,2677,,,0.45571193221462075,0.1,0.8086509704589844,9.692764282226562,-36.07524490356445,339.4093933105469,0.0,27.240667091051897,1176,-5.353999999999632,-9.279239502311976,-80.0,-0.025174662835734107,"{6: 224, 5: 43}","{1: 30, 2: 165, 3: 72}","{1: 246, 0: 21}","{1: 265, 0: 1, 2: 1}","{1: 215, 0: 43, 2: 9}","{1: 186, 0: 39, 2: 42}",0.05709448804750641,0.01105967471764723,0.08873709863657261,0.10923810790664049,0.14292288893521987,0.04303744239700722,0.20769470612496052,0.24495565505306047,,,,
5780,1,max_steps,3,0,0,5.633977553791139,3000,,,0.453438492483084,0.1,0.8088245391845703,9.705388069152832,-33.6501579284668,339.4093933105469,0.0,11.633977553791174,1347,-5.999999999999561,0.0,0.0,0.0018779925179303796,{6: 300},"{5: 68, 4: 56, 3: 176}",{1: 300},"{1: 299, 2: 1}",{1: 300},"{1: 291, 2: 5, 0: 4}",0.012445426522863064,0.013582180605226112,0.02031758844365969,0.020791964971794603,0.05950632638957312,0.03889089455266387,0.06918921984340401,0.08568284211666917,,,,
5790,1,crash,3,0,1,-138.61041212205595,2883,,,0.4511763944080798,0.1,0.8086024522781372,9.684017181396484,-32.710845947265625,339.4093933105469,0.0,10.336408617344286,1439,-5.765999999999587,-63.18082073940029,-80.0,-0.048078533514414136,"{3: 24, 4: 132, 5: 115, 6: 17}","{5: 24, 4: 90, 3: 124, 2: 39, 1: 11}","{1: 286, 0: 2}","{1: 284, 2: 4}","{1: 280, 0: 8}","{1: 278, 0: 7, 2: 3}",0.020443947773312335,0.016954061392831704,0.027673538599019325,0.03540160978229881,0.07388182787260233,0.041308753714170726,0.08973919022526236,0.110487240366472,,,,
5800,1,max_steps,3,0,0,16.83949844973267,3000,,,0.4489255814087489,0.1,0.8097646236419678,9.680445671081543,-32.710845947265625,339.4093933105469,0.0,22.839498449732734,1715,-5.999999999999561,0.0,0.0,0.00561316614991089,"{3: 86, 4: 33, 2: 128, 1: 53}","{0: 66, 1: 133, 2: 101}",{1: 300},"{1: 283, 0: 17}",{1: 300},"{1: 298, 0: 2}",0.01991615427947742,0.021248421783140767,0.031693682873919896,0.0341493185450004,0.054809098478617486,0.05563057085101544,0.06906919673872328,0.08816549984989167,,,,
5810,1,max_steps,3,1,0,497.2371454242419,3000,1625.0,1625.0,0.44668599718650115,0.1,0.8104053139686584,9.709020614624023,-32.710845947265625,351.8735046386719,500.0,25.758592849083865,1689,-5.9979999999995615,-22.523447424848165,0.0,0.16574571514141395,"{1: 33, 2: 100, 3: 29, 6: 138}","{3: 111, 2: 41, 1: 10, 4: 105, 5: 33}","{1: 292, 0: 8}","{1: 283, 0: 17}","{1: 289, 0: 11}","{1: 284, 0: 9, 2: 7}",0.026529638066376305,0.017037385543795906,0.03986471965273633,0.040601610228310096,0.07287083099212946,0.04542766075152907,0.09574863784150241,0.11403663893407992,0.00996268064771601,0.11129041002823645,0.018372404830533016,0.02416103185025814
5820,1,max_steps,3,0,0,52.75668073265149,3000,,,0.44445758572360644,0.1,0.8109461069107056,9.720742225646973,-32.710845947265625,349.4406433105469,0.0,58.756680732651525,1593,-5.999999999999561,0.0,0.0,0.017585560244217164,"{5: 152, 6: 148}","{5: 13, 4: 20, 3: 248, 2: 19}","{1: 256, 0: 29, 2: 15}","{1: 295, 0: 3, 2: 2}","{1: 228, 0: 42, 2: 30}","{1: 206, 0: 51, 2: 43}",0.06848582922705268,0.019365432972213336,0.09668744052386893,0.0744638946693605,0.15585798235798776,0.050010830154638065,0.2127131632780967,0.27184275245621004,,,,
5830,1,max_steps,3,1,0,525.0061069014638,3000,2660.0,2660.0,0.44224029128179426,0.1,0.8150255680084229,9.793598175048828,-32.710845947265625,345.336669921875,500.0,31.004106901462034,1801,-5.9979999999995615,0.0,0.0,0.17500203563382127,"{1: 124, 0: 123, 2: 16, 3: 2, 6: 35}","{1: 109, 0: 110, 2: 17, 3: 53, 4: 11}",{1: 300},"{1: 299, 0: 1}","{1: 296, 0: 4}","{1: 297, 2: 2, 0: 1}",0.023676405297683698,0.016698345086388625,0.038130699040991985,0.05596460855996735,0.08193516473199403,0.04798782878755597,0.10406536270403312,0.12392517679647058,0.1407803524299404,0.020577097139506208,0.12102765969220974,0.07795384708790412
5840,1,max_steps,3,0,0,9.739368182195943,3000,,,0.44003405840085913,0.1,0.8146411180496216,9.788089752197266,-32.710845947265625,357.2757263183594,0.0,15.739368182195946,1387,-5.999999999999561,0.0,0.0,0.003246456060731981,{0: 300},"{3: 215, 2: 63, 1: 22}",{1: 300},"{1: 299, 0: 1}",{1: 300},"{1: 296, 0: 3, 2: 1}",0.01537814273398438,0.012547540240994106,0.024389576587633514,0.030809108072294776,0.0710694698946197,0.03228815579051646,0.09512023000168819,0.11221132413080516,,,,
5850,1,max_steps,3,0,0,30.424888602860754,3000,,,0.4378388318972732,0.1,0.818005383014679,9.824585914611816,-32.710845947265625,352.53131103515625,0.0,36.42488860286083,1812,-5.999999999999561,0.0,0.0,0.010141629534286918,"{5: 161, 4: 122, 3: 17}","{5: 32, 4: 88, 3: 180}",{1: 300},{1: 300},{1: 300},"{1: 290, 2: 6, 0: 4}",0.04037590633483912,0.016533681379666564,0.06116674536759112,0.06406038570672232,0.09631751821443206,0.029501357777926833,0.12841045863043646,0.12805260900425783,0.07242652667820537,0.030877108547690796,0.11775808075682838,0.09782684359191454
5860,1,max_steps,3,0,0,24.005651105885217,3000,,,0.43565455686280674,0.1,0.8202024102210999,9.886215209960938,-32.404457092285156,376.4050598144531,0.0,30.005651105885217,1640,-5.999999999999561,0.0,0.0,0.008001883701961738,"{3: 29, 2: 37, 1: 70, 0: 164}","{4: 67, 5: 26, 3: 207}","{1: 299, 2: 1}","{1: 299, 2: 1}","{1: 295, 2: 5}","{1: 294, 0: 6}",0.0351067360387233,0.014308207607423315,0.04369560585800754,0.044958295025072745,0.09807592861781439,0.03676362195671717,0.1294335368141692,0.12911513914661188,,,,
5870,1,max_steps,3,1,0,533.7915381904317,3000,319.0,319.0,0.43348117866315383,0.1,0.8213439583778381,9.92678165435791,-32.16982650756836,376.4050598144531,500.0,39.789538190418895,1421,-5.9979999999995615,0.0,0.0,0.17793051273014387,"{3: 31, 4: 125, 5: 91, 6: 53}","{5: 11, 4: 15, 3: 97, 0: 11, 1: 52, 2: 114}","{1: 287, 2: 6, 0: 7}","{1: 268, 2: 16, 0: 16}","{1: 268, 2: 17, 0: 15}","{1: 259, 2: 14, 0: 27}",0.032001863168028694,0.03181120440862225,0.05044386003701652,0.06478013792753504,0.1332014333602131,0.060230387108290526,0.18253740794134174,0.15291152537557523,0.04702549651400591,0.06215321196900833,0.15115757152406453,0.14965472272737892
5880,1,max_steps,3,0,0,16.228645509374626,3000,,,0.43131864293656663,0.1,0.8222662210464478,9.899883270263672,-32.16982650756836,342.04669189453125,0.0,22.228645509374708,1414,-5.999999999999561,0.0,0.0,0.005409548503124875,"{0: 272, 1: 28}","{2: 212, 1: 88}",{1: 300},{1: 300},{1: 300},"{1: 293, 0: 7}",0.029373510945354588,0.014232310295277287,0.04305392921255048,0.043534302873377104,0.0686549554271167,0.0380347268512129,0.09445050493982196,0.11762509310519118,,,,
5890,1,crash,3,1,1,324.33028562049094,2899,1324.0,1324.0,0.4291668955924951,0.1,0.8226576447486877,9.91922378540039,-32.16982650756836,340.6112365722656,500.0,16.55009141919892,1478,-5.795999999999584,-106.4238057987131,-80.0,0.11187660766488132,"{3: 172, 2: 94, 1: 23}","{5: 117, 4: 13, 3: 2, 0: 157}",{1: 289},"{1: 271, 2: 18}","{1: 273, 2: 7, 0: 9}","{1: 261, 0: 15, 2: 13}",0.012905576247900261,0.01688569287126912,0.01568420209827432,0.01724223483933572,0.11039496388510267,0.046412369415355655,0.14311390484407746,0.14940264865910138,0.010703001191557789,0.11338456267612834,0.006440919984729578,0.010325001779223906
5900,1,max_steps,3,0,0,4.023162896333307,3000,,,0.42702588281023424,0.1,0.8211467862129211,9.868876457214355,-31.517724990844727,339.0325012207031,0.0,10.023162896333194,1417,-5.999999999999561,0.0,0.0,0.0013410542987777692,{0: 300},"{4: 38, 3: 240, 2: 22}",{1: 300},{1: 300},"{1: 298, 2: 2}","{1: 294, 0: 6}",0.012428979346803322,0.012260953427298604,0.019025605160905797,0.027352865525557563,0.057263983152525594,0.02537535215006884,0.0920017727979512,0.11499515889609727,,,,
5910,1,max_steps,3,0,0,11.879847702395095,3000,,,0.424895551037578,0.1,0.8206577897071838,9.887518882751465,-35.27644348144531,342.8117370605469,0.0,17.87984770239523,1401,-5.999999999999561,0.0,0.0,0.003959949234131698,{2: 300},"{0: 24, 1: 14, 2: 61, 3: 201}",{1: 300},"{1: 275, 0: 25}",{1: 300},{1: 300},0.004747052309458927,0.014003250670683219,0.007285492340493431,0.011922038487452918,0.02011354750769946,0.055843308620018704,0.029008091509851043,0.032147776197049324,0.020766607685629927,0.04458009263433536,0.030841760905889463,0.04264557414914375
5920,1,crash,3,0,1,-131.68645329910063,2082,,,0.42277584698947956,0.1,0.818200945854187,9.82454776763916,-35.27644348144531,340.61126708984375,0.0,1.7972863651260829,459,-4.1639999999997634,-49.319739664226745,-80.0,-0.0632499775692126,{6: 208},"{2: 152, 1: 56}",{1: 208},"{1: 202, 0: 6}","{1: 197, 0: 11}","{1: 196, 2: 3, 0: 9}",0.023765136463585378,0.014237015083762572,0.03138051281494361,0.04313087444999926,0.09488012769790867,0.03771363029998938,0.13318834055231366,0.12532767181802765,,,,
5930,1,max_steps,3,0,0,-66.34892700006343,3000,,,0.42066671764671887,0.1,0.8176056742668152,9.79401969909668,-35.27644348144531,340.61126708984375,0.0,19.605473508289954,1900,-5.999999999999561,-79.9544005083534,0.0,-0.022116309000021143,"{3: 213, 4: 13, 2: 74}","{0: 55, 1: 78, 2: 97, 3: 64, 4: 6}",{1: 300},"{1: 287, 0: 13}",{1: 300},{1: 300},0.010709941171213093,0.023007920833234906,0.018001061507216504,0.027523520807313226,0.056989488524730826,0.05054405266138458,0.07887057030816018,0.07353327432341604,0.0171718413177498,0.05698632876537721,0.043202616751650116,0.04805352526702976
5940,1,max_steps,3,0,0,17.918318597925857,3000,,,0.4185681102545762,0.1,0.8168278336524963,9.753442764282227,-35.27644348144531,337.2337341308594,0.0,23.918318597925932,1529,-5.999999999999561,0.0,0.0,0.005972772865975286,"{2: 168, 1: 67, 3: 65}","{4: 16, 3: 222, 2: 62}",{1: 300},"{1: 295, 2: 5}",{1: 300},"{1: 298, 0: 2}",0.025525520120353064,0.013275899544802162,0.037716775512081274,0.04024741830895901,0.06615654003451747,0.04151522134164406,0.08322708306118726,0.08918044190031986,0.04823187461521031,0.060266187505544425,0.027991439475416914,0.055214129971451524
5950,1,max_steps,3,0,0,1.3820677260885326,3000,,,0.4164799723215126,0.1,0.8203988075256348,9.825654983520508,-33.74680709838867,346.36102294921875,0.0,7.382067726088547,1071,-5.999999999999561,0.0,0.0,0.0004606892420295109,{0: 300},"{2: 40, 1: 254, 0: 6}",{1: 300},"{1: 299, 2: 1}",{1: 300},"{1: 299, 2: 1}",0.020356451216822113,0.013104909924732953,0.027008011957961674,0.027348371764872797,0.045978176253684264,0.03274959187913522,0.0562383414582709,0.07247971789073031,,,,
5960,1,max_steps,3,1,0,548.9350595995775,3000,1481.0,1481.0,0.41440225161785726,0.1,0.8202246427536011,9.832436561584473,-36.20553970336914,346.2289123535156,500.0,54.93305959957122,2310,-5.9979999999995615,0.0,0.0,0.18297835319985917,"{0: 79, 1: 39, 2: 15, 3: 26, 6: 69, 5: 40, 4: 32}","{3: 119, 2: 39, 4: 65, 5: 44, 6: 33}",{1: 300},"{1: 287, 2: 2, 0: 11}","{1: 295, 2: 5}",{1: 300},0.029075611887110997,0.019370857790092094,0.046590537539682994,0.043771632716713735,0.12068802361707248,0.05284353014927314,0.14078623238867147,0.1130887815408732,0.03205903365094173,0.07564209845394668,0.05799275035856215,0.05035895606302128
5970,1,max_steps,3,0,0,6.006586563550125,3000,,,0.4123348961745009,0.1,0.8231983184814453,9.866341590881348,-36.20553970336914,356.9653625488281,0.0,12.006586563550147,1081,-5.999999999999561,0.0,0.0,0.002002195521183375,"{2: 155, 1: 145}","{1: 85, 0: 215}",{1: 300},"{1: 291, 2: 5, 0: 4}",{1: 300},{1: 300},0.027991673712376413,0.023181973232047265,0.03690632299435147,0.04858399135448559,0.06055962431008943,0.05354497276572614,0.08822403848821324,0.10286372335638384,,,,
5980,1,crash,3,0,1,-205.47887794284242,2152,,,0.4102778542815958,0.1,0.826764702796936,9.933533668518066,-36.20553970336914,355.7661437988281,0.0,0.15741693058056172,73,-4.303999999999748,-121.33229487342308,-80.0,-0.09548274997343978,{2: 215},{0: 215},{1: 215},{1: 215},{1: 215},{1: 215},0.015489939992350814,0.020497989162524037,0.020012220109861943,0.029263614867785153,0.0440801052254093,0.04454723717944192,0.06050449692646662,0.06324776682352397,,,,
5990,1,crash,3,0,1,-117.55474537788515,1257,,,0.40823107448726254,0.1,0.8279883861541748,9.965799331665039,-36.20553970336914,366.512939453125,0.0,18.6715457089375,865,-2.5139999999999447,-53.712291086822646,-80.0,-0.0935200838328442,"{0: 30, 1: 12, 2: 28, 3: 20, 4: 35}","{1: 62, 0: 63}",{1: 125},"{1: 124, 2: 1}","{1: 116, 0: 9}","{1: 102, 2: 9, 0: 14}",0.062101525093719565,0.016653601332406245,0.08650375465252952,0.08771441511802468,0.12338809987206868,0.04176950399314083,0.16479070765192944,0.17475177405050157,,,,
6000,1,max_steps,3,1,0,512.7841967910044,3000,1079.0,1079.0,0.4061945055963032,0.1,0.8315276503562927,10.02384090423584,-36.20553970336914,368.0901794433594,500.0,22.825424640967892,1453,-5.9979999999995615,-4.043227849975929,0.0,0.17092806559700147,"{5: 16, 4: 20, 3: 264}","{5: 65, 6: 26, 4: 16, 0: 193}",{1: 300},"{1: 289, 2: 11}",{1: 300},"{1: 295, 0: 5}",0.014466663306157746,0.015881074302786118,0.028592316786128356,0.0391941383845591,0.060698370549938256,0.03882513702999793,0.09981377165422092,0.11854490727802384,0.04011998739255819,0.09234296196215362,0.04541682498585801,0.03225491336247332
6010,1,crash,3,0,1,-90.76409637009033,2786,,,0.4041680966689205,0.1,0.8330444693565369,10.048794746398926,-36.20553970336914,368.0901794433594,0.0,18.49775608822659,1072,-5.571999999999608,-23.68985245831688,-80.0,-0.03257864191316954,"{5: 115, 4: 113, 6: 50}","{5: 92, 6: 70, 4: 16, 3: 41, 2: 51, 1: 8}",{1: 278},"{1: 233, 0: 3, 2: 42}",{1: 278},"{1: 276, 0: 2}",0.03045013751188911,0.02484141793191906,0.04174026739658536,0.060819849434669976,0.07969956472292028,0.06198143512470774,0.10731299816208346,0.12023303491727949,,,,
6020,1,max_steps,3,0,0,20.977312772224646,3000,,,0.4021517970194437,0.1,0.8344897627830505,10.074723243713379,-36.20553970336914,372.26611328125,0.0,26.977312772224614,1413,-5.999999999999561,0.0,0.0,0.006992437590741549,"{2: 116, 1: 109, 0: 75}","{4: 52, 3: 233, 2: 15}",{1: 300},{1: 300},"{1: 293, 0: 7}","{1: 286, 2: 10, 0: 4}",0.030038727300716724,0.022608688806586508,0.040328675527213746,0.05065561439421162,0.08451314719378315,0.04768397733443696,0.10681737043127915,0.13559578314160683,,,,
6030,1,max_steps,3,0,0,24.37811251106265,3000,,,0.4001455562150612,0.1,0.8358666300773621,10.11186695098877,-36.20553970336914,375.3293762207031,0.0,30.37811251106273,1885,-5.999999999999561,0.0,0.0,0.00812603750368755,"{6: 23, 5: 9, 4: 268}","{3: 269, 2: 31}","{1: 288, 2: 12}","{1: 293, 2: 7}","{1: 287, 2: 13}","{1: 288, 0: 12}",0.012832650181092264,0.013001211966673705,0.01805476440820212,0.024543289653516587,0.07757953326664845,0.037689111539402985,0.11372549534092756,0.12332592524415438,,,,
6040,1,max_steps,3,1,0,515.7773242612196,3000,1692.0,1692.0,0.3981493240745589,0.1,0.8380187153816223,10.136141777038574,-36.20553970336914,376.6458435058594,500.0,21.775324261212354,1787,-5.9979999999995615,0.0,0.0,0.17192577475373988,"{4: 124, 5: 12, 3: 33, 0: 131}","{2: 207, 3: 37, 1: 56}",{1: 300},"{1: 283, 0: 17}",{1: 300},"{1: 299, 0: 1}",0.016812508819582375,0.01951662774487433,0.022960015687898377,0.0345758273596846,0.051426283376863835,0.0508392535166209,0.07839175767998366,0.10216080833766689,0.009688900159857862,0.09195809935249337,0.016690728460501424,0.011576251955951428
6050,1,max_steps,3,0,0,27.36266938084785,3000,,,0.39616305066706486,0.1,0.8380680084228516,10.070756912231445,-36.20553970336914,341.6466064453125,0.0,33.36266938084788,1955,-5.999999999999561,0.0,0.0,0.00912088979361595,"{5: 78, 4: 189, 6: 13, 3: 20}","{4: 92, 5: 54, 3: 146, 2: 8}","{1: 294, 2: 6}","{1: 288, 2: 12}","{1: 291, 2: 9}","{1: 284, 0: 16}",0.03019766653761487,0.01551582903323396,0.04079622727902336,0.04646770942697047,0.09751585120971473,0.04445276616304969,0.13081644329663977,0.13119153460766647,0.09683542766866392,0.06768908064044868,0.13066407142001735,0.11044186268768093
6060,1,max_steps,3,1,0,487.7471159799746,3000,1862.0,1862.0,0.3941866863108005,0.1,0.8407403230667114,10.1249418258667,-36.20553970336914,349.0442199707031,500.0,18.333078822028547,1708,-5.9979999999995615,-24.587962842060605,0.0,0.16258237199332487,"{4: 110, 3: 76, 0: 114}","{1: 33, 2: 38, 3: 46, 4: 69, 6: 48, 5: 66}",{1: 300},"{1: 268, 0: 30, 2: 2}",{1: 300},"{1: 299, 2: 1}",0.016442881380346046,0.02138154241201211,0.02253007011879301,0.02128958853586111,0.04619931038784543,0.060485246311147,0.06100749572973885,0.09205909163770212,0.024600909235655447,0.06203429085149485,0.035793226002883316,0.04017828975537321
6070,1,max_steps,3,0,0,-0.3861578352991434,3000,,,0.3922201815718381,0.1,0.8442258834838867,10.161506652832031,-36.20553970336914,343.7331237792969,0.0,14.891495349174564,817,-5.999999999999561,-9.277653184473621,0.0,-0.0001287192784330478,{6: 300},"{3: 33, 4: 137, 5: 130}",{1: 300},"{1: 283, 0: 13, 2: 4}","{1: 293, 0: 7}","{1: 294, 0: 6}",0.02963716852822184,0.011450149250804127,0.035027602993563806,0.04807321167573921,0.11258196360773201,0.05144329376504604,0.14811303773362242,0.13247517799608147,,,,
6080,1,max_steps,3,0,0,31.03336879909709,3000,,,0.39026348726286386,0.1,0.8414158225059509,10.095149040222168,-37.14201354980469,343.7331237792969,0.0,37.03336879909714,1503,-5.999999999999561,0.0,0.0,0.010344456266365697,"{4: 64, 5: 143, 6: 93}","{1: 31, 2: 74, 3: 153, 4: 42}","{1: 298, 2: 2}","{1: 262, 0: 34, 2: 4}","{1: 277, 0: 15, 2: 8}","{1: 266, 0: 19, 2: 15}",0.04389875178059613,0.02902669930926577,0.057424847928577195,0.05587182468328672,0.12132640049240385,0.06285755184558535,0.16486554129114495,0.15539720648529007,,,,
6090,1,max_steps,3,1,0,529.3260479125665,3000,2623.0,2623.0,0.38831655444194835,0.1,0.8445284962654114,10.118306159973145,-37.14201354980469,356.4725341796875,500.0,35.32404791256494,1587,-5.9979999999995615,0.0,0.0,0.17644201597085551,"{1: 156, 2: 67, 3: 77}","{0: 227, 1: 16, 2: 16, 3: 3, 6: 38}",{1: 300},"{1: 270, 0: 30}",{1: 300},"{1: 299, 2: 1}",0.030732737173602233,0.02570128052667619,0.048015326292703206,0.05388931378355362,0.07674915357516833,0.059919584269151394,0.10454590290444771,0.1031734284547178,0.03673575679322757,0.10975064329184055,0.027623913184334083,0.04471738652242827
6100,1,max_steps,3,0,0,30.428148733547953,3000,,,0.3863793344113216,0.1,0.8491127490997314,10.189425468444824,-36.39503479003906,347.36724853515625,0.0,36.42814873354801,1480,-5.999999999999561,0.0,0.0,0.010142716244515985,"{6: 265, 5: 22, 4: 13}","{1: 25, 2: 158, 3: 117}","{1: 294, 2: 6}","{1: 270, 0: 27, 2: 3}","{1: 276, 2: 8, 0: 16}","{1: 264, 0: 30, 2: 6}",0.04359694438810489,0.016746928725117384,0.06271193951299064,0.0710620046238182,0.11947057080715826,0.05996890138185116,0.16975530545727743,0.16111152457008962,,,,
6110,1,max_steps,3,1,0,532.781764798083,3000,1984.0,1984.0,0.3844517787161555,0.1,0.8528476357460022,10.23847770690918,-36.20553970336914,349.9404296875,500.0,38.779764798078354,1639,-5.9979999999995615,0.0,0.0,0.17759392159936102,"{2: 97, 1: 36, 0: 57, 3: 8, 6: 102}","{5: 48, 4: 81, 3: 69, 1: 76, 0: 26}","{1: 292, 0: 8}",{1: 300},"{1: 290, 2: 2, 0: 8}","{1: 287, 0: 11, 2: 2}",0.037275947957859365,0.014703672131751437,0.04296340507136249,0.046624410344539874,0.11845206496311562,0.0412874535614843,0.1367788320946614,0.11528996723400968,0.05496793659121798,0.05009315125847975,0.031605134173024345,0.02221706979320391
6120,1,max_steps,3,1,0,511.12107975740014,3000,540.0,540.0,0.3825338391433517,0.1,0.8548651933670044,10.276121139526367,-36.20553970336914,349.8337097167969,500.0,37.29318324001662,1772,-5.9979999999995615,-20.1741034826263,0.0,0.1703736932524667,"{3: 53, 5: 82, 6: 154, 4: 11}","{2: 50, 3: 119, 6: 55, 5: 42, 4: 34}","{1: 298, 0: 2}","{1: 292, 2: 7, 0: 1}","{1: 286, 2: 5, 0: 9}","{1: 269, 2: 4, 0: 27}",0.03138539992677501,0.026124191425601573,0.04521696853576353,0.05163372338900188,0.1208290150423382,0.04734346203050054,0.1516965939686705,0.15080435966766867,0.021241596010648543,0.03554559204640826,0.02764348094236267,0.012400968480582357
6130,1,max_steps,3,1,0,540.0912972015526,3000,1712.0,1712.0,0.38062546772033573,0.1,0.8570032119750977,10.29077434539795,-36.20553970336914,347.36724853515625,500.0,46.08929720154698,1981,-5.9979999999995615,0.0,0.0,0.18003043240051753,"{5: 90, 4: 16, 3: 65, 0: 108, 1: 12, 2: 9}","{5: 18, 4: 117, 3: 138, 2: 27}","{1: 293, 0: 7}",{1: 300},"{1: 291, 0: 9}","{1: 290, 2: 10}",0.02835056584386523,0.013095366375569965,0.03338228114595349,0.03408711694364254,0.11958776207229627,0.031184875644601425,0.13648754358868154,0.12531484707986768,0.10168675410454686,0.021562555224327064,0.10477968753088515,0.13730691816147045
6140,1,max_steps,3,1,0,551.4026165411645,3000,2668.0,2668.0,0.3787266167138569,0.1,0.8572965264320374,10.26176929473877,-36.20553970336914,347.36724853515625,500.0,59.65783094627863,1561,-5.9979999999995615,-2.2572144051162013,0.0,0.18380087218038818,"{1: 23, 0: 95, 2: 12, 3: 101, 4: 35, 6: 34}","{6: 22, 5: 123, 4: 110, 3: 11, 0: 34}","{1: 260, 0: 40}","{1: 296, 2: 4}","{1: 267, 0: 33}","{1: 298, 0: 2}",0.07095812792026623,0.017956593078317713,0.08246203465490584,0.05793954375154202,0.1834639281805407,0.041599074170869554,0.18598479791215428,0.12509381600051275,0.0691511486757488,0.027117036897538246,0.12874671739406607,0.12758658287849098
6150,1,max_steps,3,0,0,19.430566475903564,3000,,,0.37683723862879437,0.1,0.8610460162162781,10.286200523376465,-36.20553970336914,345.9975280761719,0.0,25.4305664759036,1407,-5.999999999999561,0.0,0.0,0.006476855491967855,"{6: 56, 5: 35, 4: 209}","{3: 265, 2: 35}","{1: 293, 2: 7}",{1: 300},"{1: 289, 2: 11}","{1: 287, 2: 2, 0: 11}",0.01884257679608517,0.00924564692953525,0.031159804623339504,0.03926748180451206,0.11638109621969561,0.029648637044592873,0.1508104791350202,0.1053006123615987,,,,
6160,1,max_steps,3,0,0,16.65662149989595,3000,,,0.37495728620696955,0.1,0.860563337802887,10.251049041748047,-36.20553970336914,344.2770690917969,0.0,22.656621499896048,1542,-5.999999999999561,0.0,0.0,0.005552207166631984,"{3: 144, 2: 41, 4: 57, 5: 58}","{5: 17, 4: 212, 3: 71}",{1: 300},"{1: 299, 0: 1}",{1: 300},"{1: 281, 0: 17, 2: 2}",0.03298011444217491,0.01639259226936348,0.04057005082251129,0.03578073133700994,0.08580635953840682,0.03369039477446879,0.11737243519621209,0.1309221776251181,0.04537931093400128,0.03161902152668719,0.05839149092802219,0.05055712971043927
6170,1,max_steps,3,1,0,527.0437045428463,3000,370.0,370.0,0.3730867124259638,0.1,0.8630149364471436,10.30545711517334,-36.20553970336914,350.0956726074219,500.0,33.041704542833955,1731,-5.9979999999995615,0.0,0.0,0.17568123484761544,"{2: 34, 3: 2, 4: 45, 5: 219}","{2: 58, 3: 242}",{1: 300},"{1: 287, 0: 6, 2: 7}","{1: 295, 0: 5}","{1: 293, 0: 7}",0.022309836333676947,0.014331287719635606,0.028913247918250028,0.026600753236486432,0.08738114720952479,0.04908792177723647,0.10190351484996285,0.10964568281220141,0.13868739326573526,0.020030283012979433,0.1367672556874559,0.188100266234152
6180,1,max_steps,3,0,0,-1.1053071652589161,3000,,,0.3712254704979421,0.1,0.8630073070526123,10.314850807189941,-36.20553970336914,350.93511962890625,0.0,4.894692834741068,981,-5.999999999999561,0.0,0.0,-0.000368435721752972,"{4: 177, 5: 65, 6: 58}","{4: 20, 3: 246, 2: 34}",{1: 300},"{1: 298, 0: 2}",{1: 300},{1: 300},0.00756075792478192,0.014415363770345139,0.011992958302780122,0.01790145111713049,0.03656687601360688,0.03449360313990248,0.0471319797194966,0.057179789126172206,,,,
6190,1,max_steps,3,0,0,12.392566782065803,3000,,,0.369373513868483,0.1,0.86531001329422,10.345600128173828,-36.20553970336914,350.8385314941406,0.0,18.392566782065888,1648,-5.999999999999561,0.0,0.0,0.004130855594021934,"{5: 64, 4: 125, 6: 111}","{4: 64, 5: 30, 3: 206}","{1: 289, 0: 11}",{1: 300},"{1: 286, 0: 14}","{1: 278, 0: 10, 2: 12}",0.029113542967948255,0.01936349694165139,0.04007759631169021,0.042954261532993414,0.05691564904277454,0.0435138079517846,0.09152127952642569,0.11327341264285422,,,,
6200,1,max_steps,3,0,0,9.361071160528672,3000,,,0.3675307962154143,0.1,0.8644809722900391,10.334878921508789,-36.20553970336914,344.2770690917969,0.0,15.361071160528722,1826,-5.999999999999561,0.0,0.0,0.0031203570535095573,"{1: 10, 2: 21, 3: 232, 4: 37}",{6: 300},{1: 300},{1: 300},{1: 300},"{1: 299, 2: 1}",0.010072217536558323,0.01034271138650283,0.015481765095290256,0.02249996008744211,0.06191573035615957,0.028787498391884783,0.08979332067407635,0.09203773645488474,,,,
6210,1,max_steps,3,1,0,485.1574606979255,3000,1617.0,1617.0,0.36569727144765385,0.1,0.8665894269943237,10.3903226852417,-36.20553970336914,362.2840576171875,500.0,44.37790128195503,2097,-5.9979999999995615,-53.2224405840337,0.0,0.16171915356597516,"{1: 59, 2: 13, 3: 89, 6: 139}","{6: 126, 5: 18, 4: 16, 3: 29, 0: 45, 1: 14, 2: 52}","{1: 291, 0: 9}","{1: 224, 2: 16, 0: 60}","{1: 280, 0: 20}","{1: 282, 2: 15, 0: 3}",0.02485903188243667,0.0410302414754489,0.03138930707313145,0.04001054532382274,0.11972944335826265,0.08178648165964866,0.1450192047540666,0.12619068201218422,0.01937264990447142,0.06326545575225039,0.024014379615344927,0.041422957166628076
6220,1,max_steps,3,1,0,525.452706941543,3000,2333.0,2333.0,0.36387289370405734,0.1,0.867138147354126,10.353510856628418,-37.43653869628906,342.83599853515625,500.0,31.450706941539025,2014,-5.9979999999995615,0.0,0.0,0.1751509023138477,"{1: 36, 2: 103, 3: 94, 6: 67}","{0: 90, 1: 16, 2: 72, 3: 55, 6: 67}",{1: 300},"{1: 279, 2: 2, 0: 19}",{1: 300},"{1: 295, 0: 2, 2: 3}",0.024432590689977877,0.011037714914711583,0.03494402607925019,0.03759248028401647,0.06432174308524109,0.056909478475046335,0.09163808270482698,0.09883554342461945,0.051165044842342376,0.03532956424761171,0.08805507347965422,0.04369915311453055
6230,1,max_steps,3,0,0,5.988406233089877,3000,,,0.36205761735227104,0.1,0.8637966513633728,10.231720924377441,-37.43653869628906,342.83599853515625,0.0,11.988406233089904,1634,-5.999999999999561,0.0,0.0,0.0019961354110299588,"{4: 122, 3: 49, 2: 129}","{3: 32, 2: 242, 1: 26}",{1: 300},"{1: 283, 2: 17}","{1: 299, 2: 1}","{1: 296, 0: 4}",0.018533403478669788,0.017645227629639576,0.027638242962650484,0.03315766109525911,0.04310870605538389,0.050364526995537284,0.06068689029474218,0.09382669885388423,,,,
6240,1,max_steps,3,0,0,-0.44452021031420497,3000,,,0.36025139698758996,0.1,0.8651349544525146,10.237275123596191,-39.070953369140625,342.83599853515625,0.0,8.473884629821931,957,-5.999999999999561,-2.9184048401362452,0.0,-0.00014817340343806833,{0: 300},"{0: 98, 1: 195, 2: 7}",{1: 300},"{1: 287, 0: 11, 2: 2}",{1: 300},"{1: 296, 2: 1, 0: 3}",0.021684036250732643,0.020046754041679417,0.029466249527101827,0.035840920077682324,0.06679950489597643,0.0532204610384286,0.08716118234947329,0.10114483422211706,,,,
6250,1,max_steps,3,0,0,20.97242755390047,3000,,,0.35845418743182283,0.1,0.8680393099784851,10.2450590133667,-39.070953369140625,338.8276062011719,0.0,26.97242755390059,1813,-5.999999999999561,0.0,0.0,0.00699080918463349,"{2: 288, 3: 12}","{6: 28, 5: 19, 4: 106, 3: 147}",{1: 300},"{1: 290, 2: 10}",{1: 300},"{1: 299, 2: 1}",0.017355907385482115,0.016540502301687535,0.02249305459137434,0.027118470755355333,0.055319596107050735,0.05078137233646977,0.08195299327161411,0.09547870262892601,0.023971374663976083,0.024531108887729927,0.027776882682252178,0.026636654823958817
6260,1,crash,3,0,1,-88.51222106417788,2121,,,0.3566659437321616,0.1,0.8656577467918396,10.232705116271973,-38.237213134765625,338.8276062011719,0.0,16.3196256625835,887,-4.241999999999755,-20.589846726761312,-80.0,-0.041731363066561944,"{3: 46, 2: 42, 1: 17, 4: 64, 5: 12, 6: 31}","{6: 37, 5: 82, 4: 20, 3: 67, 2: 6}","{1: 210, 0: 2}","{1: 180, 2: 32}","{1: 203, 0: 9}","{1: 205, 0: 2, 2: 5}",0.05097951553543449,0.021301306908718627,0.0601299803137119,0.06951611132175192,0.12826109610328085,0.06454786826431486,0.1514404923498764,0.12619893128427856,,,,
6270,1,max_steps,3,0,0,9.142955547195596,3000,,,0.3548866211600573,0.1,0.8678122758865356,10.254481315612793,-38.237213134765625,339.086181640625,0.0,15.142955547195658,1359,-5.999999999999561,0.0,0.0,0.0030476518490651985,"{2: 281, 3: 19}","{0: 51, 1: 105, 2: 144}",{1: 300},"{1: 299, 0: 1}",{1: 300},"{1: 299, 2: 1}",0.017166520743540577,0.012372773716394357,0.02508231925095309,0.030018121386956313,0.04616341116638188,0.04470545654474441,0.0724269851527242,0.10237952200312268,,,,
6280,1,crash,3,0,1,-79.40827539874702,2603,,,0.353116175210101,0.1,0.8698174357414246,10.29733657836914,-38.237213134765625,352.6972351074219,0.0,21.906959534573282,1273,-5.205999999999649,-16.10923493332025,-80.0,-0.03050644464031772,"{1: 46, 2: 44, 3: 42, 4: 119, 5: 9}","{1: 130, 0: 66, 2: 61, 3: 3}",{1: 260},"{1: 253, 0: 7}",{1: 260},"{1: 254, 0: 5, 2: 1}",0.04170021288263713,0.018442321300701114,0.053211891559722196,0.03859702121061022,0.09536987233321924,0.046147153733997234,0.11644404965695335,0.11483035476762837,,,,
6290,1,max_steps,3,0,0,12.86102761255608,3000,,,0.3513545615989111,0.1,0.873833417892456,10.323394775390625,-36.20553970336914,337.7011413574219,0.0,18.861027612556157,2031,-5.999999999999561,0.0,0.0,0.00428700920418536,"{1: 23, 2: 202, 3: 75}","{3: 213, 2: 64, 4: 23}",{1: 300},"{1: 277, 2: 6, 0: 17}",{1: 300},{1: 300},0.009414050184181897,0.02079588639397059,0.011783926453645205,0.012394215536221706,0.02939817834095216,0.059428353500142396,0.05004923241727596,0.06450405881581843,0.015417828052852954,0.05984723475791575,0.01670373153856311,0.01662404349073817
6300,1,max_steps,3,0,0,16.826424634807733,3000,,,0.3496017362640251,0.1,0.8763424158096313,10.344491004943848,-35.55154037475586,337.7011413574219,0.0,22.826424634807875,1468,-5.999999999999561,0.0,0.0,0.005608808211602577,"{5: 98, 4: 166, 3: 36}","{2: 127, 3: 173}",{1: 300},"{1: 297, 0: 3}","{1: 293, 2: 7}","{1: 288, 0: 12}",0.019795019512954648,0.012403105982739769,0.026039192744352433,0.02800100063194922,0.07770985024064565,0.03152970994247387,0.0940735625494131,0.13033720289892115,0.06889962646873968,0.019677449773130296,0.08095883717197366,0.12093084366860793
6310,1,max_steps,3,1,0,522.9172204678781,3000,627.0,627.0,0.34785765536279784,0.1,0.8744294047355652,10.317245483398438,-35.41456985473633,337.7011413574219,500.0,28.91522046786929,1744,-5.9979999999995615,0.0,0.0,0.17430574015595937,"{3: 122, 2: 58, 1: 11, 4: 109}","{4: 36, 3: 193, 1: 9, 2: 62}",{1: 300},"{1: 294, 0: 6}",{1: 300},{1: 300},0.014712129762287258,0.020927725741092508,0.022372122320094848,0.02770674638562515,0.07849167920329736,0.044374977807337034,0.09910858954024702,0.0713435922009882,0.071886565025338,0.04314441370761795,0.09007990615065871,0.049129941278997606
6320,1,crash,3,0,1,-92.67759196424558,2770,,,0.3461222752713049,0.1,0.8775344491004944,10.323105812072754,-35.41456985473633,333.35888671875,0.0,9.460175081721056,865,-5.539999999999612,-16.597767045966616,-80.0,-0.03345761442752548,"{4: 124, 5: 18, 6: 135}","{3: 132, 2: 107, 1: 38}","{1: 268, 0: 9}","{1: 269, 0: 4, 2: 4}","{1: 261, 0: 16}","{1: 261, 0: 8, 2: 8}",0.01960722524508676,0.016680262777599875,0.03081940528491408,0.03933318983239954,0.12130127340052502,0.04914656363898947,0.1307384116590723,0.13305445128788915,,,,
6330,1,max_steps,3,0,0,16.882872399276202,3000,,,0.3443955525832513,0.1,0.8789443969726562,10.344000816345215,-35.41456985473633,347.99859619140625,0.0,22.882872399276295,1895,-5.999999999999561,0.0,0.0,0.005627624133092067,"{3: 73, 4: 180, 5: 47}","{6: 34, 5: 17, 4: 37, 3: 212}",{1: 300},"{1: 292, 2: 8}",{1: 300},{1: 300},0.016234378944297037,0.013476381572396195,0.022437924121418956,0.02450383116464138,0.06028504425361424,0.03080221598846305,0.07667330967183437,0.06785918008696275,0.019387742692235164,0.024394245166971747,0.04024247682247499,0.044430100947335766
6340,1,max_steps,3,2,0,1045.1500281898632,3000,873.0,873.0,0.34267744410888595,0.1,0.8820741772651672,10.394689559936523,-35.41456985473633,349.19036865234375,1000.0,51.146028189870655,2221,-5.995999999999562,0.0,0.0,0.3483833427299544,"{2: 131, 3: 43, 6: 119, 5: 7}","{2: 62, 3: 161, 5: 24, 4: 32, 0: 11, 1: 10}","{1: 278, 2: 13, 0: 9}","{1: 271, 0: 24, 2: 5}","{1: 261, 2: 21, 0: 18}","{1: 245, 2: 24, 0: 31}",0.02179374851802346,0.020830767742462293,0.03443551350515847,0.033682567391713866,0.12911944149205234,0.0582554747949954,0.19940673180063867,0.23426507765260088,0.05884137192986685,0.062243272886394634,0.06942830188126638,0.047026611043540834
6350,1,max_steps,3,1,0,538.7453315758422,3000,2238.0,2238.0,0.34096790687392114,0.1,0.884240984916687,10.43369197845459,-35.41456985473633,374.66107177734375,500.0,44.74333157583709,1427,-5.9979999999995615,0.0,0.0,0.1795817771919474,"{0: 98, 1: 89, 2: 12, 3: 24, 5: 77}","{3: 139, 4: 81, 5: 56, 2: 24}","{1: 286, 0: 14}","{1: 267, 0: 15, 2: 18}","{1: 277, 2: 4, 0: 19}","{1: 272, 2: 13, 0: 15}",0.0258846804205752,0.024033452572642246,0.03048291619646832,0.03639348804032612,0.11733844806858083,0.060650712151540664,0.16995052820978612,0.1486777973282331,0.01129570261954045,0.12463265671159843,0.022902505540320577,0.019585103992049886
6360,1,crash,3,0,1,-124.14473606693853,2762,,,0.3392668981184579,0.1,0.8860069513320923,10.409812927246094,-35.41456985473633,368.42193603515625,0.0,19.692695469844438,889,-5.523999999999614,-58.31343153678282,-80.0,-0.044947406251607,"{6: 259, 5: 17}","{0: 6, 1: 195, 2: 42, 3: 33}","{1: 264, 0: 12}","{1: 242, 0: 23, 2: 11}","{1: 244, 0: 26, 2: 6}","{1: 239, 2: 19, 0: 18}",0.03927645866219864,0.01629957673380583,0.04868531578831474,0.0567046003124049,0.1243917842361689,0.06303663357986995,0.18775981011911433,0.15764060055445656,,,,
6370,1,max_steps,3,1,0,517.6280157902021,3000,1172.0,1172.0,0.33757437529591633,0.1,0.8926717638969421,10.538619995117188,-35.41456985473633,378.071533203125,500.0,23.626015790192046,1663,-5.9979999999995615,0.0,0.0,0.17254267193006737,"{3: 117, 4: 8, 5: 134, 6: 41}","{6: 81, 5: 18, 4: 14, 3: 137, 1: 24, 2: 26}",{1: 300},"{1: 237, 2: 36, 0: 27}",{1: 300},{1: 300},0.017407687493842992,0.026219510112280825,0.021429416516514734,0.028844961441040467,0.050593903258777495,0.06537161710008638,0.058891154369226595,0.06949868016187247,0.02964566535592226,0.10786318537602733,0.04448708640866422,0.029202095800905735
6380,1,max_steps,3,1,0,545.3223787667595,3000,1404.0,1404.0,0.3358902960719714,0.1,0.9000622630119324,10.639480590820312,-35.41456985473633,397.969970703125,500.0,51.32037876675335,2177,-5.9979999999995615,0.0,0.0,0.18177412625558648,"{0: 19, 1: 55, 2: 37, 3: 29, 6: 160}","{0: 84, 1: 20, 2: 28, 3: 8, 6: 160}",{1: 300},"{1: 288, 0: 11, 2: 1}","{1: 287, 0: 7, 2: 6}","{1: 296, 0: 4}",0.03485251666623134,0.022326367067083623,0.049964823729110625,0.06230147911566805,0.1055566320156888,0.05280876391232603,0.13865718621094356,0.13266300095895964,0.04811067892656197,0.05040794669643537,0.06548783968791672,0.03594054826284484
6390,1,max_steps,3,2,0,1031.5489226918621,3000,1374.0,1374.0,0.33421461832349403,0.1,0.9036638736724854,10.694244384765625,-35.41456985473633,400.6737060546875,1000.0,37.54492269186769,1954,-5.995999999999562,0.0,0.0,0.34384964089728737,"{0: 156, 1: 13, 2: 21, 3: 39, 4: 45, 6: 26}","{4: 43, 3: 174, 2: 75, 1: 8}",{1: 300},"{1: 278, 0: 22}",{1: 300},"{1: 298, 0: 2}",0.036068521658522396,0.022121381223575574,0.04697882928191531,0.05336509973097317,0.07405745765390531,0.05651055005952869,0.1039714597170544,0.11134000538707632,0.05058292640328028,0.08510571914011095,0.05986543709849271,0.10602081326754341
6400,1,crash,3,1,1,414.14164375755064,1829,683.0,683.0,0.33254730013749745,0.1,0.9053362011909485,10.69571590423584,-35.41456985473633,400.6737060546875,500.0,25.448770020008464,878,-3.655999999999819,-27.651126262462302,-80.0,0.22643064174825075,"{1: 19, 0: 31, 2: 15, 3: 3, 6: 114}","{4: 16, 3: 52, 2: 87, 1: 27}","{1: 168, 0: 14}","{1: 170, 2: 8, 0: 4}","{1: 162, 0: 20}","{1: 158, 0: 18, 2: 6}",0.04516779564636658,0.02042185663409294,0.06467993114911524,0.07381918861991944,0.1466154343763659,0.0558511943663577,0.18231262046074737,0.1530001334760764,0.09700781152843851,0.02050258731057034,0.02317350335361463,0.041879882747611105
6410,1,max_steps,3,1,0,531.4859126377851,3000,713.0,713.0,0.33088829981008927,0.1,0.9059764742851257,10.68297290802002,-35.41456985473633,378.071533203125,500.0,37.48391263777545,1949,-5.9979999999995615,0.0,0.0,0.1771619708792617,"{3: 71, 5: 158, 6: 18, 4: 53}","{0: 36, 1: 18, 2: 16, 3: 32, 5: 113, 6: 18, 4: 67}",{1: 300},"{1: 270, 0: 21, 2: 9}",{1: 300},"{1: 297, 2: 3}",0.024860610532807463,0.022040528544248775,0.034067341071685554,0.032408340442805515,0.04664363934228141,0.05995478586105568,0.07678735582996986,0.09424476154038779,0.044618925296393386,0.06592875077389815,0.05562284301008414,0.020082232251631006
6420,1,crash,3,1,1,395.34209542140877,2899,318.0,318.0,0.3292375758454277,0.1,0.9110082387924194,10.76723861694336,-35.41456985473633,387.84246826171875,500.0,28.831692103037952,1664,-5.795999999999584,-47.69359668163702,-80.0,0.1363718852781679,"{2: 24, 3: 14, 4: 53, 5: 144, 6: 54}","{4: 27, 3: 51, 0: 35, 1: 151, 2: 25}",{1: 289},"{1: 233, 0: 36, 2: 20}","{1: 271, 0: 18}","{1: 273, 0: 15, 2: 1}",0.029784849957294694,0.029120092863723458,0.045386840169995356,0.06241809828074529,0.11556781907822433,0.07256139089533178,0.15393733645544252,0.13151586434502927,0.0758099391670462,0.05771869559609594,0.07484499612457682,0.08585160278123584
6430,1,max_steps,3,0,0,16.15048140020453,3000,,,0.327595086954684,0.1,0.9159931540489197,10.823385238647461,-35.41456985473633,389.7453308105469,0.0,22.15048140020461,1024,-5.999999999999561,0.0,0.0,0.005383493800068176,"{6: 150, 5: 106, 4: 44}","{3: 131, 4: 18, 2: 32, 1: 117, 0: 2}",{1: 300},"{1: 298, 0: 1, 2: 1}","{1: 296, 0: 4}","{1: 281, 0: 16, 2: 3}",0.03300817622342675,0.020826645237715404,0.04682182518623738,0.06495263451560249,0.09413786526889577,0.04520004649204198,0.1226424956610426,0.14338231714848004,,,,
6440,1,max_steps,3,0,0,20.356886654691856,3000,,,0.3259607920550097,0.1,0.9175295829772949,10.808073997497559,-35.41456985473633,382.2803955078125,0.0,26.356886654691927,1690,-5.999999999999561,0.0,0.0,0.006785628884897285,"{1: 131, 2: 100, 0: 69}","{5: 89, 4: 103, 3: 108}",{1: 300},"{1: 296, 0: 4}",{1: 300},"{1: 299, 0: 1}",0.028613462622029552,0.013865747277021445,0.03901165731824435,0.03468270468332101,0.08348283083636011,0.03888916930821543,0.09318311383366178,0.1118568174648226,,,,
6450,1,max_steps,3,1,0,543.3849171871913,3000,391.0,391.0,0.32433465026850916,0.1,0.9184531569480896,10.787919044494629,-35.41456985473633,370.01422119140625,500.0,49.38291718717796,1498,-5.9979999999995615,0.0,0.0,0.18112830572906374,"{2: 37, 3: 2, 4: 112, 5: 73, 6: 76}","{3: 107, 2: 170, 1: 23}","{1: 283, 2: 17}","{1: 297, 2: 1, 0: 2}","{1: 282, 2: 18}","{1: 275, 0: 20, 2: 5}",0.057754832074161065,0.018970469172701263,0.07267446686562903,0.0634842265254082,0.1265498247666365,0.05000747315739287,0.15562143838998557,0.1416787120327363,0.08795875693167297,0.05703824820197281,0.07767735986144748,0.05462943293572426
6460,1,crash,3,0,1,-95.4989395805668,1937,,,0.3227166209212169,0.1,0.9201418161392212,10.79052734375,-35.41456985473633,366.3626403808594,0.0,7.461422274087964,846,-3.873999999999795,-19.08636185465473,-80.0,-0.049302498492806816,"{3: 21, 2: 51, 1: 67, 0: 54}","{6: 71, 5: 28, 4: 78, 3: 16}",{1: 193},"{1: 178, 0: 1, 2: 14}",{1: 193},"{1: 192, 0: 1}",0.03407461449881656,0.024775577348207244,0.043431444368210954,0.058382763212553646,0.09666051605948173,0.059208082791581136,0.1224130476526336,0.11463894552224642,,,,
6470,1,max_steps,3,0,0,32.71088405230154,3000,,,0.32110666354208006,0.1,0.9199126958847046,10.810555458068848,-35.41456985473633,366.3626403808594,0.0,38.71088405230158,1357,-5.999999999999561,0.0,0.0,0.010903628017433846,"{5: 138, 6: 155, 4: 7}","{0: 16, 1: 76, 2: 147, 3: 61}","{1: 290, 0: 10}","{1: 288, 0: 11, 2: 1}","{1: 267, 2: 13, 0: 20}","{1: 256, 0: 27, 2: 17}",0.04088769815621028,0.015657338485023896,0.05843771935410952,0.10237364847965424,0.12752913411089895,0.05097133235640896,0.18125868956785127,0.1578562920447333,,,,
6480,1,max_steps,3,0,0,19.043760471573304,3000,,,0.31950473786194666,0.1,0.9194145202636719,10.762890815734863,-35.41456985473633,366.3626403808594,0.0,25.043760471573325,1996,-5.999999999999561,0.0,0.0,0.006347920157191101,"{1: 143, 2: 104, 3: 24, 4: 29}","{6: 11, 5: 219, 4: 70}","{1: 272, 0: 13, 2: 15}","{1: 292, 0: 6, 2: 2}","{1: 273, 0: 11, 2: 16}","{1: 280, 2: 6, 0: 14}",0.01825197751679722,0.016835297926537186,0.027052409506631507,0.024192601525623254,0.14710980305590624,0.05134552756929142,0.17370050581941612,0.14114862553500887,,,,
6490,1,max_steps,3,1,0,545.6346834688038,3000,1604.0,1604.0,0.317910803812558,0.1,0.921200156211853,10.79846477508545,-35.41456985473633,368.468994140625,500.0,51.63268346880048,2060,-5.9979999999995615,0.0,0.0,0.1818782278229346,"{6: 73, 5: 71, 4: 15, 3: 1, 0: 74, 1: 36, 2: 30}","{5: 78, 4: 43, 3: 146, 2: 33}",{1: 300},"{1: 297, 2: 3}","{1: 292, 2: 3, 0: 5}","{1: 279, 0: 11, 2: 10}",0.0275651729996157,0.014076323194242676,0.03880258310894201,0.048972411874106114,0.10526228190766004,0.04868416781042325,0.12284431493981676,0.13328268742010954,0.12179267882103413,0.05179512827526898,0.06349147502939424,0.1989917026960832
6500,1,max_steps,3,0,0,0.7552461862017312,3000,,,0.31632482152554625,0.1,0.9229193925857544,10.825559616088867,-35.41456985473633,382.46209716796875,0.0,6.755246186201621,588,-5.999999999999561,0.0,0.0,0.0002517487287339104,"{2: 106, 3: 194}","{0: 257, 1: 43}",{1: 300},"{1: 299, 0: 1}",{1: 300},"{1: 299, 2: 1}",0.01929194821405189,0.016257055808871764,0.032947160856363955,0.0420009141365538,0.04910212435156231,0.04338585016116324,0.07507857277392506,0.08634917609500886,,,,
6510,1,max_steps,3,1,0,533.906346668937,3000,246.0,246.0,0.31474675133143776,0.1,0.9244965314865112,10.821634292602539,-35.41456985473633,378.3726501464844,500.0,39.90434666892478,1698,-5.9979999999995615,0.0,0.0,0.177968782222979,"{3: 24, 0: 62, 1: 69, 2: 145}","{5: 6, 4: 16, 3: 180, 1: 25, 2: 73}",{1: 300},"{1: 281, 2: 9, 0: 10}","{1: 288, 0: 12}","{1: 285, 0: 12, 2: 3}",0.03080117460408742,0.021015064339065453,0.04134838877162359,0.03229795584550099,0.10647589140827302,0.055934826182871836,0.1494124905632391,0.1409452906212834,0.010137496252290138,0.06454687886443412,0.013673010896889578,0.009562098069368346
6520,1,max_steps,3,0,0,9.445183495171289,3000,,,0.3131765537586605,0.1,0.9244720935821533,10.82740306854248,-35.41456985473633,361.6055603027344,0.0,15.445183495171305,1426,-5.999999999999561,0.0,0.0,0.0031483944983904297,"{3: 194, 2: 37, 4: 45, 5: 24}","{2: 80, 1: 86, 0: 134}",{1: 300},"{1: 297, 2: 2, 0: 1}",{1: 300},"{1: 299, 0: 1}",0.02683248615607207,0.016727492379181034,0.04252210357491068,0.06289557169686841,0.07408546896490077,0.04578523875967462,0.10806049092265811,0.11599276729325561,,,,
6530,1,crash,3,0,1,-91.7431738818926,1911,,,0.3116141895325569,0.1,0.9233576655387878,10.794535636901855,-35.41456985473633,353.8831481933594,0.0,19.954463892418065,720,-3.8219999999998007,-27.875637774310675,-80.0,-0.04800794028356494,"{5: 17, 6: 174}","{4: 3, 3: 42, 2: 16, 1: 130}","{1: 178, 0: 13}","{1: 172, 2: 19}","{1: 169, 0: 22}","{1: 147, 0: 28, 2: 16}",0.08673193043483965,0.025766647694440283,0.10406761536304036,0.088660297412596,0.1352557565514081,0.059958910265847674,0.19204484427320023,0.20930562590168716,,,,
6540,1,crash,3,0,1,-71.77429157585966,2406,,,0.31005961957440115,0.1,0.9242907762527466,10.799315452575684,-35.41456985473633,364.11358642578125,0.0,23.15795182391398,711,-4.811999999999692,-10.120243399773594,-80.0,-0.02983137638231906,"{5: 74, 6: 141, 4: 25}","{4: 77, 3: 163}","{1: 231, 0: 9}","{1: 239, 0: 1}","{1: 208, 0: 26, 2: 6}","{1: 214, 0: 11, 2: 15}",0.06901323596741638,0.014329105948926689,0.07281141040025288,0.0741096783608019,0.1323621671762623,0.053238002639350336,0.18620783182463502,0.15015187000916544,,,,
6550,1,max_steps,3,0,0,13.579296352251893,3000,,,0.3085128050004224,0.1,0.9244898557662964,10.803874015808105,-35.41456985473633,364.52044677734375,0.0,19.579296352251855,1560,-5.999999999999561,0.0,0.0,0.004526432117417298,"{0: 251, 1: 49}","{6: 152, 5: 148}","{1: 291, 2: 9}","{1: 295, 0: 1, 2: 4}","{1: 289, 2: 11}","{1: 293, 0: 7}",0.02253612709337845,0.014862900371765735,0.027630957236164704,0.028760219291872793,0.07203342641873095,0.04615981244171998,0.08835443818830649,0.09533671269351941,,,,
6560,1,max_steps,3,0,0,-6.211128999991997,3000,,,0.30697370712083144,0.1,0.9231707453727722,10.800265312194824,-35.41456985473633,355.6885070800781,0.0,44.79908948757936,1437,-5.999999999999561,-45.01021848757124,0.0,-0.0020703763333306657,"{3: 49, 2: 99, 1: 98, 0: 54}","{6: 40, 5: 25, 4: 68, 3: 154, 2: 13}",{1: 300},"{1: 292, 0: 1, 2: 7}","{1: 290, 0: 10}","{1: 272, 0: 13, 2: 15}",0.059143873731587936,0.02336630418360248,0.07827563483848525,0.06987249935169622,0.1121932608833085,0.04730445329717724,0.14245143323686207,0.1495968094760888,,,,
6570,1,crash,3,0,1,-83.10808596289507,1908,,,0.3054422874388535,0.1,0.9232005476951599,10.832709312438965,-35.41456985473633,370.0209655761719,0.0,9.384327804926365,514,-3.8159999999998013,-8.676413767821382,-80.0,-0.04355769704554249,"{4: 30, 5: 43, 6: 117}","{3: 105, 2: 18, 1: 67}","{1: 181, 0: 9}","{1: 171, 2: 17, 0: 2}","{1: 166, 0: 24}","{1: 142, 2: 26, 0: 22}",0.05001814170367398,0.01956974555060661,0.07800381896786121,0.09657916211526374,0.12990895949486753,0.059849072797741924,0.18628723934492353,0.22916411876305626,,,,
6580,1,crash,3,0,1,-199.49527228325684,1207,,,0.30391850764976536,0.1,0.9232062697410583,10.844409942626953,-35.41456985473633,376.46319580078125,0.0,19.43254436681807,706,-2.4139999999999557,-136.51381665007477,-80.0,-0.16528191572763615,{6: 120},"{0: 9, 1: 14, 2: 10, 3: 33, 4: 54}","{1: 119, 0: 1}","{1: 79, 0: 41}","{1: 99, 0: 13, 2: 8}","{1: 94, 0: 19, 2: 7}",0.049550801925962215,0.05386214387173292,0.08473252456477895,0.08805787019998271,0.1337938953020162,0.08795834711833267,0.192846966315634,0.17493980106080698,,,,
6590,1,max_steps,3,1,0,560.6384855926772,3000,2391.0,2391.0,0.30240232963993663,0.1,0.9283749461174011,10.904553413391113,-35.41456985473633,386.2790832519531,500.0,66.63648559267675,1611,-5.9979999999995615,0.0,0.0,0.18687949519755906,"{0: 22, 1: 11, 2: 109, 3: 97, 6: 59, 5: 2}","{3: 99, 2: 114, 1: 26, 4: 61}","{1: 289, 0: 5, 2: 6}","{1: 288, 0: 12}","{1: 290, 0: 4, 2: 6}","{1: 285, 0: 14, 2: 1}",0.04772430363072526,0.012272226596247816,0.06105572213068945,0.050188157530330596,0.14248082645021648,0.03295789880506597,0.1580215740736033,0.13749124324760872,0.10748317639474035,0.01760264385256189,0.08221401613067635,0.08256583500726884
6600,1,max_steps,3,0,0,2.9471499100856913,3000,,,0.30089371548587734,0.1,0.9283897876739502,10.868906021118164,-34.867958068847656,385.37017822265625,0.0,8.94714991008563,866,-5.999999999999561,0.0,0.0,0.000982383303361897,"{5: 17, 6: 283}","{5: 266, 4: 34}",{1: 300},{1: 300},{1: 300},"{1: 296, 0: 4}",0.027087859995686636,0.0069089177995682125,0.041615617191053986,0.05168234103552034,0.07471136412893392,0.026900377020658877,0.09688451023781745,0.11284234470746478,,,,
6610,1,crash,3,0,1,-185.66069076067447,1793,,,0.2993926274532885,0.1,0.9289063811302185,10.868778228759766,-34.278099060058594,378.5587158203125,0.0,30.85855692286548,1213,-3.5859999999998267,-132.93324768353992,-80.0,-0.10354751297304766,"{5: 88, 6: 51, 4: 36, 3: 4}","{0: 35, 1: 9, 2: 8, 3: 113, 4: 14}",{1: 179},"{1: 146, 0: 33}","{1: 171, 2: 6, 0: 2}","{1: 150, 2: 15, 0: 14}",0.03715048924335593,0.019516691166178397,0.05033672127857712,0.044289102488823846,0.1337285328602207,0.0967630739922882,0.16442938181160957,0.18453386046345804,0.08237245752149568,0.03716670231317033,0.17793342714199886,0.1987609864136366
6620,1,max_steps,3,0,0,12.73159637346535,3000,,,0.2978990279961189,0.1,0.929112434387207,10.871758460998535,-34.278099060058594,378.5587158203125,0.0,18.731596373465347,1319,-5.999999999999561,0.0,0.0,0.004243865457821783,"{0: 275, 1: 25}","{6: 288, 5: 12}",{1: 300},"{1: 299, 2: 1}",{1: 300},"{1: 293, 2: 4, 0: 3}",0.02808365055216703,0.011019590379380172,0.04279873283194201,0.05448332511512277,0.07035523284290826,0.030744049306350583,0.1086029306856522,0.13929863868471654,,,,
6630,1,max_steps,3,1,0,507.2663937491526,3000,1945.0,1945.0,0.2964128797556256,0.1,0.9306285381317139,10.881146430969238,-34.278099060058594,373.7502746582031,500.0,13.264393749144771,1545,-5.9979999999995615,0.0,0.0,0.1690887979163842,"{4: 145, 3: 155}","{2: 90, 3: 104, 6: 106}",{1: 300},"{1: 296, 0: 4}",{1: 300},{1: 300},0.017152800210147374,0.00895148821873254,0.0213796239372017,0.03205466455750948,0.04802769635486846,0.026591953666605328,0.07315949855505803,0.0882712943941648,0.058225044688000396,0.04326839888664748,0.06878991831436247,0.09521970127381962
6640,1,crash,3,1,1,418.14710454165066,2588,915.0,915.0,0.2949341455594398,0.1,0.9354900121688843,10.96766185760498,-34.278099060058594,383.43768310546875,500.0,20.304492436187353,1102,-5.173999999999652,-16.983387894547256,-80.0,0.16157152416601647,"{3: 43, 2: 48, 5: 7, 6: 160}","{0: 49, 1: 17, 2: 163, 3: 29}","{1: 235, 0: 23}","{1: 227, 2: 1, 0: 30}","{1: 235, 0: 23}","{1: 213, 0: 23, 2: 22}",0.04097069441244121,0.023143510918102933,0.05708471646890632,0.05926591482507325,0.14126468039816065,0.06533907567140712,0.16838969015618954,0.17813312136829723,0.0920473487213635,0.01672735976092603,0.12942892428862127,0.045588293412857715
6650,1,max_steps,3,1,0,541.141657935647,3000,216.0,216.0,0.2934627884206369,0.1,0.943180501461029,11.051974296569824,-34.278099060058594,384.0088806152344,500.0,47.13965793563188,1504,-5.9979999999995615,0.0,0.0,0.18038055264521566,"{3: 21, 4: 99, 5: 93, 6: 87}","{4: 14, 3: 29, 2: 221, 1: 36}","{1: 293, 2: 7}","{1: 274, 2: 15, 0: 11}","{1: 278, 2: 22}","{1: 280, 0: 12, 2: 8}",0.055420404822159805,0.019335317758209812,0.07078848922215222,0.058685836869796386,0.1340931211919811,0.05841348789632294,0.17169564189949088,0.1435893568863731,0.006536175890933049,0.09477553493258876,0.010514962103037189,0.007270506596354721
6660,1,max_steps,3,0,0,40.86604040573312,3000,,,0.29199877153681114,0.1,0.9454487562179565,11.059539794921875,-34.278099060058594,377.28375244140625,0.0,46.866040405733216,1765,-5.999999999999561,0.0,0.0,0.013622013468577708,"{0: 145, 1: 97, 2: 58}","{0: 17, 1: 38, 2: 183, 3: 62}",{1: 300},"{1: 293, 0: 7}","{1: 285, 0: 12, 2: 3}","{1: 266, 0: 15, 2: 19}",0.035275326091032316,0.011992138386562042,0.0650154241572421,0.07595676566347004,0.11408639570671186,0.0451782777593608,0.15463400431198773,0.16083311665994016,,,,
6670,1,max_steps,3,0,0,15.0133696620926,3000,,,0.29054205828915564,0.1,0.9448149800300598,11.060620307922363,-34.278099060058594,376.08135986328125,0.0,21.013369662092682,1695,-5.999999999999561,0.0,0.0,0.005004456554030866,{4: 300},"{5: 16, 4: 18, 3: 256, 2: 10}",{1: 300},"{1: 291, 2: 9}",{1: 300},{1: 300},0.009012517656697843,0.017721168760092755,0.012574929448715527,0.014656231031385667,0.057649168811742126,0.05246137424674576,0.08102948459109692,0.0904358892218914,0.014750339465091892,0.03267374523365491,0.020825978029678748,0.024422185961538886
6680,1,max_steps,3,0,0,22.899001883887674,3000,,,0.289092612241546,0.1,0.9448066353797913,11.07884407043457,-34.278099060058594,379.9933776855469,0.0,28.899001883887696,1431,-5.999999999999561,0.0,0.0,0.007633000627962558,{0: 300},"{3: 158, 4: 22, 2: 103, 1: 17}","{1: 289, 0: 11}","{1: 298, 0: 2}","{1: 287, 0: 13}","{1: 273, 2: 13, 0: 14}",0.025302150405851175,0.019560327120007624,0.03703955617258403,0.04244256318714302,0.08929886257624786,0.04331676165072169,0.11975858140705736,0.14585929541325085,,,,
6690,1,max_steps,3,1,0,547.3343327251823,3000,111.0,111.0,0.28765039713962903,0.1,0.9482171535491943,11.082448959350586,-34.278099060058594,372.1191711425781,500.0,53.33233272516846,1456,-5.9979999999995615,0.0,0.0,0.18244477757506078,"{3: 11, 0: 159, 1: 93, 2: 37}","{4: 23, 3: 226, 2: 51}","{1: 276, 2: 12, 0: 12}","{1: 282, 2: 11, 0: 7}","{1: 249, 0: 21, 2: 30}","{1: 205, 0: 47, 2: 48}",0.05921914331479021,0.019793793393638466,0.08802455072370137,0.11389135088469324,0.14389705599681077,0.05204125284703897,0.2014550098310398,0.24112845360330248,0.0031594022525125347,0.06301837383725746,0.012093475810791185,0.026454233976610616
6700,1,success,3,3,0,1543.8651691480231,2415,805.0,828.0,0.28621537690991605,0.1,0.9564592838287354,11.154637336730957,-34.278099060058594,394.1728515625,1500.0,48.689169148024824,1968,-4.823999999999691,0.0,0.0,0.6392816435395541,"{4: 10, 3: 70, 2: 130, 0: 20, 1: 11}","{4: 35, 3: 66, 0: 16, 1: 10, 2: 24, 6: 51, 5: 39}","{1: 230, 0: 11}","{1: 176, 2: 33, 0: 32}","{1: 231, 0: 10}","{1: 231, 2: 10}",0.022717479605910307,0.04133659535813002,0.03556681299260124,0.04529682867732163,0.08088780532341391,0.0890293495567668,0.11772518986251859,0.1377013993344438,0.03940283387781162,0.0643593747439841,0.10081036756753685,0.09191397976093617
6710,1,max_steps,3,0,0,6.321233357928361,3000,,,0.2847875156588805,0.1,0.9631473422050476,11.212998390197754,-34.278099060058594,415.8366394042969,0.0,12.321233357928342,1048,-5.999999999999561,0.0,0.0,0.0021070777859761203,"{2: 113, 1: 62, 0: 125}","{6: 153, 5: 145, 4: 2}",{1: 300},"{1: 295, 2: 4, 0: 1}",{1: 300},"{1: 298, 0: 2}",0.0226308362965936,0.01269454808376471,0.035551677370465246,0.05596704153932902,0.06599965948137951,0.04075894446218151,0.09864216064922517,0.11449729363098599,,,,
6720,1,max_steps,3,1,0,529.7132718167754,3000,2171.0,2171.0,0.2833667776720602,0.1,0.9677858948707581,11.200105667114258,-34.278099060058594,382.875,500.0,35.71127181677306,2047,-5.9979999999995615,0.0,0.0,0.1765710906055918,"{1: 103, 0: 69, 2: 41, 3: 4, 4: 47, 5: 36}","{4: 22, 3: 185, 2: 49, 0: 32, 1: 12}",{1: 300},"{1: 262, 2: 4, 0: 34}","{1: 295, 0: 5}","{1: 299, 0: 1}",0.030012690329931653,0.023886926259293416,0.038033968419995776,0.04453307508021285,0.06931600050360107,0.061979214924074,0.08727233355790016,0.12505234482339248,0.13666710883789485,0.0062531605210031736,0.1817404963171689,0.1454688522390739
6730,1,max_steps,3,1,0,538.7562905422379,3000,804.0,804.0,0.28195312741316414,0.1,0.9792059659957886,11.37186336517334,-34.99172592163086,411.905517578125,500.0,44.75429054222776,1752,-5.9979999999995615,0.0,0.0,0.179585430180746,"{0: 19, 1: 36, 2: 18, 3: 7, 6: 187, 5: 33}","{3: 201, 2: 86, 0: 4, 1: 9}",{1: 300},"{1: 255, 2: 2, 0: 43}","{1: 284, 0: 16}","{1: 278, 0: 10, 2: 12}",0.032394130081432486,0.019238919200831123,0.05369113757227399,0.08130858534936063,0.10900941568610807,0.06407848696944743,0.14836850538093965,0.14587261492705023,0.11389719583026138,0.09211853809636593,0.04901955551493985,0.13328755271787252
6740,1,max_steps,3,1,0,501.3152435794342,3000,1007.0,1007.0,0.2805465295231834,0.1,0.9849495887756348,11.41999340057373,-34.99172592163086,418.61724853515625,500.0,52.19271208622491,2177,-5.9979999999995615,-44.87946850679567,0.0,0.16710508119314474,"{5: 32, 4: 24, 3: 18, 2: 64, 1: 110, 0: 52}","{1: 18, 2: 66, 3: 92, 6: 84, 5: 20, 4: 20}","{1: 291, 2: 6, 0: 3}","{1: 264, 0: 18, 2: 18}","{1: 291, 0: 9}","{1: 289, 0: 7, 2: 4}",0.04788147674456523,0.03799873220641606,0.06675510164385465,0.056018332801587405,0.12463082959662905,0.060360988669947095,0.14688180971890438,0.14095904175824298,0.15382155336105843,0.058719539026306396,0.17544999878194267,0.13865503849720018
6750,1,crash,3,0,1,-86.06887997730857,2121,,,0.2791469488195068,0.1,0.9860681295394897,11.449458122253418,-34.552398681640625,418.61724853515625,0.0,11.620250492600844,748,-4.241999999999755,-13.447130469909428,-80.0,-0.04057938707086684,{6: 212},"{0: 13, 1: 9, 2: 105, 3: 85}","{1: 211, 0: 1}","{1: 189, 0: 23}","{1: 197, 0: 15}","{1: 184, 0: 22, 2: 6}",0.036951767351714536,0.010073151528276734,0.0500819684902779,0.0421793417555348,0.11247811390569476,0.06096621383886728,0.15608463000775466,0.15343199124446283,,,,
6760,1,max_steps,3,1,0,525.9722013407619,3000,2963.0,2963.0,0.2777543502950409,0.1,0.9843217134475708,11.398715019226074,-34.278099060058594,418.61724853515625,500.0,34.87352577337791,2239,-5.9979999999995615,-2.9033244326159693,0.0,0.1753240671135873,"{0: 59, 1: 54, 2: 13, 3: 165, 4: 5, 6: 4}","{6: 259, 5: 20, 4: 16, 3: 5}","{1: 294, 0: 6}","{1: 286, 2: 14}","{1: 291, 0: 9}","{1: 299, 0: 1}",0.019805264633990783,0.017711116296255075,0.025320946693239532,0.03247586619879475,0.07464045293779945,0.05158316299707843,0.09117836749786912,0.09945583652070027,0.04840754433785394,0.06281682674108185,0.07921334664515184,0.05614780909710431
6770,1,max_steps,3,1,0,519.4340022192275,3000,2187.0,2187.0,0.27636869911733475,0.1,0.9876565933227539,11.440011024475098,-34.77735137939453,394.6166076660156,500.0,31.14950156017676,1974,-5.9979999999995615,-5.71749934095332,0.0,0.1731446674064092,"{0: 47, 1: 56, 2: 90, 3: 25, 4: 70, 5: 12}","{2: 273, 1: 6, 3: 21}",{1: 300},"{1: 284, 2: 3, 0: 13}",{1: 300},"{1: 297, 0: 3}",0.025163843446979996,0.013509551968112044,0.03557709977301462,0.029702891742191585,0.06181929207523813,0.0485194448531866,0.07953441844224854,0.09371959143832614,0.006732808661760534,0.08074364605843706,0.01641455612491014,0.02490556757868704
6780,1,crash,3,0,1,-134.65875952090477,2069,,,0.274989960627708,0.1,0.986775279045105,11.437169075012207,-34.77735137939453,383.5158996582031,0.0,10.228732712666744,635,-4.137999999999766,-60.74949223357141,-80.0,-0.06508398236873116,"{3: 32, 4: 73, 5: 44, 6: 57}","{5: 11, 4: 16, 3: 131, 2: 32, 1: 16}","{1: 195, 0: 11}","{1: 179, 2: 27}","{1: 192, 0: 14}","{1: 186, 2: 6, 0: 14}",0.030936242074717374,0.01557609726728027,0.04920423967002299,0.051066732390897325,0.08546584459542268,0.06083845435706111,0.11887772839752173,0.14734569211529364,0.07267110985294181,0.06328700196957775,0.11030098261017941,0.06881850215018585
6790,1,crash,3,0,1,-95.56643560050888,478,,,0.27361810034038425,0.1,0.9891592264175415,11.473014831542969,-36.04963302612305,381.0941467285156,0.0,5.72895238601356,340,-0.9560000000000007,-20.339387986522443,-80.0,-0.19992978159102276,{6: 47},"{0: 8, 1: 10, 2: 7, 3: 15, 4: 7}",{1: 47},"{1: 7, 0: 40}",{1: 47},{1: 47},0.005265468819587925,0.11111315399320695,0.012483277761779885,0.02617172759420066,0.013585904966496046,0.1457270417621736,0.0501939583294987,0.07936828241824119,,,,
6800,1,max_steps,3,0,0,18.371892416332596,3000,,,0.27225308394162884,0.1,0.9923967123031616,11.464365005493164,-36.04963302612305,380.4102783203125,0.0,24.371892416332674,1601,-5.999999999999561,0.0,0.0,0.006123964138777532,"{5: 78, 4: 222}","{3: 241, 2: 59}",{1: 300},"{1: 284, 2: 14, 0: 2}",{1: 300},"{1: 297, 0: 3}",0.017519409969316346,0.01940888839918965,0.027020720078125657,0.03391063638855653,0.06290530377560354,0.04863293874205935,0.09720164018884792,0.10152744471016938,0.018898402161243964,0.023603449717465124,0.040771315576299816,0.03602848686910049
6810,1,max_steps,3,0,0,-78.15743331972962,3000,,,0.2708948772888901,0.1,0.9948350787162781,11.484373092651367,-36.04963302612305,390.2527160644531,0.0,43.12152573197309,1721,-5.999999999999561,-115.27895905170274,0.0,-0.026052477773243207,"{0: 114, 1: 19, 2: 46, 3: 121}","{0: 29, 1: 51, 2: 161, 3: 59}","{1: 288, 0: 12}","{1: 289, 0: 11}","{1: 287, 0: 13}","{1: 268, 2: 12, 0: 20}",0.027364054068441907,0.019098478373524602,0.0397930160899806,0.0487607064812907,0.0874969092917659,0.054696003755072505,0.11915919089171752,0.1520214836496972,0.08302665443686544,0.0415156813994655,0.06802948532930773,0.050490939187624366
6820,1,max_steps,3,0,0,29.168622730063646,3000,,,0.2695434464099455,0.1,0.9994821548461914,11.479007720947266,-36.04963302612305,402.481201171875,0.0,35.168622730063674,1887,-5.999999999999561,0.0,0.0,0.00972287424335455,"{0: 181, 1: 22, 2: 79, 3: 18}","{5: 9, 4: 200, 3: 76, 2: 15}",{1: 300},"{1: 295, 2: 5}","{1: 298, 0: 2}","{1: 297, 2: 3}",0.02854059509378136,0.01637422335825115,0.03893406149356728,0.04298579250298351,0.06935489153665952,0.0540448282342644,0.09146645008254893,0.10782513761021131,0.05352996090792728,0.0610079937699544,0.07246106992986497,0.053017010431292776
6830,1,max_steps,3,1,0,548.8310639401673,3000,1323.0,1323.0,0.26819875750205197,0.1,1.0034747123718262,11.521556854248047,-36.04963302612305,385.9681701660156,500.0,66.88738111818807,1642,-5.9979999999995615,-12.058317178026812,0.0,0.18294368798005575,"{6: 115, 5: 6, 4: 10, 3: 1, 1: 56, 0: 112}","{0: 5, 1: 21, 2: 49, 3: 204, 4: 21}","{1: 271, 2: 29}","{1: 264, 0: 22, 2: 14}","{1: 260, 2: 36, 0: 4}","{1: 257, 0: 31, 2: 12}",0.05600190989317584,0.02118562413209179,0.08151656908903125,0.09055221537338838,0.14686532385507833,0.06735074433198703,0.19492313891880483,0.15285907967420637,0.15724136500825842,0.009319271311641026,0.04665033125068625,0.23078248307692864
6840,1,crash,3,1,1,433.42511607680837,1354,1177.0,1177.0,0.26686077693110044,0.1,1.00397789478302,11.491477966308594,-36.04963302612305,385.9681701660156,500.0,35.22540459892839,711,-2.7059999999999236,-19.094288522120554,-80.0,0.32010717583220705,"{0: 98, 1: 9, 2: 10, 6: 18}","{2: 17, 3: 118}","{1: 111, 0: 24}","{1: 131, 0: 4}","{1: 111, 0: 24}","{1: 122, 0: 1, 2: 12}",0.050910989368076615,0.014996523916209386,0.07773507013907247,0.06417610568259775,0.18472843990941681,0.05603618690624073,0.20262213466274184,0.1456315215922783,0.2132351753591152,0.01585100787803395,0.2233389897750843,0.11699898844430404
6850,1,max_steps,3,1,0,539.3159443322487,3000,2981.0,2981.0,0.2655294712307743,0.1,1.0083683729171753,11.493066787719727,-36.04963302612305,374.702392578125,500.0,45.31394433224862,1724,-5.9979999999995615,0.0,0.0,0.1797719814440829,"{6: 136, 5: 102, 4: 54, 3: 6, 0: 2}","{3: 235, 4: 65}","{1: 288, 2: 12}","{1: 291, 2: 1, 0: 8}","{1: 288, 2: 12}","{1: 285, 2: 1, 0: 14}",0.030635231127428227,0.014448745979084573,0.04361004868451861,0.047941707670250314,0.11013709624062223,0.04083475089493445,0.14541458654466166,0.11632973118970859,0.09226268842457971,0.0551482398104262,0.15947338934922278,0.12046346729464687
6860,1,crash,3,1,1,419.58506410606105,1639,560.0,560.0,0.26420480710171285,0.1,1.0127167701721191,11.541975975036621,-35.175384521484375,373.76983642578125,500.0,20.388610192031244,934,-3.275999999999861,-17.527546085975285,-80.0,0.2560006492410379,"{1: 36, 2: 16, 3: 3, 4: 6, 5: 83, 6: 19}","{5: 24, 4: 27, 3: 4, 0: 108}",{1: 163},"{1: 150, 2: 3, 0: 10}",{1: 163},"{1: 162, 2: 1}",0.038290825343434656,0.017638760097861254,0.04721817820632137,0.05224237410395977,0.11466155573186852,0.057801839185086204,0.15351815265705335,0.12884758344477826,0.14085615267266519,0.05955638997398791,0.10185533386429002,0.15068550734368963
6870,1,max_steps,3,1,0,538.0754770732925,3000,2347.0,2347.0,0.26288675141067797,0.1,1.0209248065948486,11.55944538116455,-35.175384521484375,383.8463134765625,500.0,44.07347707328966,1657,-5.9979999999995615,0.0,0.0,0.17935849235776416,"{3: 72, 4: 74, 5: 22, 6: 66, 1: 32, 2: 34}","{4: 174, 3: 90, 5: 36}",{1: 300},"{1: 281, 0: 3, 2: 16}","{1: 287, 0: 8, 2: 5}","{1: 283, 2: 7, 0: 10}",0.03512545177157314,0.01835540594356521,0.05254697525790897,0.045163121554498795,0.12461317837085133,0.05080377942240875,0.15153487294636447,0.13903472010873041,0.0975480815893437,0.06135067516825372,0.10621412013575414,0.0395932503571013
6880,1,crash,3,1,1,420.754297593003,2635,673.0,673.0,0.2615752711897252,0.1,1.02634859085083,11.60547161102295,-35.684871673583984,387.4754333496094,500.0,34.0953053190423,1691,-5.267999999999642,-28.073007726046303,-80.0,0.15967905031992524,"{2: 89, 3: 32, 0: 85, 1: 53, 4: 4}","{0: 9, 1: 17, 2: 38, 3: 3, 6: 196}","{1: 258, 0: 5}","{1: 234, 0: 23, 2: 6}","{1: 256, 0: 7}",{1: 263},0.02020596140306866,0.027441028388273697,0.02993880579092184,0.03724376811883979,0.08465211172981713,0.0605646287002756,0.11781610943448569,0.09640531483094286,0.037938862400608675,0.0658558210528233,0.024128391761769705,0.045944701343488034
6890,1,max_steps,3,0,0,58.469262887779934,3000,,,0.26027033363537955,0.1,1.0324385166168213,11.62575626373291,-38.007381439208984,398.83892822265625,0.0,64.46926288778002,1492,-5.999999999999561,0.0,0.0,0.019489754295926646,"{6: 75, 5: 95, 4: 108, 3: 22}","{3: 254, 2: 46}","{1: 274, 2: 26}","{1: 292, 2: 4, 0: 4}","{1: 230, 2: 43, 0: 27}","{1: 207, 2: 28, 0: 65}",0.08800741788139901,0.020836266361078284,0.10868017449270942,0.1261921095142993,0.14529222649651283,0.05139753533347237,0.20592233507404023,0.22532905314780097,0.10556112700835713,0.02890092068551256,0.1908967594424632,0.22661560163279307
6900,1,success,3,3,0,1539.3372211162468,2130,710.0,973.0,0.2589719061078152,0.1,1.0376805067062378,11.667420387268066,-37.117183685302734,401.8506164550781,1500.0,55.86407077414551,1653,-4.2539999999997535,-12.27284965789604,0.0,0.7226935310404915,"{1: 55, 2: 78, 3: 60, 4: 19, 6: 1}","{5: 59, 6: 19, 4: 31, 3: 9, 0: 76, 1: 10, 2: 9}",{1: 213},"{1: 161, 2: 11, 0: 41}","{1: 202, 2: 11}","{1: 199, 2: 9, 0: 5}",0.04671972904984865,0.04039879215110338,0.045026644850238155,0.05377472642532162,0.12453049432383377,0.10558042703011881,0.13870166657775218,0.1409129837875221,0.12936614657670176,0.1030710453322068,0.14711566022295122,0.07384683595001984
6910,1,max_steps,3,2,0,1020.1883968807957,3000,747.5,747.5,0.2576799561300383,0.1,1.0469787120819092,11.746566772460938,-36.44622039794922,395.66064453125,1000.0,26.184396880786643,1761,-5.995999999999562,0.0,0.0,0.34006279896026526,"{4: 195, 3: 20, 2: 85}","{3: 247, 2: 13, 4: 40}",{1: 300},"{1: 270, 0: 25, 2: 5}","{1: 295, 0: 5}",{1: 300},0.01798249536664004,0.028696997886736093,0.02609438260213192,0.030110812451728454,0.09432401865275195,0.059651034522744374,0.12327725368563464,0.11207314477392898,0.043246707539281525,0.05485259419724255,0.04869004643566249,0.06788360211192176
6920,1,max_steps,3,0,0,23.20949986736263,3000,,,0.25639445138707534,0.1,1.0520027875900269,11.809359550476074,-36.44622039794922,395.66064453125,0.0,29.2094998673627,1399,-5.999999999999561,0.0,0.0,0.007736499955787544,"{5: 110, 6: 190}","{2: 49, 3: 251}","{1: 289, 0: 11}","{1: 296, 0: 4}","{1: 284, 0: 16}","{1: 262, 0: 22, 2: 16}",0.039316174111355934,0.014204347875317158,0.059758178586868695,0.06805650170427724,0.10922035037690372,0.04348662142173013,0.14565314259812395,0.15429624507153838,,,,
6930,1,max_steps,3,1,0,537.3352865106882,3000,1963.0,1963.0,0.25511535972516464,0.1,1.0587592124938965,11.884713172912598,-34.72441101074219,414.4498291015625,500.0,43.33328651068291,1569,-5.9979999999995615,0.0,0.0,0.1791117621702294,"{4: 126, 5: 81, 6: 72, 3: 21}","{6: 13, 5: 63, 4: 60, 3: 84, 0: 22, 1: 42, 2: 16}","{1: 295, 0: 5}","{1: 283, 2: 6, 0: 11}","{1: 285, 0: 8, 2: 7}","{1: 296, 0: 1, 2: 3}",0.04761018056721538,0.021820361465626992,0.06818557465009592,0.06698203579925947,0.1280123983361116,0.057449907801570534,0.14833604881868656,0.13067956215480148,0.08150310558697778,0.025320238536756086,0.05839804981083163,0.12458595938570889
6940,1,max_steps,3,1,0,521.2786410595484,3000,1548.0,1548.0,0.25384264915095184,0.1,1.061728835105896,11.912618637084961,-34.72441101074219,423.4827575683594,500.0,27.276641059539962,1408,-5.9979999999995615,0.0,0.0,0.17375954701984944,"{2: 61, 1: 35, 3: 58, 5: 40, 4: 38, 6: 68}","{3: 87, 2: 40, 4: 101, 5: 72}",{1: 300},"{1: 251, 2: 17, 0: 32}","{1: 294, 0: 6}","{1: 293, 2: 6, 0: 1}",0.02787782487483103,0.027649428662290886,0.03483231034240884,0.047773186468562406,0.10554998608016473,0.09900316709485514,0.13276653312822076,0.1354850792179777,0.010222965249414007,0.1485516024087851,0.023346445236559068,0.03258729601725376
6950,1,max_steps,3,0,0,25.801727130592052,3000,,,0.25257628783069014,0.1,1.0617785453796387,11.871297836303711,-34.72441101074219,384.7347106933594,0.0,31.801727130592084,1058,-5.999999999999561,0.0,0.0,0.008600575710197352,"{4: 168, 5: 85, 6: 47}","{3: 94, 2: 109, 1: 73, 0: 24}","{1: 289, 0: 6, 2: 5}","{1: 269, 2: 6, 0: 25}","{1: 276, 0: 14, 2: 10}","{1: 265, 0: 20, 2: 15}",0.03405200612614026,0.026169852816898286,0.049616242500874964,0.06973120013337891,0.1253951523609685,0.060327689396437685,0.17069534434430905,0.15331368671479703,,,,
6960,1,crash,3,1,1,431.3969497072553,1685,1083.0,1083.0,0.25131624408944364,0.1,1.067354440689087,11.961397171020508,-34.49794387817383,403.3758850097656,500.0,26.104969283190535,909,-3.3679999999998507,-11.3400195759381,-80.0,0.25602192860964706,"{0: 48, 1: 17, 2: 37, 3: 6, 6: 60}","{1: 41, 2: 40, 3: 27, 6: 25, 5: 23, 4: 12}","{1: 163, 0: 5}","{1: 160, 0: 2, 2: 6}","{1: 154, 0: 14}","{1: 158, 0: 4, 2: 6}",0.051843087219120704,0.029762952221105025,0.06783645812229017,0.07387998114356255,0.13624236813959115,0.058675139318307326,0.16984353837122002,0.14596154441079584,0.07931783936626408,0.049699226393061784,0.0944213357385503,0.03750092246804792
6970,1,max_steps,3,1,0,569.964021985965,3000,1518.0,1518.0,0.25006248641029555,0.1,1.0716204643249512,12.013725280761719,-34.49794387817383,389.9169921875,500.0,75.96202198595857,1567,-5.9979999999995615,0.0,0.0,0.189988007328655,"{1: 31, 0: 107, 2: 11, 3: 2, 6: 85, 5: 37, 4: 27}","{3: 279, 2: 21}","{1: 232, 0: 42, 2: 26}",{1: 300},"{1: 204, 2: 45, 0: 51}","{1: 237, 2: 29, 0: 34}",0.0831605158507798,0.01330418964573332,0.11336370200775422,0.10200404399775183,0.1778087167165379,0.03988402996678026,0.2392307794471385,0.29229862352665326,0.17786860905470334,0.018303128666341956,0.1423559159380108,0.1349268015507291
6980,1,max_steps,3,0,0,20.20916580052874,3000,,,0.24881498343355918,0.1,1.0728427171707153,11.998098373413086,-34.24088668823242,398.66558837890625,0.0,26.209165800528837,1881,-5.999999999999561,0.0,0.0,0.006736388600176247,"{0: 8, 1: 19, 2: 265, 3: 8}","{3: 267, 2: 33}",{1: 300},"{1: 293, 2: 7}",{1: 300},{1: 300},0.017985123486272382,0.011213313615325834,0.024133003351112656,0.01997822769794281,0.044443401436531464,0.03049900857420252,0.05245531790934014,0.07191686067495828,0.038764868784369,0.040920147097947494,0.037186165456719676,0.03763507913787964
6990,1,max_steps,3,1,0,531.4287834867898,3000,409.0,409.0,0.24757370395599412,0.1,1.0753055810928345,12.018932342529297,-34.24088668823242,407.0946044921875,500.0,37.42678348678234,2064,-5.9979999999995615,0.0,0.0,0.17714292782892993,"{4: 32, 3: 8, 0: 210, 1: 32, 2: 18}","{3: 115, 2: 34, 5: 67, 4: 84}",{1: 300},"{1: 287, 2: 7, 0: 6}",{1: 300},"{1: 292, 0: 8}",0.026994702321265537,0.027832611071444406,0.043450334728579135,0.06395600851520221,0.07306437781442235,0.05696515474737236,0.09752341788175842,0.13565415235694478,0.0764099418188657,0.07490341965523502,0.08623093341401825,0.08731530146935888
7000,1,max_steps,3,1,0,557.6521591506873,3000,1454.0,1454.0,0.24633861693002568,0.1,1.0805833339691162,12.078048706054688,-34.24088668823242,416.6217346191406,500.0,63.65015915068181,2087,-5.9979999999995615,0.0,0.0,0.18588405305022912,"{0: 60, 1: 46, 2: 18, 3: 21, 6: 116, 5: 39}","{3: 274, 2: 14, 4: 12}","{1: 275, 2: 19, 0: 6}","{1: 295, 0: 5}","{1: 266, 2: 16, 0: 18}","{1: 242, 0: 40, 2: 18}",0.049743619743868206,0.021335228218353666,0.07520530979635506,0.08462813884466956,0.13324255478687155,0.048440589248775985,0.19958495669607199,0.20566618816893334,0.09348756859900324,0.016048087015197728,0.07884663642193125,0.09338497106020759
7010,1,max_steps,3,0,0,-5.639943219974902,3000,,,0.24510969146296815,0.1,1.0854767560958862,12.153206825256348,-34.24088668823242,414.32489013671875,0.0,0.36005678002508645,242,-5.999999999999561,0.0,0.0,-0.0018799810733249674,{6: 300},{0: 300},{1: 300},{1: 300},{1: 300},{1: 300},0.005167541671359731,0.011617484195319591,0.00677561370983734,0.015357342213341625,0.04008860114444287,0.018441951828741823,0.049390617424262914,0.046621590750967924,,,,
7020,1,crash,3,0,1,-119.31408682365931,2931,,,0.24388689681625214,0.1,1.0850753784179688,12.117907524108887,-35.301517486572266,407.1277160644531,0.0,30.631291482065496,1050,-5.861999999999576,-64.08337830572476,-80.0,-0.04070763794734197,"{4: 48, 5: 22, 6: 223}","{0: 1, 1: 65, 2: 34, 3: 193}",{1: 293},"{1: 283, 0: 8, 2: 2}","{1: 279, 0: 5, 2: 9}","{1: 256, 0: 16, 2: 21}",0.0663846305831352,0.023539706011372563,0.07997070449837203,0.0758621368383833,0.12667432608593246,0.054384637226196124,0.1623520542155318,0.15149019712771064,,,,
7030,1,max_steps,3,2,0,1055.6463285080247,3000,647.0,647.0,0.24267020240465584,0.1,1.0895426273345947,12.135664939880371,-35.301517486572266,415.12005615234375,1000.0,61.7734869831838,2487,-5.995999999999562,-0.13115847515544207,0.0,0.3518821095026749,"{4: 88, 5: 27, 3: 111, 1: 14, 2: 40, 6: 20}","{4: 33, 3: 73, 0: 24, 1: 17, 2: 16, 6: 119, 5: 18}","{1: 294, 2: 6}","{1: 253, 0: 24, 2: 23}","{1: 292, 2: 4, 0: 4}","{1: 286, 2: 7, 0: 7}",0.04567319697028917,0.03555564737323351,0.05802763523785546,0.06560785573118483,0.1202022698932122,0.062409469273470214,0.15298661024612795,0.145114563100431,0.07456571273702654,0.08282704541668945,0.08245545249181119,0.13876767107358626
7040,1,max_steps,3,0,0,22.588077408014673,3000,,,0.2414595777955398,0.1,1.0917178392410278,12.078627586364746,-35.301517486572266,419.705322265625,0.0,28.58807740801474,1569,-5.999999999999561,0.0,0.0,0.007529359136004891,"{0: 244, 1: 36, 2: 20}","{4: 133, 3: 161, 2: 6}",{1: 300},"{1: 281, 2: 12, 0: 7}","{1: 289, 0: 6, 2: 5}","{1: 278, 0: 11, 2: 11}",0.025209356339404826,0.020226862406108277,0.03764027250629258,0.05101592484609151,0.11405129217612188,0.0574102436920416,0.15345030074294055,0.14596976038785076,,,,
7050,1,max_steps,3,1,0,519.4567510004877,3000,1469.0,1469.0,0.24025499270808603,0.1,1.0970927476882935,12.166361808776855,-35.301517486572266,389.13568115234375,500.0,25.454751000479426,1685,-5.9979999999995615,0.0,0.0,0.17315225033349588,"{1: 75, 2: 69, 3: 2, 6: 154}","{4: 120, 5: 4, 3: 22, 2: 4, 1: 104, 0: 46}",{1: 300},"{1: 299, 2: 1}",{1: 300},"{1: 299, 2: 1}",0.014937951764245328,0.013331645325538988,0.02820128754458205,0.04248727972372486,0.07369060596194134,0.03812582457278959,0.10501453194482516,0.104569771659035,0.05552522176056923,0.057883655558857064,0.030145562786681027,0.08616163276144667
7060,1,max_steps,3,1,0,538.1481050242722,3000,1395.0,1395.0,0.2390564170125403,0.1,1.1001002788543701,12.17506217956543,-35.301517486572266,395.9064636230469,500.0,61.26424475619639,1939,-5.9979999999995615,-17.118139731930746,0.0,0.17938270167475742,"{0: 43, 1: 56, 2: 38, 3: 2, 6: 60, 5: 63, 4: 38}","{0: 15, 1: 20, 2: 31, 3: 195, 5: 6, 4: 33}","{1: 297, 2: 3}","{1: 285, 0: 9, 2: 6}","{1: 286, 2: 10, 0: 4}","{1: 271, 0: 17, 2: 12}",0.056298355747591594,0.027486487224219633,0.06693094908973307,0.09003096919061059,0.12147561401587448,0.05675727951145594,0.16439065754595036,0.14926878955227416,0.1276310746424036,0.023337916547829036,0.15361726488003988,0.09651874242392049
7070,1,max_steps,3,1,0,529.1668808918415,3000,1900.0,1900.0,0.2378638207294586,0.1,1.1015721559524536,12.117642402648926,-35.301517486572266,385.0406494140625,500.0,35.16488089183913,1925,-5.9979999999995615,0.0,0.0,0.17638896029728052,"{1: 132, 2: 143, 3: 25}","{0: 40, 1: 83, 2: 25, 3: 41, 6: 111}",{1: 300},"{1: 274, 0: 19, 2: 7}",{1: 300},"{1: 296, 2: 1, 0: 3}",0.02214129170519561,0.026429612537958322,0.034042304203773216,0.05288853655620094,0.058427720282710136,0.05931185234724735,0.08910061495832151,0.1225107900956144,0.06722142786996319,0.08156530790575506,0.09062730320114193,0.08720547973852408
7080,1,max_steps,3,0,0,9.372505807635061,3000,,,0.23667717402895744,0.1,1.1092205047607422,12.170937538146973,-35.301517486572266,402.0851135253906,0.0,15.37250580763514,1262,-5.999999999999561,0.0,0.0,0.0031241686025450205,"{5: 105, 4: 182, 6: 13}","{4: 13, 3: 259, 2: 28}",{1: 300},{1: 300},"{1: 293, 0: 7}","{1: 292, 0: 2, 2: 6}",0.018674547194791627,0.012535771355947928,0.024261172134065215,0.034565827479243395,0.06971290713811493,0.027539863626226714,0.08167590467041967,0.11750815846518708,0.031617039932289356,0.023812935267918743,0.03174248744264344,0.03918208455052935
7090,1,crash,3,0,1,-100.40325443243418,2399,,,0.23549644722996751,0.1,1.1105409860610962,12.115822792053223,-33.452232360839844,374.20440673828125,0.0,23.189527754708287,1080,-4.797999999999694,-38.79478218714244,-80.0,-0.04185212773340316,"{5: 20, 4: 43, 3: 87, 2: 61, 1: 28}","{0: 29, 1: 100, 2: 89, 3: 21}",{1: 239},"{1: 220, 0: 17, 2: 2}","{1: 232, 2: 7}","{1: 236, 0: 3}",0.05019959726690123,0.026647231010524554,0.057846679008587934,0.058631313887732184,0.1249386055732372,0.05841790884611671,0.1494352344440667,0.11922094380414415,0.12830939283671094,0.059877015255538894,0.15368520053625936,0.10596623361641228
7100,1,success,3,3,0,1542.816495307941,1850,616.6666666666666,416.0,0.2343216107994915,0.1,1.1114001274108887,12.091394424438477,-33.452232360839844,378.2144775390625,1500.0,46.51049530794622,1713,-3.6939999999998148,0.0,0.0,0.8339548623286168,"{3: 82, 0: 12, 1: 14, 2: 54, 4: 22, 5: 1}","{1: 16, 2: 8, 3: 68, 6: 41, 5: 35, 4: 17}","{1: 179, 2: 6}","{1: 151, 0: 20, 2: 14}","{1: 169, 0: 7, 2: 9}","{1: 174, 0: 8, 2: 3}",0.039739234944368484,0.03244566996859295,0.04641049173419394,0.04602806517880649,0.1384512861046705,0.0677240336729609,0.1703581183515766,0.14777900968525792,0.07587693637227695,0.0634938096252029,0.07760395167556783,0.0433896376331822
7110,1,max_steps,3,1,0,522.2283191231562,3000,864.0,864.0,0.23315263535186512,0.1,1.10965895652771,12.064696311950684,-33.452232360839844,378.2144775390625,500.0,28.22631912314366,1531,-5.9979999999995615,0.0,0.0,0.1740761063743854,"{3: 86, 2: 102, 1: 91, 0: 21}","{6: 21, 5: 17, 4: 16, 3: 173, 1: 41, 0: 4, 2: 28}",{1: 300},"{1: 277, 2: 16, 0: 7}","{1: 296, 0: 4}","{1: 289, 0: 11}",0.021985972121095855,0.01930170005305883,0.028573886406267075,0.03860027366857146,0.06826988878120019,0.059363361816102536,0.109029071067186,0.11075198721319811,0.019328292197571678,0.04316246942099471,0.025406634897791953,0.015240036637284638
7120,1,max_steps,3,0,0,13.237774820354216,3000,,,0.2319894916480224,0.1,1.1126455068588257,12.105236053466797,-33.452232360839844,378.6406555175781,0.0,19.237774820354193,1478,-5.999999999999561,0.0,0.0,0.004412591606784739,"{5: 20, 6: 280}","{1: 2, 2: 53, 3: 245}",{1: 300},"{1: 295, 0: 5}","{1: 295, 2: 5}","{1: 297, 0: 2, 2: 1}",0.01668478586729842,0.014769540221224377,0.02616080447051989,0.03295693293487548,0.07520291935065726,0.04433902417927341,0.10532171289931164,0.09006592761604112,,,,
7130,1,max_steps,3,1,0,509.2278156326891,3000,173.0,173.0,0.23083215059476417,0.1,1.1139453649520874,12.13622760772705,-33.452232360839844,401.8099670410156,500.0,15.225815632673143,1311,-5.9979999999995615,0.0,0.0,0.16974260521089637,"{3: 17, 2: 20, 1: 172, 0: 91}","{4: 12, 3: 62, 2: 179, 1: 47}",{1: 300},"{1: 292, 2: 7, 0: 1}",{1: 300},{1: 300},0.018416249089219943,0.020896185670890688,0.022061944050679374,0.027600679793461112,0.061563726627550164,0.05060048878343698,0.0895463446474524,0.08938079255444861,0.0012749871468951254,0.06105098571539659,0.005974417576796351,0.02383884855577792
7140,1,max_steps,3,1,0,544.8772450712795,3000,2649.0,2649.0,0.22968058324403026,0.1,1.1170997619628906,12.178872108459473,-33.452232360839844,383.0916748046875,500.0,50.87524507127783,1665,-5.9979999999995615,0.0,0.0,0.18162574835709316,"{4: 115, 5: 41, 6: 104, 3: 4, 0: 36}","{5: 17, 4: 55, 3: 142, 2: 50, 1: 36}","{1: 273, 2: 27}","{1: 297, 2: 1, 0: 2}","{1: 263, 0: 5, 2: 32}","{1: 256, 0: 22, 2: 22}",0.036482335338881705,0.014793503284842207,0.05891752118188894,0.07810674755167962,0.13746506347282256,0.04395221141324124,0.19161673330448353,0.15639755750149875,0.10779216217872135,0.02817160684456061,0.06645291044191663,0.10482710711096457
7150,1,max_steps,3,1,0,526.7297141178668,3000,773.0,773.0,0.2285347607921757,0.1,1.1250295639038086,12.297714233398438,-33.452232360839844,396.09478759765625,500.0,32.72771411785473,1706,-5.9979999999995615,0.0,0.0,0.17557657137262228,"{2: 76, 3: 1, 4: 126, 5: 64, 6: 33}","{2: 12, 3: 65, 6: 223}","{1: 299, 2: 1}","{1: 282, 0: 7, 2: 11}","{1: 289, 2: 11}","{1: 292, 2: 2, 0: 6}",0.03641715651404952,0.020538343604503267,0.041031122242016424,0.038408324847439515,0.09147357799885712,0.058225713737269674,0.12451513453232173,0.13535669562170738,0.07372032509390833,0.02379160570192039,0.06968360167636223,0.050284237555754105
7160,1,max_steps,3,0,0,57.90764862704501,3000,,,0.22739465457925015,0.1,1.1293025016784668,12.305886268615723,-33.452232360839844,382.41583251953125,0.0,63.90764862704519,1236,-5.999999999999561,0.0,0.0,0.01930254954234834,"{4: 101, 5: 81, 6: 118}","{3: 242, 2: 57, 1: 1}","{1: 240, 2: 36, 0: 24}","{1: 290, 0: 10}","{1: 202, 2: 52, 0: 46}","{1: 196, 0: 65, 2: 39}",0.08909281660871823,0.01439483734043501,0.12277065093470223,0.13155793662114415,0.16514551296136856,0.05051559406731478,0.24757469990284367,0.29733575548988783,,,,
7170,1,max_steps,3,0,0,58.47771855595966,3000,,,0.226260236088281,0.1,1.1333396434783936,12.31734561920166,-33.452232360839844,416.7656555175781,0.0,64.47771855595975,1222,-5.999999999999561,0.0,0.0,0.019492572851986554,"{6: 209, 5: 57, 4: 34}","{3: 232, 2: 68}","{1: 253, 2: 44, 0: 3}","{1: 294, 2: 1, 0: 5}","{1: 219, 0: 35, 2: 46}","{1: 215, 2: 39, 0: 46}",0.0846542565853231,0.021326933411292832,0.1086346595168006,0.12742340854999482,0.17491152054026948,0.053788926435123334,0.23465462928487246,0.19312706896317297,,,,
7180,1,max_steps,3,0,0,19.948699997624907,3000,,,0.22513147694456007,0.1,1.1350301504135132,12.319076538085938,-33.452232360839844,386.7594909667969,0.0,25.94869999762488,1413,-5.999999999999561,0.0,0.0,0.006649566665874969,"{4: 23, 5: 58, 6: 219}","{6: 204, 5: 96}",{1: 300},"{1: 299, 2: 1}","{1: 281, 0: 14, 2: 5}","{1: 271, 0: 16, 2: 13}",0.026767265692847896,0.007929924661297667,0.041658916581159125,0.06162815605817489,0.11067436106434299,0.0267252774236958,0.15091663056745702,0.14931839664434554,,,,
7190,1,max_steps,3,1,0,532.3502637272308,3000,1529.0,1529.0,0.22400834891493399,0.1,1.1399438381195068,12.411931991577148,-33.452232360839844,409.3720703125,500.0,38.34826372722405,1490,-5.9979999999995615,0.0,0.0,0.17745008790907693,"{2: 145, 1: 64, 0: 91}","{0: 7, 1: 9, 2: 11, 3: 142, 6: 19, 5: 31, 4: 81}",{1: 300},"{1: 272, 0: 23, 2: 5}","{1: 292, 0: 8}","{1: 286, 0: 10, 2: 4}",0.02866080743089322,0.030234468223998612,0.034804154224999065,0.02729452331602552,0.09018122219353514,0.0586437091717564,0.11443178467528155,0.1347932273914332,0.10133227402818465,0.02750534028770251,0.04546747494709794,0.12043234341648695
7200,1,crash,3,1,1,409.6703564193274,2689,1178.0,1178.0,0.22289082390709786,0.1,1.1409212350845337,12.438898086547852,-33.452232360839844,405.7782897949219,500.0,36.8001322905017,1317,-5.37599999999963,-41.7537758711811,-80.0,0.15235044864980565,"{1: 26, 0: 53, 2: 35, 3: 3, 4: 33, 5: 72, 6: 46}","{4: 52, 3: 65, 0: 51, 1: 63, 2: 37}","{1: 254, 0: 14}","{1: 255, 2: 6, 0: 7}","{1: 247, 0: 21}","{1: 236, 2: 20, 0: 12}",0.05113033897197007,0.02557478892250208,0.06920925997223948,0.08085050189821576,0.12082627980023407,0.056753252738299946,0.1606560533415962,0.16298542231348292,0.11608126671152343,0.04292495991647332,0.15059874471800355,0.037092823210153524
7210,1,max_steps,3,1,0,515.7956740279452,3000,2478.0,2478.0,0.22177887396889273,0.1,1.1450356245040894,12.477673530578613,-33.452232360839844,401.6918029785156,500.0,21.793674027942526,1640,-5.9979999999995615,0.0,0.0,0.1719318913426484,"{4: 194, 3: 53, 0: 53}","{3: 113, 2: 126, 1: 12, 0: 49}",{1: 300},"{1: 261, 2: 28, 0: 11}",{1: 300},"{1: 298, 0: 1, 2: 1}",0.025131146907704613,0.01900575140550599,0.03280469983946778,0.030746516821657223,0.0516468765845685,0.06396701242001579,0.06946309595100697,0.09860347378834933,0.09297080130138939,0.08338898549776569,0.0880144830241908,0.06574272383568053
7220,1,max_steps,3,0,0,7.9263726144648405,3000,,,0.22067247128760653,0.1,1.1495381593704224,12.497000694274902,-33.05602264404297,388.49151611328125,0.0,13.926372614464949,1319,-5.999999999999561,0.0,0.0,0.0026421242048216137,"{4: 183, 3: 26, 5: 63, 6: 28}","{3: 271, 4: 29}",{1: 300},"{1: 299, 0: 1}",{1: 300},{1: 300},0.02468439911210737,0.018994892714342126,0.03349237724614361,0.035934239205573495,0.07573286469051721,0.04295099927828936,0.09766603266807557,0.10180105795649455,0.059932313299623674,0.03744450409327638,0.08075704072756798,0.10552995483495986
7230,1,max_steps,3,2,0,1010.7002014115924,3000,506.5,506.5,0.2195715881892781,0.1,1.1582436561584473,12.585927963256836,-32.60725402832031,426.0516662597656,1000.0,56.74335900333468,2123,-5.995999999999562,-40.047157591736976,0.0,0.33690006713719745,"{3: 101, 6: 179, 5: 20}","{6: 20, 5: 41, 4: 17, 3: 139, 2: 52, 0: 24, 1: 7}","{1: 285, 2: 6, 0: 9}","{1: 242, 2: 6, 0: 52}","{1: 281, 2: 7, 0: 12}","{1: 268, 0: 18, 2: 14}",0.021175413252608966,0.03758536253396455,0.030382690552526265,0.03182199146022973,0.13359944448958272,0.08853807591973784,0.1591307090708588,0.15227942843841477,0.026376905483781153,0.07514514110507722,0.033814075414824125,0.02761513130763575
7240,1,max_steps,3,2,0,1054.516447518413,3000,1255.5,1255.5,0.21847619713800526,0.1,1.1680537462234497,12.664151191711426,-32.60725402832031,398.6221923828125,1000.0,60.512447518419435,2334,-5.995999999999562,0.0,0.0,0.3515054825061377,"{5: 50, 4: 86, 3: 30, 0: 34, 1: 34, 2: 17, 6: 49}","{4: 21, 3: 164, 2: 91, 0: 17, 1: 7}","{1: 294, 0: 6}","{1: 266, 2: 8, 0: 26}","{1: 280, 2: 4, 0: 16}","{1: 270, 2: 13, 0: 17}",0.04006284945338125,0.026624886820428337,0.050275969193943226,0.05209000545201041,0.12189932099950744,0.06080230250166533,0.15510168392494822,0.14981416463062294,0.09721672716468502,0.03153699346026298,0.07393213826060574,0.04898572044306461
7250,1,max_steps,3,1,0,523.5839288406073,3000,2157.0,2157.0,0.21738627073525593,0.1,1.173414707183838,12.744848251342773,-33.61475372314453,426.3611755371094,500.0,29.581928840603958,1778,-5.9979999999995615,0.0,0.0,0.17452797628020245,"{1: 61, 2: 232, 3: 7}","{2: 13, 3: 210, 4: 77}",{1: 300},"{1: 291, 0: 4, 2: 5}","{1: 293, 0: 7}","{1: 294, 0: 3, 2: 3}",0.02333488747240965,0.014750169251005255,0.03791746851235478,0.04116949822491532,0.07200937749366325,0.041944250199241535,0.08870341107711358,0.10328931563534037,0.08600457786055238,0.02619060142266047,0.03893983374819121,0.09328468571280416
7260,1,max_steps,3,2,0,1033.2441372170479,3000,1078.5,1078.5,0.216301781719183,0.1,1.1848043203353882,12.794119834899902,-33.09497833251953,404.1641540527344,1000.0,39.240137217050574,1962,-5.995999999999562,0.0,0.0,0.3444147124056826,"{2: 135, 3: 114, 4: 51}","{0: 3, 1: 12, 2: 16, 3: 70, 4: 105, 5: 94}",{1: 300},"{1: 282, 0: 18}","{1: 291, 0: 2, 2: 7}","{1: 283, 2: 10, 0: 7}",0.04122316517933737,0.015505784640093077,0.06516412935493723,0.06745270730753367,0.11305328959162135,0.05276236465395737,0.1488579797740285,0.1452186643051544,0.12810308116143648,0.028035946997146313,0.16943851300387724,0.13408122954182097
7270,1,max_steps,3,0,0,45.748064845353916,3000,,,0.2152227029639421,0.1,1.1862951517105103,12.767848014831543,-33.09497833251953,406.60174560546875,0.0,51.74806484535398,1807,-5.999999999999561,0.0,0.0,0.015249354948451305,"{6: 177, 5: 86, 4: 37}","{6: 6, 5: 41, 4: 27, 3: 226}","{1: 275, 2: 17, 0: 8}","{1: 285, 2: 14, 0: 1}","{1: 257, 2: 24, 0: 19}","{1: 214, 2: 37, 0: 49}",0.047871953755686966,0.018796956540572132,0.06937636037446551,0.11261100086280997,0.14648679715741958,0.05206314011565644,0.20657856062723323,0.2295894663169552,,,,
7280,1,max_steps,3,0,0,63.47511988853754,3000,,,0.21414900747901341,0.1,1.1875908374786377,12.774370193481445,-32.60725402832031,404.4940185546875,0.0,69.47511988853769,1425,-5.999999999999561,0.0,0.0,0.02115837329617918,"{5: 107, 6: 133, 4: 60}","{3: 229, 4: 65, 2: 6}","{1: 217, 2: 45, 0: 38}","{1: 293, 0: 4, 2: 3}","{1: 191, 0: 56, 2: 53}","{1: 174, 0: 72, 2: 54}",0.08701420875509715,0.012138063105421296,0.13553714877354728,0.13665356849871096,0.20553052049627635,0.0387724393930236,0.2932498739509336,0.3754335375707753,,,,
7290,1,max_steps,3,0,0,52.41571445903725,3000,,,0.21308066840852652,0.1,1.1857737302780151,12.703619003295898,-35.77857208251953,395.10760498046875,0.0,58.41571445903744,1749,-5.999999999999561,0.0,0.0,0.01747190481967908,"{6: 107, 5: 142, 4: 51}","{2: 13, 3: 152, 4: 135}","{1: 282, 2: 6, 0: 12}","{1: 297, 0: 3}","{1: 264, 2: 18, 0: 18}","{1: 249, 0: 30, 2: 21}",0.05684743329623411,0.012804169807581714,0.08132855081222602,0.08146275334733745,0.1360769563693555,0.041887747062396084,0.18685597971632012,0.2360750328849093,,,,
7300,1,max_steps,3,0,0,33.97293498414967,3000,,,0.21201765903058856,0.1,1.1938402652740479,12.771807670593262,-35.299320220947266,390.33123779296875,0.0,44.65680216158407,1313,-5.999999999999561,-4.683867177434192,0.0,0.011324311661383223,"{5: 90, 4: 33, 6: 177}","{6: 38, 5: 64, 4: 25, 3: 173}","{1: 290, 0: 6, 2: 4}","{1: 295, 2: 5}","{1: 260, 0: 24, 2: 16}","{1: 252, 0: 31, 2: 17}",0.0717756135095185,0.026499135246171427,0.09111477327268473,0.09581094369572907,0.13542072791624918,0.05250717765054932,0.1903528982771566,0.1559220138993623,,,,
7310,1,crash,3,2,1,920.8629601585087,2782,1031.5,1031.5,0.21095995275661603,0.1,1.1998274326324463,12.804513931274414,-33.638370513916016,400.3373718261719,1000.0,41.71262357686106,1893,-5.55999999999961,-35.28966341834459,-80.0,0.33100753420507145,"{0: 18, 1: 41, 2: 50, 3: 50, 4: 47, 6: 72}","{0: 8, 1: 54, 2: 60, 3: 119, 5: 26, 4: 11}","{1: 269, 0: 9}","{1: 207, 0: 47, 2: 24}","{1: 269, 0: 9}","{1: 273, 2: 1, 0: 4}",0.04295958975603398,0.04439864621331299,0.060621410609729455,0.06928085768742445,0.0823604087286479,0.07397974023975273,0.12135901358770915,0.1238405853969513,0.15585163372121502,0.06507033139311487,0.1318611450113706,0.14658885339314182
7320,1,max_steps,3,1,0,540.5915255424763,3000,939.0,939.0,0.2099075231306695,0.1,1.2045899629592896,12.84522533416748,-33.141632080078125,401.8543701171875,500.0,46.58952554246725,1896,-5.9979999999995615,0.0,0.0,0.18019717518082545,"{5: 53, 4: 40, 0: 77, 1: 18, 2: 112}","{5: 32, 4: 35, 3: 201, 2: 32}",{1: 300},"{1: 291, 2: 9}","{1: 296, 2: 4}","{1: 277, 0: 20, 2: 3}",0.019349870764054814,0.015574348863596252,0.03346261537625479,0.03879963733779541,0.10076800419976135,0.04014448029287177,0.13133765846848297,0.1446443043988619,0.1290422018095306,0.02058935991423689,0.12625971991267923,0.16630842626066528
7330,1,max_steps,3,0,0,21.291056615587273,3000,,,0.208860343828792,0.1,1.2109657526016235,12.909137725830078,-33.141632080078125,403.5216369628906,0.0,27.29105661558729,1306,-5.999999999999561,0.0,0.0,0.007097018871862424,{0: 300},"{1: 166, 0: 36, 2: 18, 3: 41, 4: 39}",{1: 300},"{1: 286, 0: 14}","{1: 295, 0: 5}","{1: 294, 0: 3, 2: 3}",0.026829953326956178,0.017777886336010074,0.0347646683699153,0.03452466355854816,0.08748599576665113,0.05728219495187168,0.10715510378261754,0.1339809083591946,,,,
7340,1,max_steps,3,0,0,43.43630780896028,3000,,,0.2078183886583507,0.1,1.214827299118042,12.954131126403809,-34.038291931152344,401.0165710449219,0.0,49.43630780896032,1505,-5.999999999999561,0.0,0.0,0.014478769269653427,"{5: 79, 6: 161, 4: 60}","{0: 12, 1: 32, 2: 153, 3: 103}","{1: 275, 2: 15, 0: 10}","{1: 283, 0: 16, 2: 1}","{1: 269, 0: 17, 2: 14}","{1: 267, 0: 22, 2: 11}",0.06830261273904907,0.01721451984586951,0.07216261125706894,0.08616654043652205,0.14516938435879545,0.05582872959490033,0.18114064794548396,0.15132628534547088,,,,
7350,1,crash,3,0,1,-86.7042470232212,1092,,,0.20678163155738163,0.1,1.2156850099563599,12.964634895324707,-33.5478515625,398.3759460449219,0.0,4.489798128457574,276,-2.183999999999981,-9.01004515167882,-80.0,-0.07939949361100843,"{6: 79, 5: 30}","{3: 23, 2: 75, 1: 11}","{1: 84, 0: 25}","{1: 100, 2: 9}","{1: 83, 0: 26}","{1: 92, 2: 3, 0: 14}",0.07716249933178176,0.014017353108815706,0.11173561245453964,0.08895402101842982,0.17340363504718564,0.05956205306177382,0.2186980227935935,0.15519969989141744,,,,
7360,1,crash,3,1,1,442.9486699474392,2596,1898.0,1898.0,0.20575004659393778,0.1,1.2222050428390503,13.020204544067383,-34.146522521972656,400.5543518066406,500.0,57.834740645059746,1700,-5.1899999999996504,-29.696070697621675,-80.0,0.17062737671318923,"{6: 116, 5: 42, 4: 29, 3: 2, 0: 69, 1: 1}","{5: 118, 6: 42, 4: 22, 3: 69, 2: 8}","{1: 251, 2: 8}","{1: 213, 0: 9, 2: 37}","{1: 233, 2: 18, 0: 8}","{1: 227, 0: 29, 2: 3}",0.08094050764138422,0.030382505797213362,0.08712693815438591,0.09190497079180951,0.13545309801741404,0.062197267074994685,0.17983830383023058,0.15361233147493125,0.15853096380286502,0.04277660653330807,0.14672493830692498,0.18285594046054565
7370,1,crash,3,1,1,420.28690314550795,2624,1729.0,1729.0,0.20472360796544056,0.1,1.2237982749938965,13.016295433044434,-35.258148193359375,403.0959167480469,500.0,20.873891074907647,1467,-5.245999999999644,-15.340987929403926,-80.0,0.1601703136987454,"{2: 150, 1: 20, 3: 2, 5: 10, 6: 80}","{4: 66, 3: 150, 2: 18, 1: 17, 0: 11}",{1: 262},"{1: 209, 2: 15, 0: 38}","{1: 254, 0: 8}","{1: 248, 0: 8, 2: 6}",0.022483264250217738,0.0514415683888777,0.029085640261305785,0.026087306115279638,0.08937994043750494,0.06269473866471988,0.10005341474976512,0.09394184637802598,0.08232983735003895,0.04598315510033998,0.08354997953242922,0.04449987075800272
7380,1,max_steps,3,0,0,29.131967449457846,3000,,,0.20370228999803439,0.1,1.2265973091125488,13.03388500213623,-35.258148193359375,403.0959167480469,0.0,35.13196744945795,1338,-5.999999999999561,0.0,0.0,0.009710655816485949,"{5: 77, 4: 77, 6: 139, 3: 7}","{5: 26, 4: 15, 3: 246, 2: 13}",{1: 300},"{1: 286, 2: 13, 0: 1}","{1: 288, 0: 9, 2: 3}","{1: 289, 2: 6, 0: 5}",0.053088177334965084,0.02053870949193337,0.06916815538028377,0.06709266786390158,0.12654964264220314,0.050805020735527916,0.14801313291559373,0.13995573887228754,0.05927509119072618,0.023090219617958367,0.13158120107550011,0.12491644418059045
7390,1,max_steps,3,0,0,31.19838719782455,3000,,,0.20268606714594445,0.1,1.2313299179077148,13.016023635864258,-34.71411895751953,403.0959167480469,0.0,37.19838719782465,1394,-5.999999999999561,0.0,0.0,0.010399462399274851,"{4: 54, 3: 66, 2: 25, 5: 93, 6: 62}","{2: 139, 3: 161}","{1: 290, 0: 2, 2: 8}","{1: 293, 0: 7}","{1: 269, 0: 11, 2: 20}","{1: 243, 0: 36, 2: 21}",0.06590406802565538,0.013445639877739154,0.08001107919028332,0.08774538092851841,0.132904885640056,0.03758837281292653,0.1810653514037725,0.16724248641017317,0.05530799293855038,0.03340292594473914,0.039922382744791075,0.06743134660287528
7400,1,max_steps,3,1,0,526.7967439562261,3000,2049.0,2049.0,0.20167491399083792,0.1,1.2314746379852295,12.9948148727417,-34.03919982910156,403.0959167480469,500.0,32.79474395622028,1347,-5.9979999999995615,0.0,0.0,0.17559891465207536,"{5: 132, 6: 57, 4: 56, 3: 55}","{1: 73, 2: 69, 3: 62, 6: 70, 5: 20, 4: 6}","{1: 290, 2: 4, 0: 6}","{1: 272, 0: 24, 2: 4}","{1: 284, 2: 7, 0: 9}","{1: 280, 0: 13, 2: 7}",0.04306080721958469,0.022851034585045418,0.06270495364662902,0.08388685778654192,0.1217287549294363,0.059108663553105005,0.1647952383028511,0.1470099258905497,0.08415241269083351,0.06733294029096668,0.11685912148904953,0.1430948346029664
7410,1,crash,3,1,1,428.769058687673,1355,886.0,886.0,0.20066880524118794,0.1,1.2370532751083374,13.042640686035156,-34.03919982910156,403.0959167480469,500.0,22.048541091532364,756,-2.7079999999999234,-10.571482403863161,-80.0,0.31643472965879926,"{1: 65, 2: 17, 3: 6, 6: 47}","{6: 17, 5: 35, 4: 32, 3: 4, 0: 47}","{1: 133, 0: 2}","{1: 121, 2: 14}","{1: 122, 0: 13}","{1: 122, 0: 9, 2: 4}",0.03891412297169173,0.03629186783008194,0.04803396000147925,0.06022911935817025,0.13614979879153222,0.05976069013143426,0.1754666548485933,0.1485822702269923,0.10341531978748442,0.03681571078181095,0.04399904304217245,0.10891940139195354
7420,1,max_steps,3,1,0,517.3913012354133,3000,980.0,980.0,0.1996677157316412,0.1,1.2415488958358765,13.084829330444336,-33.595218658447266,403.0959167480469,500.0,23.389301235403558,1571,-5.9979999999995615,0.0,0.0,0.17246376707847108,"{3: 61, 2: 36, 1: 131, 0: 72}","{1: 12, 2: 45, 3: 99, 6: 22, 5: 22, 4: 100}",{1: 300},"{1: 268, 0: 18, 2: 14}","{1: 295, 2: 5}","{1: 292, 2: 8}",0.013735179110532049,0.03095718745357995,0.023430748587690807,0.026893617583710616,0.1072866349035964,0.060074634344955934,0.12772096562403598,0.11601596550377795,0.026612329577017025,0.06102189244421189,0.03592618403246733,0.028398642708027107
7430,1,max_steps,3,2,0,1043.2424966192846,3000,1467.0,1467.0,0.19867162042238845,0.1,1.2460381984710693,13.117812156677246,-33.595218658447266,403.0959167480469,1000.0,62.76885675773483,2594,-5.995999999999562,-13.530360138451,0.0,0.34774749887309486,"{6: 56, 5: 9, 4: 59, 3: 127, 2: 42, 0: 7}","{0: 20, 1: 8, 2: 22, 3: 103, 6: 65, 5: 66, 4: 16}","{1: 290, 2: 10}","{1: 246, 0: 29, 2: 25}","{1: 290, 2: 10}","{1: 287, 2: 2, 0: 11}",0.017123041687544742,0.04266677472287285,0.024388293699531126,0.025529135564085776,0.07424190752338744,0.06265795807633767,0.10048133261874677,0.12274285029477536,0.06750317177278826,0.060381776121792616,0.11932014441556195,0.1038228890024217
7440,1,max_steps,3,1,0,524.7682247207928,3000,547.0,547.0,0.19768049439853805,0.1,1.2511515617370605,13.16277027130127,-33.595218658447266,398.3346252441406,500.0,30.766224720785566,2168,-5.9979999999995615,0.0,0.0,0.17492274157359758,"{5: 17, 4: 24, 3: 13, 0: 134, 1: 112}","{3: 229, 2: 11, 4: 60}",{1: 300},"{1: 298, 0: 2}",{1: 300},{1: 300},0.012841818472689696,0.012749164416223533,0.01563068262482069,0.021184362661519802,0.0642141969348528,0.03598185817295534,0.08329266744750596,0.06710055311124101,0.0734637939090448,0.03415356485241386,0.09996547972666357,0.1384610725192778
7450,1,max_steps,3,1,0,511.92042141716865,3000,452.0,452.0,0.1966943128694931,0.1,1.259763479232788,13.264565467834473,-33.595218658447266,417.5037536621094,500.0,17.918421417152203,1214,-5.9979999999995615,0.0,0.0,0.17064014047238954,"{4: 40, 3: 5, 1: 7, 0: 248}","{1: 4, 2: 15, 3: 26, 6: 255}",{1: 300},"{1: 290, 0: 10}",{1: 300},"{1: 298, 0: 2}",0.015705670223002184,0.018514381117549793,0.022040113981583315,0.025522743007849624,0.07631836632352659,0.03808939761210885,0.10376285547576342,0.09306334382313228,0.12077360872862247,0.04169990464388215,0.17478357176030923,0.05003101396985239
7460,1,max_steps,3,0,0,29.282103347787046,3000,,,0.19571305116833096,0.1,1.261510968208313,13.285774230957031,-33.6265869140625,403.6827697753906,0.0,35.28210334778716,1409,-5.999999999999561,0.0,0.0,0.009760701115929015,"{6: 251, 5: 49}","{5: 1, 4: 56, 3: 231, 2: 12}","{1: 286, 0: 11, 2: 3}","{1: 284, 2: 11, 0: 5}","{1: 273, 0: 19, 2: 8}","{1: 255, 0: 33, 2: 12}",0.04798925343645223,0.02317607481476054,0.07204366814432517,0.0716165267939173,0.1254858857439319,0.054438063331661825,0.17196673250999786,0.19675362926713416,,,,
7470,1,max_steps,3,0,0,53.17235992021456,3000,,,0.19473668475118644,0.1,1.2633419036865234,13.259974479675293,-33.6265869140625,416.5734558105469,0.0,59.172359920214696,1664,-5.999999999999561,0.0,0.0,0.017724119973404853,"{6: 110, 5: 46, 4: 125, 3: 19}","{3: 125, 2: 175}","{1: 255, 2: 14, 0: 31}","{1: 294, 2: 2, 0: 4}","{1: 247, 2: 20, 0: 33}","{1: 230, 2: 31, 0: 39}",0.0728395773612333,0.010571881923259514,0.08842180077577887,0.09211134003343704,0.17918901702493964,0.03461892582113974,0.23326997198264937,0.21791264578628478,0.08511346246617398,0.02374336927263608,0.1390458423629826,0.16277303161838225
7480,1,max_steps,3,0,0,5.506702274246838,3000,,,0.1937651891966382,0.1,1.2646631002426147,13.291112899780273,-33.595218658447266,416.5734558105469,0.0,51.38385765080235,1333,-5.999999999999561,-39.877155376555436,0.0,0.001835567424748946,"{4: 52, 5: 44, 6: 204}","{1: 19, 2: 87, 3: 194}","{1: 260, 2: 34, 0: 6}","{1: 281, 0: 19}","{1: 256, 2: 37, 0: 7}","{1: 267, 0: 18, 2: 15}",0.06724008591501351,0.026451221761377697,0.07930491715297024,0.06191362363137126,0.16885112440471076,0.05862457397545972,0.2001447802473346,0.15371599473701103,,,,
7490,1,max_steps,3,0,0,15.136461145401247,3000,,,0.1927985402050974,0.1,1.2684111595153809,13.345465660095215,-34.20185852050781,426.30633544921875,0.0,21.136461145401306,1153,-5.999999999999561,0.0,0.0,0.005045487048467082,"{4: 96, 5: 185, 6: 19}","{2: 227, 1: 59, 3: 14}",{1: 300},"{1: 298, 0: 1, 2: 1}","{1: 293, 0: 7}","{1: 283, 2: 1, 0: 16}",0.04153725956391842,0.016551690201130762,0.05485825931445845,0.05986614369292777,0.09050617572605492,0.04281357245429262,0.10498207854463218,0.13923375643017424,,,,
7500,1,max_steps,3,2,0,1056.5553109255284,3000,1179.5,1179.5,0.19183671359820015,0.1,1.2703841924667358,13.321809768676758,-36.595943450927734,416.5734558105469,1000.0,62.55131092553544,2376,-5.995999999999562,0.0,0.0,0.3521851036418428,"{0: 57, 1: 25, 2: 52, 3: 50, 5: 41, 4: 75}","{0: 13, 1: 21, 2: 17, 3: 90, 6: 95, 5: 48, 4: 16}","{1: 278, 2: 22}","{1: 262, 0: 19, 2: 19}","{1: 275, 0: 3, 2: 22}","{1: 285, 0: 14, 2: 1}",0.026979998014263762,0.026158745341126,0.039269081089660075,0.0525350637775419,0.132751720525736,0.06070702702347421,0.1598441114234243,0.13761798320817675,0.06429984347597376,0.05781909130677153,0.04758495119314086,0.08212468771774394
7510,1,crash,3,0,1,-77.41136344698825,2690,,,0.1908796853182029,0.1,1.2717866897583008,13.311708450317383,-36.595943450927734,424.336669921875,0.0,31.605705660036453,1068,-5.3799999999996295,-23.637069107024583,-80.0,-0.028777458530478903,"{5: 75, 4: 79, 6: 115}","{3: 175, 2: 21, 4: 40, 5: 33}","{1: 250, 0: 19}","{1: 252, 2: 1, 0: 16}","{1: 217, 2: 10, 0: 42}","{1: 178, 0: 55, 2: 36}",0.07626199191200522,0.02489829912357821,0.10990769164169233,0.13533970347642638,0.1398169047384705,0.057062330281064506,0.20173483709661055,0.2292199322944075,,,,
7520,1,crash,3,0,1,-64.41406591989102,2729,,,0.18992743142738036,0.1,1.2763751745224,13.378276824951172,-36.595943450927734,419.5729064941406,0.0,34.510604844066336,1168,-5.457999999999621,-13.466670763957243,-80.0,-0.023603541927406015,{6: 272},"{4: 206, 5: 66}","{1: 243, 0: 29}",{1: 272},"{1: 209, 0: 50, 2: 13}","{1: 134, 0: 67, 2: 71}",0.07787153704393371,0.01156562588808761,0.10975796101088495,0.15053104827709102,0.15120275968642272,0.04298131501272854,0.21032712653979105,0.23170762304671746,,,,
7530,1,max_steps,3,1,0,538.0960528443289,3000,1675.0,1675.0,0.18897992810742698,0.1,1.2829643487930298,13.35610580444336,-36.595943450927734,406.6942138671875,500.0,44.094052844324615,1788,-5.9979999999995615,0.0,0.0,0.17936535094810965,"{4: 43, 3: 17, 2: 85, 1: 81, 0: 74}","{5: 20, 4: 45, 3: 149, 0: 5, 1: 51, 2: 30}",{1: 300},"{1: 296, 2: 1, 0: 3}","{1: 281, 2: 13, 0: 6}","{1: 272, 2: 11, 0: 17}",0.037895234365113176,0.0189976963317246,0.05078976340415135,0.060675294946733384,0.12069825255486763,0.04414323477129251,0.15510400102413902,0.14941628101298676,0.14811306494161305,0.053132730201091195,0.171166176963194,0.1500455070686349
7540,1,max_steps,3,1,0,556.8016650744584,3000,1756.0,1756.0,0.18803715165886112,0.1,1.2868455648422241,13.34839916229248,-36.595943450927734,406.6942138671875,500.0,62.799665074454616,1905,-5.9979999999995615,0.0,0.0,0.18560055502481945,"{5: 50, 4: 112, 3: 13, 0: 35, 1: 50, 2: 40}","{3: 223, 2: 49, 1: 4, 4: 24}",{1: 300},"{1: 269, 2: 6, 0: 25}","{1: 287, 2: 8, 0: 5}","{1: 248, 2: 22, 0: 30}",0.07315319199105125,0.02836263643417626,0.0984245398201824,0.10746262956256125,0.11314812778897435,0.06024704488085337,0.16309724210378396,0.16436000007540885,0.08834107293971462,0.07920042065708237,0.16457580325147386,0.2050208616939912
7550,1,crash,3,0,1,-81.27375884136899,2079,,,0.1870990785004323,0.1,1.2872892618179321,13.342981338500977,-36.595943450927734,406.6942138671875,0.0,37.61175230817821,890,-4.157999999999764,-34.72751114954723,-80.0,-0.03909271709541558,"{0: 174, 1: 30, 2: 3}","{5: 74, 4: 21, 3: 75, 2: 28, 1: 9}","{1: 199, 0: 8}","{1: 197, 2: 10}","{1: 195, 0: 12}","{1: 179, 2: 12, 0: 16}",0.06404336541480578,0.02373897347954837,0.0710750552053432,0.063343349700243,0.12967803920377496,0.05090138854990503,0.15971118869945364,0.1543543467406974,,,,
7560,1,max_steps,3,1,0,524.805590037938,3000,1712.0,1712.0,0.18616568516853138,0.1,1.2904032468795776,13.353204727172852,-36.595943450927734,403.7623291015625,500.0,30.80359003793492,2025,-5.9979999999995615,0.0,0.0,0.17493519667931268,"{3: 162, 2: 138}","{6: 17, 5: 53, 4: 93, 3: 8, 0: 129}",{1: 300},"{1: 269, 2: 24, 0: 7}",{1: 300},{1: 300},0.016081074709237555,0.016389298193470528,0.026018463703071912,0.02932821454808134,0.06610667966991757,0.060248974078185864,0.08356565301065765,0.08351863393079968,0.08200071684607758,0.0374516860087439,0.10447695392553473,0.05227966878560642
7570,1,max_steps,3,2,0,1060.6435175057272,3000,389.5,389.5,0.18523694831660364,0.1,1.2971900701522827,13.424357414245605,-36.595943450927734,405.2967529296875,1000.0,66.63951750574861,2091,-5.995999999999562,0.0,0.0,0.35354783916857574,"{1: 17, 2: 52, 3: 8, 6: 168, 5: 26, 4: 29}","{3: 259, 2: 16, 5: 9, 4: 16}","{1: 291, 2: 9}","{1: 285, 2: 15}","{1: 281, 0: 8, 2: 11}","{1: 275, 0: 20, 2: 5}",0.04925584323479068,0.023099694009759166,0.06319704439339204,0.0788944879235172,0.12000568041802936,0.05705289283282146,0.15958723755984144,0.14589635166916914,0.13337060852110402,0.039339403415588864,0.11484882885863076,0.0795634712390525
7580,1,max_steps,3,1,0,520.3318325276987,3000,2809.0,2809.0,0.18431284471456483,0.1,1.3026705980300903,13.378132820129395,-36.595943450927734,398.3262634277344,500.0,26.32983252769812,2022,-5.9979999999995615,0.0,0.0,0.17344394417589956,"{3: 90, 2: 190, 6: 14, 5: 6}","{0: 73, 1: 8, 2: 91, 3: 128}",{1: 300},"{1: 281, 0: 19}",{1: 300},"{1: 298, 0: 1, 2: 1}",0.019902528234719226,0.01833803927512153,0.029888976874232448,0.030319374520263162,0.07232204187233275,0.05250315145331274,0.0988826866770534,0.11369316208626935,0.04010665078141805,0.05392987217396129,0.07376622197321103,0.05376310785025546
7590,1,max_steps,3,0,0,20.434683468569634,3000,,,0.18339335124822012,0.1,1.3060879707336426,13.388521194458008,-36.595943450927734,410.2560119628906,0.0,26.434683468569755,1673,-5.999999999999561,0.0,0.0,0.006811561156189878,"{1: 36, 2: 187, 3: 77}","{2: 226, 3: 44, 1: 30}",{1: 300},"{1: 295, 0: 5}","{1: 297, 0: 3}","{1: 299, 0: 1}",0.022533144901193666,0.007855625444061176,0.03597144771942477,0.047580335656728916,0.07645540625951133,0.03984572750383565,0.09573853178909264,0.11298648598012707,0.052507633499122575,0.04347721567744512,0.05555366170489852,0.07146923702419462
7600,1,max_steps,3,0,0,21.725020376900886,3000,,,0.182478444918686,0.1,1.3052159547805786,13.359647750854492,-36.595943450927734,410.2560119628906,0.0,27.72502037690091,1658,-5.999999999999561,0.0,0.0,0.007241673458966962,"{0: 264, 1: 25, 2: 11}","{3: 287, 2: 13}",{1: 300},"{1: 298, 0: 2}","{1: 289, 0: 5, 2: 6}","{1: 283, 0: 4, 2: 13}",0.02500219886946366,0.012847606790448557,0.03500175691346646,0.03292937910704691,0.1103273361827881,0.027744051465088963,0.1315296405915023,0.14309932291767624,,,,
7610,1,max_steps,3,0,0,50.18326601988844,3000,,,0.18156810284181496,0.1,1.3056808710098267,13.380264282226562,-36.595943450927734,429.1251220703125,0.0,69.74392359072621,1572,-5.999999999999561,-13.56065757083767,0.0,0.016727755339962815,"{6: 164, 5: 58, 4: 39, 3: 21, 2: 18}","{6: 40, 5: 102, 4: 69, 3: 89}","{1: 212, 2: 58, 0: 30}","{1: 267, 2: 30, 0: 3}","{1: 189, 2: 66, 0: 45}","{1: 203, 0: 55, 2: 42}",0.08743935651393502,0.016443943165465942,0.12439238190036774,0.10253545768544296,0.20592393113530577,0.060162982461927104,0.24226628818894322,0.26143962970031087,,,,
7620,1,max_steps,3,0,0,12.401781916325191,3000,,,0.18066230224762303,0.1,1.308916449546814,13.333827018737793,-36.595943450927734,393.0896911621094,0.0,18.401781916325287,1616,-5.999999999999561,0.0,0.0,0.004133927305441731,"{5: 25, 4: 231, 3: 44}","{3: 236, 2: 64}",{1: 300},"{1: 298, 2: 2}",{1: 300},"{1: 299, 0: 1}",0.012737325386819829,0.013022117731122915,0.018113759199055442,0.01970498442369384,0.050117572070226934,0.03488861637975213,0.07710275425815301,0.060054235722691564,0.04454950187949257,0.02534591647070572,0.07778340644718924,0.049393424279711454
7630,1,max_steps,3,0,0,35.933292179931854,3000,,,0.1797610204797205,0.1,1.3119120597839355,13.354212760925293,-36.595943450927734,391.7938537597656,0.0,41.93329217993201,1217,-5.999999999999561,0.0,0.0,0.011977764059977285,"{6: 92, 5: 133, 4: 75}","{3: 198, 4: 102}","{1: 282, 2: 18}","{1: 298, 0: 1, 2: 1}","{1: 273, 2: 19, 0: 8}","{1: 260, 2: 14, 0: 26}",0.05842643323305309,0.014653025925287173,0.07851441592480843,0.07999900656578797,0.11851889606982557,0.04294622379644175,0.17183444693695166,0.15305823866058832,,,,
7640,1,crash,3,0,1,-86.53176623700301,1128,,,0.178864234994745,0.1,1.3137534856796265,13.327855110168457,-36.595943450927734,391.7938537597656,0.0,16.340766177776132,717,-2.255999999999973,-20.616532414779144,-80.0,-0.07671255872074735,"{6: 86, 5: 26}","{0: 8, 1: 8, 2: 15, 3: 76, 4: 5}",{1: 112},"{1: 77, 0: 35}",{1: 112},"{1: 101, 2: 3, 0: 8}",0.021077496726606554,0.043976692236226446,0.042916054039290635,0.08031196381444446,0.08947461580278286,0.08669025475138838,0.12348017295053007,0.1484327093971356,,,,
7650,1,crash,3,0,1,-111.37670090308197,1127,,,0.1779719233617977,0.1,1.3237122297286987,13.431360244750977,-36.595943450927734,419.3106994628906,0.0,11.519558777875044,597,-2.2539999999999734,-40.642259680957025,-80.0,-0.09882582156440281,"{4: 101, 3: 11}","{6: 18, 5: 19, 4: 10, 3: 42, 2: 23}",{1: 112},"{1: 92, 2: 20}",{1: 112},"{1: 110, 0: 2}",0.0330612521259922,0.04503741479369816,0.04608984172857997,0.057406075631328435,0.07402653149444917,0.07874564673536545,0.10115282200725491,0.1124192911079777,0.06395914799133542,0.07759753409235909,0.04303824481986677,0.10279269325126064
7660,1,max_steps,3,1,0,560.861336498605,3000,2861.0,2861.0,0.17708406326188228,0.1,1.3310456275939941,13.46738052368164,-36.595943450927734,387.5603942871094,500.0,66.85933649860516,1777,-5.9979999999995615,0.0,0.0,0.18695377883286834,"{6: 90, 5: 108, 4: 66, 3: 22, 0: 14}","{4: 2, 3: 226, 2: 58, 0: 2, 1: 12}","{1: 262, 2: 28, 0: 10}","{1: 287, 2: 2, 0: 11}","{1: 248, 2: 35, 0: 17}","{1: 234, 2: 26, 0: 40}",0.06239690506774788,0.018252978556046358,0.0945899547993547,0.09582108290965388,0.16593550752806174,0.04125330025011801,0.2192247926349533,0.2719202644532304,0.05803362697993705,0.10065220503100525,0.10802620204608443,0.13305789973675058
7670,1,max_steps,3,2,0,1050.8064355605266,3000,1311.0,1311.0,0.17620063248734655,0.1,1.338821530342102,13.581579208374023,-36.595943450927734,405.73223876953125,1000.0,56.80243556052328,1991,-5.995999999999562,0.0,0.0,0.35026881185350883,"{3: 99, 2: 125, 4: 38, 0: 37, 1: 1}","{1: 108, 0: 33, 2: 39, 3: 120}","{1: 293, 0: 7}","{1: 264, 0: 35, 2: 1}","{1: 283, 2: 10, 0: 7}","{1: 292, 2: 2, 0: 6}",0.060912569891238305,0.01960818072372959,0.08012059403455923,0.058034224207223865,0.1300467090451017,0.06105617078671469,0.15243063832021186,0.13633579758879535,0.10047503987528439,0.014976451938634353,0.14432214670958615,0.07342246854418036
7680,1,max_steps,3,0,0,58.252248063452754,3000,,,0.17532160894132717,0.1,1.3439022302627563,13.635838508605957,-36.595943450927734,412.72265625,0.0,64.2522480634528,1549,-5.999999999999561,0.0,0.0,0.019417416021150918,"{6: 195, 5: 69, 4: 36}","{1: 5, 2: 151, 3: 144}","{1: 251, 2: 36, 0: 13}","{1: 291, 0: 9}","{1: 231, 2: 39, 0: 30}","{1: 209, 0: 54, 2: 37}",0.05595845270011353,0.013381663354144042,0.08145247871024675,0.1038566217754329,0.1890949282300423,0.03870955624596105,0.25808743902619735,0.2938069986414235,,,,
7690,1,max_steps,3,1,0,526.5947876441038,3000,1329.0,1329.0,0.1744469706371968,0.1,1.3531142473220825,13.753904342651367,-36.595943450927734,417.1058044433594,500.0,32.59278764409618,1537,-5.9979999999995615,0.0,0.0,0.17553159588136794,"{2: 119, 3: 13, 6: 168}","{3: 136, 4: 29, 1: 12, 2: 123}","{1: 291, 2: 9}","{1: 288, 2: 1, 0: 11}","{1: 268, 2: 23, 0: 9}","{1: 249, 2: 28, 0: 23}",0.02657267234651857,0.009404808449383139,0.036550590302324305,0.026230074113222673,0.1115683287220573,0.04135498256606945,0.19238388998564385,0.18390760850806667,0.033322697141430754,0.055853469159278794,0.051338170745486474,0.039140964133844484
7700,1,max_steps,3,0,0,75.5031157409916,3000,,,0.1735766956980143,0.1,1.3594439029693604,13.709515571594238,-36.595943450927734,417.1058044433594,0.0,81.50311574099173,1764,-5.999999999999561,0.0,0.0,0.025167705246997202,"{6: 151, 5: 58, 4: 91}","{4: 12, 3: 270, 2: 18}","{1: 211, 2: 51, 0: 38}","{1: 293, 2: 7}","{1: 185, 2: 57, 0: 58}","{1: 186, 2: 51, 0: 63}",0.0962178782773996,0.012017005243967639,0.13939047327486945,0.13157312860668252,0.1882267556813273,0.04816808993985612,0.25837989521299315,0.33352288626800425,0.08942931747893124,0.008019113746089053,0.2947412634847123,0.3404964063187039
7710,1,max_steps,3,1,0,538.4261412649239,3000,2443.0,2443.0,0.1727107623559773,0.1,1.361506700515747,13.745387077331543,-36.595943450927734,417.1058044433594,500.0,44.42414126492247,1404,-5.9979999999995615,0.0,0.0,0.1794753804216413,"{3: 76, 4: 114, 5: 24, 6: 86}","{0: 92, 1: 53, 2: 51, 3: 63, 5: 25, 4: 16}","{1: 279, 2: 21}","{1: 261, 0: 31, 2: 8}","{1: 279, 2: 21}","{1: 269, 2: 17, 0: 14}",0.02691533947283587,0.023398968230125796,0.03312279911363472,0.03730277230324061,0.11703322520177509,0.06171217335681442,0.15010882526480007,0.15079809128072952,0.200076728897934,0.05561711558581963,0.07216424859697336,0.3638235452754396
7720,1,max_steps,3,2,0,1057.3382148399146,3000,632.5,632.5,0.17184914895187806,0.1,1.3759349584579468,13.85634708404541,-36.595943450927734,405.6800537109375,1000.0,63.33421483993481,2107,-5.995999999999562,0.0,0.0,0.3524460716133049,"{6: 42, 5: 6, 4: 9, 3: 32, 1: 79, 2: 132}","{4: 18, 3: 89, 1: 43, 2: 150}","{1: 274, 2: 20, 0: 6}","{1: 268, 2: 10, 0: 22}","{1: 265, 2: 21, 0: 14}","{1: 268, 2: 15, 0: 17}",0.03016490366139389,0.028396882554386934,0.04652600295159367,0.048493055514137094,0.141471426017222,0.06017254434051337,0.20672898647193458,0.15681909233743146,0.14646682146595505,0.0580613336858216,0.05728557632903896,0.39123697870324725
7730,1,max_steps,3,1,0,552.2166007992367,3000,825.0,825.0,0.1709918339345614,0.1,1.3833377361297607,13.894221305847168,-36.595943450927734,425.9697265625,500.0,58.214600799228144,1666,-5.9979999999995615,0.0,0.0,0.18407220026641224,"{5: 36, 6: 32, 4: 12, 3: 2, 0: 195, 1: 23}","{1: 7, 2: 16, 3: 121, 6: 112, 5: 25, 4: 19}","{1: 282, 2: 18}","{1: 286, 0: 7, 2: 7}","{1: 270, 2: 25, 0: 5}","{1: 266, 2: 14, 0: 20}",0.050328753043158085,0.01432832126780161,0.057617715910593933,0.07537261645770388,0.13323803773456727,0.05634660726424108,0.1789320620320402,0.1530509368361177,0.130008020394531,0.0047817321994430475,0.05619994906764989,0.18202708063896028
7740,1,max_steps,3,0,0,80.03184803210645,3000,,,0.17013879586038588,0.1,1.3916997909545898,13.961462020874023,-36.595943450927734,425.9697265625,0.0,86.03184803210647,1840,-5.999999999999561,0.0,0.0,0.026677282677368817,"{6: 123, 5: 76, 4: 101}","{0: 8, 1: 8, 2: 20, 3: 264}","{1: 217, 2: 41, 0: 42}","{1: 274, 0: 26}","{1: 192, 2: 54, 0: 54}","{1: 179, 0: 68, 2: 53}",0.08344493330435093,0.010700746881893673,0.132752791473598,0.12970753707706978,0.21215942118709488,0.05342471055328057,0.3058136798735567,0.39914981423583534,0.09885069533155065,0.03482624014751837,0.31633982918881787,0.37375399404851667
7750,1,max_steps,3,1,0,533.4232408293403,3000,551.0,551.0,0.16929001339268726,0.1,1.3977323770523071,13.980002403259277,-36.595943450927734,412.7171325683594,500.0,39.42124082932697,1623,-5.9979999999995615,0.0,0.0,0.17780774694311344,"{2: 43, 3: 43, 1: 40, 0: 174}","{0: 6, 1: 12, 2: 90, 3: 152, 5: 20, 4: 20}",{1: 300},"{1: 265, 0: 21, 2: 14}",{1: 300},"{1: 297, 2: 2, 0: 1}",0.029470405004283606,0.025166985186510324,0.03855116446884645,0.04796035490632059,0.08397476686474095,0.06080444433551287,0.10692051066435995,0.1080439304547207,0.007251403422470072,0.0612319940071181,0.005380845582130711,0.008967856555019511
7760,1,max_steps,3,1,0,530.0271654372226,3000,146.0,146.0,0.168445465301245,0.1,1.3999522924423218,13.947345733642578,-36.595943450927734,417.35504150390625,500.0,36.02516543720905,1528,-5.9979999999995615,0.0,0.0,0.17667572181240754,"{3: 14, 0: 17, 1: 54, 2: 215}","{4: 29, 3: 249, 2: 22}",{1: 300},"{1: 268, 2: 17, 0: 15}","{1: 295, 0: 5}","{1: 294, 0: 1, 2: 5}",0.018215715540198824,0.02021625810002521,0.026614657716638505,0.01899640464628647,0.08887097811625477,0.060301686093698244,0.10426307005303947,0.1231501039590691,0.02268337134329752,0.12071034731276521,0.07562170577078206,0.056320960393106044
7770,1,max_steps,3,0,0,-36.20365033827875,3000,,,0.16760513046175105,0.1,1.40231454372406,13.97022533416748,-36.595943450927734,417.35504150390625,0.0,48.889019355760304,1854,-5.999999999999561,-79.09266969403889,0.0,-0.012067883446092916,"{5: 100, 4: 126, 3: 29, 2: 22, 6: 23}","{6: 65, 5: 72, 4: 16, 3: 131, 2: 16}","{1: 270, 2: 25, 0: 5}","{1: 275, 2: 23, 0: 2}","{1: 250, 2: 31, 0: 19}","{1: 253, 0: 27, 2: 20}",0.06547300706178505,0.029146904500043452,0.07605759622371157,0.08078800959578698,0.14983422699365567,0.058946090545099944,0.20276854391000154,0.1569480100440685,0.05862672078638102,0.05328398440658268,0.11433845277316614,0.1273126170772482
7780,1,max_steps,3,1,0,539.3708994013671,3000,345.0,345.0,0.16676898785528163,0.1,1.4054843187332153,13.944865226745605,-36.595943450927734,417.35504150390625,500.0,45.368899401355165,1720,-5.9979999999995615,0.0,0.0,0.1797902998004557,"{4: 32, 3: 2, 0: 124, 1: 59, 2: 83}","{4: 14, 3: 20, 0: 148, 1: 44, 2: 74}",{1: 300},"{1: 252, 2: 6, 0: 42}",{1: 300},"{1: 291, 0: 9}",0.04255261620299373,0.019802969244258797,0.04872969188352705,0.04397057906992404,0.09148226765984904,0.11072182723171269,0.12272375552915146,0.10358485432060331,0.03984400096503427,0.05242174787384009,0.07154884947495121,0.06181677445316364
7790,1,max_steps,3,0,0,14.47175651683905,3000,,,0.16593701656777138,0.1,1.4091358184814453,13.964216232299805,-36.595943450927734,421.52935791015625,0.0,20.471756516839168,1487,-5.999999999999561,0.0,0.0,0.00482391883894635,{4: 300},"{2: 42, 3: 258}",{1: 300},"{1: 292, 0: 8}",{1: 300},"{1: 299, 2: 1}",0.016318412764677118,0.017599316382528624,0.020075554781062217,0.020608807144211278,0.05548089465109058,0.05142052590101495,0.07452568786163033,0.06412298640784937,0.042124166295693155,0.04301377877264729,0.04954978922616497,0.0921416110537559
7800,1,max_steps,3,0,0,35.62116691526306,3000,,,0.1651091957894904,0.1,1.4118632078170776,13.982460021972656,-36.595943450927734,421.52935791015625,0.0,41.621166915263125,1639,-5.999999999999561,0.0,0.0,0.011873722305087688,"{0: 118, 1: 91, 2: 91}","{2: 193, 1: 7, 3: 100}",{1: 300},"{1: 289, 0: 10, 2: 1}","{1: 297, 0: 3}","{1: 296, 0: 4}",0.03490834536931715,0.01587872319074317,0.04948774930141714,0.057508910559296286,0.10952509437241921,0.052081069955480085,0.13858333401274706,0.12852309914117857,,,,
7810,1,max_steps,3,2,0,1077.3617175145553,3000,317.0,317.0,0.1642855048145235,0.1,1.4196370840072632,14.030158042907715,-36.595943450927734,430.20123291015625,1000.0,83.35771751457538,2253,-5.995999999999562,0.0,0.0,0.35912057250485174,"{2: 40, 3: 19, 1: 4, 6: 113, 5: 14, 4: 110}","{4: 22, 3: 181, 5: 18, 0: 26, 1: 6, 2: 47}","{1: 273, 0: 11, 2: 16}","{1: 247, 2: 17, 0: 36}","{1: 268, 0: 12, 2: 20}","{1: 284, 0: 13, 2: 3}",0.04694868764620351,0.01854947204174192,0.05116174936466311,0.054245391061440176,0.14875286120354209,0.0767558252267766,0.1823841832282539,0.1378839072495207,0.16332535489610758,0.07333684168009343,0.19101729243671334,0.09273059466479315
7820,1,max_steps,3,0,0,37.084855889464734,3000,,,0.1634659230402525,0.1,1.4312065839767456,14.109585762023926,-36.595943450927734,430.20123291015625,0.0,43.08485588946487,1644,-5.999999999999561,0.0,0.0,0.012361618629821578,"{6: 53, 5: 128, 4: 49, 3: 70}","{3: 159, 2: 135, 1: 6}","{1: 291, 2: 4, 0: 5}","{1: 295, 0: 5}","{1: 285, 2: 8, 0: 7}","{1: 264, 0: 23, 2: 13}",0.04369170858306434,0.016273139638429142,0.06328336867409251,0.06646327457639697,0.1256450790142594,0.0457818108868088,0.1608052993754866,0.1547089088600958,0.08011003215480927,0.03988310864357313,0.08996567000674181,0.14055077223069654
7830,1,crash,3,0,1,-104.66720359079858,1382,,,0.1626504299668409,0.1,1.4284907579421997,14.033905029296875,-36.595943450927734,430.20123291015625,0.0,23.773579956127378,995,-2.763999999999917,-45.67678354692597,-80.0,-0.07573603733053443,"{6: 76, 5: 46, 4: 16}","{6: 15, 5: 18, 4: 15, 3: 85, 2: 5}","{1: 135, 2: 3}","{1: 117, 2: 21}","{1: 127, 2: 7, 0: 4}","{1: 104, 2: 12, 0: 22}",0.01191689081244389,0.04126226714686904,0.025313995684597655,0.06535743142505654,0.12242405399269742,0.06136430791980257,0.16871969631673936,0.1772642278398184,,,,
7840,1,max_steps,3,1,0,540.2524003079658,3000,492.0,492.0,0.161839005196721,0.1,1.4375278949737549,14.144620895385742,-36.595943450927734,452.6289978027344,500.0,46.25040030795886,2145,-5.9979999999995615,0.0,0.0,0.18008413343598859,"{4: 28, 3: 68, 0: 21, 1: 14, 2: 169}","{1: 38, 2: 25, 3: 87, 6: 71, 5: 49, 4: 30}",{1: 300},"{1: 258, 0: 25, 2: 17}",{1: 300},"{1: 299, 0: 1}",0.01832709351210631,0.03567118882482298,0.029736801327229168,0.04012462662490193,0.09616524120183376,0.061301554091934406,0.11646925107004785,0.09295600311382247,0.09322011611239278,0.1520846518954792,0.1315160120851523,0.049429387261502866
7850,1,max_steps,3,0,0,83.98298355765677,3000,,,0.1610316284340837,0.1,1.4368025064468384,14.099126815795898,-36.595943450927734,452.6289978027344,0.0,89.98298355765685,1645,-5.999999999999561,0.0,0.0,0.027994327852552254,"{6: 144, 5: 81, 4: 75}","{1: 8, 2: 24, 3: 230, 4: 38}","{1: 189, 2: 54, 0: 57}","{1: 295, 0: 3, 2: 2}","{1: 151, 2: 70, 0: 79}","{1: 123, 2: 79, 0: 98}",0.11877963166920198,0.01571171677639188,0.17728080408313512,0.19236171031502436,0.22412529528761801,0.04582251999942252,0.33348001254323995,0.39807003718279516,,,,
7860,1,max_steps,3,0,0,75.03253249569195,3000,,,0.1602282794843711,0.1,1.4397001266479492,14.072057723999023,-36.595943450927734,431.6204528808594,0.0,81.03253249569192,1594,-5.999999999999561,0.0,0.0,0.02501084416523065,"{6: 85, 5: 134, 4: 71, 3: 10}","{3: 278, 2: 22}","{1: 220, 2: 57, 0: 23}","{1: 299, 2: 1}","{1: 180, 2: 68, 0: 52}","{1: 158, 2: 62, 0: 80}",0.10024958407951838,0.011316724701740825,0.1319071284221147,0.14431281164220094,0.19878486174363894,0.03707425798644181,0.29278913934482853,0.36656535850855876,0.10929574251603504,0.043867849197379745,0.26419423256941155,0.30070230276586524
7870,1,max_steps,3,1,0,561.0991433991137,3000,2629.0,2629.0,0.15942893825377105,0.1,1.4483367204666138,14.169454574584961,-36.595943450927734,420.6527404785156,500.0,67.09714339911247,1968,-5.9979999999995615,0.0,0.0,0.18703304779970456,"{6: 157, 5: 54, 4: 46, 3: 11, 1: 17, 2: 15}","{3: 136, 2: 126, 6: 38}","{1: 267, 2: 7, 0: 26}","{1: 285, 2: 1, 0: 14}","{1: 237, 2: 26, 0: 37}","{1: 222, 2: 40, 0: 38}",0.07541732324465626,0.01556769076025184,0.09254189167996726,0.12805917856321322,0.15130633549429165,0.051679327330345116,0.20310735984275258,0.1884744737060081,0.08533474340377682,0.07392854166855407,0.028037737918201463,0.08847467069071363
7880,1,max_steps,3,0,0,69.25563195317064,3000,,,0.15863358474871478,0.1,1.4560247659683228,14.225815773010254,-36.595943450927734,430.7869567871094,0.0,75.25563195317069,1484,-5.999999999999561,0.0,0.0,0.023085210651056877,"{6: 114, 5: 98, 4: 88}",{3: 300},"{1: 235, 2: 42, 0: 23}","{1: 292, 2: 4, 0: 4}","{1: 192, 2: 60, 0: 48}","{1: 166, 2: 66, 0: 68}",0.09788361673596596,0.0164189317143413,0.14012604582837176,0.1452723988752953,0.17129364870591188,0.04558653244243884,0.24491055811049442,0.302239950485498,,,,
7890,1,max_steps,3,1,0,560.1102974264792,3000,2042.0,2042.0,0.15784219907537675,0.1,1.4566136598587036,14.171642303466797,-36.595943450927734,430.7869567871094,500.0,66.10829742647606,2021,-5.9979999999995615,0.0,0.0,0.18670343247549306,"{0: 63, 1: 11, 2: 29, 3: 101, 6: 64, 5: 9, 4: 23}","{4: 14, 3: 220, 2: 51, 0: 7, 1: 8}","{1: 266, 2: 26, 0: 8}","{1: 273, 2: 6, 0: 21}","{1: 257, 2: 25, 0: 18}","{1: 275, 2: 6, 0: 19}",0.0326935902883788,0.017924759529405025,0.043438499240292965,0.03907548418811102,0.1737703933268659,0.059385515446677264,0.2632283633757511,0.13584002536772527,0.055554830697046864,0.031093165706830073,0.06788102956896046,0.04865686329862473
7900,1,max_steps,3,0,0,82.68980630549702,3000,,,0.157054761439177,0.1,1.4616936445236206,14.19621467590332,-36.595943450927734,424.46270751953125,0.0,88.68980630549714,1511,-5.999999999999561,0.0,0.0,0.027563268768499006,"{5: 51, 4: 89, 3: 18, 6: 142}","{0: 1, 1: 77, 2: 48, 3: 174}","{1: 192, 0: 54, 2: 54}","{1: 276, 0: 23, 2: 1}","{1: 168, 2: 75, 0: 57}","{1: 208, 2: 50, 0: 42}",0.10861879138078863,0.013171459324752742,0.1538709739487053,0.11976561545926567,0.26367222483110747,0.05844447760467748,0.31122777699165005,0.35231504334813335,,,,
7910,1,crash,3,1,1,432.60452196231165,2092,555.0,555.0,0.15627125214428603,0.1,1.465465784072876,14.150833129882812,-36.595943450927734,431.79229736328125,500.0,25.47696030365807,1015,-4.1819999999997615,-8.690438341356238,-80.0,0.20678992445617192,"{1: 32, 2: 23, 4: 68, 5: 57, 3: 16, 6: 13}","{2: 59, 3: 79, 1: 66, 0: 5}","{1: 186, 0: 23}","{1: 191, 0: 14, 2: 4}","{1: 179, 0: 25, 2: 5}","{1: 197, 0: 10, 2: 2}",0.06070729259295995,0.03513578576022565,0.07229129646131546,0.07983967600598874,0.15269034449380672,0.05843928800525015,0.19780161176538807,0.14636430109390583,0.17862648489794436,0.05136301006314987,0.2138330040527937,0.06663099699402363
7920,1,success,3,3,0,1526.136142013173,2714,904.6666666666666,997.0,0.1554916515931323,0.1,1.468493103981018,14.162856101989746,-36.595943450927734,441.9722900390625,1500.0,31.55814201316979,2077,-5.421999999999625,0.0,0.0,0.5623198754654285,"{2: 240, 3: 31}","{3: 205, 4: 31, 1: 16, 2: 19}",{1: 271},"{1: 226, 2: 11, 0: 34}",{1: 271},{1: 271},0.012067314005645736,0.021198412118746544,0.018192478590154187,0.01643920458255865,0.06623313983595827,0.07752686910106346,0.0919756051045,0.07450237305289387,0.09212820633672827,0.08530897721495347,0.09664758088221222,0.052337783438945726
7930,1,max_steps,3,0,0,68.50555502678593,3000,,,0.15471594028591196,0.1,1.4727684259414673,14.201688766479492,-36.595943450927734,404.608154296875,0.0,74.50555502678613,1228,-5.999999999999561,0.0,0.0,0.022835185008928643,"{4: 96, 5: 66, 6: 138}","{3: 235, 2: 33, 4: 32}","{1: 202, 2: 48, 0: 50}","{1: 295, 0: 4, 2: 1}","{1: 172, 2: 69, 0: 59}","{1: 168, 2: 67, 0: 65}",0.09938380399646606,0.01607062559770911,0.14993463476143187,0.14702036622946524,0.23424329228941362,0.042041459584739135,0.33251099861200006,0.4297538949931535,0.05552256221230409,0.011415883994354727,0.32010759692783497,0.3280045900844595
7940,1,max_steps,3,1,0,530.3214399242662,3000,648.0,648.0,0.153944098820101,0.1,1.4784265756607056,14.261177062988281,-35.5340576171875,425.4398498535156,500.0,36.31943992425475,1629,-5.9979999999995615,0.0,0.0,0.17677381330808872,"{3: 28, 2: 36, 0: 236}","{5: 28, 4: 18, 3: 18, 0: 79, 1: 157}",{1: 300},"{1: 280, 2: 5, 0: 15}","{1: 294, 2: 6}","{1: 291, 2: 2, 0: 7}",0.033385211903765075,0.025894549336376547,0.0516089337780218,0.0630452897235235,0.11098598342352248,0.05777305082432926,0.14787344055881158,0.1420906160199713,0.08786147852106317,0.03545940460789278,0.10635203517244778,0.02498791793716607
7950,1,max_steps,3,1,0,534.2813489055012,3000,1758.0,1758.0,0.15317610788997016,0.1,1.4835994243621826,14.290780067443848,-35.5340576171875,424.9859619140625,500.0,40.279348905497635,1819,-5.9979999999995615,0.0,0.0,0.1780937829685004,"{4: 119, 3: 156, 5: 25}","{3: 44, 4: 195, 6: 41, 5: 20}","{1: 298, 2: 2}","{1: 287, 0: 4, 2: 9}","{1: 292, 2: 8}","{1: 289, 2: 5, 0: 6}",0.03995928736210394,0.011129509933608023,0.05811042325364513,0.05570207191686099,0.12065386921319025,0.05843128138639556,0.1547364924832085,0.14390568327905714,0.1066746876018629,0.02421031590516341,0.10739805911260845,0.13870884906719455
7960,1,max_steps,3,0,0,15.639458728169508,3000,,,0.1524119482861018,0.1,1.4865167140960693,14.306406021118164,-35.5340576171875,424.9859619140625,0.0,21.639458728169508,2030,-5.999999999999561,0.0,0.0,0.005213152909389836,"{0: 43, 1: 176, 2: 81}","{2: 35, 3: 265}",{1: 300},"{1: 299, 0: 1}",{1: 300},"{1: 298, 0: 2}",0.012711052675290622,0.01343965524172687,0.02156632355066182,0.02996257055938523,0.04423730106826948,0.041370097599129914,0.05973589106628131,0.08880311563221023,,,,
7970,1,max_steps,3,0,0,-2.639742411732603,3000,,,0.1516516008949096,0.1,1.4843822717666626,14.205930709838867,-35.5340576171875,419.6729736328125,0.0,70.81043027533859,1492,-5.999999999999561,-67.45017268707119,0.0,-0.000879914137244201,"{6: 183, 5: 19, 4: 74, 3: 24}","{6: 58, 5: 39, 4: 15, 3: 139, 2: 49}","{1: 250, 0: 14, 2: 36}","{1: 283, 0: 2, 2: 15}","{1: 239, 0: 22, 2: 39}","{1: 234, 0: 41, 2: 25}",0.07703496946935054,0.01901872254479923,0.09982719833315609,0.12481893799230585,0.1774203048644045,0.05303765304577277,0.21163416966660822,0.17330990963504284,0.08789450236742118,0.04564039557760954,0.194462672222918,0.23097340291058746
7980,1,max_steps,3,0,0,26.204704603396298,3000,,,0.15089504669816042,0.1,1.4929819107055664,14.254992485046387,-35.52842712402344,411.6921081542969,0.0,32.2047046033963,1740,-5.999999999999561,0.0,0.0,0.008734901534465432,"{5: 234, 6: 21, 4: 45}","{2: 23, 3: 277}","{1: 281, 2: 12, 0: 7}","{1: 294, 0: 4, 2: 2}","{1: 272, 2: 15, 0: 13}","{1: 260, 2: 23, 0: 17}",0.019339187975624967,0.016003551967516086,0.027128475131483455,0.029047510970230863,0.11029509322036689,0.05567901502638478,0.16389112203790698,0.21786775249560994,,,,
7990,1,crash,3,0,1,-112.92979405477917,2061,,,0.15014226677249867,0.1,1.4971704483032227,14.254858016967773,-35.52842712402344,401.474609375,0.0,7.944810545305698,717,-4.121999999999768,-36.7526046000848,-80.0,-0.05479368949770944,"{2: 35, 3: 74, 4: 63, 5: 10, 6: 24}","{3: 94, 4: 57, 2: 55}","{1: 199, 0: 7}","{1: 196, 0: 6, 2: 4}","{1: 196, 0: 10}","{1: 193, 0: 8, 2: 5}",0.0298080037337093,0.02642698677644805,0.0324475252331324,0.041101535869661004,0.09363688260246056,0.05747979947364274,0.12369849426910742,0.14628169537890728,0.07408486108739613,0.05594742205630733,0.08201953066567311,0.0658878490649037
8000,1,max_steps,3,1,0,541.1013144887222,3000,803.0,803.0,0.1493932422889729,0.1,1.5013201236724854,14.24731731414795,-35.52842712402344,397.3086242675781,500.0,47.09931448871363,1825,-5.9979999999995615,0.0,0.0,0.18036710482957408,"{1: 51, 2: 28, 3: 1, 6: 160, 5: 60}","{3: 208, 2: 82, 1: 10}",{1: 300},{1: 300},"{1: 278, 2: 13, 0: 9}","{1: 258, 2: 14, 0: 28}",0.04414013351669626,0.018813392277390976,0.055400817750052594,0.07384967783615842,0.11941974325386298,0.03894926099321656,0.16545269031044565,0.15456040960439352,0.06007684980971298,0.015689871783213155,0.06450574632555009,0.026823456095877732
8010,1,max_steps,3,1,0,520.7304712006819,3000,2202.0,2202.0,0.14864795451256485,0.1,1.50777268409729,14.298829078674316,-35.52842712402344,415.8642272949219,500.0,26.728471200680296,1881,-5.9979999999995615,0.0,0.0,0.17357682373356065,"{4: 210, 3: 26, 5: 56, 6: 8}","{5: 8, 4: 24, 3: 201, 2: 31, 0: 21, 1: 15}",{1: 300},"{1: 256, 2: 13, 0: 31}","{1: 292, 2: 3, 0: 5}","{1: 288, 0: 8, 2: 4}",0.01595932585945892,0.032008300750853855,0.027081348717978238,0.04216527664852053,0.10560082037683793,0.062213084017140874,0.1476778758096164,0.13458370281705503,0.1358365492552324,0.05541827580557355,0.15432619265892208,0.16684050568419057
8020,1,max_steps,3,1,0,512.1252772650477,3000,122.0,122.0,0.14790638480172094,0.1,1.514798641204834,14.323741912841797,-35.52842712402344,400.6881103515625,500.0,18.123277265033085,1500,-5.9979999999995615,0.0,0.0,0.17070842575501588,"{3: 12, 4: 11, 5: 221, 6: 56}","{2: 215, 3: 58, 0: 1, 1: 26}",{1: 300},"{1: 278, 0: 20, 2: 2}",{1: 300},"{1: 294, 0: 6}",0.0129233412180986,0.010620005225565315,0.01935375264187471,0.02292080826101229,0.05770078865217837,0.05587070507998302,0.08573132012046444,0.07803470014044853,0.0007808440416323441,0.07239837213923618,0.0056820845092450615,0.018131627967161914
8030,1,max_steps,3,0,0,22.571707059550995,3000,,,0.14716851460788577,0.1,1.5159581899642944,14.311570167541504,-35.52842712402344,396.0963134765625,0.0,28.571707059550977,1602,-5.999999999999561,0.0,0.0,0.007523902353183665,"{1: 133, 0: 167}","{5: 16, 4: 82, 3: 202}","{1: 297, 2: 3}","{1: 287, 2: 4, 0: 9}","{1: 292, 2: 8}","{1: 291, 2: 5, 0: 4}",0.033599289325213035,0.026381798595752008,0.03822477716716126,0.048064677499543705,0.09256677066543689,0.0557118356392177,0.12142096056841932,0.1391820639166583,,,,
8040,1,max_steps,3,0,0,44.24377720852229,3000,,,0.14643432547503846,0.1,1.5190461874008179,14.335158348083496,-35.52842712402344,418.6421813964844,0.0,50.24377720852244,1644,-5.999999999999561,0.0,0.0,0.014747925736174096,"{5: 120, 6: 155, 4: 25}","{6: 13, 5: 17, 4: 25, 3: 245}","{1: 276, 2: 24}","{1: 276, 2: 20, 0: 4}","{1: 266, 2: 31, 0: 3}","{1: 271, 0: 22, 2: 7}",0.04897800998402624,0.021049746577580936,0.06618145330834341,0.07515776400896296,0.13138759365049624,0.05929573505757419,0.18424468157895904,0.1489665433192216,,,,
8050,1,max_steps,3,1,0,523.341266103894,3000,896.0,896.0,0.14570379903923086,0.1,1.5246113538742065,14.419946670532227,-36.94881820678711,426.8799743652344,500.0,29.339266103887013,1989,-5.9979999999995615,0.0,0.0,0.174447088701298,"{4: 64, 3: 25, 0: 165, 1: 46}","{1: 29, 2: 58, 3: 2, 6: 211}",{1: 300},"{1: 284, 0: 8, 2: 8}",{1: 300},{1: 300},0.022066438151647362,0.0067924316497682755,0.0323915238690311,0.04321590634160533,0.06745161014929617,0.054635629596965364,0.10417296699600842,0.1074605081445608,0.04551243646238074,0.0926263095734127,0.10560049330402799,0.12671407180837363
8060,1,max_steps,3,0,0,22.656612131351267,3000,,,0.1449769170281282,0.1,1.5265941619873047,14.422003746032715,-36.94881820678711,445.11370849609375,0.0,28.65661213135133,1580,-5.999999999999561,0.0,0.0,0.007552204043783756,"{2: 55, 1: 172, 0: 73}","{4: 11, 3: 289}",{1: 300},"{1: 281, 2: 16, 0: 3}","{1: 294, 2: 6}","{1: 290, 0: 10}",0.023964568155932578,0.01066053950935527,0.032087387571304055,0.02977743174579788,0.07149886669854372,0.05647682814291296,0.09843031619111713,0.09870780309464665,,,,
8070,1,max_steps,3,2,0,986.4945161128155,3000,770.5,770.5,0.14425366126055209,0.1,1.5394703149795532,14.531739234924316,-36.94881820678711,423.271728515625,1000.0,97.9829201752768,2317,-5.995999999999562,-105.49240406246598,0.0,0.3288315053709385,"{0: 62, 1: 10, 2: 17, 3: 51, 4: 14, 6: 122, 5: 24}","{0: 15, 1: 48, 2: 49, 3: 129, 6: 27, 5: 17, 4: 15}","{1: 268, 0: 5, 2: 27}","{1: 227, 0: 25, 2: 48}","{1: 258, 0: 12, 2: 30}","{1: 255, 0: 26, 2: 19}",0.07191463624952266,0.027646114539301096,0.0867579605287207,0.08021831300582549,0.1525883492895337,0.07951309005227776,0.19906213384366916,0.1532041092380837,0.09676371651645932,0.07542089226958221,0.09721919813628278,0.14489091661038303
8080,1,crash,3,1,1,427.1358184600318,1319,858.0,858.0,0.14353401364602586,0.1,1.5497403144836426,14.620255470275879,-35.69830322265625,423.271728515625,500.0,24.45945332140754,604,-2.6359999999999313,-14.687634861379024,-80.0,0.32383306934043354,"{1: 36, 0: 29, 2: 16, 3: 4, 6: 46}","{1: 18, 2: 22, 3: 45, 6: 37, 5: 9}","{1: 121, 0: 10}","{1: 115, 0: 14, 2: 2}","{1: 111, 0: 20}","{1: 115, 0: 3, 2: 13}",0.09489714966280241,0.03433593647832426,0.09224245026390036,0.10861579142306782,0.14825673448649163,0.060291635688580356,0.19430777367643598,0.1522366834174856,0.10242560259564622,0.03440995249816445,0.09964057990829298,0.02615353737351803
8090,1,max_steps,3,1,0,553.7458858265446,3000,575.0,575.0,0.1428179561843219,0.1,1.5547879934310913,14.590023040771484,-35.69830322265625,430.9227600097656,500.0,59.74388582653503,2048,-5.9979999999995615,0.0,0.0,0.18458196194218154,"{4: 20, 3: 23, 2: 163, 1: 79, 0: 15}","{6: 29, 5: 15, 4: 12, 3: 128, 0: 37, 1: 6, 2: 73}","{1: 295, 2: 5}","{1: 238, 2: 19, 0: 43}","{1: 293, 2: 7}","{1: 286, 2: 4, 0: 10}",0.030666785241266453,0.020078298218840218,0.050531452082925817,0.06535816378883534,0.10448067437973695,0.1074918754057419,0.14735149919956372,0.1435834021984176,0.12160600198027606,0.07221685543239034,0.1361687940867947,0.11792125438563168
8100,1,crash,3,2,1,1003.2195479278937,2850,1353.5,1353.5,0.14210547096501142,0.1,1.5553442239761353,14.559470176696777,-35.69830322265625,430.9227600097656,1000.0,98.47188155187831,1828,-5.695999999999595,-9.556333623984857,-80.0,0.35200685892206796,"{6: 59, 5: 73, 4: 74, 3: 13, 0: 45, 1: 9, 2: 12}","{6: 3, 5: 21, 4: 59, 3: 187, 0: 15}","{1: 216, 2: 28, 0: 41}","{1: 274, 2: 11}","{1: 207, 2: 32, 0: 46}","{1: 196, 2: 37, 0: 52}",0.10057477896674893,0.02160858114358055,0.12254936132049778,0.11629427879274551,0.19235385880497743,0.05459789963164864,0.23795858514782428,0.2512924713993635,0.2266628673956118,0.027096882678895994,0.23360519222943277,0.28110644489483005
8110,1,max_steps,3,0,0,15.503870561206485,3000,,,0.14139654016701672,0.1,1.5596805810928345,14.574014663696289,-35.69830322265625,433.17742919921875,0.0,22.92880514033791,1445,-5.999999999999561,-1.4249345791313581,0.0,0.005167956853735495,"{1: 99, 2: 18, 3: 85, 4: 74, 5: 24}","{3: 134, 4: 88, 5: 78}","{1: 299, 0: 1}","{1: 262, 0: 13, 2: 25}","{1: 291, 0: 9}","{1: 298, 0: 2}",0.032481976387841616,0.03086989404724997,0.03633307907703669,0.04305295260722884,0.07735328561950093,0.0616244887591328,0.10878030304884254,0.1107297376073268,0.07802597592056655,0.06288060409206662,0.12308373859040615,0.11242061941120028
8120,1,max_steps,3,0,0,91.83299095647027,3000,,,0.1406911460581652,0.1,1.5657252073287964,14.608959197998047,-35.69830322265625,400.84454345703125,0.0,97.83299095647045,1833,-5.999999999999561,0.0,0.0,0.03061099698549009,"{6: 187, 5: 60, 4: 53}","{1: 10, 2: 16, 3: 256, 4: 18}","{1: 177, 2: 62, 0: 61}","{1: 288, 0: 9, 2: 3}","{1: 157, 2: 73, 0: 70}","{1: 123, 2: 93, 0: 84}",0.13139613844359532,0.014514998919706333,0.17236690068441518,0.17465557408706608,0.21481831749189045,0.053798442956423644,0.3139676032411071,0.39537356313964955,,,,
8130,1,max_steps,3,1,0,547.3731112317246,3000,2416.0,2416.0,0.13998927099474595,0.1,1.5724924802780151,14.658442497253418,-35.69830322265625,400.84454345703125,500.0,59.552617399327104,1911,-5.9979999999995615,-6.181506167602403,0.0,0.18245770374390818,"{2: 98, 1: 22, 0: 130, 3: 31, 4: 19}","{5: 83, 6: 20, 4: 31, 3: 107, 0: 37, 1: 15, 2: 7}","{1: 288, 2: 3, 0: 9}","{1: 260, 2: 11, 0: 29}","{1: 279, 2: 8, 0: 13}","{1: 292, 2: 4, 0: 4}",0.052986057531862446,0.02484227703213631,0.05976576956584765,0.06736092642912636,0.14178188565352776,0.061187418060858215,0.17150256015579177,0.1390918871277457,0.12381313672489459,0.031210205749485596,0.1804390878414884,0.091399690815007
8140,1,crash,3,0,1,-149.77074591839812,1398,,,0.13929089742106818,0.1,1.5756300687789917,14.674758911132812,-35.69830322265625,400.7183532714844,0.0,15.97529704026929,763,-2.7959999999999137,-82.95004295866737,-80.0,-0.10713215015622184,"{6: 111, 5: 28}","{6: 11, 5: 14, 4: 16, 3: 72, 2: 26}","{1: 136, 0: 3}","{1: 113, 2: 26}","{1: 124, 0: 15}","{1: 113, 2: 18, 0: 8}",0.04053051550121414,0.040421250684224926,0.0548838172250881,0.06635069127686369,0.127208166662458,0.061195092073877466,0.18027899121755042,0.16155801032896383,,,,
8150,1,success,3,3,0,1545.7633710231933,1930,643.3333333333334,629.0,0.1385960078690225,0.1,1.5836213827133179,14.772488594055176,-35.69830322265625,424.544677734375,1500.0,49.617371023194494,1586,-3.853999999999797,0.0,0.0,0.8009136637425872,"{4: 49, 3: 44, 2: 43, 0: 44, 1: 13}","{6: 18, 5: 30, 4: 46, 3: 48, 1: 7, 2: 43, 0: 1}","{1: 184, 2: 8, 0: 1}","{1: 163, 2: 27, 0: 3}","{1: 177, 2: 11, 0: 5}","{1: 184, 2: 3, 0: 6}",0.0662465270642102,0.027849158149646187,0.09377254292658449,0.08294973255030755,0.14128454818920635,0.061767446716726904,0.17433905533339095,0.14639559579165298,0.11666789091698794,0.05823767438816252,0.09880745099970241,0.14380720247973672
8160,1,max_steps,3,0,0,36.162606364891374,3000,,,0.13790458495764382,0.1,1.5982767343521118,14.918722152709961,-35.11902618408203,427.5487060546875,0.0,42.16260636489148,1454,-5.999999999999561,0.0,0.0,0.012054202121630457,"{4: 98, 5: 153, 6: 49}","{3: 285, 2: 15}","{1: 293, 2: 7}","{1: 298, 0: 2}","{1: 267, 0: 13, 2: 20}","{1: 261, 2: 20, 0: 19}",0.05256042509321383,0.013747419369216196,0.07561824768922809,0.10000436855015428,0.12783404247811206,0.04540265715953657,0.1849861588794185,0.15296870690739917,,,,
8170,1,max_steps,3,0,0,38.961851998333195,3000,,,0.13721661139267657,0.1,1.6052234172821045,14.892041206359863,-35.11902618408203,427.5487060546875,0.0,44.96185199833329,1508,-5.999999999999561,0.0,0.0,0.012987283999444398,"{5: 100, 4: 78, 3: 17, 6: 105}","{1: 12, 2: 108, 3: 180}","{1: 297, 2: 3}","{1: 295, 0: 5}","{1: 283, 2: 17}","{1: 274, 0: 20, 2: 6}",0.05236727743169779,0.01612616109296061,0.07518317795846921,0.08845398992115056,0.10750008040202821,0.05521723214022001,0.15741155671403279,0.14903476114924688,0.07921024975657262,0.039681676614444994,0.1108134992225669,0.14530891956860711
8180,1,crash,3,1,1,445.94075913753716,2704,867.0,867.0,0.13653206996614214,0.1,1.6151206493377686,14.959956169128418,-35.11902618408203,432.3506774902344,500.0,74.21822305607114,1674,-5.405999999999627,-42.871463918538296,-80.0,0.16491891979938506,"{1: 23, 2: 62, 3: 1, 6: 67, 5: 34, 4: 83}","{3: 240, 5: 14, 4: 15, 2: 1}","{1: 242, 2: 28}","{1: 245, 2: 25}","{1: 221, 0: 14, 2: 35}","{1: 246, 0: 18, 2: 6}",0.055615809442236014,0.015358598106219881,0.07014744847027524,0.07819699706766471,0.15651602156425015,0.058916125772208026,0.2242386107100526,0.14834032984521148,0.053361207918229285,0.03561116536014341,0.10618790215065803,0.08343871829491886
8190,1,max_steps,3,0,0,4.117629262892858,3000,,,0.13585094355590852,0.1,1.6257892847061157,15.039144515991211,-35.11902618408203,445.9825439453125,0.0,10.117629262892851,1237,-5.999999999999561,0.0,0.0,0.0013725430876309526,"{3: 26, 2: 274}","{2: 243, 1: 13, 3: 44}",{1: 300},"{1: 298, 0: 2}",{1: 300},"{1: 293, 2: 5, 0: 2}",0.007285516908717945,0.012307716404964798,0.010029715624764651,0.01761706603517118,0.043560811736135074,0.03944655353849803,0.06853302486332989,0.10134452602168327,,,,
8200,2,max_steps,3,0,0,26.047489279833627,3500,,,0.3970097818209847,0.1,1.6319011449813843,14.976293563842773,-35.11902618408203,439.50421142578125,0.0,33.047489279833684,2315,-6.999999999999451,0.0,0.0,0.007442139794238179,"{0: 48, 1: 37, 2: 260, 3: 5}","{3: 255, 2: 95}",{1: 350},{1: 350},{1: 350},"{1: 346, 2: 4}",0.02153835944576653,0.01373722771259965,0.029496252061227794,0.02922397806290774,0.06161424102626685,0.02673464862636539,0.07781800606378422,0.11696179047834668,0.03151629907020397,0.026031873247730295,0.02746436983249315,0.031081990585266974
8210,2,crash,3,0,1,-346.66995328180263,2004,,,0.3930575018850551,0.1,1.631925106048584,14.95974063873291,-35.11902618408203,439.50421142578125,0.0,6.2280482880810455,353,-4.007999999999781,-48.89000156988361,-300.0,-0.17298899864361408,{0: 200},"{3: 128, 2: 72}",{1: 200},"{1: 195, 0: 5}","{1: 198, 2: 2}","{1: 194, 0: 1, 2: 5}",0.04701132959020698,0.022132799862993706,0.05419077744413966,0.03900220894981539,0.0892630064040896,0.038545571970117126,0.1109889240322546,0.10364265257541781,,,,
8220,2,max_steps,3,1,0,496.74844468370105,3500,1039.0,1039.0,0.3891445673693322,0.1,1.635168194770813,14.986598014831543,-35.11902618408203,419.28179931640625,500.0,53.4013645770842,1995,-6.997999999999451,-49.65491989339107,0.0,0.141928127052486,"{0: 41, 1: 19, 2: 38, 3: 5, 6: 176, 5: 71}","{2: 101, 3: 249}",{1: 350},{1: 350},"{1: 335, 0: 9, 2: 6}","{1: 330, 0: 10, 2: 10}",0.040441570252863226,0.016088052847287135,0.0548285182848372,0.07463147124925414,0.11094479302924676,0.05006049339333951,0.15174872666363856,0.1419366410284054,0.13010885580115703,0.028244840501656068,0.099092212619052,0.12642271321043463
8230,2,max_steps,3,1,0,508.91980205354145,3500,3248.0,3248.0,0.3852705865854447,0.1,1.632849097251892,14.939319610595703,-35.11902618408203,419.28179931640625,500.0,44.61846426042281,2030,-6.997999999999451,-28.700662206881184,0.0,0.14540565772958328,"{0: 54, 1: 205, 2: 62, 3: 16, 4: 13}","{1: 5, 2: 49, 3: 270, 6: 20, 5: 6}",{1: 350},"{1: 344, 0: 5, 2: 1}","{1: 340, 0: 10}","{1: 346, 0: 2, 2: 2}",0.01747696369319011,0.011801407536136916,0.026940990847320195,0.03277794054996379,0.1049259949200814,0.04198872646410176,0.13867358988751236,0.1241580329235285,0.14126276640915975,0.03524274015810385,0.1357897523593019,0.10302480538875833
8240,2,max_steps,3,1,0,508.69130652020436,3500,2335.0,2335.0,0.38143517174432595,0.1,1.6357887983322144,14.97113037109375,-58.06093215942383,410.5029296875,500.0,51.62803950506605,1975,-6.997999999999451,-35.93873298486616,0.0,0.14534037329148697,"{0: 98, 1: 34, 2: 68, 3: 33, 6: 117}","{4: 45, 3: 157, 5: 31, 0: 96, 1: 17, 2: 4}","{1: 343, 2: 7}","{1: 285, 2: 17, 0: 48}","{1: 329, 0: 11, 2: 10}","{1: 322, 2: 14, 0: 14}",0.02389731050478725,0.026246368847006932,0.038067815760522136,0.04282793522516695,0.10545494118422348,0.07002169972206206,0.14943186918696102,0.14164512370486584,0.029264060933383542,0.043041535814832596,0.02763673058718213,0.027950828181052465
8250,2,crash,3,1,1,147.49770003286733,3019,1241.0,1241.0,0.37763793891739594,0.1,1.6328052282333374,14.903014183044434,-55.00429916381836,423.3417053222656,500.0,41.75639600450608,1628,-6.035999999999557,-88.22269597164504,-300.0,0.048856475665076955,"{0: 20, 1: 16, 2: 37, 3: 51, 6: 177}","{5: 22, 4: 49, 3: 88, 2: 127, 1: 15}",{1: 301},"{1: 294, 2: 3, 0: 4}",{1: 301},"{1: 287, 2: 1, 0: 13}",0.051533219163834576,0.022606074620640973,0.06721156458529905,0.06237576146651977,0.0887512575370728,0.05217858043514954,0.11281162834147412,0.13759547961141955,0.06827551240050586,0.03121203165864211,0.0678743032831894,0.09408805731171321
8260,2,max_steps,3,0,0,12.00298936760045,3500,,,0.3738785079981295,0.1,1.629559874534607,14.81540584564209,-40.860992431640625,423.3417053222656,0.0,19.002989367600534,1995,-6.999999999999451,0.0,0.0,0.0034294255336001288,"{2: 131, 3: 164, 4: 55}","{0: 12, 1: 111, 2: 156, 3: 71}",{1: 350},"{1: 327, 0: 23}",{1: 350},"{1: 349, 2: 1}",0.018505338276922384,0.012340124881325262,0.024989728454887887,0.03287559956001561,0.057519823183528725,0.035283555050779854,0.07862347632882984,0.07450101859972996,,,,
8270,2,max_steps,3,0,0,47.50096389678792,3500,,,0.37015650266400746,0.1,1.6281297206878662,14.795577049255371,-40.860992431640625,423.3417053222656,0.0,54.500963896787894,1716,-6.999999999999451,0.0,0.0,0.013571703970510836,"{5: 184, 6: 122, 4: 37, 3: 7}","{2: 178, 1: 41, 3: 131}","{1: 337, 0: 8, 2: 5}","{1: 339, 2: 2, 0: 9}","{1: 319, 0: 15, 2: 16}","{1: 309, 0: 30, 2: 11}",0.0344435908520972,0.016266649203648016,0.05435799737783917,0.06394542509644284,0.1362492383392045,0.05238027137235827,0.17661952824614544,0.1524959965957125,0.016685855137108206,0.03232385106204132,0.12400102309532118,0.11457855891352345
8280,2,crash,3,0,1,-311.0276787111748,1764,,,0.3664715503388465,0.1,1.6211719512939453,14.739287376403809,-48.124000549316406,436.06585693359375,0.0,12.423017747344396,939,-3.527999999999833,-19.922696458519116,-300.0,-0.17631954575463424,{4: 176},"{5: 19, 4: 22, 3: 107, 2: 25, 1: 3}",{1: 176},"{1: 156, 2: 20}",{1: 176},{1: 176},0.012759364228377996,0.020973753528363982,0.021789786327665303,0.02624904576026446,0.04355768893697244,0.06012309013429818,0.0633228637818396,0.05938840609026077,,,,
8290,2,crash,3,2,1,655.4317950675763,2691,793.0,793.0,0.36282328215550397,0.1,1.6184455156326294,14.689506530761719,-48.220619201660156,420.81463623046875,1000.0,19.923421374998618,1587,-5.37799999999963,-59.11362630742747,-300.0,0.243564398018423,"{1: 17, 2: 77, 3: 64, 6: 111}","{2: 129, 1: 8, 3: 106, 4: 26}",{1: 269},"{1: 245, 0: 24}","{1: 259, 0: 10}","{1: 255, 0: 14}",0.027111758082252038,0.023810644455080802,0.04048598208276404,0.047228279009341484,0.08291335797776037,0.05939726902163498,0.11993433135610164,0.10822518097925159,0.04875465981027258,0.0650107124708943,0.06520957756544173,0.08000234435476096
8300,2,crash,3,0,1,-325.184846395766,1303,,,0.3592113329189537,0.1,1.6155717372894287,14.665807723999023,-60.01441192626953,420.81463623046875,0.0,2.0209480268570816,320,-2.6059999999999346,-24.599794422623045,-300.0,-0.24956626737971296,"{4: 23, 5: 17, 6: 90}","{1: 28, 2: 27, 3: 44, 4: 31}","{1: 126, 0: 4}","{1: 123, 0: 7}","{1: 121, 0: 9}","{1: 112, 2: 10, 0: 8}",0.05669526432759131,0.03524733447532477,0.06297009559120664,0.09030172967341529,0.11186898049128605,0.05850837907234841,0.1545497475964319,0.15306166221704243,,,,
8310,2,max_steps,3,0,0,42.75044606036433,3500,,,0.35563534106972955,0.1,1.6200612783432007,14.692049026489258,-58.045379638671875,403.96771240234375,0.0,49.75044606036447,1826,-6.999999999999451,0.0,0.0,0.012214413160104095,"{6: 278, 5: 46, 4: 26}","{3: 300, 2: 50}","{1: 331, 2: 18, 0: 1}","{1: 345, 2: 1, 0: 4}","{1: 307, 0: 19, 2: 24}","{1: 300, 0: 25, 2: 25}",0.03448994155087319,0.014254746427399195,0.05618107144551625,0.0764112905843072,0.13799809230685312,0.04194152620501794,0.18893365490664707,0.15910244297855555,,,,
8320,2,max_steps,3,0,0,5.506725443756315,3500,,,0.35209494864773333,0.1,1.6149739027023315,14.629549980163574,-58.045379638671875,397.95733642578125,0.0,20.038325713539287,2089,-6.999999999999451,-7.531600269783056,0.0,0.0015733501267875185,"{1: 11, 2: 336, 3: 3}","{1: 30, 2: 33, 3: 266, 4: 21}",{1: 350},"{1: 327, 0: 21, 2: 2}",{1: 350},"{1: 349, 0: 1}",0.009714745401147834,0.016012571937273803,0.014364712195398588,0.021666466074564784,0.03299005077898435,0.05776344458079256,0.04900442449763351,0.050140326611522436,0.011406723587137419,0.023096642392169676,0.022836898416613394,0.025011860694039295
8330,2,max_steps,3,0,0,2.3841413184486764,3500,,,0.3485898012564026,0.1,1.6119017601013184,14.605976104736328,-57.59521484375,390.6070251464844,0.0,9.384141318448627,1561,-6.999999999999451,0.0,0.0,0.0006811832338424789,"{3: 61, 4: 289}","{4: 17, 3: 310, 2: 23}",{1: 350},"{1: 346, 2: 4}",{1: 350},{1: 350},0.002807595144122689,0.012140602811565622,0.0045781877780306885,0.0069724025400718466,0.014321636007591987,0.025413771980508836,0.021203310494258398,0.023780732098979917,0.007760910233613585,0.02630695228071627,0.011176834377845406,0.01298105937289153
8340,2,max_steps,3,0,0,47.77045277541119,3500,,,0.345119548027235,0.1,1.6086965799331665,14.555259704589844,-57.59521484375,390.6070251464844,0.0,54.77045277541127,1814,-6.999999999999451,0.0,0.0,0.013648700792974625,"{5: 140, 6: 42, 4: 168}","{4: 39, 3: 282, 2: 29}","{1: 345, 2: 5}","{1: 334, 2: 8, 0: 8}","{1: 324, 2: 23, 0: 3}","{1: 294, 0: 43, 2: 13}",0.058014091228729435,0.01905042629775159,0.0794742113502168,0.0917439547880748,0.12275400208739246,0.05551553352432126,0.16767558533407248,0.16324962390919276,0.03787220089792262,0.05743943034610806,0.11539488789974475,0.11398713278054061
8350,2,max_steps,3,0,0,19.22271369785161,3500,,,0.3416838415846663,0.1,1.607393503189087,14.548739433288574,-57.59521484375,396.78680419921875,0.0,26.222713697851663,1712,-6.999999999999451,0.0,0.0,0.005492203913671888,"{5: 246, 4: 88, 6: 16}","{2: 93, 1: 47, 3: 205, 4: 5}",{1: 350},"{1: 347, 2: 1, 0: 2}",{1: 350},"{1: 349, 0: 1}",0.026480890603014926,0.020989828040427976,0.03526664858971934,0.04239880104544063,0.07102223527189029,0.04715634106484853,0.10162972372631343,0.11299756484475465,,,,
8360,2,max_steps,3,1,0,423.29574055003485,3500,448.0,448.0,0.33828233801129753,0.1,1.6110754013061523,14.583907127380371,-56.16935348510742,394.4559020996094,500.0,36.607782346088655,1791,-6.997999999999451,-106.314041796065,0.0,0.12094164015715281,"{2: 25, 3: 19, 6: 306}","{2: 127, 1: 98, 3: 65, 4: 57, 0: 3}",{1: 350},"{1: 326, 0: 7, 2: 17}",{1: 350},"{1: 340, 0: 8, 2: 2}",0.039580806786640665,0.019790094963895572,0.056702393806852915,0.04698199100652891,0.11624395626762228,0.057834512466744904,0.13092349976192025,0.11614167188798225,0.05729276982219721,0.06078678088139369,0.0575725575481621,0.0900412575487641
8370,2,max_steps,3,2,0,1069.885747882696,3500,857.5,857.5,0.33491469681346864,0.1,1.6138941049575806,14.596635818481445,-57.634674072265625,407.5358581542969,1000.0,76.88174788271361,2375,-6.9959999999994515,0.0,0.0,0.30568164225219885,"{2: 145, 3: 26, 6: 179}","{4: 125, 3: 151, 0: 12, 1: 16, 2: 9, 6: 20, 5: 17}","{1: 306, 2: 26, 0: 18}","{1: 305, 0: 23, 2: 22}","{1: 283, 2: 40, 0: 27}","{1: 274, 0: 39, 2: 37}",0.043112308574437916,0.014911925994123151,0.056732895684476696,0.05257137778791148,0.15675283095736228,0.06207681745871492,0.23634668510454523,0.27198986350272936,0.06185762570126743,0.10879579771870505,0.11052526154096237,0.07832702376650154
8380,2,max_steps,3,2,0,1049.8059679617295,3500,1684.5,1684.5,0.3315805808871747,0.1,1.6241763830184937,14.689906120300293,-57.25852966308594,441.7735595703125,1000.0,56.801967961721914,2655,-6.9959999999994515,0.0,0.0,0.29994456227477984,"{4: 63, 3: 36, 0: 162, 1: 63, 2: 26}","{2: 39, 1: 5, 3: 22, 6: 179, 5: 54, 4: 38, 0: 13}","{1: 349, 0: 1}","{1: 328, 0: 16, 2: 6}","{1: 342, 2: 3, 0: 5}","{1: 336, 0: 11, 2: 3}",0.032738406491247284,0.018939179224278853,0.04066284383399006,0.04864021215668955,0.09978202203094506,0.047979092091831994,0.1269738656813401,0.12447241831855257,0.14729768172634664,0.059785886793441566,0.13179495122353702,0.15113733409117736
8390,2,max_steps,3,1,0,571.342329277478,3500,704.0,704.0,0.32827965648432156,0.1,1.6306735277175903,14.771125793457031,-62.865501403808594,441.6628112792969,500.0,78.34032927746489,1905,-6.997999999999451,0.0,0.0,0.16324066550785085,"{2: 46, 1: 23, 3: 1, 6: 81, 5: 118, 4: 81}","{3: 334, 4: 6, 2: 10}","{1: 328, 2: 22}","{1: 324, 0: 7, 2: 19}","{1: 295, 0: 20, 2: 35}","{1: 255, 0: 55, 2: 40}",0.062217138497717824,0.0269425362664212,0.08581268768854967,0.09557455764746405,0.13771092006833544,0.0580137643480746,0.19834063294533633,0.19369633720537055,0.09326194077166067,0.06665632517767006,0.14989628300319605,0.14602684846443162
8400,2,max_steps,3,0,0,15.790618638563885,3500,,,0.32501159317931744,0.1,1.6378623247146606,14.830516815185547,-56.16935348510742,436.4860534667969,0.0,22.79061863856395,1564,-6.999999999999451,0.0,0.0,0.004511605325303967,"{1: 166, 2: 178, 3: 6}","{5: 143, 4: 41, 3: 142, 2: 24}",{1: 350},"{1: 336, 0: 1, 2: 13}","{1: 347, 0: 3}",{1: 350},0.006783668657924425,0.012213121646644698,0.011022853741387156,0.014933847954786967,0.04980346594305344,0.03614352166827133,0.0703244987663046,0.10671666616603714,,,,
8410,2,max_steps,3,1,0,574.6211057072505,3500,1580.0,1580.0,0.3217760638359967,0.1,1.6379367113113403,14.881019592285156,-64.82408905029297,439.29998779296875,500.0,81.61910570724231,2296,-6.997999999999451,0.0,0.0,0.16417745877350015,"{0: 66, 1: 28, 2: 60, 3: 3, 6: 134, 5: 32, 4: 27}","{3: 183, 2: 90, 1: 53, 0: 24}","{1: 321, 2: 29}","{1: 328, 2: 2, 0: 20}","{1: 296, 2: 35, 0: 19}","{1: 267, 0: 51, 2: 32}",0.05104610279923323,0.026671893232763928,0.07015416600836878,0.08396872175095524,0.1461389578664702,0.05786629365252907,0.20229252389085706,0.23441688312168937,0.1043221358582995,0.048720073580101234,0.10006619484422472,0.10625746199143685
8420,2,max_steps,3,0,0,16.431085875457775,3500,,,0.31857274457487367,0.1,1.6362425088882446,14.826138496398926,-57.62821960449219,440.1216125488281,0.0,31.37135069333975,2357,-6.999999999999451,-7.940264817881963,0.0,0.004694595964416507,"{6: 93, 5: 124, 4: 99, 3: 34}","{6: 4, 5: 17, 4: 29, 3: 300}",{1: 350},"{1: 323, 2: 26, 0: 1}","{1: 344, 2: 6}","{1: 348, 2: 2}",0.022381898503218776,0.025512554175408014,0.026843136339518396,0.029741183837814066,0.056578890325685666,0.0585413418468597,0.08664011787589243,0.09195232751345646,0.03669819531306859,0.03243100102041258,0.05342808230832617,0.052203843952845976
8430,2,max_steps,3,0,0,-5.406437346411807,3500,,,0.31540131474072153,0.1,1.6367264986038208,14.83359146118164,-60.42974090576172,440.1216125488281,0.0,22.645849999560557,1531,-6.999999999999451,-21.052287345972342,0.0,-0.0015446963846890878,"{5: 43, 4: 66, 6: 241}","{1: 272, 0: 30, 2: 48}",{1: 350},"{1: 346, 2: 1, 0: 3}",{1: 350},"{1: 339, 0: 3, 2: 8}",0.035962195717066374,0.014237085252910345,0.05825873309794109,0.058958081300563805,0.11858890032955322,0.0436043041509382,0.1414517736016689,0.12823845230120562,,,,
8440,2,max_steps,3,0,0,11.282409344876562,3500,,,0.31226145687047463,0.1,1.6357604265213013,14.854860305786133,-60.42974090576172,440.1216125488281,0.0,18.282409344876662,1729,-6.999999999999451,0.0,0.0,0.0032235455271075893,{6: 350},"{0: 13, 1: 17, 2: 45, 3: 275}",{1: 350},"{1: 320, 0: 30}","{1: 346, 0: 4}","{1: 339, 0: 5, 2: 6}",0.013226220825552894,0.017384187137852905,0.02026957478490275,0.023777846955700975,0.04694211142767648,0.05848523387883233,0.07411861703136281,0.11374174726682215,,,,
8450,2,max_steps,3,2,0,1056.079448261344,3500,725.0,725.0,0.30915285666145054,0.1,1.642685890197754,14.959916114807129,-60.42974090576172,441.183349609375,1000.0,63.075448261361295,2372,-6.9959999999994515,0.0,0.0,0.30173698521752684,"{5: 88, 4: 119, 3: 23, 2: 71, 6: 49}","{3: 182, 1: 16, 2: 16, 6: 60, 5: 32, 4: 44}",{1: 350},"{1: 283, 0: 24, 2: 43}","{1: 345, 2: 1, 0: 4}","{1: 335, 2: 1, 0: 14}",0.040807969403056754,0.030620047445720756,0.04961613479792633,0.05016918930261797,0.11026731708983135,0.06347023706015469,0.13136057287883718,0.13616780136639034,0.11616758030676602,0.04746898175579616,0.10200689537087393,0.1926725402728948
8460,2,crash,3,0,1,-313.9905941600358,1889,,,0.3060752029398873,0.1,1.6503902673721313,14.992379188537598,-60.42974090576172,433.4230041503906,0.0,19.518131072260456,643,-3.7779999999998055,-29.730725232296205,-300.0,-0.16622053687667326,"{1: 68, 0: 19, 2: 59, 3: 10, 4: 24, 5: 8}","{3: 123, 4: 2, 2: 63}","{1: 171, 0: 17}","{1: 184, 0: 1, 2: 3}","{1: 164, 0: 24}","{1: 158, 0: 12, 2: 18}",0.03481455140533078,0.02571081388400893,0.0474208346255283,0.0717032000337739,0.14721286584297275,0.05319678482468366,0.1964556572351093,0.15615859238227603,,,,
8470,2,max_steps,3,1,0,525.4692710311931,3500,247.0,247.0,0.30302818762979505,0.1,1.6535651683807373,15.048705101013184,-60.42974090576172,433.5028076171875,500.0,32.467271031180076,2048,-6.997999999999451,0.0,0.0,0.15013407743748375,"{3: 24, 6: 154, 5: 44, 4: 128}","{5: 12, 4: 9, 3: 252, 2: 71, 1: 6}",{1: 350},"{1: 328, 2: 21, 0: 1}",{1: 350},{1: 350},0.012205847612175365,0.017219102388768878,0.021728916934242885,0.02781494674213103,0.04361441237862915,0.05350156020764573,0.06221179758257911,0.08001756008322282,0.005606478678973518,0.11039981471052682,0.006148880104979613,0.00981845432776281
8480,2,max_steps,3,1,0,509.6344999791656,3500,2721.0,2721.0,0.30001150572211754,0.1,1.6546529531478882,15.083246231079102,-62.03784942626953,444.17437744140625,500.0,16.63249997916099,1754,-6.997999999999451,0.0,0.0,0.14560985713690444,"{2: 263, 3: 9, 4: 78}","{4: 8, 3: 236, 2: 106}",{1: 350},"{1: 336, 2: 10, 0: 4}",{1: 350},{1: 350},0.007131687499451015,0.013104495371932635,0.01027984516290293,0.012129789975760294,0.04145395362754008,0.03745671593343067,0.05607621792101719,0.07185990148298797,0.09977785609615279,0.08592468605904334,0.0939876178942777,0.11392433618915775
8490,2,crash,3,2,1,692.1531472793063,2800,278.0,278.0,0.29702485524420014,0.1,1.6538230180740356,15.097844123840332,-69.2578125,454.370361328125,1000.0,26.5635731551958,961,-5.595999999999606,-28.81442587590488,-300.0,0.24719755259975223,"{3: 22, 1: 17, 2: 16, 6: 225}","{4: 13, 3: 161, 2: 77, 1: 29}","{1: 277, 0: 3}","{1: 262, 2: 7, 0: 11}","{1: 279, 0: 1}","{1: 275, 0: 2, 2: 3}",0.03271569501392371,0.017880877187632104,0.04471968665498939,0.032930358555639055,0.1078622305653489,0.05250623796783962,0.14724559030535186,0.13236375255286978,0.1340724553956929,0.07827709059127232,0.10508483269641843,0.11466767348891917
8500,2,max_steps,3,0,0,4.715979077121084,3500,,,0.2940679372295619,0.1,1.6518415212631226,15.107104301452637,-69.2578125,459.4236755371094,0.0,11.715979077121116,1851,-6.999999999999451,0.0,0.0,0.0013474225934631667,{2: 350},"{3: 292, 2: 36, 4: 22}",{1: 350},"{1: 316, 2: 19, 0: 15}",{1: 350},{1: 350},0.006957351079929428,0.01852529454694952,0.01016533870266561,0.01299147218227506,0.02781496593396202,0.05976664561522017,0.03923366838964102,0.054418715370248644,,,,
8510,2,crash,3,0,1,-251.17817654105227,2955,,,0.2911404556879694,0.1,1.6519800424575806,15.088807106018066,-69.2578125,459.4236755371094,0.0,68.67856699875239,1589,-5.909999999999571,-13.9467435398046,-300.0,-0.08500107497159129,"{6: 150, 5: 40, 4: 77, 3: 26, 2: 2}","{5: 88, 4: 46, 3: 161}","{1: 258, 2: 37}","{1: 281, 2: 12, 0: 2}","{1: 229, 2: 44, 0: 22}","{1: 225, 0: 43, 2: 27}",0.0877856427609682,0.024243611722571883,0.12109935776221553,0.10150229853485801,0.15798466177098144,0.05520168484025702,0.21981427962812355,0.23949393100185243,,,,
8520,2,max_steps,3,1,0,529.8060122226517,3500,2932.0,2932.0,0.28824211757580726,0.1,1.652911901473999,15.094797134399414,-69.2578125,448.8627014160156,500.0,36.80401222265032,2089,-6.997999999999451,0.0,0.0,0.15137314634932905,"{4: 187, 3: 7, 5: 99, 1: 31, 0: 26}","{6: 104, 5: 40, 4: 103, 3: 53, 1: 19, 2: 31}","{1: 343, 2: 7}","{1: 339, 2: 7, 0: 4}","{1: 342, 2: 8}","{1: 343, 0: 7}",0.022054953127552686,0.020456075202554967,0.026653330782047853,0.03733775694118725,0.06563959823953827,0.054080086233263255,0.09390265683167405,0.09590933007419226,0.15550800263328043,0.02446603324550798,0.19763787718062908,0.04664204729881315
8530,2,max_steps,3,1,0,530.9260737397668,3500,2205.0,2205.0,0.2853726327667443,0.1,1.6541833877563477,15.130193710327148,-69.2578125,435.0996398925781,500.0,42.496863373684285,2529,-6.997999999999451,-4.572789633921546,0.0,0.15169316392564766,"{0: 41, 1: 20, 2: 140, 3: 19, 5: 76, 6: 54}","{1: 84, 2: 123, 3: 95, 4: 48}",{1: 350},"{1: 329, 0: 21}",{1: 350},"{1: 326, 0: 19, 2: 5}",0.030124187926377066,0.01488426264516689,0.041769737303687715,0.04362882734408048,0.08355150943407644,0.05360050071135353,0.11197829333339417,0.14071721271140286,0.034218654064901995,0.08864527027855612,0.060675628798336156,0.035910799980725314
8540,2,max_steps,3,1,0,536.1516188926447,3500,2577.0,2577.0,0.28253171402269184,0.1,1.660836935043335,15.19281005859375,-69.2578125,440.9999694824219,500.0,43.149618892639964,2188,-6.997999999999451,0.0,0.0,0.15318617682646993,"{1: 119, 2: 132, 3: 6, 4: 93}","{6: 42, 5: 45, 4: 154, 3: 16, 0: 30, 1: 63}",{1: 350},"{1: 308, 2: 16, 0: 26}",{1: 350},{1: 350},0.022025063241735632,0.01876334890584265,0.02862909893726249,0.028750228595990652,0.06105741052558428,0.07329552477264455,0.08549359392732478,0.09008833235884946,0.10961076963233457,0.03628981208008942,0.05901807475850427,0.12475712076257692
8550,2,max_steps,3,1,0,520.2907982976529,3500,633.0,633.0,0.2797190769650507,0.1,1.664236068725586,15.214784622192383,-63.83273696899414,421.1866455078125,500.0,43.59741752299555,1880,-6.997999999999451,-16.308619225356722,0.0,0.14865451379932942,"{1: 33, 2: 21, 3: 9, 6: 287}","{3: 286, 4: 28, 5: 16, 2: 20}","{1: 348, 2: 2}","{1: 334, 0: 3, 2: 13}","{1: 348, 2: 2}","{1: 324, 0: 14, 2: 12}",0.0321105270268396,0.015371647414668465,0.050257294640868214,0.05335478207428178,0.10385848177728892,0.05723476772402171,0.13699896436879608,0.13818032928158622,0.09601654758988391,0.051014420100045595,0.049950717315448805,0.10182549504470145
8560,2,max_steps,3,3,0,1543.2590957831842,3500,1000.6666666666666,513.0,0.27693444004624496,0.1,1.6677485704421997,15.27828598022461,-63.83273696899414,434.8313903808594,1500.0,50.25309578321083,2440,-6.993999999999452,0.0,0.0,0.44093117022376693,"{4: 60, 3: 19, 1: 78, 2: 177, 5: 16}","{3: 217, 6: 11, 5: 24, 4: 42, 1: 44, 2: 12}",{1: 350},"{1: 302, 2: 22, 0: 26}","{1: 344, 0: 6}","{1: 345, 0: 3, 2: 2}",0.02658155464465798,0.02205134470838159,0.04210279436412205,0.05340491138707282,0.09017106261667371,0.061483738908455876,0.11269707909056226,0.11859977771849811,0.10851764576384752,0.08817592523857277,0.06596903202518462,0.11224109747706265
8570,2,max_steps,3,0,0,12.113088926737724,3500,,,0.2741775245215383,0.1,1.6658087968826294,15.31723403930664,-76.98667907714844,446.398193359375,0.0,29.598370147885475,1998,-6.999999999999451,-10.485281221147755,0.0,0.0034608825504964928,"{0: 45, 1: 162, 2: 143}","{6: 18, 5: 27, 4: 123, 3: 179, 2: 3}",{1: 350},"{1: 346, 2: 4}",{1: 350},"{1: 341, 2: 1, 0: 8}",0.018181943781129715,0.01626896232586221,0.02745665914854918,0.03145112883653922,0.04948618360294194,0.04263768724281988,0.0655328351122344,0.09706600931935572,,,,
8580,2,max_steps,3,0,0,95.56981219929096,3500,,,0.27144805442113185,0.1,1.6625616550445557,15.302380561828613,-76.98667907714844,446.398193359375,0.0,102.56981219929114,1653,-6.999999999999451,0.0,0.0,0.027305660628368845,"{6: 311, 5: 22, 4: 17}",{3: 350},"{1: 256, 2: 69, 0: 25}","{1: 349, 2: 1}","{1: 193, 0: 65, 2: 92}","{1: 158, 0: 95, 2: 97}",0.11545919590668363,0.008173156100082048,0.16798051685791202,0.16309326231324026,0.1914706603835703,0.027990593274627905,0.2757959929986365,0.3527349819565795,,,,
8590,2,max_steps,3,2,0,1053.6031689878891,3500,1096.5,1096.5,0.2687457565225387,0.1,1.666865587234497,15.317407608032227,-76.98667907714844,435.5322265625,1000.0,60.59916898790165,2282,-6.9959999999994515,0.0,0.0,0.3010294768536826,"{4: 138, 3: 38, 5: 174}","{0: 138, 1: 19, 2: 32, 3: 79, 6: 50, 5: 16, 4: 16}","{1: 340, 2: 10}","{1: 252, 0: 52, 2: 46}","{1: 337, 2: 13}","{1: 333, 2: 4, 0: 13}",0.0361366771196759,0.04303433314568909,0.055618831804067376,0.06672115146385946,0.11081224163779262,0.0713161270712735,0.13226990367434333,0.1347114676384611,0.1590015928727746,0.034487588423562726,0.08227861612476908,0.29850420615455137
8600,2,max_steps,3,0,0,43.175318842840575,3500,,,0.266070360323235,0.1,1.6663556098937988,15.306257247924805,-76.98667907714844,435.5322265625,0.0,50.175318842840746,1608,-6.999999999999451,0.0,0.0,0.012335805383668736,"{6: 24, 5: 86, 4: 240}","{2: 17, 3: 249, 4: 84}","{1: 345, 2: 5}","{1: 314, 0: 36}","{1: 333, 2: 17}","{1: 316, 2: 10, 0: 24}",0.04188106207637092,0.027718646397905215,0.05530549933114742,0.06662606954159905,0.11745042051348319,0.06086446315806642,0.14816870517820002,0.1492084659102715,0.06460764173153531,0.07327545452242304,0.13887365594623913,0.16088096616782072
8610,2,crash,3,0,1,-350.7603264810718,1388,,,0.2634215980135817,0.1,1.6680324077606201,15.319930076599121,-76.98667907714844,438.36749267578125,0.0,16.143262853968515,856,-2.775999999999916,-64.12758933504034,-300.0,-0.25270916893448975,"{4: 89, 5: 49}","{5: 22, 4: 13, 3: 51, 2: 52}",{1: 138},"{1: 125, 2: 13}","{1: 133, 0: 5}","{1: 121, 0: 10, 2: 7}",0.05306732207642001,0.0354185813971849,0.07792388616445418,0.053229674935440674,0.12810459648943806,0.05893660733625079,0.15921924026335196,0.15476873033578037,,,,
8620,2,max_steps,3,1,0,526.8208984280394,3500,1954.0,1954.0,0.2607992044500169,0.1,1.6693403720855713,15.290671348571777,-76.98667907714844,435.7663879394531,500.0,33.81889842803486,1935,-6.997999999999451,0.0,0.0,0.15052025669372554,"{1: 68, 2: 57, 3: 86, 4: 127, 5: 12}","{3: 190, 2: 95, 1: 2, 4: 63}",{1: 350},"{1: 314, 0: 36}","{1: 345, 0: 5}","{1: 348, 0: 1, 2: 1}",0.018619412348045733,0.019199185928498605,0.02732834081699471,0.03168482562937447,0.09446715974742564,0.06009214658525697,0.11023798165173836,0.0984982514491455,0.04439243508750007,0.029083801171062997,0.06492995953738188,0.07349803439058288
8630,2,max_steps,3,1,0,525.8428612980341,3500,280.0,280.0,0.2582029171285146,0.1,1.676293134689331,15.36632251739502,-76.98667907714844,446.8968200683594,500.0,32.84086129801892,1902,-6.997999999999451,0.0,0.0,0.15024081751372403,"{3: 27, 6: 87, 5: 214, 4: 22}","{1: 12, 2: 23, 3: 199, 4: 116}",{1: 350},"{1: 303, 0: 35, 2: 12}",{1: 350},{1: 350},0.029024651655793866,0.037531945885840676,0.03710282081085068,0.035896004978459864,0.05511897563556722,0.061078875315451184,0.0768471537932344,0.08353734964877332,0.02812367102466594,0.06290394318316113,0.057398331739478364,0.0415217992051096
8640,2,max_steps,3,2,0,1027.7219838640463,3500,1089.0,1089.0,0.25563247615830775,0.1,1.6799105405807495,15.359997749328613,-60.46200942993164,410.2322998046875,1000.0,34.717983864066895,1863,-6.9959999999994515,0.0,0.0,0.29363485253258464,"{2: 130, 3: 62, 4: 27, 5: 131}","{1: 9, 2: 47, 3: 137, 6: 127, 5: 11, 4: 19}","{1: 344, 0: 2, 2: 4}","{1: 317, 0: 11, 2: 22}","{1: 332, 0: 9, 2: 9}","{1: 335, 0: 6, 2: 9}",0.018855312312917358,0.012760260720122546,0.02472359188022563,0.03754995035727481,0.10170174666018603,0.05676897656227641,0.1329890367464902,0.13786899130275335,0.10135191661686652,0.06142859953333844,0.07605684819388264,0.1269965297457523
8650,2,max_steps,3,0,0,30.67635263343181,3500,,,0.2530876242358731,0.1,1.683781385421753,15.39597225189209,-60.46200942993164,410.2322998046875,0.0,37.676352633431875,1838,-6.999999999999451,0.0,0.0,0.008764672180980518,"{5: 261, 6: 29, 4: 60}","{3: 118, 2: 227, 1: 5}","{1: 339, 2: 11}","{1: 344, 0: 4, 2: 2}","{1: 320, 0: 18, 2: 12}","{1: 319, 2: 4, 0: 27}",0.028683248461604346,0.014390522714473905,0.042243275133408226,0.057527015733228964,0.12464949081568177,0.046711127569280884,0.16645347330923133,0.145585898682412,,,,
8660,2,max_steps,3,0,0,12.551366361084028,3500,,,0.2505681066191748,0.1,1.6822444200515747,15.365667343139648,-60.46200942993164,418.35443115234375,0.0,42.710016133237794,1410,-6.999999999999451,-23.15864977215366,0.0,0.0035861046745954365,"{3: 26, 4: 108, 5: 81, 6: 135}","{6: 9, 5: 11, 4: 11, 3: 319}","{1: 328, 0: 8, 2: 14}","{1: 321, 2: 29}","{1: 314, 0: 20, 2: 16}","{1: 242, 0: 49, 2: 59}",0.03852176098933096,0.01696127029321253,0.061458327655978515,0.08837434712759562,0.12747687127431173,0.057626198355115614,0.18070520682017427,0.19115909166884318,,,,
8670,2,crash,3,0,1,-311.71352805169835,1608,,,0.2480736711021643,0.1,1.6843262910842896,15.365968704223633,-66.64273071289062,418.2477111816406,0.0,1.91662484341962,300,-3.2159999999998674,-10.414152895117939,-300.0,-0.19385169654956366,"{4: 70, 5: 17, 6: 73}","{3: 146, 4: 14}","{1: 152, 0: 8}","{1: 145, 0: 14, 2: 1}","{1: 143, 0: 17}","{1: 128, 0: 15, 2: 17}",0.02522514778754903,0.020389971612772097,0.0548757035032975,0.04544467156328848,0.13320562744726872,0.05946211813823962,0.1851526519891784,0.16848184647383255,,,,
8680,2,max_steps,3,0,0,28.18745343015411,3500,,,0.24560406798953477,0.1,1.6881705522537231,15.377135276794434,-66.64273071289062,405.59722900390625,0.0,35.18745343015423,1716,-6.999999999999451,0.0,0.0,0.008053558122901174,"{5: 76, 6: 233, 4: 41}","{0: 44, 1: 29, 2: 277}",{1: 350},"{1: 321, 0: 27, 2: 2}","{1: 332, 2: 12, 0: 6}","{1: 320, 2: 2, 0: 28}",0.026315080490943346,0.01332149991622774,0.037936956176190806,0.04847562921645637,0.11673539140852693,0.05477636604162988,0.16343021116647674,0.13905439713854056,,,,
8690,2,max_steps,3,2,0,1082.1063369619426,3500,1078.0,1078.0,0.24315905007172578,0.1,1.6945221424102783,15.408866882324219,-66.64273071289062,423.9732360839844,1000.0,89.10233696195735,2281,-6.9959999999994515,0.0,0.0,0.3091732391319836,"{6: 185, 5: 37, 4: 97, 3: 13, 2: 18}","{5: 63, 4: 48, 3: 133, 0: 42, 1: 49, 2: 15}","{1: 299, 2: 32, 0: 19}","{1: 270, 2: 19, 0: 61}","{1: 283, 2: 38, 0: 29}","{1: 310, 2: 16, 0: 24}",0.056120201577788305,0.03206454687221425,0.07375641306490284,0.08157230841316326,0.16000504048206826,0.09036315252089683,0.2096295420133135,0.1619362805756132,0.14125296055892111,0.06428461570426514,0.1453592589962333,0.11193866100929364
8700,2,max_steps,3,2,0,1072.266771078682,3500,1363.0,1363.0,0.24073837260017789,0.1,1.700627088546753,15.436699867248535,-66.64273071289062,408.6904602050781,1000.0,79.26277107868661,2227,-6.9959999999994515,0.0,0.0,0.30636193459390915,"{0: 45, 1: 63, 2: 85, 3: 79, 6: 53, 5: 24, 4: 1}","{3: 137, 2: 127, 1: 35, 6: 20, 5: 15, 4: 16}","{1: 342, 2: 8}","{1: 277, 0: 40, 2: 33}","{1: 308, 0: 17, 2: 25}","{1: 290, 0: 33, 2: 27}",0.04783035551864484,0.03634470727258185,0.06114007759155393,0.08720699359303972,0.1284074404911062,0.07696201168107485,0.19171744472740376,0.17059088239942566,0.0377579966638991,0.09946260296895965,0.06194902274754367,0.06894159189422458
8710,2,max_steps,3,0,0,28.85624673526873,3500,,,0.2383417932628328,0.1,1.7023829221725464,15.44266128540039,-66.64273071289062,423.8163757324219,0.0,35.85624673526879,1940,-6.999999999999451,0.0,0.0,0.008244641924362495,"{4: 162, 5: 162, 6: 26}","{5: 31, 4: 41, 3: 263, 2: 15}","{1: 335, 2: 15}","{1: 347, 2: 1, 0: 2}","{1: 327, 0: 7, 2: 16}","{1: 315, 2: 17, 0: 18}",0.027034556999175095,0.020173463843900844,0.040005606177987485,0.05914774329442658,0.12181807523288155,0.039601440278923,0.15914756412085873,0.1498552914761801,0.06306479328803227,0.050121031882231944,0.17838275545150664,0.17712924583317818
8720,2,max_steps,3,1,0,526.5816328982631,3500,196.0,196.0,0.23596907215987786,0.1,1.7012369632720947,15.442018508911133,-66.64273071289062,418.948974609375,500.0,34.22942812591917,1555,-6.997999999999451,-0.6497952276727799,0.0,0.15045189511378948,"{3: 49, 4: 128, 5: 34, 6: 139}","{1: 9, 2: 10, 6: 44, 5: 114, 4: 173}","{1: 349, 0: 1}","{1: 315, 0: 14, 2: 21}","{1: 341, 0: 9}","{1: 338, 0: 5, 2: 7}",0.03214766213892658,0.019171742898197917,0.044651777197375606,0.04771901042718364,0.0772797984778829,0.059918244080828534,0.10405498428207714,0.13766763296553042,0.0007178184113992504,0.12015522126643045,0.0021987438161683815,0.0034372226456468964
8730,2,max_steps,3,0,0,16.51900292036883,3500,,,0.23361997177973168,0.1,1.703864574432373,15.439602851867676,-66.64273071289062,418.06219482421875,0.0,25.484954851546163,2162,-6.999999999999451,-1.9659519311772997,0.0,0.00471971512010538,"{5: 197, 4: 153}","{6: 18, 5: 17, 4: 92, 3: 223}",{1: 350},"{1: 333, 2: 17}",{1: 350},{1: 350},0.014030288191091912,0.013276394606312006,0.02066577616597226,0.02734670803966981,0.038978767967079116,0.0535783498367953,0.05560598512503746,0.07479021519878308,,,,
8740,2,max_steps,3,0,0,46.457312926489045,3500,,,0.23129425697526923,0.1,1.7043260335922241,15.426398277282715,-66.64273071289062,416.0517883300781,0.0,53.457312926489124,1639,-6.999999999999451,0.0,0.0,0.01327351797899687,"{5: 77, 6: 229, 4: 44}","{3: 214, 4: 91, 2: 45}","{1: 301, 2: 25, 0: 24}","{1: 345, 0: 2, 2: 3}","{1: 290, 0: 32, 2: 28}","{1: 286, 0: 33, 2: 31}",0.04472373738087951,0.016308521705612762,0.06534118009250918,0.08819727776495165,0.1690381343523532,0.04926184163646483,0.23203402487061864,0.21533826864087527,,,,
8750,2,max_steps,3,1,0,553.1146322757787,3500,1151.0,1151.0,0.22899169494028315,0.1,1.7048007249832153,15.450362205505371,-72.69318389892578,416.0517883300781,500.0,75.80811188084814,2577,-6.997999999999451,-15.695479605076216,0.0,0.15803275207879391,"{1: 77, 2: 16, 3: 22, 6: 100, 5: 36, 4: 99}","{0: 7, 1: 51, 2: 65, 3: 171, 6: 29, 5: 11, 4: 16}","{1: 316, 2: 24, 0: 10}","{1: 272, 0: 18, 2: 60}","{1: 305, 0: 21, 2: 24}","{1: 285, 0: 44, 2: 21}",0.034650416583196286,0.031043465969194113,0.05029452999227742,0.06397962591026277,0.1419329705370097,0.06750868081741683,0.20253185291340747,0.17650271596842937,0.0885987351462548,0.06082281167952531,0.25366536605711987,0.24332712357050285
8760,2,crash,3,0,1,-305.9619879867007,3308,,,0.22671205518617984,0.1,1.70866858959198,15.486299514770508,-71.75482940673828,426.67694091796875,0.0,24.325143559287923,1572,-6.615999999999493,-23.671131545988526,-300.0,-0.0924915320395105,"{3: 34, 4: 146, 5: 90, 6: 60}","{6: 9, 5: 16, 4: 8, 3: 297}","{1: 321, 0: 9}","{1: 306, 2: 22, 0: 2}","{1: 314, 0: 16}","{1: 300, 0: 13, 2: 17}",0.024985935075500877,0.01349913554417039,0.04424918980717042,0.06324857400223896,0.11249913479732775,0.05246713496955064,0.13715692430290027,0.14379310219111918,0.12807531800703853,0.1305635271638289,0.1346596154264506,0.09280577958080481
8770,2,max_steps,3,0,0,55.804846789547035,3500,,,0.22445510951890724,0.1,1.7103382349014282,15.503080368041992,-74.76876831054688,418.04180908203125,0.0,62.80484678954719,1430,-6.999999999999451,0.0,0.0,0.015944241939870582,"{4: 188, 5: 84, 6: 69, 3: 9}","{5: 17, 4: 68, 3: 265}","{1: 304, 2: 37, 0: 9}","{1: 337, 2: 10, 0: 3}","{1: 258, 0: 45, 2: 47}","{1: 207, 0: 66, 2: 77}",0.058850200061858655,0.02492490840864778,0.06844105188984216,0.10305225377785676,0.16395301138400423,0.05417795819625953,0.24897587379394506,0.2975594290429772,0.10292138353058096,0.05409406517694711,0.24656868857029401,0.3005271830211229
8780,2,max_steps,3,0,0,62.629587199130164,3500,,,0.22222063201611245,0.1,1.7115721702575684,15.465790748596191,-74.76876831054688,437.192138671875,0.0,69.6295871991303,1825,-6.999999999999451,0.0,0.0,0.017894167771180046,"{6: 131, 5: 103, 4: 101, 3: 15}","{1: 84, 2: 121, 3: 145}","{1: 298, 2: 42, 0: 10}","{1: 320, 0: 21, 2: 9}","{1: 296, 2: 40, 0: 14}","{1: 274, 2: 26, 0: 50}",0.06394384235482167,0.017439461767463825,0.08159055545688079,0.09297518523406806,0.17004767457502268,0.05967266907400827,0.2176278170027396,0.19812023668168893,0.11257125114721665,0.04622442950929781,0.26541554449902377,0.3348120670034297
8790,2,max_steps,3,1,0,553.8551907271378,3500,3465.0,3465.0,0.2200083990045266,0.1,1.7148057222366333,15.491687774658203,-74.76876831054688,432.6780700683594,500.0,60.85319072713746,2107,-6.997999999999451,0.0,0.0,0.15824434020775366,"{0: 261, 1: 39, 2: 44, 3: 2, 6: 4}","{0: 9, 1: 10, 2: 97, 3: 230, 5: 4}","{1: 338, 0: 12}","{1: 327, 0: 23}","{1: 331, 0: 10, 2: 9}","{1: 327, 2: 10, 0: 13}",0.03759202854218648,0.02117924711564774,0.05692190308213385,0.0498673579141664,0.13015001207358873,0.05481644571307458,0.16005422100396843,0.14428445204490867,0.11931835864782317,0.051930992091509316,0.09431813521516098,0.08752144119851249
8800,2,max_steps,3,0,0,-3.6747783603664397,3500,,,0.21781818903757502,0.1,1.7167149782180786,15.479329109191895,-74.76876831054688,427.55609130859375,0.0,21.03723062234035,1306,-6.999999999999451,-17.712008982706756,0.0,-0.0010499366743904114,"{4: 154, 5: 142, 6: 54}","{3: 89, 2: 113, 1: 115, 0: 33}",{1: 350},"{1: 317, 2: 29, 0: 4}","{1: 341, 0: 9}","{1: 325, 0: 10, 2: 15}",0.018827220873935388,0.025103378428026256,0.030667965034259392,0.04762356580410573,0.08748487776308919,0.059796309278316306,0.11760205996579232,0.14384967738214413,0.0073847428016025375,0.07973408058468358,0.016341583483114385,0.016047016828433534
8810,2,max_steps,3,0,0,68.91840140250667,3500,,,0.21564978287321024,0.1,1.7210147380828857,15.547423362731934,-74.76876831054688,414.55828857421875,0.0,79.57504478914075,1847,-6.999999999999451,-3.656643386634033,0.0,0.019690971829287623,"{5: 172, 6: 89, 4: 89}","{6: 15, 5: 39, 4: 11, 3: 285}","{1: 307, 2: 43}","{1: 332, 2: 18}","{1: 256, 2: 56, 0: 38}","{1: 217, 2: 58, 0: 75}",0.07900399649349442,0.01535361617699816,0.10947819225153292,0.12013827113254186,0.1601347770439525,0.04507004904239207,0.2309660131862304,0.2546307863121697,,,,
8820,2,max_steps,3,0,0,45.502260912785744,3500,,,0.21350296345196565,0.1,1.724172830581665,15.580860137939453,-80.3882064819336,427.39166259765625,0.0,52.50226091278587,1538,-6.999999999999451,0.0,0.0,0.01300064597508164,"{4: 113, 5: 106, 6: 131}","{0: 13, 1: 43, 2: 197, 3: 97}","{1: 331, 2: 19}","{1: 324, 0: 26}","{1: 311, 0: 13, 2: 26}","{1: 292, 2: 17, 0: 41}",0.059888431481255534,0.021607835216657996,0.0694908642177656,0.06921160918739983,0.13116820814378394,0.05573985977388248,0.1816780486015732,0.17801456394231321,,,,
8830,2,crash,3,1,1,185.96813432808563,2689,319.0,319.0,0.21137751587522757,0.1,1.7267833948135376,15.63252067565918,-80.3882064819336,432.9334411621094,500.0,43.92223175703638,1389,-5.37599999999963,-52.57809742896058,-300.0,0.06915884504577376,"{1: 17, 2: 14, 4: 68, 5: 127, 6: 37, 3: 5}","{3: 170, 6: 2, 5: 57, 4: 26, 2: 13}","{1: 246, 0: 9, 2: 13}","{1: 260, 2: 8}","{1: 233, 0: 18, 2: 17}","{1: 220, 0: 26, 2: 22}",0.051048280787583715,0.02100032850935509,0.07704591668892274,0.10521825517999908,0.14770499601256692,0.0530077532193614,0.1935675395736947,0.18506226113510396,0.14125817189774226,0.04027950153387903,0.15741077950004936,0.18909032725789246
8840,2,max_steps,3,0,0,-0.22207849312381,3500,,,0.2092732273837238,0.1,1.7248765230178833,15.613090515136719,-77.15206146240234,429.5211181640625,0.0,56.814481016617705,1925,-6.999999999999451,-50.0365595097415,0.0,-6.345099803537429e-05,"{4: 41, 5: 39, 6: 270}","{6: 5, 5: 17, 4: 52, 3: 276}","{1: 342, 0: 8}","{1: 340, 2: 6, 0: 4}","{1: 325, 0: 11, 2: 14}","{1: 308, 0: 21, 2: 21}",0.061694042212630515,0.027219343496707626,0.07727262158608392,0.0813236687166542,0.12218738703970013,0.05531280800152686,0.1666858516159064,0.1510887146451845,,,,
8850,2,crash,3,1,1,214.02918557458304,2540,1668.0,1668.0,0.20718988733622626,0.1,1.7303727865219116,15.665656089782715,-76.82943725585938,424.959228515625,500.0,35.86280131004037,1520,-5.077999999999663,-16.75561573546124,-300.0,0.08426345888763112,"{0: 114, 1: 14, 2: 35, 3: 3, 6: 88}","{2: 20, 3: 168, 4: 17, 6: 42, 5: 7}",{1: 254},"{1: 197, 0: 13, 2: 44}","{1: 246, 0: 8}","{1: 230, 2: 11, 0: 13}",0.022844927529439014,0.04057347213154982,0.030593910111573704,0.05167531246061173,0.1080182486755446,0.09668983611388345,0.1524604669925089,0.14868913017689017,0.1304230789006587,0.05327885925532782,0.13893770659209853,0.09871859260896691
8860,2,max_steps,3,1,0,523.4734799857016,3500,1729.0,1729.0,0.20512728718846535,0.1,1.739053726196289,15.72067642211914,-75.61930084228516,426.18194580078125,500.0,73.92628248091181,2324,-6.997999999999451,-43.45480249521401,0.0,0.14956385142448617,"{6: 73, 5: 34, 4: 63, 3: 2, 0: 178}","{6: 5, 5: 9, 4: 8, 3: 288, 1: 5, 2: 35}","{1: 330, 2: 20}","{1: 306, 2: 23, 0: 21}","{1: 316, 2: 30, 0: 4}","{1: 289, 2: 31, 0: 30}",0.05648282749587476,0.01950622494780805,0.07432944557815242,0.0679799044168823,0.14032094492641461,0.06112716056552341,0.17712272465801884,0.15521549475749252,0.14346453460219458,0.05432043827621394,0.15607123501668657,0.17724993660347282
8870,2,max_steps,3,1,0,559.6548534906877,3500,1855.0,1855.0,0.2030852204722548,0.1,1.7362209558486938,15.649152755737305,-75.61930084228516,426.18194580078125,500.0,66.65285349068219,2356,-6.997999999999451,0.0,0.0,0.15990138671162507,"{6: 35, 5: 41, 4: 86, 3: 23, 0: 124, 1: 37, 2: 4}","{0: 16, 1: 59, 2: 61, 3: 49, 6: 125, 5: 24, 4: 16}",{1: 350},"{1: 307, 0: 25, 2: 18}","{1: 341, 2: 6, 0: 3}","{1: 336, 0: 9, 2: 5}",0.04613892479492685,0.033597140275359316,0.06013352247047179,0.05467651043668327,0.09267423419057316,0.06082372443114831,0.12192625532034332,0.13767438141978736,0.08818337799567823,0.07473008359807766,0.11730391783755995,0.06669854997367612
8880,2,max_steps,3,0,0,46.2742609127531,3500,,,0.2010634827748238,0.1,1.7383819818496704,15.621466636657715,-75.61930084228516,426.18194580078125,0.0,53.274260912753164,1632,-6.999999999999451,0.0,0.0,0.013221217403643742,"{5: 165, 4: 102, 6: 83}","{2: 123, 1: 33, 3: 194}","{1: 327, 2: 14, 0: 9}","{1: 342, 0: 7, 2: 1}","{1: 314, 2: 24, 0: 12}","{1: 302, 2: 22, 0: 26}",0.05004566246656014,0.014290309289070364,0.06629069090303186,0.06020609048779392,0.1453826188621821,0.04319875713007305,0.18073368283853364,0.15659140563117563,,,,
8890,2,max_steps,3,0,0,1.7850731382733176,3500,,,0.1990618717183552,0.1,1.739438772201538,15.586507797241211,-75.61930084228516,411.8427734375,0.0,8.785073138273255,1736,-6.999999999999451,0.0,0.0,0.0005100208966495193,{2: 350},"{3: 325, 2: 25}",{1: 350},{1: 350},{1: 350},{1: 350},0.0025554335684651007,0.01329727318039733,0.0037824438778683135,0.005187633658983897,0.008788274699680701,0.026861522955218008,0.011561434750071743,0.01751093085546533,0.005794619624864366,0.021146285460922506,0.00718532684285415,0.009915352078042916
8900,2,max_steps,3,1,0,516.3301443134656,3500,3218.0,3218.0,0.19708018693972726,0.1,1.7481480836868286,15.663119316101074,-75.61930084228516,419.1847229003906,500.0,83.85632317593542,1884,-6.997999999999451,-60.528178862471265,0.0,0.14752289837527588,"{6: 182, 5: 107, 4: 60, 3: 1}","{6: 11, 5: 10, 4: 36, 3: 264, 1: 22, 2: 7}","{1: 274, 2: 41, 0: 35}","{1: 319, 2: 27, 0: 4}","{1: 249, 2: 57, 0: 44}","{1: 216, 0: 71, 2: 63}",0.08646776327730882,0.020799556624371128,0.12292525546555738,0.13885501745873022,0.18487164674785428,0.05857483452845096,0.25643914005666607,0.29656193238782463,0.14858388961104682,0.018806297834773927,0.0442896519665047,0.2991553023717473
8910,2,max_steps,3,1,0,526.4568487374061,3500,892.0,892.0,0.19511823007045703,0.1,1.7582300901412964,15.761431694030762,-75.61930084228516,420.61688232421875,500.0,33.45484873739532,1966,-6.997999999999451,0.0,0.0,0.15041624249640173,"{2: 166, 3: 11, 1: 96, 0: 77}","{3: 203, 2: 96, 0: 30, 1: 21}","{1: 344, 2: 6}","{1: 320, 0: 29, 2: 1}","{1: 349, 2: 1}","{1: 344, 0: 6}",0.033535702866552095,0.017498773009156574,0.042508404300513114,0.03905010409661797,0.0994650065086548,0.0595256838704535,0.1220315089778153,0.11118877874818027,0.11484160671870733,0.030725439904830776,0.10414644886246847,0.11514167888185302
8920,2,max_steps,3,1,0,526.652023434727,3500,2865.0,2865.0,0.19317580471684373,0.1,1.7628978490829468,15.764787673950195,-76.68597412109375,420.68817138671875,500.0,33.650023434725696,2313,-6.997999999999451,0.0,0.0,0.1504720066956363,"{1: 84, 2: 179, 3: 72, 4: 15}","{2: 69, 3: 225, 6: 19, 5: 16, 4: 21}",{1: 350},"{1: 332, 2: 17, 0: 1}",{1: 350},"{1: 344, 2: 2, 0: 4}",0.02196768181594986,0.016560607395257276,0.030980621445211187,0.03419362938676219,0.07337346914400517,0.053399415129518686,0.09125871777522736,0.11386533696278293,0.04319524190761326,0.05461224897728815,0.0624377907896531,0.0877238693487352
8930,2,max_steps,3,2,0,1087.1660154740455,3500,1409.0,1409.0,0.19125271644030925,0.1,1.7649762630462646,15.749519348144531,-76.68597412109375,420.68817138671875,1000.0,95.800221131774,2251,-6.9959999999994515,-1.6382056577297957,0.0,0.31061886156401297,"{5: 52, 6: 80, 4: 104, 3: 37, 2: 8, 0: 58, 1: 11}","{2: 48, 3: 205, 6: 53, 5: 23, 4: 21}","{1: 306, 0: 2, 2: 42}","{1: 328, 0: 3, 2: 19}","{1: 277, 0: 29, 2: 44}","{1: 268, 0: 46, 2: 36}",0.07429190663609506,0.016911367993075785,0.10015921150831661,0.10863405618128458,0.17140327722812912,0.05540683217810864,0.20715164740804418,0.18697470082718923,0.1459261385127838,0.05291233767853912,0.07305103121090771,0.29807796991849744
8940,2,max_steps,3,1,0,507.0938640363926,3500,2022.0,2022.0,0.18934877273793493,0.1,1.7683733701705933,15.777031898498535,-76.68597412109375,409.9925537109375,500.0,46.81653326936085,1936,-6.997999999999451,-32.72466923297611,0.0,0.14488396115325503,"{1: 158, 2: 18, 0: 25, 3: 1, 6: 148}","{5: 9, 4: 57, 3: 204, 0: 34, 1: 14, 2: 32}","{1: 328, 0: 22}","{1: 300, 2: 4, 0: 46}","{1: 329, 0: 21}","{1: 330, 0: 12, 2: 8}",0.024466372475751563,0.018682996913513886,0.039520710394551066,0.04134897695006916,0.12229957744446483,0.06220530735269599,0.15281887428818558,0.13711894425465196,0.19703380009976734,0.03324447181741633,0.16261889507786362,0.1359483274551686
8950,2,max_steps,3,3,0,1583.164340346745,3500,1006.6666666666666,504.0,0.18746378302319164,0.1,1.7746624946594238,15.804818153381348,-87.75120544433594,405.0552978515625,1500.0,90.15834034676742,2466,-6.993999999999452,0.0,0.0,0.45233266867049854,"{3: 22, 0: 73, 1: 10, 2: 10, 6: 42, 5: 104, 4: 89}","{2: 28, 3: 275, 4: 21, 1: 21, 0: 5}","{1: 303, 0: 20, 2: 27}","{1: 316, 0: 28, 2: 6}","{1: 303, 0: 18, 2: 29}","{1: 291, 0: 42, 2: 17}",0.047900420040452,0.02267570163516216,0.07033960552731565,0.09794328072543174,0.16803346750773182,0.05970516165812985,0.2068751016425269,0.1720179667794387,0.1745620588143946,0.06037644076999886,0.15678337391600214,0.23338208028782204
8960,2,max_steps,3,1,0,555.7653458800697,3500,2949.0,2949.0,0.185597558606862,0.1,1.775852084159851,15.750130653381348,-87.75120544433594,405.0552978515625,500.0,62.76334588006943,2163,-6.997999999999451,0.0,0.0,0.15879009882287706,"{5: 92, 6: 21, 4: 153, 3: 28, 0: 56}","{4: 20, 3: 311, 2: 19}","{1: 316, 2: 20, 0: 14}","{1: 341, 2: 8, 0: 1}","{1: 291, 2: 33, 0: 26}","{1: 289, 2: 28, 0: 33}",0.044779260065870685,0.01292747055773883,0.06098383713644054,0.07472962440641892,0.14879210774746215,0.04371087925790101,0.20322355426533734,0.21563109409216424,0.09459200571610638,0.025689120314581395,0.24452234955766858,0.2788981196404331
8970,2,max_steps,3,4,0,2100.4614412304054,3500,632.5,313.0,0.18374991267815238,0.1,1.7821884155273438,15.821642875671387,-87.75120544433594,420.063232421875,2000.0,107.45344123039037,2791,-6.991999999999452,0.0,0.0,0.6001318403515444,"{3: 141, 1: 14, 2: 97, 6: 72, 5: 11, 4: 15}","{6: 21, 5: 33, 4: 33, 3: 114, 0: 131, 1: 11, 2: 7}","{1: 329, 0: 2, 2: 19}","{1: 231, 2: 66, 0: 53}","{1: 329, 0: 3, 2: 18}","{1: 324, 0: 18, 2: 8}",0.050006697380787474,0.05042796607905076,0.06736741560805284,0.05845536742776526,0.12990773181674187,0.11322666996981019,0.15532246846965192,0.145429188643415,0.14020303792514907,0.1263470019727767,0.17701911534102813,0.06960329951157196
8980,2,max_steps,3,0,0,7.741567144874327,3500,,,0.18192066028599307,0.1,1.7845842838287354,15.846941947937012,-87.75120544433594,448.9267272949219,0.0,14.741567144874391,1862,-6.999999999999451,0.0,0.0,0.0022118763271069507,{2: 350},"{1: 3, 2: 18, 3: 304, 4: 25}",{1: 350},"{1: 316, 0: 22, 2: 12}",{1: 350},{1: 350},0.0037368614492014037,0.0175128645534713,0.00555192601369584,0.00708428740509774,0.020971496941236484,0.059958044216699126,0.028242132230626542,0.02696966179571063,0.005859837222528671,0.06282211591944109,0.008832413279795906,0.0033996076046217726
8990,2,max_steps,3,0,0,12.287506544517079,3500,,,0.18010961832052436,0.1,1.7886906862258911,15.890291213989258,-83.99694061279297,435.09759521484375,0.0,19.287506544517104,1468,-6.999999999999451,0.0,0.0,0.0035107161555763084,"{2: 248, 1: 20, 0: 82}","{4: 208, 5: 8, 3: 114, 2: 20}",{1: 350},"{1: 334, 2: 16}",{1: 350},"{1: 339, 0: 11}",0.02535880543586294,0.011753202342575252,0.039131052626092414,0.036508132714547746,0.07322174006594731,0.04165613271910019,0.09173845931227216,0.10493486230256398,,,,
9000,2,max_steps,3,1,0,580.5404919557225,3500,887.0,887.0,0.178316605494767,0.1,1.793566107749939,15.885636329650879,-83.99694061279297,418.8415832519531,500.0,87.74780977390797,2211,-6.997999999999451,-0.20931781819582607,0.0,0.1658687119873493,"{0: 57, 1: 16, 2: 14, 3: 1, 6: 122, 5: 122, 4: 18}","{3: 274, 4: 39, 2: 37}","{1: 331, 0: 2, 2: 17}","{1: 346, 0: 2, 2: 2}","{1: 300, 0: 15, 2: 35}","{1: 273, 0: 48, 2: 29}",0.05224123107609731,0.021865790066734288,0.08000860232066392,0.1028637172436909,0.14454931717781283,0.052805322967222325,0.1967224966800548,0.1691697304587828,0.11177703043844131,0.03367334150621856,0.06286943224501981,0.07355319844692604
9010,2,max_steps,3,1,0,547.9250070492243,3500,2194.0,2194.0,0.17654144232647553,0.1,1.7973753213882446,15.941431045532227,-83.99694061279297,417.107421875,500.0,54.92300704921834,2196,-6.997999999999451,0.0,0.0,0.15655000201406408,"{3: 102, 2: 81, 1: 36, 6: 98, 5: 23, 4: 10}","{0: 27, 1: 89, 2: 20, 3: 211, 4: 3}","{1: 343, 0: 2, 2: 5}","{1: 319, 0: 29, 2: 2}","{1: 333, 0: 7, 2: 10}","{1: 331, 0: 17, 2: 2}",0.05137659215204449,0.023219494632189846,0.06967816523047643,0.05696046799049062,0.12249201407117946,0.05827606474692886,0.16154197291256153,0.13146252217402477,0.1381563742539842,0.015562511766503417,0.1825346322542035,0.04547825063668043
9020,2,max_steps,3,0,0,14.570230519746016,3500,,,0.17478395112017167,0.1,1.7989060878753662,15.924428939819336,-83.99694061279297,417.107421875,0.0,21.57023051974612,1586,-6.999999999999451,0.0,0.0,0.004162923005641719,"{2: 57, 1: 132, 0: 161}","{3: 116, 4: 227, 5: 7}",{1: 350},"{1: 329, 0: 1, 2: 20}",{1: 350},"{1: 347, 0: 3}",0.02136247297434824,0.012209770666491258,0.03494479311297264,0.040789523465723815,0.07268854292908467,0.05017492892600681,0.09586944791132092,0.10896321776297244,,,,
9030,2,crash,3,0,1,-340.6795555768162,1274,,,0.17304395594935684,0.1,1.800794005393982,15.985361099243164,-83.99694061279297,422.41473388671875,0.0,8.758285583585456,485,-2.547999999999941,-46.8898411604017,-300.0,-0.2674093842832152,{6: 127},"{5: 8, 4: 15, 3: 104}","{1: 104, 0: 23}","{1: 113, 2: 14}","{1: 87, 0: 34, 2: 6}","{1: 72, 0: 30, 2: 25}",0.07402558293493583,0.02981002184298768,0.11211651105943087,0.1392280137785714,0.16431410289816226,0.0600750698032221,0.24754395762154022,0.2992206718980738,,,,
9040,2,max_steps,3,2,0,1031.020799495621,3500,536.5,536.5,0.17132128263890195,0.1,1.8055696487426758,16.065732955932617,-83.99694061279297,428.9253845214844,1000.0,38.01679949566006,2060,-6.9959999999994515,0.0,0.0,0.29457737128446315,"{4: 58, 3: 49, 0: 243}","{5: 36, 4: 48, 3: 189, 0: 18, 1: 32, 2: 27}",{1: 350},"{1: 299, 2: 24, 0: 27}","{1: 344, 2: 6}","{1: 332, 2: 2, 0: 16}",0.025406884757637933,0.034613537053490157,0.037361283970801074,0.047416481664140434,0.07851798695341469,0.06194102694027769,0.10441433330641427,0.13998530205669618,0.04144924418553059,0.11662610832790907,0.1005577470387587,0.09253180854323868
9050,2,crash,3,1,1,212.3932293677662,2927,1111.0,1111.0,0.1696157587476121,0.1,1.8042246103286743,16.066118240356445,-83.99694061279297,431.76751708984375,500.0,32.96340576865545,1658,-5.8519999999995775,-14.718176400897725,-300.0,0.07256345383251323,"{2: 109, 3: 2, 6: 181}","{6: 17, 5: 10, 4: 8, 3: 136, 0: 69, 1: 15, 2: 37}","{1: 276, 0: 16}","{1: 217, 2: 22, 0: 53}","{1: 269, 0: 23}","{1: 264, 0: 16, 2: 12}",0.030431654382934683,0.02501384643792312,0.036137289056137376,0.043655903637622756,0.0973353733466921,0.09859340444565431,0.15700037849767737,0.1494235496205122,0.04150420446306853,0.02529715365928706,0.055324077048231106,0.03939805314889046
9060,2,max_steps,3,2,0,1069.7579187224148,3500,584.0,584.0,0.16792721355096515,0.1,1.8106789588928223,16.078125,-81.09549713134766,429.7349853515625,1000.0,76.75391872242571,2063,-6.9959999999994515,0.0,0.0,0.30564511963497565,"{3: 68, 4: 111, 2: 27, 5: 90, 6: 54}","{2: 8, 3: 213, 5: 12, 6: 33, 4: 84}","{1: 269, 2: 49, 0: 32}","{1: 318, 0: 8, 2: 24}","{1: 235, 2: 60, 0: 55}","{1: 229, 2: 54, 0: 67}",0.05861869373840203,0.01654560184146061,0.08911533630848364,0.1210409682369182,0.18612565857281937,0.05817252663463711,0.27800943040867626,0.30821083497417884,0.05075070337298489,0.06434152527476121,0.20561644946852328,0.16849009127060618
9070,2,crash,3,4,1,1737.8651415059037,2381,517.75,559.5,0.16625547802402213,0.1,1.8196675777435303,16.141277313232422,-75.46809387207031,419.48016357421875,2000.0,49.95792938768679,1662,-4.7539999999996985,-7.338787881779579,-300.0,0.7298887616572464,"{2: 62, 3: 75, 4: 47, 1: 23, 6: 31}","{3: 143, 2: 31, 1: 30, 4: 28, 0: 6}","{1: 230, 0: 8}","{1: 195, 0: 43}","{1: 210, 0: 28}","{1: 223, 2: 9, 0: 6}",0.04296372735738747,0.02480313545521891,0.06249821994383951,0.0843878599867712,0.1377125842130019,0.08829304910894856,0.19123003376762512,0.14701972425324192,0.14447515297772562,0.10393154539021579,0.14418636321705774,0.14462891444223963
9080,2,max_steps,3,1,0,529.3826262648563,3500,3218.0,3218.0,0.16460038482450742,0.1,1.822485089302063,16.14720916748047,-75.46809387207031,417.8299865722656,500.0,36.38062626485544,1950,-6.997999999999451,0.0,0.0,0.1512521789328161,"{1: 76, 2: 200, 3: 45, 4: 29}","{1: 1, 2: 37, 3: 261, 4: 22, 6: 29}",{1: 350},"{1: 343, 0: 7}","{1: 345, 0: 5}","{1: 345, 0: 2, 2: 3}",0.03134368963887031,0.01346316886604259,0.042720451899226096,0.045798591911178785,0.07463615428014699,0.04868456465847971,0.11029444764329745,0.13372344202999784,0.053456019203302396,0.04736987117478872,0.06825816287139476,0.061560454142869876
9090,2,max_steps,3,1,0,568.0877176708632,3500,2314.0,2314.0,0.1629617682760579,0.1,1.8231033086776733,16.137367248535156,-75.46809387207031,406.5325927734375,500.0,75.08571767085724,1852,-6.997999999999451,0.0,0.0,0.16231077647738948,"{6: 36, 5: 79, 4: 104, 3: 12, 0: 119}","{3: 217, 2: 14, 6: 8, 5: 111}","{1: 321, 2: 25, 0: 4}","{1: 344, 0: 2, 2: 4}","{1: 288, 2: 41, 0: 21}","{1: 274, 2: 25, 0: 51}",0.06306557940820093,0.010572801537341522,0.08585424422768372,0.09377304771363656,0.1450958358786419,0.04143271938446899,0.202276786285793,0.19602765194246127,0.10724536118661887,0.04054041815045255,0.17744261532111333,0.1639748766971579
9100,2,crash,3,0,1,-312.1898327052213,1970,,,0.1613394643516385,0.1,1.8194464445114136,16.100303649902344,-75.46809387207031,406.5325927734375,0.0,4.039414096724376,610,-3.9399999999997877,-12.289246801945685,-300.0,-0.15847199629706665,"{1: 62, 0: 135}","{4: 73, 3: 114, 2: 10}","{1: 191, 2: 6}","{1: 191, 2: 6}","{1: 193, 2: 4}","{1: 183, 2: 5, 0: 9}",0.03195400478681933,0.01261976050754652,0.04597327519218238,0.05270453072776264,0.1329746719473212,0.03319417442045756,0.14385298127700494,0.14452951085414067,,,,
9110,2,max_steps,3,0,0,5.696348618419233,3500,,,0.15973331065712287,0.1,1.823066234588623,16.061553955078125,-75.46809387207031,401.39923095703125,0.0,47.6585561450001,2132,-6.999999999999451,-34.96220752658089,0.0,0.0016275281766912092,"{0: 57, 1: 64, 2: 75, 3: 154}","{6: 12, 5: 74, 4: 245, 3: 19}","{1: 349, 0: 1}","{1: 340, 2: 5, 0: 5}",{1: 350},"{1: 349, 0: 1}",0.04547437291935555,0.02000631866205511,0.05793400586369732,0.04938995289627049,0.09125240814003302,0.05095761989301908,0.11536953239409801,0.10959843140847832,0.08296348545519375,0.04239091019873266,0.10057089873410992,0.08908208579229605
9120,2,max_steps,3,2,0,1034.941711779401,3500,1032.0,1032.0,0.1581431464150377,0.1,1.8351340293884277,16.067665100097656,-75.46809387207031,393.7561340332031,1000.0,79.40760256873966,2228,-6.9959999999994515,-37.46989078932104,0.0,0.2956976319369717,"{4: 73, 5: 34, 3: 48, 2: 51, 0: 141, 1: 3}","{1: 11, 2: 7, 3: 196, 6: 61, 5: 29, 4: 46}","{1: 313, 2: 8, 0: 29}","{1: 272, 0: 38, 2: 40}","{1: 308, 2: 4, 0: 38}","{1: 298, 0: 36, 2: 16}",0.052239737503250686,0.03365979457412762,0.07087833372356356,0.0649878813407689,0.15129368664788256,0.06406072056883927,0.20216033711527806,0.17773380459159957,0.139714772626195,0.062008846260443465,0.17417735876151078,0.09672071887019318
9130,2,crash,3,0,1,-356.68849747229797,2572,,,0.15656881244846862,0.1,1.8378678560256958,16.06962776184082,-78.10189056396484,410.59088134765625,0.0,28.45913944705153,1475,-5.1439999999996555,-80.0036369193495,-300.0,-0.13868137537803188,"{6: 244, 5: 13}","{6: 6, 5: 10, 4: 19, 3: 189, 2: 33}",{1: 257},"{1: 236, 2: 21}",{1: 257},"{1: 254, 0: 3}",0.029223062096184697,0.024606498134351146,0.04104833780650314,0.036983714983530376,0.0865690004561897,0.05837122537558721,0.11126620840949081,0.126167914602072,,,,
9140,2,crash,3,0,1,-367.4672686478869,1804,,,0.15501015116512665,0.1,1.8521207571029663,16.279451370239258,-78.10189056396484,421.38421630859375,0.0,6.234962336779636,513,-3.6079999999998242,-70.09423098466655,-300.0,-0.20369582519284196,"{5: 39, 6: 141}","{2: 37, 3: 128, 1: 15}","{1: 171, 0: 9}","{1: 172, 0: 2, 2: 6}","{1: 168, 0: 12}","{1: 141, 2: 17, 0: 22}",0.039834733451613286,0.034914528036175486,0.06807634027338536,0.0865982945810688,0.13410108695025988,0.05706210730694588,0.1750677426215066,0.17987401623949775,,,,
9150,2,max_steps,3,2,0,1071.608285773258,3500,1712.0,1712.0,0.15346700654157278,0.1,1.8590636253356934,16.3653564453125,-78.10189056396484,441.8814392089844,1000.0,78.60428577324699,2117,-6.9959999999994515,0.0,0.0,0.3061737959352166,"{5: 17, 4: 17, 0: 151, 1: 64, 2: 95, 3: 6}","{3: 249, 0: 12, 1: 16, 2: 65, 6: 8}","{1: 336, 2: 9, 0: 5}","{1: 317, 0: 33}","{1: 322, 2: 18, 0: 10}","{1: 316, 2: 14, 0: 20}",0.06183273111034116,0.01663379968220593,0.07554956107624328,0.089835904322594,0.12914086872658262,0.05878568370367445,0.17532434613073541,0.14996504903320795,0.15902582948403984,0.05458197212559683,0.10546747341960587,0.3184637834793223
9160,2,crash,3,0,1,-296.3500983364035,2989,,,0.15193922410760008,0.1,1.859532117843628,16.311668395996094,-78.10189056396484,397.2408142089844,0.0,47.2960248893849,1641,-5.977999999999564,-37.668123225788364,-300.0,-0.09914690476293192,{0: 298},"{0: 9, 1: 14, 2: 19, 3: 246, 4: 10}","{1: 285, 2: 7, 0: 6}","{1: 268, 0: 28, 2: 2}","{1: 273, 2: 8, 0: 17}","{1: 259, 2: 20, 0: 19}",0.04775506249343455,0.02370049889443081,0.06960566238652245,0.0846977870728554,0.13412391260404244,0.05985024011122597,0.17265274132519298,0.15242944529326058,,,,
9170,2,max_steps,3,2,0,1105.057428299443,3500,1564.5,1564.5,0.150426650930771,0.1,1.8627554178237915,16.365856170654297,-90.96540069580078,447.7117919921875,1000.0,112.0534282994487,2248,-6.9959999999994515,0.0,0.0,0.31573069379984087,"{6: 116, 5: 76, 4: 88, 3: 21, 2: 24, 1: 25}","{2: 11, 3: 223, 4: 62, 5: 16, 0: 38}","{1: 234, 2: 66, 0: 50}","{1: 312, 0: 15, 2: 23}","{1: 208, 2: 75, 0: 67}","{1: 209, 2: 56, 0: 85}",0.1033977083237101,0.021898823466522183,0.1440715575857846,0.14280592979354084,0.20154088691676247,0.060396022308675266,0.3088414681738957,0.40952563450829066,0.17463568563068937,0.06254233049139774,0.09267440694775038,0.31450815952506483
9180,2,crash,3,1,1,230.60697917293038,3279,2856.0,2856.0,0.1489291356011088,0.1,1.8660860061645508,16.363662719726562,-90.96540069580078,405.7767333984375,500.0,47.78781108241077,1732,-6.5559999999995,-10.624831909483719,-300.0,0.07032844744523647,"{5: 133, 6: 47, 4: 78, 3: 27, 0: 42}","{1: 12, 2: 29, 3: 239, 4: 39, 5: 8}","{1: 302, 2: 25}","{1: 299, 0: 28}","{1: 279, 2: 34, 0: 14}","{1: 290, 2: 13, 0: 24}",0.054944916711226637,0.024080571145395076,0.06882109153244859,0.07699160247097603,0.14163568629017295,0.059021237463564816,0.2029147952803489,0.15077274423683393,0.14347626635144078,0.08190769818993948,0.23194257163377077,0.32189258925209735
9190,2,max_steps,3,2,0,1051.8181000870934,3500,681.0,681.0,0.1474465282159411,0.1,1.874483346939087,16.421085357666016,-90.96540069580078,409.23748779296875,1000.0,58.81410008711778,2724,-6.9959999999994515,0.0,0.0,0.300519457167741,"{4: 40, 3: 64, 2: 32, 0: 214}","{1: 13, 2: 189, 3: 64, 6: 51, 5: 17, 4: 16}","{1: 342, 0: 8}","{1: 303, 0: 14, 2: 33}","{1: 340, 0: 10}","{1: 330, 0: 10, 2: 10}",0.026872864929897794,0.019356915693324372,0.03765844124826245,0.047811187629454674,0.10372821181756867,0.060703313267207896,0.12701216837431709,0.13576943058949043,0.1179152919540519,0.059074695139879896,0.16709505221414753,0.03627796079621821
9200,2,crash,3,2,1,730.7899923064285,3235,1490.0,1490.0,0.14597868036489464,0.1,1.8861525058746338,16.537109375,-90.96540069580078,454.2770690917969,1000.0,47.67381423822527,1908,-6.46599999999951,-10.417821931801631,-300.0,0.22590107953830865,"{3: 14, 0: 36, 1: 38, 2: 209, 4: 12, 5: 12, 6: 2}","{1: 4, 2: 9, 3: 111, 4: 193, 5: 6}","{1: 304, 0: 19}","{1: 297, 0: 16, 2: 10}","{1: 303, 0: 20}","{1: 303, 0: 13, 2: 7}",0.023879346278376262,0.018503012167949192,0.03560646379853524,0.04601334366489199,0.13238042615678067,0.04933282764270923,0.16346079026949958,0.14432788009027425,0.17248161441611276,0.13580539827890797,0.08882627628368209,0.14472743143903147
9210,2,max_steps,3,0,0,50.96611268752013,3500,,,0.14452544511503923,0.1,1.8834730386734009,16.49886703491211,-90.96540069580078,407.4374694824219,0.0,57.96611268752027,2078,-6.999999999999451,0.0,0.0,0.014561746482148608,"{6: 169, 5: 96, 4: 71, 3: 14}","{5: 9, 4: 66, 3: 249, 2: 26}","{1: 337, 2: 13}","{1: 337, 2: 10, 0: 3}","{1: 323, 2: 23, 0: 4}","{1: 310, 2: 20, 0: 20}",0.0488055551187692,0.018672920764344923,0.06284931584028539,0.07279539720618422,0.12721542278460857,0.05117655818995658,0.16085846363836429,0.15094903763399395,0.05461211252339657,0.060375740880196496,0.08552068853260994,0.10252122129341955
9220,2,max_steps,3,2,0,1052.3300534009798,3500,1303.0,1303.0,0.14308667699617958,0.1,1.8943904638290405,16.58982276916504,-90.96540069580078,416.68316650390625,1000.0,59.32605340098566,2083,-6.9959999999994515,0.0,0.0,0.3006657295431371,"{1: 26, 2: 84, 3: 150, 6: 83, 5: 7}","{3: 49, 4: 77, 0: 161, 1: 17, 2: 11, 6: 28, 5: 7}",{1: 350},"{1: 286, 0: 35, 2: 29}","{1: 343, 0: 7}","{1: 341, 2: 3, 0: 6}",0.0360153593683032,0.03065147025874453,0.05407084786875936,0.0629100960290102,0.09486021712442462,0.0722177332948808,0.12824825292362788,0.14163223892780458,0.14066971399463846,0.1248065743196468,0.16262459009264735,0.15062730220152248
9230,2,max_steps,3,2,0,1056.7341981992483,3500,1177.0,1177.0,0.14166223198629355,0.1,1.9078660011291504,16.67430877685547,-90.96540069580078,406.71600341796875,1000.0,63.73019819925963,2384,-6.9959999999994515,0.0,0.0,0.3019240566283567,"{3: 24, 2: 48, 4: 26, 5: 203, 6: 49}","{0: 72, 1: 28, 2: 43, 3: 84, 6: 65, 5: 23, 4: 35}","{1: 331, 2: 19}","{1: 229, 0: 62, 2: 59}","{1: 324, 0: 6, 2: 20}","{1: 325, 2: 8, 0: 17}",0.029286890068492562,0.05576314018673626,0.039728414692123515,0.04992192031857144,0.11862145447615834,0.06294138983173622,0.16640070055300132,0.13894313764487437,0.16855042714704135,0.003046806554183359,0.1926078230477024,0.29873422903962565
9240,2,max_steps,3,1,0,535.4315800999864,3500,313.0,313.0,0.14025196749711555,0.1,1.9111512899398804,16.657787322998047,-90.96540069580078,411.3458557128906,500.0,42.429580099973485,2054,-6.997999999999451,0.0,0.0,0.15298045145713896,"{3: 89, 2: 218, 1: 43}","{1: 19, 2: 11, 3: 96, 6: 120, 5: 44, 4: 60}",{1: 350},"{1: 294, 0: 16, 2: 40}",{1: 350},"{1: 347, 0: 3}",0.024771091087642007,0.03010226228010494,0.03768968152427147,0.043143500343898356,0.06751791585260448,0.06375477923338015,0.09096808690892783,0.10994844468536835,0.035375442242806615,0.12177377987262153,0.029317831978914684,0.08792036358650025
9250,2,max_steps,3,1,0,569.2943492194833,3500,619.0,619.0,0.13885574235986325,0.1,1.9167063236236572,16.623592376708984,-90.96540069580078,395.71588134765625,500.0,76.29234921947413,2495,-6.997999999999451,0.0,0.0,0.16265552834842378,"{6: 39, 5: 11, 4: 11, 0: 123, 1: 42, 2: 106, 3: 18}","{5: 12, 4: 12, 3: 144, 0: 11, 1: 31, 2: 140}","{1: 336, 2: 14}","{1: 300, 2: 19, 0: 31}","{1: 328, 2: 14, 0: 8}","{1: 329, 2: 4, 0: 17}",0.041567308789441815,0.018737911038099905,0.05783190320775247,0.06810786636984613,0.11978540244352792,0.06274913485831109,0.1554800205138625,0.1451155603301517,0.15256759993089195,0.1171303690463644,0.06945027157299878,0.2689459670612456
9260,2,crash,3,0,1,-299.303261078364,3394,,,0.13747341681110645,0.1,1.9206891059875488,16.654373168945312,-90.96540069580078,392.3811950683594,0.0,44.32670173512084,1744,-6.7879999999994745,-36.841962813484784,-300.0,-0.08818599324642429,"{2: 33, 1: 19, 0: 287}","{0: 60, 1: 17, 2: 21, 3: 234, 4: 7}","{1: 317, 2: 14, 0: 8}","{1: 307, 0: 30, 2: 2}","{1: 310, 2: 12, 0: 17}","{1: 321, 0: 14, 2: 4}",0.037302316542657164,0.023317889532794164,0.05549772937883789,0.05274884011408537,0.116606940790118,0.05939688420568531,0.1678322608600355,0.13889582896319733,,,,
9270,2,crash,3,1,1,210.36323885220747,510,357.0,357.0,0.13610485247877663,0.1,1.9293133020401,16.71070671081543,-101.33250427246094,399.0575256347656,500.0,20.73355921454167,356,-1.0180000000000007,-9.352320362334922,-300.0,0.412476938925897,"{0: 17, 1: 9, 2: 9, 6: 16}","{3: 48, 2: 3}","{1: 22, 0: 29}",{1: 51},"{1: 23, 0: 28}","{1: 39, 0: 2, 2: 10}",0.1669526661056684,0.01120632388942102,0.19880157147859137,0.11766682369024722,0.24570953437373289,0.03204479269313119,0.28123272553135925,0.17354817269563028,0.24908150055554357,0.002882697330725044,0.2838374086343126,0.04566137017455488
9280,2,max_steps,3,3,0,1520.1155902885905,3500,798.3333333333334,854.0,0.13474991236831582,0.1,1.9371334314346313,16.71668815612793,-101.33250427246094,408.1554870605469,1500.0,80.55614401656715,2864,-6.993999999999452,-53.44655372796637,0.0,0.4343187400824544,"{3: 129, 4: 115, 0: 12, 1: 11, 2: 59, 5: 24}","{0: 9, 1: 12, 2: 11, 3: 179, 4: 97, 6: 20, 5: 22}","{1: 345, 0: 5}","{1: 275, 0: 24, 2: 51}","{1: 343, 0: 7}","{1: 330, 0: 19, 2: 1}",0.034868275003668764,0.03343872753296069,0.050586329961031656,0.05887309956101942,0.10268040477748713,0.09831741568633161,0.13744693148783294,0.14110478867950044,0.08467335573363598,0.05921401767463451,0.12445782381416703,0.15295401891592844
9290,2,crash,3,0,1,-410.2299712305546,2138,,,0.13340846084896332,0.1,1.9424959421157837,16.779802322387695,-101.33250427246094,425.8785095214844,0.0,30.144362447203278,1069,-4.275999999999751,-136.0983336777577,-300.0,-0.1918755712023174,"{6: 110, 5: 69, 4: 34}","{6: 11, 5: 9, 4: 7, 3: 182, 2: 4}","{1: 195, 2: 2, 0: 16}","{1: 174, 2: 38, 0: 1}","{1: 190, 2: 6, 0: 17}","{1: 184, 0: 16, 2: 13}",0.045927331978860925,0.020602180302893403,0.06496888986307514,0.0766911563451562,0.14662217098981478,0.09226214726743456,0.18608816473008413,0.1564740269145214,,,,
9300,2,max_steps,3,1,0,564.3782387160395,3500,1569.0,1569.0,0.13208036364017878,0.1,1.9495782852172852,16.81137466430664,-96.50226593017578,418.7100830078125,500.0,71.37623871603398,2454,-6.997999999999451,0.0,0.0,0.16125092534743987,"{6: 70, 5: 54, 4: 31, 3: 1, 0: 194}","{5: 8, 4: 7, 3: 248, 2: 51, 0: 20, 1: 16}","{1: 330, 2: 20}","{1: 307, 2: 23, 0: 20}","{1: 315, 2: 30, 0: 5}","{1: 318, 2: 11, 0: 21}",0.029833022173551375,0.02340003770623117,0.04228010015337315,0.05824035022758367,0.12002552507214828,0.06131379362291399,0.17890867034933075,0.14916908467059528,0.19278656683842552,0.00791646291154406,0.07298161851356859,0.3942412901669793
9310,2,crash,3,1,1,212.08154410775313,1178,1062.0,1062.0,0.1307654877982008,0.1,1.958497166633606,16.801286697387695,-96.50226593017578,419.3635559082031,500.0,29.35499419956897,1043,-2.3539999999999623,-14.919450091815774,-300.0,0.18003526664495173,"{0: 71, 1: 10, 2: 19, 3: 6, 4: 9, 5: 2}","{1: 13, 2: 43, 3: 61}","{1: 105, 0: 12}","{1: 109, 0: 8}","{1: 99, 0: 18}","{1: 104, 0: 3, 2: 10}",0.06180794854345033,0.018968536597465457,0.050470879030999935,0.06450199739827203,0.14994689327370586,0.05052539366461843,0.1938772274818959,0.15003413822529937,0.1503263475756254,0.01600984150405745,0.1972481087361468,0.10648858053019196
9320,2,crash,3,2,1,717.1378905751201,3188,1150.5,1150.5,0.12946370170273902,0.1,1.9673048257827759,16.87263298034668,-96.50226593017578,419.3635559082031,1000.0,36.44145335454195,1460,-6.37199999999952,-12.931562779411943,-300.0,0.22494915011766628,"{3: 47, 1: 65, 2: 84, 0: 34, 6: 88}","{5: 3, 4: 26, 3: 136, 1: 83, 2: 55, 0: 15}","{1: 311, 0: 7}","{1: 295, 2: 6, 0: 17}","{1: 297, 0: 21}","{1: 294, 0: 22, 2: 2}",0.027252614659615204,0.022478090846632187,0.0322570041312011,0.04109971804697206,0.1169276393724299,0.05738506127792324,0.15620209399074264,0.14767612050097295,0.04928656501856533,0.05735335500515209,0.05574640891041658,0.03700129103563152
9330,2,max_steps,3,1,0,547.3280597249534,3500,2057.0,2057.0,0.12817487504379882,0.1,1.9697905778884888,16.896574020385742,-84.53780364990234,447.3018798828125,500.0,54.326059724948166,2191,-6.997999999999451,0.0,0.0,0.15637944563570097,"{0: 76, 1: 33, 2: 94, 3: 2, 4: 127, 5: 18}","{0: 5, 1: 17, 2: 22, 3: 161, 6: 141, 5: 4}","{1: 335, 0: 15}","{1: 321, 0: 22, 2: 7}","{1: 328, 0: 22}","{1: 346, 0: 4}",0.021001688714772693,0.016109937261062645,0.030966632639500925,0.03539114810977041,0.12036036184173804,0.05686728298996077,0.14364614580353866,0.13636061378504163,0.1566430798945984,0.011158048876083293,0.1103379209325037,0.14659309892711983
9340,2,crash,3,2,1,716.864797890969,2313,733.5,733.5,0.12689887880863723,0.1,1.9731571674346924,16.867223739624023,-84.53780364990234,427.25909423828125,1000.0,40.28369929286345,1673,-4.621999999999713,-18.7969014018938,-300.0,0.309928576693026,"{3: 15, 0: 30, 1: 10, 2: 91, 4: 80, 5: 5}","{2: 21, 3: 166, 4: 25, 0: 9, 1: 10}","{1: 224, 0: 7}","{1: 189, 0: 35, 2: 7}","{1: 216, 0: 15}","{1: 214, 0: 5, 2: 12}",0.025899141485962368,0.03827926191154235,0.03941883096425469,0.05271902326644157,0.11615971577672225,0.07329219441837516,0.15200776052020049,0.1475309634131628,0.08772043376917601,0.10303172904757742,0.14842026513071704,0.028616346652481264
9350,2,max_steps,3,0,0,13.7233156907935,3500,,,0.12563558526884858,0.1,1.979263424873352,16.887897491455078,-84.53780364990234,427.25909423828125,0.0,20.723315690793495,1404,-6.999999999999451,0.0,0.0,0.003920947340226714,"{2: 219, 1: 44, 0: 87}","{4: 2, 3: 160, 2: 165, 1: 23}",{1: 350},"{1: 326, 2: 8, 0: 16}",{1: 350},"{1: 344, 2: 3, 0: 3}",0.013768978720971558,0.014552032488292056,0.023665971435790502,0.020857248907123562,0.08296065172174769,0.057600359586240164,0.10771101085498658,0.1039507446812301,,,,
9360,2,max_steps,3,1,0,533.2844655633959,3500,3411.0,3411.0,0.12438486796757878,0.1,1.9843018054962158,16.938024520874023,-84.53780364990234,427.25909423828125,500.0,40.282465563395334,1960,-6.997999999999451,0.0,0.0,0.15236699016097024,"{1: 264, 2: 42, 0: 22, 3: 13, 4: 9}","{3: 284, 4: 12, 2: 45, 5: 9}",{1: 350},"{1: 339, 0: 11}","{1: 337, 2: 7, 0: 6}","{1: 340, 2: 2, 0: 8}",0.02344910004038866,0.015265910553383975,0.031841251797667336,0.03730289126195911,0.09863915086006632,0.04398502623471693,0.12567847218505757,0.13752059468022285,0.03176864803571882,0.09814211187091516,0.06319201546404227,0.0500076929474545
9370,2,max_steps,3,3,0,1570.8913923427933,3500,1107.6666666666667,898.0,0.12314660170686688,0.1,1.9931952953338623,17.035907745361328,-84.53780364990234,423.453369140625,1500.0,77.88539234280503,2212,-6.993999999999452,0.0,0.0,0.44882611209794093,"{4: 98, 3: 11, 5: 70, 0: 123, 1: 33, 2: 15}","{3: 246, 1: 18, 2: 16, 6: 18, 5: 34, 4: 18}","{1: 327, 0: 23}","{1: 307, 0: 23, 2: 20}","{1: 310, 2: 11, 0: 29}","{1: 322, 2: 10, 0: 18}",0.04245041987673415,0.01956568245014493,0.05579966600723476,0.0762463253228433,0.139835018404832,0.060578904415747106,0.1863976509499247,0.14864800725323252,0.15144336565081887,0.02658246562385323,0.18332835765357122,0.16710046698093764
9380,2,crash,3,3,1,1274.6413441501265,2848,903.6666666666666,1155.0,0.12192066253511259,0.1,2.002300977706909,17.130952835083008,-84.53780364990234,431.0380859375,1500.0,90.52193303235526,2161,-5.689999999999595,-10.190588882225006,-300.0,0.4475566517381062,"{4: 32, 3: 9, 5: 61, 6: 56, 0: 108, 1: 9, 2: 9}","{2: 25, 3: 142, 6: 43, 5: 15, 4: 14, 0: 21, 1: 24}","{1: 228, 2: 16, 0: 40}","{1: 202, 0: 48, 2: 34}","{1: 229, 2: 16, 0: 39}","{1: 254, 2: 13, 0: 17}",0.03909038270778693,0.03111386744167275,0.054760778736593546,0.06590522020977542,0.1826205348944504,0.10782046076741815,0.21983513826928694,0.15132932991672354,0.21940041677960095,0.03481892903176923,0.2284155185368443,0.21275693174173135
9390,2,max_steps,3,0,0,75.82318617438779,3500,,,0.1207069277346687,0.1,2.004378080368042,17.130447387695312,-84.53780364990234,437.92498779296875,0.0,82.82318617438777,1850,-6.999999999999451,0.0,0.0,0.02166376747839651,"{4: 163, 5: 95, 6: 92}","{0: 5, 1: 16, 2: 51, 3: 278}","{1: 303, 2: 38, 0: 9}","{1: 323, 0: 26, 2: 1}","{1: 269, 0: 31, 2: 50}","{1: 230, 0: 79, 2: 41}",0.08791690078098469,0.01868560484308661,0.11312013046651458,0.13366592703598362,0.1699437539395342,0.05879786060695208,0.22923424414955446,0.20808433061524076,0.0800395217502908,0.04590246657004754,0.18733223606026903,0.1733074215254769
9400,2,max_steps,3,0,0,28.470931506860378,3500,,,0.1195052758095568,0.1,2.0088915824890137,17.152498245239258,-84.53780364990234,444.1028747558594,0.0,35.4709315068604,1538,-6.999999999999451,0.0,0.0,0.008134551859102964,"{4: 149, 5: 183, 6: 14, 3: 4}","{4: 42, 5: 18, 3: 125, 2: 160, 1: 5}","{1: 338, 2: 12}","{1: 335, 2: 11, 0: 4}","{1: 328, 2: 14, 0: 8}","{1: 309, 2: 11, 0: 30}",0.03438526539380708,0.01556477692090687,0.049337399900878376,0.06392249841698755,0.10264351228990401,0.045125327887592555,0.13390953616740464,0.15311595463442013,0.10699861611436752,0.04597729575501973,0.21249872524138716,0.2635943593738149
9410,2,max_steps,3,2,0,1087.4154465495233,3500,1719.0,1719.0,0.11831558647330559,0.1,2.017331600189209,17.221906661987305,-84.53780364990234,449.618408203125,1000.0,94.41144654952501,2447,-6.9959999999994515,0.0,0.0,0.31069012758557807,"{6: 47, 5: 157, 4: 64, 3: 12, 0: 45, 1: 10, 2: 15}","{3: 179, 2: 153, 1: 11, 4: 7}","{1: 311, 0: 30, 2: 9}","{1: 343, 0: 5, 2: 2}","{1: 277, 2: 29, 0: 44}","{1: 247, 2: 47, 0: 56}",0.07561907694177888,0.017640937010415997,0.08964393703071213,0.10784425846516713,0.15095544913910933,0.04782535091573094,0.2156848828609311,0.26779197386059955,0.15652977599500323,0.054381604706068135,0.17829619859142876,0.07225063815848207
9420,2,crash,3,1,1,185.784396537953,1355,693.0,693.0,0.11713774063690995,0.1,2.026749849319458,17.335115432739258,-84.53780364990234,466.179443359375,500.0,20.249547423328604,793,-2.7079999999999234,-31.757150885378152,-300.0,0.1371102557475668,"{6: 9, 5: 40, 4: 19, 3: 11, 2: 37, 1: 19}","{4: 10, 3: 59, 1: 66}",{1: 135},"{1: 124, 2: 8, 0: 3}",{1: 135},"{1: 127, 0: 2, 2: 6}",0.049268236626198496,0.02491008072200199,0.0661893513698746,0.05421698652566257,0.11724015707471559,0.05521871974838688,0.14108833976127305,0.145991974232815,0.12782011797523543,0.03321611739390818,0.1577419826735822,0.044116927294568425
9430,2,max_steps,3,0,0,35.156204163164276,3500,,,0.11597162039691006,0.1,2.0285263061523438,17.3426456451416,-84.53780364990234,449.618408203125,0.0,42.15620416316429,1845,-6.999999999999451,0.0,0.0,0.010044629760904079,"{1: 122, 2: 151, 0: 77}","{3: 155, 2: 195}","{1: 347, 0: 3}","{1: 329, 0: 15, 2: 6}","{1: 333, 2: 6, 0: 11}","{1: 335, 2: 7, 0: 8}",0.033676210371349054,0.019884282999538774,0.04628616847391513,0.05327863915598265,0.11300159263369952,0.05590194642911817,0.14792341435351367,0.1429379512094249,,,,
9440,2,max_steps,3,3,0,1564.322480094595,3500,1116.3333333333333,829.0,0.1148171090235892,0.1,2.029853105545044,17.329824447631836,-84.53780364990234,454.458984375,1500.0,71.31648009459212,2356,-6.993999999999452,0.0,0.0,0.44694928002702716,"{2: 156, 3: 72, 1: 33, 0: 6, 6: 67, 5: 5, 4: 11}","{3: 211, 2: 67, 4: 23, 5: 12, 0: 14, 1: 7, 6: 16}","{1: 316, 2: 24, 0: 10}","{1: 298, 0: 47, 2: 5}","{1: 309, 2: 23, 0: 18}","{1: 317, 0: 27, 2: 6}",0.0311246875235444,0.023949449684718675,0.034356025385812825,0.035014956137975034,0.14348535434014884,0.06724000297219933,0.2344262255013211,0.14825303211850138,0.07129835169251189,0.0619120655705254,0.08456171868664393,0.06230282371146593
9450,2,max_steps,3,0,0,-23.920878482566028,3500,,,0.11367409094928897,0.1,2.0364537239074707,17.34097671508789,-84.53780364990234,426.72064208984375,0.0,42.41680130338413,2069,-6.999999999999451,-59.33767978595009,0.0,-0.006834536709304579,"{5: 139, 6: 46, 4: 143, 3: 22}","{6: 60, 5: 17, 4: 16, 3: 220, 2: 37}","{1: 336, 2: 14}","{1: 320, 2: 29, 0: 1}","{1: 320, 2: 20, 0: 10}","{1: 287, 0: 28, 2: 35}",0.04381823942753946,0.010830771159614998,0.06018453091055372,0.07534642757286003,0.1221654235647716,0.057582788810179426,0.1726142838787647,0.1656118383280563,0.09342360431843637,0.016120806562213267,0.17864202597515352,0.1590033002671095
9460,2,max_steps,3,2,0,1064.2652531070821,3500,1295.5,1295.5,0.11254245175684083,0.1,2.0371687412261963,17.298545837402344,-81.18299865722656,426.72064208984375,1000.0,71.26125310707873,2534,-6.9959999999994515,0.0,0.0,0.30407578660202345,"{1: 69, 0: 31, 2: 153, 3: 6, 5: 63, 4: 28}","{4: 64, 3: 152, 1: 24, 0: 6, 2: 59, 6: 29, 5: 16}","{1: 340, 0: 10}","{1: 298, 0: 32, 2: 20}","{1: 334, 0: 11, 2: 5}","{1: 324, 0: 24, 2: 2}",0.045502708124867154,0.0358886906454738,0.06513894236882845,0.060989939586239654,0.12181454903088236,0.061721174018273185,0.15163496946054075,0.1470522152451802,0.12213598072760777,0.048541956587278876,0.06303772954503567,0.11611872180878195
9470,2,max_steps,3,2,0,1054.2456653814372,3500,1419.0,1419.0,0.11142207816811284,0.1,2.0437934398651123,17.305574417114258,-81.18299865722656,441.23309326171875,1000.0,64.06117065937515,2756,-6.9959999999994515,-2.819505277937624,0.0,0.3012130472518392,"{4: 260, 3: 62, 5: 14, 2: 14}","{5: 33, 4: 50, 3: 139, 2: 33, 0: 70, 1: 17, 6: 8}",{1: 350},"{1: 229, 2: 45, 0: 76}",{1: 350},"{1: 349, 0: 1}",0.012411055814246827,0.057446981935554864,0.02007174359815555,0.027954916066903986,0.08069245158245106,0.06312785926046587,0.09348240222440148,0.09073040817512634,0.08307850458992162,0.07298318468552427,0.04465392074814498,0.08627480352699106
9480,2,max_steps,3,0,0,60.75182908857207,3500,,,0.11031285803267048,0.1,2.049654722213745,17.356456756591797,-81.18299865722656,441.23309326171875,0.0,67.75182908857226,1333,-6.999999999999451,0.0,0.0,0.017357665453877735,"{4: 146, 5: 103, 6: 101}","{3: 325, 2: 25}","{1: 294, 0: 16, 2: 40}","{1: 338, 2: 2, 0: 10}","{1: 260, 2: 54, 0: 36}","{1: 240, 2: 57, 0: 53}",0.0767798347545649,0.01728609063346858,0.10722064506338484,0.12788458209985556,0.16318313590314623,0.05582367997250882,0.2540882613795812,0.25446838126111615,0.050136524058501636,0.05640049662074215,0.25590120347858736,0.20960963347092923
9490,2,max_steps,3,1,0,595.0080553916277,3500,873.0,873.0,0.10921468031655021,0.1,2.052703619003296,17.378597259521484,-81.18299865722656,447.5677795410156,500.0,102.00605539161565,2062,-6.997999999999451,0.0,0.0,0.17000230154046508,"{1: 15, 0: 61, 2: 10, 3: 1, 6: 128, 5: 116, 4: 19}","{0: 20, 1: 14, 2: 94, 3: 222}","{1: 290, 0: 28, 2: 32}","{1: 297, 0: 51, 2: 2}","{1: 249, 0: 53, 2: 48}","{1: 256, 0: 49, 2: 45}",0.08280103439726516,0.01614732184773226,0.10887413414787675,0.12000354392110522,0.20878407989575123,0.07182229334083944,0.23536791678712496,0.19398621436761176,0.21323329791948348,0.009350771675118769,0.2314874985328504,0.03275469450264892
9500,2,max_steps,3,3,0,1583.5199805219017,3500,1107.3333333333333,1075.0,0.10812743509114488,0.1,2.0612542629241943,17.446203231811523,-81.18299865722656,447.5677795410156,1500.0,90.51398052190287,2415,-6.993999999999452,0.0,0.0,0.4524342801491148,"{1: 18, 2: 50, 3: 18, 6: 82, 5: 35, 4: 147}","{3: 253, 5: 8, 4: 18, 0: 55, 1: 10, 2: 6}","{1: 311, 2: 17, 0: 22}","{1: 289, 2: 32, 0: 29}","{1: 294, 2: 27, 0: 29}","{1: 285, 0: 40, 2: 25}",0.06557816889008175,0.014962931294645508,0.08274092523662614,0.10965068681967105,0.15168504384454665,0.09140872240313545,0.20943066125131604,0.19530873785042288,0.09939122270634386,0.06540057057149026,0.17206658654110987,0.18882460642381266
9510,2,max_steps,3,1,0,555.4052810891001,3500,778.0,778.0,0.10705101352219985,0.1,2.0684025287628174,17.497339248657227,-81.18299865722656,452.82720947265625,500.0,62.40328108908532,1853,-6.997999999999451,0.0,0.0,0.1586872231683143,"{4: 157, 3: 11, 5: 87, 6: 95}","{2: 34, 3: 288, 4: 23, 5: 5}","{1: 312, 2: 26, 0: 12}","{1: 316, 0: 3, 2: 31}","{1: 282, 2: 43, 0: 25}","{1: 258, 2: 43, 0: 49}",0.05879981432866159,0.02391685332456459,0.08693907447842866,0.09580250253123147,0.1568781706657061,0.05899428857256902,0.21481505497181877,0.23090256600338857,0.03773484966552593,0.06103902288945477,0.16751258724878285,0.14701020649032104
9520,2,max_steps,3,0,0,58.61694861812381,3500,,,0.10598530785891849,0.1,2.073042869567871,17.520931243896484,-77.8529281616211,438.8021545410156,0.0,65.61694861812398,1918,-6.999999999999451,0.0,0.0,0.016747699605178232,"{6: 60, 5: 157, 4: 133}","{3: 298, 2: 15, 4: 37}","{1: 344, 2: 4, 0: 2}","{1: 331, 2: 11, 0: 8}","{1: 309, 2: 23, 0: 18}","{1: 275, 2: 31, 0: 44}",0.070481117685387,0.02554349112466899,0.09859756272747136,0.1192269844591503,0.12407661115030262,0.05734435492614152,0.18349992941268362,0.16965461358734749,,,,
9530,2,max_steps,3,2,0,1034.3522906654885,3500,1663.5,1663.5,0.10493021142317623,0.1,2.0873641967773438,17.59929084777832,-77.8529281616211,438.8021545410156,1000.0,41.3482906654864,2092,-6.9959999999994515,0.0,0.0,0.29552922590442526,"{5: 152, 6: 24, 4: 42, 3: 48, 2: 84}","{5: 19, 6: 4, 4: 126, 3: 183, 0: 18}","{1: 345, 2: 5}","{1: 294, 2: 39, 0: 17}","{1: 335, 2: 15}","{1: 330, 2: 4, 0: 16}",0.020310330606370844,0.025354595158164336,0.032074661699029575,0.039336814532368446,0.0886496686752555,0.06155961602116723,0.1148965879389657,0.14220402992763834,0.0874669668369183,0.06275857071365325,0.10569466343346681,0.12025766264665702
9540,2,max_steps,3,1,0,570.0359458033345,3500,2836.0,2836.0,0.10388561859884204,0.1,2.1070914268493652,17.72890281677246,-77.8529281616211,435.2208557128906,500.0,77.0339458033343,2279,-6.997999999999451,0.0,0.0,0.162867413086667,"{6: 151, 5: 66, 4: 100, 3: 33}","{4: 11, 3: 247, 2: 34, 0: 48, 1: 10}","{1: 313, 2: 29, 0: 8}","{1: 285, 2: 15, 0: 50}","{1: 294, 2: 30, 0: 26}","{1: 285, 2: 22, 0: 43}",0.059773886967577614,0.019394282653119127,0.07312384479507485,0.08598410845830215,0.15115396982396395,0.0632453854651238,0.21996008057427519,0.24127370183228264,0.13227001119569043,0.025195483569579884,0.2668879574971125,0.3562339798729608
9550,2,max_steps,3,2,0,1039.7205356629493,3500,1343.5,1343.5,0.10285142482120616,0.1,2.1184189319610596,17.83781623840332,-77.8529281616211,447.0429382324219,1000.0,85.59755905799891,2176,-6.9959999999994515,-38.88102339505931,0.0,0.29706301018941406,"{3: 26, 4: 107, 5: 77, 6: 58, 0: 68, 1: 14}","{1: 13, 2: 40, 3: 264, 5: 17, 4: 16}","{1: 325, 2: 15, 0: 10}","{1: 317, 0: 21, 2: 12}","{1: 310, 0: 18, 2: 22}","{1: 281, 0: 42, 2: 27}",0.06407114726583588,0.0309679239095648,0.09667010563539097,0.11354389605356748,0.14095933732015792,0.05984390054954973,0.18373688235403457,0.17037150376295612,0.12083922767148711,0.06528763638747609,0.15259187900231125,0.059510683526071945
9560,2,crash,3,1,1,165.691918779535,1923,338.0,338.0,0.10182752656651296,0.1,2.1205813884735107,17.886686325073242,-93.00213623046875,457.7661437988281,500.0,25.60956388955923,878,-3.8439999999997982,-56.07364511003137,-300.0,0.08616324429513,"{1: 19, 2: 13, 3: 2, 4: 105, 5: 12, 6: 41}","{3: 81, 0: 8, 1: 10, 2: 93}","{1: 185, 0: 7}","{1: 169, 0: 23}","{1: 180, 0: 12}","{1: 184, 2: 1, 0: 7}",0.03224071673532049,0.02505889942437507,0.05147981090313429,0.06446270556534459,0.12221639901591821,0.06156989415406618,0.16213877048526332,0.14468637987401597,0.14514897103348162,0.026198179802849067,0.09006238323730373,0.14693812993260993
9570,2,max_steps,3,2,0,1091.4137405503604,3500,1177.5,1177.5,0.10081382134159828,0.1,2.1238205432891846,17.895221710205078,-93.00213623046875,451.45684814453125,1000.0,106.25114109029188,2667,-6.9959999999994515,-7.841400539929889,0.0,0.311832497300103,"{3: 27, 0: 165, 1: 26, 2: 17, 6: 105, 5: 10}","{5: 10, 4: 35, 3: 259, 0: 14, 1: 16, 2: 16}","{1: 315, 2: 21, 0: 14}","{1: 295, 2: 24, 0: 31}","{1: 301, 2: 34, 0: 15}","{1: 293, 2: 21, 0: 36}",0.07875164683121026,0.019995589784032694,0.07693924936954813,0.09094833774463179,0.14978058795277827,0.06533252453238812,0.19443417787944547,0.19306706933529974,0.08560518158602991,0.13156236385202966,0.03406656134888706,0.10655784372659678
9580,2,max_steps,3,1,0,533.7156150429195,3500,3328.0,3328.0,0.09981020767362964,0.1,2.1347460746765137,17.997631072998047,-93.00213623046875,464.98492431640625,500.0,40.71361504291945,1542,-6.997999999999451,0.0,0.0,0.1524901757265484,"{2: 258, 1: 57, 3: 34, 0: 1}","{3: 323, 2: 16, 4: 11}",{1: 350},"{1: 333, 0: 17}","{1: 347, 0: 3}",{1: 350},0.03861182639754144,0.0159504038864737,0.049063460376688975,0.04660229119196772,0.09007033917096675,0.05516281151001112,0.11294022058632662,0.11401019293703661,0.068839595341127,0.059783967305612744,0.09923680856033758,0.0962009416072536
9590,2,crash,3,2,1,726.9569793839464,2521,933.5,933.5,0.09881658509994873,0.1,2.1383931636810303,18.042810440063477,-93.00213623046875,473.5745544433594,1000.0,49.65266344496014,1548,-5.037999999999667,-17.65768406099853,-300.0,0.2883605630241755,"{5: 40, 4: 46, 3: 1, 0: 75, 1: 10, 2: 23, 6: 57}","{4: 13, 3: 169, 0: 18, 1: 13, 2: 39}","{1: 237, 2: 6, 0: 9}","{1: 210, 2: 6, 0: 36}","{1: 220, 2: 10, 0: 22}","{1: 228, 0: 13, 2: 11}",0.0555556800295688,0.024094766704153725,0.06137478653978394,0.09297046794263539,0.14194398354838525,0.0695207411601362,0.18726523597387879,0.14956751194385243,0.15664076424117077,0.022695616679391278,0.19267156483447295,0.15846147242353154
9600,2,max_steps,3,3,0,1601.1783622745966,3500,909.3333333333334,1126.0,0.09783285415801514,0.1,2.1492881774902344,18.172163009643555,-93.00213623046875,472.72686767578125,1500.0,108.17236227459505,3195,-6.993999999999452,0.0,0.0,0.45747953207845615,"{6: 56, 5: 50, 4: 13, 3: 76, 0: 25, 1: 74, 2: 56}","{1: 30, 2: 40, 3: 142, 6: 51, 5: 17, 4: 16, 0: 54}","{1: 338, 2: 12}","{1: 268, 0: 50, 2: 32}","{1: 324, 2: 15, 0: 11}","{1: 315, 2: 8, 0: 27}",0.038546318304102975,0.05426997439194864,0.04948831111730312,0.06179900505304193,0.13417454879238438,0.06240152662760406,0.16980921148679062,0.1494912175706588,0.14984956179800452,0.0179383998551533,0.19446065432295837,0.2608125927756108
9610,2,max_steps,3,2,0,1045.7421289867198,3500,1241.0,1241.0,0.09685891637544987,0.1,2.1582822799682617,18.207914352416992,-93.00213623046875,472.72686767578125,1000.0,52.73812898671998,2447,-6.9959999999994515,0.0,0.0,0.2987834654247771,"{3: 138, 2: 55, 6: 75, 5: 12, 4: 70}","{2: 152, 3: 123, 6: 13, 5: 8, 4: 6, 0: 20, 1: 28}","{1: 338, 2: 12}","{1: 268, 0: 55, 2: 27}","{1: 331, 2: 19}","{1: 330, 0: 19, 2: 1}",0.04042132016828163,0.02597944762991382,0.053433259598710516,0.06296690278636066,0.12328850949847743,0.07503359662683118,0.15303486445072065,0.14087386807726401,0.1539365307706751,0.06259872731616764,0.1653321545803457,0.1664755461251596
9620,2,max_steps,3,4,0,2111.8966829276897,3500,747.5,598.5,0.09589467426017828,0.1,2.1784775257110596,18.363161087036133,-93.00213623046875,465.20269775390625,2000.0,118.8886829276939,2944,-6.991999999999452,0.0,0.0,0.6033990522650542,"{3: 38, 0: 71, 1: 71, 2: 28, 6: 67, 5: 57, 4: 18}","{1: 12, 2: 34, 3: 231, 5: 15, 4: 58}","{1: 323, 2: 14, 0: 13}","{1: 318, 0: 18, 2: 14}","{1: 310, 0: 21, 2: 19}","{1: 306, 0: 27, 2: 17}",0.06378368939914944,0.023132594686293674,0.06557928001611978,0.0631594263709013,0.14574176921860246,0.059694213174551286,0.18814241025684766,0.15435751069773465,0.1333602138755852,0.0610689681377062,0.1106631598937594,0.208875912604302
9630,2,max_steps,3,1,0,595.583634734607,3500,318.0,318.0,0.09494003129067105,0.1,2.1843276023864746,18.36308479309082,-92.2888412475586,467.9810485839844,500.0,102.58163473459567,2200,-6.997999999999451,0.0,0.0,0.1701667527813163,"{1: 19, 2: 12, 6: 137, 5: 131, 4: 51}","{3: 230, 0: 1, 1: 24, 2: 95}","{1: 260, 0: 41, 2: 49}","{1: 314, 0: 36}","{1: 235, 0: 52, 2: 63}","{1: 249, 0: 63, 2: 38}",0.08190619764943577,0.01789653413119708,0.11951969035869567,0.115006597419582,0.19071019001072248,0.06010466114372109,0.26405977233536615,0.39396514873015276,0.18194630348044016,0.009630538156735603,0.18572946822089934,0.05563101246837211
9640,2,max_steps,3,2,0,1068.6894410644666,3500,865.5,865.5,0.09399489190628219,0.1,2.1950831413269043,18.33812713623047,-92.2888412475586,431.2543029785156,1000.0,82.63390207329039,2150,-6.9959999999994515,-6.9484610088051735,0.0,0.3053398403041333,"{3: 41, 4: 64, 5: 158, 6: 87}","{4: 17, 3: 198, 0: 54, 1: 9, 2: 30, 6: 32, 5: 10}","{1: 287, 0: 23, 2: 40}","{1: 262, 2: 47, 0: 41}","{1: 267, 0: 38, 2: 45}","{1: 269, 2: 39, 0: 42}",0.048700589857535614,0.03779588678948934,0.06786249122890511,0.0820116248924132,0.17443554476408002,0.11145066329173357,0.2478009112308122,0.2998530580348411,0.19382639899456044,0.09417744229629325,0.21653849022117516,0.10247125677524564
9650,2,max_steps,3,2,0,939.3738205391594,3500,651.5,651.5,0.0930591614976834,0.1,2.206474542617798,18.420137405395508,-100.6040267944336,449.1971130371094,1000.0,47.034242449585726,2304,-6.9959999999994515,-100.66442191043402,0.0,0.2683925201540455,"{3: 232, 4: 50, 2: 43, 1: 19, 5: 6}","{6: 33, 5: 10, 4: 6, 3: 41, 2: 40, 0: 220}","{1: 338, 0: 12}","{1: 316, 2: 19, 0: 15}","{1: 332, 0: 15, 2: 3}","{1: 317, 0: 19, 2: 14}",0.04891571873020542,0.02190298073536596,0.06242120063133482,0.0704179656616284,0.11679944464745269,0.05955846500390862,0.1591704026420697,0.14942042104882067,0.11543212259242407,0.06614894725402864,0.10160975159493085,0.1623064589633531
9660,2,max_steps,3,1,0,564.7589630414143,3500,1095.0,1095.0,0.09213274639739356,0.1,2.2169530391693115,18.485916137695312,-100.6040267944336,458.84149169921875,500.0,71.75696304140531,2550,-6.997999999999451,0.0,0.0,0.16135970372611838,"{0: 39, 1: 10, 2: 57, 3: 29, 5: 85, 4: 130}","{4: 24, 3: 212, 0: 22, 1: 9, 2: 83}","{1: 328, 0: 11, 2: 11}","{1: 297, 2: 9, 0: 44}","{1: 315, 0: 18, 2: 17}","{1: 325, 0: 17, 2: 8}",0.03146465659337539,0.027386210377211534,0.042455657307413144,0.07379432427397638,0.13067789033181385,0.062392640119471286,0.17988735205581033,0.14618779627413564,0.08593624005768286,0.04658000003013673,0.1768590849150197,0.207988520021674
9670,2,max_steps,3,1,0,574.9549553243723,3500,587.0,587.0,0.09121555387040262,0.1,2.222837448120117,18.475736618041992,-100.6040267944336,458.84149169921875,500.0,81.95295532436123,2276,-6.997999999999451,0.0,0.0,0.1642728443783921,"{1: 17, 2: 40, 3: 1, 6: 142, 5: 128, 4: 22}","{5: 23, 4: 51, 3: 217, 0: 20, 1: 15, 2: 24}","{1: 304, 2: 30, 0: 16}","{1: 310, 2: 4, 0: 36}","{1: 288, 2: 44, 0: 18}","{1: 279, 2: 27, 0: 44}",0.04844711270555479,0.03146590942340182,0.07075537710838822,0.09220931711798666,0.1742238475665539,0.06104222259842267,0.25139751883680017,0.26466174578552626,0.04114802514835714,0.046331147430168695,0.09815244394740087,0.1095702124834995
9680,2,max_steps,3,2,0,1054.8790813754244,3500,1279.5,1279.5,0.0903074921048886,0.1,2.234086751937866,18.59583854675293,-100.6040267944336,448.8958740234375,1000.0,61.87508137542523,2816,-6.9959999999994515,0.0,0.0,0.30139402325012127,"{3: 91, 0: 17, 1: 21, 2: 221}","{0: 8, 1: 31, 2: 81, 3: 149, 6: 59, 5: 8, 4: 14}","{1: 343, 0: 7}","{1: 277, 0: 32, 2: 41}","{1: 343, 0: 7}","{1: 338, 0: 3, 2: 9}",0.012871252009421717,0.03543585509908115,0.019852060161240633,0.024364256896496496,0.04353199740713764,0.06510934696741427,0.062436121872338955,0.07116814336987184,0.03085075800038467,0.036322509435297884,0.0351886946384194,0.05131031591559463
9690,2,max_steps,3,1,0,538.4431859676093,3500,611.0,611.0,0.08940847020302721,0.1,2.246957302093506,18.677322387695312,-100.6040267944336,469.8346862792969,500.0,68.58538961901498,2089,-6.997999999999451,-23.144203651416902,0.0,0.15384091027645982,"{0: 39, 1: 10, 2: 11, 3: 1, 6: 289}","{5: 6, 4: 66, 3: 278}","{1: 305, 0: 34, 2: 11}","{1: 325, 2: 16, 0: 9}","{1: 294, 0: 36, 2: 20}","{1: 299, 0: 18, 2: 33}",0.037105437403100974,0.019895629359587226,0.0581759520928551,0.0719529393710881,0.16092680356022282,0.05879937509284897,0.1961839382305857,0.1558931721596682,0.19165968541523654,0.01321228071659128,0.20189371178127397,0.015003001304701108
9700,2,max_steps,3,3,0,1429.4017790005344,3500,1156.3333333333333,885.0,0.08851839817189291,0.1,2.270737648010254,18.861164093017578,-100.6040267944336,477.6153259277344,1500.0,81.88128974702113,2750,-6.993999999999452,-145.48551074649,0.0,0.40840050828586694,"{0: 55, 1: 16, 2: 33, 3: 80, 6: 6, 5: 74, 4: 86}","{1: 32, 2: 51, 3: 123, 4: 83, 5: 22, 6: 24, 0: 15}","{1: 331, 0: 10, 2: 9}","{1: 272, 0: 61, 2: 17}","{1: 313, 0: 19, 2: 18}","{1: 307, 0: 25, 2: 18}",0.04439309428572351,0.05094849558944293,0.05720631687257437,0.08153797805718353,0.13800345259484986,0.06187599911801054,0.1836225094947045,0.15214540304888194,0.10626582452719605,0.05005428073753637,0.05966536666127873,0.1744161905109606
9710,2,max_steps,3,0,0,10.243514467836674,3500,,,0.0876371869144505,0.1,2.2865591049194336,18.965736389160156,-100.6040267944336,462.5108642578125,0.0,22.988944042913403,1928,-6.999999999999451,-5.7454295750766216,0.0,0.002926718419381907,"{1: 13, 2: 238, 3: 99}","{6: 20, 5: 17, 4: 108, 3: 205}",{1: 350},"{1: 328, 2: 19, 0: 3}",{1: 350},{1: 350},0.0050055655786553355,0.011351196669204634,0.007573645582831041,0.01043175955323276,0.024707134690630517,0.056947594669471406,0.04238055789512971,0.05301632506369767,0.015632400911442145,0.02316174376410878,0.014410485124546952,0.028346506465498734
9720,2,max_steps,3,3,0,1543.4845874853465,3500,870.0,267.0,0.08676474822063647,0.1,2.301699161529541,19.099958419799805,-100.6040267944336,473.1318664550781,1500.0,51.93771177419875,2234,-6.993999999999452,-1.459124288858205,0.0,0.44099559642438474,"{3: 43, 4: 179, 5: 119, 6: 9}","{2: 44, 3: 216, 5: 32, 4: 27, 1: 12, 6: 19}","{1: 345, 0: 5}","{1: 275, 0: 28, 2: 47}","{1: 335, 2: 6, 0: 9}","{1: 333, 0: 7, 2: 10}",0.0274380978186669,0.03778294194224009,0.03829555365937257,0.042851224601164334,0.08482028273490234,0.08292177331427415,0.10302855265459224,0.140558064027813,0.11474196675026849,0.14233121078674052,0.05080341323140103,0.13006044012257423
9730,2,crash,3,1,1,169.05708521876824,3007,844.0,844.0,0.085900994758529,0.1,2.3137929439544678,19.23003387451172,-100.6040267944336,476.6123352050781,500.0,42.300962192437545,1677,-6.01199999999956,-67.23187697367658,-300.0,0.05622117898861598,"{1: 32, 0: 39, 2: 12, 3: 1, 4: 6, 5: 159, 6: 51}","{4: 41, 3: 142, 0: 16, 1: 17, 2: 72, 5: 12}","{1: 281, 0: 14, 2: 5}","{1: 257, 0: 42, 2: 1}","{1: 273, 0: 17, 2: 10}","{1: 285, 2: 8, 0: 7}",0.020606580573288867,0.032555145646745,0.03371866005756906,0.02666052133985104,0.14263633930663117,0.07152153263569885,0.17602634554293367,0.1419698604289386,0.16790188817879226,0.020458044170162216,0.14653125382441598,0.10773253825436799
9740,2,crash,3,1,1,218.62004437549427,1531,261.0,261.0,0.08504584006560607,0.1,2.3220715522766113,19.348424911499023,-100.6040267944336,478.7928161621094,500.0,50.406352595069585,1062,-3.0599999999998846,-28.726308219578623,-300.0,0.14279558744317067,"{2: 25, 3: 1, 6: 83, 5: 14, 4: 30}","{3: 123, 5: 9, 4: 7, 2: 14}","{1: 126, 2: 27}","{1: 124, 2: 29}","{1: 107, 0: 16, 2: 30}","{1: 114, 0: 27, 2: 12}",0.09423066895473503,0.017849404383378044,0.12118214647813247,0.11904295070460914,0.1697160710917567,0.0835811060101313,0.22078276454529708,0.2235992896576203,0.14448449957536044,0.015864697911220534,0.15006307843205396,0.10561082264643118
9750,2,max_steps,3,2,0,1051.7994273535674,3500,1313.5,1313.5,0.08419919854009038,0.1,2.339073419570923,19.442296981811523,-96.64991760253906,491.2768859863281,1000.0,58.79542735356611,2009,-6.9959999999994515,0.0,0.0,0.30051412210101924,"{3: 21, 1: 59, 0: 82, 2: 100, 4: 36, 5: 52}","{5: 10, 4: 7, 3: 205, 0: 60, 1: 24, 2: 44}","{1: 336, 0: 14}","{1: 279, 2: 22, 0: 49}","{1: 326, 0: 24}","{1: 320, 0: 20, 2: 10}",0.025728113150002764,0.02651264327823777,0.040868732416172004,0.040348580369184546,0.11948621445282702,0.0765541649188878,0.1551494277391095,0.14687911600169928,0.1277950375538246,0.15731869181599598,0.059803788878903585,0.13787053475245706
9760,2,crash,3,0,1,-317.12852025301277,907,,,0.08336098543238059,0.1,2.3460018634796143,19.509117126464844,-92.29823303222656,483.7063293457031,0.0,2.935822056339969,186,-1.8140000000000014,-18.250342309352718,-300.0,-0.349645557059551,"{2: 15, 3: 19, 4: 17, 5: 12, 6: 27}","{3: 60, 2: 25, 1: 5}",{1: 90},"{1: 78, 2: 12}",{1: 90},"{1: 84, 0: 2, 2: 4}",0.09451963826636398,0.016258532173407024,0.10031597959848768,0.07528682992128446,0.13154950815009123,0.08234056278944024,0.16344767985386596,0.1428626790341408,0.13511766920305565,0.02975442926810862,0.17186316516692943,0.08381107111783688
9770,2,crash,3,3,1,1262.320302015732,3342,1060.3333333333333,406.0,0.08253111683656782,0.1,2.36616587638855,19.5877685546875,-92.29823303222656,487.68878173828125,1500.0,93.9590949430909,2337,-6.677999999999487,-24.96079292736514,-300.0,0.37771403411601795,"{6: 23, 5: 46, 4: 21, 0: 72, 1: 95, 2: 72, 3: 5}","{3: 274, 4: 33, 5: 11, 0: 16}","{1: 287, 2: 33, 0: 14}","{1: 305, 2: 26, 0: 3}","{1: 294, 2: 29, 0: 11}","{1: 299, 2: 9, 0: 26}",0.05409288382643034,0.02130440804207156,0.07311266185676947,0.08842806624464464,0.16452636352192684,0.05947462115042359,0.18964154320807533,0.15067187625973205,0.18006876658974252,0.04967213199328591,0.09834685267767876,0.243516978455631
9780,2,max_steps,3,3,0,1575.4715050975203,3500,1071.0,835.0,0.08170950968203652,0.1,2.390474319458008,19.80860137939453,-92.29823303222656,487.68878173828125,1500.0,88.12374479883113,2563,-6.993999999999452,-5.658239701294989,0.0,0.45013471574214864,"{4: 109, 3: 23, 0: 126, 1: 11, 2: 52, 6: 29}","{3: 222, 6: 10, 5: 29, 4: 16, 0: 18, 1: 11, 2: 44}","{1: 344, 0: 6}","{1: 290, 2: 15, 0: 45}","{1: 324, 2: 6, 0: 20}","{1: 336, 0: 11, 2: 3}",0.05622847740572183,0.022648100990791658,0.07988360166773384,0.08311724168450481,0.13833110598068335,0.061716386589625916,0.170243414011676,0.14597726102048802,0.14044283481000694,0.03372835003215055,0.14808562313201237,0.11481912821699258
9790,2,crash,3,3,1,1194.0253947943852,2428,571.3333333333334,542.0,0.08089608172514912,0.1,2.4013288021087646,19.876123428344727,-85.43761444091797,489.2192077636719,1500.0,67.87140677913177,1989,-4.849999999999688,-68.99601198473563,-300.0,0.4917732268510647,"{3: 63, 4: 22, 1: 54, 0: 20, 2: 12, 6: 71}","{1: 32, 2: 41, 6: 45, 5: 16, 4: 14, 3: 73, 0: 21}","{1: 229, 0: 13}","{1: 129, 0: 40, 2: 73}","{1: 230, 0: 12}","{1: 236, 0: 6}",0.02087469170309264,0.059152618815921494,0.03285311380386332,0.044614150238140124,0.11128323588672526,0.1465866933636384,0.11833037241082196,0.13281921242327718,0.15694702086600565,0.16064402493762495,0.11786116639772103,0.07915330698593732
9800,2,max_steps,3,0,0,16.391176928851888,3500,,,0.08009075154101328,0.1,2.406524896621704,19.895923614501953,-85.43761444091797,489.2192077636719,0.0,23.860554580079587,1769,-6.999999999999451,-0.46937765122765907,0.0,0.004683193408243396,{0: 350},"{0: 12, 1: 14, 2: 48, 3: 276}",{1: 350},"{1: 317, 0: 33}","{1: 342, 2: 8}","{1: 334, 0: 15, 2: 1}",0.021588252182201784,0.027043563785227355,0.03670004792295203,0.04157866938014386,0.07607238602522672,0.05975418957351575,0.10415656068902736,0.1316124236844047,,,,
9810,2,crash,3,2,1,714.8710157115974,3352,483.0,483.0,0.0792934385153312,0.1,2.4183926582336426,20.014965057373047,-85.43761444091797,481.41729736328125,1000.0,35.89385153567177,1464,-6.699999999999484,-14.322835824046425,-300.0,0.2132670094605004,"{5: 54, 4: 12, 3: 6, 2: 33, 6: 230}","{6: 6, 5: 9, 4: 11, 3: 50, 2: 24, 1: 61, 0: 174}","{1: 324, 2: 11}","{1: 283, 2: 20, 0: 32}","{1: 317, 2: 11, 0: 7}","{1: 318, 2: 4, 0: 13}",0.04705975965725595,0.01464750667321574,0.05864888604138676,0.061952170048630156,0.12196349535666484,0.07074284445740979,0.14619547615192843,0.14441378898761434,0.16821832269808165,0.015125347034608442,0.11921682708831373,0.19459507984360233
9820,2,crash,3,0,1,-412.13226680525463,1997,,,0.0785040628363301,0.1,2.428992748260498,20.084489822387695,-85.43761444091797,481.1844482421875,0.0,36.45805244299354,769,-3.9939999999997817,-144.59631924824816,-300.0,-0.2063756969480494,{6: 199},"{0: 8, 1: 116, 2: 12, 3: 37, 4: 26}","{1: 185, 2: 14}","{1: 157, 0: 42}","{1: 184, 0: 4, 2: 11}","{1: 187, 0: 8, 2: 4}",0.062466609027699675,0.013633143937866594,0.06670989693322214,0.04537250368429203,0.13449729340111247,0.0664735128831388,0.16877310245530758,0.14111609044950982,,,,
9830,2,crash,3,1,1,156.53515762158918,2226,1218.0,1218.0,0.07772254548677299,0.1,2.444035053253174,20.218730926513672,-82.30363464355469,482.05047607421875,500.0,43.58585177570581,1778,-4.449999999999732,-82.60069415411711,-300.0,0.07032127476261868,"{1: 66, 2: 40, 3: 15, 6: 46, 5: 55}","{0: 62, 1: 20, 2: 35, 3: 99, 4: 6}","{1: 220, 2: 2}","{1: 194, 0: 28}","{1: 213, 2: 9}","{1: 216, 0: 4, 2: 2}",0.03341550257869624,0.013603823669961584,0.04249877702326492,0.05350819979399806,0.09665646334760591,0.06065701548563163,0.12465012550234564,0.12734521387311762,0.010592937795021806,0.13342019990637044,0.04249877702326492,0.028230585887129872
9840,2,max_steps,3,3,0,1592.8750512609322,3500,1020.0,1082.0,0.07694880823604888,0.1,2.4561166763305664,20.287660598754883,-82.30363464355469,473.55645751953125,1500.0,99.86905126094182,2777,-6.993999999999452,0.0,0.0,0.45510715750312347,"{6: 98, 5: 38, 4: 108, 3: 23, 0: 62, 1: 9, 2: 12}","{0: 1, 1: 25, 2: 61, 3: 226, 4: 21, 6: 5, 5: 11}","{1: 297, 2: 24, 0: 29}","{1: 291, 0: 34, 2: 25}","{1: 293, 2: 31, 0: 26}","{1: 294, 2: 25, 0: 31}",0.05892539014312797,0.03061230020243414,0.07530191974573865,0.06208109088391209,0.16135303267877374,0.06382627307421235,0.2000225433872602,0.15774744062764076,0.18207528396964198,0.050500283480382324,0.12238906742676749,0.19504102083118072
9850,2,max_steps,3,4,0,2104.7345706165984,3500,642.0,720.5,0.0761827736323419,0.1,2.4655025005340576,20.279321670532227,-82.30363464355469,472.26300048828125,2000.0,111.72657061658512,2793,-6.991999999999452,0.0,0.0,0.6013527344618852,"{3: 47, 5: 57, 6: 111, 4: 76, 0: 39, 1: 10, 2: 10}","{5: 29, 4: 23, 3: 182, 0: 54, 1: 17, 2: 19, 6: 26}","{1: 301, 2: 22, 0: 27}","{1: 239, 2: 47, 0: 64}","{1: 291, 2: 28, 0: 31}","{1: 284, 2: 28, 0: 38}",0.0478294736967413,0.04128014153862407,0.06261388060445641,0.06917063896153416,0.17203804726779331,0.11403884638359016,0.21592475626805674,0.2005601975880431,0.2220948864880508,0.10963768836532402,0.19527923523806123,0.27377847091135266
9860,2,max_steps,3,3,0,1564.5354349583665,3500,705.0,444.0,0.07542436499487828,0.1,2.484499931335449,20.39818000793457,-81.40089416503906,478.72552490234375,1500.0,71.63836182104154,2491,-6.993999999999452,-0.10892686265017276,0.0,0.44701012427381903,"{4: 38, 3: 97, 2: 146, 0: 31, 1: 9, 5: 29}","{3: 262, 2: 50, 0: 16, 1: 16, 4: 6}","{1: 340, 0: 10}","{1: 296, 0: 37, 2: 17}","{1: 333, 0: 11, 2: 6}","{1: 337, 0: 11, 2: 2}",0.04624614645352711,0.018137102621617614,0.05987745216962931,0.05726105713509062,0.12308929440479874,0.06201376184526319,0.15470514519134657,0.14123274804070146,0.11828293710535358,0.028200783988272388,0.15134746119733505,0.12794173410399523
9870,2,max_steps,3,1,0,517.2969609567567,3500,119.0,119.0,0.0746735064062506,0.1,2.5045132637023926,20.560134887695312,-81.40089416503906,484.8784484863281,500.0,24.2949609567457,2258,-6.997999999999451,0.0,0.0,0.1477991317019305,"{3: 11, 6: 17, 5: 11, 4: 311}","{2: 7, 3: 4, 6: 339}","{1: 343, 2: 7}","{1: 342, 0: 8}","{1: 340, 2: 10}","{1: 339, 2: 2, 0: 9}",0.005175163277847485,0.013940470986279058,0.0068823380044576755,0.01714095145905984,0.052175434216162275,0.021362605320299297,0.07916048098181604,0.11088607346129024,0.0002071981262872577,0.10481750374687027,0.0024377954417224156,0.018968975569976957
9880,2,crash,3,1,1,209.26377575633103,1789,1632.0,1632.0,0.07393012270481826,0.1,2.5161898136138916,20.630510330200195,-81.40089416503906,483.4535217285156,500.0,28.000902903210285,1406,-3.5759999999998278,-15.161127146879792,-300.0,0.11697248505105144,"{0: 111, 1: 20, 2: 29, 3: 3, 6: 15}","{1: 6, 2: 15, 3: 157}","{1: 167, 0: 11}","{1: 172, 0: 6}","{1: 165, 0: 13}","{1: 161, 0: 11, 2: 6}",0.011216894971075609,0.021577235807478598,0.016142493944347185,0.01919569513625078,0.12333805385967687,0.0587642707593777,0.15022944764532903,0.14709547231756764,0.16873630259691066,0.03359677907893629,0.19948083867066968,0.08797452094037805
9890,2,crash,3,1,1,210.42058839586292,2437,623.0,623.0,0.07319413947718377,0.1,2.5339183807373047,20.763301849365234,-81.40089416503906,496.9081726074219,500.0,56.13620535728591,2155,-4.8719999999996855,-40.843616961424814,-300.0,0.08634410685099012,"{6: 42, 5: 10, 4: 9, 3: 1, 0: 181}","{0: 5, 1: 9, 2: 11, 3: 94, 6: 97, 5: 18, 4: 9}","{1: 224, 2: 19}","{1: 181, 0: 20, 2: 42}","{1: 224, 2: 19}","{1: 223, 2: 2, 0: 18}",0.019428830439729178,0.0537889825273607,0.020736181380313076,0.034478027538147576,0.11440932171057365,0.07966698183780374,0.15356063967758904,0.14663256842609823,0.21311885804473732,0.012388529041762984,0.15742487291886706,0.24509944891501956
9900,2,max_steps,3,2,0,1028.3918959902185,3500,1414.0,1414.0,0.07246548305074399,0.1,2.5451693534851074,20.842390060424805,-78.79621887207031,505.4503479003906,1000.0,83.26759045157537,2361,-6.9959999999994515,-47.879694461360664,0.0,0.2938262559972053,"{1: 15, 2: 13, 3: 1, 6: 221, 5: 21, 4: 11, 0: 68}","{3: 264, 6: 12, 5: 8, 4: 6, 2: 20, 0: 31, 1: 9}","{1: 323, 0: 14, 2: 13}","{1: 274, 2: 20, 0: 56}","{1: 308, 0: 14, 2: 28}","{1: 315, 0: 30, 2: 5}",0.0441699319778099,0.027140123511459766,0.055520394153391384,0.07080263425926388,0.14031129409620932,0.10791986144737013,0.1883133093291634,0.1499782395288483,0.1855267908683844,0.01283728367972289,0.17935597501667555,0.22346094814798717
9910,2,max_steps,3,3,0,1592.755186415886,3500,952.0,1081.0,0.07174408048631538,0.1,2.5587034225463867,20.928325653076172,-78.79621887207031,497.2917785644531,1500.0,99.74918641589502,2942,-6.993999999999452,0.0,0.0,0.4550729104045389,"{0: 97, 1: 13, 2: 17, 3: 54, 6: 82, 5: 10, 4: 77}","{1: 13, 2: 57, 3: 152, 6: 77, 5: 9, 4: 6, 0: 36}","{1: 306, 0: 21, 2: 23}","{1: 254, 0: 65, 2: 31}","{1: 305, 0: 20, 2: 25}","{1: 322, 2: 7, 0: 21}",0.04879363241418018,0.03526808913835096,0.0658332201644652,0.0693137786326317,0.15951379539165797,0.08882247903954898,0.2029266452164918,0.14869416355154458,0.141260502548847,0.036356143098608136,0.15682789717759155,0.15188266038866371
9920,2,max_steps,3,3,0,1587.690414834027,3500,1083.3333333333333,1091.0,0.07102985957083265,0.1,2.5812084674835205,21.0650691986084,-89.60469818115234,508.6460876464844,1500.0,94.68441483402663,3132,-6.993999999999452,0.0,0.0,0.453625832809722,"{6: 60, 5: 31, 4: 27, 3: 21, 2: 170, 1: 15, 0: 26}","{1: 27, 2: 41, 3: 121, 6: 79, 5: 9, 4: 34, 0: 39}","{1: 318, 2: 32}","{1: 255, 0: 62, 2: 33}","{1: 307, 2: 32, 0: 11}","{1: 292, 2: 27, 0: 31}",0.026279295308284406,0.05383661440658641,0.03420032689108321,0.042720902778977984,0.1356430500951842,0.06256884920501733,0.20721289423692793,0.1824766203660889,0.05625424698133798,0.061187227909878815,0.07774333028836426,0.05966829956090203
9930,2,max_steps,3,2,0,1054.3541388838696,3500,1403.5,1403.5,0.07032274881012023,0.1,2.5981178283691406,21.157041549682617,-89.60469818115234,497.2917785644531,1000.0,61.35013888386975,2467,-6.9959999999994515,0.0,0.0,0.3012440396811056,"{4: 132, 3: 62, 5: 86, 1: 24, 0: 46}","{1: 30, 2: 32, 3: 120, 6: 114, 5: 10, 4: 12, 0: 32}",{1: 350},"{1: 266, 0: 53, 2: 31}","{1: 344, 2: 6}","{1: 345, 2: 2, 0: 3}",0.01983896170831176,0.04791796612853273,0.030996820726735298,0.048906246129444914,0.06334868393974687,0.0981584952678891,0.09251217299371887,0.13088856291066853,0.05120853463703211,0.021252870954690164,0.07965074386429696,0.11053280369800866
9940,2,crash,3,0,1,-316.96644258280566,1775,,,0.0696226774217357,0.1,2.6112935543060303,21.166078567504883,-89.60469818115234,494.44921875,0.0,27.065528092000523,744,-3.5499999999998306,-40.481970674806156,-300.0,-0.1785726437086229,"{6: 66, 5: 29, 4: 53, 3: 29}","{0: 13, 1: 7, 2: 27, 3: 129, 4: 1}","{1: 137, 2: 20, 0: 20}","{1: 146, 0: 31}","{1: 127, 2: 20, 0: 30}","{1: 122, 2: 23, 0: 32}",0.04586581846286349,0.01808784590257,0.060115090535082565,0.08147275639072364,0.2207291257990929,0.09665954693146024,0.2739188423493896,0.25887294269805255,0.19263817494088792,0.03364160677363786,0.21801276795606328,0.2813084792554449
9950,2,max_steps,3,2,0,1014.6604239279729,3500,1100.0,1100.0,0.06892957532788424,0.1,2.6215386390686035,21.272253036499023,-82.15887451171875,494.44921875,1000.0,88.04326005034548,2319,-6.9959999999994515,-66.3868361223682,0.0,0.2899029782651351,"{4: 84, 5: 78, 3: 1, 0: 140, 1: 11, 2: 11, 6: 25}","{3: 162, 0: 24, 1: 10, 2: 23, 6: 131}","{1: 308, 2: 16, 0: 26}","{1: 315, 0: 35}","{1: 286, 2: 35, 0: 29}","{1: 279, 0: 36, 2: 35}",0.07249897178456394,0.020801880787237055,0.0906078312076165,0.10542361522696811,0.1611223067076009,0.0596957376189721,0.20939830888818442,0.16893042378946543,0.2172700836942774,0.013585448482775037,0.17299846864535312,0.27027763544158817
9960,2,max_steps,3,0,0,13.077103092007416,3500,,,0.068243373148404,0.1,2.6463332176208496,21.47994041442871,-82.15887451171875,481.25250244140625,0.0,20.07710309200758,1750,-6.999999999999451,0.0,0.0,0.003736315169144976,"{1: 59, 2: 291}","{0: 12, 1: 19, 2: 82, 3: 237}",{1: 350},"{1: 333, 0: 14, 2: 3}",{1: 350},"{1: 346, 0: 4}",0.012084853455424288,0.014277498343492793,0.018478633327830306,0.01623821254475912,0.03713344674735328,0.050242541867248,0.04936627550564756,0.058189785591822016,,,,
9970,2,max_steps,3,0,0,39.13285710460916,3500,,,0.06756400219382076,0.1,2.653671979904175,21.467086791992188,-82.15887451171875,494.74969482421875,0.0,46.20971143843791,1584,-6.999999999999451,-0.0768543338286623,0.0,0.011180816315602617,{0: 350},"{6: 274, 5: 18, 4: 9, 3: 49}","{1: 336, 0: 14}","{1: 313, 2: 37}","{1: 327, 0: 23}","{1: 345, 0: 3, 2: 2}",0.03894689558520328,0.02425002528268401,0.05195510809516838,0.037783219341657924,0.12728873630272577,0.0602226486505114,0.15628558401962278,0.13278446807170394,,,,
9980,2,max_steps,3,4,0,2090.76888289541,3500,734.75,854.5,0.06689139445847245,0.1,2.6714820861816406,21.56905746459961,-82.15887451171875,503.9676818847656,2000.0,97.76088289540769,2688,-6.991999999999452,0.0,0.0,0.5973625379701172,"{3: 60, 5: 92, 4: 68, 6: 28, 0: 54, 1: 32, 2: 16}","{2: 93, 3: 126, 0: 1, 1: 15, 6: 52, 5: 7, 4: 56}","{1: 309, 2: 29, 0: 12}","{1: 272, 0: 45, 2: 33}","{1: 301, 2: 29, 0: 20}","{1: 293, 2: 18, 0: 39}",0.04370357630305142,0.028013000854636615,0.06525580405778705,0.08006945465512752,0.15926546214821002,0.1023002472384626,0.19857746403724066,0.17430315494402268,0.18854555150485539,0.11868977134313288,0.10727959594771028,0.2583636249472274
9990,2,max_steps,3,4,0,2110.846789731783,3500,862.5,915.0,0.06622548261370137,0.1,2.6874876022338867,21.679893493652344,-82.15887451171875,514.58349609375,2000.0,131.07050379339063,2928,-6.991999999999452,-13.231714061615055,0.0,0.6030990827805094,"{3: 53, 4: 37, 2: 28, 1: 24, 6: 80, 5: 23, 0: 105}","{0: 66, 1: 26, 2: 35, 3: 186, 6: 18, 5: 7, 4: 12}","{1: 269, 0: 59, 2: 22}","{1: 262, 0: 61, 2: 27}","{1: 273, 0: 53, 2: 24}","{1: 285, 0: 50, 2: 15}",0.08055924597718644,0.024010412693749053,0.10002153915959947,0.07864714507470538,0.1802333785976864,0.1112390400161861,0.21903130087632205,0.19333692952043285,0.1928311583422,0.02329828210792573,0.17311500093090335,0.21005463965785887
10000,2,crash,3,2,1,722.7325778303829,825,379.5,379.5,0.06556620000111472,0.1,2.7082316875457764,21.83553695678711,-82.15887451171875,514.85791015625,1000.0,29.720932504960903,598,-1.6460000000000012,-5.342354674577794,-300.0,0.8760394882792519,"{2: 18, 3: 12, 0: 38, 1: 7, 6: 7}","{2: 32, 3: 43, 6: 7}","{1: 61, 0: 21}","{1: 68, 0: 14}","{1: 55, 0: 27}","{1: 67, 0: 10, 2: 5}",0.048540175445395115,0.027642692578763707,0.08257386950961268,0.07508800219523229,0.2970941037775583,0.0773546264556683,0.35386767620762793,0.23869946570067668,0.1832588931863987,0.10411281454566773,0.2228172053538087,0.06841808241249889
10010,2,crash,3,2,1,711.3161003540343,1060,443.0,443.0,0.06491348062591201,0.1,2.725358724594116,21.96197509765625,-82.15887451171875,492.5457763671875,1000.0,27.266299685537003,884,-2.1159999999999886,-13.834199331499729,-300.0,0.6710529248622965,"{2: 60, 3: 14, 0: 3, 1: 11, 4: 9, 5: 9}","{2: 17, 3: 51, 5: 6, 4: 14, 0: 18}","{1: 94, 0: 12}","{1: 94, 0: 5, 2: 7}","{1: 95, 0: 11}","{1: 90, 2: 12, 0: 4}",0.06773313570311176,0.036001064337871175,0.06441632948217185,0.09843565042189413,0.15101444800862263,0.06065408355136022,0.1788292964927775,0.15086333795126014,0.118342212755356,0.0252447240554152,0.21146836521474519,0.10469011516839206
10020,2,max_steps,3,2,0,981.1104882852943,3500,952.5,952.5,0.06426725915027887,0.1,2.731776714324951,21.955129623413086,-80.2389907836914,492.5457763671875,1000.0,67.03901436125719,2390,-6.9959999999994515,-78.93252607596247,0.0,0.28031728236722697,"{3: 169, 4: 73, 5: 61, 6: 7, 2: 40}","{0: 17, 1: 24, 2: 18, 3: 136, 6: 136, 5: 10, 4: 9}","{1: 342, 0: 8}","{1: 272, 0: 25, 2: 53}","{1: 322, 0: 17, 2: 11}","{1: 321, 0: 8, 2: 21}",0.05273724544840466,0.02645731001945697,0.07333864547938597,0.0874736791501883,0.12884024806068164,0.06289738700353217,0.1699177041804399,0.1476814307580729,0.11598313109553318,0.08173861286027466,0.07496261645653149,0.15537147377420535
10030,2,success,3,5,0,2618.377939509419,2831,566.2,405.0,0.06362747088684668,0.1,2.74642276763916,22.07806396484375,-85.90858459472656,489.75445556640625,2500.0,124.02993950942023,2450,-5.6519999999996,0.0,0.0,0.9248950687069654,"{1: 36, 2: 76, 3: 16, 6: 65, 5: 19, 4: 9, 0: 62}","{3: 192, 2: 39, 6: 8, 5: 10, 4: 6, 0: 18, 1: 10}","{1: 219, 2: 36, 0: 28}","{1: 231, 2: 20, 0: 32}","{1: 207, 0: 40, 2: 36}","{1: 220, 0: 36, 2: 27}",0.0720777008174706,0.016210726781768565,0.09333696453322533,0.09436133130364971,0.20542110751979223,0.10200390652545124,0.2591177392927119,0.2100582090772659,0.20599640059448435,0.053150853367268686,0.205973897986742,0.08319297034265503
10040,2,crash,3,2,1,668.0632285951052,2043,815.5,815.5,0.06299405179221738,0.1,2.761451005935669,22.205543518066406,-85.90858459472656,494.0520324707031,1000.0,32.785742874111826,1199,-4.0819999999997725,-60.64051427900845,-300.0,0.32700109084439805,"{2: 78, 3: 11, 4: 74, 6: 30, 5: 11}","{3: 110, 6: 19, 5: 17, 4: 17, 0: 41}","{1: 191, 2: 13}","{1: 191, 2: 13}","{1: 190, 2: 14}","{1: 185, 2: 3, 0: 16}",0.036086326999412416,0.03037339318520612,0.05786077131894545,0.05676511089257503,0.1200240680730937,0.05888000552562046,0.1597165118377809,0.14895023178074177,0.12301983083169511,0.038906178703333454,0.2085395902605479,0.05962522882183935
10050,2,crash,3,0,1,-306.17193203690294,1400,,,0.06236693846055253,0.1,2.7720046043395996,22.233156204223633,-85.90858459472656,489.75445556640625,0.0,6.3269110612809865,494,-2.7999999999999132,-9.698843098183959,-300.0,-0.21869423716921638,"{2: 70, 3: 17, 4: 33, 5: 11, 6: 9}","{2: 13, 3: 110, 4: 17}","{1: 132, 0: 8}","{1: 109, 0: 24, 2: 7}","{1: 130, 0: 10}",{1: 140},0.039444890473247174,0.03313207997955955,0.046174698451998994,0.05213702060614793,0.1435599704036561,0.0654716065213793,0.17217207909186602,0.1308560940064373,0.11462006205068313,0.08009486650730005,0.028614145277403035,0.10840157324404524
10060,2,success,3,5,0,2604.077839999455,3407,681.4,618.0,0.06174606811722648,0.1,2.797645330429077,22.43612289428711,-85.90858459472656,481.48382568359375,2500.0,110.88183999945791,2879,-6.803999999999473,0.0,0.0,0.7643316231286924,"{5: 63, 4: 83, 3: 89, 0: 61, 1: 17, 2: 27}","{1: 9, 2: 79, 3: 195, 6: 40, 5: 10, 4: 7}","{1: 306, 0: 34}","{1: 286, 0: 6, 2: 48}","{1: 300, 2: 4, 0: 36}","{1: 304, 2: 24, 0: 12}",0.05357763427685473,0.04015737902054777,0.07574165686841461,0.08720447873364179,0.1485036883876429,0.061910914070003424,0.1909714440629306,0.15061120977561626,0.1266832128674765,0.13142986906715415,0.08996366585088485,0.15844196064311433
10070,2,crash,3,3,1,1242.6699497064449,1307,384.6666666666667,373.0,0.061131378612542434,0.1,2.8177077770233154,22.56708526611328,-85.90858459472656,500.7857666015625,1500.0,53.99062014202283,1187,-2.6079999999999344,-8.71267043557867,-300.0,0.9507803746797588,"{3: 63, 4: 28, 0: 20, 1: 8, 2: 11}","{0: 26, 1: 16, 2: 8, 3: 44, 5: 18, 6: 10, 4: 8}","{1: 99, 0: 31}","{1: 81, 0: 29, 2: 20}","{1: 102, 0: 28}","{1: 118, 0: 4, 2: 8}",0.025750847166880773,0.05690666793511537,0.04017146234297722,0.03355402936131702,0.23938222466608391,0.11901760580927473,0.27601394842044913,0.1484130032980186,0.24230860715838595,0.1424064023883432,0.260119348983132,0.09323662783970978
10080,2,crash,3,4,1,1744.0668147835736,1942,448.25,316.5,0.06052280841551134,0.1,2.831763982772827,22.648963928222656,-85.90858459472656,479.8107604980469,2000.0,58.19888428474113,1512,-3.8759999999997947,-10.256069501172611,-300.0,0.898077659517803,"{2: 64, 4: 25, 5: 71, 3: 8, 1: 11, 6: 15}","{4: 17, 3: 101, 0: 31, 1: 14, 2: 16, 6: 15}","{1: 161, 0: 25, 2: 8}","{1: 146, 2: 10, 0: 38}","{1: 145, 0: 37, 2: 12}","{1: 173, 2: 7, 0: 14}",0.07103895566295401,0.03992685769864801,0.08215502099564226,0.08818515231017379,0.16298254879907842,0.11128837753764728,0.21287664396793993,0.15126616995088177,0.1654512488922485,0.03478791767671338,0.22480692038690694,0.29950130938240443
10090,2,crash,3,1,1,221.02038646200077,783,701.0,701.0,0.059920296607692464,0.1,2.8385701179504395,22.68060302734375,-85.90858459472656,479.0420837402344,500.0,28.329292005059013,700,-1.5640000000000012,-5.744905543058527,-300.0,0.28227380135632285,"{0: 56, 1: 7, 2: 6, 3: 1, 6: 8}","{5: 16, 4: 10, 3: 44, 0: 8}","{1: 53, 0: 25}","{1: 53, 2: 23, 0: 2}","{1: 48, 0: 30}","{1: 65, 0: 5, 2: 8}",0.012671904945079214,0.051390836373076884,0.06467529786735425,0.04556240170768719,0.29491573340965005,0.0960770545369166,0.3478281639464189,0.16028329126418353,0.3120657946776876,0.018878622612257184,0.35206223212034904,0.1041716363532171
10100,2,crash,3,2,1,720.5835428527955,2601,677.0,677.0,0.059323782877095464,0.1,2.8535420894622803,22.78526496887207,-79.73070526123047,479.0420837402344,1000.0,85.25360802351663,1991,-5.19799999999965,-59.4720651707225,-300.0,0.27704096226558844,"{6: 97, 5: 60, 4: 68, 2: 20, 3: 15}","{4: 10, 3: 135, 0: 47, 1: 8, 2: 13, 6: 41, 5: 6}","{1: 188, 2: 46, 0: 26}","{1: 180, 2: 44, 0: 36}","{1: 184, 2: 48, 0: 28}","{1: 165, 2: 49, 0: 46}",0.07977328282793783,0.04183765438990445,0.10581345040939637,0.10968898870364718,0.22061703059350554,0.1506422794815884,0.27521877486126983,0.2410595926515764,0.15623374107483798,0.03153306846870519,0.17806726023255195,0.28671179688465165
10110,2,crash,3,2,1,755.2924134230204,3112,1204.5,1204.5,0.058733207512143074,0.1,2.874654769897461,22.910015106201172,-79.73070526123047,490.7166748046875,1000.0,75.00399122227283,1872,-6.219999999999537,-13.491577799240533,-300.0,0.24270321768091915,"{5: 76, 4: 154, 3: 20, 2: 28, 0: 19, 1: 6, 6: 8}","{3: 172, 2: 20, 4: 55, 5: 26, 6: 38}","{1: 267, 2: 3, 0: 41}","{1: 285, 0: 5, 2: 21}","{1: 248, 2: 14, 0: 49}","{1: 262, 2: 20, 0: 29}",0.07814392093179218,0.028009083664351415,0.11333028520661809,0.1099724990614734,0.19813266122176043,0.05824051797098217,0.2169799948538153,0.16983470245174268,0.10133628725260668,0.05149521717130916,0.20084233017960412,0.15732435447621756
10120,2,max_steps,3,3,0,1616.1024078953521,3500,869.0,889.0,0.058148511395693964,0.1,2.886866807937622,23.020580291748047,-79.73070526123047,487.931884765625,1500.0,123.09640789534987,2708,-6.993999999999452,0.0,0.0,0.46174354511295773,"{2: 116, 3: 17, 5: 10, 6: 119, 4: 54, 0: 25, 1: 9}","{5: 4, 4: 9, 3: 205, 2: 50, 0: 47, 1: 35}","{1: 254, 0: 46, 2: 50}","{1: 292, 2: 14, 0: 44}","{1: 264, 0: 36, 2: 50}","{1: 255, 0: 41, 2: 54}",0.08828581754729542,0.023325601444208227,0.11247756876536998,0.11745435885113792,0.17524346463914292,0.06768733445141847,0.21981844338870443,0.19844815526010132,0.1878376920383547,0.03225711321591906,0.21493299198267998,0.1762077826068983
10130,2,max_steps,3,3,0,1562.651304482307,3500,1074.3333333333333,1104.0,0.057569635999125006,0.1,2.900484561920166,23.09268569946289,-80.73399353027344,489.6227111816406,1500.0,92.90556131506521,2950,-6.993999999999452,-23.260256832756045,0.0,0.44647180128065916,"{1: 71, 2: 90, 3: 31, 6: 57, 5: 9, 4: 92}","{0: 104, 1: 18, 2: 15, 3: 123, 6: 57, 5: 17, 4: 16}","{1: 304, 0: 9, 2: 37}","{1: 291, 0: 37, 2: 22}","{1: 303, 0: 11, 2: 36}","{1: 301, 0: 28, 2: 21}",0.019697671201283476,0.04069076481571932,0.024492415196182064,0.03654587401432985,0.16271455572206825,0.061393518596806425,0.20832619118425194,0.1569690216728148,0.18758631557066627,0.04397094698497435,0.1845964444054142,0.29991441724467544
10140,2,max_steps,3,2,0,1055.3563549453627,3500,1692.5,1692.5,0.05699652337647253,0.1,2.907275438308716,23.16996955871582,-80.73399353027344,508.2022399902344,1000.0,62.35235494535537,2373,-6.9959999999994515,0.0,0.0,0.3015303871272465,"{6: 44, 5: 7, 4: 20, 1: 176, 0: 13, 2: 86, 3: 4}","{5: 12, 4: 12, 3: 60, 0: 222, 1: 25, 2: 19}","{1: 323, 2: 21, 0: 6}","{1: 294, 2: 20, 0: 36}","{1: 313, 2: 21, 0: 16}","{1: 319, 2: 16, 0: 15}",0.014942743204084013,0.03121261881833702,0.020896054833755028,0.026657998142253413,0.12966545882685096,0.06165392158915033,0.18794084603188407,0.14536405382840784,0.24743597355832472,0.007778399990026467,0.21801336793419238,0.3673536459981911
10150,2,max_steps,3,4,0,2101.8768945030674,3500,847.0,862.5,0.05642911615863186,0.1,2.923759698867798,23.291057586669922,-80.73399353027344,498.58685302734375,2000.0,108.88424168469734,2945,-6.991999999999452,-0.015347181632778456,0.0,0.6005362555723049,"{1: 135, 2: 85, 3: 26, 6: 51, 5: 19, 4: 22, 0: 12}","{0: 70, 1: 18, 2: 17, 3: 185, 6: 39, 5: 11, 4: 10}","{1: 279, 0: 42, 2: 29}","{1: 302, 0: 20, 2: 28}","{1: 295, 0: 27, 2: 28}","{1: 311, 0: 23, 2: 16}",0.06406963447894615,0.018440449703902295,0.05988792283668226,0.04768943541395449,0.1654391292497596,0.061340775570749614,0.20370679860289495,0.15258039753989536,0.15930678796923584,0.054697662051541286,0.19775519775475903,0.128577455002719
10160,2,max_steps,3,2,0,1059.4802288414025,3500,1608.0,1608.0,0.05586735754761465,0.1,2.9426286220550537,23.38335609436035,-80.73399353027344,491.345703125,1000.0,66.47622884140013,2040,-6.9959999999994515,0.0,0.0,0.3027086368118293,"{3: 181, 2: 33, 6: 86, 5: 33, 4: 17}","{1: 29, 2: 146, 3: 118, 6: 5, 5: 9, 4: 14, 0: 29}","{1: 297, 2: 35, 0: 18}","{1: 326, 0: 7, 2: 17}","{1: 291, 2: 36, 0: 23}","{1: 284, 0: 37, 2: 29}",0.03555220929763002,0.020776620522952857,0.04805023198697725,0.06434915408915406,0.1814685142565528,0.055744287009309446,0.2323790568161899,0.16615252749838363,0.11171358865945437,0.048302826272203093,0.17126285495726362,0.35667862724610644
10170,2,success,3,5,0,2589.745987181324,2947,589.4,330.0,0.05531119131086331,0.1,2.954690456390381,23.45151138305664,-80.73399353027344,512.4069213867188,2500.0,95.62998718132158,2176,-5.883999999999574,0.0,0.0,0.8787736637873512,"{4: 133, 3: 38, 5: 64, 2: 31, 0: 19, 1: 9}","{6: 7, 5: 17, 4: 29, 3: 197, 1: 12, 2: 32}","{1: 246, 2: 14, 0: 34}","{1: 254, 2: 12, 0: 28}","{1: 226, 2: 23, 0: 45}","{1: 242, 2: 24, 0: 28}",0.06563305056286815,0.021680957989215217,0.08134137747996001,0.07052330247089329,0.1737068971299323,0.060856258624621795,0.21466428846321012,0.22381025153719958,0.15779795630373195,0.03488663273709546,0.19887042875871458,0.24810919996279543
10180,2,max_steps,3,4,0,2124.0465361260917,3500,776.75,845.0,0.05476056177562213,0.1,2.9803874492645264,23.62628173828125,-80.73399353027344,499.56658935546875,2000.0,131.03853612609177,2968,-6.991999999999452,0.0,0.0,0.606870438893169,"{6: 102, 5: 44, 4: 64, 3: 17, 0: 45, 1: 47, 2: 31}","{5: 11, 4: 14, 3: 202, 1: 28, 2: 50, 0: 5, 6: 40}","{1: 285, 2: 43, 0: 22}","{1: 288, 2: 25, 0: 37}","{1: 275, 2: 46, 0: 29}","{1: 283, 2: 20, 0: 47}",0.08269229098066107,0.024555661986885226,0.1012231627312967,0.08916046387254109,0.17072558585607586,0.0631555245970293,0.2059892438883659,0.17160350060565366,0.18277273720078585,0.058707546347631694,0.1959612474859576,0.25580905688475175
10190,2,crash,3,2,1,641.9561923152393,3431,1600.0,1600.0,0.05421541382336433,0.1,2.9920637607574463,23.69043731689453,-91.41554260253906,491.9506530761719,1000.0,98.46454761221025,2235,-6.857999999999467,-149.65035529697067,-300.0,0.18710469026967044,"{4: 138, 5: 51, 6: 88, 3: 26, 0: 17, 1: 12, 2: 11}","{4: 10, 3: 181, 2: 48, 0: 70, 1: 10, 6: 24}","{1: 258, 2: 36, 0: 49}","{1: 301, 2: 1, 0: 41}","{1: 227, 0: 67, 2: 49}","{1: 230, 2: 53, 0: 60}",0.0957376938740576,0.038991140825224244,0.12382406837078315,0.11967617639808958,0.18758903651993647,0.0619891520134074,0.27365857234835983,0.33603582350725764,0.10096638449563285,0.05149649428432733,0.15644829281191383,0.336954494532641
10200,2,max_steps,3,2,0,1094.298663542007,3500,1177.5,1177.5,0.05367569288427465,0.1,3.0056862831115723,23.763612747192383,-91.41554260253906,492.03045654296875,1000.0,123.3359872893493,2629,-6.9959999999994515,-22.041323747342087,0.0,0.312656761012002,"{6: 39, 5: 68, 4: 146, 3: 43, 0: 43, 1: 5, 2: 6}","{0: 4, 1: 9, 2: 32, 3: 190, 6: 97, 5: 9, 4: 9}","{1: 292, 2: 8, 0: 50}","{1: 280, 0: 29, 2: 41}","{1: 257, 2: 34, 0: 59}","{1: 272, 2: 40, 0: 38}",0.08121696054191728,0.025358288774885905,0.10617266822608812,0.1143608841772616,0.19387623254282738,0.06632901480380801,0.25985476886634024,0.2212706933828433,0.32319004357311876,0.022241555014516964,0.2646283822338415,0.13379990315985793
10210,2,max_steps,3,3,0,1388.8680190851976,3500,690.0,729.0,0.05314134493178694,0.1,3.020372152328491,23.847087860107422,-91.41554260253906,492.6666259765625,1500.0,99.77300733110518,2614,-6.993999999999452,-203.91098824590426,0.0,0.39681943402434217,"{5: 62, 4: 60, 3: 4, 1: 87, 2: 85, 0: 52}","{5: 16, 4: 20, 3: 124, 0: 11, 1: 87, 2: 52, 6: 40}","{1: 314, 2: 6, 0: 30}","{1: 285, 2: 43, 0: 22}","{1: 292, 2: 16, 0: 42}","{1: 276, 0: 47, 2: 27}",0.06878576934734482,0.03446863644478226,0.09716598479091493,0.0880499171789742,0.15016117502500118,0.07346693417408756,0.20412897234166366,0.1842418185596353,0.14415511093754188,0.02424148959022846,0.2110766438377983,0.3057001932199171
10220,2,max_steps,3,0,0,1.1372764521208392,3500,,,0.05261231647717591,0.1,3.0337324142456055,23.88526153564453,-91.41554260253906,483.52423095703125,0.0,23.480108285829175,1443,-6.999999999999451,-15.342831833708258,0.0,0.0003249361291773826,{6: 350},"{5: 12, 4: 43, 3: 293, 2: 2}","{1: 342, 0: 8}","{1: 331, 2: 17, 0: 2}","{1: 339, 0: 11}","{1: 330, 0: 4, 2: 16}",0.026946304426495357,0.022746305683040473,0.02748635417777543,0.030185787043957267,0.08075810554098498,0.05670498880518578,0.11145430990931958,0.13992271934557976,,,,
10230,2,max_steps,3,2,0,1073.2730332652,3500,269.0,269.0,0.052088554564202985,0.1,3.0446553230285645,23.921371459960938,-91.41554260253906,483.5586853027344,1000.0,80.26903326523198,2177,-6.9959999999994515,0.0,0.0,0.30664943807577144,"{4: 149, 3: 5, 2: 13, 5: 107, 6: 76}","{4: 4, 3: 266, 0: 32, 1: 5, 2: 43}","{1: 327, 2: 23}","{1: 312, 0: 38}","{1: 289, 0: 26, 2: 35}","{1: 289, 2: 16, 0: 45}",0.07049423203057084,0.02120440640561325,0.08881009570310608,0.11186496161760556,0.13637486438944876,0.07056500209477895,0.19898985388237103,0.1589868633037575,0.06867913924287289,0.04984865781871328,0.15665092694983854,0.14236068307407754
10240,2,crash,3,2,1,773.2007986108708,2688,807.5,807.5,0.05157000676381527,0.1,3.062404155731201,23.981203079223633,-91.41554260253906,471.5274963378906,1000.0,93.85094206572477,2291,-5.37199999999963,-15.278143454848722,-300.0,0.287649106626068,"{4: 92, 1: 34, 0: 41, 2: 14, 3: 16, 6: 62, 5: 9}","{6: 14, 5: 17, 4: 31, 3: 150, 0: 29, 1: 8, 2: 19}","{1: 218, 2: 28, 0: 22}","{1: 213, 2: 15, 0: 40}","{1: 211, 2: 35, 0: 22}","{1: 226, 0: 30, 2: 12}",0.07851073921814555,0.040597181101344165,0.080063959905262,0.08852524568469769,0.17123677607105287,0.11418304667576006,0.20247175288071131,0.15797421531283262,0.18867806448446994,0.039482670554422804,0.19596181727672551,0.17072830858752128
10250,2,max_steps,3,4,0,2034.5488814838911,3500,807.0,406.5,0.051056621168897386,0.1,3.0791780948638916,24.12261962890625,-91.41554260253906,495.2437744140625,2000.0,99.43321553227346,2832,-6.991999999999452,-57.89233404838002,0.0,0.5812996804239688,"{5: 28, 4: 23, 3: 42, 0: 185, 1: 16, 2: 44, 6: 12}","{2: 36, 3: 228, 6: 22, 5: 17, 4: 9, 0: 11, 1: 27}","{1: 307, 2: 26, 0: 17}","{1: 287, 0: 36, 2: 27}","{1: 312, 2: 27, 0: 11}","{1: 316, 2: 8, 0: 26}",0.04561338562930847,0.019005770142922415,0.06384198930993296,0.05960358092157869,0.15448663347822877,0.06215214336315955,0.18613406892845336,0.14882909924865076,0.18389960656125595,0.060261597398784984,0.13623991678598002,0.29787617541465644
10260,2,success,3,5,0,2630.1612127185194,3095,619.0,657.0,0.050548346389075516,0.1,3.0999484062194824,24.264057159423828,-91.41554260253906,480.3446350097656,2500.0,136.34121271852965,2410,-6.179999999999541,0.0,0.0,0.8498097617830435,"{5: 73, 4: 130, 3: 16, 1: 16, 2: 23, 6: 18, 0: 33}","{6: 9, 5: 16, 4: 28, 3: 186, 0: 32, 1: 15, 2: 23}","{1: 254, 2: 26, 0: 29}","{1: 249, 2: 24, 0: 36}","{1: 233, 2: 33, 0: 43}","{1: 248, 2: 29, 0: 32}",0.0768900653855882,0.031587482376642696,0.10631860560366749,0.08917852341378997,0.22562599985629844,0.11628179147079035,0.29254230168283396,0.25601792859590045,0.21409552007990348,0.019148773458750573,0.14765516526056247,0.3151797492648786
10270,2,max_steps,3,2,0,1057.1120002311884,3500,354.5,354.5,0.050045131545573135,0.1,3.1143407821655273,24.31218147277832,-91.41554260253906,506.0416564941406,1000.0,64.10800023121496,2028,-6.9959999999994515,0.0,0.0,0.30203200006605385,"{3: 40, 1: 30, 2: 12, 6: 51, 5: 8, 4: 209}","{1: 3, 2: 60, 3: 263, 5: 7, 4: 17}","{1: 316, 0: 16, 2: 18}","{1: 334, 0: 10, 2: 6}","{1: 324, 0: 10, 2: 16}","{1: 326, 0: 19, 2: 5}",0.022287361452956962,0.020697768565204885,0.038549384220628466,0.04280865132264994,0.14982091814865375,0.05691878473272269,0.15672203883349417,0.14605966530946737,0.08160179354011757,0.057055662491507925,0.08524587343533604,0.12665389595002413
10280,2,crash,3,3,1,1223.8808406514904,2719,863.6666666666666,998.0,0.05,0.1,3.1270949840545654,24.391889572143555,-91.41554260253906,482.2059326171875,1500.0,43.89765375625734,2097,-5.431999999999624,-14.58481310476744,-300.0,0.45012167732677105,"{1: 110, 2: 81, 3: 49, 0: 19, 6: 12}","{3: 194, 0: 3, 1: 16, 2: 16, 6: 10, 5: 17, 4: 15}","{1: 260, 0: 11}","{1: 238, 0: 20, 2: 13}","{1: 262, 0: 9}","{1: 261, 2: 10}",0.023610050010734646,0.01221140049749212,0.03217188316552613,0.03599344180033723,0.10480991986952042,0.060681739034456394,0.1308802130383519,0.08071823750309094,0.15950596346914517,0.061423144839338285,0.19101087049855983,0.08201347292386194
10290,2,max_steps,3,4,0,2153.780653936743,3500,868.75,946.0,0.05,0.1,3.1372692584991455,24.491512298583984,-91.41554260253906,490.4314880371094,2000.0,160.77265393675404,2780,-6.991999999999452,0.0,0.0,0.6153659011247837,"{6: 107, 5: 16, 4: 66, 3: 14, 0: 80, 1: 46, 2: 21}","{1: 18, 2: 24, 3: 203, 4: 36, 6: 25, 5: 6, 0: 38}","{1: 250, 2: 44, 0: 56}","{1: 258, 0: 62, 2: 30}","{1: 252, 2: 48, 0: 50}","{1: 269, 2: 40, 0: 41}",0.09093269140562624,0.029760766738372194,0.10961968495687228,0.0937513175209419,0.22168604226014127,0.147489921326361,0.27093708915475934,0.1903180796084631,0.28798242811464786,0.03402892987355336,0.18599531705790892,0.2554004131537888
10300,2,crash,3,3,1,1250.859688392863,1198,375.6666666666667,399.0,0.05,0.1,3.1610801219940186,24.68954849243164,-91.41554260253906,498.6506042480469,1500.0,59.40963889131336,1052,-2.3899999999999584,-6.159950498450222,-300.0,1.0441232791259292,"{5: 22, 4: 13, 3: 8, 1: 40, 2: 21, 0: 8, 6: 7}","{2: 19, 3: 89, 1: 4, 6: 7}","{1: 69, 2: 7, 0: 43}","{1: 113, 0: 6}","{1: 60, 2: 10, 0: 49}","{1: 105, 2: 3, 0: 11}",0.12635412967818743,0.010045506241309456,0.17267340706936993,0.07361614089071775,0.23096571628495946,0.056439580418034554,0.25569275469521807,0.15125733695160815,0.2520381377370763,0.03346637659172205,0.29546031552314866,0.1544434071639778
10310,2,max_steps,3,4,0,2089.696051202195,3500,699.75,794.5,0.05,0.1,3.1812851428985596,24.868574142456055,-91.41554260253906,505.05572509765625,2000.0,96.68805120220121,2738,-6.991999999999452,0.0,0.0,0.5970560146291987,"{2: 66, 3: 8, 4: 107, 5: 103, 1: 46, 0: 20}","{0: 24, 1: 28, 2: 62, 3: 179, 6: 35, 5: 10, 4: 12}","{1: 329, 0: 12, 2: 9}","{1: 280, 0: 42, 2: 28}","{1: 306, 0: 22, 2: 22}","{1: 303, 2: 17, 0: 30}",0.049483613867481194,0.030691705966912113,0.06844078756797337,0.07477350174829883,0.14129111712937087,0.0632949261241545,0.18966557558722533,0.15455970249019632,0.16855867245644532,0.020411836012410065,0.1888684019413089,0.1253255544812819
10320,2,max_steps,3,2,0,1049.8133368971262,3500,1230.5,1230.5,0.05,0.1,3.199430465698242,24.943359375,-91.41554260253906,523.8720703125,1000.0,63.56439329583767,1792,-6.9959999999994515,-6.755056398703427,0.0,0.2999466676848932,"{4: 190, 5: 21, 6: 20, 3: 40, 1: 49, 2: 30}","{4: 36, 3: 229, 2: 66, 1: 19}","{1: 319, 2: 15, 0: 16}","{1: 319, 2: 13, 0: 18}","{1: 309, 2: 22, 0: 19}","{1: 300, 2: 23, 0: 27}",0.03626740530065299,0.028662714407713057,0.042159172955605104,0.047273858406778196,0.14184072569745637,0.05975801945393699,0.18986487703824884,0.15959503481631043,0.10934589625867855,0.060085172408074955,0.14717921859187555,0.1809847973683717
10330,2,crash,3,3,1,1174.6713294660353,2166,518.0,688.0,0.05,0.1,3.214383363723755,25.047592163085938,-91.41554260253906,516.5877075195312,1500.0,69.16692836802912,1729,-4.325999999999746,-90.16959890198939,-300.0,0.54232286678949,"{5: 32, 4: 24, 3: 25, 2: 72, 0: 12, 1: 9, 6: 42}","{3: 101, 2: 8, 6: 30, 5: 10, 4: 6, 0: 61}","{1: 172, 0: 44}","{1: 174, 0: 21, 2: 21}","{1: 172, 2: 3, 0: 41}","{1: 189, 2: 18, 0: 9}",0.08282045032702347,0.031961779091841114,0.10484758719752835,0.08925621099998594,0.20138029843903293,0.06226983295771435,0.23515055708392585,0.15075010757607615,0.17700000823982,0.047081477481852596,0.2581708263561659,0.15087077748363098
10340,2,max_steps,3,2,0,1121.4567063103875,3500,1150.5,1150.5,0.05,0.1,3.2269532680511475,25.071590423583984,-91.41554260253906,502.9365234375,1000.0,128.45270631039017,2514,-6.9959999999994515,0.0,0.0,0.32041620180296787,"{1: 53, 2: 23, 3: 16, 6: 154, 5: 13, 4: 56, 0: 35}","{3: 282, 0: 25, 1: 8, 2: 35}","{1: 251, 0: 50, 2: 49}","{1: 315, 2: 1, 0: 34}","{1: 215, 0: 68, 2: 67}","{1: 240, 2: 53, 0: 57}",0.10418711859816568,0.011193808685091972,0.1418773074862812,0.13638119622536524,0.19477330547397645,0.059064099609395584,0.24905926934892647,0.2699092170338768,0.20729279316171723,0.01994157225679434,0.22415943991824624,0.18474624341428167
10350,2,crash,3,3,1,1259.027912598415,1648,527.6666666666666,525.0,0.05,0.1,3.2395918369293213,25.170732498168945,-91.41554260253906,502.9365234375,1500.0,68.19578785687206,1385,-3.2899999999998593,-5.877875258453186,-300.0,0.7639732479359315,"{3: 32, 4: 74, 0: 41, 1: 5, 2: 6, 6: 6}","{0: 3, 1: 17, 2: 9, 3: 79, 6: 27, 5: 16, 4: 13}","{1: 132, 0: 32}","{1: 131, 0: 13, 2: 20}","{1: 122, 2: 4, 0: 38}","{1: 143, 0: 16, 2: 5}",0.006043083331501135,0.0471936719277989,0.012935933840357343,0.0137029308568551,0.2918385193930627,0.09004048259071262,0.32296001177113526,0.15582634263322265,0.3104648421407532,0.12965669938143726,0.2561794275440876,0.12576626727030918
10360,2,success,3,5,0,2614.012212233083,3323,664.6,602.0,0.05,0.1,3.252004384994507,25.28478240966797,-91.41554260253906,531.2644653320312,2500.0,120.64821223308405,2461,-6.635999999999491,0.0,0.0,0.786642254659369,"{3: 71, 6: 73, 5: 24, 4: 90, 0: 49, 1: 12, 2: 13}","{0: 11, 1: 15, 2: 19, 3: 206, 5: 29, 4: 21, 6: 31}","{1: 283, 2: 21, 0: 28}","{1: 256, 0: 30, 2: 46}","{1: 268, 2: 31, 0: 33}","{1: 263, 0: 50, 2: 19}",0.05130857695158667,0.02700764803889319,0.06959683154265173,0.09610415461253119,0.18804365864628034,0.102211579326957,0.2557284623182083,0.18625621904953044,0.09269489846533592,0.1231581722827137,0.15851849180760255,0.17316036375532423
10370,2,max_steps,3,3,0,1595.8346745318463,3500,846.0,773.0,0.05,0.1,3.262639284133911,25.308841705322266,-91.41554260253906,521.1348266601562,1500.0,107.45136665376509,3230,-6.993999999999452,-4.622692121911433,0.0,0.45595276415195607,"{1: 132, 2: 45, 3: 26, 4: 26, 6: 89, 5: 29, 0: 3}","{1: 9, 2: 20, 3: 179, 5: 31, 4: 15, 0: 96}","{1: 294, 0: 19, 2: 37}","{1: 299, 0: 16, 2: 35}","{1: 292, 0: 15, 2: 43}","{1: 288, 2: 24, 0: 38}",0.033628404926741025,0.023240717211551208,0.05160873147875533,0.06268813802043299,0.1750185860761686,0.06287830281796666,0.21027981226215364,0.22449274447822448,0.17414362006613596,0.13085657890210062,0.2226854610393767,0.28684561694770855
10380,2,max_steps,3,1,0,576.7719826961095,3500,3403.0,3403.0,0.05,0.1,3.268864870071411,25.277816772460938,-91.41554260253906,494.5898742675781,500.0,83.76998269610968,1949,-6.997999999999451,0.0,0.0,0.1647919950560313,"{6: 233, 5: 49, 4: 39, 3: 19, 0: 10}","{3: 285, 2: 65}","{1: 298, 0: 16, 2: 36}","{1: 349, 2: 1}","{1: 274, 2: 50, 0: 26}","{1: 255, 0: 42, 2: 53}",0.08694382392696337,0.017595314920371252,0.11907484594247157,0.1196792483447618,0.15889369458779803,0.03784636753273513,0.21223288395015477,0.2171969251625658,0.16041968281950422,0.04304606037079397,0.10939704103561079,0.15290090889991848
10390,2,crash,3,3,1,1267.1627008250011,2969,851.6666666666666,658.0,0.05,0.1,3.2834208011627197,25.338459014892578,-91.41554260253906,501.28070068359375,1500.0,83.27415964614953,2231,-5.931999999999569,-10.179458821139034,-300.0,0.42679781098854874,"{5: 13, 4: 88, 3: 53, 2: 122, 0: 5, 1: 15}","{3: 134, 2: 41, 4: 22, 5: 9, 0: 39, 1: 14, 6: 37}","{1: 209, 2: 33, 0: 54}","{1: 252, 0: 32, 2: 12}","{1: 207, 2: 33, 0: 56}","{1: 250, 2: 20, 0: 26}",0.09745719747201675,0.019766820446504976,0.10143378276058196,0.1214228411885245,0.18585540282774132,0.0754844386975101,0.23852574308977453,0.15950246586854558,0.20602643472080914,0.024391073600940092,0.2654733172433171,0.2068523931284708
10400,2,crash,3,1,1,199.27650000147133,1853,848.0,848.0,0.05,0.1,3.298147439956665,25.38926124572754,-91.41554260253906,531.8506469726562,500.0,36.06919080184043,965,-3.7039999999998137,-33.088690800371566,-300.0,0.10754263356798237,"{2: 62, 1: 22, 5: 17, 6: 62, 4: 22}","{3: 136, 6: 26, 5: 10, 4: 6, 2: 7}","{1: 162, 0: 18, 2: 5}","{1: 144, 2: 41}","{1: 158, 0: 17, 2: 10}","{1: 155, 0: 14, 2: 16}",0.039988068882885745,0.039267685112249394,0.06160311085542524,0.06733409470002956,0.1569978488395149,0.06484943269643682,0.2033901763489584,0.1581421812465059,0.2060749758763354,0.034261964617740934,0.22929120582623005,0.125617342943637
10410,2,max_steps,3,4,0,2106.9912621185267,3500,624.5,588.5,0.05,0.1,3.3081839084625244,25.4138240814209,-91.41554260253906,510.2415771484375,2000.0,126.20092745802917,2802,-6.991999999999452,-12.217665339509743,0.0,0.6019975034624362,"{0: 116, 1: 10, 2: 9, 3: 6, 4: 106, 5: 94, 6: 9}","{3: 192, 1: 21, 2: 36, 4: 33, 6: 21, 5: 11, 0: 36}","{1: 281, 0: 46, 2: 23}","{1: 275, 0: 57, 2: 18}","{1: 274, 0: 52, 2: 24}","{1: 307, 0: 32, 2: 11}",0.07719499317917451,0.027404276456994572,0.09336104757299928,0.07333270900696078,0.1839627469433384,0.10840118005261667,0.23605692217000315,0.15343982757216304,0.22031149093475758,0.026722476210986158,0.24029119997617382,0.11202583924815458
10420,2,crash,3,0,1,-431.17578518083803,3284,,,0.05,0.1,3.316702127456665,25.43007469177246,-91.41554260253906,497.7073669433594,0.0,8.880131903317801,1000,-6.567999999999499,-133.4879170841559,-300.0,-0.13129591509769734,{6: 328},"{2: 20, 3: 308}",{1: 328},"{1: 323, 0: 5}",{1: 328},"{1: 326, 2: 2}",0.021221617542434356,0.0076086537170707,0.036672301093816535,0.02871425557801276,0.0810776606589725,0.033881106409285405,0.0981636173786744,0.09145758386894888,,,,
10430,2,crash,3,0,1,-376.12630069917986,1084,,,0.05,0.1,3.3274617195129395,25.48500633239746,-91.41554260253906,494.1259765625,0.0,3.6592450692820044,300,-2.167999999999983,-77.61754576846185,-300.0,-0.34697998219481535,{6: 108},"{6: 3, 5: 10, 4: 6, 3: 36, 2: 53}","{1: 90, 0: 18}","{1: 87, 2: 21}","{1: 87, 0: 21}","{1: 83, 2: 9, 0: 16}",0.058268734215894444,0.03804089042503433,0.06210159089593399,0.04749676402800371,0.17329448069280437,0.11551491700072342,0.24548267596255716,0.21507744721198507,,,,
10440,2,crash,3,2,1,732.7336130427045,1889,851.5,851.5,0.05,0.1,3.3454926013946533,25.639362335205078,-91.41554260253906,541.1516723632812,1000.0,47.974810915095894,1701,-3.773999999999806,-11.467197872388919,-300.0,0.3878949777886207,"{2: 155, 3: 5, 0: 1, 1: 9, 6: 18}","{0: 33, 1: 17, 2: 15, 3: 44, 6: 58, 5: 10, 4: 11}","{1: 177, 0: 11}","{1: 115, 0: 38, 2: 35}","{1: 168, 0: 20}","{1: 186, 2: 2}",0.021942354764716034,0.05849721160803861,0.03041411788893275,0.031309581366891895,0.14174463279354876,0.0647130040754388,0.18352937078404202,0.14124494492440415,0.13038375873314345,0.03916810977354151,0.21638108387529073,0.13237812298326823
10450,2,crash,3,2,1,763.0457158641964,1569,730.5,730.5,0.05,0.1,3.359931468963623,25.72525978088379,-91.41554260253906,515.4956665039062,1000.0,73.7829143363813,1247,-3.1339999999998764,-7.603198472185129,-300.0,0.48632614140484154,"{6: 25, 5: 17, 4: 16, 3: 2, 0: 85, 1: 5, 2: 6}","{5: 2, 4: 10, 3: 96, 0: 27, 1: 6, 2: 5, 6: 10}","{1: 103, 2: 16, 0: 37}","{1: 107, 2: 11, 0: 38}","{1: 102, 2: 16, 0: 38}","{1: 121, 2: 13, 0: 22}",0.06794806995054678,0.03408891751332839,0.12161643816741073,0.09928450201265765,0.2910461014308439,0.15295894301766325,0.31792279627130815,0.1815539582671774,0.31055347640535846,0.019292659986648288,0.26816505925622813,0.2852634783478433
10460,2,success,3,5,0,2564.705506882169,2646,529.2,633.0,0.05,0.1,3.369420289993286,25.779386520385742,-91.41554260253906,498.9008483886719,2500.0,69.98750688216884,2028,-5.28199999999964,0.0,0.0,0.969276457627426,"{3: 102, 2: 97, 6: 52, 5: 5, 4: 8}","{5: 64, 4: 41, 3: 84, 1: 28, 2: 24, 6: 23}","{1: 238, 2: 26}","{1: 179, 2: 51, 0: 34}","{1: 234, 2: 25, 0: 5}","{1: 240, 2: 6, 0: 18}",0.03304209433208702,0.0474035251137017,0.051367510892198695,0.058916539125178614,0.14471017997699653,0.08438937909304606,0.19498782401239298,0.14795956907540053,0.1309813590532069,0.12215347201314024,0.18876501112576077,0.11670822243293351
10470,2,crash,3,2,1,770.7731955513709,1782,819.5,819.5,0.05,0.1,3.384309768676758,25.92529296875,-91.41554260253906,518.400146484375,1000.0,85.15745281168893,1242,-3.5599999999998295,-10.824257260318193,-300.0,0.4325326574362351,"{6: 35, 5: 22, 4: 44, 3: 20, 0: 43, 1: 4, 2: 10}","{1: 3, 2: 31, 3: 129, 6: 15}","{1: 108, 2: 26, 0: 44}","{1: 166, 0: 12}","{1: 96, 2: 28, 0: 54}","{1: 120, 2: 21, 0: 37}",0.12041212053681385,0.019655388480737647,0.16569428950980886,0.13931929017281014,0.30417980018796964,0.057515803400174086,0.3247511443362146,0.23773739642951824,0.24681734302234326,0.04640866435836159,0.2245052569036535,0.2887499550920863
10480,2,crash,3,1,1,52.474445633121206,1226,392.0,392.0,0.05,0.1,3.399374485015869,26.08245277404785,-91.41554260253906,506.99322509765625,500.0,15.432937523572878,470,-2.4499999999999518,-160.5084918904514,-300.0,0.04280134227823916,"{3: 39, 0: 7, 1: 76}","{6: 12, 5: 7, 4: 13, 3: 7, 0: 83}",{1: 122},"{1: 82, 2: 40}",{1: 122},{1: 122},0.0004867728658073023,0.014441739600816671,0.0007398477157036689,0.0008144571921681516,0.0010654206829140195,0.12081383290034678,0.0035470889052659246,0.0033009480682229986,0.0010293553136287526,0.12370384797741579,0.0014980541413188646,0.0010197006698476226
10490,2,success,3,5,0,2566.535513424098,2954,590.8,550.0,0.05,0.1,3.4188735485076904,26.222970962524414,-91.41554260253906,529.693115234375,2500.0,72.43351342410125,2455,-5.8979999999995725,0.0,0.0,0.868833958505111,"{4: 105, 2: 73, 3: 114, 1: 3}","{5: 12, 4: 14, 3: 163, 2: 50, 0: 28, 1: 28}","{1: 267, 2: 4, 0: 24}","{1: 237, 2: 15, 0: 43}","{1: 259, 2: 15, 0: 21}","{1: 273, 2: 12, 0: 10}",0.044594808881364925,0.027488605520072915,0.05834636612888735,0.05110211675848923,0.1468914411428049,0.08243653313418584,0.1857150242635896,0.14837489821643673,0.14330810357017626,0.0539726516135462,0.17004254523740625,0.13676155998302172
10500,2,max_steps,3,4,0,1877.0699670952654,3500,813.5,888.5,0.05,0.1,3.4367775917053223,26.320667266845703,-91.41554260253906,515.5090942382812,2000.0,93.78126310593309,2627,-6.991999999999452,-209.71929601065426,0.0,0.5363057048843616,"{3: 125, 4: 19, 5: 51, 0: 63, 1: 51, 2: 16, 6: 25}","{6: 30, 5: 24, 4: 55, 3: 174, 0: 33, 1: 17, 2: 17}","{1: 307, 2: 5, 0: 38}","{1: 297, 2: 30, 0: 23}","{1: 305, 2: 11, 0: 34}","{1: 324, 2: 3, 0: 23}",0.023124610345483427,0.03794351000825652,0.033681790642407464,0.033388757702018906,0.16563335942575255,0.06120694720031312,0.2031706364590892,0.1455846456725937,0.14022854882385488,0.055664036287351504,0.05811325686853434,0.10356295930327783
10510,2,crash,3,1,1,-61.19264402523561,2080,1900.0,1900.0,0.05,0.1,3.4588804244995117,26.485992431640625,-91.41554260253906,516.6898803710938,500.0,32.527362026628396,1352,-4.157999999999764,-289.5620060518641,-300.0,-0.02941954039674789,"{0: 43, 1: 14, 2: 73, 3: 78}","{0: 11, 1: 7, 2: 5, 3: 143, 4: 23, 6: 19}","{1: 199, 0: 9}","{1: 174, 0: 34}","{1: 197, 0: 11}","{1: 190, 0: 5, 2: 13}",0.014619064815550207,0.028465642885637847,0.02395866268418742,0.029739125910409323,0.09362078630125217,0.09632358426952108,0.11589934789548592,0.13723695847330844,0.051276070199720074,0.05888134188836334,0.07353863017517921,0.06432316318336498
10520,2,max_steps,3,4,0,2101.338430720168,3500,726.75,670.0,0.05,0.1,3.4631710052490234,26.463787078857422,-91.41554260253906,512.8683471679688,2000.0,108.33043072017477,2745,-6.991999999999452,0.0,0.0,0.600382408777191,"{4: 78, 3: 104, 2: 30, 1: 22, 6: 38, 5: 6, 0: 72}","{1: 10, 2: 36, 3: 196, 6: 61, 5: 7, 4: 13, 0: 27}","{1: 288, 0: 35, 2: 27}","{1: 265, 0: 51, 2: 34}","{1: 270, 2: 33, 0: 47}","{1: 279, 0: 46, 2: 25}",0.06120095818046353,0.01909644951621683,0.08793785850848176,0.09597439723114777,0.19893199918373228,0.12668436367551716,0.2585245471985521,0.24139582988862132,0.14205235754864282,0.0401187129170687,0.19143734262688106,0.1535340528090265
10530,2,crash,3,2,1,786.7761094790596,2584,1226.5,1226.5,0.05,0.1,3.479970693588257,26.487688064575195,-91.41554260253906,509.7521057128906,1000.0,97.9320228371379,1646,-5.163999999999653,-5.991913358077319,-300.0,0.3044799185290478,"{6: 53, 5: 67, 4: 50, 3: 13, 0: 59, 1: 8, 2: 8}","{3: 220, 2: 25, 5: 13}","{1: 172, 2: 29, 0: 57}","{1: 252, 0: 6}","{1: 150, 2: 37, 0: 71}","{1: 154, 2: 50, 0: 54}",0.11281689376764203,0.014685248129086982,0.16013781024633586,0.1455742081204992,0.23165716720025598,0.045663738441832115,0.3009800746591234,0.30309213325105017,0.22192493232235921,0.03709506086923283,0.2945682964890411,0.4436964984496185
10540,2,success,3,5,0,2585.6182005798273,3417,683.4,775.0,0.05,0.1,3.488696813583374,26.535484313964844,-91.41554260253906,528.9776000976562,2500.0,101.15403597883511,2815,-6.8239999999994705,-8.711835398995387,0.0,0.7566924789522468,"{6: 12, 5: 24, 4: 192, 3: 44, 0: 37, 1: 10, 2: 22}","{3: 202, 6: 12, 5: 10, 4: 23, 0: 29, 1: 16, 2: 49}","{1: 302, 2: 19, 0: 20}","{1: 275, 2: 14, 0: 52}","{1: 289, 2: 29, 0: 23}","{1: 282, 2: 17, 0: 42}",0.05888776324995432,0.026249795302386796,0.06523980520737371,0.09184233360635238,0.15176333559071328,0.0751244046840618,0.20093240401083223,0.1627792032695505,0.15122137663982088,0.03890352052432044,0.16706170799341893,0.1705467052129318
10550,2,crash,3,2,1,762.1593748485166,1216,569.5,569.5,0.05,0.1,3.5074119567871094,26.668386459350586,-91.41554260253906,501.5166931152344,1000.0,70.95811698930072,1098,-2.427999999999954,-6.370742140783582,-300.0,0.6267758016846353,"{6: 45, 5: 10, 4: 10, 3: 2, 0: 43, 1: 5, 2: 6}","{1: 6, 2: 14, 3: 85, 4: 16}","{1: 71, 2: 15, 0: 35}","{1: 105, 0: 16}","{1: 64, 2: 16, 0: 41}","{1: 95, 2: 12, 0: 14}",0.12171097225653195,0.02067624132860201,0.17289317558347253,0.11668761918367776,0.3130417003083494,0.0622956370516098,0.34053224195767334,0.3443395084418891,0.2668449602277486,0.017952674109118587,0.21626299798141915,0.4270484400093889
10560,2,max_steps,3,1,0,569.6806475491653,3500,745.0,745.0,0.05,0.1,3.523322582244873,26.712646484375,-91.41554260253906,495.5157775878906,500.0,76.6786475491508,2006,-6.997999999999451,0.0,0.0,0.1627658992997615,"{2: 70, 3: 42, 5: 75, 6: 34, 4: 129}","{0: 13, 1: 17, 2: 115, 3: 205}","{1: 305, 0: 16, 2: 29}","{1: 316, 0: 32, 2: 2}","{1: 257, 0: 45, 2: 48}","{1: 266, 0: 54, 2: 30}",0.08677154014520626,0.018065902765995116,0.12132589581623668,0.12405006933859936,0.1546267456567331,0.05981320374347707,0.21090870073852838,0.24741417890955442,0.19173187749665135,0.03548450973308732,0.26533719267421546,0.16490922685650086
10570,2,max_steps,3,4,0,2152.8251203209234,3500,745.5,636.0,0.05,0.1,3.537297248840332,26.79552459716797,-94.65523529052734,491.40582275390625,2000.0,159.81712032093546,2675,-6.991999999999452,0.0,0.0,0.6150928915202638,"{5: 70, 4: 34, 3: 65, 0: 28, 1: 5, 2: 17, 6: 131}","{3: 169, 1: 32, 2: 22, 6: 88, 5: 7, 4: 6, 0: 26}","{1: 227, 2: 66, 0: 57}","{1: 255, 0: 53, 2: 42}","{1: 223, 2: 65, 0: 62}","{1: 258, 2: 32, 0: 60}",0.0817587804203834,0.029383830264303967,0.12058927288659194,0.11344239308792245,0.2851870696152332,0.10634677521120822,0.32906597930777126,0.3055583259726626,0.2515942711613308,0.1286821070182233,0.16618469323860843,0.39467577466388776
10580,2,max_steps,3,4,0,2032.9705463255134,3500,604.75,407.5,0.05,0.1,3.5644590854644775,26.94793128967285,-94.65523529052734,497.15045166015625,2000.0,115.65464485804107,2495,-6.991999999999452,-75.69209853251763,0.0,0.5808487275215752,"{5: 71, 4: 109, 3: 10, 0: 111, 1: 31, 2: 18}","{3: 253, 0: 25, 1: 6, 2: 32, 4: 34}","{1: 284, 2: 26, 0: 40}","{1: 295, 0: 33, 2: 22}","{1: 277, 2: 27, 0: 46}","{1: 292, 2: 22, 0: 36}",0.05810507745616804,0.02589640069487449,0.08254537606617682,0.09404673509103127,0.18711321904158026,0.07864549271410184,0.24621964832513732,0.21171169758222444,0.21543814254728277,0.05795618452533457,0.11789246242066088,0.3903284415816147
10590,2,max_steps,3,3,0,1617.002450955034,3500,1125.0,1122.0,0.05,0.1,3.5827176570892334,27.03924560546875,-94.65523529052734,500.6671142578125,1500.0,123.99645095503595,3002,-6.993999999999452,0.0,0.0,0.4620007002728668,"{6: 134, 5: 13, 4: 17, 3: 4, 0: 42, 1: 34, 2: 106}","{2: 25, 3: 116, 6: 97, 5: 36, 4: 16, 0: 49, 1: 11}","{1: 268, 2: 42, 0: 40}","{1: 266, 0: 64, 2: 20}","{1: 259, 2: 42, 0: 49}","{1: 289, 2: 21, 0: 40}",0.04845987747820979,0.04994135782434131,0.05274359706122466,0.07830611178270325,0.2335287117367672,0.062453522455772764,0.2949482164327845,0.26866667602738126,0.19977440146884207,0.02617661314995801,0.11773434322580027,0.46406681334898825
10600,2,max_steps,3,4,0,2097.3140360388848,3500,832.0,819.0,0.05,0.1,3.598008155822754,27.143177032470703,-94.65523529052734,491.49237060546875,2000.0,104.30603603888612,3289,-6.991999999999452,0.0,0.0,0.5992325817253956,"{2: 68, 3: 74, 4: 158, 6: 43, 5: 7}","{0: 36, 1: 31, 2: 64, 3: 125, 6: 70, 5: 9, 4: 15}","{1: 321, 0: 8, 2: 21}","{1: 262, 0: 49, 2: 39}","{1: 291, 0: 24, 2: 35}","{1: 316, 0: 23, 2: 11}",0.04273212821380684,0.053384908561397736,0.05257456430493679,0.06449297141118919,0.1431258769601005,0.07380792564436173,0.20269104532391877,0.14986917189888546,0.1627820930091727,0.0606464868736296,0.19525957504119593,0.381896920389316
10610,2,crash,3,1,1,203.45899756475205,574,316.0,316.0,0.05,0.1,3.598507881164551,27.145105361938477,-94.65523529052734,489.7845153808594,500.0,14.107555286679005,296,-1.1460000000000008,-9.50255772192881,-300.0,0.35445818391071787,"{1: 18, 2: 12, 3: 1, 5: 1, 6: 25}","{3: 31, 0: 26}","{1: 21, 0: 36}",{1: 57},"{1: 37, 0: 20}","{1: 54, 0: 3}",0.15818022222792508,0.015479737120243834,0.1611175353715221,0.05555473561588508,0.19918083027001443,0.02888638548437822,0.22555408425115708,0.14473095544011721,0.20141511319746078,0.016514597450234057,0.22460434493443196,0.0611015886749345
10620,2,max_steps,3,2,0,1090.051214878761,3500,672.5,672.5,0.05,0.1,3.607419013977051,27.217296600341797,-96.80238342285156,494.8258361816406,1000.0,97.04721487878341,2513,-6.9959999999994515,0.0,0.0,0.3114432042510745,"{6: 111, 5: 107, 4: 85, 3: 17, 0: 17, 1: 6, 2: 7}","{4: 17, 3: 205, 6: 2, 5: 48, 0: 33, 1: 16, 2: 29}","{1: 290, 2: 35, 0: 25}","{1: 291, 0: 50, 2: 9}","{1: 278, 2: 35, 0: 37}","{1: 297, 2: 22, 0: 31}",0.04233203076245156,0.021422867653186267,0.06269670489502605,0.07604324694007725,0.19458399680997313,0.06179658248053438,0.24515482506013614,0.18380664594698445,0.1746274791278496,0.043183360681909116,0.20824467966457527,0.4162929942755905
10630,2,crash,3,1,1,204.31065604085768,504,319.0,319.0,0.05,0.1,3.615849018096924,27.280723571777344,-96.45873260498047,490.9037780761719,500.0,13.704070688835774,283,-1.0060000000000007,-8.387414647979291,-300.0,0.40537828579535257,"{1: 17, 2: 12, 3: 3, 4: 8, 5: 6, 6: 4}","{3: 29, 2: 2, 4: 19}","{1: 21, 0: 29}",{1: 50},"{1: 22, 0: 28}","{1: 39, 0: 3, 2: 8}",0.1767344731703881,0.004330482851993417,0.20068388245455043,0.10614019765400114,0.25140662075146925,0.020717704391490656,0.2912468946660974,0.22009216500604734,0.23573492799190385,0.0028923147480767767,0.3001870713373838,0.041154567464790126
10640,2,max_steps,3,4,0,2071.0971825417128,3500,875.0,911.5,0.05,0.1,3.628516435623169,27.352670669555664,-96.45873260498047,498.0914611816406,2000.0,95.89373369037884,2464,-6.991999999999452,-17.804551148645753,0.0,0.591742052154775,"{0: 7, 1: 44, 2: 117, 3: 51, 4: 67, 5: 38, 6: 26}","{2: 51, 3: 265, 6: 8, 5: 10, 4: 15, 0: 1}","{1: 315, 2: 21, 0: 14}","{1: 322, 2: 18, 0: 10}","{1: 292, 0: 24, 2: 34}","{1: 289, 0: 44, 2: 17}",0.0588988004477503,0.021849111044268163,0.07118416021669444,0.08737025988669164,0.14971374246916452,0.05836351881206215,0.19963259359259347,0.18986798572389288,0.14836691814157338,0.07074823154666648,0.16589358888889197,0.19245632752851013
10650,2,max_steps,3,3,0,1579.6988875200516,3500,1019.6666666666666,1181.0,0.05,0.1,3.6411423683166504,27.429418563842773,-96.45873260498047,491.447021484375,1500.0,86.69288752006149,2646,-6.993999999999452,0.0,0.0,0.4513425392914433,"{4: 194, 3: 30, 5: 45, 6: 36, 0: 45}","{0: 14, 1: 55, 2: 33, 3: 152, 6: 46, 5: 26, 4: 24}","{1: 316, 2: 34}","{1: 277, 0: 28, 2: 45}","{1: 311, 2: 33, 0: 6}","{1: 294, 0: 43, 2: 13}",0.05285335488185382,0.04288407226990057,0.06903226932627263,0.09019104678970825,0.14005371011513187,0.07591533965854014,0.19326392076097273,0.15486876189282242,0.17765720293257503,0.0862941616852996,0.11314755587316538,0.27902427272904895
10660,2,max_steps,3,3,0,1565.752811504334,3500,522.0,541.0,0.05,0.1,3.657003164291382,27.526756286621094,-96.45873260498047,521.0983276367188,1500.0,72.74681150435816,2366,-6.993999999999452,0.0,0.0,0.4473579461440954,"{2: 47, 3: 44, 0: 2, 1: 9, 6: 230, 5: 8, 4: 10}","{2: 3, 3: 95, 4: 41, 5: 17, 0: 194}","{1: 320, 0: 13, 2: 17}","{1: 294, 0: 23, 2: 33}","{1: 310, 0: 23, 2: 17}","{1: 306, 2: 7, 0: 37}",0.044130206001986694,0.012198051411437913,0.06400810639862635,0.07777759444793639,0.14025033474516244,0.06235865991565103,0.18776580235722803,0.16953990683112735,0.13645656361913633,0.06483168295466267,0.1472031957666261,0.06282061812481647
10670,2,crash,3,1,1,206.89752632661725,850,613.0,613.0,0.05,0.1,3.6804826259613037,27.688512802124023,-96.45873260498047,501.035888671875,500.0,26.111441648202216,573,-1.6980000000000013,-17.51591532158616,-300.0,0.24340885450190264,"{0: 45, 1: 8, 2: 8, 6: 24}","{0: 7, 1: 8, 2: 6, 3: 40, 6: 19, 5: 5}","{1: 61, 0: 24}","{1: 40, 0: 25, 2: 20}","{1: 65, 0: 20}","{1: 65, 0: 9, 2: 11}",0.07691755141499801,0.06209379570124617,0.053992091658780675,0.03675834270085485,0.2345819909707134,0.14551101276821943,0.29059548943269903,0.21640514358989635,0.2501852007070027,0.050581540019085165,0.16521389124481983,0.2171235133085247
10680,2,max_steps,3,0,0,12.837301729917526,3500,,,0.05,0.1,3.690211057662964,27.744979858398438,-96.45873260498047,534.92626953125,0.0,19.83730172991758,1612,-6.999999999999451,0.0,0.0,0.00366780049426215,{6: 350},"{3: 343, 4: 4, 2: 3}",{1: 350},"{1: 349, 0: 1}",{1: 350},"{1: 349, 0: 1}",0.014724084682077698,0.010426850556790625,0.025449897247676566,0.028816136133251236,0.08422324865095902,0.027317086849290503,0.10138952381377962,0.09339778166895758,,,,
10690,2,crash,3,1,1,208.45247731733707,1230,932.0,932.0,0.05,0.1,3.713542938232422,27.891618728637695,-96.45873260498047,530.7910766601562,500.0,26.893662349559264,615,-2.457999999999951,-15.983185032224167,-300.0,0.16947355879458298,"{2: 65, 1: 17, 0: 10, 3: 1, 6: 30}","{0: 4, 1: 17, 2: 16, 3: 56, 6: 25, 5: 5}","{1: 88, 2: 1, 0: 34}","{1: 104, 0: 14, 2: 5}","{1: 84, 2: 8, 0: 31}","{1: 93, 0: 17, 2: 13}",0.08106491045991504,0.03848472004507838,0.07262640358409977,0.10535072333228093,0.29328333540782686,0.0612003036126617,0.37487564249500727,0.2281222486377341,0.3265338989171139,0.037087932189022225,0.35338733512645376,0.149124059548542
10700,2,max_steps,3,2,0,1060.9498717171057,3500,1606.5,1606.5,0.05,0.1,3.730881690979004,28.03086280822754,-96.45873260498047,545.1791381835938,1000.0,69.92808117773401,2652,-6.9959999999994515,-1.9822094606349365,0.0,0.3031285347763159,"{6: 31, 5: 9, 4: 222, 3: 59, 0: 29}","{5: 4, 4: 9, 3: 237, 0: 26, 1: 13, 2: 32, 6: 29}","{1: 333, 2: 17}","{1: 303, 2: 19, 0: 28}","{1: 329, 2: 21}","{1: 308, 2: 17, 0: 25}",0.03060835350767989,0.02048943771910134,0.04284206298920647,0.04162922946064943,0.10738929144706198,0.062435345007398224,0.1527984353576238,0.15221799881314693,0.04904950933587319,0.0458694000603061,0.10949796445368526,0.10086814993823323
10710,2,crash,3,4,1,1788.7576117655703,2252,519.0,573.0,0.05,0.1,3.7509193420410156,28.14394187927246,-96.45873260498047,548.0029907226562,2000.0,105.03826457589538,1724,-4.495999999999727,-11.784652810324895,-300.0,0.7942973409260969,"{5: 64, 4: 20, 3: 4, 2: 28, 6: 60, 0: 44, 1: 5}","{5: 10, 4: 49, 3: 136, 2: 12, 0: 18}","{1: 134, 2: 28, 0: 63}","{1: 207, 2: 15, 0: 3}","{1: 123, 2: 39, 0: 63}","{1: 159, 2: 34, 0: 32}",0.1167814591104837,0.015152438187948924,0.1676702206294677,0.1266660661097079,0.2772194831450657,0.057907415654402425,0.3035784010460862,0.31505370345506756,0.3114307274786235,0.014206525578477899,0.3043025092602563,0.3591587942387557
10720,2,crash,3,4,1,1798.1801200691991,2687,653.25,604.0,0.05,0.1,3.7584352493286133,28.165481567382812,-96.45873260498047,538.3977661132812,2000.0,109.32563956171585,1885,-5.365999999999631,-5.779519492508601,-300.0,0.6692147823108296,"{4: 33, 5: 64, 3: 2, 0: 76, 1: 27, 2: 17, 6: 49}","{3: 149, 0: 29, 1: 6, 2: 5, 6: 37, 5: 20, 4: 22}","{1: 195, 2: 30, 0: 43}","{1: 198, 0: 27, 2: 43}","{1: 188, 2: 33, 0: 47}","{1: 180, 0: 52, 2: 36}",0.07260120094953798,0.03155157251389996,0.11457963303009212,0.11076083891401298,0.2270964774455247,0.1501024120155678,0.3013948328230338,0.2871153673558881,0.2820687082518192,0.009193971484031449,0.3311956034798938,0.33536012793220016
10730,2,max_steps,3,3,0,1550.1839270553317,3500,337.6666666666667,214.0,0.05,0.1,3.766913652420044,28.20872688293457,-96.45873260498047,514.2764892578125,1500.0,57.17792705536011,2107,-6.993999999999452,0.0,0.0,0.44290969344438047,"{3: 29, 6: 51, 5: 5, 4: 254, 2: 11}","{4: 32, 3: 247, 2: 37, 0: 19, 1: 15}","{1: 326, 2: 24}","{1: 306, 2: 13, 0: 31}","{1: 316, 2: 25, 0: 9}","{1: 317, 0: 18, 2: 15}",0.003915857353212237,0.015615296022831363,0.007078087929387833,0.010303444064952842,0.11178929415349617,0.06169614240041426,0.1717077320710307,0.14827622337546026,0.18934432436655774,0.13239341221770856,0.13871642972627302,0.3226093419502882
10740,2,max_steps,3,3,0,1548.3551834977661,3500,996.0,926.0,0.05,0.1,3.7857065200805664,28.262563705444336,-103.31794738769531,507.87890625,1500.0,95.99528050893113,2368,-6.993999999999452,-40.64609701116169,0.0,0.44238719528507603,"{5: 9, 4: 192, 3: 32, 2: 31, 0: 81, 1: 5}","{3: 129, 2: 21, 6: 28, 5: 37, 4: 101, 0: 28, 1: 6}","{1: 267, 2: 30, 0: 53}","{1: 293, 2: 28, 0: 29}","{1: 265, 2: 34, 0: 51}","{1: 278, 0: 40, 2: 32}",0.05396157344951956,0.017123001600177757,0.07257214516368664,0.08829610880239484,0.21424878908881828,0.09997993476645727,0.2582726089917273,0.21936741869423693,0.22018648280909797,0.03487250337493568,0.2867197904647591,0.28038545824734057
10750,2,crash,3,2,1,722.4539113927807,2234,1004.5,1004.5,0.05,0.1,3.8007383346557617,28.317459106445312,-103.31794738769531,498.2478942871094,1000.0,45.48855799243164,1351,-4.46399999999973,-18.570646599647326,-300.0,0.32339029158137006,"{2: 84, 3: 16, 4: 44, 5: 42, 1: 26, 6: 11}","{0: 7, 1: 17, 2: 48, 3: 118, 5: 11, 4: 22}","{1: 191, 0: 20, 2: 12}","{1: 193, 0: 23, 2: 7}","{1: 191, 0: 20, 2: 12}","{1: 196, 2: 17, 0: 10}",0.06059925451710782,0.046231587065215754,0.07096716520593668,0.08269521699673994,0.1584401231949246,0.06075819115407336,0.19607995283430565,0.15220348268761782,0.1613256470026473,0.05309580717334112,0.20718380877529893,0.21215447593260683
10760,2,success,3,5,0,2614.209445263855,3019,603.8,502.0,0.05,0.1,3.8216423988342285,28.453693389892578,-101.26968383789062,506.02880859375,2500.0,144.1020323737652,2645,-6.027999999999558,-23.864587109911113,0.0,0.8659189947876299,"{0: 64, 1: 13, 2: 15, 3: 90, 6: 104, 5: 6, 4: 9}","{1: 38, 2: 36, 3: 145, 6: 36, 5: 9, 4: 6, 0: 31}","{1: 214, 0: 43, 2: 44}","{1: 192, 0: 72, 2: 37}","{1: 209, 0: 47, 2: 45}","{1: 252, 0: 30, 2: 19}",0.048752693049743806,0.05436869360613856,0.07195762472233647,0.06784998080056846,0.2454374039673985,0.10973152568960906,0.2676418424932353,0.2195202614218057,0.25201879739386535,0.11408905981804625,0.18416173232329122,0.24217248313427345
10770,2,crash,3,1,1,132.07625457739664,858,250.0,250.0,0.05,0.1,3.8456461429595947,28.60630989074707,-101.26968383789062,538.3283081054688,500.0,22.453332130727166,527,-1.7140000000000013,-88.6630775533317,-300.0,0.15393502864498443,"{3: 29, 4: 56}","{6: 12, 5: 6, 4: 6, 3: 26, 2: 35}","{1: 79, 2: 6}","{1: 52, 2: 33}","{1: 84, 2: 1}","{1: 75, 2: 9, 0: 1}",0.009234927309592944,0.05508062686953056,0.014380737455242846,0.012300216916895281,0.1397891049225828,0.15594010154826107,0.17602780286218805,0.1527891415180948,0.009335017563924996,0.17431476467680893,0.007184113512847324,0.010890711576008983
10780,2,max_steps,3,1,0,566.3108500671792,3500,3333.0,3333.0,0.05,0.1,3.8537447452545166,28.618165969848633,-101.26968383789062,505.1473693847656,500.0,74.58534375572442,2096,-6.997999999999451,-1.2764936885453393,0.0,0.16180310001919407,"{2: 61, 3: 53, 4: 126, 5: 72, 6: 38}","{0: 13, 1: 17, 2: 57, 3: 246, 6: 17}","{1: 305, 0: 9, 2: 36}","{1: 310, 0: 28, 2: 12}","{1: 277, 0: 27, 2: 46}","{1: 272, 2: 37, 0: 41}",0.06981175330464912,0.01850272488081013,0.09472652677216098,0.09790577260515806,0.1542240201436084,0.06031518255888461,0.21351795556221312,0.20376314990550823,0.12658106143485207,0.05383846014510612,0.17989472218286212,0.1949377362414168
10790,2,crash,3,1,1,218.16122834245016,510,425.0,425.0,0.05,0.1,3.870961904525757,28.75718116760254,-101.26968383789062,510.96673583984375,500.0,25.011538134786626,424,-1.0180000000000007,-5.832309792336993,-300.0,0.4277671143969611,"{0: 29, 1: 6, 2: 6, 3: 1, 6: 9}","{2: 8, 3: 43}","{1: 26, 0: 25}","{1: 44, 0: 7}","{1: 23, 0: 28}","{1: 33, 0: 9, 2: 9}",0.14809892733824884,0.019865765679077545,0.21801000731865589,0.10854604718490378,0.31531372064676094,0.06325416193957628,0.36796807180807667,0.3499396605483012,0.3220022466701376,0.019836158635779335,0.35271490380218035,0.10720355240634422
10800,2,max_steps,3,4,0,2148.2178362469103,3500,755.25,873.5,0.05,0.1,3.8812193870544434,28.79417610168457,-105.39057922363281,498.01031494140625,2000.0,155.2098362469203,2676,-6.991999999999452,0.0,0.0,0.6137765246419744,"{3: 45, 2: 87, 1: 23, 0: 39, 5: 12, 6: 134, 4: 10}","{5: 19, 4: 14, 3: 168, 0: 41, 1: 10, 2: 14, 6: 84}","{1: 239, 0: 54, 2: 57}","{1: 253, 2: 53, 0: 44}","{1: 228, 2: 68, 0: 54}","{1: 255, 0: 48, 2: 47}",0.0750507514531831,0.04815271949864254,0.10387460047179037,0.0939914559216442,0.28208449989291123,0.10599444848181708,0.32171652762677033,0.2723279929248719,0.28792289236712937,0.15726569712270438,0.2809065118770462,0.43941108051169486
10810,2,max_steps,3,4,0,2109.046898863097,3500,763.5,691.5,0.05,0.1,3.9031012058258057,28.915746688842773,-105.39057922363281,528.8685302734375,2000.0,116.03889886308592,2783,-6.991999999999452,0.0,0.0,0.6025848282465991,"{2: 78, 3: 17, 6: 107, 5: 84, 4: 19, 0: 45}","{6: 38, 5: 20, 4: 29, 3: 146, 0: 45, 1: 27, 2: 45}","{1: 286, 0: 15, 2: 49}","{1: 268, 2: 33, 0: 49}","{1: 267, 0: 33, 2: 50}","{1: 294, 2: 26, 0: 30}",0.04414702911858508,0.046073819038261216,0.06216912302771638,0.05535908137434961,0.19054058649593675,0.07953466693719664,0.271411145089153,0.23246080794608853,0.19840733681599257,0.026913655221278934,0.21890186845169946,0.30599017714877363
10820,2,max_steps,3,3,0,1581.871115770816,3500,923.0,798.0,0.05,0.1,3.914043426513672,28.99028968811035,-105.39057922363281,529.2333374023438,1500.0,88.86511577082342,2450,-6.993999999999452,0.0,0.0,0.45196317593451885,"{4: 97, 3: 62, 2: 25, 1: 22, 6: 43, 5: 27, 0: 74}","{0: 46, 1: 21, 2: 43, 3: 196, 4: 13, 6: 22, 5: 9}","{1: 318, 2: 31, 0: 1}","{1: 253, 0: 61, 2: 36}","{1: 298, 2: 33, 0: 19}","{1: 308, 2: 9, 0: 33}",0.057189566563841464,0.042390076603514695,0.07334542908279232,0.08711670263300667,0.1423223522957522,0.13586022156605912,0.2021154313535028,0.15212862357779916,0.12120512252306796,0.055854567690356426,0.15655696932520005,0.11047314520741654
10830,2,crash,3,3,1,1224.6914135658535,2798,778.3333333333334,717.0,0.05,0.1,3.9291396141052246,29.089336395263672,-106.31446075439453,514.574951171875,1500.0,86.6127465924982,2091,-5.589999999999606,-56.33133302663794,-300.0,0.43770243515577323,"{4: 154, 3: 25, 5: 4, 0: 85, 1: 5, 2: 6}","{0: 8, 1: 55, 2: 22, 3: 80, 6: 19, 5: 38, 4: 57}","{1: 239, 0: 40}","{1: 202, 0: 12, 2: 65}","{1: 228, 2: 6, 0: 45}","{1: 237, 0: 26, 2: 16}",0.04325976923007721,0.05245663297491631,0.07152296402482555,0.08346398445923901,0.2395633424772783,0.0788198410263796,0.25933923355627697,0.1638762315603979,0.28235139926213493,0.12851478829117483,0.23996185558864233,0.13784715228710223
10840,2,success,3,5,0,2621.9147761005747,3047,609.4,834.0,0.05,0.1,3.94811749458313,29.224815368652344,-108.45989227294922,519.7928466796875,2500.0,134.8571410342461,2584,-6.083999999999552,-6.858364933675053,0.0,0.860490573055653,"{2: 42, 3: 24, 4: 87, 5: 8, 0: 58, 1: 9, 6: 76}","{4: 4, 3: 240, 0: 21, 1: 15, 2: 24}","{1: 234, 2: 52, 0: 18}","{1: 286, 0: 18}","{1: 242, 0: 22, 2: 40}","{1: 255, 0: 30, 2: 19}",0.10229875499447022,0.012855559996981883,0.1083960155524068,0.0856817073424807,0.2162681210552918,0.05768978056243025,0.23938404415142822,0.17708365216021768,0.16091164190401167,0.033075510072837745,0.17417766150979602,0.2761511998370011
10850,2,crash,3,3,1,1263.1211785878008,1735,538.3333333333334,634.0,0.05,0.1,3.972456455230713,29.369422912597656,-108.45989227294922,560.2214965820312,1500.0,73.7887388891522,1252,-3.46399999999984,-7.2035603013465055,-300.0,0.7280237340563693,"{4: 99, 3: 4, 5: 7, 0: 52, 1: 5, 2: 6}","{3: 108, 0: 17, 1: 15, 2: 16, 4: 17}","{1: 122, 2: 12, 0: 39}","{1: 142, 0: 23, 2: 8}","{1: 124, 2: 13, 0: 36}","{1: 149, 2: 12, 0: 12}",0.08745071874030522,0.03205714485821988,0.11868900337791471,0.10284099656705231,0.29656281137715074,0.07582147846052392,0.31896674687198495,0.17462295635632263,0.33194433472565504,0.03945707246588052,0.2887828391986269,0.21419239988889646
10860,2,max_steps,3,3,0,1562.755455169576,3500,1131.6666666666667,949.0,0.05,0.1,3.9821603298187256,29.38153648376465,-112.22144317626953,510.2929992675781,1500.0,69.7494551695731,2751,-6.993999999999452,0.0,0.0,0.44650155861987884,"{3: 86, 4: 82, 5: 119, 6: 52, 0: 11}","{1: 65, 0: 32, 2: 31, 3: 151, 6: 55, 5: 10, 4: 6}","{1: 324, 0: 1, 2: 25}","{1: 282, 0: 38, 2: 30}","{1: 318, 0: 8, 2: 24}","{1: 327, 0: 19, 2: 4}",0.0398378492378584,0.024760399899095092,0.05629851690196082,0.0739035578656429,0.14086340250629778,0.06608789631004451,0.17576135193873843,0.14769610090911833,0.17721557222705828,0.07834741941823214,0.22640869851675674,0.16928460555213548
10870,2,max_steps,3,2,0,1083.6223569470933,3500,1298.0,1298.0,0.05,0.1,3.986046075820923,29.328248977661133,-112.22144317626953,518.4992065429688,1000.0,90.61835694708682,2352,-6.9959999999994515,0.0,0.0,0.30960638769916954,"{6: 45, 5: 35, 4: 151, 3: 18, 2: 10, 0: 86, 1: 5}","{4: 96, 3: 174, 5: 25, 0: 44, 1: 6, 2: 5}","{1: 293, 2: 38, 0: 19}","{1: 298, 2: 9, 0: 43}","{1: 281, 2: 38, 0: 31}","{1: 289, 2: 31, 0: 30}",0.037181358716703417,0.021064978470285142,0.06242466793232661,0.08146023667298982,0.1769889510297552,0.11478902634002529,0.23591753818944505,0.2004403685571141,0.23659803561199225,0.023308959912014877,0.11443611740811947,0.3991781874224263
10880,2,crash,3,1,1,217.63312643142353,741,618.0,618.0,0.05,0.1,3.987215995788574,29.266721725463867,-112.22144317626953,495.4848937988281,500.0,26.88036391222914,617,-1.480000000000001,-7.76723748080622,-300.0,0.29370192500866876,"{0: 43, 1: 8, 2: 10, 6: 13}","{1: 11, 2: 7, 3: 43, 6: 13}","{1: 43, 0: 31}","{1: 53, 0: 19, 2: 2}","{1: 41, 0: 33}","{1: 59, 0: 8, 2: 7}",0.09487613602895595,0.01991780780840121,0.14620444795653753,0.03934054175162962,0.2267200595734513,0.1305960316535547,0.23957660486373117,0.15642177065632862,0.22248737926729487,0.006358649181539461,0.2516280844384657,0.014513314980958475
10890,2,max_steps,3,4,0,2108.303227008874,3500,819.75,681.0,0.05,0.1,3.997030019760132,29.280075073242188,-112.22144317626953,517.2489624023438,2000.0,115.29522700886858,2516,-6.991999999999452,0.0,0.0,0.602372350573964,"{2: 148, 1: 47, 3: 31, 0: 29, 6: 52, 5: 13, 4: 30}","{0: 1, 1: 17, 2: 47, 3: 262, 6: 23}","{1: 293, 0: 43, 2: 14}","{1: 326, 0: 23, 2: 1}","{1: 283, 0: 50, 2: 17}","{1: 306, 0: 23, 2: 21}",0.07124809232403999,0.015006180855557539,0.06927747385496291,0.060939817749438616,0.16650362141516672,0.05847790531064271,0.2068397927194243,0.15272810210964752,0.1517306871307142,0.042705923944629985,0.09683741058035904,0.17630204146441092
10900,2,max_steps,3,3,0,1623.1006572437561,3500,796.6666666666666,811.0,0.05,0.1,3.9984548091888428,29.166339874267578,-112.22144317626953,513.582763671875,1500.0,130.09465724376628,2842,-6.993999999999452,0.0,0.0,0.4637430449267875,"{6: 184, 5: 18, 4: 12, 3: 37, 0: 62, 1: 6, 2: 31}","{6: 4, 5: 9, 4: 36, 3: 240, 0: 24, 1: 16, 2: 21}","{1: 278, 2: 38, 0: 34}","{1: 270, 2: 28, 0: 52}","{1: 274, 2: 46, 0: 30}","{1: 298, 2: 24, 0: 28}",0.05496884655917621,0.026037153517856022,0.05822867987014648,0.04931984521526835,0.1879094409959442,0.11604894511896352,0.21685524268513756,0.16045998801417719,0.15729175010560226,0.08071200110804243,0.06559868627579325,0.13999354143364184
10910,2,success,3,5,0,2595.7659416344577,3123,624.6,589.0,0.05,0.1,4.014584064483643,29.192461013793945,-112.22144317626953,504.05438232421875,2500.0,102.00194163446072,2275,-6.235999999999535,0.0,0.0,0.8311770546379947,"{4: 87, 3: 56, 2: 93, 1: 1, 6: 70, 5: 5}","{2: 41, 3: 152, 4: 36, 5: 23, 1: 9, 0: 10, 6: 41}","{1: 275, 0: 7, 2: 30}","{1: 222, 0: 40, 2: 50}","{1: 267, 0: 16, 2: 29}","{1: 283, 0: 20, 2: 9}",0.039675683769951786,0.032734329523261746,0.0549921228503992,0.04760322146708476,0.16401008201626108,0.12704852212306744,0.20193936469625945,0.14891624690536195,0.15727528699688947,0.1619652878424169,0.20346814083361195,0.15912937940138316
10920,2,crash,3,1,1,211.3041154790011,773,577.0,577.0,0.05,0.1,4.038168430328369,29.286684036254883,-112.22144317626953,540.3709716796875,500.0,22.47289918317438,555,-1.5440000000000011,-9.624783704174554,-300.0,0.2733559061824076,"{0: 34, 1: 12, 2: 11, 5: 1, 6: 19}","{1: 11, 2: 6, 3: 40, 6: 20}","{1: 43, 0: 34}","{1: 51, 0: 17, 2: 9}","{1: 51, 0: 26}","{1: 69, 0: 7, 2: 1}",0.11067110895973852,0.03641861248055382,0.1351032983930979,0.020104549092804846,0.20441177789838103,0.12486816817892152,0.21867299370525858,0.14998142967650965,0.204828902160654,0.008377934341941068,0.21872446814759472,0.019258360191705202
10930,2,crash,3,1,1,217.8157972700019,524,440.0,440.0,0.05,0.1,4.044203281402588,29.312196731567383,-120.06954193115234,528.2297973632812,500.0,24.55519562588863,439,-1.0460000000000007,-5.693398355887205,-300.0,0.41567900242366773,"{0: 28, 1: 8, 2: 6, 3: 1, 6: 9}","{2: 5, 3: 47}","{1: 27, 0: 25}","{1: 48, 0: 4}","{1: 22, 0: 30}","{1: 37, 0: 7, 2: 8}",0.13819934323416888,0.012020397757085532,0.21217394818512947,0.1261632314171641,0.3005368742878508,0.049158311376276465,0.34618898517596186,0.2004374041859546,0.3028299263460523,0.015060816685653223,0.3354593370011278,0.09772435069208796
10940,2,crash,3,1,1,203.71426962781305,722,526.0,526.0,0.05,0.1,4.0531325340271,29.36030387878418,-120.06954193115234,547.5494384765625,500.0,15.085571662742536,525,-1.442000000000001,-9.929302034930542,-300.0,0.28215272801636154,"{1: 36, 2: 12, 3: 4, 6: 20}","{1: 5, 2: 16, 3: 31, 6: 10, 5: 10}","{1: 44, 0: 28}","{1: 65, 0: 4, 2: 3}","{1: 48, 0: 24}","{1: 63, 0: 2, 2: 7}",0.08274369991612616,0.03433035867124658,0.09162141450011305,0.1160727110727344,0.25054243782368424,0.059824731284276095,0.2869544685894499,0.15044721162437527,0.24242601458323998,0.0033468560644659643,0.30708659654189474,0.07202957532186156
10950,2,max_steps,3,4,0,2101.025406022504,3500,853.25,718.0,0.05,0.1,4.0701751708984375,29.426204681396484,-120.06954193115234,549.2756958007812,2000.0,108.01740602251436,2738,-6.991999999999452,0.0,0.0,0.6002929731492868,"{1: 76, 2: 54, 3: 14, 4: 76, 5: 92, 6: 38}","{1: 29, 2: 41, 3: 203, 5: 16, 6: 18, 4: 26, 0: 17}","{1: 299, 0: 21, 2: 30}","{1: 304, 0: 31, 2: 15}","{1: 288, 0: 22, 2: 40}","{1: 279, 2: 24, 0: 47}",0.07350734945540402,0.04011173731943532,0.08674656023487518,0.0997671123150649,0.17358571321459546,0.061129970606438995,0.21104274030189168,0.21229477553890871,0.20079956358636752,0.06110229182230706,0.20232673180482347,0.23394557470565375
10960,2,crash,3,2,1,738.5171527215188,1301,541.5,541.5,0.05,0.1,4.074045181274414,29.43311309814453,-113.75724029541016,546.0164794921875,1000.0,53.58004083869009,652,-2.5979999999999355,-12.464888117171045,-300.0,0.5676534609696532,"{4: 33, 5: 23, 6: 17, 0: 33, 1: 6, 2: 10, 3: 8}","{3: 97, 4: 11, 5: 22}","{1: 72, 2: 20, 0: 38}",{1: 130},"{1: 68, 0: 41, 2: 21}","{1: 78, 0: 22, 2: 30}",0.12988933279849363,0.016442076379238856,0.1762751110111071,0.13938118906085203,0.27617861663578824,0.042019622951731124,0.3181398273662411,0.2236933052142548,0.30192044745720215,0.052870618235228733,0.31989030061479096,0.3415788898473581
10970,2,success,3,5,0,2577.6546448635963,2148,429.6,472.0,0.05,0.1,4.086487293243408,29.44859504699707,-113.75724029541016,525.5066528320312,2500.0,81.94064486359964,2072,-4.28599999999975,0.0,0.0,1.2000254398806314,"{2: 67, 3: 68, 4: 37, 6: 35, 5: 7}","{3: 98, 0: 12, 1: 19, 2: 29, 4: 15, 6: 32, 5: 9}","{1: 190, 0: 4, 2: 20}","{1: 141, 0: 32, 2: 41}","{1: 181, 0: 14, 2: 19}","{1: 197, 2: 10, 0: 7}",0.061442589680509876,0.04526535357584467,0.0678254633055797,0.08454817055818498,0.15440156485023718,0.1117679465189998,0.19794147415854724,0.14595826800671424,0.13880654648241147,0.0923828651198896,0.19094745380511127,0.1504566573318216
10980,2,crash,3,3,1,1247.6651072597247,1748,544.3333333333334,496.0,0.05,0.1,4.096462726593018,29.504117965698242,-113.75724029541016,525.0107421875,1500.0,58.729501216794205,1227,-3.4899999999998372,-7.57439395706522,-300.0,0.7137672238327945,"{1: 70, 2: 40, 4: 14, 5: 17, 6: 26, 3: 7}","{3: 111, 0: 19, 1: 17, 2: 16, 6: 11}","{1: 114, 0: 43, 2: 17}","{1: 156, 0: 18}","{1: 111, 0: 44, 2: 19}","{1: 130, 0: 20, 2: 24}",0.07900185673090152,0.016548977658803345,0.13482731105915208,0.11447880804522197,0.21689825740959298,0.06010728596913648,0.2688115154587634,0.22862146927929028,0.2330346369672799,0.009564022010729914,0.2865960796013378,0.22935426511669008
10990,2,crash,3,3,1,1252.3594654275412,2724,803.0,772.0,0.05,0.1,4.1042799949646,29.502098083496094,-113.75724029541016,525.0107421875,1500.0,83.38319431639133,2286,-5.441999999999623,-25.581728888854293,-300.0,0.45975017086179926,"{5: 27, 4: 30, 3: 43, 2: 63, 0: 98, 1: 11}","{2: 40, 3: 117, 0: 12, 1: 27, 6: 49, 5: 18, 4: 9}","{1: 240, 2: 13, 0: 19}","{1: 207, 0: 31, 2: 34}","{1: 229, 2: 15, 0: 28}","{1: 237, 2: 6, 0: 29}",0.06292901596615603,0.045627357966081264,0.08172171639942541,0.08585453048733002,0.1575135332295809,0.07493868779811363,0.20530674748497085,0.15234366313709718,0.16068250024637182,0.06085617236449879,0.226090609522595,0.31249757383680665
11000,2,success,3,5,0,2623.5916466645026,3274,654.8,406.0,0.05,0.1,4.116487979888916,29.51814842224121,-119.69622039794922,519.004150390625,2500.0,130.12964666451035,2548,-6.537999999999502,0.0,0.0,0.8013413703923343,"{3: 27, 5: 70, 4: 42, 0: 27, 1: 5, 2: 43, 6: 113}","{1: 21, 2: 59, 3: 177, 6: 39, 5: 10, 4: 14, 0: 7}","{1: 243, 2: 50, 0: 34}","{1: 260, 0: 44, 2: 23}","{1: 246, 2: 48, 0: 33}","{1: 254, 2: 26, 0: 47}",0.06122278380001159,0.021787617062381835,0.08599600933085358,0.09732979656081962,0.21891599728195954,0.08276631114181214,0.2787680653138093,0.22546016622759008,0.2108867313383177,0.14592059274250424,0.17660933879426904,0.3251648307896002
11010,2,crash,3,1,1,218.22066475118004,560,470.0,470.0,0.05,0.1,4.1259942054748535,29.57554817199707,-126.14246368408203,534.4482421875,500.0,25.796755603464064,469,-1.1180000000000008,-6.4580908522847436,-300.0,0.38967975848425007,"{0: 33, 1: 7, 2: 6, 6: 10}","{4: 8, 3: 38, 1: 10}","{1: 30, 0: 26}","{1: 46, 2: 10}","{1: 27, 0: 29}","{1: 37, 0: 10, 2: 9}",0.12387819198379549,0.020950656659137944,0.18508760636162014,0.08497767533211777,0.29868472816291736,0.08111013592070593,0.3457560223724957,0.31643823443429897,0.3037134244841944,0.016952150461710086,0.3171275985561832,0.09585363741467232
11020,2,crash,3,2,1,709.768657613479,1420,607.0,607.0,0.05,0.1,4.129946708679199,29.59375762939453,-126.14246368408203,531.0422973632812,1000.0,26.698838004875036,1124,-2.8359999999999093,-14.094180391395057,-300.0,0.49983708282639366,"{2: 109, 3: 11, 1: 14, 4: 8}","{5: 6, 4: 33, 3: 82, 0: 21}","{1: 123, 0: 19}","{1: 130, 2: 12}","{1: 125, 0: 17}","{1: 131, 0: 1, 2: 10}",0.025622221234834687,0.030676796700478872,0.020309515528185055,0.04475894650775786,0.17396883054159062,0.05932571229055367,0.19843202616537445,0.14515760611253128,0.15361185417566997,0.023299819085900307,0.2502187608121129,0.06776450126408215
11030,2,crash,3,1,1,221.49847885873788,501,436.0,436.0,0.05,0.1,4.142027378082275,29.714323043823242,-126.14246368408203,534.6982421875,500.0,27.58288676145143,435,-1.0000000000000007,-5.084407902713891,-300.0,0.4421127322529698,"{0: 31, 1: 5, 2: 7, 6: 7}","{2: 14, 3: 36}","{1: 25, 0: 25}","{1: 44, 0: 6}","{1: 19, 0: 31}","{1: 35, 0: 9, 2: 6}",0.14748434220232595,0.016643454782227982,0.25599446264683523,0.1014043550452746,0.3200183740421358,0.0669458388725362,0.3657657544170492,0.23869666034409795,0.3217552459198226,0.025101155012023396,0.33811483126328107,0.10869236552851116
11040,2,max_steps,3,3,0,1588.9182025305481,3500,531.0,668.0,0.05,0.1,4.157166481018066,29.790138244628906,-126.14246368408203,555.0612182617188,1500.0,95.9122025305639,2729,-6.993999999999452,0.0,0.0,0.4539766292944423,"{5: 76, 4: 44, 3: 27, 2: 23, 0: 8, 1: 51, 6: 121}","{2: 56, 3: 196, 5: 21, 4: 32, 6: 4, 0: 36, 1: 5}","{1: 305, 2: 27, 0: 18}","{1: 286, 2: 22, 0: 42}","{1: 298, 2: 37, 0: 15}","{1: 302, 2: 12, 0: 36}",0.06331394755574571,0.023233387436643126,0.07830713616548153,0.07653347065006852,0.15617907019005411,0.10813808629635543,0.1962252757061713,0.15745235579188108,0.17314767220861116,0.09201649191139274,0.16185746019328912,0.20099875323357627
11050,2,max_steps,3,2,0,1078.7017051469356,3500,1647.0,1647.0,0.05,0.1,4.165988922119141,29.818288803100586,-126.14246368408203,534.8504028320312,1000.0,85.69770514693143,2176,-6.9959999999994515,0.0,0.0,0.3082004871848388,"{6: 74, 5: 79, 4: 117, 3: 59, 0: 21}","{3: 215, 2: 70, 1: 56, 4: 9}","{1: 327, 0: 14, 2: 9}","{1: 341, 0: 5, 2: 4}","{1: 287, 2: 32, 0: 31}","{1: 277, 2: 35, 0: 38}",0.0961805123657952,0.014396775862501286,0.12331033205036748,0.11080845199460912,0.14518449032021227,0.04406338188183705,0.19755512500422392,0.15848171524276516,0.11664672285338132,0.041725354366524275,0.11232839207026547,0.23474203568022664
11060,2,crash,3,1,1,167.8552074577562,1013,293.0,293.0,0.05,0.1,4.172531604766846,29.871540069580078,-126.14246368408203,548.91015625,500.0,18.342634458425078,570,-2.0239999999999987,-48.463427000671295,-300.0,0.16570109324556387,"{1: 17, 2: 11, 3: 1, 4: 7, 5: 7, 6: 58}","{3: 40, 4: 38, 5: 23}","{1: 75, 0: 26}","{1: 70, 0: 7, 2: 24}","{1: 75, 0: 26}","{1: 85, 0: 3, 2: 13}",0.07422477769004342,0.02883953768966432,0.10958448267279647,0.09573197632199706,0.2172208472841714,0.10990690971157648,0.24133148401421028,0.18107606353879496,0.21085435427153695,0.01267760605045038,0.2573100470902605,0.037292388800220566
11070,2,crash,3,2,1,729.4762612881873,3354,1406.0,1406.0,0.05,0.1,4.1799635887146,29.939340591430664,-126.14246368408203,558.9920654296875,1000.0,71.57112094134206,1878,-6.703999999999484,-35.39085965315144,-300.0,0.21749441302569686,"{1: 34, 2: 17, 3: 44, 4: 210, 6: 9, 5: 7, 0: 14}","{3: 157, 2: 83, 0: 24, 1: 17, 6: 54}","{1: 252, 0: 41, 2: 42}","{1: 297, 0: 37, 2: 1}","{1: 248, 0: 42, 2: 45}","{1: 281, 0: 28, 2: 26}",0.06782993588320987,0.021051087022234998,0.09721708446779401,0.0896751512778389,0.20420136072063944,0.0602619876352122,0.2504456562181793,0.19947092700885344,0.19731877549537635,0.026771955048018343,0.2642050368682513,0.148232208432146
11080,2,crash,3,1,1,209.87045669004743,514,275.0,275.0,0.05,0.1,4.198706150054932,30.033090591430664,-126.14246368408203,547.3217163085938,500.0,24.527422293037944,434,-1.0260000000000007,-13.630965602990369,-300.0,0.40830828149814674,"{1: 18, 2: 20, 3: 12, 4: 1}","{3: 27, 5: 3, 4: 21}","{1: 25, 0: 26}",{1: 51},"{1: 28, 0: 23}","{1: 33, 0: 2, 2: 16}",0.1580486281676274,0.012572788445976134,0.1641526903827804,0.14416666600791045,0.2592256165655815,0.025386478888150148,0.31352919753258474,0.2324329402369625,0.23081498140832124,0.007829254214728309,0.3275670632198475,0.04480575010808797
11090,2,crash,3,3,1,1238.5941839600955,2199,683.6666666666666,682.0,0.05,0.1,4.2067790031433105,30.059715270996094,-126.14246368408203,529.9393920898438,1500.0,52.458952242384576,1534,-4.391999999999738,-9.472768282285317,-300.0,0.5632533806094113,"{3: 65, 2: 123, 1: 17, 6: 14}","{0: 22, 1: 51, 2: 9, 3: 81, 5: 12, 4: 44}","{1: 201, 0: 18}","{1: 181, 0: 18, 2: 20}","{1: 196, 0: 23}","{1: 202, 2: 13, 0: 4}",0.06735443197869387,0.04229731740734003,0.09085664951176334,0.08388534438378834,0.1451734894155859,0.08292841859244482,0.18052416896845616,0.1484224172135166,0.13048014521040327,0.10752040573427417,0.2050829291271142,0.12323295470034532
11100,2,success,3,5,0,2618.060595451848,3240,648.0,437.0,0.05,0.1,4.224008083343506,30.1301326751709,-126.14246368408203,530.7833251953125,2500.0,150.91567003150953,2705,-6.4699999999995095,-26.385074579655132,0.0,0.8080433936579777,"{4: 90, 3: 49, 0: 48, 1: 13, 2: 14, 6: 99, 5: 11}","{1: 21, 2: 39, 3: 239, 6: 13, 5: 7, 4: 5}","{1: 247, 0: 61, 2: 16}","{1: 277, 0: 24, 2: 23}","{1: 229, 2: 23, 0: 72}","{1: 267, 0: 48, 2: 9}",0.09981741604853997,0.020614382033043832,0.11862105477967047,0.09259118071236022,0.2651780194871665,0.06343256515597923,0.31164400209958576,0.23119525494712367,0.13722027793017952,0.051116051465633944,0.1866342757436624,0.254992920970831
11110,2,crash,3,1,1,216.79466199884337,698,594.0,594.0,0.05,0.1,4.226410865783691,30.110614776611328,-126.57492065429688,530.7833251953125,500.0,24.640841469087665,593,-1.394000000000001,-6.452179470245,-300.0,0.31059407163158076,"{0: 44, 1: 8, 2: 6, 3: 3, 4: 7, 5: 1}","{5: 12, 4: 15, 3: 32, 1: 7, 2: 3}","{1: 44, 0: 25}","{1: 57, 2: 12}","{1: 42, 0: 27}","{1: 50, 0: 10, 2: 9}",0.0191926083217327,0.04139075212357728,0.07130354884671608,0.053483173950891,0.3050924386494707,0.06079364228214139,0.35930326980591015,0.31146158349954983,0.31440110101597124,0.017387489159918168,0.35753093050028123,0.08666440292776853
11120,2,crash,3,4,1,1770.2438608382852,3376,814.75,761.5,0.05,0.1,4.236225128173828,30.191396713256836,-126.14246368408203,527.9591674804688,2000.0,83.69059620261254,2295,-6.743999999999479,-6.70273536432823,-300.0,0.5243613331866959,"{3: 126, 2: 34, 6: 37, 5: 11, 4: 51, 1: 31, 0: 47}","{4: 51, 3: 197, 1: 6, 2: 62, 5: 21}","{1: 274, 2: 18, 0: 45}","{1: 300, 2: 25, 0: 12}","{1: 262, 2: 26, 0: 49}","{1: 284, 2: 21, 0: 32}",0.024859097750034226,0.021738497121861093,0.04234093990454779,0.04317324477188674,0.18058829020532957,0.06100243269749187,0.22618857105563409,0.16530573782142197,0.00643342784973548,0.05197957207944639,0.018148960970779466,0.02822834608187769
11130,2,crash,3,1,1,224.26499157671964,1269,1142.0,1142.0,0.05,0.1,4.244979381561279,30.286130905151367,-126.14246368408203,558.288330078125,500.0,39.75833601879737,874,-2.5359999999999423,-12.957344442078321,-300.0,0.1767257616837822,"{6: 45, 5: 25, 4: 42, 3: 2, 2: 12}","{5: 9, 4: 7, 3: 98, 0: 12}","{1: 91, 2: 35}","{1: 107, 2: 17, 0: 2}","{1: 77, 2: 39, 0: 10}","{1: 72, 2: 24, 0: 30}",0.09984053549109972,0.03272448753224713,0.13657074389295326,0.13779495374079498,0.19085621882624448,0.08618640641749832,0.23313078233965934,0.28413876864715215,0.19072122602284086,0.058487501159618704,0.21677984280310594,0.22550376075349107
11140,2,crash,3,0,1,-326.7174861609051,995,,,0.05,0.1,4.258301734924316,30.347158432006836,-138.1521759033203,508.3668518066406,0.0,13.762443030863398,616,-1.9900000000000015,-38.489929191768475,-300.0,-0.32835928257377395,"{2: 77, 1: 22}","{6: 16, 5: 9, 4: 15, 3: 47, 2: 12}",{1: 99},"{1: 77, 2: 22}",{1: 99},"{1: 93, 2: 6}",0.06118864102509737,0.0468468827000714,0.08049914548011544,0.10567593112451773,0.09463310815335232,0.07491894929903468,0.13008557778195853,0.14697563993821042,0.05944395388485166,0.04091827332614499,0.12941653178597173,0.14601030693556682
11150,2,success,3,5,0,2614.8134157851587,2504,500.8,614.0,0.05,0.1,4.27405309677124,30.442001342773438,-138.1521759033203,522.9075927734375,2500.0,119.81141578515991,2266,-4.997999999999672,0.0,0.0,1.0442545590196322,"{3: 50, 6: 103, 5: 17, 4: 21, 0: 33, 1: 6, 2: 20}","{0: 11, 1: 12, 2: 33, 3: 120, 6: 22, 5: 7, 4: 45}","{1: 184, 2: 31, 0: 35}","{1: 178, 0: 37, 2: 35}","{1: 182, 2: 33, 0: 35}","{1: 206, 2: 14, 0: 30}",0.047593267137004736,0.037100231475139175,0.06455771369877272,0.06487960690238136,0.2261532930140694,0.13732477687106498,0.2762824771983168,0.1993456997456035,0.1464018012588265,0.13292661680230256,0.1193426212781113,0.330613525500128
11160,2,crash,3,2,1,727.5632658699451,1481,678.5,678.5,0.05,0.1,4.28562593460083,30.519256591796875,-138.1521759033203,535.8512573242188,1000.0,38.85327836199636,1384,-2.957999999999896,-8.332012492050321,-300.0,0.49126486554351456,"{1: 69, 2: 65, 3: 9, 4: 5}","{0: 12, 1: 31, 2: 9, 3: 56, 6: 7, 5: 17, 4: 16}","{1: 128, 0: 20}","{1: 111, 0: 27, 2: 10}","{1: 129, 0: 19}","{1: 135, 0: 2, 2: 11}",0.01794398154351388,0.054756718225363724,0.028636942885957146,0.03199335860735515,0.1824206161818918,0.062434995499011825,0.21598337162367667,0.1481319229049797,0.21182211923936356,0.014168469187128203,0.30156701490299936,0.08960128552663955
11170,2,crash,3,1,1,219.89909589212164,807,709.0,709.0,0.05,0.1,4.29559326171875,30.55858039855957,-138.1521759033203,539.7962036132812,500.0,29.964728543156916,708,-1.6120000000000012,-8.453632651035859,-300.0,0.27248958598775913,"{0: 55, 1: 7, 2: 8, 6: 10}","{5: 12, 4: 9, 3: 59}","{1: 49, 0: 31}","{1: 61, 2: 17, 0: 2}","{1: 50, 0: 30}","{1: 71, 0: 5, 2: 4}",0.04989666174488916,0.044648427832930083,0.10046816849643245,0.048215637259319155,0.22933984166008906,0.094020038632245,0.26559106071720623,0.15033722158460688,0.23157664232835584,0.007867682795829162,0.21680250854967079,0.05393505708624038
11180,2,max_steps,3,2,0,1035.353107854808,3500,1712.5,1712.5,0.05,0.1,4.295827388763428,30.51215934753418,-138.1521759033203,541.517333984375,1000.0,46.922953420691584,2165,-6.9959999999994515,-4.573845565882703,0.0,0.2958151736728023,"{2: 291, 3: 7, 6: 31, 5: 6, 4: 7, 0: 8}","{5: 7, 4: 16, 3: 280, 2: 39, 0: 8}","{1: 320, 2: 30}","{1: 337, 2: 13}","{1: 322, 2: 28}","{1: 332, 2: 3, 0: 15}",0.008682070394068982,0.014761331527553666,0.010167715453043716,0.018019200198828383,0.09250193479402034,0.05441234551914515,0.1009621932460859,0.08922356485331816,0.03201145633470821,0.0166579940955157,0.042851436161373865,0.033297335579886386
11190,2,crash,3,2,1,736.7791272193538,2023,956.0,956.0,0.05,0.1,4.308186054229736,30.602807998657227,-138.1521759033203,544.4190673828125,1000.0,46.86271076474349,1671,-4.041999999999777,-6.041583545389475,-300.0,0.36420124924337804,"{4: 113, 3: 28, 0: 44, 1: 7, 2: 10}","{1: 10, 2: 122, 3: 44, 4: 15, 6: 11}","{1: 174, 0: 28}","{1: 182, 0: 10, 2: 10}","{1: 172, 0: 30}","{1: 191, 0: 1, 2: 10}",0.01460137356323441,0.013701236177101658,0.01203595011590367,0.021695990810581222,0.24120662304063645,0.05979602234067016,0.2683111020771593,0.13948915337219048,0.31918492563959294,0.06061386266489009,0.36132476535940566,0.08096496832533741
11200,2,success,3,5,0,2581.65247802396,2686,537.2,485.0,0.05,0.1,4.321847438812256,30.660140991210938,-138.1521759033203,543.3359375,2500.0,112.10451298274319,2504,-5.3619999999996315,-25.09003495878007,0.0,0.961151332101251,"{3: 37, 4: 97, 5: 21, 2: 23, 1: 36, 0: 54}","{0: 9, 1: 8, 2: 34, 3: 134, 6: 52, 5: 10, 4: 21}","{1: 214, 2: 22, 0: 32}","{1: 191, 0: 35, 2: 42}","{1: 208, 2: 24, 0: 36}","{1: 236, 0: 26, 2: 6}",0.06229560730232272,0.050976486661419726,0.07933763771754111,0.07834051834011803,0.17259378517920057,0.10404229795071317,0.24118747104527777,0.15272204641381304,0.17546124248792297,0.06213264315681456,0.24401320942387078,0.14535489576858956
11210,2,max_steps,3,1,0,539.6333249223616,3500,814.0,814.0,0.05,0.1,4.341983795166016,30.734949111938477,-138.1521759033203,545.0328979492188,500.0,46.631324922350174,2047,-6.997999999999451,0.0,0.0,0.1541809499778176,"{3: 164, 4: 173, 5: 13}","{1: 8, 2: 30, 3: 208, 6: 31, 5: 5, 4: 68}","{1: 335, 2: 15}","{1: 300, 0: 14, 2: 36}","{1: 335, 2: 15}","{1: 337, 2: 3, 0: 10}",0.011738233976535145,0.018317632930623155,0.01645774519835596,0.017226506391393656,0.0924177336749279,0.0909817363378174,0.11840118385434527,0.126393539927607,0.044846658763040656,0.055967259630279174,0.07473391914092362,0.08376355386794554
11220,2,crash,3,2,1,731.9044640408345,1108,453.0,453.0,0.05,0.1,4.3607025146484375,30.844419479370117,-138.1521759033203,525.202392578125,1000.0,46.410583308573656,741,-2.211999999999978,-12.29411926773654,-300.0,0.6605635957047242,"{5: 32, 4: 20, 0: 37, 1: 5, 2: 6, 3: 1, 6: 9}","{4: 14, 3: 76, 0: 20}","{1: 59, 2: 12, 0: 39}","{1: 109, 2: 1}","{1: 59, 2: 14, 0: 37}","{1: 76, 2: 17, 0: 17}",0.13797266784425535,0.02034114061357894,0.16157883620097088,0.13868332179742446,0.31094147574154635,0.053542465902908884,0.35342115746595565,0.20577533653446506,0.33123472184393016,0.022748938394741,0.30026414266413826,0.1854535295258108
11230,2,max_steps,3,3,0,1619.7813794933252,3500,995.6666666666666,1198.0,0.05,0.1,4.371985912322998,30.887310028076172,-138.1521759033203,533.634521484375,1500.0,126.83589864298027,2624,-6.993999999999452,-0.06051914965139052,0.0,0.46279467985523576,"{4: 56, 5: 9, 2: 147, 1: 55, 0: 23, 3: 18, 6: 42}","{6: 9, 5: 10, 4: 6, 3: 202, 0: 31, 1: 85, 2: 7}","{1: 274, 2: 44, 0: 32}","{1: 310, 2: 20, 0: 20}","{1: 259, 2: 53, 0: 38}","{1: 307, 2: 16, 0: 27}",0.06723711571207623,0.016149306400276654,0.08850412945101455,0.0688839694804794,0.22366895176659915,0.06752590286539811,0.2657561430170754,0.15536085232041408,0.1878896800820522,0.13165857368334125,0.242215321491184,0.1394739227874953
11240,2,crash,3,1,1,188.02451681438367,1796,620.0,620.0,0.05,0.1,4.380423545837402,30.904367446899414,-138.1521759033203,533.634521484375,500.0,30.531632337683668,934,-3.589999999999826,-38.91711552330624,-300.0,0.10469071092114904,"{1: 50, 2: 11, 5: 1, 6: 117}","{5: 14, 4: 26, 3: 130, 2: 9}","{1: 158, 0: 21}","{1: 156, 2: 8, 0: 15}","{1: 151, 0: 25, 2: 3}","{1: 155, 0: 10, 2: 14}",0.04963746419166607,0.04089215072544937,0.06897156185827781,0.07703750935101893,0.16047419564595053,0.06076755513799049,0.19836062291440307,0.15175573052628835,0.20130717516819985,0.010255775964121722,0.2365075961364055,0.022774794102618928
11250,2,success,3,5,0,2599.8848256618458,2972,594.4,466.0,0.05,0.1,4.3888654708862305,30.934030532836914,-138.1521759033203,530.2589721679688,2500.0,105.81882566184665,2708,-5.9339999999995685,0.0,0.0,0.8747930099804326,"{1: 31, 2: 11, 3: 67, 4: 126, 5: 62}","{2: 20, 3: 99, 6: 81, 5: 19, 4: 20, 0: 41, 1: 17}","{1: 247, 0: 22, 2: 28}","{1: 193, 0: 58, 2: 46}","{1: 246, 0: 21, 2: 30}","{1: 266, 0: 24, 2: 7}",0.03390966443451042,0.055994577377633636,0.054247738308691694,0.05560795012633351,0.16828462203827835,0.14658289949641057,0.20626762752450195,0.15094509205037718,0.18894431478717516,0.18714665716151233,0.2407938126597174,0.1659949214073146
11260,2,crash,3,1,1,235.52126010465253,1673,215.0,215.0,0.05,0.1,4.406732082366943,31.053251266479492,-138.1521759033203,533.8232421875,500.0,51.24780711274859,1184,-3.3439999999998533,-12.382547008100106,-300.0,0.14077780042119098,"{3: 31, 6: 65, 5: 9, 4: 55, 2: 7}","{0: 7, 1: 8, 2: 5, 3: 105, 6: 30, 5: 6, 4: 6}","{1: 136, 2: 31}","{1: 110, 0: 28, 2: 29}","{1: 135, 2: 32}","{1: 121, 2: 16, 0: 30}",0.030194356824910278,0.027500520254155936,0.044998823907505515,0.0733734032501992,0.1819272767388801,0.15714256896581544,0.23022909080412748,0.2102500890272385,0.2024630659052875,0.10318292544560273,0.23834179544235584,0.2338262238017721
11270,2,max_steps,3,4,0,2160.3666771010794,3500,526.25,444.5,0.05,0.1,4.426700115203857,31.11951446533203,-138.1521759033203,526.711669921875,2000.0,167.35867710104722,2439,-6.991999999999452,0.0,0.0,0.6172476220288798,"{0: 50, 1: 14, 2: 16, 3: 57, 6: 104, 5: 43, 4: 66}","{3: 264, 2: 8, 6: 13, 5: 7, 4: 20, 0: 32, 1: 6}","{1: 226, 0: 64, 2: 60}","{1: 294, 2: 24, 0: 32}","{1: 201, 0: 80, 2: 69}","{1: 248, 0: 57, 2: 45}",0.10860200508051004,0.01362807029369169,0.15498371484616427,0.12552576317057276,0.25722939812393575,0.12968356898266742,0.3046886716348221,0.2493262895692812,0.21293221316926256,0.0515574958981837,0.27593719660959426,0.3426294260489975
11280,2,max_steps,3,4,0,2125.50173024319,3500,824.5,587.5,0.05,0.1,4.432863712310791,31.07798194885254,-138.1521759033203,526.711669921875,2000.0,132.49373024318905,2231,-6.991999999999452,0.0,0.0,0.6072862086409114,"{6: 68, 5: 40, 4: 109, 3: 20, 2: 33, 0: 73, 1: 7}","{2: 47, 3: 261, 5: 10, 4: 11, 0: 21}","{1: 253, 2: 59, 0: 38}","{1: 315, 0: 19, 2: 16}","{1: 247, 2: 64, 0: 39}","{1: 215, 2: 60, 0: 75}",0.08779593383680492,0.01626052389862325,0.13092547436507812,0.14040974044068977,0.21399636190276505,0.0599644736662291,0.27217150206261265,0.22751127980778382,0.21583491144891595,0.05739907255827434,0.20123191726426498,0.18499964744394856
11290,2,crash,3,3,1,1237.0160892896492,2481,799.0,852.0,0.05,0.1,4.444157600402832,31.125356674194336,-138.1521759033203,524.4088134765625,1500.0,48.676783107590374,1870,-4.955999999999676,-6.704693817945938,-300.0,0.4985957635186011,"{4: 32, 3: 11, 2: 122, 5: 19, 6: 55, 0: 9}","{3: 116, 5: 7, 4: 116, 0: 9}","{1: 213, 2: 19, 0: 16}","{1: 246, 2: 2}","{1: 204, 0: 16, 2: 28}","{1: 220, 0: 12, 2: 16}",0.05877456573165847,0.016625057927941556,0.05085331628527154,0.06738277132090201,0.1823542829335414,0.038926454261502534,0.22776043056313627,0.1555049363452382,0.2324170718663383,0.027360884882143003,0.3082657771844911,0.07547268920799982
11300,2,crash,3,1,1,187.12766970269968,922,654.0,654.0,0.05,0.1,4.455974102020264,31.187395095825195,-138.1521759033203,517.7327270507812,500.0,32.976073037762774,745,-1.8420000000000014,-44.006403335063354,-300.0,0.20295842700943567,"{0: 51, 1: 6, 2: 8, 6: 27}","{0: 11, 1: 6, 2: 6, 3: 42, 6: 27}","{1: 67, 0: 25}","{1: 61, 0: 31}","{1: 64, 0: 24, 2: 4}","{1: 68, 0: 6, 2: 18}",0.06045463309928224,0.03600114631241205,0.11715429488907589,0.09540425286227246,0.24881710660020362,0.1543963052568779,0.2997313056427064,0.2283333090830472,0.2579856773150921,0.02851071314382738,0.19664298639894925,0.2325797786065851
11310,2,max_steps,3,3,0,1624.662269797787,3500,603.3333333333334,666.0,0.05,0.1,4.476386547088623,31.31773567199707,-138.1521759033203,520.2972412109375,1500.0,139.37151474322945,2624,-6.993999999999452,-7.7152449454256695,0.0,0.4641892199422249,"{3: 120, 0: 100, 1: 25, 2: 19, 6: 54, 5: 5, 4: 27}","{6: 5, 5: 102, 4: 69, 3: 139, 0: 23, 1: 6, 2: 6}","{1: 251, 0: 59, 2: 40}","{1: 249, 2: 66, 0: 35}","{1: 252, 0: 60, 2: 38}","{1: 317, 0: 27, 2: 6}",0.029896033286491923,0.035138128214586374,0.03918926791016266,0.03353370816878461,0.24976905037858793,0.11823578284018435,0.27600890051265375,0.14861512958897588,0.03362853296238778,0.06084462008596473,0.03818771635007675,0.03431129639317031
11320,2,crash,3,4,1,1750.5622623381228,1848,446.25,444.5,0.05,0.1,4.492883205413818,31.43806266784668,-138.1521759033203,533.7203369140625,2000.0,60.322489910006965,1576,-3.6879999999998154,-6.072227571883148,-300.0,0.9472739514816682,"{3: 60, 4: 71, 2: 10, 5: 37, 0: 6}","{5: 26, 4: 24, 3: 70, 0: 25, 1: 9, 2: 24, 6: 6}","{1: 166, 2: 18}","{1: 111, 2: 34, 0: 39}","{1: 156, 2: 28}","{1: 171, 0: 10, 2: 3}",0.049976803178757204,0.05007307962933111,0.06809559115915415,0.07470517811349925,0.14543627212076404,0.12665322053713,0.22930578005294724,0.14538146030208043,0.24897465336050636,0.14963722090963974,0.2972592202967029,0.08337500983329338
11330,2,max_steps,3,0,0,28.30927733777648,3500,,,0.05,0.1,4.508462429046631,31.49307632446289,-138.1521759033203,530.2000732421875,0.0,35.30927733777664,1538,-6.999999999999451,0.0,0.0,0.008088364953650423,"{6: 24, 5: 41, 4: 285}","{3: 330, 2: 20}","{1: 342, 2: 8}","{1: 346, 0: 4}","{1: 333, 2: 17}","{1: 329, 0: 7, 2: 14}",0.009464263830261409,0.012318906233454191,0.014654819903468197,0.021903709927071628,0.09599412289250824,0.04130299731343768,0.12261644773753846,0.1387623382864648,0.023014855353332152,0.05877959522528583,0.08093929039353744,0.06211419610610344
11340,2,crash,3,1,1,216.81114529134686,948,816.0,816.0,0.05,0.1,4.514720916748047,31.514406204223633,-138.1521759033203,530.2000732421875,500.0,26.570524099562597,826,-1.8940000000000015,-7.8653788082160565,-300.0,0.2287037397588047,"{0: 64, 1: 9, 2: 9, 3: 9, 4: 3}","{6: 15, 5: 18, 4: 9, 3: 39, 0: 13}","{1: 66, 0: 28}","{1: 74, 2: 20}","{1: 66, 0: 28}","{1: 77, 0: 9, 2: 8}",0.007901493196019155,0.043583378573472234,0.009915879359084235,0.007965253055817384,0.24768755656141295,0.09055417547230674,0.28081478035087626,0.20969722705539973,0.252965604741731,0.003211418117932389,0.2653198230019417,0.0635490567608796
11350,2,crash,3,2,1,765.5370034161061,2648,1283.0,1283.0,0.05,0.1,4.518968105316162,31.54422950744629,-138.1521759033203,530.2000732421875,1000.0,78.19807955262796,1668,-5.291999999999639,-7.369076136526032,-300.0,0.2891000768187712,"{1: 82, 2: 20, 3: 4, 6: 117, 5: 33, 4: 8}","{2: 11, 3: 245, 5: 8}","{1: 190, 0: 20, 2: 54}","{1: 263, 0: 1}","{1: 180, 0: 20, 2: 64}","{1: 201, 2: 25, 0: 38}",0.06930764407193996,0.01237888306497685,0.10882661650385461,0.10073296886294796,0.21197570557367132,0.03664170377205753,0.26514314792509563,0.22826106140593627,0.2524222850624308,0.013603625760230508,0.300904249302262,0.07838055956958989
11360,2,max_steps,3,3,0,1599.6597842746432,3500,788.0,362.0,0.05,0.1,4.540161609649658,31.683528900146484,-138.1521759033203,524.467041015625,1500.0,106.65378427464206,2870,-6.993999999999452,0.0,0.0,0.45704565264989805,"{1: 15, 2: 30, 3: 30, 6: 147, 5: 44, 4: 84}","{3: 196, 2: 45, 6: 18, 5: 10, 4: 7, 0: 56, 1: 18}","{1: 301, 0: 21, 2: 28}","{1: 273, 2: 35, 0: 42}","{1: 295, 0: 21, 2: 34}","{1: 305, 0: 30, 2: 15}",0.051086953423668174,0.03214591802606827,0.06991297877577723,0.07094595760650022,0.17395452078074786,0.09782277581113483,0.20990885343199725,0.1602848506352576,0.20719189049119816,0.14124833692825928,0.25179252282888753,0.19508275841802733
11370,2,max_steps,3,4,0,2090.900907648017,3500,732.0,766.5,0.05,0.1,4.55375337600708,31.78676414489746,-138.1521759033203,524.467041015625,2000.0,121.48361034482483,2856,-6.991999999999452,-23.590702696808957,0.0,0.5974002593280049,"{1: 48, 2: 61, 3: 31, 5: 52, 6: 57, 4: 43, 0: 58}","{4: 14, 3: 125, 0: 44, 1: 25, 2: 62, 6: 70, 5: 10}","{1: 277, 0: 32, 2: 41}","{1: 236, 0: 63, 2: 51}","{1: 263, 0: 42, 2: 45}","{1: 271, 0: 44, 2: 35}",0.06469367408605423,0.02884474339943597,0.08750047568781819,0.0962831630805485,0.18415952927312657,0.11974638145135512,0.25610995297223943,0.24096692915182086,0.19721057119962718,0.11993415651051449,0.1618762913894105,0.16028247336983042
11380,2,success,3,5,0,2601.383844419757,3218,643.6,453.0,0.05,0.1,4.572391986846924,31.877513885498047,-138.1521759033203,527.9991455078125,2500.0,107.80984441977289,2588,-6.425999999999514,0.0,0.0,0.8083852841577865,"{3: 89, 1: 21, 2: 25, 4: 149, 6: 28, 5: 9}","{6: 4, 5: 15, 4: 20, 3: 194, 0: 24, 1: 25, 2: 39}","{1: 272, 0: 24, 2: 25}","{1: 225, 2: 38, 0: 58}","{1: 248, 0: 26, 2: 47}","{1: 291, 0: 19, 2: 11}",0.06821074963949905,0.04065162758741415,0.08414335000170341,0.095186258011568,0.157048445116668,0.10619757810504873,0.20826565458328405,0.14915164272483045,0.16435625888671945,0.13115765470592738,0.200974020162964,0.15223391983260634
11390,2,crash,3,4,1,1757.764406730614,3059,744.0,616.0,0.05,0.1,4.596065998077393,31.93008804321289,-138.1521759033203,525.071533203125,2000.0,108.08214771614612,2593,-6.109999999999549,-44.2077409855316,-300.0,0.5746205971659412,"{5: 45, 4: 54, 3: 30, 2: 45, 0: 117, 1: 6, 6: 8}","{5: 28, 4: 36, 3: 178, 0: 27, 1: 7, 2: 5, 6: 24}","{1: 247, 2: 17, 0: 41}","{1: 226, 2: 42, 0: 37}","{1: 240, 2: 22, 0: 43}","{1: 238, 2: 31, 0: 36}",0.05432232681478721,0.04641145136142349,0.07028220284260563,0.07940530466017715,0.20232030215688132,0.10262580476608289,0.2749722597943112,0.2218140844774026,0.23458256240178021,0.08863822731099626,0.21335031260920065,0.2171134331839373
11400,2,max_steps,3,3,0,1596.62681035572,3500,412.3333333333333,381.0,0.05,0.1,4.617610931396484,32.01638412475586,-138.1521759033203,518.341064453125,1500.0,105.2244924234286,2326,-6.993999999999452,-1.6036820676758017,0.0,0.45617908867306284,"{1: 20, 2: 72, 3: 20, 4: 55, 6: 133, 5: 50}","{3: 254, 2: 56, 5: 14, 4: 6, 1: 20}","{1: 264, 0: 44, 2: 42}","{1: 320, 0: 10, 2: 20}","{1: 236, 0: 60, 2: 54}","{1: 213, 0: 66, 2: 71}",0.08875107516618799,0.015891111575523073,0.11758648963711518,0.14135551118385398,0.18032050404185465,0.05958713015625386,0.27117480782277914,0.33335806803017404,0.14128884120337415,0.147910218422697,0.17914827270262831,0.11138310313427643
11410,2,crash,3,2,1,728.7809568549563,2040,805.5,805.5,0.05,0.1,4.632096767425537,32.0673828125,-138.1521759033203,537.056640625,1000.0,53.46706544843749,1590,-4.075999999999773,-20.610108593480472,-300.0,0.35724556708576294,"{4: 66, 3: 6, 0: 81, 1: 6, 2: 7, 5: 36, 6: 2}","{0: 47, 1: 17, 2: 16, 3: 74, 6: 23, 5: 18, 4: 9}","{1: 176, 0: 28}","{1: 160, 0: 20, 2: 24}","{1: 169, 0: 35}","{1: 172, 0: 18, 2: 14}",0.042983081435744655,0.04480041295218126,0.07255679944633847,0.06288129673370078,0.2014850260164188,0.06335838423119229,0.2503981936400772,0.22194521139336423,0.24949004354899643,0.0388910463613827,0.1691812251557098,0.2262316726838424
11420,2,max_steps,3,3,0,1571.3413904095423,3500,641.6666666666666,738.0,0.05,0.1,4.639556407928467,32.03110885620117,-138.1521759033203,545.8309326171875,1500.0,99.31482391191405,2287,-6.993999999999452,-20.979433502355356,0.0,0.448954682974155,"{4: 99, 5: 66, 6: 71, 3: 5, 1: 56, 2: 53}","{3: 290, 4: 11, 0: 18, 1: 15, 2: 16}","{1: 307, 2: 12, 0: 31}","{1: 317, 2: 5, 0: 28}","{1: 278, 0: 46, 2: 26}","{1: 286, 2: 41, 0: 23}",0.0822449465107597,0.0171072503591298,0.0983946029307252,0.10296892979472497,0.1518480298937878,0.05970954736746809,0.20180160925151436,0.15418806489113657,0.15679738477938354,0.033374661525670445,0.18167517114956408,0.1499840177658928
11430,2,crash,3,3,1,1256.1703320532883,2216,661.3333333333334,627.0,0.05,0.1,4.647512435913086,32.106807708740234,-138.1521759033203,542.364013671875,1500.0,75.63250788920524,1801,-4.425999999999735,-15.03617583591201,-300.0,0.566863868255094,"{5: 29, 6: 38, 4: 16, 3: 33, 0: 23, 1: 16, 2: 66}","{6: 22, 5: 18, 4: 21, 3: 141, 2: 19}","{1: 193, 2: 11, 0: 17}","{1: 174, 2: 33, 0: 14}","{1: 185, 2: 12, 0: 24}","{1: 195, 2: 8, 0: 18}",0.06013694277237503,0.025343388262235006,0.05875001915402613,0.09015317714231233,0.15478151899270753,0.08691076892539372,0.20442622621081524,0.15116386444243113,0.1284605107372261,0.0637392169461794,0.12570063719365188,0.14931744704679542
11440,2,max_steps,3,3,0,1516.7626283489935,3500,1155.6666666666667,1367.0,0.05,0.1,4.659966945648193,32.11045837402344,-138.1521759033203,558.2496948242188,1500.0,69.35327507009548,2970,-6.993999999999452,-45.59664672110524,0.0,0.4333607509568553,"{2: 74, 3: 34, 4: 138, 1: 104}","{0: 63, 1: 34, 2: 46, 3: 137, 6: 50, 5: 9, 4: 11}","{1: 342, 0: 8}","{1: 218, 0: 91, 2: 41}","{1: 328, 0: 22}","{1: 340, 2: 8, 0: 2}",0.02615392165623292,0.057713929984099466,0.0314459536071396,0.02987931863196266,0.11133399598564146,0.07042953448334614,0.13353846961493848,0.13437625137619505,0.140902146602737,0.09445250692687727,0.2038590519973638,0.14748649456585888
11450,2,max_steps,3,0,0,40.24130159588087,3500,,,0.05,0.1,4.669256687164307,32.069332122802734,-138.1521759033203,540.8447875976562,0.0,47.24130159588097,1520,-6.999999999999451,0.0,0.0,0.011497514741680249,"{6: 40, 5: 54, 4: 241, 3: 15}","{2: 15, 3: 307, 4: 28}","{1: 344, 2: 6}","{1: 326, 2: 7, 0: 17}","{1: 327, 2: 23}","{1: 319, 2: 20, 0: 11}",0.0366218814512575,0.01883516494876604,0.04577658827794051,0.05598347046030684,0.12253292481689179,0.05763600564914367,0.15969341899527065,0.14907623941036335,0.06313613454897855,0.04719982331572075,0.11455708023984858,0.1277280130069668
11460,2,max_steps,3,2,0,1101.060906650662,3500,977.0,977.0,0.05,0.1,4.694061756134033,32.20528793334961,-138.1521759033203,538.1231079101562,1000.0,128.27469812787731,2603,-6.9959999999994515,-20.2177914772014,0.0,0.31458883047161773,"{5: 95, 4: 28, 3: 7, 0: 97, 1: 7, 2: 9, 6: 107}","{0: 11, 1: 16, 2: 16, 3: 226, 4: 50, 6: 23, 5: 8}","{1: 286, 2: 30, 0: 34}","{1: 293, 0: 23, 2: 34}","{1: 261, 2: 41, 0: 48}","{1: 252, 2: 52, 0: 46}",0.08104871276586371,0.029247084933067338,0.1160067643939936,0.12066974199494791,0.17568897098344516,0.06421344915968391,0.23283512552507987,0.1838552187026201,0.19442511601674617,0.019493032890779482,0.122889852003836,0.3273351226484419
11470,2,max_steps,3,4,0,2105.9176646930196,3500,551.75,560.5,0.05,0.1,4.711699962615967,32.28227233886719,-138.1521759033203,552.1976928710938,2000.0,112.9096646930083,2605,-6.991999999999452,0.0,0.0,0.6016907613408627,"{4: 50, 5: 57, 6: 93, 3: 61, 1: 9, 0: 16, 2: 64}","{1: 28, 2: 39, 3: 229, 6: 23, 5: 9, 4: 7, 0: 15}","{1: 280, 2: 48, 0: 22}","{1: 280, 0: 27, 2: 43}","{1: 277, 2: 52, 0: 21}","{1: 267, 0: 43, 2: 40}",0.032830915508680766,0.02284210835165394,0.05334828950263365,0.07519431938131177,0.19390754449460842,0.06330387495533953,0.24520417156973623,0.21281359766919877,0.2162716967615467,0.14962967623150636,0.1581431911484532,0.24935956495415468
11480,2,max_steps,3,3,0,1521.7920063566114,3500,813.6666666666666,932.0,0.05,0.1,4.72398567199707,32.33835220336914,-138.1521759033203,556.1879272460938,1500.0,69.16399745383202,2402,-6.993999999999452,-40.37799109721057,0.0,0.434797716101889,"{2: 88, 3: 75, 1: 39, 0: 42, 6: 106}","{5: 29, 4: 97, 3: 174, 0: 10, 1: 8, 2: 6, 6: 26}","{1: 349, 2: 1}","{1: 253, 2: 49, 0: 48}","{1: 340, 2: 10}","{1: 337, 2: 6, 0: 7}",0.03985816574794309,0.04804652626604525,0.04710740284245632,0.0453985764796642,0.09741427286338558,0.10123221946946462,0.11946335969690057,0.14004629118314887,0.06742351474068646,0.06222267246059934,0.09838982758242124,0.05452520781989552
11490,2,max_steps,3,3,0,1591.9849189138172,3500,968.3333333333334,1044.0,0.05,0.1,4.735506057739258,32.35093688964844,-138.1521759033203,528.5603637695312,1500.0,107.53345389691715,2637,-6.993999999999452,-8.55453498308946,0.0,0.45485283397537635,"{1: 49, 2: 9, 3: 37, 4: 94, 5: 76, 6: 25, 0: 60}","{1: 18, 2: 36, 3: 268, 4: 26, 5: 2}","{1: 272, 0: 45, 2: 33}","{1: 323, 0: 14, 2: 13}","{1: 252, 0: 46, 2: 52}","{1: 228, 0: 71, 2: 51}",0.07124058727273527,0.016067431868772627,0.10667240258171792,0.12000227481040224,0.19576317672072552,0.05734681031957259,0.25888620143422253,0.3088007603009996,0.2593738939491087,0.11463329131233493,0.26499150053082804,0.20518011627720473
11500,2,crash,3,2,1,767.5015804748057,2524,812.0,812.0,0.05,0.1,4.742960453033447,32.37797546386719,-138.1521759033203,534.9139404296875,1000.0,100.46985016027655,1840,-5.0439999999996665,-27.924269685474744,-300.0,0.30408145026735567,"{2: 40, 3: 4, 6: 77, 5: 28, 4: 32, 0: 64, 1: 7}","{3: 211, 2: 13, 0: 18, 1: 7, 4: 3}","{1: 178, 0: 39, 2: 35}","{1: 202, 0: 50}","{1: 154, 0: 50, 2: 48}","{1: 152, 0: 54, 2: 46}",0.10398660470987477,0.02260245805853782,0.13743122461639376,0.13960108986512038,0.2056994415886129,0.08083069380855708,0.26747632480178474,0.28380867046375186,0.20215952899675999,0.02765942688054059,0.24530665656336953,0.2994319076381586
11510,2,max_steps,3,1,0,538.9567669332989,3500,610.0,610.0,0.05,0.1,4.7492356300354,32.371002197265625,-138.1521759033203,538.74658203125,500.0,45.954766933290706,2576,-6.997999999999451,0.0,0.0,0.15398764769522827,"{0: 37, 1: 10, 2: 13, 4: 282, 3: 8}","{0: 6, 1: 9, 2: 6, 3: 39, 6: 290}","{1: 335, 0: 15}","{1: 316, 0: 22, 2: 12}","{1: 336, 0: 14}","{1: 335, 0: 9, 2: 6}",0.008586364911798575,0.006384089078100386,0.013636693970591774,0.016557068981431423,0.06667385333144249,0.05970894898793381,0.07494135357165083,0.07930771627739114,0.14119459533264228,0.012623755536127174,0.0577494596832558,0.13460940044751596
11520,2,max_steps,3,4,0,2108.993127127708,3500,753.5,633.5,0.05,0.1,4.769126892089844,32.438880920410156,-138.1521759033203,535.863525390625,2000.0,116.44920026131328,2608,-6.991999999999452,-0.4640731335940247,0.0,0.6025694648936308,"{5: 30, 4: 110, 3: 39, 6: 25, 0: 70, 1: 45, 2: 31}","{3: 210, 2: 31, 4: 52, 0: 19, 1: 6, 6: 21, 5: 11}","{1: 275, 2: 29, 0: 46}","{1: 294, 2: 29, 0: 27}","{1: 259, 2: 31, 0: 60}","{1: 275, 2: 27, 0: 48}",0.10304765828437598,0.0234388731500938,0.11865168370173762,0.08645740839753191,0.17688811748294134,0.08937973561256923,0.2220413997171701,0.21760309027390762,0.19617772368345615,0.034494550809283465,0.22940664750706385,0.16947489740068422
11530,2,max_steps,3,2,0,1052.8300271753394,3500,1559.5,1559.5,0.05,0.1,4.7778544425964355,32.457763671875,-138.1521759033203,530.9468383789062,1000.0,60.4657309941952,2133,-6.9959999999994515,-0.6397038188589347,0.0,0.3008085791929541,"{2: 45, 3: 18, 4: 126, 5: 148, 6: 13}","{5: 8, 4: 37, 3: 180, 0: 32, 1: 19, 2: 74}","{1: 327, 0: 17, 2: 6}","{1: 300, 2: 17, 0: 33}","{1: 309, 0: 27, 2: 14}","{1: 290, 2: 37, 0: 23}",0.04251178773372476,0.027655673674313715,0.07057631469213324,0.08071345630304701,0.13801958154163937,0.0627343568057843,0.19242385679340954,0.16054166766823053,0.17024444594607951,0.12838005725467044,0.25666156736495743,0.11790308967689472
11540,2,max_steps,3,1,0,539.6255590612986,3500,887.0,887.0,0.05,0.1,4.783128261566162,32.41740798950195,-138.1521759033203,548.1101684570312,500.0,46.62355906128752,2266,-6.997999999999451,0.0,0.0,0.15417873116037104,"{6: 17, 5: 11, 4: 49, 3: 11, 0: 262}","{3: 248, 2: 60, 1: 13, 0: 29}","{1: 348, 2: 2}","{1: 303, 2: 8, 0: 39}","{1: 341, 2: 9}","{1: 334, 2: 8, 0: 8}",0.017687674240221614,0.014281267772540029,0.027363214319441567,0.03491593763654978,0.09603551219176046,0.06190073228197515,0.11959605105707452,0.1427795170538825,0.11198489419458242,0.1160823558203764,0.0816056324214606,0.13307212785795616
11550,2,max_steps,3,2,0,1032.5396537282224,3500,523.5,523.5,0.05,0.1,4.787761211395264,32.420249938964844,-138.1521759033203,528.67822265625,1000.0,72.58427202083178,2177,-6.9959999999994515,-33.048618292574794,0.0,0.295011329636635,"{2: 91, 3: 6, 1: 7, 6: 246}","{0: 10, 1: 16, 2: 15, 3: 265, 4: 44}","{1: 336, 0: 14}","{1: 300, 0: 41, 2: 9}","{1: 327, 0: 13, 2: 10}","{1: 324, 2: 16, 0: 10}",0.057373589924779776,0.02275105385852679,0.0753075666315326,0.08392434719092594,0.11579943092664863,0.06139970075341577,0.15138506982191183,0.148420115899672,0.1529452233222467,0.04934995326433083,0.24696053415776975,0.1176173668083176
11560,2,max_steps,3,1,0,530.8575521823846,3500,107.0,107.0,0.05,0.1,4.80129337310791,32.48395538330078,-138.1521759033203,535.56787109375,500.0,37.8555521823709,2169,-6.997999999999451,0.0,0.0,0.15167358633782416,"{3: 10, 5: 128, 6: 212}","{4: 10, 1: 19, 2: 108, 3: 213}",{1: 350},"{1: 332, 2: 10, 0: 8}","{1: 346, 0: 4}","{1: 345, 0: 5}",0.027852994511942758,0.018880093049553806,0.03665127516436981,0.0395309105977408,0.08156847026339296,0.05610155720721871,0.10036508322201691,0.11473878406373418,0.0,0.11679216879945943,0.0,0.0
11570,2,crash,3,2,1,634.0300987644077,3146,1168.0,1168.0,0.05,0.1,4.809991836547852,32.48167037963867,-138.1521759033203,535.56787109375,1000.0,75.45932505777856,2502,-6.2879999999995295,-135.1412262933725,-300.0,0.20153531429256444,"{6: 16, 5: 22, 4: 92, 3: 40, 2: 41, 0: 96, 1: 7}","{2: 42, 3: 200, 6: 45, 5: 17, 4: 10}","{1: 284, 2: 10, 0: 20}","{1: 252, 0: 23, 2: 39}","{1: 275, 2: 21, 0: 18}","{1: 251, 2: 26, 0: 37}",0.05073025292980436,0.040668895013669576,0.06522189662558209,0.06522722880568341,0.14175765668443238,0.062426302507067696,0.19830844357658697,0.20880567843092201,0.10442509092264038,0.044539179661003764,0.1292807113124871,0.09383684735111168
11580,2,max_steps,3,3,0,1595.3057024322054,3500,873.3333333333334,916.0,0.05,0.1,4.811568737030029,32.444419860839844,-138.1521759033203,519.8828125,1500.0,107.29357750555965,3038,-6.993999999999452,-4.993875073346548,0.0,0.4558016292663444,"{2: 69, 3: 1, 6: 132, 5: 29, 4: 19, 0: 91, 1: 9}","{1: 40, 2: 44, 3: 215, 6: 15, 5: 7, 4: 29}","{1: 305, 2: 29, 0: 16}","{1: 292, 0: 23, 2: 35}","{1: 297, 2: 35, 0: 18}","{1: 300, 2: 19, 0: 31}",0.04710192889207143,0.02814717613637207,0.04193425178149714,0.05521997367098143,0.1544649464421777,0.06224465744804023,0.20229967306868576,0.1772618158276065,0.14177180228444192,0.06010510980051845,0.10235835137059388,0.0992669808355544
11590,2,crash,3,0,1,-306.2501479836211,1059,,,0.05,0.1,4.814785957336426,32.40071105957031,-138.1521759033203,530.9349365234375,0.0,24.029941982174336,645,-2.1179999999999883,-28.162089965795435,-300.0,-0.2891880528646092,"{4: 41, 5: 22, 6: 38, 3: 4}","{6: 33, 5: 10, 4: 10, 3: 52}",{1: 105},"{1: 76, 2: 29}","{1: 96, 0: 4, 2: 5}","{1: 97, 0: 2, 2: 6}",0.1144369308679713,0.042417352678487306,0.11268371338090295,0.07761604459807174,0.1361430247377372,0.09267174834607074,0.17269252925235754,0.14464735755269428,0.11631277059787928,0.05992935069888457,0.07250863697347473,0.12668674726887372
11600,2,crash,3,4,1,1759.4337245940974,2981,705.0,743.0,0.05,0.1,4.817600727081299,32.357322692871094,-137.91627502441406,519.8828125,2000.0,82.48752232347711,2173,-5.953999999999566,-17.099797729374206,-300.0,0.5902159425005359,"{4: 85, 3: 65, 0: 61, 1: 19, 2: 57, 5: 11}","{0: 9, 1: 16, 2: 42, 3: 220, 4: 11}","{1: 251, 2: 8, 0: 39}","{1: 276, 0: 19, 2: 3}","{1: 251, 2: 15, 0: 32}","{1: 283, 0: 14, 2: 1}",0.05671062889429211,0.013452853068867728,0.06432806213648293,0.05768407817863504,0.1580540462634768,0.058422132293243584,0.194941594887089,0.14638081459153476,0.1330526050744535,0.04156374952008518,0.11426828210848716,0.1459590892205132
11610,2,crash,3,2,1,744.586677858538,1609,725.0,725.0,0.05,0.1,4.831168174743652,32.38906478881836,-137.91627502441406,524.1422119140625,1000.0,63.63280027960085,1237,-3.2139999999998676,-15.83212242106116,-300.0,0.462763628252665,"{5: 19, 4: 12, 3: 25, 2: 32, 0: 45, 1: 11, 6: 16}","{3: 119, 2: 25, 5: 16}","{1: 135, 2: 16, 0: 9}","{1: 152, 0: 1, 2: 7}","{1: 124, 2: 16, 0: 20}","{1: 145, 2: 9, 0: 6}",0.13437778311423013,0.011638016277765874,0.13118251879903026,0.09824430638657944,0.15982601508552674,0.03944897241847053,0.19476645866526696,0.14996333190437616,0.1710886966291376,0.046610189145171024,0.19902715387590028,0.13102779768711093
11620,2,max_steps,3,3,0,1595.8058964549305,3500,624.0,594.0,0.05,0.1,4.843356132507324,32.44542694091797,-137.91627502441406,524.131103515625,1500.0,102.79989645495245,2482,-6.993999999999452,0.0,0.0,0.45594454184426586,"{2: 77, 3: 19, 5: 49, 6: 122, 4: 46, 1: 32, 0: 5}","{1: 37, 2: 29, 3: 184, 4: 23, 6: 71, 5: 6}","{1: 278, 0: 40, 2: 32}","{1: 285, 0: 33, 2: 32}","{1: 268, 0: 42, 2: 40}","{1: 291, 0: 27, 2: 32}",0.08690137648229482,0.03368582369164357,0.09319876818608977,0.08703417928786758,0.17682611382584895,0.0658437786168927,0.21887075070537015,0.17099153117979862,0.19054787340240537,0.015274085163428137,0.2714051475135308,0.13741508602912395
11630,2,max_steps,3,2,0,1051.7927602780078,3500,1228.5,1228.5,0.05,0.1,4.847963333129883,32.46773147583008,-137.91627502441406,524.131103515625,1000.0,97.79102383878653,2325,-6.9959999999994515,-39.00226356077541,0.0,0.30051221722228794,"{2: 42, 5: 32, 6: 117, 4: 50, 3: 4, 0: 97, 1: 8}","{5: 7, 4: 16, 3: 179, 0: 32, 1: 67, 2: 49}","{1: 288, 2: 33, 0: 29}","{1: 290, 2: 7, 0: 53}","{1: 273, 0: 38, 2: 39}","{1: 268, 2: 38, 0: 44}",0.06727811801314607,0.03340037533366266,0.10369422175618752,0.11102238949549423,0.17914138359238033,0.06218007217264654,0.24115676418576165,0.24846053413236494,0.2181099355161501,0.03865349161677885,0.25664822798605985,0.11560563883502231
11640,2,max_steps,3,3,0,1615.4419620822882,3500,916.3333333333334,656.0,0.05,0.1,4.854769229888916,32.49791717529297,-137.91627502441406,525.7135620117188,1500.0,122.43596208230382,2932,-6.993999999999452,0.0,0.0,0.4615548463092252,"{5: 28, 4: 55, 3: 21, 0: 124, 1: 9, 2: 38, 6: 75}","{3: 197, 4: 33, 0: 12, 1: 7, 2: 29, 6: 55, 5: 17}","{1: 267, 0: 49, 2: 34}","{1: 309, 0: 22, 2: 19}","{1: 260, 2: 41, 0: 49}","{1: 273, 2: 31, 0: 46}",0.07094096201389351,0.02327082303819416,0.08158535386085905,0.10545101625934666,0.18998723606710333,0.0613019051564473,0.23554687548978512,0.1721937264561631,0.21189623622245332,0.050734899989656634,0.28591251508145893,0.168037482854072
11650,2,max_steps,3,3,0,1552.2184707155761,3500,1040.6666666666667,356.0,0.05,0.1,4.864797115325928,32.55221176147461,-137.91627502441406,522.4646606445312,1500.0,59.21247071560208,2153,-6.993999999999452,0.0,0.0,0.44349099163302175,"{3: 46, 2: 27, 5: 18, 6: 58, 4: 163, 1: 13, 0: 25}","{5: 11, 4: 13, 3: 268, 2: 29, 0: 12, 1: 17}","{1: 331, 2: 14, 0: 5}","{1: 309, 2: 21, 0: 20}","{1: 325, 2: 13, 0: 12}","{1: 335, 2: 1, 0: 14}",0.02622560994537039,0.024380886138949676,0.041788751908870075,0.057837918302553096,0.12114848374816807,0.0609779328237714,0.15885563040696662,0.1421298587554781,0.10197599254767682,0.05692828564077766,0.15350450756401984,0.12236768574571157
11660,2,crash,3,4,1,1794.3416083534528,3421,550.25,578.0,0.05,0.1,4.878273010253906,32.599544525146484,-137.91627502441406,522.4646606445312,2000.0,131.24288021621336,2624,-6.833999999999469,-30.067271862780302,-300.0,0.5245079241021493,"{0: 97, 1: 14, 2: 36, 6: 55, 5: 112, 4: 19, 3: 9}","{4: 23, 3: 151, 5: 8, 0: 24, 1: 6, 2: 8, 6: 122}","{1: 248, 0: 56, 2: 38}","{1: 287, 2: 22, 0: 33}","{1: 255, 0: 50, 2: 37}","{1: 301, 0: 20, 2: 21}",0.050189339532091,0.016974750664972067,0.07579036461588295,0.07761149923604951,0.24933101671098795,0.08715447046423767,0.2885655896045369,0.15116050879872125,0.2689130899136365,0.06575966003408275,0.2147241861402484,0.1479648990690011
11670,2,crash,3,1,1,199.7431556955491,538,320.0,320.0,0.05,0.1,4.882454872131348,32.64157485961914,-137.91627502441406,522.4646606445312,500.0,12.563260595171398,337,-1.0740000000000007,-11.74610489962363,-300.0,0.37126980612555593,"{1: 15, 2: 14, 3: 10, 4: 8, 5: 6}","{2: 3, 3: 28, 6: 22}","{1: 26, 0: 27}",{1: 53},"{1: 30, 0: 23}","{1: 37, 0: 3, 2: 13}",0.15121996750485697,0.013462825121125165,0.15879063340228533,0.13685866107158481,0.2537285659479783,0.025720400874078148,0.30208566133595566,0.16799770288831428,0.23470294118848772,0.010956014856704888,0.313837980814266,0.03573156252896681
11680,2,max_steps,3,4,0,2099.1559040720367,3500,780.25,794.5,0.05,0.1,4.898579120635986,32.741371154785156,-137.91627502441406,522.481201171875,2000.0,128.7673363609972,2798,-6.991999999999452,-22.61943228895526,0.0,0.5997588297348676,"{2: 90, 3: 7, 0: 97, 1: 38, 6: 104, 5: 5, 4: 9}","{6: 6, 5: 24, 4: 64, 3: 152, 0: 74, 1: 14, 2: 16}","{1: 276, 2: 47, 0: 27}","{1: 251, 2: 33, 0: 66}","{1: 271, 2: 54, 0: 25}","{1: 303, 2: 22, 0: 25}",0.05409921782010324,0.040163594798876955,0.09190227628901712,0.08950601084007495,0.21869232650546375,0.12657508532212094,0.23439002025057543,0.157626129848665,0.21682274479965838,0.04741530710641639,0.12632992524520054,0.24563437071525046
11690,2,success,3,5,0,2606.7846964361515,2874,574.8,600.0,0.05,0.1,4.90763521194458,32.78281021118164,-137.91627502441406,511.8152160644531,2500.0,112.52269643614824,2524,-5.73799999999959,0.0,0.0,0.9070232068323422,"{4: 109, 3: 42, 2: 27, 0: 39, 1: 10, 6: 33, 5: 27}","{1: 49, 2: 38, 3: 129, 6: 37, 5: 8, 4: 6, 0: 20}","{1: 234, 0: 21, 2: 32}","{1: 188, 0: 56, 2: 43}","{1: 226, 0: 16, 2: 45}","{1: 248, 0: 21, 2: 18}",0.05450850634370985,0.05322137945206962,0.0741602220388934,0.06979703927189872,0.17355258646299845,0.10763230572566203,0.23101304643757659,0.16020399303331712,0.18433225139614096,0.14969204904692052,0.24586957694927505,0.06626613019103841
11700,2,max_steps,3,4,0,2091.8511870127604,3500,768.25,770.0,0.05,0.1,4.916497230529785,32.851810455322266,-137.91627502441406,529.8704833984375,2000.0,98.84318701276072,2550,-6.991999999999452,0.0,0.0,0.5976717677179315,"{1: 83, 2: 36, 3: 28, 6: 101, 5: 29, 4: 73}","{2: 16, 3: 286, 5: 22, 4: 26}","{1: 288, 0: 30, 2: 32}","{1: 319, 0: 9, 2: 22}","{1: 281, 0: 27, 2: 42}","{1: 288, 2: 27, 0: 35}",0.07358486569807185,0.01864257377586607,0.09207416974592386,0.08890424521285398,0.16963001237639488,0.059562619550758686,0.2119382110435744,0.1824432592642734,0.16727112142128567,0.08773048280235521,0.22603990062916562,0.1651445899797542
11710,2,crash,3,2,1,731.6738595888629,1212,524.5,524.5,0.05,0.1,4.93432092666626,33.002681732177734,-137.91627502441406,540.5872802734375,1000.0,50.634782339612805,940,-2.419999999999955,-16.540922750750713,-300.0,0.6036913032911411,"{4: 49, 3: 16, 0: 44, 1: 5, 2: 7}","{5: 5, 4: 8, 3: 79, 2: 12, 0: 17}","{1: 86, 0: 35}","{1: 97, 2: 20, 0: 4}","{1: 85, 2: 4, 0: 32}","{1: 93, 0: 9, 2: 19}",0.09107927139056872,0.03427238032000343,0.10338803336051587,0.11544225782323253,0.2933277852572628,0.09056867152184771,0.34113374547311676,0.18114321375731415,0.1945374722303293,0.028644298735810057,0.18507039882950208,0.15233415240450035
11720,2,crash,3,1,1,135.57008519219255,1923,1305.0,1305.0,0.05,0.1,4.953943729400635,33.15079116821289,-137.91627502441406,546.1262817382812,500.0,23.703292603453068,1240,-3.8439999999997982,-84.28920741126176,-300.0,0.07049926427051095,"{0: 44, 1: 62, 2: 19, 3: 5, 6: 62}","{2: 45, 3: 117, 1: 11, 0: 19}","{1: 176, 0: 16}","{1: 161, 0: 9, 2: 22}","{1: 172, 0: 20}","{1: 183, 2: 5, 0: 4}",0.03442508773456644,0.011965157749329741,0.05356857768919046,0.05342160074831924,0.1364785845239168,0.06686929452448706,0.18397800752168847,0.1456898663640933,0.1840972227344941,0.005790539529209542,0.2340532503118548,0.05488754194259902
11730,2,success,3,5,0,2608.6651498586803,3487,697.4,809.0,0.05,0.1,4.965822219848633,33.171165466308594,-137.91627502441406,562.583251953125,2500.0,115.62914985868377,2762,-6.963999999999455,0.0,0.0,0.748111600188896,"{1: 16, 2: 61, 3: 59, 5: 20, 6: 107, 4: 85}","{0: 66, 1: 30, 2: 57, 3: 150, 6: 34, 5: 6, 4: 5}","{1: 277, 0: 29, 2: 42}","{1: 252, 0: 63, 2: 33}","{1: 261, 0: 43, 2: 44}","{1: 271, 0: 41, 2: 36}",0.05968729508033256,0.030253860842347685,0.0835414180651442,0.12832662143420487,0.21312591285068144,0.11467630059640363,0.26492042769683316,0.17678758274632086,0.22318803089665704,0.07273400987579322,0.27527426705164937,0.3433594684268042
11740,2,crash,3,2,1,719.0519745290978,1439,655.5,655.5,0.05,0.1,4.97862434387207,33.29668426513672,-137.91627502441406,552.1447143554688,1000.0,37.34325333983471,1284,-2.873999999999905,-15.417278810737228,-300.0,0.49968865498894915,"{3: 27, 0: 71, 1: 22, 2: 11, 6: 12}","{1: 5, 2: 16, 3: 40, 6: 44, 5: 18, 4: 8, 0: 12}","{1: 120, 0: 23}","{1: 87, 0: 19, 2: 37}","{1: 123, 0: 20}","{1: 142, 0: 1}",0.004365061600043215,0.058406697688194224,0.006950042422109413,0.005691619034495629,0.1789983020944397,0.08369319333727117,0.20032052816261078,0.13421172715564766,0.193942437105837,0.06282796831868777,0.19978564436246338,0.040640816532897264
11750,2,max_steps,3,4,0,2100.0569974177392,3500,733.75,644.0,0.05,0.1,4.992825031280518,33.3728141784668,-137.91627502441406,536.2633666992188,2000.0,107.04899741773276,2702,-6.991999999999452,0.0,0.0,0.600016284976497,"{3: 130, 2: 29, 6: 74, 5: 23, 4: 37, 0: 53, 1: 4}","{5: 14, 4: 32, 3: 181, 1: 43, 2: 57, 0: 10, 6: 13}","{1: 298, 2: 31, 0: 21}","{1: 259, 2: 40, 0: 51}","{1: 286, 2: 34, 0: 30}","{1: 297, 0: 38, 2: 15}",0.02390757561794591,0.034664390738273515,0.03381148588865256,0.044646856071479404,0.18082696679837745,0.11524191641099144,0.2531005137066514,0.16488366140284402,0.0716770568204279,0.060549719664582606,0.09622941774867534,0.09078358138238538
11760,2,crash,3,1,1,198.41947097647562,1734,1501.0,1501.0,0.05,0.1,4.998443126678467,33.38451385498047,-137.91627502441406,569.5711059570312,500.0,28.598938506582535,1195,-3.46599999999984,-26.71346753010787,-300.0,0.11442876065540693,"{0: 132, 1: 9, 2: 8, 3: 1, 5: 4, 6: 19}","{6: 16, 5: 18, 4: 15, 3: 101, 2: 23}","{1: 147, 0: 26}","{1: 135, 2: 29, 0: 9}","{1: 150, 0: 23}","{1: 162, 0: 3, 2: 8}",0.007695606056426796,0.05243569610503075,0.009696512308738045,0.01284443796931196,0.1944453871062604,0.06336771120121776,0.22405590115494473,0.1407145760381376,0.24493938973167564,0.0019725470925662193,0.2565329919023352,0.15333999132459203
11770,2,success,3,5,0,2611.6581046570923,3049,609.8,623.0,0.05,0.1,5.01111364364624,33.40802764892578,-137.91627502441406,539.6931762695312,2500.0,117.74610465708247,2366,-6.0879999999995515,0.0,0.0,0.8565621858501451,"{4: 46, 3: 21, 2: 84, 5: 39, 6: 114}","{1: 21, 2: 53, 3: 145, 6: 41, 5: 13, 4: 15, 0: 16}","{1: 216, 0: 38, 2: 50}","{1: 209, 0: 43, 2: 52}","{1: 217, 0: 36, 2: 51}","{1: 263, 0: 28, 2: 13}",0.071804627612524,0.042061348182165295,0.09325634342211678,0.09025564463046468,0.22528200077996124,0.13491822845875834,0.27665312035701445,0.157760562647273,0.17581566325970135,0.04712394685646639,0.2210594463322938,0.3487235066105723
11780,2,max_steps,3,4,0,2078.74825057635,3500,831.0,575.0,0.05,0.1,5.0215229988098145,33.499183654785156,-137.91627502441406,537.9031982421875,2000.0,85.740250576359,2647,-6.991999999999452,0.0,0.0,0.5939280715932429,"{6: 41, 5: 11, 4: 18, 3: 30, 1: 164, 0: 44, 2: 42}","{2: 28, 3: 224, 0: 1, 1: 19, 6: 45, 5: 17, 4: 16}","{1: 316, 2: 9, 0: 25}","{1: 288, 0: 30, 2: 32}","{1: 318, 2: 13, 0: 19}","{1: 330, 2: 8, 0: 12}",0.029931358965134065,0.04158655852775128,0.0273379920597742,0.03569006974986131,0.14920460418581075,0.06200576844203344,0.17348560395961404,0.14327097214980253,0.1737018476291783,0.15074891275418187,0.27699528736167817,0.044147654458489144
11790,2,max_steps,3,2,0,1069.0812240906796,3500,1168.5,1168.5,0.05,0.1,5.038762092590332,33.57466506958008,-137.91627502441406,548.3163452148438,1000.0,110.4329777906126,2475,-6.9959999999994515,-34.35575369993131,0.0,0.30545177831162273,"{5: 39, 6: 83, 4: 34, 3: 10, 2: 68, 0: 91, 1: 25}","{2: 80, 1: 10, 3: 176, 6: 29, 5: 9, 4: 11, 0: 35}","{1: 307, 2: 32, 0: 11}","{1: 257, 0: 54, 2: 39}","{1: 277, 2: 33, 0: 40}","{1: 282, 2: 22, 0: 46}",0.05514525571270374,0.04197481658413464,0.06770498494321328,0.09452927308386769,0.1589621035028331,0.12145653329246864,0.2429613546354575,0.19345802141838836,0.07199577136955353,0.059054998759489566,0.1517519168413057,0.12119471886087979
11800,2,max_steps,3,3,0,1551.3156806176867,3500,669.0,442.0,0.05,0.1,5.05150842666626,33.62477111816406,-137.91627502441406,546.8282470703125,1500.0,135.24589620297917,2462,-6.993999999999452,-76.93621558528788,0.0,0.44323305160505333,"{6: 136, 5: 73, 4: 70, 3: 28, 0: 32, 1: 5, 2: 6}","{6: 5, 5: 23, 4: 40, 3: 250, 1: 4, 2: 28}","{1: 259, 2: 41, 0: 50}","{1: 300, 2: 31, 0: 19}","{1: 253, 2: 53, 0: 44}","{1: 261, 2: 42, 0: 47}",0.0960984657901422,0.022562357797747633,0.1153714215026074,0.13304563021009497,0.1998602543560293,0.0760849706343392,0.25402889756385877,0.1893501048930242,0.13520878761651478,0.06113799756176175,0.23346737188591707,0.23526412227229854
11810,2,max_steps,3,0,0,-2.4492654850612703,3500,,,0.05,0.1,5.051347255706787,33.62193298339844,-137.91627502441406,542.0661010742188,0.0,4.550734514938705,989,-6.999999999999451,0.0,0.0,-0.0006997901385889343,"{4: 41, 5: 13, 6: 296}","{3: 334, 4: 15, 2: 1}",{1: 350},"{1: 347, 2: 3}",{1: 350},"{1: 345, 2: 5}",0.00924069964785584,0.012792535570797472,0.01404394405802514,0.018930973928094834,0.04444249935758178,0.0247310241775602,0.058456539967343825,0.07318595970920315,,,,
11820,2,max_steps,3,0,0,25.292300250255607,3500,,,0.05,0.1,5.052066326141357,33.64690017700195,-137.91627502441406,555.1533203125,0.0,32.292300250255614,1491,-6.999999999999451,0.0,0.0,0.00722637150007303,"{5: 178, 6: 172}","{3: 305, 4: 39, 2: 6}","{1: 347, 0: 3}","{1: 323, 0: 21, 2: 6}","{1: 336, 2: 5, 0: 9}","{1: 313, 2: 29, 0: 8}",0.04082406617237418,0.023456473296827776,0.0608065526681599,0.046488852601819654,0.12350194255403454,0.0587322534591496,0.15782383946422554,0.15026968111737157,,,,
11830,2,crash,3,0,1,-313.27196381682995,1848,,,0.05,0.1,5.05719518661499,33.64326477050781,-137.91627502441406,546.6741943359375,0.0,22.63021312436123,970,-3.6959999999998145,-32.20617694119115,-300.0,-0.16951946093984305,"{4: 136, 5: 45, 6: 3}","{5: 9, 4: 7, 3: 113, 2: 49, 1: 6}",{1: 184},"{1: 157, 2: 23, 0: 4}","{1: 174, 0: 6, 2: 4}","{1: 154, 2: 13, 0: 17}",0.01935680587347615,0.022123282679693164,0.03179328403828648,0.0572873536447221,0.11675149130892382,0.06249322948037381,0.14779064010922685,0.15574306955819106,,,,
11840,2,max_steps,3,2,0,1081.70951611033,3500,435.5,435.5,0.05,0.1,5.05599308013916,33.556941986083984,-137.91627502441406,520.6767578125,1000.0,115.80225381471804,2223,-6.9959999999994515,-27.096737704369417,0.0,0.3090598617458086,"{3: 32, 0: 43, 1: 12, 2: 12, 6: 107, 5: 63, 4: 81}","{5: 22, 4: 15, 3: 213, 1: 11, 2: 89}","{1: 248, 0: 37, 2: 65}","{1: 300, 2: 33, 0: 17}","{1: 232, 0: 50, 2: 68}","{1: 230, 2: 56, 0: 64}",0.10371888086014633,0.020879732164846572,0.12474529638433987,0.12521620008181616,0.19498171679554396,0.07074396235073238,0.2711138790743069,0.3218687106419759,0.16824222035059708,0.14187239194664245,0.2407527217675352,0.26006819878389764
11850,2,max_steps,3,3,0,1610.2327247098997,3500,834.0,834.0,0.05,0.1,5.068624496459961,33.57667922973633,-137.91627502441406,540.1810302734375,1500.0,126.13914019573951,2688,-6.993999999999452,-8.912415485826406,0.0,0.46006649277425704,"{6: 52, 5: 81, 4: 76, 3: 7, 0: 41, 1: 11, 2: 82}","{5: 10, 4: 7, 3: 248, 2: 62, 0: 6, 1: 17}","{1: 279, 2: 41, 0: 30}","{1: 293, 2: 19, 0: 38}","{1: 260, 2: 51, 0: 39}","{1: 242, 2: 58, 0: 50}",0.0892066982882076,0.03136193212960084,0.12222408961837823,0.10374919080192563,0.17661217618166367,0.06691265797701561,0.23642943422652438,0.29040944526447304,0.1168650007496049,0.06548836570760119,0.29680711078066824,0.35169870938501524
11860,2,max_steps,3,4,0,2105.1256809347237,3500,831.5,727.5,0.05,0.1,5.0840067863464355,33.61019515991211,-137.91627502441406,521.6423950195312,2000.0,125.81545940839956,2794,-6.991999999999452,-13.697778473665588,0.0,0.6014644802670639,"{0: 28, 1: 27, 2: 24, 3: 32, 6: 135, 5: 51, 4: 53}","{4: 29, 3: 223, 1: 23, 2: 66, 0: 9}","{1: 270, 0: 30, 2: 50}","{1: 315, 2: 14, 0: 21}","{1: 267, 0: 28, 2: 55}","{1: 257, 0: 61, 2: 32}",0.09111955279266662,0.029815391505367238,0.10338334410276163,0.11498569725494433,0.1679240501024625,0.05990758867434974,0.21089382225099446,0.22417430407569713,0.16374019161239234,0.03131348006978291,0.1705516449358479,0.2416845052869776
11870,2,max_steps,3,2,0,1063.1419228253922,3500,1556.5,1556.5,0.05,0.1,5.101912021636963,33.68580627441406,-137.91627502441406,534.3531494140625,1000.0,70.13792282538702,2007,-6.9959999999994515,0.0,0.0,0.3037548350929692,"{2: 19, 3: 28, 4: 154, 5: 92, 6: 18, 0: 39}","{3: 229, 2: 58, 4: 45, 5: 18}","{1: 316, 0: 9, 2: 25}","{1: 289, 2: 23, 0: 38}","{1: 294, 0: 21, 2: 35}","{1: 294, 0: 36, 2: 20}",0.06192580849914602,0.02257940999703998,0.08774010493129616,0.108524206160445,0.14793605865724616,0.061239752241440154,0.20268697540983976,0.17679408973523253,0.16364801928003092,0.08387458274083483,0.19924766576188818,0.21167662225039155
11880,2,max_steps,3,3,0,1554.0738739313492,3500,866.3333333333334,825.0,0.05,0.1,5.10953426361084,33.675899505615234,-137.91627502441406,531.6578369140625,1500.0,109.13756702395257,2547,-6.993999999999452,-48.069693092598776,0.0,0.4440211068375283,"{5: 52, 4: 142, 3: 20, 0: 71, 1: 5, 2: 6, 6: 54}","{4: 24, 3: 177, 0: 9, 1: 17, 2: 93, 6: 13, 5: 17}","{1: 297, 0: 36, 2: 17}","{1: 310, 2: 25, 0: 15}","{1: 281, 2: 37, 0: 32}","{1: 289, 2: 22, 0: 39}",0.05639026043296184,0.022570272103250945,0.07838025536058792,0.07138496302967279,0.19312655656226058,0.06058101947200669,0.21828346122011666,0.17667840914390198,0.1479896243638908,0.057009701289741,0.16945066249315308,0.22769351026102394
11890,2,max_steps,3,3,0,1623.7049902798506,3500,1144.3333333333333,1297.0,0.05,0.1,5.116694927215576,33.7153205871582,-137.91627502441406,530.5734252929688,1500.0,130.69899027986253,2278,-6.993999999999452,0.0,0.0,0.4639157115085287,"{0: 43, 1: 7, 2: 8, 5: 67, 6: 145, 4: 78, 3: 2}","{1: 25, 2: 16, 3: 250, 6: 39, 5: 7, 4: 6, 0: 7}","{1: 245, 0: 32, 2: 73}","{1: 278, 0: 33, 2: 39}","{1: 235, 0: 43, 2: 72}","{1: 198, 0: 90, 2: 62}",0.09286714972237271,0.020212997701818287,0.11381455970287895,0.139470018770793,0.2062784783848374,0.11537713782896894,0.2710320569362781,0.247659399661049,0.23605124911257513,0.024488243861729642,0.21533905225990377,0.22818543631602373
11900,2,crash,3,1,1,187.75141002223575,782,514.0,514.0,0.05,0.1,5.124428749084473,33.807640075683594,-137.91627502441406,554.836181640625,500.0,14.19898614203836,513,-1.5620000000000012,-24.88557611980347,-300.0,0.24009131716398432,"{2: 49, 3: 2, 4: 15, 5: 12}","{0: 9, 1: 16, 2: 9, 3: 17, 6: 27}",{1: 78},"{1: 40, 0: 38}",{1: 78},{1: 78},0.002710633902419074,0.059843491452926695,0.007256262115793336,0.02418327280415496,0.08734585358088706,0.10782104349613074,0.12044700627605542,0.08986339583534993,0.04357292092547339,0.0866232765806612,0.10376362079677354,0.09512974549413977
11910,2,success,3,5,0,2595.710838220726,3251,650.2,570.0,0.05,0.1,5.14436674118042,33.885562896728516,-137.91627502441406,568.6378784179688,2500.0,107.21242845081728,2709,-6.491999999999507,-5.0095902300960695,0.0,0.7984345857338437,"{4: 116, 3: 8, 5: 38, 0: 102, 1: 39, 2: 22}","{1: 11, 2: 21, 3: 216, 6: 51, 5: 17, 4: 9}","{1: 283, 2: 14, 0: 28}","{1: 276, 0: 20, 2: 29}","{1: 266, 2: 30, 0: 29}","{1: 263, 0: 40, 2: 22}",0.06110072001680127,0.025644079417204774,0.08270814912017099,0.08625546168915557,0.15601585556845546,0.06118611109045184,0.21103482653845296,0.17230302546411216,0.22377942047202265,0.060465739228299065,0.21771763685841614,0.22183101466246988
11920,2,crash,3,1,1,209.0710529006439,477,340.0,340.0,0.05,0.1,5.146819591522217,33.901466369628906,-137.91627502441406,539.0975341796875,500.0,24.343192266133936,316,-0.9520000000000007,-14.320139365490347,-300.0,0.4383040941313289,"{0: 19, 1: 7, 2: 7, 6: 14}","{3: 33, 4: 14}","{1: 21, 0: 26}","{1: 43, 0: 4}","{1: 22, 0: 25}","{1: 20, 0: 10, 2: 17}",0.16872910526156476,0.01997554399665911,0.19905634266909136,0.1747617130146537,0.27820846034556246,0.05487046820591785,0.346858007748305,0.3414355002706032,0.2838001453585381,0.04268457754921613,0.25453336883514244,0.26599270335698544
11930,2,success,3,5,0,2600.0627115794796,2908,581.6,488.0,0.05,0.1,5.1583333015441895,33.92940902709961,-137.91627502441406,536.1824951171875,2500.0,105.86871157947864,2524,-5.805999999999583,0.0,0.0,0.894106847173136,"{4: 41, 5: 73, 3: 88, 2: 50, 0: 23, 1: 15}","{6: 18, 5: 10, 4: 42, 3: 130, 0: 49, 1: 16, 2: 25}","{1: 254, 2: 20, 0: 16}","{1: 190, 2: 31, 0: 69}","{1: 243, 2: 23, 0: 24}","{1: 243, 2: 16, 0: 31}",0.05256402544153638,0.05350630035684696,0.0699063686608999,0.08798074791824662,0.1571351517959162,0.1133650859112415,0.20413937901143864,0.1713384257180222,0.16703975697062118,0.06244554120295093,0.19106085520203397,0.17679046050324548
11940,2,crash,3,1,1,189.67552295628127,1370,329.0,329.0,0.05,0.1,5.176028728485107,34.027889251708984,-137.91627502441406,547.1810913085938,500.0,34.89375289474487,620,-2.73799999999992,-42.480229938468334,-300.0,0.13844928682940238,"{0: 17, 1: 7, 2: 7, 3: 1, 6: 105}","{3: 32, 1: 55, 2: 40, 0: 10}","{1: 113, 0: 24}","{1: 133, 0: 3, 2: 1}","{1: 106, 0: 22, 2: 9}","{1: 98, 0: 20, 2: 19}",0.06954343056735748,0.021653879075752638,0.09313169362430232,0.1092903980469625,0.22956835164160294,0.05026840016945095,0.29194427924111066,0.2404137757072454,0.28026338939826034,0.012960936453892256,0.20478402142818217,0.3333965720167355
11950,2,crash,3,2,1,758.5486613722001,2562,1037.0,1037.0,0.05,0.1,5.1950812339782715,34.14051055908203,-137.91627502441406,573.0332641601562,1000.0,80.87948469553841,1970,-5.119999999999658,-17.210823323338005,-300.0,0.29607676087907886,"{0: 63, 1: 33, 2: 22, 6: 92, 5: 8, 4: 35, 3: 3}","{6: 12, 5: 17, 4: 9, 3: 125, 2: 44, 0: 49}","{1: 192, 0: 23, 2: 41}","{1: 213, 2: 20, 0: 23}","{1: 190, 0: 20, 2: 46}","{1: 186, 0: 41, 2: 29}",0.07466865962937913,0.03011765642559871,0.09808703739921554,0.10719838138146466,0.18715006811461607,0.06401885250111371,0.24856836946272817,0.24532415762094203,0.2458079746287762,0.030101392122191678,0.20526537017591834,0.2684556916818885
11960,2,max_steps,3,3,0,1590.4234174364517,3500,975.0,879.0,0.05,0.1,5.209568977355957,34.233577728271484,-137.91627502441406,561.2395629882812,1500.0,97.41741743646989,2868,-6.993999999999452,0.0,0.0,0.45440669069612905,"{6: 62, 5: 32, 4: 50, 3: 70, 1: 68, 2: 68}","{6: 98, 5: 24, 4: 25, 3: 90, 0: 51, 1: 13, 2: 49}","{1: 330, 2: 20}","{1: 247, 2: 57, 0: 46}","{1: 316, 2: 29, 0: 5}","{1: 327, 2: 20, 0: 3}",0.03219318079747349,0.046283693182080136,0.048941709612096096,0.057173927091669484,0.13894329137607045,0.0838651010466655,0.17779034867868956,0.14400553292129606,0.15783889979311477,0.057234386429028956,0.16889923798505685,0.14858011392812667
11970,2,success,3,5,0,2591.0780699761917,2715,543.0,496.0,0.05,0.1,5.220754623413086,34.29628372192383,-137.91627502441406,581.1885986328125,2500.0,96.49806997619712,2256,-5.419999999999625,0.0,0.0,0.9543565635271425,"{3: 28, 2: 113, 6: 48, 5: 18, 4: 12, 1: 32, 0: 20}","{1: 19, 2: 29, 3: 177, 4: 25, 0: 21}","{1: 231, 0: 25, 2: 15}","{1: 221, 0: 42, 2: 8}","{1: 214, 0: 37, 2: 20}","{1: 233, 0: 21, 2: 17}",0.0874763255526527,0.023932169550067103,0.08805727079210474,0.08805977034383862,0.15692312938495978,0.06364347369337697,0.21282367955273737,0.15408945869510074,0.186340402403824,0.045938136919329894,0.28024024649213986,0.14869274522327114
11980,2,max_steps,3,1,0,539.6910800409273,3500,1160.0,1160.0,0.05,0.1,5.231662750244141,34.37711715698242,-137.91627502441406,581.1885986328125,500.0,46.68908004091685,2107,-6.997999999999451,0.0,0.0,0.15419745144026495,"{1: 103, 2: 12, 4: 155, 5: 66, 3: 14}","{6: 54, 5: 17, 4: 16, 3: 151, 1: 13, 2: 99}","{1: 329, 0: 19, 2: 2}","{1: 335, 0: 6, 2: 9}","{1: 320, 0: 20, 2: 10}","{1: 324, 0: 10, 2: 16}",0.023445016567545777,0.019914358816935592,0.0361581928803293,0.04550677092669742,0.12223312852406325,0.05707072843610514,0.14619093163464536,0.14461042560086634,0.16371865483966744,0.05880134495006283,0.227562679776663,0.06027805893264093
11990,2,success,3,5,0,2590.745857537743,2509,501.8,517.0,0.05,0.1,5.238388538360596,34.36887741088867,-137.91627502441406,581.8800048828125,2500.0,95.75385753774357,1990,-5.0079999999996705,0.0,0.0,1.0325810512306668,"{1: 11, 2: 47, 3: 71, 4: 44, 6: 34, 5: 43}","{3: 121, 2: 42, 1: 31, 5: 18, 4: 21, 0: 17}","{1: 168, 0: 33, 2: 49}","{1: 207, 0: 35, 2: 8}","{1: 163, 0: 36, 2: 51}","{1: 182, 0: 31, 2: 37}",0.08789407865022195,0.027817649354150355,0.12348106141743428,0.11058942219342152,0.20728439309245178,0.06222385146693528,0.26519942579538175,0.24087665971873626,0.21836788466173976,0.061874103121708546,0.2165615936812348,0.1640356269709107
12000,2,crash,3,1,1,217.98297876747222,691,586.0,586.0,0.05,0.1,5.252685070037842,34.41793441772461,-137.91627502441406,581.8800048828125,500.0,26.407239010232658,585,-1.380000000000001,-7.044260242760904,-300.0,0.3154601718776733,"{0: 44, 1: 7, 2: 7, 6: 11}","{1: 10, 2: 14, 3: 34, 6: 11}","{1: 42, 0: 27}","{1: 47, 0: 22}","{1: 41, 0: 28}","{1: 47, 0: 11, 2: 11}",0.03935980682725997,0.03838148267976988,0.1061498699968109,0.04151519341799623,0.2853064772602428,0.08645015575880416,0.33934604967702986,0.2298811574662344,0.2998103450391913,0.01888124842802566,0.31620041795897,0.09394043140908558
12010,2,crash,3,2,1,727.5238499971639,2673,1266.5,1266.5,0.05,0.1,5.259997844696045,34.466392517089844,-137.91627502441406,581.8800048828125,1000.0,43.22701871551267,1142,-5.341999999999634,-10.361168718352326,-300.0,0.27217502805730037,"{2: 209, 1: 40, 3: 4, 6: 14}","{3: 226, 2: 14, 1: 13, 6: 14}","{1: 229, 0: 38}","{1: 250, 0: 17}","{1: 228, 0: 39}","{1: 236, 0: 9, 2: 22}",0.03571131737074726,0.009788505474359051,0.05341821807556907,0.05437539120052826,0.18484920053079157,0.04196959705032616,0.22672532729701003,0.1533069969285343,0.22308058250203372,0.012915878958906222,0.29199855026587157,0.0933136790655151
12020,2,crash,3,3,1,1292.554606661486,2141,655.0,626.0,0.05,0.1,5.273745059967041,34.500980377197266,-137.91627502441406,581.8800048828125,1500.0,112.71753437815596,1597,-4.275999999999751,-15.886927716663367,-300.0,0.6037153697624876,"{0: 89, 1: 24, 2: 19, 6: 68, 5: 5, 4: 7, 3: 2}","{3: 166, 4: 10, 0: 17, 1: 9, 2: 12}","{1: 126, 0: 49, 2: 39}","{1: 187, 2: 8, 0: 19}","{1: 129, 0: 47, 2: 38}","{1: 162, 0: 25, 2: 27}",0.1372031311009702,0.01740763717694159,0.14209442491757726,0.10338839471949798,0.2739282134564957,0.0692466521522923,0.31310981313867076,0.20585721054554795,0.2838990040661254,0.04711193145558632,0.2847667484301366,0.2211807059600075
12030,2,crash,3,1,1,214.16358641541018,1361,1183.0,1183.0,0.05,0.1,5.286376476287842,34.53371810913086,-137.91627502441406,534.652587890625,500.0,33.29757678064531,863,-2.719999999999922,-16.41399036523487,-300.0,0.15735752124570918,"{0: 98, 1: 9, 2: 10, 3: 1, 6: 18}","{6: 44, 5: 18, 4: 9, 3: 47, 0: 18}","{1: 108, 0: 28}","{1: 117, 2: 19}","{1: 112, 0: 24}","{1: 129, 0: 7}",0.034311375466480706,0.03296503344404726,0.048930181494156136,0.040767933832708006,0.17845195268714464,0.06249680241972337,0.19229023145000107,0.14436758734727084,0.17777784504252442,0.006427570576211606,0.15308801794264443,0.06260061484866994
12040,2,max_steps,3,1,0,530.887602963586,3500,3209.0,3209.0,0.05,0.1,5.302473545074463,34.584083557128906,-137.91627502441406,525.3505249023438,500.0,53.90222770021108,2083,-6.997999999999451,-16.01662473662498,0.0,0.15168217227531028,"{5: 75, 4: 237, 3: 38}","{0: 10, 1: 22, 2: 142, 3: 157, 5: 10, 4: 9}","{1: 349, 2: 1}","{1: 219, 0: 71, 2: 60}","{1: 336, 2: 14}","{1: 339, 2: 2, 0: 9}",0.027717462973772755,0.05380645876117705,0.02944702115234059,0.03353714957496182,0.09350641898258558,0.09694065535769102,0.12878094582427735,0.1432690037859343,0.0733484061165556,0.10693167310675153,0.13702694350595068,0.0995186435416774
12050,2,crash,3,1,1,208.97701608958073,582,426.0,426.0,0.05,0.1,5.318078994750977,34.61538314819336,-137.91627502441406,526.493896484375,500.0,26.332255823264553,413,-1.1620000000000008,-16.193239733684248,-300.0,0.35906703795460604,"{0: 24, 1: 8, 2: 10, 3: 3, 4: 13}","{3: 42, 1: 5, 2: 11}","{1: 30, 0: 28}","{1: 57, 0: 1}","{1: 30, 0: 28}","{1: 42, 0: 3, 2: 13}",0.14818406645851928,0.007899361209112016,0.17452468546172156,0.13063568441900392,0.20963381062588857,0.03305427315378394,0.22586049150483942,0.15802389132540748,0.21183752396423464,0.00927527613344358,0.19088201055606172,0.14210650461548627
12060,2,max_steps,3,3,0,1532.7779841744698,3500,963.3333333333334,819.0,0.05,0.1,5.3338212966918945,34.658660888671875,-137.91627502441406,539.9257202148438,1500.0,86.6141464226214,2438,-6.993999999999452,-46.842162248145826,0.0,0.43793656690699134,"{4: 146, 3: 76, 5: 96, 2: 7, 6: 25}","{2: 30, 3: 166, 6: 24, 5: 17, 4: 9, 0: 92, 1: 12}","{1: 275, 2: 44, 0: 31}","{1: 269, 0: 54, 2: 27}","{1: 269, 2: 46, 0: 35}","{1: 265, 0: 41, 2: 44}",0.05959029270506272,0.03638514313283571,0.09025999454577675,0.08150754608229947,0.19683242168628817,0.1014299254536597,0.2692819955259769,0.2802663242434351,0.09570102005158534,0.05768257550171167,0.12861440653057385,0.09325423010990214
12070,2,max_steps,3,4,0,2121.2154384589558,3500,726.0,821.0,0.05,0.1,5.344307899475098,34.68062210083008,-137.3514404296875,518.5709228515625,2000.0,128.2095058005587,2432,-6.991999999999452,-0.0020673416130245204,0.0,0.6060615538454159,"{4: 123, 3: 14, 0: 74, 1: 8, 2: 10, 5: 42, 6: 79}","{6: 12, 5: 30, 4: 26, 3: 214, 0: 23, 1: 9, 2: 36}","{1: 255, 2: 66, 0: 29}","{1: 273, 2: 44, 0: 33}","{1: 253, 2: 69, 0: 28}","{1: 264, 2: 27, 0: 59}",0.07790693328333939,0.032020260537482574,0.11377672582883788,0.10751698450938099,0.20026087737840764,0.08330169765326095,0.23810793800789942,0.20751109009959456,0.18893925824304758,0.05390737124957224,0.239670848727572,0.21543060969895356
12080,2,max_steps,3,2,0,1086.0305583896627,3500,605.5,605.5,0.05,0.1,5.3567657470703125,34.72642135620117,-137.3514404296875,566.179443359375,1000.0,93.02655838968855,2421,-6.9959999999994515,0.0,0.0,0.31029444525418937,"{1: 46, 2: 22, 3: 108, 6: 34, 5: 7, 4: 26, 0: 107}","{5: 4, 4: 20, 3: 176, 0: 55, 1: 9, 2: 86}","{1: 288, 0: 42, 2: 20}","{1: 284, 2: 7, 0: 59}","{1: 292, 0: 39, 2: 19}","{1: 320, 0: 20, 2: 10}",0.0405980888118533,0.02892245999031484,0.04256011018668328,0.044866827579337465,0.18198084160384775,0.06820515717500121,0.21241191141700885,0.14960006986271795,0.09351070058899588,0.040992453904077034,0.04252022680509066,0.07724422911210492
12090,2,success,3,5,0,2587.663592359326,2445,489.0,562.0,0.05,0.1,5.362236499786377,34.74093246459961,-137.3514404296875,566.179443359375,2500.0,92.54359235932829,2124,-4.879999999999685,0.0,0.0,1.0583491175293767,"{5: 77, 4: 22, 3: 59, 1: 23, 2: 32, 0: 31}","{2: 50, 3: 168, 5: 10, 4: 16}","{1: 198, 2: 26, 0: 20}","{1: 222, 0: 11, 2: 11}","{1: 183, 2: 28, 0: 33}","{1: 203, 2: 5, 0: 36}",0.09309637034652987,0.019147329976403726,0.10802525294262108,0.1021611825406726,0.16843147526314803,0.059179226812234205,0.2186965317341151,0.1947575830816782,0.16816083471442173,0.06005637159428635,0.18770721831047046,0.3065100125834451
12100,2,success,3,5,0,2564.640885250585,3453,690.6,453.0,0.05,0.1,5.376305103302002,34.80881881713867,-137.3514404296875,557.4366455078125,2500.0,100.5765617792283,2671,-6.895999999999463,-29.039676528634892,0.0,0.7427283189257414,"{2: 138, 3: 90, 0: 2, 1: 15, 4: 32, 6: 59, 5: 9}","{5: 4, 4: 16, 3: 232, 0: 9, 1: 46, 2: 38}","{1: 302, 0: 11, 2: 32}","{1: 306, 2: 11, 0: 28}","{1: 279, 0: 29, 2: 37}","{1: 272, 0: 44, 2: 29}",0.08629083710582028,0.02010781185872707,0.10338736237263155,0.1050115516080459,0.1542131353387898,0.06054230213400688,0.20132752326831602,0.16368617034875738,0.15805736188782527,0.031440587665335855,0.18836964154666,0.15981526613255528
12110,2,crash,3,1,1,181.67337476267573,1680,651.0,651.0,0.05,0.1,5.394674301147461,34.86008834838867,-137.3514404296875,549.2706298828125,500.0,33.21570374473921,979,-3.3579999999998518,-48.18432898206649,-300.0,0.10813891354921175,"{6: 41, 5: 14, 4: 44, 3: 42, 2: 7, 1: 14, 0: 6}","{0: 13, 1: 9, 2: 11, 3: 32, 6: 103}","{1: 126, 2: 21, 0: 21}","{1: 133, 0: 34, 2: 1}","{1: 106, 2: 33, 0: 29}","{1: 121, 2: 24, 0: 23}",0.10074124851446645,0.03447174865767257,0.1341866899289663,0.11826352798899897,0.25019814169066346,0.06846211622147592,0.32167150427141605,0.4481817893152239,0.25244280240246303,0.04086808436580165,0.2674313068485603,0.2305288536124011
12120,2,max_steps,3,2,0,1092.214303452712,3500,925.5,925.5,0.05,0.1,5.410755634307861,34.931251525878906,-137.3514404296875,554.013427734375,1000.0,99.32545187909936,2383,-6.9959999999994515,-0.11514842637117464,0.0,0.31206122955791776,"{3: 42, 2: 79, 0: 50, 1: 14, 6: 117, 5: 25, 4: 23}","{2: 40, 3: 268, 4: 32, 5: 10}","{1: 307, 0: 14, 2: 29}","{1: 286, 0: 34, 2: 30}","{1: 276, 0: 25, 2: 49}","{1: 287, 0: 24, 2: 39}",0.04727432650224778,0.02572775569970765,0.056601783833492895,0.052278076527922074,0.16046422711731853,0.0754488670866665,0.21112648218171856,0.18525134295023568,0.05133511588208061,0.1608256130223763,0.07696807729796197,0.034986991919036516
12130,2,max_steps,3,3,0,1607.9765697796854,3500,891.0,1163.0,0.05,0.1,5.421653747558594,34.907470703125,-137.3514404296875,547.238037109375,1500.0,114.97056977971151,2303,-6.993999999999452,0.0,0.0,0.4594218770799101,"{5: 140, 4: 91, 6: 37, 3: 40, 0: 18, 1: 6, 2: 18}","{5: 10, 4: 60, 3: 225, 1: 18, 2: 37}","{1: 249, 0: 37, 2: 64}","{1: 328, 2: 10, 0: 12}","{1: 226, 0: 50, 2: 74}","{1: 232, 2: 50, 0: 68}",0.09650541171774613,0.011197449311903182,0.11761874292759988,0.12170808223559466,0.2105015464710583,0.05574215857116796,0.26688438443837553,0.24306329493406195,0.21151945340073827,0.02656179582201611,0.21814920862616938,0.23972793704411438
12140,2,max_steps,3,1,0,561.310569146302,3500,469.0,469.0,0.05,0.1,5.430151462554932,34.927894592285156,-137.3514404296875,543.453857421875,500.0,68.3085691462865,1968,-6.997999999999451,0.0,0.0,0.16037444832751485,"{6: 29, 5: 9, 4: 8, 0: 34, 1: 8, 2: 262}","{4: 9, 3: 311, 2: 30}","{1: 306, 2: 21, 0: 23}","{1: 334, 2: 8, 0: 8}","{1: 305, 2: 20, 0: 25}","{1: 321, 2: 11, 0: 18}",0.02236665477423092,0.016729935719466484,0.028042026772319317,0.02030984677709601,0.17639094081119697,0.04224402195209153,0.23138026166120815,0.14634625782425079,0.021763057357106454,0.026942501361440937,0.029792623248789615,0.03503395129811196
12150,2,max_steps,3,1,0,528.3487841481794,3500,3181.0,3181.0,0.05,0.1,5.440245151519775,34.97898864746094,-137.3514404296875,579.4644775390625,500.0,35.346784148179346,2112,-6.997999999999451,0.0,0.0,0.1509567954709084,"{1: 223, 0: 33, 2: 59, 3: 3, 4: 32}","{1: 16, 2: 106, 3: 184, 4: 15, 6: 13, 5: 16}",{1: 350},"{1: 312, 0: 24, 2: 14}",{1: 350},"{1: 342, 0: 8}",0.013548619102560947,0.021365685560349422,0.02055636095321841,0.025089308944435076,0.07507904765920616,0.060244216846261064,0.10010096839828765,0.1006923068529642,0.07896843135939091,0.05452380462157262,0.09282228391623501,0.05495877655028346
12160,2,crash,3,3,1,1267.607643556922,2765,561.3333333333334,474.0,0.05,0.1,5.451572418212891,35.019996643066406,-137.3514404296875,568.1137084960938,1500.0,93.13833674765469,1943,-5.523999999999614,-20.006693190729354,-300.0,0.4584476106896644,"{2: 43, 3: 19, 4: 81, 5: 32, 6: 53, 0: 44, 1: 4}","{2: 23, 3: 105, 4: 35, 0: 25, 1: 9, 5: 79}","{1: 192, 0: 49, 2: 35}","{1: 206, 0: 34, 2: 36}","{1: 191, 0: 49, 2: 36}","{1: 228, 2: 19, 0: 29}",0.08262485395974753,0.04034718074688931,0.10546806049443619,0.09827562003424446,0.2636412477151684,0.10431009644161923,0.29361336944724326,0.19508620754797001,0.2839683085223015,0.04323189981131595,0.2380396657714058,0.20270946075816612
12170,2,crash,3,2,1,755.4853201227954,2258,992.5,992.5,0.05,0.1,5.4540114402771,34.97071075439453,-137.3514404296875,560.6451416015625,1000.0,80.0245745019999,1557,-4.511999999999725,-20.027254379202272,-300.0,0.3345816298152327,"{6: 84, 5: 15, 4: 12, 0: 85, 1: 12, 2: 15, 3: 2}","{2: 16, 3: 168, 4: 34, 5: 7}","{1: 204, 2: 15, 0: 6}","{1: 184, 0: 9, 2: 32}","{1: 190, 2: 13, 0: 22}","{1: 198, 0: 15, 2: 12}",0.10303319734543054,0.03551310213939087,0.10566726898439618,0.09721222366796095,0.14930207016337757,0.07378305560460359,0.19450340028953633,0.15193626509827662,0.19320296115767388,0.052639934268186556,0.1887453744633302,0.09706345324579391
12180,2,max_steps,3,4,0,2116.6531323948884,3500,811.5,757.5,0.05,0.1,5.46367883682251,35.01134490966797,-137.3514404296875,557.5601806640625,2000.0,123.64513239489587,2909,-6.991999999999452,0.0,0.0,0.604758037827111,"{6: 96, 5: 22, 4: 61, 3: 38, 0: 55, 1: 5, 2: 73}","{0: 28, 1: 15, 2: 19, 3: 181, 6: 75, 5: 17, 4: 15}","{1: 301, 2: 21, 0: 28}","{1: 249, 0: 49, 2: 52}","{1: 292, 2: 24, 0: 34}","{1: 289, 2: 35, 0: 26}",0.07913472601161795,0.04746846418291921,0.10033605894089861,0.0846066335688952,0.1607584238489419,0.08251737180889274,0.2012569152001566,0.17147172736720645,0.1707471612414489,0.039505027403717446,0.1844002220610261,0.19501753224733429
12190,2,max_steps,3,2,0,1065.651513282238,3500,963.5,963.5,0.05,0.1,5.470460414886475,35.007102966308594,-137.3514404296875,544.3617553710938,1000.0,74.52326790511053,2540,-6.9959999999994515,-1.8757546228642565,0.0,0.3044718609377823,"{1: 58, 2: 26, 3: 5, 4: 46, 5: 50, 6: 165}","{4: 16, 3: 233, 2: 17, 0: 74, 1: 10}","{1: 308, 0: 13, 2: 29}","{1: 303, 2: 6, 0: 41}","{1: 285, 0: 26, 2: 39}","{1: 266, 0: 48, 2: 36}",0.05124191391099285,0.027240029509067162,0.06639294056786035,0.08994474995396018,0.15370914665497126,0.060682702376462595,0.2051624836911816,0.17368185387998722,0.17232870851168322,0.002798500173175887,0.20685200599910575,0.22099523376813457
12200,2,crash,3,2,1,779.3429127538398,3452,1672.5,1672.5,0.05,0.1,5.469921112060547,34.9742546081543,-137.3514404296875,532.2846069335938,1000.0,99.02550206119157,2463,-6.899999999999462,-12.782589307357881,-300.0,0.22576561783135565,"{5: 56, 4: 13, 3: 2, 0: 250, 1: 5, 2: 8, 6: 11}","{0: 9, 1: 28, 2: 16, 3: 86, 6: 180, 5: 18, 4: 8}","{1: 274, 2: 23, 0: 48}","{1: 310, 0: 12, 2: 23}","{1: 272, 2: 22, 0: 51}","{1: 313, 2: 9, 0: 23}",0.036428844098191186,0.022786814003687785,0.052903532020889654,0.050306438633462264,0.24937846402494215,0.059913962830435305,0.2656970210701287,0.14819314863428917,0.259342986794171,0.002724023488373775,0.29856936741825807,0.06575657143301179
12210,2,crash,3,3,1,1267.0068370241052,2541,801.3333333333334,528.0,0.05,0.1,5.475339412689209,35.024478912353516,-137.3514404296875,532.2846069335938,1500.0,83.3585546283467,1626,-5.075999999999663,-11.275717604227285,-300.0,0.49862528021413033,"{1: 39, 2: 19, 3: 17, 4: 62, 5: 50, 6: 67}","{5: 8, 4: 55, 3: 167, 2: 19, 1: 5}","{1: 175, 0: 19, 2: 60}","{1: 225, 2: 17, 0: 12}","{1: 166, 0: 27, 2: 61}","{1: 185, 0: 47, 2: 22}",0.09883123905718325,0.03917808277185869,0.11801351860031964,0.1119526643473791,0.2044325212690951,0.06109831975195792,0.24591054794851566,0.2100108867924144,0.20825538640029767,0.07526426994818246,0.24706005028892145,0.2363824884654917
12220,2,max_steps,3,1,0,592.9913705833516,3500,506.0,506.0,0.05,0.1,5.486960411071777,35.10002899169922,-137.3514404296875,536.5791015625,500.0,99.98937058333809,2060,-6.997999999999451,0.0,0.0,0.16942610588095758,"{2: 49, 3: 14, 6: 63, 5: 92, 4: 132}","{2: 27, 3: 316, 4: 7}","{1: 291, 2: 40, 0: 19}","{1: 334, 0: 16}","{1: 247, 2: 70, 0: 33}","{1: 235, 2: 54, 0: 61}",0.0990061435048768,0.017224474341705587,0.13930066485423107,0.13074935246352737,0.17899303118541043,0.05432268258515709,0.2487287188131665,0.23144001616426407,0.11155436493732333,0.059595089686731724,0.26943351941963717,0.3277258662423492
12230,2,crash,3,0,1,-321.70354230710814,1151,,,0.05,0.1,5.486904144287109,35.13935852050781,-137.3514404296875,542.6748046875,0.0,2.037021314238836,189,-2.301999999999968,-21.438563621347022,-300.0,-0.27949916794709656,{6: 115},"{3: 95, 4: 20}","{1: 112, 0: 3}","{1: 103, 0: 1, 2: 11}","{1: 106, 0: 9}","{1: 91, 0: 13, 2: 11}",0.07564103428669547,0.023232132189658358,0.08988127781639811,0.0662754676141255,0.12377791934858295,0.059840297405200915,0.15604693191331087,0.1715904282711551,,,,
12240,2,success,3,5,0,2645.4520523999504,3155,631.0,473.0,0.05,0.1,5.493972301483154,35.16114044189453,-137.3514404296875,536.5791015625,2500.0,151.7520523999412,2345,-6.299999999999528,0.0,0.0,0.838495103771775,"{2: 48, 3: 16, 4: 74, 5: 40, 6: 97, 0: 35, 1: 5}","{5: 3, 4: 21, 3: 205, 0: 21, 1: 34, 2: 31}","{1: 200, 0: 46, 2: 69}","{1: 274, 2: 12, 0: 29}","{1: 193, 0: 50, 2: 72}","{1: 244, 0: 39, 2: 32}",0.09701377620571516,0.02050236745064936,0.12863466697993997,0.10714327268761603,0.2727591170215391,0.06134982861258344,0.3104348753065091,0.19767476276515353,0.2373325808201058,0.017988654729598437,0.21629453634989965,0.16320425027221722
12250,2,success,3,5,0,2592.689217768864,3384,676.8,618.0,0.05,0.1,5.509707450866699,35.287845611572266,-137.3514404296875,540.7562866210938,2500.0,99.4472177688682,2560,-6.757999999999478,0.0,0.0,0.7661611163619575,"{4: 59, 3: 62, 2: 81, 5: 20, 6: 21, 0: 89, 1: 6}","{1: 67, 2: 33, 6: 34, 5: 17, 4: 30, 3: 129, 0: 28}","{1: 297, 0: 26, 2: 15}","{1: 238, 0: 60, 2: 40}","{1: 282, 0: 40, 2: 16}","{1: 295, 2: 19, 0: 24}",0.03879347800975906,0.03135553876985774,0.05837067619142458,0.0673463693574593,0.16579469642540032,0.0980574228139009,0.2225049848432803,0.1506196130415131,0.10588013196769921,0.06349758122635268,0.18463583748643383,0.13153820084054876
12260,2,crash,3,3,1,1247.2863039535093,2977,697.0,605.0,0.05,0.1,5.529824733734131,35.383056640625,-137.3514404296875,537.5072021484375,1500.0,88.57734941844278,2089,-5.947999999999567,-35.343045464918134,-300.0,0.41897423713587817,"{6: 21, 5: 84, 4: 83, 3: 23, 0: 27, 1: 24, 2: 35}","{3: 150, 6: 4, 5: 17, 4: 13, 0: 29, 1: 21, 2: 63}","{1: 240, 2: 35, 0: 22}","{1: 243, 2: 16, 0: 38}","{1: 235, 2: 43, 0: 19}","{1: 220, 2: 40, 0: 37}",0.06347247724680045,0.026450345469669442,0.07894682762401527,0.08569885875209574,0.18684237271491858,0.06290075690539546,0.23488640163281263,0.2089686347532036,0.18633642952207044,0.027754212570873897,0.24210569088044906,0.19459409687676063
12270,2,crash,3,4,1,1734.8354590661038,2526,604.5,635.0,0.05,0.1,5.550169944763184,35.47016906738281,-137.3514404296875,531.955810546875,2000.0,51.45369410229597,2006,-5.0439999999996665,-11.574235036187027,-300.0,0.6867915514909357,"{4: 200, 3: 37, 5: 4, 0: 11}","{4: 73, 3: 64, 1: 40, 2: 36, 5: 17, 0: 22}","{1: 237, 2: 15}","{1: 190, 0: 45, 2: 17}","{1: 232, 2: 20}","{1: 239, 0: 13}",0.03896084319348386,0.03923783622846984,0.049296061217399684,0.04669470942203516,0.12553687385298057,0.09647053638610117,0.16525459110706553,0.14357124141649283,0.18716081942141924,0.11059466757955216,0.23915067095231982,0.07760524988956825
12280,2,success,3,5,0,2591.7671612748427,3337,667.4,506.0,0.05,0.1,5.555966377258301,35.47138595581055,-137.3514404296875,530.3177490234375,2500.0,98.43116127484431,2411,-6.663999999999488,0.0,0.0,0.7766758049969562,"{1: 111, 2: 72, 3: 39, 6: 73, 5: 5, 4: 33}","{0: 89, 1: 16, 2: 27, 3: 147, 4: 25, 6: 18, 5: 11}","{1: 290, 0: 12, 2: 31}","{1: 258, 0: 31, 2: 44}","{1: 273, 0: 22, 2: 38}","{1: 294, 0: 24, 2: 15}",0.05419810274988047,0.012960576283619329,0.07333479241435338,0.078737496361551,0.1644710575803078,0.0993008671527438,0.21210819157149788,0.15136708219326053,0.1552627047014777,0.06878350865203021,0.2153742439632796,0.14372986595791495
12290,2,max_steps,3,2,0,1074.3424346598179,3500,1377.5,1377.5,0.05,0.1,5.565049648284912,35.53703689575195,-137.3514404296875,538.9631958007812,1000.0,81.33843465981968,2958,-6.9959999999994515,0.0,0.0,0.30695498133137655,"{6: 96, 5: 35, 4: 21, 3: 8, 1: 90, 2: 100}","{0: 38, 1: 20, 2: 23, 3: 93, 6: 143, 5: 17, 4: 16}","{1: 329, 2: 21}","{1: 228, 0: 71, 2: 51}","{1: 324, 2: 26}","{1: 329, 2: 13, 0: 8}",0.021722400657043228,0.04621690119825479,0.030227158421202882,0.03716768505332793,0.11803572984442827,0.07636452060062457,0.1447891841208776,0.1385713321286125,0.0882516937363253,0.05208382866919193,0.1103253474404097,0.10951769644920424
12300,2,max_steps,3,4,0,2113.258758566095,3500,715.0,780.0,0.05,0.1,5.583649635314941,35.625186920166016,-137.3514404296875,552.4896850585938,2000.0,126.07710748581046,2997,-6.991999999999452,-5.826348919712654,0.0,0.60378821673317,"{6: 85, 5: 58, 4: 70, 3: 39, 0: 48, 1: 16, 2: 34}","{1: 15, 2: 29, 3: 177, 5: 51, 4: 34, 6: 20, 0: 24}","{1: 298, 2: 31, 0: 21}","{1: 223, 0: 65, 2: 62}","{1: 297, 2: 31, 0: 22}","{1: 284, 2: 38, 0: 28}",0.041485679798943395,0.049667321480467555,0.05647267476911823,0.08573088804152569,0.1668934125147563,0.11775613729056042,0.2161509750875732,0.18123998170615238,0.14237704724390865,0.10690123118903994,0.1551440625067093,0.10864177912436802
12310,2,crash,3,1,1,216.30504014071386,790,657.0,657.0,0.05,0.1,5.587400436401367,35.60726547241211,-137.3514404296875,547.5826416015625,500.0,25.646131151319466,656,-1.5780000000000012,-7.763091010606431,-300.0,0.27380384827938464,"{0: 50, 1: 8, 2: 7, 6: 14}","{6: 5, 5: 18, 4: 9, 3: 33, 0: 14}","{1: 51, 0: 28}","{1: 62, 2: 17}","{1: 53, 0: 26}","{1: 53, 0: 9, 2: 17}",0.007899241642253063,0.050401204482523644,0.049896600311070655,0.08142554687273247,0.27429415624931086,0.08697733775947296,0.32304973142994103,0.1811393132615142,0.28709808386667074,0.004708948460153258,0.29035387683954456,0.1811639985996972
12320,2,max_steps,3,4,0,2090.3055767266915,3500,367.25,404.5,0.05,0.1,5.5937323570251465,35.61608123779297,-137.3514404296875,538.3031005859375,2000.0,114.05422487713103,2500,-6.991999999999452,-16.75664815044586,0.0,0.5972301647790547,"{3: 48, 2: 88, 4: 77, 6: 107, 5: 30}","{4: 26, 3: 147, 0: 20, 1: 8, 2: 131, 5: 18}","{1: 284, 0: 14, 2: 52}","{1: 292, 2: 27, 0: 31}","{1: 259, 0: 28, 2: 63}","{1: 261, 0: 48, 2: 41}",0.08457501262957046,0.023845238398627823,0.11512385026602487,0.10049798468557913,0.17566551551853346,0.06389813570430113,0.2200515027419553,0.2104468689321812,0.13242432661272835,0.09610054126849095,0.2060543413443782,0.13187603013142374
12330,2,crash,3,0,1,-297.6442086060269,1953,,,0.05,0.1,5.596893310546875,35.616546630859375,-137.3514404296875,543.4984130859375,0.0,21.669381498247496,540,-3.9059999999997914,-15.407590104274348,-300.0,-0.15240358863595846,"{5: 34, 6: 148, 4: 13}","{3: 108, 2: 83, 4: 4}","{1: 173, 2: 9, 0: 13}","{1: 187, 0: 8}","{1: 165, 0: 22, 2: 8}","{1: 164, 0: 15, 2: 16}",0.09064995306882684,0.017090411312073166,0.10719855212706843,0.07766326201422692,0.1516817860847351,0.05670059661285852,0.1888125485326665,0.1607049723481141,,,,
12340,2,crash,3,2,1,744.988622948573,3024,1013.0,1013.0,0.05,0.1,5.600894451141357,35.663944244384766,-137.3514404296875,558.3258666992188,1000.0,64.58081623563426,1614,-6.043999999999556,-13.54819328704882,-300.0,0.24635867160997785,"{5: 89, 6: 8, 4: 88, 3: 10, 0: 90, 1: 6, 2: 11}","{3: 118, 4: 27, 5: 54, 6: 3, 0: 25, 1: 75}","{1: 255, 2: 15, 0: 32}","{1: 261, 0: 24, 2: 17}","{1: 258, 2: 15, 0: 29}","{1: 262, 0: 16, 2: 24}",0.037890655978138274,0.02499483942346797,0.05712669508049884,0.06747469368116282,0.18766178625359728,0.06245896055786018,0.22522689023417333,0.1717001674196955,0.3200014934516974,0.0464574480324686,0.31175090732977767,0.2031994015900029
12350,2,success,3,5,0,2612.474969966115,3244,648.8,620.0,0.05,0.1,5.615678310394287,35.7562141418457,-137.3514404296875,558.3258666992188,2500.0,118.9529699661115,2691,-6.477999999999509,0.0,0.0,0.8053252065246964,"{4: 119, 3: 58, 0: 32, 1: 5, 2: 22, 6: 53, 5: 35}","{2: 67, 3: 155, 5: 18, 6: 9, 4: 16, 0: 13, 1: 46}","{1: 268, 0: 36, 2: 20}","{1: 260, 0: 40, 2: 24}","{1: 259, 2: 33, 0: 32}","{1: 270, 2: 16, 0: 38}",0.07129908383262083,0.021191315591863616,0.09539964775340298,0.09697556832157272,0.18604268171645083,0.06360957109737485,0.23488240195892773,0.17733141097705465,0.18464443939337002,0.11274581349676124,0.13384077375056613,0.23989506620205664
12360,2,max_steps,3,1,0,520.7547460592356,3500,290.0,290.0,0.05,0.1,5.626072883605957,35.799251556396484,-137.3514404296875,541.8880615234375,500.0,27.752746059225295,2271,-6.997999999999451,0.0,0.0,0.14878707030263874,"{5: 16, 4: 11, 3: 1, 1: 7, 0: 315}","{3: 28, 5: 31, 6: 291}","{1: 329, 2: 21}","{1: 347, 0: 3}","{1: 329, 2: 21}","{1: 330, 2: 5, 0: 15}",0.012633650875671271,0.012431604545164995,0.01850241988336943,0.02206756488954628,0.07650120252252131,0.034364878554208673,0.1308529826171037,0.12993979898309932,0.22630759734608688,0.008820749038136847,0.2992046584987238,0.011200248317416941
12370,2,max_steps,3,1,0,564.1443970245348,3500,734.0,734.0,0.05,0.1,5.632905006408691,35.808799743652344,-137.3514404296875,541.9134521484375,500.0,71.62568195997224,2948,-6.997999999999451,-0.48328493544305573,0.0,0.16118411343558137,"{5: 57, 4: 13, 3: 3, 0: 191, 1: 80, 2: 6}","{0: 10, 1: 16, 2: 16, 3: 56, 6: 219, 5: 17, 4: 16}","{1: 311, 2: 22, 0: 17}","{1: 310, 0: 20, 2: 20}","{1: 309, 2: 21, 0: 20}","{1: 331, 2: 4, 0: 15}",0.026778671526759106,0.026783021542404577,0.03978151158887504,0.03630725645750362,0.15507421367106358,0.06064804493697049,0.19146802757785217,0.13993621868074393,0.2273039837307616,0.0049928473840214985,0.27956484301335316,0.09064705012709492
12380,2,max_steps,3,0,0,37.49777220337148,3500,,,0.05,0.1,5.6377458572387695,35.851863861083984,-137.3514404296875,541.248046875,0.0,44.49777220337165,1604,-6.999999999999451,0.0,0.0,0.010713649200963281,"{4: 213, 5: 66, 6: 48, 3: 23}","{2: 3, 3: 294, 4: 53}","{1: 343, 2: 7}","{1: 326, 0: 24}","{1: 313, 2: 25, 0: 12}","{1: 301, 2: 37, 0: 12}",0.04858743566436105,0.02259643042624203,0.06541634116660586,0.061784264346948024,0.13434600522115853,0.05844068753050401,0.18360058762964643,0.1554466064596547,0.09866676042353359,0.05741091301709108,0.11431746499481567,0.12845409135924982
12390,2,max_steps,3,0,0,41.46608355461609,3500,,,0.05,0.1,5.636354446411133,35.812740325927734,-135.84561157226562,537.39990234375,0.0,48.46608355461613,1712,-6.999999999999451,0.0,0.0,0.011847452444176025,"{6: 224, 5: 71, 4: 55}","{4: 9, 3: 315, 2: 26}","{1: 344, 2: 6}","{1: 334, 2: 13, 0: 3}","{1: 311, 2: 29, 0: 10}","{1: 277, 2: 42, 0: 31}",0.027072299925985158,0.01470226849568088,0.04030287638550407,0.04420604626172136,0.12508439553595604,0.04849300726591308,0.18420134681865405,0.1831660906069326,,,,
12400,2,crash,3,1,1,232.72414948727493,1813,1687.0,1687.0,0.05,0.1,5.643918037414551,35.84950256347656,-135.84561157226562,545.131591796875,500.0,51.419608505266716,877,-3.6239999999998225,-15.071459017992126,-300.0,0.1283641199598869,"{0: 155, 1: 5, 2: 7, 3: 1, 6: 13}","{1: 7, 2: 34, 3: 127, 6: 13}","{1: 143, 0: 38}","{1: 164, 0: 17}","{1: 146, 0: 35}","{1: 157, 0: 12, 2: 12}",0.05464024690355997,0.01699941216304817,0.05830284874949803,0.05798483916231646,0.28460193911814374,0.05545243412141981,0.3197086896315153,0.15861874424764,0.2495681756907046,0.0018345393977721729,0.14219408012067652,0.15838202245673896
12410,2,max_steps,3,0,0,25.80301348555879,3500,,,0.05,0.1,5.651456356048584,35.881874084472656,-135.84561157226562,561.3851318359375,0.0,38.68672412246698,1557,-6.999999999999451,-5.883710636908048,0.0,0.007372289567302511,"{5: 55, 4: 267, 6: 28}","{5: 8, 4: 15, 3: 290, 2: 37}","{1: 335, 0: 6, 2: 9}","{1: 325, 2: 22, 0: 3}","{1: 327, 0: 10, 2: 13}","{1: 323, 0: 10, 2: 17}",0.016531148879839253,0.014916345220937634,0.02158976062135836,0.02824120199174741,0.10800808600481375,0.05400141613647553,0.14238386518976173,0.14466585431399787,0.06837581308588908,0.018026174932967706,0.10964142766529958,0.137302546641661
12420,2,crash,3,3,1,1256.5708334608432,1489,469.0,402.0,0.05,0.1,5.654177188873291,35.87982940673828,-135.84561157226562,568.5396118164062,1500.0,67.32848375797322,1266,-2.9719999999998943,-7.785650297128857,-300.0,0.8439025073612111,"{5: 28, 4: 11, 2: 23, 1: 31, 0: 46, 3: 1, 6: 8}","{4: 29, 3: 77, 1: 20, 2: 14, 0: 8}","{1: 101, 2: 12, 0: 35}","{1: 128, 0: 15, 2: 5}","{1: 102, 2: 13, 0: 33}","{1: 102, 2: 24, 0: 22}",0.10091207825410078,0.035530742737216084,0.12593149329102016,0.13217904546130438,0.22023197378275833,0.061257760746946784,0.2747628208867085,0.2685970339100109,0.28263808674565494,0.02736973732065847,0.23751385004485442,0.31168521591505055
12430,2,crash,3,1,1,212.3061414402468,648,504.0,504.0,0.05,0.1,5.6598381996154785,35.905582427978516,-135.84561157226562,562.439208984375,500.0,22.22927384056311,503,-1.294000000000001,-8.62913240031726,-300.0,0.32763293432136853,"{0: 34, 1: 8, 2: 8, 6: 14}","{4: 12, 3: 52}","{1: 36, 0: 28}","{1: 45, 2: 15, 0: 4}","{1: 37, 0: 27}","{1: 44, 0: 9, 2: 11}",0.09836008196822899,0.040166395949691375,0.12134817041986065,0.05897418242355118,0.267909897506743,0.10041177613405819,0.3164734041572522,0.24684676090552968,0.28113718833849183,0.0030648505677688107,0.31471063239239644,0.06961169855236261
12440,2,max_steps,3,3,0,1547.0295426126272,3500,1115.6666666666667,854.0,0.05,0.1,5.668424606323242,35.946205139160156,-135.84561157226562,561.5834350585938,1500.0,69.01430830768896,2654,-6.993999999999452,-14.990765695069816,0.0,0.4420084407464649,"{1: 14, 2: 38, 3: 63, 4: 26, 6: 198, 5: 11}","{3: 57, 0: 24, 1: 44, 2: 17, 4: 190, 5: 14, 6: 4}","{1: 306, 0: 24, 2: 20}","{1: 328, 0: 15, 2: 7}","{1: 305, 0: 21, 2: 24}","{1: 306, 0: 24, 2: 20}",0.02834387529785306,0.016608489466777898,0.026966608458803866,0.03982990867630312,0.16072400702486905,0.05467279115156184,0.20012980786636694,0.16346839694689977,0.21250136270168532,0.1253020117316085,0.3048220905385149,0.2601348978271185
12450,2,max_steps,3,3,0,1633.8709253390716,3500,860.6666666666666,611.0,0.05,0.1,5.687788486480713,36.026676177978516,-135.84561157226562,560.0468139648438,1500.0,145.41238759568213,2736,-6.993999999999452,-4.547462256597138,0.0,0.4668202643825919,"{6: 140, 5: 27, 4: 27, 3: 4, 0: 139, 1: 5, 2: 8}","{4: 10, 3: 236, 5: 18, 0: 65, 1: 10, 2: 11}","{1: 255, 2: 48, 0: 47}","{1: 277, 2: 22, 0: 51}","{1: 245, 2: 58, 0: 47}","{1: 252, 2: 40, 0: 58}",0.09218531271282177,0.023772077951551084,0.10066210479600778,0.09519266724509637,0.22364620303590887,0.07878659630782574,0.2650387563672202,0.2401488143588718,0.2398188843567223,0.046979268802432826,0.20316557052107065,0.2306757941734843
12460,2,max_steps,3,4,0,2110.6230711069243,3500,850.0,725.5,0.05,0.1,5.712244510650635,36.128814697265625,-135.84561157226562,582.364990234375,2000.0,117.6150711069274,2418,-6.991999999999452,0.0,0.0,0.6030351631734069,"{5: 98, 4: 114, 3: 58, 6: 13, 0: 53, 1: 8, 2: 6}","{1: 21, 2: 32, 3: 213, 6: 26, 5: 7, 4: 36, 0: 15}","{1: 282, 2: 26, 0: 42}","{1: 296, 0: 36, 2: 18}","{1: 254, 2: 44, 0: 52}","{1: 220, 2: 64, 0: 66}",0.07578279053802581,0.03190081500745902,0.1049138327077477,0.1343133408781525,0.20735218593556987,0.06279635189042884,0.28162542564481813,0.3052890990244522,0.16369463049150548,0.03291562641367187,0.208621540922506,0.2787412378425713
12470,2,max_steps,3,3,0,1577.3677484414336,3500,639.3333333333334,551.0,0.05,0.1,5.72677755355835,36.1668815612793,-135.84561157226562,559.3001708984375,1500.0,84.36174844144206,2803,-6.993999999999452,0.0,0.0,0.4506764995546953,"{4: 44, 3: 6, 5: 60, 6: 26, 2: 17, 1: 138, 0: 59}","{2: 52, 3: 156, 4: 36, 5: 10, 0: 77, 1: 19}","{1: 332, 2: 8, 0: 10}","{1: 296, 0: 40, 2: 14}","{1: 318, 2: 19, 0: 13}","{1: 316, 2: 20, 0: 14}",0.04019311297220052,0.028332335912019332,0.04343933249139886,0.05129044752108051,0.13238905354552172,0.06165103701384984,0.17139163090387358,0.14916685159253515,0.14045662745535,0.06273943003222596,0.17989077684699153,0.12601102903410658
12480,2,max_steps,3,0,0,10.89271401779397,3500,,,0.05,0.1,5.737285614013672,36.21147537231445,-135.84561157226562,578.4306640625,0.0,17.89271401779404,1624,-6.999999999999451,0.0,0.0,0.0031122040050839917,"{2: 23, 3: 23, 4: 304}","{6: 41, 5: 18, 4: 20, 3: 271}",{1: 350},"{1: 333, 2: 17}","{1: 344, 0: 6}",{1: 350},0.009712965956408071,0.014753873043071717,0.014978158597304836,0.019479282218833285,0.0375405801944891,0.05444693962184896,0.05705082972295416,0.07259415826235317,0.0301950305170232,0.027978010957834993,0.05295396355340656,0.06434143239495883
12490,2,max_steps,3,3,0,1559.54473585988,3500,1134.3333333333333,1332.0,0.05,0.1,5.738184452056885,36.170345306396484,-135.84561157226562,550.8365478515625,1500.0,66.53873585989548,2622,-6.993999999999452,0.0,0.0,0.44558421024567996,"{3: 41, 2: 166, 4: 118, 5: 25}","{0: 20, 1: 7, 2: 6, 3: 129, 6: 71, 5: 90, 4: 27}","{1: 331, 2: 19}","{1: 253, 0: 31, 2: 66}","{1: 331, 2: 19}","{1: 322, 2: 16, 0: 12}",0.007193726360519528,0.02973474358815764,0.00964969392572423,0.012668262753170744,0.07992112181800648,0.09125256631625778,0.10320064881797303,0.113482744286643,0.19174607937956079,0.15746284984566525,0.17675643267465996,0.1895259779085378
12500,2,crash,3,2,1,748.4752209631786,895,387.5,387.5,0.05,0.1,5.748588562011719,36.23208999633789,-135.84561157226562,552.815185546875,1000.0,60.09322490976973,637,-1.7860000000000014,-9.832003946591595,-300.0,0.8362851630873503,"{5: 13, 4: 18, 0: 39, 1: 5, 2: 7, 3: 7}","{4: 1, 3: 76, 6: 12}","{1: 31, 2: 16, 0: 42}","{1: 87, 0: 2}","{1: 33, 2: 17, 0: 39}","{1: 55, 2: 15, 0: 19}",0.1948989685929125,0.027950581770804922,0.22666939801102828,0.13249936057609493,0.332871651635769,0.04210793104731347,0.40905980936135605,0.3771950738600466,0.2707517634938168,0.005310499962082525,0.2701642658307026,0.13321478247838353
12510,2,max_steps,3,4,0,2108.031991376145,3500,819.75,797.0,0.05,0.1,5.7624192237854,36.314605712890625,-135.84561157226562,555.2919921875,2000.0,118.69953102939336,3105,-6.991999999999452,-3.675539653244396,0.0,0.6022948546788985,"{3: 52, 4: 131, 0: 95, 1: 18, 2: 31, 6: 23}","{6: 57, 5: 26, 4: 18, 3: 101, 0: 95, 1: 32, 2: 21}","{1: 319, 2: 13, 0: 18}","{1: 167, 2: 88, 0: 95}","{1: 312, 2: 20, 0: 18}","{1: 329, 0: 19, 2: 2}",0.04187095949887193,0.060374166747691554,0.04374072187319297,0.05169874917899431,0.13801994019741723,0.12588161030791856,0.18419269808096136,0.13941685098090525,0.15872453715629617,0.1421292841600164,0.23204366951474587,0.07452031810230035
12520,2,crash,3,1,1,216.28698890151043,540,439.0,439.0,0.05,0.1,5.775458812713623,36.39594650268555,-141.3625946044922,543.305419921875,500.0,23.20967263734565,438,-1.0780000000000007,-5.844683735835808,-300.0,0.400531460928723,"{0: 29, 1: 7, 2: 7, 6: 11}","{4: 6, 3: 48}","{1: 29, 0: 25}","{1: 43, 2: 7, 0: 4}","{1: 25, 0: 29}","{1: 40, 0: 4, 2: 10}",0.12631695522809097,0.029724053756011205,0.19904659657728344,0.13736269503103335,0.30511516512466136,0.06163321967032547,0.36752854203634266,0.2463723927346004,0.3074211986406503,0.016602436384574627,0.371998538177507,0.06727350612450841
12530,2,max_steps,3,2,0,1042.670633302066,3500,1490.5,1490.5,0.05,0.1,5.786787509918213,36.4163932800293,-141.3625946044922,541.7504272460938,1000.0,52.2720446283047,2422,-6.9959999999994515,-2.6054113262342047,0.0,0.2979058952291617,"{4: 134, 3: 146, 5: 18, 0: 29, 1: 23}","{1: 18, 2: 10, 3: 262, 4: 8, 6: 52}","{1: 339, 2: 11}","{1: 290, 0: 35, 2: 25}","{1: 338, 2: 12}","{1: 331, 2: 8, 0: 11}",0.0061352915638575815,0.013899394604016076,0.010474393206608408,0.010415383993979385,0.07173435146638898,0.06977477884835201,0.0846654682783781,0.07774259967418677,0.015268387102322862,0.06012144368121237,0.019165215573278892,0.017329605504184203
12540,2,success,3,5,0,2563.8146388592263,1864,372.8,346.0,0.05,0.1,5.795008182525635,36.47314453125,-141.3625946044922,563.1732788085938,2500.0,67.53263885922793,1681,-3.717999999999812,0.0,0.0,1.3754370380146064,"{6: 19, 5: 11, 4: 11, 3: 29, 2: 92, 1: 24}","{2: 25, 3: 80, 4: 45, 6: 20, 5: 16}","{1: 164, 2: 13, 0: 9}","{1: 163, 0: 7, 2: 16}","{1: 154, 2: 15, 0: 17}","{1: 151, 2: 13, 0: 22}",0.06781828852728415,0.02916450584251621,0.05808628029558466,0.07122577271791727,0.16022732206342075,0.06054790109645253,0.2062799790990691,0.15980770223722013,0.12300514279755947,0.055461555580912675,0.19813311859543675,0.2730763815274273
12550,2,crash,3,1,1,221.71166680106074,617,564.0,564.0,0.05,0.1,5.803015232086182,36.529232025146484,-145.211669921875,559.2882080078125,500.0,28.129103599267484,563,-1.2320000000000009,-5.185436798206876,-300.0,0.3593381957877808,"{0: 41, 1: 7, 2: 6, 3: 2, 6: 5}","{2: 15, 3: 41, 6: 5}","{1: 37, 0: 24}","{1: 50, 0: 11}","{1: 31, 0: 30}","{1: 56, 0: 1, 2: 4}",0.08663114152973853,0.015001258933121583,0.1795779605303777,0.09125442992786462,0.31233556197491347,0.0605903205999999,0.3618721963942379,0.14367121906043331,0.3167842756804638,0.0433222170955167,0.36095453764890084,0.10487823166008267
12560,2,max_steps,3,1,0,526.6571109369232,3500,1070.0,1070.0,0.05,0.1,5.8051066398620605,36.49720001220703,-145.211669921875,545.5578002929688,500.0,33.65511093691436,2453,-6.997999999999451,0.0,0.0,0.15047346026769234,"{4: 105, 3: 7, 1: 104, 2: 134}","{4: 19, 3: 281, 1: 17, 2: 33}",{1: 350},"{1: 326, 2: 6, 0: 18}","{1: 345, 0: 5}","{1: 338, 0: 10, 2: 2}",0.014998640783114792,0.018239727471856225,0.023960045626411547,0.026254571059019585,0.07687608619525566,0.0588902844809668,0.09627937226331762,0.11334728017209918,0.032090221669321725,0.05776898160491439,0.05200057751688968,0.04640012157279093
12570,2,crash,3,2,1,727.4010825561202,1225,392.0,392.0,0.05,0.1,5.813744068145752,36.525123596191406,-145.211669921875,601.1231689453125,1000.0,39.951837519119664,971,-2.445999999999952,-10.104754962999534,-300.0,0.5937968020866287,"{3: 42, 0: 41, 1: 7, 2: 8, 4: 24}","{5: 10, 4: 8, 3: 41, 2: 19, 0: 44}","{1: 99, 0: 23}","{1: 88, 2: 22, 0: 12}","{1: 95, 0: 27}","{1: 95, 0: 13, 2: 14}",0.023381294319823,0.03179425858987953,0.06395467920766343,0.07763797667761443,0.20986765024484202,0.08587268371414777,0.2690172344976603,0.2450395209984058,0.16589269519118524,0.1391033431925929,0.046776780895959075,0.2084663913209179
12580,2,max_steps,3,1,0,589.4235290010848,3500,645.0,645.0,0.05,0.1,5.826143264770508,36.55806350708008,-145.211669921875,604.7400512695312,500.0,96.4215290010767,2542,-6.997999999999451,0.0,0.0,0.16840672257173853,"{0: 43, 1: 8, 2: 11, 3: 2, 6: 78, 5: 44, 4: 164}","{1: 7, 2: 45, 3: 285, 5: 6, 4: 7}","{1: 319, 0: 16, 2: 15}","{1: 317, 0: 18, 2: 15}","{1: 310, 0: 19, 2: 21}","{1: 282, 0: 42, 2: 26}",0.06010061973892917,0.016921253524987103,0.07518301756741358,0.08136483255242856,0.14816496171909654,0.057724891252588006,0.1846123956450666,0.1833733644692167,0.13063793772347043,0.017510415308737513,0.023190955431142846,0.11817596081130109
12590,2,max_steps,3,4,0,2098.563610387559,3500,764.75,707.0,0.05,0.1,5.843343257904053,36.553409576416016,-145.211669921875,524.9388427734375,2000.0,105.55561038755498,2570,-6.991999999999452,0.0,0.0,0.599589602967874,"{3: 71, 2: 95, 4: 73, 6: 72, 5: 39}","{6: 23, 5: 43, 4: 32, 1: 33, 0: 21, 2: 47, 3: 151}","{1: 277, 0: 26, 2: 47}","{1: 255, 2: 45, 0: 50}","{1: 257, 0: 39, 2: 54}","{1: 274, 2: 37, 0: 39}",0.0703486110099707,0.04249785171332529,0.09520281612081469,0.094244205792459,0.18828827998120268,0.0878062098749974,0.2514503095388233,0.23657154005724051,0.1580921465566747,0.05077674409983966,0.24675826103166354,0.2730990384991399
12600,2,crash,3,2,1,695.9129395122835,1366,650.0,650.0,0.05,0.1,5.865259170532227,36.681644439697266,-145.211669921875,556.5513916015625,1000.0,33.37987335943892,1162,-2.727999999999921,-34.73893384715752,-300.0,0.509453103596108,"{4: 50, 3: 5, 2: 36, 1: 45}","{1: 14, 2: 25, 3: 90, 6: 7}","{1: 108, 2: 13, 0: 15}","{1: 105, 0: 29, 2: 2}","{1: 103, 2: 14, 0: 19}","{1: 112, 0: 20, 2: 4}",0.05417972402777202,0.04495687980798482,0.08971613900050232,0.09631714972829912,0.18684686926502608,0.0796900064572213,0.24593545727596106,0.15576902640381432,0.19212195102811783,0.09314902579766243,0.28187695788188116,0.10059221381524736
12610,2,max_steps,3,2,0,1079.925558933326,3500,799.5,799.5,0.05,0.1,5.864272117614746,36.64945602416992,-145.211669921875,545.2327270507812,1000.0,86.92155893334213,2483,-6.9959999999994515,0.0,0.0,0.308550159695236,"{1: 48, 2: 112, 3: 39, 6: 55, 5: 8, 4: 11, 0: 77}","{0: 49, 1: 32, 2: 78, 3: 158, 6: 22, 5: 6, 4: 5}","{1: 334, 2: 16}","{1: 269, 0: 46, 2: 35}","{1: 321, 2: 16, 0: 13}","{1: 314, 0: 27, 2: 9}",0.02999754726028842,0.03291240834388444,0.04686879485395036,0.05825408309375341,0.11433076953895235,0.10559446625069539,0.16933664706135795,0.1510213485423801,0.0386320386527412,0.061048886567997396,0.0601719790890734,0.07679717040519717
12620,2,max_steps,3,4,0,2097.221983861909,3500,794.0,718.0,0.05,0.1,5.864528179168701,36.61301803588867,-145.211669921875,544.3782958984375,2000.0,104.21398386190552,2569,-6.991999999999452,0.0,0.0,0.5992062811034026,"{1: 91, 0: 56, 2: 10, 3: 51, 4: 66, 5: 22, 6: 54}","{3: 219, 2: 30, 1: 21, 6: 36, 5: 14, 4: 6, 0: 24}","{1: 319, 0: 19, 2: 12}","{1: 255, 0: 55, 2: 40}","{1: 307, 0: 18, 2: 25}","{1: 296, 0: 26, 2: 28}",0.04473564970013398,0.0271883623131853,0.06677976364338215,0.07238235433514686,0.14330160117029186,0.12972279453390914,0.19056882234828115,0.16419958086149972,0.16007685320450551,0.13000591093747804,0.16709348464585708,0.16931172079026313
12630,2,success,3,5,0,2600.6490085007576,2808,561.6,445.0,0.05,0.1,5.882381439208984,36.732398986816406,-145.211669921875,566.7672729492188,2500.0,106.25500850075774,2200,-5.605999999999605,0.0,0.0,0.9261570543093867,"{3: 28, 0: 28, 1: 7, 2: 44, 5: 86, 4: 29, 6: 58}","{1: 21, 2: 22, 3: 188, 6: 25, 5: 10, 4: 14}","{1: 259, 0: 19, 2: 2}","{1: 230, 0: 28, 2: 22}","{1: 231, 0: 27, 2: 22}","{1: 238, 0: 14, 2: 28}",0.08191273132025881,0.02815498317376844,0.09819527931142097,0.08286061181363204,0.1471662988640851,0.07822589262622673,0.19798112605814402,0.15908367581053964,0.15650704464057158,0.1494977554529336,0.19572083078944122,0.18692281893849338
12640,2,max_steps,3,4,0,2103.3107263634893,3500,825.5,875.0,0.05,0.1,5.8977274894714355,36.73964309692383,-145.211669921875,557.4257202148438,2000.0,110.30272636349343,2721,-6.991999999999452,0.0,0.0,0.6009459218181398,"{5: 78, 4: 100, 0: 36, 1: 7, 2: 39, 3: 90}","{5: 26, 4: 31, 3: 136, 1: 11, 2: 46, 0: 39, 6: 61}","{1: 289, 2: 36, 0: 25}","{1: 250, 2: 49, 0: 51}","{1: 281, 2: 35, 0: 34}","{1: 304, 0: 35, 2: 11}",0.044820807277814415,0.03531458647370385,0.05714819101167591,0.06577062901875325,0.1959675230710001,0.09166626113060328,0.2564054741626236,0.16382170235915172,0.10047800577663324,0.024532693397548423,0.18692012061158056,0.10369394296286914
12650,2,success,3,5,0,2590.3962994346216,2591,518.2,394.0,0.05,0.1,5.904590129852295,36.77845001220703,-145.211669921875,570.396484375,2500.0,95.56829943460629,2105,-5.171999999999652,0.0,0.0,0.9997670009396455,"{3: 66, 4: 36, 5: 22, 2: 35, 0: 96, 1: 4}","{6: 17, 5: 24, 4: 23, 3: 128, 2: 33, 0: 10, 1: 24}","{1: 219, 2: 16, 0: 24}","{1: 163, 2: 61, 0: 35}","{1: 212, 2: 16, 0: 31}","{1: 228, 2: 1, 0: 30}",0.02421747391998415,0.05300285477449257,0.034776023640591465,0.04821740820935659,0.19858809233715943,0.12046907959872576,0.2643975443941351,0.17418101032046573,0.17908756669116208,0.12539472127102513,0.09939415243592543,0.12328563388283162
12660,2,crash,3,2,1,718.3198482781581,2964,1016.0,1016.0,0.05,0.1,5.912124156951904,36.776519775390625,-145.211669921875,565.1384887695312,1000.0,77.19488716285976,1688,-5.92399999999957,-52.95103888469585,-300.0,0.24234812694944607,"{6: 22, 5: 75, 4: 91, 3: 15, 0: 93}","{3: 146, 2: 25, 6: 27, 5: 10, 4: 14, 0: 58, 1: 16}","{1: 252, 2: 40, 0: 4}","{1: 214, 2: 26, 0: 56}","{1: 218, 2: 45, 0: 33}","{1: 223, 2: 22, 0: 51}",0.07481085013333527,0.04434530598341867,0.09654910238954792,0.12256556619027213,0.16920722739933824,0.0998138498618934,0.2333067483786871,0.2486095609788536,0.19730150482667577,0.027915715394132578,0.23246493082571823,0.30347089410849426
12670,2,crash,3,0,1,-320.35835494711233,1082,,,0.05,0.1,5.905153751373291,36.72332000732422,-145.211669921875,565.1384887695312,0.0,0.5504315826021539,114,-2.1639999999999833,-18.744786529714453,-300.0,-0.2960798104871648,{6: 108},{3: 108},{1: 108},"{1: 101, 2: 7}",{1: 108},"{1: 104, 0: 2, 2: 2}",0.08578758193129196,0.009487338648790727,0.07780016661287384,0.07603930117994773,0.12918001065252224,0.03153794191251242,0.15690808710498194,0.1388357708206928,,,,
12680,2,max_steps,3,1,0,557.478890389311,3500,2491.0,2491.0,0.05,0.1,5.901914119720459,36.65850067138672,-145.211669921875,527.0111083984375,500.0,65.80370902571363,2327,-6.997999999999451,-1.326818636403593,0.0,0.15927968296837458,"{6: 172, 5: 33, 4: 43, 3: 1, 0: 101}","{3: 202, 2: 47, 0: 101}","{1: 332, 2: 18}","{1: 339, 2: 4, 0: 7}","{1: 318, 2: 24, 0: 8}","{1: 307, 2: 20, 0: 23}",0.0404701264334039,0.015840198688441845,0.050577352089145405,0.03108017520408185,0.12442506167723817,0.05479863668770103,0.16561453548817345,0.1739757564810914,0.20167787036087,0.006876233619100095,0.20467600553453327,0.3067706687312079
12690,2,max_steps,3,4,0,2089.5155789809173,3500,735.25,798.5,0.05,0.1,5.914010524749756,36.72587966918945,-145.211669921875,577.8118286132812,2000.0,96.50757898091773,2620,-6.991999999999452,0.0,0.0,0.597004451137405,"{0: 34, 1: 13, 2: 25, 4: 92, 5: 61, 3: 71, 6: 54}","{5: 28, 4: 74, 3: 143, 0: 24, 1: 14, 2: 41, 6: 26}","{1: 294, 0: 27, 2: 29}","{1: 249, 2: 62, 0: 39}","{1: 280, 0: 29, 2: 41}","{1: 297, 0: 28, 2: 25}",0.049211209299725965,0.04541789999774408,0.07113697675208072,0.0754698110575878,0.17382851596929885,0.07627290843940975,0.23306719368559767,0.18311771005895577,0.16774039038132205,0.06186779250561482,0.20307368836959444,0.24379688886082085
12700,2,max_steps,3,2,0,1106.6098975457135,3500,1543.0,1543.0,0.05,0.1,5.92535924911499,36.776702880859375,-145.211669921875,548.085693359375,1000.0,113.60589754570177,2341,-6.9959999999994515,0.0,0.0,0.31617425644163244,"{2: 60, 3: 14, 6: 52, 5: 80, 4: 102, 0: 42}","{6: 3, 5: 16, 4: 39, 3: 273, 1: 12, 2: 7}","{1: 287, 2: 49, 0: 14}","{1: 307, 2: 22, 0: 21}","{1: 232, 0: 54, 2: 64}","{1: 208, 0: 80, 2: 62}",0.09714873655758435,0.015681176244473467,0.12330034193767435,0.13374166891810818,0.1749967022901782,0.060652837680768096,0.27341617242150473,0.2996787165003496,0.14263026722794558,0.020636033145499708,0.27379824746153,0.36630234040753906
12710,2,crash,3,2,1,729.3112821075531,2051,984.0,984.0,0.05,0.1,5.940484046936035,36.83512878417969,-145.211669921875,582.6478271484375,1000.0,43.529520848347474,1154,-4.097999999999771,-10.120238740797886,-300.0,0.3555881433971492,"{3: 75, 2: 29, 6: 35, 5: 8, 4: 55, 1: 3}","{4: 54, 5: 7, 3: 128, 2: 16}","{1: 172, 2: 33}","{1: 203, 0: 2}","{1: 158, 0: 8, 2: 39}","{1: 170, 2: 15, 0: 20}",0.05076816537146856,0.019648904793854147,0.07487259416673706,0.05893496611813068,0.16920439745028223,0.04679034458462047,0.21915128182471091,0.17199897717122314,0.10348683280130803,0.04169744345055814,0.19872042378965574,0.11133136402467578
12720,2,crash,3,3,1,1254.8237886560175,2703,847.6666666666666,973.0,0.05,0.1,5.958378791809082,36.953224182128906,-145.211669921875,579.5531616210938,1500.0,75.70101729522277,1727,-5.399999999999627,-15.477228639201552,-300.0,0.4642337360917564,"{2: 34, 5: 82, 6: 52, 4: 96, 3: 2, 1: 4}","{3: 184, 1: 7, 2: 63, 6: 16}","{1: 229, 2: 34, 0: 7}","{1: 246, 0: 24}","{1: 200, 0: 31, 2: 39}","{1: 202, 0: 43, 2: 25}",0.08907463705733895,0.01869695588315838,0.11478249294641756,0.12597272276046376,0.16474907559744517,0.053246715540909796,0.23365459419518542,0.23923517630926452,0.15131150458308668,0.026106504117529322,0.2731188260345153,0.2870399861508373
12730,2,max_steps,3,4,0,2136.40851038193,3500,649.0,643.0,0.05,0.1,5.978251934051514,37.05543518066406,-145.211669921875,560.0352783203125,2000.0,143.4005103819175,3000,-6.991999999999452,0.0,0.0,0.6104024315376942,"{0: 118, 1: 23, 2: 23, 3: 36, 6: 73, 5: 20, 4: 57}","{0: 54, 1: 19, 2: 12, 3: 211, 6: 10, 5: 17, 4: 27}","{1: 272, 0: 35, 2: 43}","{1: 236, 0: 74, 2: 40}","{1: 267, 0: 35, 2: 48}","{1: 275, 0: 46, 2: 29}",0.057517607110748006,0.03746638868821629,0.07557915419278856,0.07963197179863515,0.2010969771272893,0.12835969833654026,0.2529652871479348,0.19184908224606817,0.19033483562746348,0.09173463934345853,0.15949198705032994,0.193790231863408
12740,2,max_steps,3,3,0,1584.527986186557,3500,1067.6666666666667,774.0,0.05,0.1,5.979401111602783,36.99351501464844,-145.211669921875,545.7694091796875,1500.0,91.52198618657769,2700,-6.993999999999452,0.0,0.0,0.4527222817675877,"{2: 66, 1: 7, 3: 43, 4: 149, 5: 51, 6: 34}","{0: 13, 1: 35, 2: 47, 3: 163, 6: 40, 5: 41, 4: 11}","{1: 321, 2: 29}","{1: 252, 0: 41, 2: 57}","{1: 310, 0: 9, 2: 31}","{1: 307, 0: 27, 2: 16}",0.04755622751455241,0.03300579779147962,0.07082670271105511,0.06931451864226751,0.14273117396931326,0.08130405394562962,0.18667045893172451,0.15246416255111087,0.21246792979842943,0.11457239299644587,0.2557220111337061,0.0860740621558215
12750,2,crash,3,1,1,214.74853958882233,591,476.0,476.0,0.05,0.1,5.981192588806152,36.96725082397461,-145.211669921875,545.7694091796875,500.0,25.48983350413472,475,-1.1800000000000008,-9.561293915313106,-300.0,0.36336470319597686,"{6: 32, 5: 7, 4: 8, 1: 6, 0: 6}","{2: 8, 3: 39, 4: 12}","{1: 32, 2: 27}","{1: 53, 0: 6}","{1: 32, 2: 27}","{1: 44, 2: 4, 0: 11}",0.1310520282435104,0.02918971660271779,0.14888697494285724,0.09714942404330545,0.26759808854737177,0.05683282183988284,0.3062643222848159,0.3809900775772423,0.27561572059644707,0.012127379468933054,0.28696003223672223,0.09580818721698674
12760,2,max_steps,3,4,0,2085.245772209285,3500,850.75,766.5,0.05,0.1,5.993564605712891,36.98700714111328,-145.211669921875,545.7694091796875,2000.0,122.39724703558848,2409,-6.991999999999452,-30.159474826286772,0.0,0.59578450634551,"{3: 64, 4: 60, 1: 53, 0: 27, 2: 31, 5: 38, 6: 77}","{5: 1, 4: 88, 3: 193, 1: 22, 2: 46}","{1: 225, 0: 60, 2: 65}","{1: 309, 2: 21, 0: 20}","{1: 224, 0: 59, 2: 67}","{1: 291, 0: 37, 2: 22}",0.10571606188736425,0.01847729669717224,0.11457640301594427,0.09392367557425918,0.2248826034098434,0.06040354539686764,0.2771134169569554,0.19829938143349116,0.2670933065485133,0.03438503229710996,0.2881826129039218,0.22758346573681804
12770,2,max_steps,3,2,0,1104.203505300372,3500,1402.0,1402.0,0.05,0.1,6.006699085235596,37.017662048339844,-145.211669921875,538.3484497070312,1000.0,113.66952421231625,2522,-6.9959999999994515,-2.470018911941981,0.0,0.3154867158001063,"{0: 114, 1: 8, 2: 60, 3: 10, 6: 143, 5: 7, 4: 8}","{0: 5, 1: 10, 2: 7, 3: 216, 6: 26, 5: 9, 4: 77}","{1: 286, 0: 15, 2: 49}","{1: 285, 0: 26, 2: 39}","{1: 267, 0: 34, 2: 49}","{1: 282, 0: 33, 2: 35}",0.036937274803535765,0.021724904298809418,0.061897588494895295,0.07408029241725973,0.2036209364240473,0.11231674121979617,0.2426934998066209,0.18452030905278025,0.19603904105349387,0.06162663795950906,0.08470627813335761,0.2688505529954185
12780,2,max_steps,3,3,0,1607.8441077075906,3500,857.0,888.0,0.05,0.1,6.009457588195801,37.01974868774414,-145.211669921875,543.5018920898438,1500.0,115.09121741796974,2926,-6.993999999999452,-0.2531097103761618,0.0,0.45938403077359735,"{6: 36, 5: 32, 4: 98, 3: 12, 0: 116, 1: 8, 2: 48}","{2: 46, 3: 207, 6: 33, 5: 17, 4: 15, 0: 23, 1: 9}","{1: 289, 2: 33, 0: 28}","{1: 270, 0: 45, 2: 35}","{1: 273, 2: 32, 0: 45}","{1: 271, 2: 20, 0: 59}",0.06357844478892968,0.03669019592124372,0.09287048179426888,0.10168931758931052,0.17454921326210088,0.06391529394438764,0.2263166390969521,0.20883261639638342,0.1810005899409599,0.05856774093327394,0.25513329385073097,0.1471676228531527
12790,2,crash,3,2,1,737.4239619626014,1745,820.0,820.0,0.05,0.1,6.020111560821533,37.070674896240234,-145.211669921875,541.7332763671875,1000.0,49.08618487284532,1078,-3.4859999999998377,-8.17622291024593,-300.0,0.42259252834533034,"{3: 36, 2: 28, 6: 89, 5: 6, 4: 6, 1: 5, 0: 4}","{1: 5, 2: 27, 3: 87, 6: 24, 5: 16, 4: 15}","{1: 140, 2: 34}","{1: 126, 0: 13, 2: 35}","{1: 135, 0: 6, 2: 33}","{1: 158, 0: 12, 2: 4}",0.03965457029582887,0.042445333265293074,0.06271341569595618,0.06780118993370451,0.258518670559522,0.062099512699428275,0.29052694619838243,0.14895080292875557,0.13034453329271886,0.05977261189202454,0.14911967330069553,0.14482578506418983
12800,2,success,3,5,0,2649.160917756677,3198,639.6,554.0,0.05,0.1,6.0319671630859375,37.08824920654297,-145.211669921875,563.1834716796875,2500.0,155.54691775667277,2538,-6.385999999999519,0.0,0.0,0.8283805246268533,"{0: 93, 1: 33, 2: 31, 3: 52, 6: 52, 5: 24, 4: 34}","{3: 228, 5: 9, 4: 16, 0: 32, 1: 17, 2: 17}","{1: 209, 0: 57, 2: 53}","{1: 250, 0: 58, 2: 11}","{1: 200, 0: 61, 2: 58}","{1: 221, 0: 44, 2: 54}",0.09622288739248298,0.02281733098703445,0.11464144702097398,0.10127356367448423,0.2331270082090815,0.09411281351203084,0.27998323242048595,0.24314563539667147,0.17368217923555723,0.06549119660241703,0.2523677175364217,0.2880994058424242
12810,2,max_steps,3,3,0,1634.749665823959,3500,884.0,623.0,0.05,0.1,6.04141092300415,37.093055725097656,-145.211669921875,516.3384399414062,1500.0,141.743665823955,3041,-6.993999999999452,0.0,0.0,0.4670713330925597,"{2: 167, 3: 28, 6: 105, 5: 5, 4: 8, 0: 27, 1: 10}","{6: 28, 5: 25, 4: 18, 3: 117, 0: 106, 1: 20, 2: 36}","{1: 255, 0: 53, 2: 42}","{1: 209, 2: 66, 0: 75}","{1: 261, 0: 49, 2: 40}","{1: 320, 0: 17, 2: 13}",0.051371253793223944,0.04831668588253644,0.05994664315592281,0.051806007432815875,0.19629935438528495,0.15904715914004514,0.22739586117228164,0.1490798116870664,0.20576246471826468,0.03813025194597725,0.2117055588324582,0.2969650714865991
12820,2,success,3,5,0,2607.625974406273,2565,513.0,530.0,0.05,0.1,6.054388999938965,37.147315979003906,-145.211669921875,524.9744873046875,2500.0,112.74597440628058,1951,-5.119999999999658,0.0,0.0,1.0166183136086835,"{1: 53, 2: 25, 6: 51, 5: 16, 4: 51, 3: 29, 0: 31}","{4: 23, 3: 187, 1: 7, 2: 24, 5: 15}","{1: 169, 0: 26, 2: 61}","{1: 234, 2: 14, 0: 8}","{1: 156, 0: 33, 2: 67}","{1: 175, 0: 43, 2: 38}",0.12081988709198674,0.022726197369509718,0.15107329791057536,0.1344494798189972,0.2370255808406456,0.05710060277664172,0.29231140569929337,0.26192747406249556,0.24105852527973545,0.03362126447299471,0.2528245188325295,0.3658425073616413
12830,2,success,3,5,0,2593.0442742311848,2761,552.2,573.0,0.05,0.1,6.07176399230957,37.22649002075195,-145.211669921875,551.52392578125,2500.0,98.55627423119437,2246,-5.511999999999615,0.0,0.0,0.9391685165632686,"{6: 48, 5: 7, 4: 47, 3: 65, 1: 29, 0: 42, 2: 38}","{1: 7, 2: 7, 3: 179, 4: 76, 5: 7}","{1: 214, 2: 21, 0: 41}","{1: 231, 0: 25, 2: 20}","{1: 213, 2: 20, 0: 43}","{1: 227, 2: 25, 0: 24}",0.04661287261943266,0.0333189975028193,0.06551792631384727,0.07041648079931917,0.21940316451232772,0.06230192031113556,0.28174239959062264,0.22874167964070846,0.16542866933024858,0.05760087839352295,0.14885179750815203,0.24224879342300026
12840,2,success,3,5,0,2598.3688741219994,3340,668.0,564.0,0.05,0.1,6.098180294036865,37.33882522583008,-145.211669921875,551.52392578125,2500.0,105.03887412199906,2259,-6.6699999999994874,0.0,0.0,0.7779547527311376,"{5: 57, 6: 78, 4: 39, 1: 55, 2: 74, 3: 31}","{0: 4, 1: 17, 2: 41, 3: 186, 6: 27, 5: 26, 4: 33}","{1: 294, 2: 40}","{1: 279, 0: 24, 2: 31}","{1: 269, 2: 41, 0: 24}","{1: 287, 0: 38, 2: 9}",0.07340161296959882,0.03510674454215784,0.09861856892041984,0.0892429484530152,0.1737233341732705,0.06266825684753867,0.22129453176163316,0.16534995652063733,0.14257523556377494,0.05663954196719718,0.12391694732770411,0.20084928094103827
12850,2,success,3,5,0,2602.6920756519344,3103,620.6,649.0,0.05,0.1,6.11783504486084,37.43779373168945,-145.211669921875,561.844482421875,2500.0,108.88807565193406,2886,-6.19599999999954,0.0,0.0,0.838766379520443,"{5: 40, 4: 100, 3: 37, 2: 84, 1: 36, 0: 13}","{0: 38, 1: 26, 2: 55, 3: 95, 6: 27, 5: 17, 4: 52}","{1: 281, 2: 13, 0: 16}","{1: 211, 0: 66, 2: 33}","{1: 269, 2: 20, 0: 21}","{1: 277, 2: 14, 0: 19}",0.058694938324188144,0.046305442774768266,0.06124854143860992,0.07086095742654344,0.14632871569287564,0.10870083050184155,0.1914375403963146,0.15029459934528475,0.1553436118395455,0.1236886300511182,0.23441413782312587,0.13038578284341704
12860,2,max_steps,3,2,0,1072.3812892762498,3500,1453.5,1453.5,0.05,0.1,6.129388332366943,37.44375991821289,-145.211669921875,563.2239990234375,1000.0,88.60692787669716,2071,-6.9959999999994515,-9.229638600451182,0.0,0.3063946540789285,"{4: 64, 5: 8, 3: 29, 0: 69, 1: 52, 2: 68, 6: 60}","{5: 11, 4: 29, 3: 154, 0: 25, 1: 47, 2: 84}","{1: 303, 2: 16, 0: 31}","{1: 303, 2: 3, 0: 44}","{1: 276, 2: 34, 0: 40}","{1: 273, 2: 45, 0: 32}",0.05983737415617046,0.023242458091650327,0.09351760750647636,0.1211051000176632,0.1644905851099264,0.06442517700237207,0.22393304024440733,0.20102950274719386,0.18075821896576688,0.05557846349884917,0.23418439713949624,0.28877456652170336
12870,2,max_steps,3,3,0,1580.9199743038232,3500,896.3333333333334,1041.0,0.05,0.1,6.133893013000488,37.47357940673828,-145.211669921875,563.2239990234375,1500.0,97.2577839775816,2607,-6.993999999999452,-9.343809673745085,0.0,0.45169142122966377,"{3: 30, 6: 35, 5: 29, 4: 39, 0: 111, 1: 27, 2: 79}","{4: 34, 3: 220, 0: 42, 1: 6, 2: 21, 6: 14, 5: 13}","{1: 308, 2: 28, 0: 14}","{1: 277, 2: 41, 0: 32}","{1: 287, 2: 33, 0: 30}","{1: 284, 2: 36, 0: 30}",0.05297256862836493,0.020317919439778537,0.07382294731725947,0.06800914378812122,0.1608939408769398,0.07797965521805555,0.20771662861376863,0.16548697949494526,0.16351046873649358,0.06041411346433898,0.09411907286912581,0.1982748148441708
12880,2,max_steps,3,0,0,72.77372736071848,3500,,,0.05,0.1,6.130691051483154,37.41890335083008,-145.211669921875,563.2239990234375,0.0,79.77372736071842,1719,-6.999999999999451,0.0,0.0,0.02079249353163385,"{6: 103, 5: 148, 4: 99}","{5: 13, 4: 21, 3: 316}","{1: 270, 2: 50, 0: 30}","{1: 324, 2: 21, 0: 5}","{1: 231, 2: 73, 0: 46}","{1: 222, 2: 63, 0: 65}",0.07028096355811103,0.017663564310055585,0.11566597666806647,0.1242055475664039,0.18927261309813578,0.05884490346534241,0.2930565044937671,0.41390986847737793,,,,
12890,2,max_steps,3,1,0,584.7951923993762,3500,287.0,287.0,0.05,0.1,6.125044822692871,37.360809326171875,-145.211669921875,563.2239990234375,500.0,91.79319239936333,2103,-6.997999999999451,0.0,0.0,0.16708434068553607,"{2: 28, 6: 91, 5: 128, 4: 103}","{4: 32, 3: 290, 2: 28}","{1: 277, 2: 44, 0: 29}","{1: 337, 2: 3, 0: 10}","{1: 262, 0: 42, 2: 46}","{1: 266, 0: 46, 2: 38}",0.0694282492503403,0.01751123926760867,0.08860659462104067,0.08065280867403593,0.21412208866860546,0.052082021638557074,0.31442856841639927,0.3949712941798703,0.14337521152674967,0.03388481309505985,0.400893705904749,0.45553781478636934
12900,2,max_steps,3,2,0,945.7533639482947,3500,1659.0,1659.0,0.05,0.1,6.1259565353393555,37.334407806396484,-145.211669921875,545.3275146484375,1000.0,82.47289753889031,2042,-6.9959999999994515,-129.72353359060472,0.0,0.2702152468423699,"{2: 30, 1: 38, 3: 41, 6: 48, 5: 29, 4: 145, 0: 19}","{1: 13, 2: 31, 3: 267, 4: 20, 6: 19}","{1: 312, 2: 28, 0: 10}","{1: 307, 0: 32, 2: 11}","{1: 290, 0: 22, 2: 38}","{1: 300, 0: 26, 2: 24}",0.05240901109487604,0.019455587892479618,0.06918640147039735,0.07417776942111681,0.15423834235600858,0.06073054524562824,0.23057169532128302,0.1548590146964588,0.11433508744373219,0.05684418476454077,0.2147045011629092,0.13868002176073463
12910,2,max_steps,3,0,0,64.70455638590583,3500,,,0.05,0.1,6.129066467285156,37.237667083740234,-145.211669921875,541.3538208007812,0.0,71.70455638590606,1869,-6.999999999999451,0.0,0.0,0.018487016110258808,"{6: 44, 5: 78, 4: 161, 3: 67}","{2: 117, 3: 233}","{1: 323, 2: 27}","{1: 337, 0: 12, 2: 1}","{1: 282, 2: 50, 0: 18}","{1: 230, 2: 58, 0: 62}",0.07821205713199877,0.014554105219007163,0.11301808010368905,0.1436112878068691,0.13807971722173934,0.04537554814208471,0.20662836384398095,0.19319466344648226,0.13480700111998545,0.03937032981662646,0.13148902291833583,0.1906722247060552
12920,2,max_steps,3,4,0,2095.0400707490744,3500,693.75,783.5,0.05,0.1,6.147292613983154,37.33553695678711,-145.211669921875,536.1754150390625,2000.0,102.03207074907016,2592,-6.991999999999452,0.0,0.0,0.5985828773568784,"{2: 91, 3: 69, 4: 116, 5: 11, 0: 58, 1: 5}","{4: 66, 3: 199, 2: 7, 0: 17, 1: 7, 6: 46, 5: 8}","{1: 317, 2: 8, 0: 25}","{1: 264, 2: 56, 0: 30}","{1: 312, 2: 15, 0: 23}","{1: 299, 2: 22, 0: 29}",0.06752116681732293,0.023287109603480974,0.09303343302348419,0.07491430126682022,0.1460120194539824,0.11114613145098821,0.18308857084238664,0.16035650614548966,0.16132856723313807,0.059045539633990486,0.16883719308857792,0.16465738308421773
12930,2,max_steps,3,0,0,40.8035736507197,3500,,,0.05,0.1,6.1454267501831055,37.265342712402344,-145.211669921875,536.1754150390625,0.0,47.803573650719756,1860,-6.999999999999451,0.0,0.0,0.011658163900205628,"{6: 47, 5: 116, 4: 153, 3: 34}","{5: 28, 4: 167, 3: 155}","{1: 346, 2: 4}","{1: 305, 2: 32, 0: 13}","{1: 318, 2: 28, 0: 4}","{1: 308, 2: 20, 0: 22}",0.05134236169054003,0.024776601060742528,0.07030732711307472,0.09168175281352683,0.12296808959982174,0.06070206694959184,0.1757070712915446,0.15103745918595782,0.1385953233218516,0.0189211405718151,0.17996195488125558,0.22428724678163925
12940,2,crash,3,1,1,227.97663036942805,2072,738.0,738.0,0.05,0.1,6.150215148925781,37.29945373535156,-145.211669921875,547.3075561523438,500.0,48.762806992981716,1393,-4.141999999999766,-16.64417662355667,-300.0,0.11002733125937647,"{4: 98, 5: 36, 3: 67, 6: 5, 2: 1}","{2: 13, 3: 66, 6: 33, 5: 25, 4: 70}","{1: 167, 2: 40}","{1: 174, 0: 3, 2: 30}","{1: 160, 0: 5, 2: 42}","{1: 153, 2: 28, 0: 26}",0.07494214257243749,0.018615817982997045,0.11495221131579592,0.09849677476224071,0.19299019149313473,0.06231301288414422,0.2510132338675814,0.2152442547728416,0.09279308236012784,0.05966477400128613,0.1381708153441459,0.0972240095895115
12950,2,max_steps,3,2,0,1033.3597143219492,3500,1598.5,1598.5,0.05,0.1,6.157331466674805,37.3402099609375,-145.211669921875,547.3075561523438,1000.0,40.35571432194534,2727,-6.9959999999994515,0.0,0.0,0.2952456326634141,"{3: 148, 2: 171, 6: 31}","{6: 7, 5: 13, 4: 40, 3: 200, 0: 22, 1: 18, 2: 50}",{1: 350},"{1: 271, 2: 24, 0: 55}",{1: 350},"{1: 344, 0: 4, 2: 2}",0.007364371779939152,0.027103645817545388,0.011223395447704242,0.014055718537975636,0.04725020261799642,0.08591248373983043,0.05778205521214447,0.06414711938980094,0.04803168434897441,0.04136235695378678,0.044594093294257474,0.05031486141927724
12960,2,max_steps,3,0,0,-35.45183500944428,3500,,,0.05,0.1,6.154360294342041,37.327396392822266,-145.211669921875,563.473388671875,0.0,36.28148452087084,2222,-6.999999999999451,-64.73331953031516,0.0,-0.010129095716984081,"{5: 72, 6: 268, 4: 10}","{6: 12, 5: 9, 4: 46, 3: 283}",{1: 350},"{1: 304, 2: 30, 0: 16}",{1: 350},"{1: 348, 0: 2}",0.01819653079896226,0.030380656488471467,0.025776022018133758,0.030337746885240005,0.08198042849755789,0.060719994607778,0.10393674820182115,0.07988578622489294,,,,
12970,2,crash,3,2,1,723.501593000306,1183,531.0,531.0,0.05,0.1,6.164737224578857,37.38554382324219,-145.211669921875,547.3075561523438,1000.0,34.56175879266185,805,-2.3619999999999615,-8.698165792353361,-300.0,0.6115820735421015,"{3: 71, 6: 22, 5: 6, 4: 7, 2: 4, 1: 8}","{4: 29, 3: 89}","{1: 87, 2: 31}","{1: 99, 2: 12, 0: 7}","{1: 88, 2: 30}","{1: 99, 2: 8, 0: 11}",0.019473483403607383,0.028057548777143344,0.024185669379561577,0.02380073737952651,0.2615354364389696,0.06237756117549596,0.2972088531238909,0.21586638785252682,0.025771044219643293,0.06338214328004507,0.03335755288023815,0.02702051155908523
12980,2,max_steps,3,4,0,2106.0063543711526,3500,836.5,829.0,0.05,0.1,6.1823883056640625,37.490821838378906,-145.211669921875,548.7901611328125,2000.0,114.52594549732784,2516,-6.991999999999452,-1.5275911261595991,0.0,0.6017161012489007,"{4: 40, 3: 47, 0: 46, 1: 12, 2: 16, 6: 96, 5: 93}","{3: 151, 2: 72, 6: 92, 5: 9, 4: 10, 0: 16}","{1: 288, 2: 44, 0: 18}","{1: 299, 0: 25, 2: 26}","{1: 272, 2: 48, 0: 30}","{1: 276, 0: 42, 2: 32}",0.06911946369781741,0.013706000345162641,0.0918627497052767,0.08635357360852046,0.18149793372161505,0.06774348088377323,0.23196277861166384,0.21294780832829582,0.22994210336193255,0.06893910435722002,0.2045176872825308,0.2154491802464749
12990,2,crash,3,3,1,1269.8994194242146,2424,657.3333333333334,573.0,0.05,0.1,6.19720458984375,37.579620361328125,-145.211669921875,543.4248046875,1500.0,98.50631270237226,1880,-4.841999999999689,-23.764893278157654,-300.0,0.5238858991023988,"{2: 84, 3: 19, 6: 44, 5: 6, 4: 11, 0: 64, 1: 14}","{6: 7, 5: 14, 4: 16, 3: 182, 1: 3, 2: 20}","{1: 176, 2: 29, 0: 37}","{1: 187, 2: 28, 0: 27}","{1: 167, 2: 30, 0: 45}","{1: 207, 2: 21, 0: 14}",0.10075225591136136,0.024130682006821537,0.11306332586419232,0.08694488849323409,0.194759868843565,0.06350483099151305,0.25510927275789635,0.1826531579433525,0.1678392346393771,0.043032037680842065,0.1992154339626344,0.14687893275007288
13000,2,success,3,5,0,2608.528560295786,3277,655.4,744.0,0.05,0.1,6.217123985290527,37.670692443847656,-145.211669921875,551.5840454101562,2500.0,115.07256029579912,2107,-6.543999999999501,0.0,0.0,0.7960111566358822,"{4: 58, 5: 42, 6: 75, 1: 43, 0: 28, 2: 18, 3: 63}","{5: 15, 4: 47, 3: 186, 0: 17, 1: 31, 2: 31}","{1: 259, 2: 52, 0: 16}","{1: 255, 2: 17, 0: 55}","{1: 236, 2: 66, 0: 25}","{1: 255, 0: 30, 2: 42}",0.06378242442641882,0.021651068351210154,0.09024644245548945,0.09431883910737235,0.24373570575451214,0.0662598387293671,0.307706312464321,0.21095294239205703,0.283139266236029,0.06092270013767474,0.2173080074807227,0.1330848278779026
13010,2,crash,3,2,1,751.6293336009746,1949,663.5,663.5,0.05,0.1,6.218998908996582,37.65618133544922,-145.211669921875,551.5840454101562,1000.0,68.05426430807208,1396,-3.8939999999997927,-12.530930707092233,-300.0,0.38564870887684694,"{5: 53, 4: 47, 3: 5, 0: 75, 1: 6, 2: 8}","{4: 13, 3: 109, 0: 16, 1: 34, 2: 22}","{1: 137, 2: 20, 0: 37}","{1: 151, 2: 8, 0: 35}","{1: 130, 2: 20, 0: 44}","{1: 145, 2: 24, 0: 25}",0.08437219771946615,0.0334451678664623,0.1226021821033174,0.11334620093161459,0.23345464183871598,0.06399595354929795,0.26309537804351807,0.19423581065734666,0.2589580427975437,0.015096730275925212,0.285784148523783,0.1444783118991493
13020,2,crash,3,2,1,735.5260182506513,2075,824.0,824.0,0.05,0.1,6.225188732147217,37.704986572265625,-145.211669921875,551.5840454101562,1000.0,82.10993116394829,1615,-4.145999999999765,-42.43791291329633,-300.0,0.35447037024127775,"{6: 53, 5: 28, 4: 18, 1: 36, 0: 61, 2: 11}","{6: 8, 5: 7, 4: 29, 3: 85, 0: 62, 1: 10, 2: 6}","{1: 155, 2: 33, 0: 19}","{1: 129, 2: 20, 0: 58}","{1: 136, 2: 38, 0: 33}","{1: 132, 2: 36, 0: 39}",0.08096489115323523,0.03836461822093944,0.11514250776211411,0.13571595911084405,0.18906832647901092,0.13500324315827467,0.26905764487119627,0.2980767616095952,0.2635751526290018,0.01926798737558565,0.3194116875392355,0.13834900945089854
13030,2,crash,3,1,1,218.1833509338158,797,674.0,674.0,0.05,0.1,6.240359306335449,37.79161834716797,-145.211669921875,551.5840454101562,500.0,29.222721469395292,673,-1.5920000000000012,-9.447370535580042,-300.0,0.2737557728153272,"{6: 52, 5: 7, 4: 8, 0: 12}","{6: 11, 5: 7, 4: 14, 3: 35, 0: 11, 1: 1}","{1: 52, 2: 27}","{1: 57, 2: 19, 0: 3}","{1: 53, 2: 26}","{1: 59, 2: 8, 0: 12}",0.01673980655179576,0.04874024173987261,0.03689070337569131,0.050749127808514094,0.2718389832265102,0.12103581400626799,0.31728828185486346,0.36817816617634513,0.2868797618843421,0.008339812522478719,0.31279198861776625,0.105767996533735
13040,2,success,3,5,0,2600.9129790792595,3163,632.6,673.0,0.05,0.1,6.256308078765869,37.92091751098633,-145.211669921875,551.8764038085938,2500.0,107.22897907926028,2372,-6.315999999999526,0.0,0.0,0.822293069579279,"{1: 36, 2: 133, 3: 41, 4: 46, 6: 54, 5: 6}","{0: 40, 1: 14, 2: 45, 3: 127, 6: 26, 5: 34, 4: 30}","{1: 271, 2: 28, 0: 17}","{1: 234, 0: 45, 2: 37}","{1: 261, 2: 35, 0: 20}","{1: 271, 0: 26, 2: 19}",0.06181417384729988,0.0382333943679639,0.07686480404903726,0.0880142499510107,0.16194934772799957,0.11648553912389327,0.2092187635745127,0.1560747039595877,0.16266719731569962,0.0496703467110121,0.21364162930684552,0.15952267119731234
13050,2,max_steps,3,4,0,2133.018912099758,3500,695.0,581.5,0.05,0.1,6.273676872253418,38.0157585144043,-145.211669921875,565.0859375,2000.0,145.8088644763673,2629,-6.991999999999452,-5.797952376611795,0.0,0.6094339748856451,"{5: 54, 4: 32, 0: 93, 1: 69, 2: 13, 3: 44, 6: 45}","{5: 53, 4: 15, 3: 167, 1: 18, 2: 65, 6: 32}","{1: 256, 2: 60, 0: 34}","{1: 278, 2: 47, 0: 25}","{1: 242, 2: 69, 0: 39}","{1: 271, 2: 27, 0: 52}",0.06546406961318027,0.02643382893632766,0.09500009276856701,0.08305675636042231,0.2653831143880896,0.0631262472221365,0.31393636809539727,0.2726183177857612,0.16244806726448843,0.04612197411635947,0.1865887626077334,0.1342758547442134
13060,2,crash,3,3,1,1266.3313990390336,1880,581.0,457.0,0.05,0.1,6.28748893737793,38.09642791748047,-145.211669921875,565.0631103515625,1500.0,86.40638171390472,1433,-3.753999999999808,-16.320982674867665,-300.0,0.6735805314037413,"{1: 30, 2: 26, 3: 7, 6: 30, 5: 20, 4: 9, 0: 66}","{3: 165, 2: 9, 0: 14}","{1: 138, 2: 31, 0: 19}","{1: 176, 0: 12}","{1: 128, 0: 25, 2: 35}","{1: 147, 0: 26, 2: 15}",0.1288318847430998,0.021490299944932838,0.1351315351302391,0.0609544404074764,0.20716397436012307,0.05187064177885306,0.2487032105822083,0.2402730728325918,0.24646757279069806,0.04372083507361082,0.2318593646530165,0.09002279636492662
13070,2,crash,3,2,1,767.7110637206449,1678,793.5,793.5,0.05,0.1,6.295025825500488,38.13924789428711,-145.211669921875,556.3787231445312,1000.0,80.20818778407629,1298,-3.3519999999998524,-9.145124063433222,-300.0,0.45751553261063466,"{0: 34, 1: 12, 2: 13, 3: 3, 6: 91, 5: 6, 4: 8}","{4: 7, 3: 116, 0: 19, 1: 9, 2: 16}","{1: 111, 0: 3, 2: 53}","{1: 123, 2: 7, 0: 37}","{1: 108, 0: 8, 2: 51}","{1: 145, 0: 14, 2: 8}",0.12511529609514,0.021247664703390894,0.13254299726821855,0.056621700188417425,0.26387462243363397,0.09721473103905529,0.2828057776872026,0.15865129089848518,0.23088989091054576,0.023048266754537437,0.20098873655268767,0.06420126187782377
13080,2,max_steps,3,4,0,2135.7119607758536,3500,765.0,717.5,0.05,0.1,6.322057723999023,38.25416946411133,-145.211669921875,556.1185913085938,2000.0,155.4330604412581,2788,-6.991999999999452,-12.72909966539905,0.0,0.6102034173645297,"{5: 81, 4: 51, 3: 29, 2: 28, 1: 47, 0: 53, 6: 61}","{1: 19, 2: 57, 3: 213, 6: 22, 5: 23, 4: 16}","{1: 220, 2: 55, 0: 75}","{1: 321, 0: 14, 2: 15}","{1: 211, 2: 60, 0: 79}","{1: 226, 0: 57, 2: 67}",0.10021135192436657,0.02847826621203891,0.13575044695181915,0.12264066206673269,0.2622528779849949,0.058727437834374896,0.33531611818069784,0.35242892321625435,0.2720981118743814,0.0935912315375252,0.2077683075267159,0.31848598594463245
13090,2,max_steps,3,1,0,515.7113167682102,3500,235.0,235.0,0.05,0.1,6.336256504058838,38.336551666259766,-145.211669921875,574.745361328125,500.0,22.709316768192586,1742,-6.997999999999451,0.0,0.0,0.1473460905052029,"{4: 36, 3: 1, 6: 2, 5: 311}","{3: 316, 5: 12, 4: 15, 2: 7}","{1: 347, 2: 3}","{1: 329, 2: 21}","{1: 343, 2: 7}","{1: 344, 0: 6}",0.004744807978305778,0.017782713261103276,0.005779083946671533,0.015589621524535817,0.06443381563414695,0.057502865095891954,0.08059982906532949,0.0749174619666582,0.13995933978187808,0.015329829188108284,0.19995258456585968,0.06312551155588755
13100,2,max_steps,3,2,0,882.8157410725951,3500,659.5,659.5,0.05,0.1,6.353850841522217,38.344242095947266,-145.211669921875,580.5087280273438,1000.0,60.70125449821419,2280,-6.9959999999994515,-170.88951342561566,0.0,0.2522330688778843,"{4: 88, 3: 19, 2: 24, 0: 171, 1: 48}","{3: 209, 0: 14, 1: 17, 2: 38, 6: 40, 5: 16, 4: 16}",{1: 350},"{1: 273, 0: 35, 2: 42}","{1: 344, 2: 6}","{1: 335, 0: 10, 2: 5}",0.0406716357108571,0.033323503856324516,0.0534143151506184,0.07595774102773498,0.11641722032459817,0.06276933268573387,0.1478605790955204,0.1434002449001949,0.14307413833510127,0.048506193870871024,0.1902735935464179,0.12677434288815612
13110,2,success,3,5,0,2610.1789611815657,3043,608.6,625.0,0.05,0.1,6.375087738037109,38.42911148071289,-145.211669921875,560.59423828125,2500.0,116.25496118155208,2530,-6.075999999999553,0.0,0.0,0.8577650217487892,"{4: 68, 3: 51, 2: 27, 0: 60, 1: 8, 5: 13, 6: 77}","{5: 13, 4: 24, 3: 124, 0: 58, 1: 30, 2: 31, 6: 24}","{1: 246, 2: 43, 0: 15}","{1: 195, 2: 48, 0: 61}","{1: 223, 2: 56, 0: 25}","{1: 250, 0: 37, 2: 17}",0.05395079083241941,0.05237154642698314,0.07799610791388462,0.07157997416294631,0.1881842888643213,0.09265321325855212,0.26555660495923655,0.2277468431137513,0.16957728834173955,0.06210756258396738,0.19879035892556468,0.2573313774894408
13120,2,max_steps,3,4,0,2081.83010092968,3500,527.75,439.0,0.05,0.1,6.3840742111206055,38.457557678222656,-145.211669921875,581.3907470703125,2000.0,91.63905924562445,2714,-6.991999999999452,-2.8169583159572356,0.0,0.5948086002656229,"{4: 61, 3: 36, 5: 26, 0: 61, 1: 16, 2: 150}","{5: 10, 4: 57, 3: 225, 1: 28, 2: 30}","{1: 301, 2: 18, 0: 31}","{1: 282, 2: 24, 0: 44}","{1: 286, 2: 29, 0: 35}","{1: 282, 2: 31, 0: 37}",0.03973045124504497,0.03450609061873905,0.05862074367376505,0.05898526012160734,0.17090706667027206,0.0626680711959982,0.21707201078885283,0.23368449854235832,0.180239872641721,0.06223777315937681,0.20066949802598533,0.19353775557890424
13130,2,max_steps,3,2,0,1061.0862898674222,3500,1468.5,1468.5,0.05,0.1,6.388838291168213,38.412193298339844,-145.211669921875,582.2518310546875,1000.0,68.08228986742812,1944,-6.9959999999994515,0.0,0.0,0.3031675113906921,"{1: 135, 2: 93, 0: 18, 3: 25, 6: 21, 5: 14, 4: 44}","{3: 241, 2: 88, 1: 21}","{1: 324, 2: 26}","{1: 318, 2: 2, 0: 30}","{1: 320, 0: 6, 2: 24}","{1: 319, 0: 21, 2: 10}",0.035628216142152634,0.02358431510677479,0.04971444838360593,0.06158228356468996,0.12040218115854712,0.059471287130511453,0.1616721570673022,0.1468447252841024,0.23609468287550064,0.06191591350242006,0.22036311705977132,0.10160527086115692
13140,2,max_steps,3,3,0,1570.4459069136078,3500,835.0,789.0,0.05,0.1,6.392024993896484,38.39733123779297,-145.211669921875,577.1514892578125,1500.0,148.0470448598182,2631,-6.993999999999452,-70.60713794620898,0.0,0.4486988305467451,"{0: 121, 1: 10, 2: 9, 3: 4, 4: 112, 6: 65, 5: 29}","{3: 211, 0: 15, 1: 17, 2: 15, 4: 54, 6: 29, 5: 9}","{1: 251, 0: 50, 2: 49}","{1: 276, 0: 38, 2: 36}","{1: 234, 0: 58, 2: 58}","{1: 255, 0: 65, 2: 30}",0.08197837198389775,0.023100688314159547,0.12473923245292676,0.11152033748772716,0.21744985119178586,0.0662720031869497,0.28537019781244605,0.24889086445808292,0.19618105412498013,0.03017599866551724,0.31030723773959523,0.3341664050725968
13150,2,crash,3,1,1,210.47240552948102,663,500.0,500.0,0.05,0.1,6.401263236999512,38.44330978393555,-145.211669921875,553.8718872070312,500.0,20.53811069227609,605,-1.324000000000001,-8.741705162795265,-300.0,0.3174546086417512,"{5: 37, 4: 14, 3: 10, 2: 5}","{2: 16, 3: 33, 6: 17}","{1: 38, 2: 28}","{1: 63, 0: 3}","{1: 42, 2: 24}","{1: 50, 2: 1, 0: 15}",0.09665905468949654,0.02292736064397196,0.10949751015341219,0.12623636468673066,0.26390771286067205,0.05800296057208383,0.30635715894071314,0.2029690907884959,0.25754207242870486,0.006251382265857177,0.317501303783193,0.07275025022735884
13160,2,crash,3,1,1,119.3799806381063,1695,860.0,860.0,0.05,0.1,6.419098377227783,38.523170471191406,-145.211669921875,568.26953125,500.0,26.051858348763016,1003,-3.3879999999998485,-103.28387771065687,-300.0,0.07043066704313056,"{3: 32, 4: 41, 5: 12, 1: 10, 2: 74}","{6: 5, 5: 23, 4: 7, 3: 43, 2: 27, 1: 64}",{1: 169},"{1: 136, 2: 33}","{1: 158, 2: 9, 0: 2}","{1: 154, 0: 15}",0.027476839620207066,0.03587256846878537,0.04595843631108299,0.05404531456363029,0.11527116620012283,0.08681185722351271,0.16827257301435591,0.14735156410686898,0.13862646681722135,0.0551804603950531,0.15386831676890175,0.22012125502774332
13170,2,crash,3,1,1,215.0443458414146,580,466.0,466.0,0.05,0.1,6.431291103363037,38.56945037841797,-145.211669921875,568.5908203125,500.0,25.23903895525295,465,-1.1580000000000008,-9.036693113838663,-300.0,0.37076611351968036,"{0: 32, 1: 7, 2: 6, 3: 1, 6: 12}","{2: 9, 3: 49}","{1: 31, 0: 27}","{1: 48, 0: 10}","{1: 33, 0: 25}","{1: 30, 0: 11, 2: 17}",0.1339849296119427,0.024507434787684128,0.13649416336136277,0.14977062057243032,0.2814019332187439,0.06581759297748149,0.34751270263203193,0.25385595805910377,0.2953077313206655,0.02403705392174728,0.28524545994209294,0.2457825290306497
13180,2,max_steps,3,3,0,1557.1813106712707,3500,1028.0,981.0,0.05,0.1,6.4509663581848145,38.62854766845703,-145.211669921875,551.0467529296875,1500.0,82.62592187051116,2204,-6.993999999999452,-18.45061119923627,0.0,0.4449089459060773,"{3: 82, 4: 99, 5: 47, 0: 83, 1: 6, 2: 7, 6: 26}","{5: 61, 4: 7, 3: 168, 2: 45, 0: 35, 1: 11, 6: 23}","{1: 314, 2: 7, 0: 29}","{1: 274, 2: 29, 0: 47}","{1: 291, 2: 26, 0: 33}","{1: 300, 0: 32, 2: 18}",0.05254726604662904,0.030643815792572325,0.069142585846332,0.08953431603382495,0.15029275584346274,0.09938738024529968,0.2003506846063861,0.18289139248643974,0.14311784506965777,0.05913421867155317,0.20644343027332657,0.2642523733170491
13190,2,success,3,5,0,2661.872306484039,3312,662.4,582.0,0.05,0.1,6.46875524520874,38.72900390625,-145.211669921875,551.0467529296875,2500.0,168.48630648402954,2766,-6.613999999999494,0.0,0.0,0.8037054065471133,"{2: 91, 3: 10, 6: 121, 5: 10, 4: 15, 0: 46, 1: 38}","{3: 184, 2: 28, 4: 22, 0: 39, 1: 30, 6: 22, 5: 6}","{1: 238, 0: 24, 2: 69}","{1: 257, 2: 32, 0: 42}","{1: 220, 0: 40, 2: 71}","{1: 284, 2: 18, 0: 29}",0.09806839505641514,0.019351800525230178,0.11719500805419138,0.08261282284688633,0.2632999570424887,0.10676183493898367,0.2898051348774518,0.17905163702857363,0.22722675391959118,0.021437638667709417,0.20968311905039408,0.2873821724340119
13200,2,crash,3,3,1,1250.0339430205277,2861,446.6666666666667,291.0,0.05,0.1,6.487420082092285,38.81339645385742,-145.211669921875,558.7861938476562,1500.0,86.10073628373203,2083,-5.7159999999995925,-30.35079326318922,-300.0,0.43692203530951684,"{3: 35, 2: 98, 6: 111, 5: 19, 4: 23}","{1: 19, 2: 15, 3: 133, 6: 56, 5: 12, 4: 14, 0: 37}","{1: 259, 0: 7, 2: 20}","{1: 153, 0: 59, 2: 74}","{1: 245, 0: 24, 2: 17}","{1: 233, 2: 20, 0: 33}",0.023276281328054933,0.058319363139498454,0.03688376345113305,0.04436120127981051,0.14887279717982682,0.15747816485156996,0.20540565858949872,0.15736629876020902,0.12054493299731636,0.16245089600479679,0.21290327239294732,0.056974865372876764
13210,2,crash,3,1,1,217.5397501719956,536,439.0,439.0,0.05,0.1,6.491724491119385,38.79253005981445,-145.211669921875,555.2257080078125,500.0,25.642701715613516,438,-1.0700000000000007,-7.032951543618389,-300.0,0.40585774285820075,"{0: 30, 1: 7, 2: 6, 6: 10}","{4: 8, 3: 45}","{1: 27, 0: 26}","{1: 43, 2: 7, 0: 3}","{1: 25, 0: 28}","{1: 30, 0: 9, 2: 14}",0.14352671062858088,0.04309731330498805,0.18972340061352197,0.13691719294525517,0.29926073476610837,0.07644015891520695,0.3640725197539657,0.2658323505451019,0.31015065058668423,0.018353971068500816,0.2984634116840766,0.18503245960498835
13220,2,crash,3,1,1,258.20440803711375,1693,1010.0,1010.0,0.05,0.1,6.498991966247559,38.81183624267578,-145.211669921875,555.2257080078125,500.0,82.34721967437427,1238,-3.383999999999849,-20.758811637261,-300.0,0.15251294036450902,"{6: 41, 5: 26, 4: 44, 3: 16, 0: 30, 1: 4, 2: 8}","{2: 8, 3: 92, 5: 69}","{1: 91, 2: 28, 0: 50}","{1: 159, 0: 10}","{1: 84, 2: 33, 0: 52}","{1: 109, 2: 24, 0: 36}",0.13926836328510903,0.015147897106794022,0.1884873302903828,0.13879565356091633,0.286813812684563,0.0469735180353535,0.34237568215204534,0.39260951669696265,0.1567495409198304,0.013315687544176311,0.11272618030384408,0.3961643002085162
13230,2,max_steps,3,2,0,1040.7449934886863,3500,796.5,796.5,0.05,0.1,6.51584005355835,38.87592697143555,-145.211669921875,541.6651000976562,1000.0,54.09309432330078,2215,-6.9959999999994515,-6.352100834591723,0.0,0.2973557124253389,"{3: 32, 4: 287, 5: 31}","{6: 16, 5: 16, 4: 12, 3: 245, 0: 24, 1: 16, 2: 21}",{1: 350},"{1: 259, 2: 55, 0: 36}",{1: 350},"{1: 341, 2: 4, 0: 5}",0.021782575406240325,0.02183778929525116,0.027100865099853072,0.027111455435943198,0.07553487841843427,0.1030368825478884,0.10247984047015143,0.10688469657272823,0.09767961991762142,0.13414653260329662,0.08642111478913372,0.1616729320195186
13240,2,crash,3,3,1,1274.2998507655982,3018,895.0,973.0,0.05,0.1,6.521427154541016,38.893985748291016,-145.211669921875,560.4909057617188,1500.0,106.01028799159353,1984,-6.029999999999558,-25.680437225992485,-300.0,0.42223321761616905,"{1: 53, 2: 21, 3: 62, 6: 32, 5: 52, 4: 46, 0: 35}","{1: 14, 2: 38, 3: 222, 4: 27}","{1: 221, 0: 46, 2: 34}","{1: 286, 0: 8, 2: 7}","{1: 219, 0: 48, 2: 34}","{1: 240, 2: 21, 0: 40}",0.0683308224137679,0.015767832740704594,0.08803623784976745,0.08509496787684376,0.23169900293196227,0.05619292650655563,0.2859266881779377,0.2233642697066267,0.15009091516900852,0.04308119900813647,0.10342920181980417,0.10323406496442845
13250,2,max_steps,3,1,0,579.7795848893976,3500,3402.0,3402.0,0.05,0.1,6.529356479644775,38.86408615112305,-145.211669921875,574.724609375,500.0,87.98033495041646,1897,-6.997999999999451,-1.2027500610195119,0.0,0.1656513099683993,"{6: 80, 5: 89, 4: 141, 3: 30, 0: 10}","{0: 9, 1: 14, 2: 103, 3: 224}","{1: 290, 0: 20, 2: 40}","{1: 315, 0: 32, 2: 3}","{1: 242, 2: 67, 0: 41}","{1: 212, 0: 79, 2: 59}",0.09994184562715831,0.022515502098629618,0.12713468417987855,0.13762186464989395,0.1789853961538822,0.05988935852921112,0.24649603917784765,0.29697025119129816,0.168100600188491,0.06187846042654082,0.19968959870686748,0.2835672726573777
13260,2,success,3,5,0,2612.9605646624414,3179,635.8,580.0,0.05,0.1,6.557374477386475,38.997825622558594,-145.211669921875,616.7247314453125,2500.0,119.30856466245079,2467,-6.347999999999523,0.0,0.0,0.8219441851722056,"{6: 33, 5: 32, 4: 19, 3: 28, 2: 97, 1: 29, 0: 79}","{5: 10, 4: 20, 3: 190, 2: 50, 0: 15, 1: 6, 6: 26}","{1: 253, 2: 29, 0: 35}","{1: 236, 2: 46, 0: 35}","{1: 239, 2: 38, 0: 40}","{1: 238, 2: 34, 0: 45}",0.06758168586384902,0.02905473018021706,0.08528121706257599,0.10703565867000052,0.19386889203053137,0.15321035630670277,0.25527138728318505,0.23724233147058765,0.18637592937258976,0.03063743190727457,0.18210005303111912,0.29523428150334935
13270,2,success,3,5,0,2566.426704747113,2698,539.6,518.0,0.05,0.1,6.583262920379639,39.06964111328125,-145.211669921875,576.6859741210938,2500.0,80.11627798035718,2200,-5.385999999999629,-8.30357323325176,0.0,0.9512330262220582,"{6: 17, 5: 18, 4: 89, 3: 65, 2: 75, 1: 5}","{3: 145, 1: 39, 2: 23, 4: 15, 6: 37, 5: 10}","{1: 231, 2: 30, 0: 8}","{1: 181, 2: 60, 0: 28}","{1: 213, 2: 36, 0: 20}","{1: 232, 2: 19, 0: 18}",0.0438771959296083,0.04087959494779887,0.06037032550429269,0.08113966957885385,0.161560904493789,0.0978540034994918,0.21682941592681426,0.16685868342315593,0.20350523344330848,0.06124538109265053,0.2162592891868638,0.16686165076474693
13280,2,max_steps,3,3,0,1583.5058025263056,3500,914.0,1014.0,0.05,0.1,6.579912185668945,38.9615364074707,-145.211669921875,567.6689453125,1500.0,90.94301861349832,2397,-6.993999999999452,-0.4432160871759624,0.0,0.4524302292932302,"{2: 64, 3: 4, 5: 53, 6: 71, 4: 9, 1: 104, 0: 45}","{2: 28, 3: 238, 6: 33, 5: 6, 4: 10, 0: 18, 1: 17}","{1: 326, 2: 19, 0: 5}","{1: 274, 0: 41, 2: 35}","{1: 320, 2: 20, 0: 10}","{1: 296, 0: 34, 2: 20}",0.04838010704516811,0.030856542807563184,0.06597182515693145,0.08245516764385535,0.12800881593432292,0.12166922951567188,0.17425269136473362,0.15431972614350112,0.11015919554464222,0.04680389061668429,0.1591992598713298,0.11056133902667804
13290,2,crash,3,1,1,235.90440987635168,1392,802.0,802.0,0.05,0.1,6.591019630432129,39.02886199951172,-145.211669921875,587.8153076171875,500.0,43.606103886102034,1346,-2.781999999999915,-4.91969400975,-300.0,0.16947155881921816,"{0: 61, 1: 7, 2: 40, 3: 31}","{1: 19, 2: 16, 3: 45, 6: 59}","{1: 105, 0: 34}","{1: 105, 0: 17, 2: 17}","{1: 101, 0: 38}","{1: 103, 0: 21, 2: 15}",0.06696518530716769,0.042359333508421804,0.09368138090114747,0.11350289637762227,0.21492487960551296,0.08290949310993129,0.31110329732017306,0.22343501353128511,0.1595135279586156,0.02111702392856781,0.048719690557127174,0.14911511946149966
13300,2,max_steps,3,1,0,547.8664210898196,3500,1953.0,1953.0,0.05,0.1,6.594879627227783,39.023258209228516,-145.211669921875,604.81640625,500.0,54.86442108981562,2018,-6.997999999999451,0.0,0.0,0.1565332631685199,"{1: 106, 0: 15, 2: 68, 3: 6, 6: 70, 5: 81, 4: 4}","{3: 303, 4: 9, 0: 8, 1: 15, 2: 15}","{1: 327, 0: 8, 2: 15}","{1: 322, 2: 2, 0: 26}","{1: 326, 0: 10, 2: 14}","{1: 323, 0: 15, 2: 12}",0.027943970235519134,0.01794038613375232,0.041547308383316814,0.05065198326182834,0.12152499392205547,0.05764645577352642,0.13304476905828422,0.14868912264285172,0.03965688679938808,0.017439051655212638,0.06093201108868716,0.06110971662942856
13310,2,max_steps,3,4,0,2116.017153964814,3500,477.75,504.5,0.05,0.1,6.612868785858154,39.11929702758789,-145.211669921875,603.9299926757812,2000.0,132.68405727362327,2534,-6.991999999999452,-9.674903308834846,0.0,0.6045763297042326,"{3: 61, 6: 214, 5: 11, 4: 10, 0: 41, 1: 5, 2: 8}","{0: 18, 1: 17, 2: 9, 3: 238, 4: 53, 6: 8, 5: 7}","{1: 293, 2: 16, 0: 41}","{1: 294, 0: 26, 2: 30}","{1: 289, 2: 20, 0: 41}","{1: 314, 2: 19, 0: 17}",0.05001599057258799,0.02863851878862967,0.07543999842653257,0.06491090810095419,0.2029597674987048,0.08377344820885729,0.24394940408046387,0.1502372483114226,0.18830368206312925,0.12822506621595514,0.07551943749297639,0.30838529807085147
13320,2,max_steps,3,2,0,1115.5820611044412,3500,725.0,725.0,0.05,0.1,6.62213659286499,39.137290954589844,-145.211669921875,596.783447265625,1000.0,122.57806110445787,2651,-6.9959999999994515,0.0,0.0,0.31873773174412606,"{6: 139, 5: 56, 4: 64, 3: 3, 0: 76, 1: 5, 2: 7}","{6: 3, 5: 10, 4: 6, 3: 182, 1: 39, 2: 93, 0: 17}","{1: 287, 2: 33, 0: 30}","{1: 267, 2: 33, 0: 50}","{1: 271, 2: 39, 0: 40}","{1: 242, 2: 51, 0: 57}",0.0567060783307938,0.0339365279439191,0.08173682328293998,0.10987735329675777,0.1824481069375637,0.09053979188315019,0.2511478191345984,0.25863505542938797,0.22747776318398377,0.026192553464366934,0.1353670692283455,0.4053720478525214
13330,2,max_steps,3,4,0,2102.9544458730684,3500,846.0,802.0,0.05,0.1,6.628628253936768,39.11383819580078,-145.211669921875,580.1904907226562,2000.0,110.02436145309521,2352,-6.991999999999452,-0.07791558002125454,0.0,0.6008441273923053,"{4: 52, 5: 61, 6: 58, 3: 5, 0: 30, 1: 45, 2: 99}","{2: 24, 3: 260, 4: 36, 1: 18, 6: 11, 5: 1}","{1: 287, 2: 30, 0: 33}","{1: 310, 0: 23, 2: 17}","{1: 268, 0: 49, 2: 33}","{1: 278, 0: 32, 2: 40}",0.06392957236941865,0.012311038650342557,0.08925826476901297,0.09613613803230121,0.19913921962153236,0.0612572970965813,0.2670166964093515,0.23067960217692202,0.25020676387733026,0.05456077484915989,0.14820326267215758,0.39239143834135276
13340,2,crash,3,1,1,187.81701771167297,3371,686.0,686.0,0.05,0.1,6.632034778594971,39.070682525634766,-145.211669921875,557.4906616210938,500.0,59.62785306691115,1438,-6.73999999999948,-65.07083535524589,-300.0,0.05571551993820023,"{5: 190, 4: 70, 3: 28, 0: 15, 1: 6, 2: 7, 6: 21}","{2: 14, 3: 259, 4: 64}","{1: 283, 2: 24, 0: 30}","{1: 331, 0: 6}","{1: 261, 2: 29, 0: 47}","{1: 268, 0: 41, 2: 28}",0.04271980275470104,0.012712855875712246,0.050836159809372915,0.0558810688056611,0.17229588103106516,0.04772782258419129,0.22183968468528184,0.19338637780618054,0.23669917072504146,0.02668039250732045,0.2394893028310467,0.3322971642789825
13350,2,crash,3,2,1,740.2720502791459,2888,925.5,925.5,0.05,0.1,6.6301727294921875,39.06291198730469,-145.211669921875,580.8466796875,1000.0,58.42260878252071,1672,-5.771999999999586,-12.378558503363617,-300.0,0.25632688721577074,"{3: 118, 4: 111, 5: 39, 1: 5, 2: 15}","{0: 21, 1: 76, 2: 66, 3: 68, 6: 44, 5: 6, 4: 7}","{1: 275, 2: 13}","{1: 215, 0: 33, 2: 40}","{1: 252, 2: 14, 0: 22}","{1: 233, 2: 18, 0: 37}",0.0533862989068554,0.04369549078919964,0.07637189053874104,0.07841209968974275,0.1254070161625284,0.12670497035570888,0.19443721733299857,0.19584438607455862,0.10934827000549349,0.1004501808054458,0.13825942947752456,0.32406504394939567
13360,2,max_steps,3,3,0,1596.4244557842726,3500,987.6666666666666,1020.0,0.05,0.1,6.628055095672607,38.98329162597656,-145.211669921875,591.4699096679688,1500.0,103.41845578427122,2483,-6.993999999999452,0.0,0.0,0.45612127308122075,"{0: 25, 1: 66, 2: 30, 3: 62, 6: 56, 5: 46, 4: 65}","{3: 184, 2: 65, 5: 13, 4: 34, 0: 54}","{1: 295, 0: 38, 2: 17}","{1: 323, 0: 17, 2: 10}","{1: 271, 0: 42, 2: 37}","{1: 229, 0: 60, 2: 61}",0.06723845609371608,0.017397061692640558,0.09603362205393895,0.12093755353362087,0.1697445349441529,0.05862400142274855,0.24128630938288792,0.3025707215353335,0.202675847774934,0.05785561224573327,0.2421372887872047,0.29853814019880714
13370,2,max_steps,3,2,0,1091.8365129574981,3500,1717.0,1717.0,0.05,0.1,6.644385814666748,39.01117706298828,-145.211669921875,578.64306640625,1000.0,98.8325129574931,2575,-6.9959999999994515,0.0,0.0,0.311953289416428,"{6: 51, 5: 30, 4: 28, 3: 12, 0: 59, 1: 160, 2: 10}","{6: 11, 5: 9, 4: 12, 3: 113, 0: 139, 1: 14, 2: 52}","{1: 287, 2: 28, 0: 35}","{1: 288, 2: 21, 0: 41}","{1: 276, 2: 31, 0: 43}","{1: 268, 0: 38, 2: 44}",0.04148523115385162,0.01884211064469094,0.062472830871238484,0.07494460813200701,0.18720632000235393,0.10354489997308128,0.27774032494933326,0.3588101149707912,0.17932878338228597,0.006568099493081542,0.21101600659612774,0.5353673811731035
13380,2,max_steps,3,2,0,1092.6246962762248,3500,1368.0,1368.0,0.05,0.1,6.649313926696777,38.9759635925293,-145.211669921875,566.9082641601562,1000.0,99.6206962762296,1729,-6.9959999999994515,0.0,0.0,0.3121784846503499,"{6: 90, 5: 108, 4: 114, 3: 9, 1: 7, 0: 16, 2: 6}","{5: 71, 4: 15, 3: 172, 1: 41, 2: 37, 6: 14}","{1: 252, 2: 57, 0: 41}","{1: 323, 2: 10, 0: 17}","{1: 220, 2: 63, 0: 67}","{1: 217, 2: 66, 0: 67}",0.0848995350432747,0.023158081995811354,0.11583680407614017,0.1366588948481849,0.2339135951243357,0.05733806140784163,0.3306286686420541,0.4230860412801436,0.2693124533430854,0.02810486151120998,0.3442326361754016,0.4722926187769295
13390,2,max_steps,3,1,0,562.5180294263286,3500,2374.0,2374.0,0.05,0.1,6.656489372253418,39.005638122558594,-145.211669921875,571.015869140625,500.0,81.46497028383274,1620,-6.997999999999451,-11.948940857508319,0.0,0.16071943697895102,"{3: 63, 4: 43, 5: 117, 6: 127}","{6: 108, 5: 10, 4: 71, 3: 149, 2: 12}","{1: 295, 2: 41, 0: 14}","{1: 303, 2: 30, 0: 17}","{1: 285, 2: 48, 0: 17}","{1: 288, 2: 27, 0: 35}",0.05518020480392818,0.03675398070624734,0.08498576395624588,0.0916780958952075,0.17891717417897962,0.060980038023898786,0.239688806445968,0.2441131231891844,0.17604727992625752,0.05013034355652527,0.13410465953578898,0.2452393685623153
13400,2,max_steps,3,3,0,1615.3274763629586,3500,1127.6666666666667,1344.0,0.05,0.1,6.667948246002197,39.029762268066406,-145.211669921875,578.85107421875,1500.0,123.04819880287774,2616,-6.993999999999452,-0.7267224399094869,0.0,0.46152213610370246,"{6: 104, 5: 38, 4: 48, 3: 57, 0: 44, 1: 5, 2: 54}","{3: 128, 6: 22, 5: 98, 4: 12, 0: 26, 1: 14, 2: 50}","{1: 254, 2: 59, 0: 37}","{1: 282, 2: 27, 0: 41}","{1: 248, 2: 61, 0: 41}","{1: 245, 2: 46, 0: 59}",0.06961702912542334,0.027325415948552916,0.10122835031374766,0.10590121705190701,0.22414011012749455,0.08784194921821432,0.28158694264740525,0.2617547221571448,0.25024606777762465,0.10368948217866981,0.17247861785250423,0.3812642299986302
13410,2,crash,3,2,1,757.3447495979409,2996,1427.0,1427.0,0.05,0.1,6.670637607574463,39.04115295410156,-145.211669921875,578.1696166992188,1000.0,76.71387901026128,1737,-5.987999999999563,-13.381129412321199,-300.0,0.25278529692855173,"{0: 133, 1: 20, 2: 23, 3: 2, 6: 52, 5: 31, 4: 38}","{4: 4, 3: 235, 2: 60}","{1: 246, 0: 3, 2: 50}","{1: 253, 2: 33, 0: 13}","{1: 230, 0: 19, 2: 50}","{1: 215, 0: 45, 2: 39}",0.04567161849739961,0.02122097932892364,0.04714143703797536,0.0667629369634702,0.18841311102221528,0.06181071385673753,0.25079129173357223,0.2702317421779559,0.2591299061034761,0.06439710874117488,0.28004190603368073,0.12293299343556675
13420,2,max_steps,3,1,0,587.6363909195395,3500,1235.0,1235.0,0.05,0.1,6.68166446685791,39.05103302001953,-145.211669921875,578.798828125,500.0,94.63439091953117,2414,-6.997999999999451,0.0,0.0,0.167896111691297,"{1: 113, 2: 9, 3: 7, 6: 127, 5: 29, 4: 65}","{0: 66, 1: 18, 2: 9, 3: 159, 6: 23, 5: 7, 4: 68}","{1: 271, 0: 34, 2: 45}","{1: 292, 0: 31, 2: 27}","{1: 268, 0: 36, 2: 46}","{1: 251, 0: 53, 2: 46}",0.0545263531658533,0.02712998171504826,0.06444954876870602,0.07219644027625113,0.18944749803989885,0.06449938491724991,0.2533854909428286,0.24205758678131697,0.21982513093646294,0.06321929512882146,0.17943120400512752,0.22367495064653575
13430,2,crash,3,1,1,206.51222649878775,1367,766.0,766.0,0.05,0.1,6.682729244232178,39.034297943115234,-145.211669921875,552.7133178710938,500.0,33.06144820444577,926,-2.7319999999999207,-23.817221705658717,-300.0,0.1510696609354702,"{6: 26, 5: 14, 4: 15, 3: 21, 0: 60}","{2: 68, 3: 46, 1: 17, 0: 5}","{1: 131, 2: 5}","{1: 115, 0: 21}","{1: 113, 2: 23}","{1: 109, 2: 16, 0: 11}",0.05142212710947968,0.022106867702602312,0.07024393061574813,0.09897208782135467,0.13576736597726363,0.07037488230885619,0.19862465965376844,0.17898927134892764,0.13735296369635241,0.021655995951353518,0.09062073605844462,0.1820679943831739
13440,2,max_steps,3,3,0,1635.1072142232317,3500,828.3333333333334,941.0,0.05,0.1,6.69490909576416,39.07416915893555,-145.211669921875,552.7133178710938,1500.0,142.1012142232428,2871,-6.993999999999452,0.0,0.0,0.4671734897780662,"{1: 32, 2: 16, 3: 3, 6: 127, 5: 47, 4: 21, 0: 104}","{4: 27, 3: 209, 0: 62, 1: 17, 2: 35}","{1: 241, 0: 53, 2: 56}","{1: 284, 2: 5, 0: 61}","{1: 239, 0: 53, 2: 58}","{1: 219, 0: 57, 2: 74}",0.09481435377874331,0.023703620818260947,0.1104038734290991,0.13885631694652092,0.2010969831532424,0.0635427767529169,0.2683390611060858,0.26071787468820956,0.2651545650969045,0.017266739161676203,0.2560127002454916,0.22434032008447802
13450,2,max_steps,3,2,0,1085.2216872422227,3500,1689.0,1689.0,0.05,0.1,6.707679748535156,39.11655044555664,-145.211669921875,552.7133178710938,1000.0,92.21768724221883,1801,-6.9959999999994515,0.0,0.0,0.31006333921206364,"{4: 96, 5: 60, 6: 70, 3: 9, 0: 44, 1: 22, 2: 49}","{6: 111, 5: 7, 4: 12, 3: 150, 2: 52, 1: 5, 0: 13}","{1: 281, 2: 33, 0: 36}","{1: 300, 0: 26, 2: 24}","{1: 253, 0: 59, 2: 38}","{1: 255, 2: 53, 0: 42}",0.07037616000385707,0.015040566739754454,0.09306943123265957,0.08245547295887906,0.1894305176556492,0.06310795322007504,0.2316511673761833,0.22955699629233223,0.2004498130477435,0.026967013630270497,0.20536860795584647,0.17791796546426605
13460,2,max_steps,3,4,0,2139.0777737312355,3500,597.75,650.5,0.05,0.1,6.709368705749512,39.10741424560547,-145.211669921875,551.8051147460938,2000.0,157.2785454833293,2983,-6.991999999999452,-11.208771752088964,0.0,0.6111650782089244,"{3: 22, 1: 43, 2: 18, 6: 145, 5: 30, 4: 22, 0: 70}","{6: 2, 5: 10, 4: 17, 3: 253, 1: 17, 2: 16, 0: 35}","{1: 252, 0: 46, 2: 52}","{1: 292, 2: 22, 0: 36}","{1: 242, 0: 48, 2: 60}","{1: 236, 0: 51, 2: 63}",0.09951489878671735,0.02239398149718809,0.12034043983296248,0.12427104794503821,0.19776644673357544,0.10337510567191109,0.2451363697978544,0.22697453162445863,0.25589282162653304,0.15874022272292554,0.23421549719302123,0.22612963887590753
13470,2,max_steps,3,4,0,2110.26728922927,3500,768.25,827.5,0.05,0.1,6.719651699066162,39.154117584228516,-145.211669921875,551.8051147460938,2000.0,117.25928922926954,2660,-6.991999999999452,0.0,0.0,0.6029335112083628,"{1: 43, 0: 68, 2: 13, 3: 66, 6: 62, 5: 9, 4: 89}","{0: 79, 1: 50, 2: 29, 3: 118, 6: 43, 5: 11, 4: 20}","{1: 309, 0: 21, 2: 20}","{1: 224, 0: 73, 2: 53}","{1: 306, 0: 20, 2: 24}","{1: 278, 0: 36, 2: 36}",0.05045907111275784,0.048089257218598726,0.06965982637775231,0.07841961922024904,0.15787931123284754,0.14541471781336954,0.20418225953798666,0.20357064744249342,0.21597712619664916,0.1811185277466558,0.2128521425296037,0.1938859041060468
13480,2,max_steps,3,3,0,1601.600893887576,3500,789.3333333333334,746.0,0.05,0.1,6.738811016082764,39.2671012878418,-145.211669921875,561.9464111328125,1500.0,108.63927020004093,2864,-6.993999999999452,-0.04437631246377352,0.0,0.4576002553964503,"{5: 84, 4: 47, 0: 71, 1: 9, 2: 63, 3: 76}","{3: 110, 5: 23, 6: 91, 4: 69, 0: 31, 1: 10, 2: 16}","{1: 307, 2: 29, 0: 14}","{1: 209, 2: 76, 0: 65}","{1: 303, 2: 33, 0: 14}","{1: 307, 2: 19, 0: 24}",0.05692356630680491,0.055919041538233454,0.06966058439585558,0.07751968054792759,0.1568723652379025,0.13340020420207932,0.19928421250556277,0.16009480897079129,0.20520410442450798,0.1245588644870113,0.22661605645626393,0.07365385377293951
13490,2,max_steps,3,1,0,533.6727084727926,3500,3208.0,3208.0,0.05,0.1,6.739072799682617,39.219974517822266,-145.211669921875,561.9464111328125,500.0,40.67070847279148,1628,-6.997999999999451,0.0,0.0,0.15247791670651217,"{2: 272, 1: 46, 3: 12, 0: 20}","{3: 113, 4: 213, 1: 15, 2: 9}","{1: 337, 2: 2, 0: 11}","{1: 304, 0: 39, 2: 7}","{1: 328, 0: 17, 2: 5}","{1: 317, 0: 19, 2: 14}",0.03257912110465276,0.018122427245942437,0.043768307149626845,0.033051125828224205,0.11637920454872255,0.06176490512357653,0.15225507452577963,0.1492540675865358,0.06745359110590142,0.08091207850676996,0.10891037325510734,0.08557155818513415
13500,2,success,3,5,0,2609.4775981966836,3252,650.4,672.0,0.05,0.1,6.743194580078125,39.22833251953125,-145.211669921875,554.4229736328125,2500.0,115.97159819668214,2729,-6.493999999999507,0.0,0.0,0.8024223856693369,"{0: 40, 1: 38, 2: 96, 4: 31, 3: 50, 6: 53, 5: 17}","{0: 3, 1: 41, 2: 32, 3: 152, 6: 28, 5: 10, 4: 59}","{1: 257, 0: 35, 2: 33}","{1: 257, 0: 48, 2: 20}","{1: 240, 0: 44, 2: 41}","{1: 230, 0: 52, 2: 43}",0.08009458741799172,0.024337274515796193,0.11047691174615425,0.10782963746334057,0.17664991133788951,0.10496588561374712,0.2296991123208077,0.2234937996812483,0.22806762800664665,0.15618859303503202,0.2653643444139226,0.21845023650831497
13510,2,success,3,5,0,2586.298815382601,2658,531.6,473.0,0.05,0.1,6.758504867553711,39.29240798950195,-145.211669921875,582.7269287109375,2500.0,91.60481538260662,2053,-5.305999999999638,0.0,0.0,0.9730243850197896,"{2: 106, 3: 124, 5: 25, 4: 10}","{0: 58, 1: 13, 2: 22, 3: 96, 6: 47, 5: 12, 4: 17}","{1: 238, 0: 14, 2: 13}","{1: 156, 0: 51, 2: 58}","{1: 231, 0: 20, 2: 14}","{1: 219, 0: 22, 2: 24}",0.06102778815694592,0.04925672596595816,0.08957960700556354,0.08710548241601594,0.15033848716682122,0.15650146080931707,0.19410673897779734,0.22328965598553605,0.18450006917366504,0.06991029434334031,0.19703029741021078,0.10924837988416042
13520,2,max_steps,3,2,0,1056.6945067988777,3500,1478.0,1478.0,0.05,0.1,6.766345977783203,39.32023239135742,-145.211669921875,582.444091796875,1000.0,82.31840054570748,2216,-6.9959999999994515,-18.627893746826114,0.0,0.3019127162282508,"{6: 69, 5: 41, 4: 41, 3: 70, 2: 66, 0: 50, 1: 13}","{3: 222, 2: 51, 5: 9, 4: 24, 0: 35, 1: 9}","{1: 311, 2: 10, 0: 29}","{1: 294, 0: 43, 2: 13}","{1: 291, 2: 22, 0: 37}","{1: 283, 2: 38, 0: 29}",0.0739390074168231,0.019751648857151628,0.0935741212685422,0.07990243253151473,0.15264161550886612,0.06342639550893779,0.218067402607623,0.1977384636962302,0.115401954407607,0.047944458257746465,0.12071247476293935,0.08696919028762201
13530,2,max_steps,3,1,0,561.2923006112903,3500,2386.0,2386.0,0.05,0.1,6.776932716369629,39.374149322509766,-145.211669921875,580.4375,500.0,68.29030061128795,2246,-6.997999999999451,0.0,0.0,0.16036922874608295,"{4: 94, 5: 68, 6: 50, 3: 26, 0: 100, 1: 12}","{0: 16, 1: 91, 2: 57, 3: 138, 6: 17, 5: 15, 4: 16}","{1: 328, 2: 6, 0: 16}","{1: 287, 0: 32, 2: 31}","{1: 307, 0: 28, 2: 15}","{1: 284, 0: 35, 2: 31}",0.044097416783800594,0.02762915298849303,0.05346573298470582,0.09018558022438972,0.13528610952455666,0.06153200915373478,0.1904713276321761,0.16808333224287966,0.03047274444915632,0.08880021559422843,0.1017729976943971,0.056593731098506544
13540,2,max_steps,3,2,0,1085.8073806658115,3500,1157.0,1157.0,0.05,0.1,6.782373428344727,39.39218521118164,-145.211669921875,580.4375,1000.0,92.80338066582452,2621,-6.9959999999994515,0.0,0.0,0.31023068019023187,"{5: 100, 6: 116, 4: 46, 3: 9, 0: 65, 1: 7, 2: 7}","{1: 58, 2: 47, 3: 192, 6: 29, 5: 9, 4: 15}","{1: 310, 0: 30, 2: 10}","{1: 279, 0: 34, 2: 37}","{1: 307, 0: 29, 2: 14}","{1: 313, 0: 14, 2: 23}",0.03530801092889077,0.02562378045345586,0.04324908097420113,0.04153250994799852,0.15412463327486545,0.06937099279643685,0.18832554574676597,0.1511861736666999,0.26490243908407185,0.10044627061740852,0.2677050931429829,0.14170371288034048
13550,2,max_steps,3,4,0,2111.8815650467436,3500,873.75,705.0,0.05,0.1,6.792829990386963,39.42020797729492,-145.211669921875,574.2326049804688,2000.0,145.14579177197243,2698,-6.991999999999452,-26.272226725233146,0.0,0.6033947328704982,"{0: 113, 1: 14, 2: 25, 6: 152, 5: 16, 4: 19, 3: 11}","{1: 17, 2: 27, 3: 164, 5: 45, 4: 90, 6: 7}","{1: 275, 0: 57, 2: 18}","{1: 273, 0: 33, 2: 44}","{1: 276, 0: 50, 2: 24}","{1: 282, 0: 35, 2: 33}",0.08088109574263605,0.02696966994991712,0.0990941044859869,0.10589441302805269,0.21771871428662776,0.06358806110812243,0.2517421967168659,0.17243486902847127,0.26043009871260264,0.06151869565802346,0.1992845888716623,0.1536753383933153
13560,2,max_steps,3,3,0,1580.5703272220835,3500,1150.0,776.0,0.05,0.1,6.810714244842529,39.47453308105469,-145.211669921875,553.0999755859375,1500.0,91.24252710973839,2568,-6.993999999999452,-3.6781998876585256,0.0,0.45159152206345243,"{4: 47, 5: 25, 6: 10, 3: 52, 1: 115, 0: 17, 2: 84}","{5: 18, 4: 13, 3: 85, 0: 180, 1: 9, 2: 12, 6: 33}","{1: 335, 2: 15}","{1: 238, 2: 61, 0: 51}","{1: 317, 0: 15, 2: 18}","{1: 313, 0: 20, 2: 17}",0.024228623068527043,0.033833251429184,0.03674679512114215,0.0484698238553434,0.11898184336378717,0.1281063641827473,0.17398042969019223,0.15207577471909745,0.16425087344809583,0.06128491986477198,0.11951891651627987,0.3401723243930351
13570,2,max_steps,3,1,0,546.0534766133702,3500,859.0,859.0,0.05,0.1,6.809796333312988,39.44345474243164,-145.211669921875,553.0999755859375,500.0,53.05147661335925,2018,-6.997999999999451,0.0,0.0,0.15601527903239149,"{3: 85, 5: 148, 6: 37, 4: 80}","{1: 11, 2: 39, 3: 192, 6: 44, 5: 10, 4: 54}",{1: 350},"{1: 304, 0: 24, 2: 22}","{1: 342, 0: 3, 2: 5}","{1: 334, 2: 13, 0: 3}",0.012459472333329343,0.016673077446144484,0.015070503051955713,0.015488702603199164,0.10923091659859527,0.06161350144811714,0.1375916989451548,0.1311085495156046,0.004524256031735425,0.05963355610487984,0.006485964825176078,0.00719002891902053
13580,2,max_steps,3,2,0,1068.5963829056136,3500,1295.0,1295.0,0.05,0.1,6.811526298522949,39.4361457824707,-145.211669921875,565.01171875,1000.0,75.5923829056195,2062,-6.9959999999994515,0.0,0.0,0.3053132522587467,"{1: 29, 0: 102, 2: 92, 3: 22, 4: 62, 5: 30, 6: 13}","{0: 64, 1: 19, 2: 77, 3: 169, 5: 14, 4: 7}","{1: 313, 2: 6, 0: 31}","{1: 279, 0: 37, 2: 34}","{1: 309, 2: 14, 0: 27}","{1: 306, 2: 23, 0: 21}",0.04680917074978565,0.024518676203747192,0.06410420753954083,0.07362175043853073,0.15226378934786705,0.06409273514419515,0.18736386343686703,0.15129191579192894,0.27159989599460405,0.062208583931432616,0.229248613974589,0.13337584427549856
13590,2,max_steps,3,3,0,1582.343680594461,3500,890.6666666666666,802.0,0.05,0.1,6.81416130065918,39.45761489868164,-145.211669921875,553.0999755859375,1500.0,89.33768059447145,2526,-6.993999999999452,0.0,0.0,0.45209819445556026,"{4: 150, 3: 54, 0: 66, 1: 6, 2: 8, 6: 57, 5: 9}","{4: 74, 3: 137, 0: 21, 1: 9, 2: 78, 6: 17, 5: 14}","{1: 291, 0: 28, 2: 31}","{1: 262, 2: 47, 0: 41}","{1: 277, 0: 39, 2: 34}","{1: 312, 0: 21, 2: 17}",0.02015758601157253,0.028141811498926878,0.032048461795809474,0.024707106768742357,0.1965154648294295,0.07179027669243523,0.23446392798295204,0.15221816122566242,0.04604748787781661,0.06224592181370928,0.05635152098197579,0.03621334049549271
13600,2,max_steps,3,2,0,906.6076135399226,3500,1360.5,1360.5,0.05,0.1,6.821289539337158,39.474693298339844,-145.211669921875,553.0999755859375,1000.0,70.40633521301737,2665,-6.9959999999994515,-156.80272167309798,0.0,0.25903074672569215,"{6: 12, 5: 12, 4: 9, 3: 8, 2: 209, 1: 22, 0: 78}","{3: 232, 6: 24, 5: 13, 4: 7, 0: 41, 1: 17, 2: 16}","{1: 321, 2: 23, 0: 6}","{1: 298, 2: 18, 0: 34}","{1: 306, 2: 22, 0: 22}","{1: 318, 2: 15, 0: 17}",0.01714640505662152,0.012824594282063579,0.03168651992403404,0.02366645682461968,0.13970584489407636,0.06226137195045009,0.20037802907784416,0.14764307395394913,0.23551439144386233,0.05764165518227998,0.23773034370923773,0.08512340845707762
13610,2,crash,3,2,1,747.6309818095334,2539,1200.5,1200.5,0.05,0.1,6.824588298797607,39.50663375854492,-145.211669921875,553.0999755859375,1000.0,63.2396044825936,1490,-5.073999999999663,-10.534622673062382,-300.0,0.294458834899383,"{4: 75, 5: 110, 6: 41, 3: 14, 0: 13}","{2: 10, 3: 108, 4: 37, 6: 76, 5: 9, 0: 13}","{1: 199, 0: 5, 2: 49}","{1: 191, 0: 32, 2: 30}","{1: 185, 0: 18, 2: 50}","{1: 202, 2: 21, 0: 30}",0.08044119737648625,0.04132884012550955,0.10361524049344123,0.08527370155890682,0.22167349587063712,0.08204871422395127,0.27446699089887855,0.19565103093889685,0.2588559325732523,0.007698968865338192,0.3242950522312317,0.04068736666523199
13620,2,crash,3,1,1,224.78862340644872,1299,564.0,564.0,0.05,0.1,6.8340959548950195,39.55635452270508,-145.211669921875,559.0786743164062,500.0,38.0056435600962,800,-2.5959999999999357,-10.621020153649665,-300.0,0.17304743911196976,"{2: 42, 1: 15, 3: 11, 4: 58, 5: 3}","{0: 12, 1: 6, 2: 10, 3: 62, 6: 27, 5: 7, 4: 5}","{1: 106, 0: 23}","{1: 77, 0: 24, 2: 28}","{1: 103, 0: 26}","{1: 105, 0: 12, 2: 12}",0.044413350301082115,0.052059925322343895,0.07740080785493988,0.0667434496868655,0.21574776338575985,0.155999864630661,0.2951355724872455,0.2730390649833724,0.13541608900696575,0.12781561049776233,0.19419796081874455,0.08533283282285348
13630,2,max_steps,3,0,0,13.044726188616407,3500,,,0.05,0.1,6.838292121887207,39.585723876953125,-145.211669921875,559.0786743164062,0.0,20.044726188616426,1738,-6.999999999999451,0.0,0.0,0.0037270646253189732,{0: 350},"{0: 3, 1: 142, 2: 205}",{1: 350},"{1: 347, 0: 3}",{1: 350},"{1: 348, 0: 2}",0.01898703483831103,0.009067038115653264,0.02894316086968777,0.0350078679736074,0.05674772363775646,0.028288860012605534,0.08063111450153966,0.0944659306397961,,,,
13640,2,max_steps,3,1,0,447.24002309730423,3500,2216.0,2216.0,0.05,0.1,6.837982654571533,39.558414459228516,-145.211669921875,559.0786743164062,500.0,43.57162441182883,2128,-6.997999999999451,-89.33360131453011,0.0,0.12778286374208692,"{4: 218, 3: 59, 2: 67, 1: 6}","{5: 3, 4: 9, 3: 160, 2: 63, 1: 115}","{1: 323, 0: 27}","{1: 320, 2: 14, 0: 16}","{1: 307, 0: 34, 2: 9}","{1: 300, 0: 18, 2: 32}",0.039860200788014596,0.014179474915797175,0.06963943954678292,0.0910196537268683,0.14183289237629174,0.05921647831160332,0.19262161303588338,0.16751299653687468,0.18375066706484341,0.04885251032414172,0.24862933820779096,0.1733179390286803
13650,2,max_steps,3,4,0,2113.2011788228842,3500,770.75,916.5,0.05,0.1,6.848571300506592,39.608089447021484,-145.211669921875,553.0999755859375,2000.0,120.19317882289684,2767,-6.991999999999452,0.0,0.0,0.603771765377967,"{2: 92, 3: 28, 0: 36, 1: 103, 6: 65, 5: 17, 4: 9}","{4: 31, 3: 163, 0: 60, 1: 23, 2: 31, 6: 23, 5: 19}","{1: 290, 2: 41, 0: 19}","{1: 290, 2: 25, 0: 35}","{1: 282, 0: 29, 2: 39}","{1: 301, 2: 16, 0: 33}",0.04801498889566386,0.04058438392939226,0.05300138539740516,0.06358861047595918,0.1858948742315924,0.0650495269922315,0.23238193826431283,0.17187730126580164,0.10854602002826766,0.05999893778268792,0.12514752355480166,0.09508051320960632
13660,2,max_steps,3,0,0,56.06533887239136,3500,,,0.05,0.1,6.862624168395996,39.64521026611328,-145.211669921875,548.0170288085938,0.0,63.065338872391386,1685,-6.999999999999451,0.0,0.0,0.016018668249254672,"{6: 273, 5: 30, 4: 47}","{4: 228, 5: 13, 3: 109}","{1: 314, 0: 15, 2: 21}","{1: 349, 2: 1}","{1: 317, 2: 19, 0: 14}","{1: 308, 2: 24, 0: 18}",0.04531301177180322,0.012269104750559472,0.06052773820483538,0.06530969795820006,0.15030149458827632,0.041675341052888754,0.1749584741271345,0.15129722493154896,,,,
13670,2,max_steps,3,1,0,568.8892967661441,3500,968.0,968.0,0.05,0.1,6.873666763305664,39.655670166015625,-145.211669921875,545.3379516601562,500.0,75.88729676613153,1794,-6.997999999999451,0.0,0.0,0.16253979907604116,"{6: 80, 5: 73, 4: 119, 3: 26, 1: 20, 0: 12, 2: 20}","{3: 256, 1: 18, 2: 76}","{1: 302, 2: 39, 0: 9}","{1: 328, 0: 22}","{1: 279, 0: 31, 2: 40}","{1: 291, 2: 25, 0: 34}",0.06874987580011557,0.026248506891453163,0.0885753833853029,0.11255276759894134,0.1684418124742677,0.05569614997182467,0.2144794655767415,0.15763480671293761,0.16826672749289565,0.03672095073650585,0.20683010771355162,0.2497123070117188
13680,2,max_steps,3,3,0,1601.665425474835,3500,1162.0,1175.0,0.05,0.1,6.878958225250244,39.68021774291992,-145.211669921875,554.6312255859375,1500.0,108.65942547485663,2254,-6.993999999999452,0.0,0.0,0.45761869299281,"{5: 91, 4: 78, 3: 9, 0: 46, 1: 35, 2: 36, 6: 55}","{6: 14, 5: 10, 4: 28, 3: 212, 1: 56, 2: 30}","{1: 266, 2: 51, 0: 33}","{1: 290, 2: 23, 0: 37}","{1: 235, 2: 59, 0: 56}","{1: 231, 2: 51, 0: 68}",0.08744736665237875,0.031257556780932644,0.12658874299594808,0.13794251419648978,0.18569194783248033,0.08395748691627086,0.26443262629032743,0.2915206503735994,0.17936875917814,0.03445164132987422,0.17595819285877692,0.3179968069813751
13690,2,crash,3,2,1,738.8388991716592,1522,723.5,723.5,0.05,0.1,6.886848449707031,39.673301696777344,-145.211669921875,545.9981689453125,1000.0,47.21682541469416,1408,-3.039999999999887,-5.337926243034956,-300.0,0.48543948697218087,"{3: 26, 0: 104, 1: 7, 2: 7, 6: 8}","{5: 10, 4: 7, 3: 47, 0: 55, 1: 16, 2: 9, 6: 8}","{1: 130, 0: 22}","{1: 88, 2: 24, 0: 40}","{1: 126, 0: 26}","{1: 134, 0: 11, 2: 7}",0.004379746255908677,0.058938269765976894,0.007765315412263073,0.010630678170567278,0.25013311687773665,0.1203816201451601,0.3224175369122795,0.1936172106708132,0.03610390870004584,0.14524243820702382,0.04354426970028538,0.012658552834865004
13700,2,crash,3,1,1,214.10891949038296,475,362.0,362.0,0.05,0.1,6.897153377532959,39.724571228027344,-145.211669921875,545.9981689453125,500.0,23.879239242554913,335,-0.9480000000000007,-8.82231975217242,-300.0,0.4507556199797536,"{0: 19, 1: 7, 2: 8, 3: 2, 4: 4, 5: 7}","{3: 34, 2: 2, 5: 11}","{1: 17, 0: 30}","{1: 45, 0: 2}","{1: 17, 0: 30}","{1: 28, 0: 8, 2: 11}",0.18914707850771667,0.02040516807770853,0.2426291083087074,0.1152631503813049,0.25217316348310215,0.04740387827603604,0.2771839806973228,0.23162856414995756,0.25810507675920924,0.004721548751815739,0.262389594903288,0.13936527342075306
13710,2,crash,3,1,1,201.7515575740918,1480,434.0,434.0,0.05,0.1,6.89874267578125,39.734588623046875,-145.211669921875,545.9981689453125,500.0,44.46299453126523,940,-2.957999999999896,-39.75343695717695,-300.0,0.13631861998249448,"{0: 21, 1: 12, 2: 10, 6: 85, 5: 20}","{4: 32, 3: 103, 2: 13}","{1: 108, 0: 23, 2: 17}","{1: 119, 2: 29}","{1: 109, 0: 23, 2: 16}","{1: 102, 0: 25, 2: 21}",0.07653488857682585,0.02759565596419923,0.10113635394001622,0.12051474236842499,0.2020278947369961,0.0644671392913019,0.24385789435630775,0.23026968725470176,0.21576728750521804,0.010451316374688645,0.2154979682586784,0.05602720005590143
13720,2,max_steps,3,3,0,1552.4676814633676,3500,1136.6666666666667,1124.0,0.05,0.1,6.914771556854248,39.80852127075195,-145.211669921875,546.6884155273438,1500.0,59.461681463371306,2138,-6.993999999999452,0.0,0.0,0.4435621947038193,"{4: 202, 5: 12, 3: 62, 2: 30, 1: 13, 0: 21, 6: 10}","{4: 170, 5: 4, 3: 99, 0: 62, 1: 9, 2: 6}","{1: 299, 2: 19, 0: 32}","{1: 314, 2: 2, 0: 34}","{1: 289, 2: 19, 0: 42}","{1: 306, 2: 13, 0: 31}",0.010574569628450688,0.017972941417174558,0.017609564366675688,0.026364011940905478,0.18410437133542668,0.060630277608375846,0.23890028334082355,0.15955897208410996,0.1878850360627008,0.06804001118958672,0.22509956325300387,0.08953526510138984
13730,2,success,3,5,0,2598.7754858317503,2886,577.2,700.0,0.05,0.1,6.927034854888916,39.890419006347656,-145.211669921875,550.7332153320312,2500.0,104.53748583176326,2197,-5.7619999999995875,0.0,0.0,0.9004766063173077,"{3: 48, 5: 64, 4: 13, 2: 82, 0: 22, 1: 59}","{0: 20, 1: 34, 2: 13, 3: 111, 6: 34, 5: 44, 4: 32}","{1: 250, 2: 7, 0: 31}","{1: 212, 0: 41, 2: 35}","{1: 241, 2: 10, 0: 37}","{1: 269, 2: 4, 0: 15}",0.04903487376328155,0.044933874127863774,0.07138612043754528,0.06637945683201593,0.16600934373035534,0.10897501381960437,0.21643927304002877,0.14351348657712523,0.1808654669484806,0.1428510916694862,0.18082423532196074,0.11523184337746266
13740,2,max_steps,3,3,0,1620.545595398505,3500,1013.3333333333334,1096.0,0.05,0.1,6.941984176635742,39.943359375,-145.211669921875,578.998779296875,1500.0,127.53959539852119,2836,-6.993999999999452,0.0,0.0,0.46301302725671567,"{6: 143, 5: 48, 4: 36, 3: 30, 0: 33, 1: 33, 2: 27}","{6: 35, 5: 31, 4: 39, 3: 193, 0: 3, 1: 20, 2: 29}","{1: 271, 2: 38, 0: 41}","{1: 286, 2: 38, 0: 26}","{1: 263, 2: 50, 0: 37}","{1: 289, 2: 30, 0: 31}",0.07046317324859136,0.02374777441472653,0.09529111096473072,0.07003400706985308,0.20210808235599478,0.06183694030690032,0.24057787945035392,0.1812082604266016,0.19874500102879947,0.06335698155766566,0.19327236222264202,0.15300098976477255
13750,2,success,3,5,0,2551.128461453789,3134,626.8,662.0,0.05,0.1,6.953332901000977,39.96083450317383,-145.211669921875,578.998779296875,2500.0,87.64981002348947,2095,-6.257999999999533,-30.26334856970976,0.0,0.8140167394555804,"{5: 99, 4: 93, 3: 54, 0: 31, 1: 15, 2: 21}","{3: 233, 4: 13, 2: 27, 6: 8, 5: 13, 1: 19}","{1: 252, 2: 11, 0: 50}","{1: 277, 2: 22, 0: 14}","{1: 253, 2: 13, 0: 47}","{1: 276, 0: 20, 2: 17}",0.06111242254963428,0.018332187108069893,0.0899234103563448,0.06578697105959161,0.2003808209587105,0.06150832459802223,0.23946667585037612,0.16542846188734153,0.1997899191867165,0.058397607488436865,0.22293238508876664,0.1451877166614593
13760,2,crash,3,1,1,204.37227744693143,2030,714.0,714.0,0.05,0.1,6.9646687507629395,39.981197357177734,-145.211669921875,555.3016357421875,500.0,37.41458361267153,1223,-4.057999999999775,-28.984306165746336,-300.0,0.10067599874233076,"{0: 42, 1: 12, 2: 15, 3: 2, 6: 90, 5: 26, 4: 16}","{6: 9, 5: 8, 4: 13, 3: 173}","{1: 193, 0: 10}","{1: 176, 2: 24, 0: 3}","{1: 176, 0: 27}","{1: 161, 0: 19, 2: 23}",0.05346737865617808,0.03093653103837981,0.061902981970202615,0.08772776315831232,0.14225835198935693,0.06244653682199566,0.1966315103642788,0.17332061062099804,0.10766114094232877,0.05014761428374329,0.03825094163995074,0.11607586852581463
13770,2,max_steps,3,4,0,2085.920919613143,3500,871.0,584.0,0.05,0.1,6.959936141967773,39.916893005371094,-145.211669921875,548.2515869140625,2000.0,92.91291961314326,2552,-6.991999999999452,0.0,0.0,0.5959774056037551,"{3: 113, 4: 131, 5: 64, 2: 40, 0: 2}","{1: 13, 2: 13, 6: 58, 5: 12, 4: 84, 3: 123, 0: 47}","{1: 339, 2: 11}","{1: 223, 0: 65, 2: 62}","{1: 340, 2: 10}","{1: 330, 2: 12, 0: 8}",0.027976877693035293,0.038576586177276065,0.03201971584723677,0.018171089933464453,0.10862829259347732,0.15880505420214003,0.13997130088603638,0.1302799586125775,0.08087485064108169,0.14658057499976104,0.1543955489273881,0.10838959320959836
13780,2,max_steps,3,2,0,1040.1436614079635,3500,975.5,975.5,0.05,0.1,6.9595537185668945,39.86991500854492,-145.211669921875,547.5877685546875,1000.0,69.43816228853417,2314,-6.9959999999994515,-22.298500880557942,0.0,0.2971839032594181,"{1: 42, 2: 11, 3: 3, 4: 71, 5: 174, 6: 49}","{1: 6, 2: 28, 3: 208, 4: 66, 6: 32, 5: 10}","{1: 323, 0: 13, 2: 14}","{1: 296, 0: 19, 2: 35}","{1: 317, 0: 19, 2: 14}","{1: 303, 0: 19, 2: 28}",0.027732148113592182,0.026731425660868627,0.04093541729478827,0.04279641888278844,0.13706853388286133,0.06307851804160408,0.17147553486622588,0.15854674602214894,0.15704847668686353,0.019426429504213548,0.059011071984103734,0.25426250477479756
13790,2,crash,3,1,1,171.01777489443975,1723,236.0,236.0,0.05,0.1,6.956952095031738,39.845008850097656,-145.211669921875,554.6393432617188,500.0,35.16870289472811,999,-3.4439999999998423,-60.70692800029179,-300.0,0.09925581827883909,"{3: 56, 0: 15, 1: 10, 2: 32, 4: 59}","{6: 5, 5: 9, 4: 6, 3: 129, 2: 23}","{1: 150, 0: 22}","{1: 139, 2: 25, 0: 8}","{1: 147, 0: 25}","{1: 145, 0: 10, 2: 17}",0.039011397664972275,0.03370281449450849,0.06489603374576793,0.07264250240313015,0.16004850400272835,0.08960684152441173,0.20739611034850522,0.16842159336146117,0.16045599634160415,0.10619788065085146,0.21231961001863595,0.16193476477774052
13800,2,max_steps,3,4,0,2057.7266158013767,3500,777.75,569.5,0.05,0.1,6.962022304534912,39.841434478759766,-145.211669921875,554.6393432617188,2000.0,120.4779850173839,2508,-6.991999999999452,-55.759369216007386,0.0,0.5879218902289648,"{4: 86, 3: 19, 2: 36, 1: 30, 0: 54, 6: 106, 5: 19}","{4: 37, 3: 218, 5: 25, 2: 40, 0: 20, 1: 10}","{1: 266, 0: 34, 2: 50}","{1: 280, 2: 33, 0: 37}","{1: 250, 0: 43, 2: 57}","{1: 225, 0: 57, 2: 68}",0.07836672502555331,0.03270278431146719,0.11147214908383289,0.11340151709952401,0.20403217420557346,0.07023974188154868,0.26068149512923805,0.27518342385676964,0.21652971037170077,0.0581471578036467,0.21470513423638643,0.24883155053756834
13810,2,max_steps,3,3,0,1632.378464719352,3500,843.0,765.0,0.05,0.1,6.973698616027832,39.887081146240234,-145.211669921875,552.333984375,1500.0,139.37246471937155,2103,-6.993999999999452,0.0,0.0,0.466393847062672,"{4: 70, 5: 101, 6: 101, 3: 2, 0: 58, 1: 6, 2: 12}","{0: 38, 1: 26, 2: 22, 3: 199, 6: 30, 5: 17, 4: 18}","{1: 254, 2: 69, 0: 27}","{1: 255, 0: 52, 2: 43}","{1: 240, 0: 33, 2: 77}","{1: 243, 0: 45, 2: 62}",0.08431292991243282,0.026390949611900194,0.11678048452377593,0.12096987267459942,0.23977720685247988,0.104566171501475,0.30014400273968544,0.27304752240163105,0.25956840027886136,0.025109005407852297,0.20504469098351602,0.24605020784144643
13820,2,max_steps,3,3,0,1599.5849922887023,3500,843.3333333333334,914.0,0.05,0.1,6.9889631271362305,39.96471405029297,-145.211669921875,567.4603271484375,1500.0,172.8638034092127,2782,-6.993999999999452,-66.28481112050716,0.0,0.4570242835110578,"{5: 67, 6: 78, 4: 14, 3: 3, 0: 154, 1: 14, 2: 20}","{0: 10, 1: 23, 2: 27, 3: 213, 6: 22, 5: 14, 4: 41}","{1: 224, 2: 67, 0: 59}","{1: 250, 0: 71, 2: 29}","{1: 214, 0: 71, 2: 65}","{1: 243, 0: 61, 2: 46}",0.10389916236326599,0.036898393412084174,0.13428571116860732,0.08834845145136842,0.2536341118131041,0.09352721118339635,0.2875673704982024,0.2579524552138324,0.2772236649103604,0.017155034432361764,0.19980796325161793,0.2140716097036211
13830,2,max_steps,3,3,0,1501.7644177962327,3500,795.3333333333334,612.0,0.05,0.1,7.009128093719482,40.06687927246094,-145.211669921875,573.1419067382812,1500.0,93.52252230388324,2146,-6.993999999999452,-84.7641045076449,0.0,0.42907554794178077,"{6: 104, 5: 5, 4: 96, 3: 32, 2: 47, 1: 27, 0: 39}","{2: 68, 1: 36, 3: 94, 4: 34, 5: 38, 6: 2, 0: 78}","{1: 269, 2: 32, 0: 49}","{1: 303, 0: 29, 2: 18}","{1: 279, 2: 32, 0: 39}","{1: 300, 2: 27, 0: 23}",0.06610015471368033,0.03171570259570696,0.09001839443610377,0.07403619917518725,0.19121808064068585,0.0619642303496388,0.2342914890306629,0.1681315238858308,0.2668812492211088,0.03682700335927374,0.1943292143073398,0.21778786592791008
13840,2,max_steps,3,4,0,2134.47285543085,3500,587.25,596.5,0.05,0.1,7.027955055236816,40.17275619506836,-145.211669921875,573.1419067382812,2000.0,141.5439615837322,2516,-6.991999999999452,-0.07910615290319423,0.0,0.6098493872659572,"{6: 54, 5: 84, 4: 58, 3: 7, 2: 74, 0: 65, 1: 8}","{3: 180, 6: 29, 5: 7, 4: 13, 0: 34, 1: 6, 2: 81}","{1: 264, 2: 59, 0: 27}","{1: 282, 0: 43, 2: 25}","{1: 236, 2: 69, 0: 45}","{1: 260, 2: 43, 0: 47}",0.08316128527043191,0.026606138347907066,0.10791390394393524,0.10149140731253695,0.22642669957480027,0.12342183856223889,0.2693838424145012,0.24552689740724642,0.24131610619289923,0.045696558439077876,0.22885514478056096,0.25639287629655516
13850,2,crash,3,3,1,1312.8411055664392,2614,837.3333333333334,1035.0,0.05,0.1,7.0510172843933105,40.30470657348633,-145.211669921875,573.1419067382812,1500.0,125.53211626173113,1993,-5.221999999999647,-7.469010695284504,-300.0,0.5022345468884618,"{2: 25, 3: 14, 6: 98, 5: 6, 4: 9, 0: 103, 1: 6}","{0: 60, 1: 18, 2: 15, 3: 106, 6: 51, 5: 6, 4: 5}","{1: 187, 2: 29, 0: 45}","{1: 138, 0: 76, 2: 47}","{1: 173, 2: 29, 0: 59}","{1: 218, 2: 21, 0: 22}",0.05652680016373193,0.0552652786055117,0.08216612405709915,0.05692355584753869,0.23759896568050481,0.1767387048026544,0.26462866213474323,0.20718711612908902,0.27940404039092337,0.14566321166981838,0.27275333334172974,0.18743874820901257
13860,2,max_steps,3,3,0,1587.1885292619882,3500,1165.0,639.0,0.05,0.1,7.065141677856445,40.33286666870117,-145.211669921875,586.1577758789062,1500.0,115.34992609135794,2407,-6.993999999999452,-21.16739682937972,0.0,0.45348243693199664,"{0: 45, 1: 10, 2: 9, 6: 64, 5: 10, 4: 107, 3: 105}","{6: 10, 5: 8, 4: 13, 3: 186, 2: 99, 0: 28, 1: 6}","{1: 296, 0: 27, 2: 27}","{1: 280, 2: 22, 0: 48}","{1: 248, 0: 47, 2: 55}","{1: 244, 0: 59, 2: 47}",0.09369962270929733,0.02141704285497379,0.120012911760526,0.12128510336774076,0.16550012527443556,0.12526518374754386,0.21483460198720952,0.2375278814777762,0.14123235434271703,0.03708752804303287,0.20149586354429705,0.2651598286476256
13870,2,crash,3,0,1,-318.51814310866945,466,,,0.05,0.1,7.078668117523193,40.418251037597656,-145.211669921875,607.6388549804688,0.0,7.215904657719243,381,-0.9320000000000007,-24.802047766388718,-300.0,-0.6835153285593765,{6: 46},"{6: 10, 5: 7, 4: 5, 3: 21, 2: 3}",{1: 46},"{1: 9, 2: 37}",{1: 46},"{1: 41, 2: 5}",0.0,0.10645140476320618,0.0,0.0,0.02769964473129927,0.1653247809008569,0.10090458721874954,0.1492085227579886,,,,
13880,2,success,3,5,0,2625.743723510081,2433,486.6,482.0,0.05,0.1,7.094107151031494,40.52199172973633,-145.211669921875,607.6388549804688,2500.0,130.59972351008594,1990,-4.855999999999687,0.0,0.0,1.0792206015248997,"{6: 64, 5: 19, 4: 22, 3: 11, 2: 43, 0: 51, 1: 33}","{4: 32, 3: 158, 2: 48, 1: 5}","{1: 148, 0: 62, 2: 33}","{1: 225, 0: 18}","{1: 134, 2: 40, 0: 69}","{1: 197, 2: 18, 0: 28}",0.12516445827280737,0.011749147142195722,0.1411790258466571,0.0815621129756928,0.2550856900431255,0.058513705273618426,0.3031905311062625,0.20497388516138984,0.27145834198752744,0.015492049854955291,0.30628029566511483,0.15661649498811814
13890,2,crash,3,1,1,140.25954405071627,1848,1014.0,1014.0,0.05,0.1,7.108020782470703,40.60404968261719,-145.211669921875,619.7356567382812,500.0,44.04433486458165,1086,-3.6939999999998148,-100.09079081386784,-300.0,0.07589802167246551,"{6: 50, 5: 38, 4: 12, 3: 1, 0: 83}","{6: 11, 5: 27, 4: 39, 3: 105, 2: 2}","{1: 159, 2: 24, 0: 1}","{1: 116, 2: 34, 0: 34}","{1: 133, 2: 36, 0: 15}","{1: 112, 2: 30, 0: 42}",0.07277399520351135,0.048981153980464376,0.10637994323295814,0.1368851599343293,0.18060820805561137,0.1333432949464965,0.26942467948458,0.2944648006688314,0.2612216987113562,0.0007016125216655982,0.32172605858169434,0.0891816346227094
13900,2,max_steps,3,3,0,1540.887195002697,3500,759.3333333333334,557.0,0.05,0.1,7.130250453948975,40.722801208496094,-145.211669921875,577.408447265625,1500.0,85.0513356040916,2556,-6.993999999999452,-37.17014060138706,0.0,0.4402534842864848,"{5: 94, 4: 93, 3: 40, 0: 123}","{3: 96, 5: 54, 4: 90, 0: 85, 1: 15, 2: 10}","{1: 292, 2: 44, 0: 14}","{1: 276, 2: 18, 0: 56}","{1: 280, 2: 45, 0: 25}","{1: 245, 2: 44, 0: 61}",0.06216180221882969,0.03127541085841221,0.09310936838788816,0.1181990296254604,0.18284757243694508,0.08531057543452002,0.24485670676708435,0.2771520766006905,0.2018440985839187,0.02336423045993,0.2552634165835628,0.29382433711089956
13910,2,crash,3,2,1,754.2392330512844,1029,481.5,481.5,0.05,0.1,7.145989418029785,40.829078674316406,-153.42137145996094,577.408447265625,1000.0,61.55466326038811,876,-2.0539999999999954,-5.2614302091036045,-300.0,0.7329827337718993,"{5: 24, 4: 15, 3: 4, 0: 46, 1: 6, 2: 7}","{4: 19, 3: 66, 2: 11, 0: 6}","{1: 58, 2: 3, 0: 41}","{1: 98, 2: 2, 0: 2}","{1: 47, 2: 7, 0: 48}","{1: 83, 2: 9, 0: 10}",0.14432513131662558,0.01172235790003822,0.1944134429646304,0.06937858203938466,0.29125113258518603,0.0505551731747551,0.30747850982678043,0.17998377224352916,0.3033907124421262,0.0729618369487581,0.3179951396717098,0.21128914072915472
13920,2,success,3,5,0,2577.7408142284735,2921,584.2,450.0,0.05,0.1,7.159983158111572,40.910423278808594,-153.42137145996094,575.5488891601562,2500.0,108.64416990319037,2007,-5.83199999999958,-25.071355674701607,0.0,0.882485728938197,"{3: 37, 6: 53, 5: 76, 4: 41, 2: 25, 1: 35, 0: 25}","{1: 11, 2: 15, 3: 165, 4: 48, 6: 42, 5: 11}","{1: 217, 2: 44, 0: 31}","{1: 242, 0: 33, 2: 17}","{1: 184, 2: 45, 0: 63}","{1: 211, 2: 32, 0: 49}",0.08825453968812763,0.03558752436943164,0.11859252593100818,0.09164252941209966,0.22469660255005355,0.0732988760927509,0.2751306761519561,0.27448970113492505,0.2389546072209239,0.145332056522677,0.21428070002396568,0.26347545337983447
13930,2,crash,3,1,1,218.73769359699355,587,501.0,501.0,0.05,0.1,7.168374061584473,40.994937896728516,-153.42137145996094,564.2017822265625,500.0,27.41070094150209,500,-1.1720000000000008,-7.501007344508726,-300.0,0.3726366160085069,"{0: 33, 1: 7, 2: 8, 3: 2, 4: 3, 5: 5}","{2: 10, 3: 48}","{1: 28, 0: 30}","{1: 51, 0: 7}","{1: 26, 0: 32}","{1: 43, 0: 8, 2: 7}",0.15838789851885243,0.008056697101485585,0.2138063910054782,0.022464488209491755,0.24689165255220416,0.060643586068220894,0.2621907092790638,0.24478649614913464,0.2509795533979022,0.0020236897871398892,0.25531408720189674,0.10772574569311055
13940,2,max_steps,3,4,0,2080.6322737503283,3500,470.75,403.0,0.05,0.1,7.181437969207764,41.07347869873047,-153.42137145996094,564.2017822265625,2000.0,87.80174899856658,2387,-6.991999999999452,-0.1774752482766252,0.0,0.5944663639286653,"{3: 35, 1: 31, 2: 32, 6: 76, 5: 7, 4: 169}","{1: 32, 2: 34, 3: 210, 4: 22, 6: 21, 5: 12, 0: 19}","{1: 306, 0: 15, 2: 29}","{1: 246, 0: 64, 2: 40}","{1: 307, 0: 15, 2: 28}","{1: 308, 0: 26, 2: 16}",0.024021311642146635,0.026626275230357974,0.023861771887245455,0.024711341261444898,0.17278741676701675,0.11066456380953395,0.2148945305037514,0.15719119263053727,0.24579057394171175,0.14517219426204792,0.18311238506842908,0.16783352566016158
13950,2,max_steps,3,2,0,1079.3087791555631,3500,835.5,835.5,0.05,0.1,7.196750640869141,41.12812042236328,-153.42137145996094,559.9136352539062,1000.0,86.30477915559129,2034,-6.9959999999994515,0.0,0.0,0.3083739369015895,"{5: 42, 4: 41, 0: 66, 1: 7, 2: 151, 3: 43}","{4: 42, 3: 230, 1: 24, 2: 54}","{1: 300, 2: 16, 0: 34}","{1: 320, 2: 1, 0: 29}","{1: 290, 2: 22, 0: 38}","{1: 285, 2: 22, 0: 43}",0.03659987043184045,0.016934398865732607,0.05857598908168326,0.07047708837637968,0.17076556370343246,0.057003125771850675,0.23773349782642433,0.21376084180168156,0.04643535806471862,0.040021408053512696,0.07002932440728084,0.07898621574099177
13960,2,crash,3,1,1,220.21193052538456,686,586.0,586.0,0.05,0.1,7.2088541984558105,41.19607162475586,-153.42137145996094,559.9136352539062,500.0,28.827037093404893,527,-1.370000000000001,-7.245106568020664,-300.0,0.3210086450807355,"{0: 43, 1: 7, 2: 8, 3: 4, 4: 6}","{5: 11, 4: 7, 3: 40, 0: 4, 1: 6}","{1: 38, 0: 30}","{1: 50, 2: 18}","{1: 35, 0: 33}","{1: 53, 0: 9, 2: 6}",0.09026483582092872,0.023221543991748687,0.1650924627013156,0.015159777204682638,0.2533805419870217,0.1316111593877677,0.2723212001785294,0.2675955622512565,0.25877003189424785,0.004222404574528246,0.26724808508098163,0.051564606609023685
13970,2,crash,3,2,1,755.0053521008715,3321,1258.0,1258.0,0.05,0.1,7.211785316467285,41.212947845458984,-153.42137145996094,557.494873046875,1000.0,78.8909407124645,2224,-6.637999999999491,-17.24758861158987,-300.0,0.22734277389366803,"{4: 125, 5: 34, 6: 21, 3: 32, 0: 33, 1: 23, 2: 64}","{4: 34, 3: 124, 0: 74, 1: 16, 2: 59, 6: 19, 5: 6}","{1: 295, 2: 23, 0: 14}","{1: 262, 2: 23, 0: 47}","{1: 280, 0: 28, 2: 24}","{1: 264, 0: 30, 2: 38}",0.04959306912095487,0.036129471224915624,0.057663888389090034,0.08337315513110904,0.16132378832965516,0.08492268340558398,0.22726784235641614,0.2058546807814302,0.11022294132424912,0.08817369322555602,0.1465573397053245,0.1015399169270415
13980,2,max_steps,3,1,0,569.8477246056124,3500,740.0,740.0,0.05,0.1,7.22097110748291,41.24318313598633,-153.42137145996094,561.7451782226562,500.0,76.84572460560322,2080,-6.997999999999451,0.0,0.0,0.16281363560160353,"{4: 146, 5: 72, 6: 90, 3: 42}","{2: 134, 3: 156, 6: 47, 5: 7, 4: 6}","{1: 268, 2: 52, 0: 30}","{1: 310, 0: 8, 2: 32}","{1: 245, 0: 51, 2: 54}","{1: 229, 0: 61, 2: 60}",0.06482758049488802,0.011527822460464477,0.08079743636699352,0.11846287636977132,0.20102828845467338,0.061880748122867923,0.28299761389952677,0.28972107135711683,0.1862243418101462,0.014108603177366364,0.30585050806505026,0.3879247033645262
13990,2,max_steps,3,2,0,1039.5278096420566,3500,569.0,569.0,0.05,0.1,7.226822376251221,41.23064041137695,-153.42137145996094,557.494873046875,1000.0,89.14612122781968,1769,-6.9959999999994515,-42.62231158572998,0.0,0.29700794561201616,"{3: 34, 4: 51, 1: 19, 0: 26, 2: 13, 6: 185, 5: 22}","{5: 9, 4: 14, 3: 132, 1: 34, 2: 145, 0: 16}","{1: 302, 0: 15, 2: 33}","{1: 289, 2: 15, 0: 46}","{1: 284, 2: 43, 0: 23}","{1: 296, 2: 30, 0: 24}",0.06151318619938291,0.020465054945040827,0.08311817845449004,0.06670381763361745,0.18220327405026288,0.06329538046890758,0.23724279751754712,0.1621851710229022,0.1500624039192418,0.030794923432650997,0.3365056086926662,0.4209213804486872
14000,2,max_steps,3,4,0,2132.2805198445285,3500,704.25,619.0,0.05,0.1,7.236739158630371,41.192386627197266,-153.42137145996094,557.494873046875,2000.0,139.31339618306322,2590,-6.991999999999452,-0.04087633852994846,0.0,0.6092230056698653,"{6: 72, 5: 33, 4: 53, 3: 32, 0: 62, 1: 34, 2: 64}","{3: 296, 6: 7, 5: 8, 4: 5, 2: 33, 1: 1}","{1: 258, 2: 27, 0: 65}","{1: 316, 2: 22, 0: 12}","{1: 243, 2: 38, 0: 69}","{1: 262, 2: 37, 0: 51}",0.09452810463365728,0.012509131819938,0.1138833211817741,0.10689920898654735,0.22089294077008823,0.058329687904639056,0.24990096993530717,0.23235671750704592,0.15706624126088584,0.039683277684157144,0.183902640173123,0.12894015399635006
14010,2,max_steps,3,2,0,1052.4050256780265,3500,558.0,558.0,0.05,0.1,7.244879722595215,41.187381744384766,-153.42137145996094,543.342041015625,1000.0,59.401025678044626,2390,-6.9959999999994515,0.0,0.0,0.3006871501937219,"{4: 84, 3: 156, 2: 75, 1: 35}","{1: 9, 2: 34, 3: 137, 6: 44, 5: 8, 4: 118}","{1: 340, 2: 10}","{1: 306, 0: 15, 2: 29}","{1: 328, 2: 22}","{1: 332, 2: 3, 0: 15}",0.022838760703205185,0.01784125551609199,0.029781941215579928,0.041606972400840186,0.10756148183465845,0.06152810455189077,0.1362977919613978,0.14229561482287423,0.0673475469641719,0.03709877295246687,0.13291781913510953,0.06114220957380415
14020,2,max_steps,3,4,0,2116.5993565595904,3500,873.75,948.0,0.05,0.1,7.2491865158081055,41.14177322387695,-153.42137145996094,570.8737182617188,2000.0,123.59135655960111,2564,-6.991999999999452,0.0,0.0,0.6047426733027401,"{5: 65, 4: 105, 3: 34, 0: 64, 1: 8, 2: 10, 6: 64}","{0: 9, 1: 17, 2: 26, 3: 249, 4: 20, 5: 19, 6: 10}","{1: 261, 2: 43, 0: 46}","{1: 275, 0: 33, 2: 42}","{1: 249, 2: 59, 0: 42}","{1: 289, 2: 17, 0: 44}",0.08475385848631216,0.027234555189261475,0.11541287893962823,0.09678084507699872,0.18797270018108905,0.10059456398030182,0.21568283237725885,0.17778080788833245,0.17032659883235093,0.0854640435536081,0.20245096534243448,0.18540335540953395
14030,2,max_steps,3,3,0,1564.6666422156927,3500,889.3333333333334,287.0,0.05,0.1,7.25830602645874,41.154136657714844,-153.42137145996094,566.0177612304688,1500.0,71.66064221571648,2549,-6.993999999999452,0.0,0.0,0.44704761206162646,"{4: 29, 3: 61, 6: 5, 5: 11, 2: 192, 0: 41, 1: 11}","{3: 313, 4: 37}","{1: 324, 2: 16, 0: 10}","{1: 319, 2: 29, 0: 2}","{1: 325, 2: 13, 0: 12}","{1: 341, 0: 9}",0.02419688012640763,0.009110303811541284,0.03507222341572199,0.04093947848661911,0.1460435996507315,0.059669149202791885,0.1616581825021272,0.12384642435507003,0.049327302442861654,0.02903581637832935,0.09262770931966326,0.07383135944932197
14040,2,crash,3,1,1,178.82040132474657,646,353.0,353.0,0.05,0.1,7.267210960388184,41.14684295654297,-153.42137145996094,550.556884765625,500.0,21.23516027158658,352,-1.290000000000001,-41.124758946840934,-300.0,0.27681176675657365,"{0: 17, 1: 9, 2: 8, 3: 1, 6: 29}","{3: 35, 6: 28, 5: 1}","{1: 39, 0: 25}",{1: 64},"{1: 42, 0: 22}","{1: 31, 0: 14, 2: 19}",0.10922945044136392,0.0122900286393708,0.1061949734085044,0.15040423547703874,0.24304360525166463,0.02217824487645452,0.2831412043147327,0.17947594268666625,0.24900478614719299,0.001223113276439899,0.22668576719664288,0.15698252939765878
14050,2,crash,3,1,1,215.10107780266276,934,808.0,808.0,0.05,0.1,7.277745723724365,41.175472259521484,-153.42137145996094,559.2630004882812,500.0,30.395010365761916,807,-1.8660000000000014,-13.42793256309969,-300.0,0.2303009398315447,"{6: 50, 5: 11, 4: 16, 3: 3, 0: 13}","{0: 10, 1: 13, 2: 16, 3: 54}","{1: 75, 2: 18}","{1: 61, 0: 32}","{1: 71, 2: 22}","{1: 74, 2: 2, 0: 17}",0.09996413576917941,0.04897489958618216,0.08671477637528341,0.09225789418875925,0.17206027813621033,0.08534467563980438,0.2074814950328378,0.2617088250687389,0.18776689201269653,0.04620588722908734,0.23041185841394357,0.05780200466513877
14060,2,max_steps,3,3,0,1572.2487339145216,3500,1076.3333333333333,683.0,0.05,0.1,7.29292631149292,41.2049674987793,-153.42137145996094,600.6663818359375,1500.0,98.78404759480127,2396,-6.993999999999452,-19.54131368027524,0.0,0.4492139239755776,"{6: 78, 5: 8, 4: 9, 3: 24, 2: 168, 1: 24, 0: 39}","{5: 11, 4: 15, 3: 143, 0: 26, 1: 40, 2: 115}","{1: 310, 2: 21, 0: 19}","{1: 281, 2: 29, 0: 40}","{1: 303, 2: 24, 0: 23}","{1: 289, 2: 32, 0: 29}",0.04230562860821878,0.02459764782311271,0.05335074463776748,0.0669070035627389,0.16097388219138625,0.10190300951988994,0.20505247208503447,0.15656246277338148,0.1663341313270283,0.061171119280901354,0.12752535870252177,0.1927822733721617
14070,2,max_steps,3,0,0,1.0416624509090537,3500,,,0.05,0.1,7.297386646270752,41.197540283203125,-153.42137145996094,566.9302978515625,0.0,8.041662450909007,1652,-6.999999999999451,0.0,0.0,0.0002976178431168725,"{4: 332, 3: 18}","{3: 287, 2: 63}",{1: 350},"{1: 347, 2: 2, 0: 1}",{1: 350},{1: 350},0.006795503427082119,0.01204482491246607,0.008485696945479865,0.009471968425935434,0.01616344795866338,0.03115790099266623,0.0218971219417468,0.02483072777414781,0.02211167770977048,0.014677451422759703,0.029634702211855483,0.040892490860916265
14080,2,max_steps,3,2,0,1096.4537739347252,3500,1221.0,1221.0,0.05,0.1,7.295215129852295,41.15532684326172,-153.42137145996094,565.7896728515625,1000.0,103.44977393473553,2319,-6.9959999999994515,0.0,0.0,0.3132725068384929,"{3: 70, 4: 61, 5: 54, 6: 103, 2: 62}","{0: 28, 1: 26, 2: 34, 3: 177, 6: 72, 5: 6, 4: 7}","{1: 308, 2: 42}","{1: 242, 0: 53, 2: 55}","{1: 280, 0: 18, 2: 52}","{1: 293, 0: 28, 2: 29}",0.05467630737452004,0.03793614046208736,0.07957343320565263,0.07970453252651905,0.17409358391347407,0.08607505456468365,0.21176387545130854,0.16606597993022584,0.11546693238866688,0.06152658219278356,0.1581822991838221,0.17440670165535344
14090,2,success,3,5,0,2608.468387761509,2781,556.2,570.0,0.05,0.1,7.310703754425049,41.2011833190918,-153.42137145996094,567.4729614257812,2500.0,114.02038776150575,2249,-5.551999999999611,0.0,0.0,0.9379605853151776,"{2: 68, 3: 28, 5: 57, 4: 41, 1: 26, 0: 18, 6: 40}","{2: 50, 1: 17, 6: 26, 5: 9, 4: 6, 3: 133, 0: 37}","{1: 227, 2: 33, 0: 18}","{1: 198, 0: 55, 2: 25}","{1: 226, 0: 11, 2: 41}","{1: 217, 0: 31, 2: 30}",0.08084395466757172,0.04378756496413813,0.11038753941436319,0.10593379124318913,0.16313404617638985,0.10705683192149608,0.21111758139461195,0.2340799867386214,0.2097840897851149,0.1525512162204285,0.18318933454475006,0.2488688433916772
14100,2,crash,3,2,1,729.52304732478,1939,889.5,889.5,0.05,0.1,7.326207637786865,41.21169662475586,-153.42137145996094,567.5197143554688,1000.0,43.49193744173587,1268,-3.873999999999795,-10.09489011695317,-300.0,0.37623674436553894,"{1: 62, 2: 104, 3: 11, 4: 12, 5: 4}","{1: 35, 2: 49, 3: 81, 6: 3, 5: 11, 4: 14}","{1: 179, 0: 14}","{1: 165, 0: 14, 2: 14}","{1: 174, 2: 6, 0: 13}","{1: 169, 2: 10, 0: 14}",0.06320315133014086,0.026212866057543173,0.06155339170961785,0.07954191331965454,0.13753145073399953,0.06175708024660914,0.17962078110399546,0.15446893964327274,0.09583308265707646,0.044595652422468955,0.13787126391432308,0.1268989644654169
14110,2,success,3,5,0,2588.335191624347,2170,434.0,497.0,0.05,0.1,7.345823287963867,41.30561447143555,-153.42137145996094,586.4701538085938,2500.0,92.66519162434743,2071,-4.329999999999745,0.0,0.0,1.192781194296934,"{3: 80, 5: 58, 4: 9, 0: 57, 1: 6, 2: 6, 6: 1}","{4: 14, 3: 90, 0: 12, 1: 22, 2: 36, 6: 33, 5: 10}","{1: 170, 2: 17, 0: 30}","{1: 128, 2: 41, 0: 48}","{1: 164, 2: 17, 0: 36}","{1: 189, 2: 15, 0: 13}",0.01698826388609291,0.05526804233369968,0.021222069704560583,0.03118478424713237,0.22421284490631307,0.12010677077307153,0.28505377775992946,0.17237463013748489,0.2196571156519675,0.15082330487953358,0.15815500682848319,0.2810014072278514
14120,2,max_steps,3,1,0,529.5091078253564,3500,2706.0,2706.0,0.05,0.1,7.344970226287842,41.26096725463867,-153.42137145996094,586.9070434570312,500.0,36.50710782535395,2084,-6.997999999999451,0.0,0.0,0.1512883165215304,"{2: 250, 3: 20, 6: 61, 5: 13, 4: 6}","{2: 30, 3: 301, 4: 19}","{1: 343, 2: 7}","{1: 331, 0: 9, 2: 10}","{1: 339, 2: 11}",{1: 350},0.01852217182510239,0.011580745408805491,0.02408759384480638,0.021384604486037864,0.054414934315943665,0.03713112910826537,0.07965518303707517,0.05691544323649247,0.030249787969829033,0.04192393152543246,0.05443899683130837,0.061694325617639025
14130,2,max_steps,3,2,0,1074.1398957254196,3500,1146.0,1146.0,0.05,0.1,7.346513748168945,41.188018798828125,-153.42137145996094,576.2506103515625,1000.0,114.55618633693308,2458,-6.9959999999994515,-33.420290611513074,0.0,0.3068971130644056,"{4: 38, 3: 10, 0: 165, 1: 13, 2: 12, 6: 91, 5: 21}","{0: 10, 1: 16, 2: 16, 3: 206, 4: 57, 5: 26, 6: 19}","{1: 309, 0: 31, 2: 10}","{1: 241, 0: 50, 2: 59}","{1: 296, 2: 23, 0: 31}","{1: 307, 0: 20, 2: 23}",0.08756633879059814,0.033979621852056406,0.09011874274466347,0.08186068491210108,0.15552847773812872,0.10632260407212678,0.19862345824198813,0.17519519532139663,0.17425694670201933,0.13384841629248345,0.13420642555481588,0.18908766421432813
14140,2,max_steps,3,1,0,498.97329077020714,3500,760.0,760.0,0.05,0.1,7.3548173904418945,41.24431610107422,-153.42137145996094,576.2506103515625,500.0,38.771579300657606,1901,-6.997999999999451,-32.80028853046171,0.0,0.14256379736291633,"{2: 57, 1: 18, 4: 14, 5: 223, 6: 38}","{6: 16, 5: 9, 4: 15, 3: 210, 0: 58, 1: 15, 2: 27}","{1: 335, 0: 15}","{1: 297, 2: 24, 0: 29}","{1: 322, 0: 16, 2: 12}","{1: 302, 2: 24, 0: 24}",0.02025685675301355,0.029712053899628825,0.022786491260430822,0.03455185208459299,0.09850749572563351,0.062112926151029736,0.16580863635533996,0.1879595970407044,0.196667805851066,0.022880210981996375,0.204045407751185,0.20154664038731895
14150,2,max_steps,3,0,0,19.96915235459887,3500,,,0.05,0.1,7.352572917938232,41.22318649291992,-153.42137145996094,577.7298583984375,0.0,26.969152354599046,1969,-6.999999999999451,0.0,0.0,0.005705472101313963,"{5: 115, 4: 235}","{3: 311, 4: 11, 2: 28}",{1: 350},"{1: 344, 0: 1, 2: 5}",{1: 350},{1: 350},0.019656166668433252,0.012038031191221783,0.03021880455075787,0.037752499946227897,0.060323790459218325,0.048555267408665004,0.08852991025142948,0.10150424564559532,,,,
14160,2,max_steps,3,2,0,1017.8776332409983,3500,1676.0,1676.0,0.05,0.1,7.346203804016113,41.163414001464844,-153.42137145996094,556.7783203125,1000.0,78.12199187067729,1924,-6.9959999999994515,-53.24835862968889,0.0,0.29082218092599954,"{4: 175, 5: 108, 3: 35, 6: 17, 0: 15}","{0: 9, 1: 16, 2: 72, 3: 238, 6: 11, 5: 4}","{1: 313, 2: 36, 0: 1}","{1: 296, 0: 44, 2: 10}","{1: 288, 2: 48, 0: 14}","{1: 249, 2: 49, 0: 52}",0.07506168421132667,0.028748310249700315,0.08687949668848892,0.09692432317251506,0.15244472177866297,0.06142441096414432,0.21688588980563592,0.2571827449465055,0.12759675845103946,0.047937747005150744,0.20661488242239176,0.20715691708323775
14170,2,max_steps,3,4,0,2099.369936495687,3500,686.75,669.0,0.05,0.1,7.355237007141113,41.18389129638672,-153.42137145996094,567.927734375,2000.0,106.36193649567512,2640,-6.991999999999452,0.0,0.0,0.5998199818559106,"{4: 167, 3: 19, 0: 74, 1: 8, 2: 9, 5: 49, 6: 24}","{4: 44, 3: 247, 0: 42, 1: 7, 2: 10}","{1: 324, 0: 20, 2: 6}","{1: 239, 2: 62, 0: 49}","{1: 305, 0: 28, 2: 17}","{1: 263, 0: 45, 2: 42}",0.06551668628054844,0.04305455020124922,0.08265806317249386,0.08696341678444824,0.1331540420816512,0.07585821287237551,0.18894623150753126,0.2262976674943542,0.15349480032917828,0.06316351435692044,0.16389568453119785,0.08925435885368437
14180,2,crash,3,2,1,739.6809673800111,2494,952.0,952.0,0.05,0.1,7.3515238761901855,41.1124153137207,-153.42137145996094,567.927734375,1000.0,82.50845098978432,1970,-4.983999999999673,-37.84348360977029,-300.0,0.29658418900561795,"{5: 69, 4: 14, 3: 1, 0: 74, 1: 23, 2: 9, 6: 59}","{6: 15, 5: 17, 4: 16, 3: 152, 0: 26, 1: 6, 2: 17}","{1: 210, 2: 6, 0: 33}","{1: 202, 2: 13, 0: 34}","{1: 191, 2: 19, 0: 39}","{1: 159, 2: 39, 0: 51}",0.05548079206115897,0.03285498417683883,0.08563711363521584,0.1141818154586445,0.18182296681170876,0.09751494834700769,0.24366155332575673,0.30418118101620073,0.2394209369443845,0.06144441867776233,0.20352880957818612,0.25699465750744127
14190,2,max_steps,3,2,0,1073.6619543440722,3500,1424.0,1424.0,0.05,0.1,7.346680164337158,41.08461380004883,-153.42137145996094,563.9530639648438,1000.0,88.91286606410368,2330,-6.9959999999994515,-8.254911720040282,0.0,0.3067605583840206,"{1: 25, 2: 10, 4: 106, 5: 180, 6: 28, 3: 1}","{4: 28, 3: 230, 5: 9, 2: 17, 0: 59, 1: 7}","{1: 307, 0: 15, 2: 28}","{1: 285, 2: 12, 0: 53}","{1: 290, 0: 25, 2: 35}","{1: 256, 0: 40, 2: 54}",0.053100572905959514,0.03483307925455002,0.07977438519461452,0.09794313233170171,0.16355046373324536,0.061951415574457075,0.21419959135353003,0.19948955342685531,0.2093100009248686,0.039893758158869745,0.19374585920947365,0.20607200582768234
14200,2,max_steps,3,4,0,2059.0440943731455,3500,871.75,751.5,0.05,0.1,7.347168445587158,41.0765266418457,-153.42137145996094,543.0921630859375,2000.0,96.32983868310109,2684,-6.991999999999452,-30.293744309953702,0.0,0.5882983126780416,"{3: 39, 2: 40, 6: 142, 5: 50, 4: 45, 1: 11, 0: 23}","{2: 126, 3: 130, 5: 20, 4: 16, 0: 48, 1: 8, 6: 2}","{1: 288, 0: 38, 2: 24}","{1: 254, 0: 50, 2: 46}","{1: 286, 0: 36, 2: 28}","{1: 292, 0: 36, 2: 22}",0.06853733611203408,0.025741395115008326,0.08503043526445656,0.0759594592995507,0.1838809833898234,0.07024689319624587,0.24213534293815206,0.20019587323770713,0.22881883648683515,0.07899701808801507,0.24749311770243665,0.16732251164679632
14210,2,max_steps,3,3,0,1592.0690144006505,3500,871.6666666666666,701.0,0.05,0.1,7.353866100311279,41.11017990112305,-153.42137145996094,548.1446533203125,1500.0,99.06301440065117,2691,-6.993999999999452,0.0,0.0,0.45487686125732874,"{5: 57, 4: 11, 3: 144, 0: 36, 1: 6, 2: 7, 6: 89}","{0: 10, 1: 16, 2: 108, 3: 124, 6: 32, 5: 16, 4: 44}","{1: 302, 2: 17, 0: 31}","{1: 271, 0: 36, 2: 43}","{1: 309, 2: 13, 0: 28}","{1: 313, 2: 12, 0: 25}",0.03651960133215888,0.019297940272141607,0.054264836606979554,0.041030383149429195,0.1725721615609927,0.06343116171692846,0.20432730546255046,0.15118192727272056,0.04237844267089446,0.05946851063822201,0.06467839175027583,0.08486379533233399
14220,2,crash,3,0,1,-326.01962070350936,3324,,,0.05,0.1,7.355457782745361,41.13050079345703,-153.42137145996094,548.1446533203125,0.0,1.8751299770698948,884,-6.64799999999949,-21.24675068057933,-300.0,-0.09808051164365504,{6: 332},"{4: 14, 3: 308, 2: 10}",{1: 332},"{1: 317, 2: 15}",{1: 332},{1: 332},0.008312788095169357,0.008507393109468582,0.011394223613003856,0.013344177170524071,0.06388533427592426,0.039432922043860764,0.07551563139723999,0.05822616992265414,,,,
14230,2,max_steps,3,2,0,1072.188445295139,3500,791.0,791.0,0.05,0.1,7.36701774597168,41.181427001953125,-153.42137145996094,548.1446533203125,1000.0,79.18444529515679,2315,-6.9959999999994515,0.0,0.0,0.30633955579861116,"{1: 36, 2: 10, 3: 44, 4: 98, 5: 136, 6: 26}","{5: 9, 4: 9, 3: 206, 2: 88, 0: 17, 1: 21}","{1: 309, 0: 19, 2: 22}","{1: 292, 2: 13, 0: 45}","{1: 285, 0: 32, 2: 33}","{1: 276, 0: 39, 2: 35}",0.05514015600933213,0.02810239815877829,0.08579107167431402,0.09436262338043032,0.1657535156439957,0.07617366149207287,0.21689620646085797,0.19317457277122513,0.14934864576826515,0.10627773481500938,0.2149627255220438,0.2629991871520613
14240,2,crash,3,1,1,195.38928264349875,1392,411.0,411.0,0.05,0.1,7.365407466888428,41.18548583984375,-153.42137145996094,548.1446533203125,500.0,9.127777725472695,477,-2.781999999999915,-10.95649508198176,-300.0,0.14036586396803072,"{2: 39, 3: 2, 6: 98}","{5: 7, 4: 16, 3: 99, 1: 10, 2: 7}","{1: 134, 0: 5}","{1: 112, 2: 7, 0: 20}","{1: 124, 0: 15}","{1: 113, 0: 16, 2: 10}",0.04561557957227737,0.03641861248055382,0.06799717686414657,0.08717593525391377,0.1377242130836837,0.09706068531220918,0.18351289821264263,0.1593133482719909,0.059811043095771385,0.046859747547044805,0.1287933591935269,0.10168769282993084
14250,2,max_steps,3,2,0,1083.8675460343966,3500,906.0,906.0,0.05,0.1,7.361835479736328,41.153053283691406,-153.42137145996094,548.1446533203125,1000.0,102.8859553733186,2571,-6.9959999999994515,-12.022409338913725,0.0,0.3096764417241133,"{6: 208, 5: 17, 4: 18, 3: 20, 0: 70, 1: 9, 2: 8}","{2: 9, 3: 122, 4: 188, 5: 31}","{1: 288, 2: 25, 0: 37}","{1: 296, 0: 30, 2: 24}","{1: 286, 2: 25, 0: 39}","{1: 283, 2: 33, 0: 34}",0.05455574693078381,0.022704508320836442,0.07422289253291263,0.07482483200370194,0.18923698244289752,0.06341850867457989,0.2747379892750629,0.18582457554517753,0.2451245426903772,0.05832046134788339,0.15634004583368208,0.28377302867250054
14260,2,crash,3,2,1,731.6944087808854,2412,928.5,928.5,0.05,0.1,7.375071048736572,41.2087287902832,-153.42137145996094,551.17919921875,1000.0,49.375590067585634,1522,-4.819999999999691,-12.861181286696208,-300.0,0.30335589087101383,"{2: 141, 1: 40, 3: 4, 6: 56}","{1: 15, 2: 22, 3: 112, 6: 17, 5: 6, 4: 13, 0: 56}","{1: 214, 0: 27}","{1: 182, 0: 25, 2: 34}","{1: 205, 0: 36}","{1: 176, 0: 30, 2: 35}",0.04045105336389179,0.03173467074359469,0.06720440833593687,0.0773903216500701,0.15962388651675957,0.07242214457195359,0.20459523284555053,0.23103807072027166,0.22296116181284767,0.009059746897080006,0.17716075453110844,0.3103375036595179
14270,2,max_steps,3,3,0,1552.8900929375457,3500,667.3333333333334,815.0,0.05,0.1,7.394401550292969,41.30022048950195,-153.42137145996094,572.1268920898438,1500.0,59.88409293756179,2449,-6.993999999999452,0.0,0.0,0.4436828836964416,"{2: 116, 3: 17, 1: 48, 0: 19, 6: 98, 5: 52}","{3: 133, 1: 84, 2: 47, 6: 29, 5: 16, 4: 8, 0: 33}","{1: 341, 0: 9}","{1: 297, 0: 24, 2: 29}","{1: 341, 0: 9}","{1: 332, 2: 9, 0: 9}",0.042508572829274754,0.022104950220759458,0.05287089666083986,0.046068051703546456,0.08721299604880257,0.06234788753970144,0.10784353250637448,0.12757502619300548,0.16071931925344757,0.1260933111518185,0.1182699075856053,0.15477407753408634
14280,2,max_steps,3,4,0,2109.1279228628887,3500,781.75,719.0,0.05,0.1,7.418929576873779,41.40607833862305,-153.42137145996094,551.97216796875,2000.0,123.01207748925678,2634,-6.991999999999452,-6.892154626379005,0.0,0.6026079779608253,"{0: 100, 1: 40, 2: 46, 3: 33, 6: 36, 5: 45, 4: 50}","{1: 11, 2: 50, 3: 218, 6: 22, 5: 6, 4: 5, 0: 38}","{1: 281, 0: 50, 2: 19}","{1: 298, 0: 20, 2: 32}","{1: 280, 0: 51, 2: 19}","{1: 263, 0: 50, 2: 37}",0.06942541682483647,0.01780252904393398,0.08484363749507914,0.10161323863100508,0.19216062503511178,0.06330394806303775,0.24704971524381594,0.23978526086365143,0.17055796489900357,0.021241015454863843,0.12854619964850694,0.18649293040243026
14290,2,max_steps,3,0,0,54.576267660592826,3500,,,0.05,0.1,7.4368367195129395,41.47356414794922,-153.42137145996094,560.0134887695312,0.0,61.576267660592784,1968,-6.999999999999451,0.0,0.0,0.01559321933159795,"{6: 291, 5: 51, 4: 8}","{1: 239, 0: 28, 2: 9, 3: 74}","{1: 337, 2: 13}","{1: 332, 0: 18}","{1: 308, 0: 14, 2: 28}","{1: 311, 2: 20, 0: 19}",0.049232406781196725,0.014209496795203825,0.06730136459821104,0.10138665722672999,0.1297373862668613,0.04819042883822567,0.1861762008833739,0.15167815159296263,,,,
14300,2,max_steps,3,2,0,1006.2665575628121,3500,583.5,583.5,0.05,0.1,7.448151111602783,41.51272964477539,-153.42137145996094,560.0134887695312,1000.0,38.255718449589004,2116,-6.9959999999994515,-24.993160886761142,0.0,0.28750473073223204,"{2: 73, 3: 39, 1: 8, 4: 230}","{5: 6, 4: 71, 3: 229, 2: 25, 1: 19}","{1: 344, 0: 6}","{1: 317, 2: 11, 0: 22}","{1: 333, 0: 17}","{1: 331, 0: 13, 2: 6}",0.014569485352030296,0.02053692052804034,0.01679903202133828,0.022152093594266724,0.09903057087333501,0.05980155565015806,0.10919634091217201,0.13074134485046893,0.13118410376661277,0.03242395084183932,0.07300986266131732,0.1277709362430849
14310,2,success,3,5,0,2563.835239523451,2550,510.0,413.0,0.05,0.1,7.461953163146973,41.56205749511719,-153.42137145996094,578.273681640625,2500.0,68.92523952343802,1882,-5.0899999999996615,0.0,0.0,1.0054255841268436,"{1: 27, 2: 48, 3: 23, 4: 116, 5: 38, 6: 3}","{4: 82, 3: 126, 1: 2, 2: 35, 5: 10}","{1: 211, 0: 17, 2: 27}","{1: 227, 2: 11, 0: 17}","{1: 208, 0: 22, 2: 25}","{1: 199, 0: 31, 2: 25}",0.04147301205545463,0.02076940261131994,0.06312259310309137,0.07865347349172008,0.16951679999663707,0.060566493775616945,0.21794180581810008,0.22831451846655615,0.18672315933734082,0.11770153088316664,0.23492906791941068,0.26686225869994035
14320,2,max_steps,3,4,0,2078.3809921011225,3500,502.0,506.0,0.05,0.1,7.479007244110107,41.626914978027344,-153.42137145996094,560.5507202148438,2000.0,85.37299210109471,2502,-6.991999999999452,0.0,0.0,0.5938231406003207,"{4: 34, 3: 42, 1: 85, 0: 83, 2: 41, 6: 37, 5: 28}","{3: 163, 4: 53, 2: 80, 0: 40, 1: 14}","{1: 333, 0: 3, 2: 14}","{1: 312, 2: 5, 0: 33}","{1: 310, 2: 27, 0: 13}","{1: 306, 0: 35, 2: 9}",0.06178432965108159,0.02504262943332821,0.07760068567094988,0.08886108660195931,0.14324814431176597,0.0603505439704158,0.18676572240251096,0.15198627347032617,0.12456071627764861,0.05070870305566663,0.18257172495016813,0.08921181812820067
14330,2,max_steps,3,4,0,2094.5089435235045,3500,778.5,927.0,0.05,0.1,7.492822170257568,41.71418380737305,-153.42137145996094,584.3384399414062,2000.0,107.22049878161639,2589,-6.991999999999452,-5.719555258102949,0.0,0.5984311267210013,"{3: 33, 6: 58, 5: 44, 4: 51, 2: 74, 0: 85, 1: 5}","{5: 12, 4: 21, 3: 224, 2: 31, 0: 10, 1: 16, 6: 36}","{1: 298, 2: 23, 0: 29}","{1: 254, 2: 51, 0: 45}","{1: 286, 2: 32, 0: 32}","{1: 312, 2: 19, 0: 19}",0.05971899459548858,0.038398703958128916,0.07774548529575565,0.0806881307789771,0.17750508840927331,0.11088079737878939,0.21791094738727557,0.1532207052991826,0.16262334601362877,0.10834531705914598,0.19706109188706022,0.29426382874256085
14340,2,max_steps,3,1,0,560.7569666031582,3500,2234.0,2234.0,0.05,0.1,7.50311279296875,41.74687957763672,-153.42137145996094,578.3307495117188,500.0,67.88157698815056,2115,-6.997999999999451,-0.12661038499664234,0.0,0.1602162761723309,"{6: 198, 5: 6, 4: 9, 3: 18, 2: 119}","{5: 127, 4: 23, 3: 153, 2: 31, 1: 16}","{1: 303, 0: 8, 2: 39}","{1: 320, 2: 13, 0: 17}","{1: 309, 0: 7, 2: 34}","{1: 330, 0: 13, 2: 7}",0.02482020242099324,0.016347127992548945,0.03793828235993868,0.04122485217516722,0.16583393309440844,0.05904980592304578,0.1937612230387848,0.1455999771729441,0.15117537961880584,0.03165899234015517,0.055873150722348386,0.15255441869253417
14350,2,max_steps,3,3,0,1545.8225336370294,3500,1016.3333333333334,932.0,0.05,0.1,7.507781505584717,41.73236846923828,-153.42137145996094,577.4488525390625,1500.0,90.61870278567261,2158,-6.993999999999452,-37.80216914864774,0.0,0.44166358103915127,"{1: 81, 0: 26, 2: 15, 3: 4, 4: 148, 5: 76}","{1: 17, 2: 43, 3: 223, 5: 30, 4: 25, 6: 12}","{1: 297, 0: 37, 2: 16}","{1: 308, 0: 4, 2: 38}","{1: 290, 0: 39, 2: 21}","{1: 266, 0: 50, 2: 34}",0.051322264404063414,0.029065814307939624,0.07871930981882148,0.10222681752906013,0.16876969471028466,0.06152332035921781,0.2181329448645442,0.2786456919917729,0.2612301934333182,0.03532481230986472,0.152208606385681,0.42999613026096284
14360,2,max_steps,3,3,0,1607.5296815040042,3500,912.0,698.0,0.05,0.1,7.514316558837891,41.71327590942383,-153.42137145996094,578.80224609375,1500.0,114.54129654386011,2500,-6.993999999999452,-0.017615039828897255,0.0,0.45929419471542976,"{6: 51, 5: 8, 4: 10, 3: 74, 0: 88, 1: 6, 2: 113}","{6: 9, 5: 12, 4: 114, 3: 169, 0: 27, 1: 10, 2: 9}","{1: 292, 2: 18, 0: 40}","{1: 247, 2: 46, 0: 57}","{1: 294, 2: 17, 0: 39}","{1: 286, 2: 28, 0: 36}",0.031035699389642433,0.034267087115883124,0.047609408005168774,0.05864679382385368,0.19944197862572327,0.13136626623720807,0.2538737599415502,0.21709010892897834,0.045315646223211256,0.13558640119311322,0.08045622906731224,0.08740626214801463
14370,2,max_steps,3,3,0,1604.6188053650574,3500,735.3333333333334,791.0,0.05,0.1,7.529465198516846,41.75096893310547,-153.42137145996094,566.5397338867188,1500.0,122.4566180991337,2636,-6.993999999999452,-10.84381273405668,0.0,0.4584625158185878,"{0: 51, 1: 11, 2: 76, 3: 81, 6: 31, 5: 27, 4: 73}","{6: 10, 5: 7, 4: 39, 3: 222, 0: 28, 1: 9, 2: 35}","{1: 307, 0: 7, 2: 36}","{1: 259, 2: 35, 0: 56}","{1: 301, 0: 11, 2: 38}","{1: 291, 0: 44, 2: 15}",0.05809320644325573,0.03208727880424914,0.08188636724173996,0.08008625057883773,0.154938745051381,0.14191443073923193,0.20295519904125264,0.15866670335299232,0.12285237334949636,0.14249162403274102,0.12960148856732512,0.1525232977000738
14380,2,max_steps,3,1,0,555.076694327551,3500,2524.0,2524.0,0.05,0.1,7.536516189575195,41.74333953857422,-153.42137145996094,560.0134887695312,500.0,62.074694327548,1978,-6.997999999999451,0.0,0.0,0.15859334123644314,"{1: 39, 0: 30, 2: 80, 3: 103, 6: 37, 5: 27, 4: 34}","{2: 57, 3: 269, 4: 24}","{1: 325, 0: 11, 2: 14}","{1: 345, 0: 5}","{1: 315, 0: 15, 2: 20}","{1: 311, 0: 24, 2: 15}",0.0276128007653582,0.014821587947407774,0.04456250345751554,0.04894128158762096,0.13959209934913155,0.042886138235610174,0.18010822470320542,0.15081278985080107,0.040692308103078646,0.04154086239866155,0.05315014201331343,0.08206618268884866
14390,2,max_steps,3,3,0,1628.948274761761,3500,939.6666666666666,483.0,0.05,0.1,7.5432281494140625,41.73069381713867,-153.42137145996094,566.8131103515625,1500.0,135.94227476178077,2562,-6.993999999999452,0.0,0.0,0.4654137927890746,"{5: 61, 4: 54, 3: 15, 1: 25, 0: 75, 2: 8, 6: 112}","{5: 4, 4: 22, 3: 245, 0: 53, 1: 9, 2: 17}","{1: 258, 2: 40, 0: 52}","{1: 297, 2: 19, 0: 34}","{1: 236, 2: 50, 0: 64}","{1: 260, 2: 27, 0: 63}",0.09994549453749152,0.027034782876838942,0.12657318356927072,0.129599129989395,0.19736098046351916,0.06119881410947071,0.26370130010492404,0.237882248069701,0.20143524092364976,0.027287335015405853,0.21970981729607214,0.2864095905604374
14400,2,crash,3,1,1,214.79772785244586,1372,1247.0,1247.0,0.05,0.1,7.542522430419922,41.681671142578125,-153.42137145996094,560.662841796875,500.0,27.909960551128048,938,-2.7419999999999196,-10.370232698682615,-300.0,0.15655811067962527,"{0: 92, 1: 17, 2: 12, 3: 3, 6: 13}","{0: 8, 1: 7, 2: 22, 3: 87, 6: 13}","{1: 114, 0: 23}","{1: 119, 0: 18}","{1: 116, 0: 21}","{1: 124, 0: 4, 2: 9}",0.005512946877154427,0.01947770045477975,0.014411563036061765,0.010675928062079409,0.18997422518184592,0.06658299794582621,0.21240389970088755,0.14464359889770867,0.20713227204688897,0.005582514642015117,0.22213011365705712,0.04953777542186502
14410,2,crash,3,0,1,-296.9039172191015,1078,,,0.05,0.1,7.546454429626465,41.67232894897461,-153.42137145996094,545.0377197265625,0.0,24.624756842290765,807,-2.155999999999984,-19.37267406139225,-300.0,-0.27542107348710715,"{0: 30, 1: 9, 2: 46, 3: 17, 4: 5}","{2: 9, 3: 50, 4: 43, 5: 5}","{1: 92, 0: 15}","{1: 88, 0: 12, 2: 7}","{1: 93, 0: 14}","{1: 89, 0: 12, 2: 6}",0.07021252312510194,0.04863635313438549,0.06389811557176549,0.10800962606991393,0.16033927859233146,0.06110395580690393,0.21366827775962147,0.17309618253856623,,,,
14420,2,max_steps,3,0,0,39.45596901435209,3500,,,0.05,0.1,7.551251411437988,41.67771530151367,-153.42137145996094,556.0343017578125,0.0,46.45596901435216,1521,-6.999999999999451,0.0,0.0,0.011273134004100597,"{4: 62, 5: 113, 6: 159, 3: 16}","{4: 58, 3: 281, 2: 11}","{1: 323, 2: 27}","{1: 314, 2: 23, 0: 13}","{1: 296, 0: 23, 2: 31}","{1: 272, 0: 45, 2: 33}",0.034270679083619436,0.0216432065131083,0.04647117825238918,0.07511328268265245,0.14448407912234001,0.060052928824795584,0.2055569272648516,0.20511198477120143,0.13647450248599918,0.04560018846752703,0.22804071121198422,0.3287002403520237
14430,2,crash,3,3,1,1230.4057270958806,2766,510.3333333333333,479.0,0.05,0.1,7.566281795501709,41.72211456298828,-153.42137145996094,565.9668579101562,1500.0,49.80833462754801,1484,-5.525999999999613,-13.876607531645355,-300.0,0.4448321500708173,"{4: 36, 5: 25, 3: 4, 2: 59, 1: 26, 0: 3, 6: 123}","{3: 119, 1: 8, 2: 17, 4: 9, 6: 47, 5: 76}","{1: 242, 2: 16, 0: 18}","{1: 241, 0: 13, 2: 22}","{1: 231, 2: 17, 0: 28}","{1: 252, 2: 11, 0: 13}",0.039995457676497786,0.025129744124757672,0.05183862013521359,0.06304182133592282,0.16434720514225165,0.060638683616800367,0.20090989793152902,0.14762804265978152,0.19758935665282074,0.03975169309931938,0.22738842180298388,0.1370453373469232
14440,2,max_steps,3,3,0,1646.9735149503304,3500,977.6666666666666,797.0,0.05,0.1,7.575227737426758,41.71931838989258,-153.42137145996094,580.0343017578125,1500.0,154.360949834715,2689,-6.993999999999452,-0.39343488438234586,0.0,0.4705638614143801,"{0: 108, 1: 15, 2: 17, 6: 131, 5: 15, 4: 57, 3: 7}","{0: 12, 1: 6, 2: 43, 3: 271, 4: 18}","{1: 257, 0: 40, 2: 53}","{1: 279, 0: 40, 2: 31}","{1: 245, 0: 49, 2: 56}","{1: 229, 0: 70, 2: 51}",0.09079229313774786,0.026335013056926468,0.11676332090426837,0.11917931969217567,0.20932178510315946,0.09836699189864107,0.2788378298207256,0.3022805914641944,0.15332021906599827,0.03005976908304181,0.1708618804406344,0.24104999846741812
14450,2,max_steps,3,3,0,1592.1860346608778,3500,968.0,1323.0,0.05,0.1,7.593626499176025,41.797916412353516,-153.42137145996094,568.7283935546875,1500.0,99.18003466089364,2234,-6.993999999999452,0.0,0.0,0.45491029561739366,"{2: 24, 3: 18, 5: 45, 6: 51, 4: 152, 0: 53, 1: 7}","{3: 252, 2: 26, 4: 44, 6: 23, 5: 5}","{1: 302, 0: 14, 2: 34}","{1: 273, 2: 48, 0: 29}","{1: 282, 0: 32, 2: 36}","{1: 287, 0: 44, 2: 19}",0.06688382707080393,0.03838879281611378,0.09173291359109881,0.1029877773821412,0.1665817210885621,0.09164030220320447,0.21878221577505286,0.191840781069175,0.15258085486321477,0.05045679847964564,0.21530407678022145,0.24148045078062363
14460,2,crash,3,3,1,1233.9498817900123,1822,516.0,442.0,0.05,0.1,7.612803936004639,41.887142181396484,-153.42137145996094,562.1414184570312,1500.0,70.92276490418169,1275,-3.637999999999821,-33.334883114170424,-300.0,0.6772502095444635,"{5: 23, 4: 18, 3: 39, 0: 52, 1: 6, 2: 16, 6: 28}","{4: 46, 3: 106, 2: 14, 6: 2, 5: 14}","{1: 137, 0: 45}","{1: 165, 0: 6, 2: 11}","{1: 132, 2: 6, 0: 44}","{1: 166, 2: 5, 0: 11}",0.08454463821923261,0.0175784063955101,0.07840081646234473,0.0699176523363682,0.22863974214212235,0.05852603987126586,0.24433290128656385,0.14877818210672436,0.15433161095812775,0.04213240521745308,0.08825902720771281,0.12002097990357509
14470,2,max_steps,3,4,0,2112.3018417363714,3500,835.25,882.0,0.05,0.1,7.63704252243042,41.99592971801758,-153.42137145996094,562.1414184570312,2000.0,119.29384173638225,2677,-6.991999999999452,0.0,0.0,0.6035148119246776,"{5: 65, 4: 83, 3: 42, 0: 60, 1: 12, 2: 47, 6: 41}","{4: 11, 3: 263, 0: 23, 1: 6, 2: 31, 5: 16}","{1: 287, 2: 24, 0: 39}","{1: 288, 2: 15, 0: 47}","{1: 266, 2: 39, 0: 45}","{1: 263, 2: 33, 0: 54}",0.07564119841354239,0.023294206400479175,0.10325239710500903,0.12402009250324925,0.17790495216907154,0.07232537035705441,0.24122171579193516,0.22073205442479993,0.15399815567325167,0.06095996625461138,0.24624267167491648,0.26210636831531475
14480,2,success,3,5,0,2608.573325073891,3388,677.6,645.0,0.05,0.1,7.65720796585083,42.10038757324219,-153.42137145996094,581.421630859375,2500.0,115.33932507390327,2539,-6.765999999999477,0.0,0.0,0.7699449011434152,"{4: 126, 3: 39, 0: 75, 1: 6, 2: 40, 6: 47, 5: 5}","{4: 29, 3: 241, 1: 19, 2: 39, 5: 10}","{1: 276, 0: 38, 2: 24}","{1: 285, 0: 34, 2: 19}","{1: 247, 2: 36, 0: 55}","{1: 246, 0: 51, 2: 41}",0.08100664815103553,0.02190271753876636,0.10678593250827961,0.12779892663929515,0.1943226132329138,0.0695840156117282,0.261349134708816,0.19767105695134699,0.16167964047631586,0.050460464573544625,0.241708870585409,0.274990543324742
14490,2,max_steps,3,4,0,2149.9150467313184,3500,623.25,680.5,0.05,0.1,7.6630377769470215,42.075042724609375,-153.42137145996094,545.6139526367188,2000.0,164.1280745131446,2832,-6.991999999999452,-7.221027781836348,0.0,0.6142614419232338,"{5: 31, 6: 96, 4: 20, 0: 99, 1: 36, 2: 47, 3: 21}","{6: 23, 5: 18, 4: 15, 3: 170, 0: 41, 1: 25, 2: 58}","{1: 252, 2: 49, 0: 49}","{1: 279, 2: 24, 0: 47}","{1: 233, 2: 48, 0: 69}","{1: 247, 2: 47, 0: 56}",0.08761635896153885,0.033737539096677066,0.10640818231123786,0.1178824759457914,0.22906472714648052,0.0723885764797367,0.27551545082004575,0.21478895274174462,0.22215128405060444,0.0453194110503524,0.20323898252247158,0.3157105683733008
14500,2,crash,3,0,1,-323.90640246595,686,,,0.05,0.1,7.662908554077148,42.05575180053711,-153.42137145996094,561.1602783203125,0.0,19.63010597331794,558,-1.372000000000001,-42.16450843926793,-300.0,-0.47216676744307584,"{0: 50, 1: 11, 2: 7}","{0: 9, 1: 7, 2: 6, 3: 38, 4: 8}","{1: 56, 0: 12}","{1: 35, 0: 33}","{1: 52, 0: 16}","{1: 59, 0: 9}",0.0012459164217514434,0.0591186769708931,0.01069015098331104,0.026485975650771324,0.17585696869673823,0.15360321031090662,0.24922996488363258,0.20220839954556138,,,,
14510,2,success,3,5,0,2592.5432979459547,2952,590.4,515.0,0.05,0.1,7.667965888977051,42.015010833740234,-153.42137145996094,569.495361328125,2500.0,98.4372979459622,2505,-5.893999999999573,0.0,0.0,0.8782328245074372,"{6: 24, 5: 28, 4: 45, 3: 69, 2: 107, 1: 22}","{4: 23, 3: 172, 2: 35, 0: 15, 1: 12, 6: 28, 5: 10}","{1: 271, 2: 14, 0: 10}","{1: 214, 2: 47, 0: 34}","{1: 247, 2: 24, 0: 24}","{1: 237, 2: 14, 0: 44}",0.03381286562248265,0.04164114048747983,0.04367813843147623,0.055578021306278425,0.1395790497302182,0.11494527780819061,0.20875869360411475,0.23046036550838406,0.13050325014572123,0.09405098714889319,0.16139475891590216,0.24842592066074087
14520,2,success,3,5,0,2566.2394495054673,2603,520.6,548.0,0.05,0.1,7.675506114959717,42.039100646972656,-153.42137145996094,589.0917358398438,2500.0,71.43544950547273,2267,-5.19599999999965,0.0,0.0,0.985877621784659,"{3: 116, 2: 1, 5: 49, 4: 94}","{5: 25, 4: 32, 3: 91, 0: 44, 1: 35, 2: 32, 6: 1}","{1: 237, 2: 23}","{1: 179, 2: 43, 0: 38}","{1: 233, 2: 27}","{1: 232, 2: 16, 0: 12}",0.04139974585455499,0.05652993990808283,0.06177298577627639,0.059528886012624516,0.14131853232208025,0.07600844343717694,0.18209243775533157,0.15991808927612,0.14944551093180358,0.12405255825680796,0.17001805912924708,0.1529551181231746
14530,2,max_steps,3,3,0,1620.278719843497,3500,1127.3333333333333,851.0,0.05,0.1,7.692131042480469,42.087833404541016,-153.42137145996094,582.288818359375,1500.0,130.13155807066738,2522,-6.993999999999452,-2.8588382271635924,0.0,0.46293677709814196,"{0: 64, 1: 51, 2: 87, 3: 7, 6: 44, 5: 47, 4: 50}","{0: 11, 1: 13, 2: 9, 3: 253, 6: 31, 5: 20, 4: 13}","{1: 265, 0: 38, 2: 47}","{1: 265, 0: 37, 2: 48}","{1: 240, 0: 44, 2: 66}","{1: 231, 0: 62, 2: 57}",0.08564285038626226,0.02397392864804465,0.1076465049386573,0.10177720174798546,0.19803233758256297,0.08616729444529682,0.2763724301940905,0.25986888276161313,0.1801236802357417,0.05443617700285767,0.19441262775527868,0.26138417331942443
14540,2,success,3,5,0,2681.610720922301,3469,693.8,807.0,0.05,0.1,7.707959175109863,42.1520881652832,-153.42137145996094,569.1478271484375,2500.0,188.53872092229858,3026,-6.927999999999459,0.0,0.0,0.7730212513468726,"{0: 116, 1: 25, 2: 26, 3: 7, 6: 146, 5: 11, 4: 15}","{3: 232, 4: 40, 0: 28, 1: 5, 2: 8, 6: 27, 5: 6}","{1: 230, 0: 61, 2: 55}","{1: 270, 2: 44, 0: 32}","{1: 214, 0: 72, 2: 60}","{1: 249, 0: 70, 2: 27}",0.1007263144151073,0.02506839412852606,0.13427316083577362,0.11565100183941004,0.25749975929662505,0.14411819158008216,0.30495829359799426,0.26860993282895584,0.22192905949348238,0.035914340802009184,0.1472734253729028,0.4104888388265806
14550,2,crash,3,1,1,231.9532510520989,1274,873.0,873.0,0.05,0.1,7.713136196136475,42.13959503173828,-153.42137145996094,585.5332641601562,500.0,46.513655537409846,854,-2.545999999999941,-12.014404485311253,-300.0,0.18206691605345282,"{4: 59, 5: 30, 6: 7, 3: 9, 0: 10, 1: 6, 2: 6}","{0: 17, 1: 17, 2: 16, 3: 61, 4: 16}","{1: 84, 2: 12, 0: 31}","{1: 108, 0: 19}","{1: 78, 0: 35, 2: 14}","{1: 85, 0: 18, 2: 24}",0.10255629913968935,0.03641143955594139,0.1293408705093024,0.13392661691422822,0.27917608624154927,0.06130342939305638,0.34120992230937763,0.24551593008886508,0.3132095466191227,0.009900824759202037,0.25895035695367774,0.4135000603917905
14560,2,success,3,5,0,2586.8909700285626,3154,630.8,588.0,0.05,0.1,7.723677635192871,42.159664154052734,-153.42137145996094,590.95166015625,2500.0,93.18897002856689,2498,-6.297999999999528,0.0,0.0,0.8201937127547757,"{2: 59, 1: 64, 3: 34, 6: 52, 5: 36, 4: 70}","{4: 70, 3: 148, 1: 32, 2: 31, 6: 5, 5: 17, 0: 12}","{1: 278, 2: 18, 0: 19}","{1: 269, 0: 29, 2: 17}","{1: 247, 0: 34, 2: 34}","{1: 255, 2: 35, 0: 25}",0.06842114196365574,0.03935993698352053,0.08685242303258263,0.10730987881710612,0.1541442567495296,0.06130343655582392,0.20772776797875966,0.17972092625188762,0.1556292573235387,0.061109302083376685,0.20380317161756722,0.24945653272704443
14570,2,success,3,5,0,2603.4992672277385,2825,565.0,559.0,0.05,0.1,7.74227237701416,42.24462127685547,-153.42137145996094,568.1315307617188,2500.0,109.13926722773896,2013,-5.639999999999601,0.0,0.0,0.9215926609655711,"{3: 108, 2: 31, 6: 43, 5: 6, 4: 8, 0: 45, 1: 41}","{6: 6, 5: 23, 4: 42, 3: 165, 2: 19, 0: 20, 1: 7}","{1: 220, 2: 25, 0: 37}","{1: 206, 2: 43, 0: 33}","{1: 215, 2: 24, 0: 43}","{1: 220, 2: 31, 0: 31}",0.04437712728875444,0.036140162420104566,0.07328636372582648,0.09162321540205576,0.2314012356428714,0.06696814867927328,0.2795172269020547,0.24424682621605281,0.18662190481891017,0.061806394658784784,0.1268698893358029,0.2657337914746691
14580,2,success,3,5,0,2619.196231937953,3169,633.8,604.0,0.05,0.1,7.755753040313721,42.305206298828125,-153.42137145996094,561.4133911132812,2500.0,125.52423193796697,2489,-6.327999999999525,0.0,0.0,0.8265055954364005,"{4: 109, 3: 78, 6: 46, 5: 41, 0: 30, 1: 5, 2: 7}","{2: 52, 1: 24, 3: 86, 6: 20, 5: 69, 4: 13, 0: 52}","{1: 255, 2: 27, 0: 34}","{1: 173, 0: 98, 2: 45}","{1: 250, 2: 32, 0: 34}","{1: 285, 0: 23, 2: 8}",0.04902313242090187,0.055250908871224316,0.06444640454334256,0.06429354504206153,0.23805287463216634,0.13205308699653368,0.2794336039891697,0.14960573908343955,0.15290372582776696,0.06269090095120829,0.08053586535773144,0.13317688844408154
14590,2,crash,3,1,1,222.02988421298187,660,589.0,589.0,0.05,0.1,7.770170211791992,42.38581848144531,-153.42137145996094,577.0637817382812,500.0,30.15365796770989,466,-1.318000000000001,-6.805773754728151,-300.0,0.336408915474215,"{0: 48, 1: 4, 2: 6, 5: 4, 6: 4}","{5: 10, 4: 21, 3: 35}","{1: 41, 0: 25}","{1: 49, 2: 15, 0: 2}","{1: 43, 0: 23}","{1: 38, 0: 15, 2: 13}",0.03326605591247064,0.047901966376377225,0.06727462069043315,0.10267330113348178,0.3548144924451502,0.0840432798658203,0.4633403406735716,0.463618306869604,0.36464017247665415,0.04727175805436665,0.27252256883276194,0.5029907708964201
14600,2,crash,3,0,1,-286.50689337139477,610,,,0.05,0.1,7.787160396575928,42.439598083496094,-153.42137145996094,569.5394897460938,0.0,24.334580528411966,330,-1.2200000000000009,-9.62147389980676,-300.0,-0.4696834317563849,"{0: 37, 1: 5, 2: 5, 3: 6, 4: 8}","{5: 2, 4: 26, 3: 33}","{1: 35, 0: 26}","{1: 46, 2: 10, 0: 5}","{1: 37, 0: 24}","{1: 26, 2: 18, 0: 17}",0.07086060261491367,0.049408648354222054,0.1086015405109031,0.22206434463826735,0.3719317639939046,0.06336824785429182,0.5133938187783611,0.4477325193095294,0.39228914480057336,0.06417505318367882,0.35436024085015394,0.4910576542281858
14610,2,max_steps,3,4,0,2111.993361248307,3500,596.25,606.5,0.05,0.1,7.807603359222412,42.530452728271484,-153.42137145996094,552.2329711914062,2000.0,133.38154757159867,2726,-6.991999999999452,-14.39618632328973,0.0,0.6034266746423734,"{5: 120, 4: 68, 0: 34, 1: 5, 2: 8, 3: 6, 6: 109}","{3: 194, 1: 28, 2: 52, 6: 16, 5: 13, 4: 15, 0: 32}","{1: 270, 2: 42, 0: 38}","{1: 287, 0: 35, 2: 28}","{1: 249, 2: 51, 0: 50}","{1: 270, 2: 22, 0: 58}",0.07857223145673335,0.019037663513325198,0.10749769120514416,0.1203056700570514,0.19494640902803392,0.07542015417617359,0.2571396143755963,0.28113410688658574,0.21452323214258365,0.04576707593258421,0.12371808048249996,0.3418680270786865
14620,2,max_steps,3,4,0,2100.311854610749,3500,770.5,685.5,0.05,0.1,7.826874256134033,42.59406661987305,-153.42137145996094,541.6207275390625,2000.0,107.30385461075554,2466,-6.991999999999452,0.0,0.0,0.6000891013173568,"{2: 50, 3: 50, 0: 41, 1: 32, 6: 97, 5: 41, 4: 39}","{1: 17, 2: 49, 3: 198, 4: 41, 6: 16, 5: 29}","{1: 306, 0: 33, 2: 11}","{1: 295, 0: 18, 2: 37}","{1: 290, 0: 36, 2: 24}","{1: 285, 0: 25, 2: 40}",0.07687268280597656,0.02819352472344857,0.0963606203620076,0.105051758586691,0.1601250001423453,0.06120721766333127,0.19826804168002485,0.166921577488594,0.1400135670286614,0.04068827858678505,0.19013875567669059,0.131997196028115
14630,2,crash,3,4,1,1673.6995153614314,3315,690.5,722.5,0.05,0.1,7.838498592376709,42.61870574951172,-153.42137145996094,562.6116333007812,2000.0,103.4342787271595,2641,-6.621999999999493,-123.1127633657288,-300.0,0.5048867316324077,"{6: 54, 5: 21, 4: 117, 3: 49, 2: 31, 1: 55, 0: 4}","{5: 11, 4: 21, 3: 117, 1: 27, 2: 30, 0: 91, 6: 34}","{1: 290, 0: 28, 2: 13}","{1: 223, 2: 55, 0: 53}","{1: 278, 2: 20, 0: 33}","{1: 293, 2: 16, 0: 22}",0.07186146224078403,0.049730686674157004,0.07419814428987412,0.07330214788724172,0.16026516151076345,0.13261094487465325,0.20358894932376678,0.1508601457526989,0.15359972236249902,0.06252914938963393,0.23906501184349618,0.06290124977250815
14640,2,max_steps,3,0,0,-4.14029955660356,3500,,,0.05,0.1,7.846169948577881,42.65829849243164,-153.42137145996094,560.754638671875,0.0,2.8597004433963757,1046,-6.999999999999451,0.0,0.0,-0.00118294273045816,{6: 350},"{3: 334, 2: 16}",{1: 350},"{1: 341, 2: 9}",{1: 350},{1: 350},0.004816499537651652,0.013387756949703252,0.006798688520134067,0.012402165816852617,0.028820567315562234,0.03806770311796169,0.0438498249823835,0.055769539339675864,,,,
14650,2,max_steps,3,2,0,1095.0240635583175,3500,399.5,399.5,0.05,0.1,7.848773956298828,42.64726638793945,-153.42137145996094,569.2570190429688,1000.0,102.0200635583515,2159,-6.9959999999994515,0.0,0.0,0.3128640181595193,"{4: 72, 0: 27, 1: 5, 2: 6, 6: 121, 5: 119}","{5: 8, 4: 14, 3: 270, 0: 44, 1: 6, 2: 8}","{1: 296, 0: 24, 2: 30}","{1: 283, 2: 21, 0: 46}","{1: 276, 2: 38, 0: 36}","{1: 258, 0: 55, 2: 37}",0.05995057788864522,0.03024565096819353,0.09186836154341918,0.09336868519976041,0.19003836977025607,0.10369941589124311,0.2514810927079432,0.24153589516322613,0.1227528171822941,0.03472114830080137,0.22333595774768877,0.24349519590818583
14660,2,max_steps,3,1,0,498.6573942991266,3500,726.0,726.0,0.05,0.1,7.856464385986328,42.639102935791016,-153.42137145996094,563.3869018554688,500.0,44.04066498066435,1914,-6.997999999999451,-38.38527068155111,0.0,0.1424735412283219,"{4: 312, 3: 28, 5: 10}","{6: 8, 5: 7, 4: 8, 3: 243, 2: 21, 0: 49, 1: 14}","{1: 343, 2: 7}","{1: 295, 2: 28, 0: 27}",{1: 350},"{1: 347, 2: 1, 0: 2}",0.005288607800140028,0.02419400220719312,0.0069108140243600204,0.012294357608690316,0.07665144872713629,0.0810363962620377,0.08424174679417983,0.05881152036179614,0.12754139009733642,0.03968530226977217,0.17852090808450782,0.03565346388802202
14670,2,max_steps,3,3,0,1610.71251967295,3500,761.0,753.0,0.05,0.1,7.879251480102539,42.734893798828125,-153.42137145996094,551.5693359375,1500.0,118.011491628056,3317,-6.993999999999452,-0.3049719551022132,0.0,0.4602035770494143,"{6: 158, 5: 10, 4: 10, 3: 36, 0: 77, 1: 7, 2: 52}","{5: 12, 4: 24, 3: 172, 0: 57, 1: 30, 2: 31, 6: 24}","{1: 304, 2: 16, 0: 30}","{1: 237, 2: 39, 0: 74}","{1: 297, 2: 24, 0: 29}","{1: 306, 2: 16, 0: 28}",0.03996455250555932,0.05190253467733963,0.05730318220189286,0.070431388870173,0.1697898804623624,0.13918173750187263,0.2069098703438883,0.15553843803706843,0.15890876888901878,0.045351844880249424,0.048960028017292864,0.285240346585178
14680,2,success,3,5,0,2603.4155767121147,3232,646.4,550.0,0.05,0.1,7.886579513549805,42.76061248779297,-153.42137145996094,556.47314453125,2500.0,109.86957671212905,2426,-6.453999999999511,0.0,0.0,0.8055122452698374,"{6: 49, 5: 89, 4: 64, 3: 23, 2: 46, 1: 20, 0: 32}","{1: 23, 2: 27, 3: 213, 6: 15, 5: 9, 4: 29, 0: 7}","{1: 255, 2: 43, 0: 25}","{1: 265, 0: 29, 2: 29}","{1: 244, 2: 48, 0: 31}","{1: 223, 2: 49, 0: 51}",0.07961738120739077,0.022770217754551385,0.1019694258318645,0.10741207564840724,0.17534011618805795,0.07566378901197723,0.239268189366319,0.3016075874952593,0.22977214440985214,0.1572192511693461,0.20699916157943862,0.3786942499186884
14690,2,max_steps,3,1,0,518.5522030801083,3500,522.0,522.0,0.05,0.1,7.886784076690674,42.74420928955078,-153.42137145996094,576.1867065429688,500.0,25.550203080089645,1498,-6.997999999999451,0.0,0.0,0.14815777230860236,"{5: 40, 4: 285, 3: 25}","{5: 10, 4: 12, 3: 299, 2: 29}","{1: 337, 2: 13}","{1: 322, 2: 18, 0: 10}","{1: 327, 2: 15, 0: 8}","{1: 321, 2: 12, 0: 17}",0.0034913738348208673,0.013021953414017625,0.004555368099021104,0.010531161515959599,0.08279804072153797,0.054213083254833296,0.10994824301570419,0.14321498995346085,0.17761422967675472,0.07306257449013837,0.2061949410023367,0.2927364024356254
14700,2,max_steps,3,3,0,1580.7221196470844,3500,900.3333333333334,756.0,0.05,0.1,7.907231330871582,42.833892822265625,-153.42137145996094,593.655029296875,1500.0,87.7200823720014,2509,-6.993999999999452,-0.0039627248944268945,0.0,0.4516348913277384,"{4: 63, 3: 5, 0: 46, 1: 9, 2: 18, 5: 49, 6: 160}","{5: 19, 4: 25, 3: 182, 0: 41, 1: 19, 2: 26, 6: 38}","{1: 316, 0: 10, 2: 24}","{1: 257, 2: 43, 0: 50}","{1: 277, 0: 37, 2: 36}","{1: 262, 0: 40, 2: 48}",0.055429019213974653,0.04252015857751918,0.07158109195421865,0.08707948037798646,0.1487446416140784,0.10523401287688229,0.22430230293984074,0.2308529994110122,0.12772596600171504,0.04922293168677335,0.16173684634899804,0.30961497567412966
14710,2,max_steps,3,3,0,1616.1740333980788,3500,816.0,1030.0,0.05,0.1,7.920592308044434,42.86151885986328,-153.42137145996094,565.7315063476562,1500.0,123.16803339808537,2766,-6.993999999999452,0.0,0.0,0.46176400954230823,"{4: 88, 3: 23, 5: 69, 0: 74, 1: 15, 2: 12, 6: 69}","{5: 26, 4: 16, 3: 191, 0: 37, 1: 28, 2: 52}","{1: 289, 2: 28, 0: 33}","{1: 231, 2: 33, 0: 86}","{1: 273, 2: 39, 0: 38}","{1: 273, 2: 37, 0: 40}",0.06148372129316472,0.044317329521314563,0.07266424563856963,0.09088496770974566,0.1757353668933545,0.11531562848091344,0.23020398909021045,0.22840693579326163,0.19520149187260608,0.08948873359539553,0.19938732495090578,0.27593814738735806
14720,2,crash,3,2,1,695.2530806510234,1584,559.5,559.5,0.05,0.1,7.938765525817871,42.94133758544922,-153.42137145996094,592.9906005859375,1000.0,31.88604041529655,1028,-3.163999999999873,-33.46895976427117,-300.0,0.4389223994008986,"{2: 44, 3: 49, 1: 18, 6: 47}","{1: 41, 0: 6, 2: 6, 5: 41, 6: 16, 4: 33, 3: 15}","{1: 153, 0: 5}","{1: 102, 0: 21, 2: 35}",{1: 158},{1: 158},0.04379135654754705,0.05422860954077336,0.048682925604337325,0.040621673255552174,0.13299835704099425,0.10163246535282502,0.1364116284506276,0.10807816546784012,0.11786826638525115,0.14581146462992198,0.060205098683912946,0.1266220103239929
14730,2,success,3,5,0,2562.438521295224,2197,439.4,409.0,0.05,0.1,7.958094596862793,43.025333404541016,-153.42137145996094,573.5669555664062,2500.0,66.82252129522509,1733,-4.383999999999739,0.0,0.0,1.1663352395517632,"{4: 70, 3: 70, 2: 25, 5: 26, 0: 21, 1: 7}","{1: 7, 2: 95, 3: 88, 5: 8, 4: 21}","{1: 199, 0: 20}","{1: 174, 0: 24, 2: 21}","{1: 185, 2: 10, 0: 24}","{1: 167, 2: 13, 0: 39}",0.08635600136969204,0.0373890001557346,0.10505322340603843,0.11910957215752188,0.1359149495229229,0.06259819164386865,0.19157455253891456,0.19426703423654654,0.12173766962774335,0.0636706052095067,0.16083217567172772,0.17645971858167941
14740,2,max_steps,3,2,0,1084.0870084180642,3500,1231.5,1231.5,0.05,0.1,7.962686061859131,43.011810302734375,-153.42137145996094,594.9342041015625,1000.0,91.08300841806548,2315,-6.9959999999994515,0.0,0.0,0.30973914526230406,"{2: 27, 6: 78, 5: 64, 4: 150, 3: 31}","{4: 9, 3: 209, 0: 36, 1: 10, 2: 49, 6: 30, 5: 7}","{1: 311, 0: 13, 2: 26}","{1: 265, 0: 39, 2: 46}","{1: 291, 0: 23, 2: 36}","{1: 283, 2: 27, 0: 40}",0.06272237000233724,0.04148348258609018,0.09051156755984324,0.09880020319162158,0.15081572502907792,0.12156217633778756,0.20833488209594161,0.1767124899175778,0.15230974964099997,0.11722720652917315,0.24257249514439294,0.28911904796276344
14750,2,max_steps,3,3,0,1565.5967375945559,3500,483.0,544.0,0.05,0.1,7.972957611083984,43.027793884277344,-153.42137145996094,609.8970947265625,1500.0,72.590737594578,2517,-6.993999999999452,0.0,0.0,0.44731335359844454,"{0: 35, 1: 8, 2: 46, 3: 101, 4: 160}","{2: 22, 3: 205, 5: 43, 4: 54, 0: 16, 1: 10}","{1: 331, 0: 19}","{1: 265, 0: 38, 2: 47}","{1: 333, 0: 17}","{1: 323, 0: 11, 2: 16}",0.024536001296866602,0.026548109383034077,0.033706136307657134,0.029226331979417472,0.10195850150146754,0.09023967341444479,0.13345751709760098,0.1379374009849106,0.05259017697516888,0.060569129296797156,0.06289731975410134,0.05879092444099726
14760,2,max_steps,3,2,0,1138.3407789502262,3500,1474.0,1474.0,0.05,0.1,7.980067729949951,43.02170944213867,-153.42137145996094,628.4678955078125,1000.0,145.68619233315746,2716,-6.9959999999994515,-0.3494133829342807,0.0,0.32524022255720747,"{0: 58, 1: 13, 2: 23, 3: 32, 6: 201, 5: 11, 4: 12}","{3: 313, 4: 6, 1: 10, 2: 21}","{1: 265, 0: 52, 2: 33}","{1: 330, 0: 19, 2: 1}","{1: 243, 0: 65, 2: 42}","{1: 235, 0: 62, 2: 53}",0.10226858897544333,0.011938215206960609,0.12990282642373338,0.10561571742363562,0.19696343754852877,0.046208903898094414,0.2464327882241279,0.25302931017947483,0.12989717929241773,0.058697194296795,0.034308810847581854,0.11011630826004415
14770,2,max_steps,3,0,0,-1.072744914299233,3500,,,0.05,0.1,7.989175319671631,43.09004592895508,-153.42137145996094,639.485107421875,0.0,5.927255085700786,1276,-6.999999999999451,0.0,0.0,-0.000306498546942638,{6: 350},"{2: 55, 3: 295}",{1: 350},"{1: 340, 0: 10}",{1: 350},{1: 350},0.007926200581574852,0.012541332610032895,0.010508855709248427,0.015894904061385776,0.06438355473553857,0.0280607865117718,0.06644149897162903,0.05950027216128962,,,,
14780,2,crash,3,1,1,215.14879458030066,2133,916.0,916.0,0.05,0.1,7.988326072692871,43.05408477783203,-153.42137145996094,562.3502197265625,500.0,36.677675000260045,1332,-4.263999999999752,-17.264880419964413,-300.0,0.10086675789043631,"{0: 18, 1: 8, 2: 32, 3: 33, 5: 85, 6: 37}","{3: 162, 2: 18, 0: 15, 1: 12, 4: 6}","{1: 196, 0: 17}","{1: 164, 2: 3, 0: 46}","{1: 193, 0: 20}","{1: 179, 0: 10, 2: 24}",0.02383821242661899,0.043959165003596846,0.034107536569233564,0.03881218755405015,0.12267952401478531,0.06629023298253534,0.17755646673137898,0.1985218707350065,0.060328143274196756,0.05935554021862935,0.08063653936659841,0.10376235431453339
14790,2,max_steps,3,0,0,32.55522230927094,3500,,,0.05,0.1,7.985998153686523,43.015193939208984,-153.42137145996094,563.4427490234375,0.0,39.55522230927087,1763,-6.999999999999451,0.0,0.0,0.009301492088363126,"{6: 330, 5: 20}","{1: 304, 0: 19, 2: 7, 3: 20}",{1: 350},"{1: 335, 0: 15}",{1: 350},"{1: 347, 2: 3}",0.04608329441485971,0.010919131425678482,0.0505130627386875,0.01695667818114031,0.06277491632020357,0.046059254925665045,0.07977179602444867,0.0888665958729486,,,,
14800,2,max_steps,3,1,0,449.0741922417627,3500,628.0,628.0,0.05,0.1,7.989205837249756,43.0040283203125,-153.42137145996094,575.9752197265625,500.0,106.83960804874745,2371,-6.997999999999451,-150.76741580698967,0.0,0.12830691206907507,"{0: 19, 1: 6, 2: 7, 3: 30, 6: 183, 5: 70, 4: 35}","{3: 223, 4: 75, 6: 5, 5: 8, 2: 39}","{1: 304, 0: 23, 2: 23}","{1: 318, 2: 19, 0: 13}","{1: 268, 0: 44, 2: 38}","{1: 197, 0: 80, 2: 73}",0.07840531320561875,0.02784741453604253,0.09853223099717366,0.13822807038171886,0.1649187870477479,0.05930083815406847,0.21369750921819694,0.23695218924407618,0.1581140661240719,0.05135282968239966,0.20143013503600946,0.21693311283197916
14810,2,success,3,5,0,2547.2713103223,1974,394.8,319.0,0.05,0.1,8.003185272216797,43.0503044128418,-153.42137145996094,581.9180908203125,2500.0,51.20931032230317,1562,-3.937999999999788,0.0,0.0,1.29041099813693,"{4: 96, 3: 74, 2: 27}","{1: 14, 2: 39, 3: 95, 5: 19, 4: 27, 6: 3}","{1: 172, 2: 25}","{1: 149, 0: 17, 2: 31}","{1: 167, 2: 30}","{1: 179, 2: 5, 0: 13}",0.02845910072334142,0.041406957666381125,0.04366913829982535,0.058003297206201856,0.16214108775522143,0.07881754335817308,0.21024521236439975,0.1484021221871625,0.18142438205749614,0.061465210194195395,0.2292466436779828,0.19191385836690647
14820,2,success,3,5,0,2624.1781889590843,3356,671.2,635.0,0.05,0.1,8.02192211151123,43.122493743896484,-153.42137145996094,575.985107421875,2500.0,130.88018895908525,2820,-6.701999999999484,0.0,0.0,0.7819362899162945,"{3: 151, 6: 90, 5: 13, 4: 18, 0: 47, 1: 7, 2: 9}","{1: 17, 2: 11, 3: 200, 4: 62, 6: 11, 5: 7, 0: 27}","{1: 273, 2: 40, 0: 22}","{1: 223, 0: 69, 2: 43}","{1: 273, 2: 41, 0: 21}","{1: 270, 2: 28, 0: 37}",0.02409248566791526,0.04217515379389285,0.034648308423239814,0.040169105200364166,0.21382613889400395,0.1417580988457548,0.2608645798152802,0.2032176659432016,0.035400383799011705,0.06730225471257231,0.014143900225477617,0.06855073420399112
14830,2,crash,3,1,1,197.06333241869874,2217,175.0,175.0,0.05,0.1,8.03646183013916,43.17923355102539,-153.42137145996094,567.4124145507812,500.0,26.39107605192135,1202,-4.431999999999734,-24.895743633230822,-300.0,0.08888738494303056,"{3: 28, 2: 176, 1: 17}","{2: 32, 3: 176, 1: 13}","{1: 213, 0: 8}","{1: 190, 0: 31}","{1: 209, 0: 12}","{1: 193, 0: 13, 2: 15}",0.005945928700576346,0.021254883362259433,0.015835244599449516,0.01770363881987998,0.08026205272723981,0.061603234920513686,0.13836409174520736,0.1732337460272766,0.07437224404314197,0.10024574131270989,0.16149434067916188,0.16869719825396925
14840,2,max_steps,3,0,0,4.833340477457771,3500,,,0.05,0.1,8.051671028137207,43.19591522216797,-153.42137145996094,576.88037109375,0.0,32.12010472483541,2274,-6.999999999999451,-20.28676424737762,0.0,0.0013809544221307917,"{1: 58, 2: 34, 3: 69, 4: 189}","{6: 4, 5: 18, 4: 21, 3: 293, 2: 14}","{1: 343, 0: 7}","{1: 328, 2: 12, 0: 10}","{1: 334, 0: 16}","{1: 325, 0: 10, 2: 15}",0.01859211634288663,0.025905326245836136,0.03093892525940522,0.042211344990376785,0.09038660429125962,0.05802488319567501,0.08783278665769204,0.14161976454502903,0.13010178228173208,0.04622649496628126,0.16709581427662615,0.11845503949924546
14850,2,max_steps,3,4,0,2115.6747004205304,3500,774.25,667.0,0.05,0.1,8.063277244567871,43.21437454223633,-153.42137145996094,579.45361328125,2000.0,122.66670042052186,2368,-6.991999999999452,0.0,0.0,0.6044784858344372,"{3: 75, 4: 70, 5: 23, 6: 66, 1: 62, 2: 13, 0: 41}","{2: 28, 3: 189, 5: 25, 6: 3, 4: 75, 0: 12, 1: 18}","{1: 272, 0: 25, 2: 53}","{1: 269, 0: 27, 2: 54}","{1: 266, 0: 35, 2: 49}","{1: 285, 0: 44, 2: 21}",0.06122278420052816,0.03498151553278546,0.08990691600445802,0.06951729998323108,0.20574545782108758,0.06491655157132967,0.2468989264101849,0.1849731518597367,0.1165123280515272,0.08069158494131015,0.057704607017611126,0.2083441439994805
14860,2,max_steps,3,2,0,1061.1372679425167,3500,1153.0,1153.0,0.05,0.1,8.066271781921387,43.22284698486328,-153.42137145996094,580.7116088867188,1000.0,90.99963390487592,2818,-6.9959999999994515,-22.866365962354944,0.0,0.3031820765550048,"{4: 121, 3: 75, 2: 77, 0: 34, 1: 12, 5: 19, 6: 12}","{1: 38, 2: 66, 3: 93, 6: 91, 5: 10, 4: 11, 0: 41}","{1: 343, 0: 7}","{1: 227, 0: 71, 2: 52}","{1: 327, 0: 20, 2: 3}","{1: 329, 2: 15, 0: 6}",0.04884791025595044,0.05439188481524271,0.061980104497370986,0.07527054358084499,0.12750387516362446,0.09388619729932163,0.16898091409287874,0.14345142048071716,0.07970061661564626,0.06504311590322064,0.14982574706493312,0.12717160450942055
14870,2,crash,3,0,1,-343.9350531816867,3183,,,0.05,0.1,8.076289176940918,43.23200225830078,-153.42137145996094,557.2898559570312,0.0,17.01206419503791,899,-6.365999999999521,-54.58111737672467,-300.0,-0.10805373961096033,{6: 318},"{4: 19, 3: 270, 2: 29}",{1: 318},"{1: 303, 2: 7, 0: 8}","{1: 309, 2: 9}","{1: 299, 2: 10, 0: 9}",0.02190937489428023,0.015133359677214447,0.035680273439161754,0.034010436435836566,0.12029317717153966,0.04876016018004689,0.15498387214848067,0.14431426568135952,,,,
14880,2,crash,3,1,1,223.6127770720271,2435,1548.0,1548.0,0.05,0.1,8.077312469482422,43.197025299072266,-153.42137145996094,582.0523071289062,500.0,67.45287708157946,1275,-4.867999999999686,-38.97210000955364,-300.0,0.09183276265791666,"{5: 50, 6: 56, 4: 47, 3: 1, 0: 86, 1: 3}","{0: 47, 1: 17, 2: 9, 3: 81, 4: 77, 5: 12}","{1: 191, 2: 25, 0: 27}","{1: 209, 0: 33, 2: 1}","{1: 175, 2: 35, 0: 33}","{1: 153, 2: 38, 0: 52}",0.07370973090869283,0.021304988850018407,0.11190729337178737,0.1331794290358997,0.17912842320256886,0.062080040778588294,0.25897556972098473,0.33360505859729944,0.17511815149336624,0.002087229750086633,0.2363116825317727,0.08548193759516708
14890,2,max_steps,3,3,0,1582.5827212359331,3500,1007.0,1094.0,0.05,0.1,8.080018997192383,43.14427947998047,-153.42137145996094,585.6200561523438,1500.0,89.57672123593991,2385,-6.993999999999452,0.0,0.0,0.4521664917816952,"{1: 124, 2: 38, 3: 45, 6: 35, 5: 28, 4: 78, 0: 2}","{2: 28, 3: 174, 4: 101, 5: 47}","{1: 299, 2: 34, 0: 17}","{1: 306, 0: 14, 2: 30}","{1: 289, 2: 34, 0: 27}","{1: 290, 2: 19, 0: 41}",0.022526686152787842,0.018532454479036207,0.029722267064677222,0.036738296645678604,0.1686432235450122,0.06221062990579555,0.24565206534024864,0.2723198981431194,0.1703660646046922,0.11176193658322905,0.24052097861551788,0.3390215291457921
14900,2,max_steps,3,2,0,1094.5478996200168,3500,1421.0,1421.0,0.05,0.1,8.077198028564453,43.11176681518555,-153.42137145996094,574.8223876953125,1000.0,111.7188755077337,2196,-6.9959999999994515,-10.174975887719272,0.0,0.3127279713200048,"{5: 57, 4: 57, 0: 106, 1: 45, 2: 75, 3: 6, 6: 4}","{5: 18, 4: 18, 3: 248, 1: 44, 2: 16, 6: 6}","{1: 270, 2: 21, 0: 59}","{1: 294, 2: 44, 0: 12}","{1: 234, 2: 38, 0: 78}","{1: 200, 2: 81, 0: 69}",0.0900930741678618,0.01839447326335685,0.13053003206885963,0.13573798112586988,0.18022551262085512,0.06621119671912953,0.26884868775384924,0.3329245793929196,0.18000841711594842,0.05768688163801956,0.22383056915030763,0.26697067319235124
14910,2,max_steps,3,0,0,52.781091306529234,3500,,,0.05,0.1,8.076502799987793,43.08015060424805,-153.42137145996094,574.8223876953125,0.0,59.781091306529305,1694,-6.999999999999451,0.0,0.0,0.015080311801865495,"{4: 214, 5: 101, 6: 35}","{2: 25, 3: 322, 4: 3}","{1: 340, 2: 10}","{1: 344, 0: 6}","{1: 299, 0: 19, 2: 32}","{1: 267, 0: 48, 2: 35}",0.060967525942413274,0.013544451532451577,0.08504457606209437,0.11605976533212024,0.13018937446776435,0.03645375296382939,0.19072624846580874,0.18524149856199845,0.07793781626923728,0.03729349199922458,0.16016657092464548,0.19209439366689066
14920,2,crash,3,1,1,219.54680274637798,1011,895.0,895.0,0.05,0.1,8.07308578491211,43.05636215209961,-153.42137145996094,567.8737182617188,500.0,32.124058764031915,894,-2.019999999999999,-10.557256017654364,-300.0,0.2171580640419169,"{0: 63, 1: 10, 2: 15, 3: 2, 4: 11}","{0: 9, 1: 15, 2: 16, 3: 49, 6: 12}","{1: 83, 0: 18}","{1: 86, 0: 15}","{1: 84, 0: 17}","{1: 89, 0: 4, 2: 8}",0.039608071600042205,0.03419011148295979,0.07099420191042453,0.0482575351890244,0.15882752207391992,0.061985295766420354,0.19709187117829458,0.151498866818187,0.1598150093072898,0.008818495843817617,0.20391790912534402,0.08066817906741924
14930,2,max_steps,3,4,0,2070.7231770909866,3500,594.25,617.0,0.05,0.1,8.082357406616211,43.05854797363281,-153.42137145996094,570.28759765625,2000.0,79.7966897966593,2648,-6.991999999999452,-2.0815127056960696,0.0,0.5916351934545676,"{4: 97, 3: 62, 0: 47, 1: 5, 2: 26, 6: 113}","{6: 13, 5: 18, 4: 17, 3: 194, 2: 68, 0: 13, 1: 27}","{1: 320, 0: 30}","{1: 281, 2: 41, 0: 28}","{1: 319, 0: 28, 2: 3}","{1: 327, 0: 11, 2: 12}",0.025402454057225073,0.03866249035526946,0.031721961936625256,0.04090940941067519,0.111050797027056,0.08539315689714938,0.16767091839292464,0.1421368895829688,0.07717738475404631,0.06169111440995208,0.12359240641955196,0.0820536388629836
14940,2,success,3,5,0,2601.688678609076,3289,657.8,494.0,0.05,0.1,8.093235969543457,43.082340240478516,-153.42137145996094,570.28759765625,2500.0,108.25667860905583,2823,-6.567999999999499,0.0,0.0,0.7910272662234953,"{5: 83, 4: 28, 3: 45, 2: 43, 0: 25, 1: 11, 6: 93}","{6: 9, 5: 32, 4: 18, 3: 171, 1: 22, 2: 55, 0: 21}","{1: 290, 2: 25, 0: 13}","{1: 253, 2: 39, 0: 36}","{1: 281, 2: 33, 0: 14}","{1: 274, 2: 21, 0: 33}",0.06318050029306002,0.03697968008470491,0.08304745265683461,0.08056084905021785,0.15307980751187547,0.09873302357224113,0.18960609259542627,0.15714564166679643,0.18383218597056677,0.14592528427254667,0.19611781548568144,0.13600100881418584
14950,2,max_steps,3,3,0,1605.9852177500384,3500,902.0,777.0,0.05,0.1,8.105228424072266,43.11929702758789,-153.42137145996094,570.28759765625,1500.0,118.17091195575487,2771,-6.993999999999452,-5.191694205705676,0.0,0.45885291935715383,"{4: 153, 3: 24, 5: 22, 0: 105, 1: 7, 2: 39}","{0: 53, 1: 30, 2: 88, 3: 138, 6: 31, 5: 5, 4: 5}","{1: 280, 2: 32, 0: 38}","{1: 238, 0: 74, 2: 38}","{1: 269, 2: 31, 0: 50}","{1: 295, 2: 25, 0: 30}",0.06689478442027216,0.053695205264279955,0.09115081202140732,0.0779799641971933,0.18503635697543008,0.12305567181538336,0.22358521047001925,0.17608208223693897,0.1935224451597915,0.06653539734951132,0.23908493029002367,0.13064438041871781
14960,2,max_steps,3,2,0,1071.7517662544622,3500,1642.5,1642.5,0.05,0.1,8.113409996032715,43.127525329589844,-153.42137145996094,570.28759765625,1000.0,80.39246219191334,2166,-6.9959999999994515,-1.644695937452471,0.0,0.30621479035841775,"{1: 77, 0: 93, 2: 16, 3: 4, 6: 108, 5: 10, 4: 42}","{3: 262, 4: 20, 6: 19, 5: 17, 2: 30, 1: 2}","{1: 333, 2: 17}","{1: 308, 0: 6, 2: 36}","{1: 324, 2: 26}","{1: 299, 0: 29, 2: 22}",0.04992099554728986,0.03054239304035391,0.06998507091227177,0.08225758938580521,0.13606665087451428,0.060825764166846104,0.17432980685611993,0.15480229180594327,0.13424689470414639,0.030327425654653347,0.12141280317718066,0.1420820494123409
14970,2,crash,3,0,1,-289.0204207066983,879,,,0.05,0.1,8.122878074645996,43.17530822753906,-153.42137145996094,556.9090576171875,0.0,22.143970123153785,673,-1.7580000000000013,-9.406390829851984,-300.0,-0.32880593937053276,"{0: 29, 1: 34, 2: 10, 3: 9, 4: 5}","{2: 62, 1: 6, 3: 19}","{1: 63, 0: 24}","{1: 76, 0: 11}","{1: 66, 0: 21}","{1: 66, 0: 9, 2: 12}",0.05960744380930983,0.023478524526304795,0.07684500190389436,0.06484494580579256,0.22249843262858052,0.06132570336450956,0.2672476922194683,0.2129104618700113,0.237833385580782,0.015026004298460377,0.24486960628731547,0.2162844519297656
14980,2,crash,3,2,1,724.9747234045534,1472,534.0,534.0,0.05,0.1,8.130594253540039,43.1812744140625,-153.42137145996094,589.0147705078125,1000.0,39.12448874466166,1283,-2.939999999999898,-11.209765340105386,-300.0,0.49251000231287595,"{1: 23, 2: 31, 3: 58, 4: 35}","{5: 20, 4: 34, 3: 38, 0: 28, 1: 16, 2: 11}","{1: 126, 0: 21}","{1: 77, 2: 30, 0: 40}","{1: 128, 0: 19}","{1: 143, 0: 1, 2: 3}",0.04813228740373574,0.05956253337053502,0.06582913708103445,0.06320919660657301,0.15424908347611532,0.08593723772067427,0.18487446165835703,0.13808518851204948,0.16894305281217153,0.11843099984825478,0.2045240424505031,0.10448166971080576
14990,2,max_steps,3,3,0,1557.8567547871871,3500,991.0,1020.0,0.05,0.1,8.140350341796875,43.25628662109375,-153.42137145996094,594.828857421875,1500.0,64.85075478719762,2660,-6.993999999999452,0.0,0.0,0.44510192993919634,"{2: 95, 3: 123, 6: 27, 5: 7, 4: 45, 0: 53}","{1: 14, 2: 105, 3: 152, 6: 12, 5: 8, 4: 40, 0: 19}","{1: 329, 2: 21}","{1: 282, 0: 46, 2: 22}","{1: 321, 0: 7, 2: 22}","{1: 313, 0: 22, 2: 15}",0.010054923987076133,0.023210489293542882,0.014910080677275051,0.01762857899865821,0.11716946550828801,0.09899523011558345,0.1582289292098734,0.1512144100821394,0.046567972844992395,0.05192473608310653,0.024589214747418278,0.10771374660378097
15000,2,success,3,5,0,2628.204186512652,2853,570.6,498.0,0.05,0.1,8.155416488647461,43.327552795410156,-153.42137145996094,567.89892578125,2500.0,133.90018651265154,2321,-5.695999999999595,0.0,0.0,0.9212072157422545,"{6: 93, 5: 17, 4: 46, 3: 22, 0: 72, 1: 10, 2: 25}","{1: 8, 2: 17, 3: 225, 4: 16, 5: 19}","{1: 199, 2: 33, 0: 53}","{1: 228, 0: 34, 2: 23}","{1: 200, 2: 32, 0: 53}","{1: 202, 2: 44, 0: 39}",0.06683244229424759,0.03022626520162603,0.07663093053063458,0.08896004262070617,0.25954472648851,0.09026644608699977,0.31073052353501096,0.2390458621788276,0.2005009204464784,0.08782717534090637,0.13194698161856083,0.21471846716954404
