ep,stage,done_reason,action_repeat,hits,crash,return,steps,avg_steps_per_hit,med_steps_per_hit,epsilon,alpha,q_mean,q_std,q_min,q_max,r_hit,r_progress,progress_steps,r_step,r_near_boundary,r_oob,r_stagnate,mean_return_per_step
10,0,max_steps,1,0,0,0.797608678162488,2500,,,0.9950112350131176,0.1,0.001033426495268941,0.22946058213710785,-0.15584580600261688,50.02473831176758,0.0,5.797608678162415,1539,-4.999999999999671,0.0,0.0,0.0,0.0003190434712649952
20,0,max_steps,1,1,0,508.79847226564465,2500,2147.0,2147.0,0.9900473578023296,0.1,0.0020286834333091974,0.29274246096611023,-0.21137554943561554,61.327911376953125,500.0,13.796472265644493,1893,-4.997999999999672,0.0,0.0,0.0,0.20351938890625787
30,0,max_steps,1,0,0,-3.007602038842659,2500,,,0.98510824420837,0.1,0.0019955849274992943,0.29276904463768005,-0.2647438645362854,61.327911376953125,0.0,1.9923979611573013,1142,-4.999999999999671,0.0,0.0,0.0,-0.0012030408155370637
40,0,max_steps,1,0,0,-6.61035328541026,2500,,,0.9801937706913741,0.1,0.002916137920692563,0.3442387282848358,-0.37128469347953796,64.20410919189453,0.0,-1.6103532854104068,950,-4.999999999999671,0.0,0.0,0.0,-0.002644141314164104
50,0,max_steps,1,0,0,9.950153351104019,2500,,,0.9753038143277888,0.1,0.003880077274516225,0.41479769349098206,-0.4319837987422943,72.10433959960938,0.0,14.95015335110384,1721,-4.999999999999671,0.0,0.0,0.0,0.003980061340441607
60,0,max_steps,1,0,0,3.4808364982461995,2500,,,0.9704382528072976,0.1,0.004890753887593746,0.5034056901931763,-0.4802890419960022,71.99895477294922,0.0,8.480836498246157,1326,-4.999999999999671,0.0,0.0,0.0,0.0013923345992984798
70,0,max_steps,1,0,0,10.356321061113041,2500,,,0.9655969644297613,0.1,0.006943981163203716,0.6036259531974792,-0.5251438021659851,61.6990852355957,0.0,15.356321061112917,1534,-4.999999999999671,0.0,0.0,0.0,0.004142528424445216
80,0,max_steps,1,0,0,-4.169946714210089,2500,,,0.9607798281021742,0.1,0.009025802835822105,0.7885251045227051,-0.5251197814941406,102.86256408691406,0.0,0.830053285789729,1124,-4.999999999999671,0.0,0.0,0.0,-0.0016679786856840355
90,0,max_steps,1,0,0,-5.838336576656587,2500,,,0.9559867233356352,0.1,0.009962269105017185,0.8013292551040649,-0.4549795985221863,73.41629028320312,0.0,-0.8383365766568533,1087,-4.999999999999671,0.0,0.0,0.0,-0.002335334630662635
100,0,max_steps,1,0,0,-2.833111529836339,2500,,,0.951217530242334,0.1,0.009873292408883572,0.7863379716873169,-0.5072062611579895,70.82576751708984,0.0,2.1668884701635474,1344,-4.999999999999671,0.0,0.0,0.0,-0.0011332446119345356
110,0,max_steps,1,0,0,8.156640560939142,2500,,,0.9464721295325524,0.1,0.009864293970167637,0.7850905656814575,-0.6869813799858093,70.82576751708984,0.0,13.156640560938996,1675,-4.999999999999671,0.0,0.0,0.0,0.0032626562243756566
120,0,max_steps,1,0,0,-2.2321552820545367,2500,,,0.9417504025116805,0.1,0.009797576814889908,0.7848759889602661,-0.8501383662223816,70.82576751708984,0.0,2.767844717945253,1333,-4.999999999999671,0.0,0.0,0.0,-0.0008928621128218147
130,0,max_steps,1,0,0,6.913144977638582,2500,,,0.937052231077248,0.1,0.009732128120958805,0.7587671875953674,-0.6802791357040405,68.38275146484375,0.0,11.913144977638492,1641,-4.999999999999671,0.0,0.0,0.0,0.0027652579910554327
140,0,max_steps,1,0,0,2.139440103085477,2500,,,0.9323774977159699,0.1,0.010712379589676857,0.8581934571266174,-0.8706144094467163,110.4039306640625,0.0,7.139440103085264,1811,-4.999999999999671,0.0,0.0,0.0,0.0008557760412341908
150,0,max_steps,1,0,0,4.9528328036832745,2500,,,0.9277260855008077,0.1,0.011681807227432728,0.9405224919319153,-0.8706144094467163,111.20548248291016,0.0,9.952832803683,1576,-4.999999999999671,0.0,0.0,0.0,0.0019811331214733096
160,0,max_steps,1,0,0,17.8263170401549,2500,,,0.923097878088044,0.1,0.011541149578988552,0.8826139569282532,-0.8706144094467163,79.0781021118164,0.0,22.826317040154816,2026,-4.999999999999671,0.0,0.0,0.0,0.00713052681606196
170,0,max_steps,1,0,0,1.1051069290405957,2500,,,0.9184927597143733,0.1,0.012321408838033676,0.9557846784591675,-0.9986047744750977,118.5169906616211,0.0,6.105106929040522,1392,-4.999999999999671,0.0,0.0,0.0,0.00044204277161623826
180,0,max_steps,1,0,0,-2.6354042568544145,2500,,,0.9139106151940054,0.1,0.013111235573887825,0.9976887702941895,-1.1707916259765625,121.93943786621094,0.0,2.364595743145495,1496,-4.999999999999671,0.0,0.0,0.0,-0.001054161702741766
190,0,max_steps,1,0,0,-4.102991182080212,2500,,,0.9093513299157857,0.1,0.015245207585394382,1.152363896369934,-1.2122544050216675,142.21923828125,0.0,0.8970088179195379,1245,-4.999999999999671,0.0,0.0,0.0,-0.0016411964728320846
200,0,max_steps,1,0,0,-1.9959006666560106,2500,,,0.9048147898403269,0.1,0.01602301374077797,1.164781928062439,-1.178429126739502,104.04901123046875,0.0,3.004099333343967,986,-4.999999999999671,0.0,0.0,0.0,-0.0007983602666624042
210,0,max_steps,1,0,0,-11.390073293979622,2500,,,0.9003008814971583,0.1,0.01680685766041279,1.215522050857544,-1.2729870080947876,108.37641906738281,0.0,-6.390073293979602,973,-4.999999999999671,0.0,0.0,0.0,-0.004556029317591849
220,0,max_steps,1,0,0,6.576866002975686,2500,,,0.895809491981886,0.1,0.01669280044734478,1.2136131525039673,-1.4300841093063354,108.37641906738281,0.0,11.576866002975342,1733,-4.999999999999671,0.0,0.0,0.0,0.0026307464011902744
230,0,max_steps,1,0,0,7.907884554038521,2500,,,0.8913405089533699,0.1,0.016611671075224876,1.211370825767517,-1.5185129642486572,108.37641906738281,0.0,12.907884554038414,1397,-4.999999999999671,0.0,0.0,0.0,0.0031631538216154082
240,0,max_steps,1,0,0,11.921544374760552,2500,,,0.8868938206309135,0.1,0.018153781071305275,1.1563129425048828,-1.656534194946289,133.01670837402344,0.0,16.921544374760355,1382,-4.999999999999671,0.0,0.0,0.0,0.0047686177499042205
250,0,max_steps,1,1,0,520.2273344557501,2500,1919.0,1919.0,0.8824693157914677,0.1,0.02085653878748417,1.3296154737472534,-1.6719328165054321,146.8255157470703,500.0,25.22533445574996,1458,-4.997999999999672,0.0,0.0,0.0,0.20809093378230004
260,0,max_steps,1,0,0,-1.3779560530921053,2500,,,0.8780668837668493,0.1,0.020587587729096413,1.3243101835250854,-1.5915195941925049,146.8255157470703,0.0,3.62204394690784,1409,-4.999999999999671,0.0,0.0,0.0,-0.0005511824212368422
270,0,max_steps,1,0,0,2.916827087418406,2500,,,0.8736864144409725,0.1,0.021407101303339005,1.366436243057251,-1.5702555179595947,144.83209228515625,0.0,7.916827087418287,1341,-4.999999999999671,0.0,0.0,0.0,0.0011667308349673623
280,0,max_steps,1,0,0,5.31296802188204,2500,,,0.8693277982470946,0.1,0.021383730694651604,1.3659087419509888,-1.3503443002700806,144.83209228515625,0.0,10.312968021881861,1382,-4.999999999999671,0.0,0.0,0.0,0.002125187208752816
290,0,max_steps,1,1,0,507.43781695425395,2500,1038.0,1038.0,0.864990926165076,0.1,0.02187761850655079,1.33674955368042,-1.3503443002700806,147.6959686279297,500.0,12.43581695425353,1112,-4.997999999999672,0.0,0.0,0.0,0.20297512678170157
300,0,max_steps,1,0,0,3.037675025137172,2500,,,0.8606756897186528,0.1,0.02268071100115776,1.3547953367233276,-1.3317071199417114,148.16067504882812,0.0,8.037675025137133,1137,-4.999999999999671,0.0,0.0,0.0,0.0012150700100548688
310,0,max_steps,1,1,0,513.5185300682399,2500,912.0,912.0,0.8563819809727236,0.1,0.024549297988414764,1.494556188583374,-1.3020734786987305,154.65957641601562,500.0,18.51653006824063,1351,-4.997999999999672,0.0,0.0,0.0,0.20540741202729595
320,0,max_steps,1,0,0,13.136408351153646,2500,,,0.8521096925306499,0.1,0.02438025176525116,1.4903348684310913,-1.3699183464050293,154.65957641601562,0.0,18.13640835115362,2135,-4.999999999999671,0.0,0.0,0.0,0.005254563340461459
330,0,max_steps,1,0,0,-7.0059293743047375,2500,,,0.84785871753157,0.1,0.02394373156130314,1.4843086004257202,-1.3699183464050293,154.65957641601562,0.0,-2.0059293743050297,916,-4.999999999999671,0.0,0.0,0.0,-0.002802371749721895
340,0,max_steps,1,0,0,-12.800284000193107,2500,,,0.8436289496477257,0.1,0.02359604462981224,1.4822657108306885,-1.4588674306869507,154.65957641601562,0.0,-7.800284000193031,1015,-4.999999999999671,0.0,0.0,0.0,-0.005120113600077243
350,0,max_steps,1,0,0,3.0840305061359974,2500,,,0.8394202830818028,0.1,0.023309124633669853,1.4787893295288086,-1.4800055027008057,154.65957641601562,0.0,8.084030506135804,1158,-4.999999999999671,0.0,0.0,0.0,0.001233612202454399
360,0,max_steps,1,0,0,20.406387688669035,2500,,,0.8352326125642855,0.1,0.025808848440647125,1.5446710586547852,-1.4800055027008057,136.76153564453125,0.0,25.40638768866911,1813,-4.999999999999671,0.0,0.0,0.0,0.008162555075467613
370,0,max_steps,1,1,0,509.18222873078946,2500,1606.0,1606.0,0.8310658333508228,0.1,0.029507135972380638,1.7567522525787354,-1.7011582851409912,182.56204223632812,500.0,14.180228730789267,1743,-4.997999999999672,0.0,0.0,0.0,0.2036728914923158
380,0,max_steps,1,0,0,-7.024550490313812,2500,,,0.8269198412196082,0.1,0.029278861358761787,1.709963321685791,-1.6804871559143066,150.2230224609375,0.0,-2.0245504903140605,1170,-4.999999999999671,0.0,0.0,0.0,-0.002809820196125525
390,0,max_steps,1,0,0,4.644927687734716,2500,,,0.8227945324687735,0.1,0.030942384153604507,1.837638020515442,-1.9077298641204834,181.5127410888672,0.0,9.644927687734638,1358,-4.999999999999671,0.0,0.0,0.0,0.0018579710750938865
400,0,max_steps,1,1,0,509.83943042318924,2500,1778.0,1778.0,0.8186898039137951,0.1,0.03134487196803093,1.8637791872024536,-1.9077298641204834,190.6899871826172,500.0,14.837430423189272,1493,-4.997999999999672,0.0,0.0,0.0,0.2039357721692757
410,0,max_steps,1,0,0,5.782040524979549,2500,,,0.8146055528849124,0.1,0.030999764800071716,1.85837721824646,-2.094111919403076,190.6899871826172,0.0,10.782040524979575,1342,-4.999999999999671,0.0,0.0,0.0,0.0023128162099918196
420,0,max_steps,1,0,0,6.40318375358558,2500,,,0.8105416772245603,0.1,0.032293900847435,1.9824388027191162,-3.046462059020996,206.3623809814453,0.0,11.403183753585205,1854,-4.999999999999671,0.0,0.0,0.0,0.002561273501434232
430,0,max_steps,1,1,0,520.8809751717648,2500,2451.0,2451.0,0.8064980752848135,0.1,0.032954826951026917,1.9846172332763672,-3.046462059020996,202.07858276367188,500.0,25.878975171764733,1591,-4.997999999999672,0.0,0.0,0.0,0.20835239006870593
440,0,max_steps,1,1,0,519.7532338628582,2500,1165.0,1165.0,0.8024746459248447,0.1,0.035481858998537064,2.123394727706909,-3.046462059020996,210.59481811523438,500.0,24.75123386285759,1475,-4.997999999999672,0.0,0.0,0.0,0.20790129354514328
450,0,max_steps,1,0,0,18.717253852643804,2500,,,0.7984712885083941,0.1,0.03738243505358696,2.2258293628692627,-3.046462059020996,218.35691833496094,0.0,23.717253852643864,2069,-4.999999999999671,0.0,0.0,0.0,0.0074869015410575215
460,0,max_steps,1,0,0,-5.818895839695582,2500,,,0.7944879029012528,0.1,0.03780411556363106,2.2041819095611572,-3.046462059020996,193.11936950683594,0.0,-0.8188958396956856,852,-4.999999999999671,0.0,0.0,0.0,-0.0023275583358782327
470,0,max_steps,1,0,0,3.596500181911753,2500,,,0.7905243894687576,0.1,0.03714071214199066,2.0871407985687256,-3.046462059020996,182.0532989501953,0.0,8.596500181911647,1478,-4.999999999999671,0.0,0.0,0.0,0.0014386000727647011
480,0,max_steps,1,0,0,0.24990124314928175,2500,,,0.7865806490732993,0.1,0.0369526743888855,2.080441951751709,-3.046462059020996,182.0532989501953,0.0,5.249901243149157,986,-4.999999999999671,0.0,0.0,0.0,9.99604972597127e-05
490,0,max_steps,1,0,0,14.254139428792271,2500,,,0.7826565830718433,0.1,0.03748563304543495,2.111067295074463,-3.046462059020996,208.7458953857422,0.0,19.25413942879236,1305,-4.999999999999671,0.0,0.0,0.0,0.0057016557715169084
500,0,max_steps,1,1,0,513.8269774589099,2500,1817.0,1817.0,0.7787520933134615,0.1,0.0402541421353817,2.2119157314300537,-3.046462059020996,215.5183868408203,500.0,18.82497745891063,1637,-4.997999999999672,0.0,0.0,0.0,0.20553079098356397
510,0,max_steps,1,0,0,-2.721657996576879,2500,,,0.7748670821368779,0.1,0.0415930412709713,2.2529687881469727,-3.046462059020996,216.6390838623047,0.0,2.278342003423049,1163,-4.999999999999671,0.0,0.0,0.0,-0.0010886631986307515
520,0,max_steps,1,0,0,5.52651336002212,2500,,,0.7710014523680259,0.1,0.043067567050457,2.3445169925689697,-3.046462059020996,224.2554931640625,0.0,10.526513360022042,1438,-4.999999999999671,0.0,0.0,0.0,0.002210605344008848
530,0,crash,1,0,1,-121.13399456617431,1641,,,0.7671551073176169,0.1,0.044556260108947754,2.335468053817749,-8.553302764892578,206.5407257080078,0.0,-10.84638118557873,613,-3.28199999999986,-27.00561338059567,-80.0,0.0,-0.07381718133222079
540,0,max_steps,1,0,0,-2.016601719519087,2500,,,0.7633279507787228,0.1,0.046193961054086685,2.4179961681365967,-8.553302764892578,208.575439453125,0.0,2.9833982804808388,1282,-4.999999999999671,0.0,0.0,0.0,-0.0008066406878076348
550,0,max_steps,1,0,0,-14.214044093830873,2500,,,0.7595198870243695,0.1,0.04683193191885948,2.468214273452759,-8.553302764892578,235.21006774902344,0.0,-9.21404409383085,942,-4.999999999999671,0.0,0.0,0.0,-0.005685617637532349
560,0,max_steps,1,0,0,3.495541401630892,2500,,,0.7557308208051414,0.1,0.04677940160036087,2.4112565517425537,-8.553302764892578,211.68516540527344,0.0,8.495541401630652,1563,-4.999999999999671,0.0,0.0,0.0,0.0013982165606523567
570,0,max_steps,1,0,0,-15.956802136475584,2500,,,0.751960657346801,0.1,0.04710904136300087,2.418883800506592,-8.553302764892578,230.4104766845703,0.0,-10.956802136475531,848,-4.999999999999671,0.0,0.0,0.0,-0.006382720854590233
580,0,max_steps,1,0,0,17.433534849619377,2500,,,0.748209302347916,0.1,0.04749124497175217,2.4565093517303467,-8.553302764892578,234.71856689453125,0.0,22.433534849619424,1524,-4.999999999999671,0.0,0.0,0.0,0.006973413939847751
590,0,max_steps,1,0,0,-26.712693267072908,2500,,,0.7444766619775032,0.1,0.04650358110666275,2.4416391849517822,-8.553302764892578,234.71856689453125,0.0,-21.712693267073035,529,-4.999999999999671,0.0,0.0,0.0,-0.010685077306829162
600,0,max_steps,1,0,0,-0.7273205795316927,2500,,,0.7407626428726788,0.1,0.04862296208739281,2.529431104660034,-8.553302764892578,241.07803344726562,0.0,4.272679420468188,1597,-4.999999999999671,0.0,0.0,0.0,-0.0002909282318126771
610,0,max_steps,1,0,0,-0.2981021513283646,2500,,,0.737067152136325,0.1,0.048507023602724075,2.4783523082733154,-8.553302764892578,215.73646545410156,0.0,4.701897848671516,1200,-4.999999999999671,0.0,0.0,0.0,-0.00011924086053134584
620,0,max_steps,1,1,0,503.59989671690374,2500,561.0,561.0,0.7333900973347661,0.1,0.049723751842975616,2.5122199058532715,-8.553302764892578,238.02566528320312,500.0,12.309103724940769,1601,-4.997999999999672,-3.7112070080372126,0.0,0.0,0.20143995868676148
630,0,max_steps,1,0,0,6.064112323563584,2500,,,0.7297313864954562,0.1,0.04907405376434326,2.50281023979187,-8.553302764892578,238.02566528320312,0.0,11.064112323563663,1247,-4.999999999999671,0.0,0.0,0.0,0.0024256449294254336
640,0,max_steps,1,0,0,-4.202103198469215,2500,,,0.7260909281046787,0.1,0.048944100737571716,2.504511594772339,-8.553302764892578,241.1237335205078,0.0,0.7978968015305081,1336,-4.999999999999671,0.0,0.0,0.0,-0.0016808412793876861
650,0,max_steps,1,0,0,1.8639143868756167,2500,,,0.7224686311052574,0.1,0.048329003155231476,2.4979333877563477,-8.553302764892578,241.1237335205078,0.0,6.863914386875431,1469,-4.999999999999671,0.0,0.0,0.0,0.0007455657547502467
660,0,max_steps,1,0,0,7.706630438211086,2500,,,0.7188644048942786,0.1,0.04890938848257065,2.4762165546417236,-8.553302764892578,238.36387634277344,0.0,12.706630438210953,1428,-4.999999999999671,0.0,0.0,0.0,0.0030826521752844345
670,0,max_steps,1,0,0,18.732446041716294,2500,,,0.7152781593208262,0.1,0.04978269711136818,2.485583543777466,-8.553302764892578,238.61068725585938,0.0,23.732446041716294,1958,-4.999999999999671,0.0,0.0,0.0,0.007492978416686518
680,0,max_steps,1,0,0,-4.3097484183030925,2500,,,0.7117098046837247,0.1,0.05303632467985153,2.553163766860962,-8.553302764892578,222.25717163085938,0.0,0.6902515816967714,1173,-4.999999999999671,0.0,0.0,0.0,-0.001723899367321237
690,0,max_steps,1,0,0,-8.045687963252208,2500,,,0.7081592517292976,0.1,0.052395597100257874,2.5436933040618896,-8.553302764892578,222.25717163085938,0.0,-3.045687963252311,829,-4.999999999999671,0.0,0.0,0.0,-0.003218275185300883
700,0,max_steps,1,0,0,8.527394643404305,2500,,,0.7046264116491338,0.1,0.05369730666279793,2.613538980484009,-8.553302764892578,247.0740966796875,0.0,13.527394643404257,1003,-4.999999999999671,0.0,0.0,0.0,0.003410957857361722
710,0,max_steps,1,1,0,582.279847935316,2500,525.0,525.0,0.7011111960778661,0.1,0.05407195910811424,2.657059669494629,-8.553302764892578,249.4326629638672,500.0,87.27784793531565,1794,-4.997999999999672,0.0,0.0,0.0,0.2329119391741264
720,0,max_steps,1,1,0,531.4389327918204,2500,1992.0,1992.0,0.6976135170909614,0.1,0.05564500391483307,2.743980884552002,-8.553302764892578,251.76895141601562,500.0,36.43693279182105,1604,-4.997999999999672,0.0,0.0,0.0,0.21257557311672817
730,0,max_steps,1,0,0,-2.5950476078466203,2500,,,0.6941332872025221,0.1,0.05573956295847893,2.773446559906006,-8.553302764892578,259.61456298828125,0.0,2.4049523921533087,995,-4.999999999999671,0.0,0.0,0.0,-0.001038019043138648
740,0,max_steps,1,0,0,12.80664442045495,2500,,,0.6906704193630966,0.1,0.05466828867793083,2.71498703956604,-9.33851146697998,236.450439453125,0.0,17.80664442045485,1442,-4.999999999999671,0.0,0.0,0.0,0.00512265776818198
750,0,max_steps,1,1,0,526.6062535569752,2500,494.0,494.0,0.6872248269575028,0.1,0.055463891476392746,2.8036916255950928,-9.33851146697998,262.402587890625,500.0,31.604253556976914,1523,-4.997999999999672,0.0,0.0,0.0,0.21064250142279006
760,0,max_steps,1,1,0,510.8659926514105,2500,1268.0,1268.0,0.6837964238026608,0.1,0.05790521204471588,2.871995210647583,-9.33851146697998,267.7832946777344,500.0,15.863992651411074,1709,-4.997999999999672,0.0,0.0,0.0,0.2043463970605642
770,0,max_steps,1,0,0,0.8227829954537266,2500,,,0.6803851241454388,0.1,0.05704214423894882,2.781280755996704,-9.33851146697998,241.69320678710938,0.0,5.822782995453724,1432,-4.999999999999671,0.0,0.0,0.0,0.0003291131981814906
780,0,max_steps,1,0,0,-13.423131253225858,2500,,,0.6769908426605066,0.1,0.058727290481328964,2.77470326423645,-9.33851146697998,239.75433349609375,0.0,-8.423131253225888,1075,-4.999999999999671,0.0,0.0,0.0,-0.005369252501290343
790,0,max_steps,1,0,0,6.602589418605766,2500,,,0.673613494448202,0.1,0.058873251080513,2.7841506004333496,-8.304078102111816,257.8068542480469,0.0,11.602589418605563,1316,-4.999999999999671,0.0,0.0,0.0,0.0026410357674423062
800,0,success,1,2,0,1025.6344833398934,1613,806.5,806.5,0.6702529950324074,0.1,0.06262744218111038,2.9376981258392334,-12.20511245727539,274.3158264160156,1000.0,28.856483339893796,1345,-3.2219999999998667,0.0,0.0,0.0,0.6358552283570326
810,0,max_steps,1,0,0,11.513372658250843,2500,,,0.6669092603584367,0.1,0.06265830248594284,2.9552574157714844,-12.867938995361328,274.52117919921875,0.0,16.513372658250688,1325,-4.999999999999671,0.0,0.0,0.0,0.004605349063300337
820,0,max_steps,1,0,0,2.719218665972852,2500,,,0.6635822067909328,0.1,0.062446363270282745,2.9465835094451904,-12.867938995361328,263.1960754394531,0.0,7.71921866597302,1179,-4.999999999999671,0.0,0.0,0.0,0.0010876874663891408
830,0,max_steps,1,0,0,-11.840962923096564,2500,,,0.660271751111776,0.1,0.0622149296104908,2.925082206726074,-12.867938995361328,248.6888885498047,0.0,-6.84096292309661,1144,-4.999999999999671,0.0,0.0,0.0,-0.004736385169238626
840,0,max_steps,1,0,0,-5.399946492643837,2500,,,0.6569778105180021,0.1,0.06645916402339935,3.1245765686035156,-12.867938995361328,275.50274658203125,0.0,-0.3999464926440739,1013,-4.999999999999671,0.0,0.0,0.0,-0.002159978597057535
850,0,max_steps,1,0,0,-9.68550433787281,2500,,,0.6537003026197313,0.1,0.06531370431184769,3.015430212020874,-12.867938995361328,256.6883544921875,0.0,-4.685504337872555,1217,-4.999999999999671,0.0,0.0,0.0,-0.003874201735149124
860,0,max_steps,1,0,0,-313.28499389698624,2500,,,0.6504391454381077,0.1,0.06590389460325241,3.0692191123962402,-12.343624114990234,277.7396545410156,0.0,1.6083552467849491,1280,-4.999999999999671,-309.89334914377116,0.0,0.0,-0.1253139975587945
870,0,max_steps,1,1,0,527.511842238695,2500,937.0,937.0,0.6471942574032484,0.1,0.06703168153762817,3.058817148208618,-19.085216522216797,275.5220642089844,500.0,32.5098422386949,1620,-4.997999999999672,0.0,0.0,0.0,0.21100473689547797
880,0,max_steps,1,0,0,-13.983922042465826,2500,,,0.6439655573522038,0.1,0.06568899750709534,3.0109503269195557,-13.941123008728027,254.17071533203125,0.0,-8.983922042465426,980,-4.999999999999671,0.0,0.0,0.0,-0.00559356881698633
890,0,max_steps,1,0,0,-2.6508710109710245,2500,,,0.6407529645269272,0.1,0.0664462074637413,3.0640578269958496,-14.321422576904297,260.0114440917969,0.0,2.349128989028933,1166,-4.999999999999671,0.0,0.0,0.0,-0.0010603484043884097
900,0,success,1,2,0,1055.11682165301,1808,904.0,904.0,0.637556398572254,0.1,0.0694374069571495,3.057398557662964,-14.321422576904297,280.3489685058594,1000.0,58.728821653008815,992,-3.611999999999824,0.0,0.0,0.0,0.5835823128611781
910,0,max_steps,1,0,0,1.9260326217041648,2500,,,0.634375779533894,0.1,0.06870733946561813,3.000309705734253,-14.321422576904297,248.65953063964844,0.0,6.926032621704097,1285,-4.999999999999671,0.0,0.0,0.0,0.0007704130486816659
920,0,max_steps,1,0,0,3.2224876652636367,2500,,,0.6312110278564291,0.1,0.07153134793043137,3.0437283515930176,-14.321422576904297,266.39642333984375,0.0,8.222487665263301,1761,-4.999999999999671,0.0,0.0,0.0,0.0012889950661054547
930,0,max_steps,1,1,0,533.3630414446942,2500,1681.0,1681.0,0.6280620643813251,0.1,0.07289367914199829,3.0761899948120117,-14.321422576904297,288.3331604003906,500.0,38.36104144469364,1579,-4.997999999999672,0.0,0.0,0.0,0.2133452165778777
940,0,max_steps,1,0,0,19.730897961483443,2500,,,0.6249288103449504,0.1,0.07887651771306992,3.3042032718658447,-14.321422576904297,272.7831726074219,0.0,24.73089796148315,1554,-4.999999999999671,0.0,0.0,0.0,0.007892359184593377
950,0,max_steps,1,1,0,513.318652787281,2500,924.0,924.0,0.6218111873766076,0.1,0.07896362245082855,3.329517126083374,-14.321422576904297,293.91290283203125,500.0,18.31665278728329,1279,-4.997999999999672,0.0,0.0,0.0,0.20532746111491243
960,0,max_steps,1,0,0,-3.839129796336007,2500,,,0.6187091174965714,0.1,0.07916269451379776,3.3595736026763916,-14.321422576904297,295.85797119140625,0.0,1.160870203663762,1072,-4.999999999999671,0.0,0.0,0.0,-0.001535651918534403
970,0,max_steps,1,1,0,525.8999860385297,2500,2498.0,2498.0,0.6156225231141397,0.1,0.07965006679296494,3.4144344329833984,-14.321422576904297,299.806884765625,500.0,30.897986038529712,1817,-4.997999999999672,0.0,0.0,0.0,0.2103599944154119
980,0,success,1,2,0,1051.5512407422725,2219,1109.5,1109.5,0.6125513270256917,0.1,0.0812123492360115,3.519545555114746,-14.321422576904297,329.7114562988281,1000.0,55.98524074227178,1310,-4.433999999999734,0.0,0.0,0.0,0.47388519186222283
990,0,max_steps,1,0,0,4.945128174251347,2500,,,0.6094954524127577,0.1,0.07939821481704712,3.4935808181762695,-20.41900062561035,329.7114562988281,0.0,9.945128174251067,1593,-4.999999999999671,0.0,0.0,0.0,0.001978051269700539
1000,0,max_steps,1,0,0,10.263937524821852,2500,,,0.606454822840097,0.1,0.0796288251876831,3.4703056812286377,-21.978721618652344,308.3493957519531,0.0,15.263937524822033,1735,-4.999999999999671,0.0,0.0,0.0,0.004105575009928741
1010,0,max_steps,1,0,0,10.817657005744561,2500,,,0.6034293622537864,0.1,0.07785909622907639,3.345259666442871,-21.978721618652344,285.5345153808594,0.0,15.817657005744492,1552,-4.999999999999671,0.0,0.0,0.0,0.004327062802297824
1020,0,max_steps,1,0,0,8.715957510189213,2500,,,0.6004189949793179,0.1,0.07867782562971115,3.3463587760925293,-21.978721618652344,282.24200439453125,0.0,13.715957510189217,1643,-4.999999999999671,0.0,0.0,0.0,0.003486383004075685
1030,0,max_steps,1,0,0,-23.20305974935313,2500,,,0.5974236457197061,0.1,0.07932824641466141,3.372319221496582,-21.978721618652344,283.2395324707031,0.0,-18.203059749353297,938,-4.999999999999671,0.0,0.0,0.0,-0.009281223899741252
1040,0,max_steps,1,1,0,519.3461086371476,2500,651.0,651.0,0.594443239553604,0.1,0.08105038851499557,3.238887310028076,-21.978721618652344,283.47705078125,500.0,24.344108637148963,1502,-4.997999999999672,0.0,0.0,0.0,0.20773844345485903
1050,0,max_steps,1,0,0,0.3256739224292868,2500,,,0.5914777019334302,0.1,0.08210689574480057,3.3490214347839355,-21.978721618652344,295.4410400390625,0.0,5.325673922429249,913,-4.999999999999671,0.0,0.0,0.0,0.0001302695689717147
1060,0,max_steps,1,0,0,-19.01455801024868,2500,,,0.5885269586835032,0.1,0.08536940813064575,3.395256996154785,-21.978721618652344,299.49163818359375,0.0,-14.014558010248717,1028,-4.999999999999671,0.0,0.0,0.0,-0.007605823204099473
1070,0,max_steps,1,0,0,-6.129151947449721,2500,,,0.5855909359981866,0.1,0.0840897262096405,3.302253246307373,-21.978721618652344,269.1358642578125,0.0,-1.1291519474497933,1289,-4.999999999999671,0.0,0.0,0.0,-0.0024516607789798884
1080,0,max_steps,1,0,0,-23.908944515294646,2500,,,0.582669560440043,0.1,0.08938664197921753,3.458465814590454,-21.978721618652344,298.70196533203125,0.0,-18.908944515294912,890,-4.999999999999671,0.0,0.0,0.0,-0.009563577806117858
1090,0,max_steps,1,0,0,8.947065247311919,2500,,,0.5797627589379976,0.1,0.08950237929821014,3.3683900833129883,-21.978721618652344,272.0310974121094,0.0,13.947065247311844,1249,-4.999999999999671,0.0,0.0,0.0,0.0035788260989247675
1100,0,max_steps,1,0,0,-8.821192285480755,2500,,,0.5768704587855094,0.1,0.09001583606004715,3.3727705478668213,-21.978721618652344,285.75567626953125,0.0,-3.8211922854809597,861,-4.999999999999671,0.0,0.0,0.0,-0.003528476914192302
1110,0,max_steps,1,0,0,1.6342619973299919,2500,,,0.5739925876387535,0.1,0.0886077955365181,3.3114609718322754,-21.978721618652344,265.7614440917969,0.0,6.634261997329806,1586,-4.999999999999671,0.0,0.0,0.0,0.0006537047989319968
1120,0,max_steps,1,0,0,-9.640986597952269,2500,,,0.5711290735148113,0.1,0.08752019703388214,3.2671773433685303,-17.29884910583496,265.1786193847656,0.0,-4.640986597952395,829,-4.999999999999671,0.0,0.0,0.0,-0.0038563946391809074
1130,0,crash,1,0,1,-135.029157259297,2150,,,0.5682798447898704,0.1,0.0873529464006424,3.295609712600708,-23.637510299682617,286.5283203125,0.0,-32.80145176726293,634,-4.2999999999997485,-17.92770549203405,-80.0,0.0,-0.06280425919037069
1140,0,max_steps,1,1,0,515.252876619788,2500,1766.0,1766.0,0.5654448301974317,0.1,0.08894563466310501,3.3372814655303955,-23.637510299682617,295.6342468261719,500.0,20.250876619786673,1277,-4.997999999999672,0.0,0.0,0.0,0.2061011506479152
1150,0,max_steps,1,0,0,5.9196774380357615,2500,,,0.5626239588265294,0.1,0.08844372630119324,3.316385269165039,-23.637510299682617,270.191162109375,0.0,10.91967743803571,1545,-4.999999999999671,0.0,0.0,0.0,0.0023678709752143045
1160,0,max_steps,1,0,0,-12.284770967283228,2500,,,0.5598171601199543,0.1,0.08741480857133865,3.2936885356903076,-23.637510299682617,286.18975830078125,0.0,-7.284770967283233,833,-4.999999999999671,0.0,0.0,0.0,-0.004913908386913291
1170,0,max_steps,1,0,0,-0.7465428264987485,2500,,,0.557024363872492,0.1,0.0891030877828598,3.341392755508423,-23.637510299682617,296.50177001953125,0.0,4.253457173501256,1690,-4.999999999999671,0.0,0.0,0.0,-0.0002986171305994994
1180,0,max_steps,1,0,0,-1.468967072159166,2500,,,0.5542455002291646,0.1,0.09048095345497131,3.30814790725708,-22.463298797607422,267.92236328125,0.0,3.5310329278408084,1088,-4.999999999999671,0.0,0.0,0.0,-0.0005875868288636665
1190,0,max_steps,1,1,0,525.0855927771681,2500,470.0,470.0,0.5514804996834843,0.1,0.09192540496587753,3.29787278175354,-22.463298797607422,291.8123779296875,500.0,30.083592777164792,1108,-4.997999999999672,0.0,0.0,0.0,0.21003423711086724
1200,0,max_steps,1,0,0,-8.209606756180367,2500,,,0.548729293075715,0.1,0.09337024390697479,3.380948305130005,-21.251296997070312,294.0108947753906,0.0,-3.209606756180552,765,-4.999999999999671,0.0,0.0,0.0,-0.0032838427024721468
1210,0,crash,1,1,1,311.03580019877404,2460,670.0,670.0,0.5459918115911422,0.1,0.09704270958900452,3.601226329803467,-21.251296997070312,300.2999267578125,500.0,-11.686392059265843,795,-4.91799999999968,-92.35980774195978,-80.0,0.0,0.1264373171539732
1220,0,max_steps,1,1,0,525.8070979857605,2500,2483.0,2483.0,0.5432679867583519,0.1,0.10043302923440933,3.7344398498535156,-21.962677001953125,315.335205078125,500.0,30.80509798576079,1981,-4.997999999999672,0.0,0.0,0.0,0.2103228391943042
1230,0,max_steps,1,1,0,518.541999837387,2500,1628.0,1628.0,0.5405577504475175,0.1,0.10528609901666641,3.9552876949310303,-21.962677001953125,332.1636962890625,500.0,23.53999983738763,1252,-4.997999999999672,0.0,0.0,0.0,0.20741679993495482
1240,0,max_steps,1,0,0,-5.998164647385712,2500,,,0.537861034868697,0.1,0.10421709716320038,3.927070379257202,-21.962677001953125,332.1636962890625,0.0,-0.9981646473856518,1171,-4.999999999999671,0.0,0.0,0.0,-0.0023992658589542847
1250,0,max_steps,1,0,0,14.346495792083065,2500,,,0.5351777725701358,0.1,0.1034603863954544,3.8615880012512207,-21.962677001953125,320.44476318359375,0.0,19.34649579208296,1638,-4.999999999999671,0.0,0.0,0.0,0.005738598316833226
1260,0,max_steps,1,0,0,11.431079016930305,2500,,,0.5325078964365801,0.1,0.10352566838264465,3.91304612159729,-21.251296997070312,334.6511535644531,0.0,16.431079016930227,1224,-4.999999999999671,0.0,0.0,0.0,0.004572431606772122
1270,0,max_steps,1,0,0,-4.502492669817898,2500,,,0.5298513396875991,0.1,0.10323254019021988,3.845496416091919,-21.54452896118164,321.8429260253906,0.0,0.4975073301818893,1174,-4.999999999999671,0.0,0.0,0.0,-0.0018009970679271593
1280,0,max_steps,1,1,0,542.6643715624566,2500,1911.0,1911.0,0.5272080358759129,0.1,0.10421320796012878,3.9109017848968506,-21.54452896118164,342.47296142578125,500.0,47.662371562455604,1406,-4.997999999999672,0.0,0.0,0.0,0.21706574862498265
1290,0,max_steps,1,0,0,-0.7229384249750507,2500,,,0.5245779188857322,0.1,0.10311411321163177,3.8667962551116943,-21.54452896118164,320.16436767578125,0.0,4.277061575024921,1381,-4.999999999999671,0.0,0.0,0.0,-0.00028917536999002025
1300,0,max_steps,1,0,0,-9.157142348985245,2500,,,0.5219609229311034,0.1,0.10619312524795532,3.9280261993408203,-21.54452896118164,325.0599060058594,0.0,-4.157142348985316,1045,-4.999999999999671,0.0,0.0,0.0,-0.0036628569395940978
1310,0,max_steps,1,0,0,-3.336256549253801,2500,,,0.5193569825542639,0.1,0.10730405896902084,3.8848366737365723,-25.830568313598633,329.9761962890625,0.0,1.6637434507459035,1195,-4.999999999999671,0.0,0.0,0.0,-0.0013345026197015206
1320,0,max_steps,1,1,0,502.81604296742256,2500,1743.0,1743.0,0.5167660326240043,0.1,0.1124834418296814,4.0967230796813965,-25.830568313598633,343.72998046875,500.0,32.40401874496611,1385,-4.997999999999672,-24.589975777543895,0.0,0.0,0.20112641718696903
1330,0,crash,1,0,1,-129.14909758098415,1647,,,0.5141880083340395,0.1,0.1135975643992424,4.133425712585449,-25.207347869873047,345.37060546875,0.0,-33.21811005810436,381,-3.293999999999859,-12.636987522879673,-80.0,0.0,-0.07841475262962
1340,0,max_steps,1,1,0,515.4880695232478,2500,1261.0,1261.0,0.511622845201388,0.1,0.11650128662586212,4.1613945960998535,-24.767322540283203,328.65350341796875,500.0,20.486069523247412,1660,-4.997999999999672,0.0,0.0,0.0,0.2061952278092991
1350,0,max_steps,1,0,0,10.659449878660457,2500,,,0.5090704790647583,0.1,0.11536950618028641,4.172288417816162,-24.767322540283203,345.75531005859375,0.0,15.659449878660364,921,-4.999999999999671,0.0,0.0,0.0,0.004263779951464183
1360,0,max_steps,1,0,0,-8.779642433874841,2500,,,0.5065308460829445,0.1,0.1133870929479599,4.0632734298706055,-24.767322540283203,327.8646545410156,0.0,-3.7796424338749457,894,-4.999999999999671,0.0,0.0,0.0,-0.0035118569735499362
1370,0,max_steps,1,0,0,5.21423262196118,2500,,,0.50400388273323,0.1,0.11619039624929428,4.101399898529053,-24.767322540283203,331.01922607421875,0.0,10.214232621961038,1698,-4.999999999999671,0.0,0.0,0.0,0.002085693048784472
1380,0,max_steps,1,0,0,6.648037131445305,2500,,,0.5014895258097978,0.1,0.11411277949810028,4.075477600097656,-24.767322540283203,331.01922607421875,0.0,11.648037131445294,1168,-4.999999999999671,0.0,0.0,0.0,0.002659214852578122
1390,0,crash,1,0,1,-101.37509280181533,1817,,,0.49898771242214973,0.1,0.11397439986467361,4.006104946136475,-28.069705963134766,319.5737609863281,0.0,-11.406729262288865,720,-3.6339999999998214,-6.334363539526517,-80.0,0.0,-0.055792566209034306
1400,0,max_steps,1,1,0,502.5668056538849,2500,635.0,635.0,0.49649837999353363,0.1,0.11679497361183167,3.939173460006714,-28.069705963134766,305.2404479980469,500.0,7.564805653885459,1508,-4.997999999999672,0.0,0.0,0.0,0.20102672226155396
1410,0,max_steps,1,1,0,532.8662314173035,2500,1572.0,1572.0,0.49402146625937815,0.1,0.11729534715414047,3.957101345062256,-28.069705963134766,323.769287109375,500.0,37.864231417304474,1749,-4.997999999999672,0.0,0.0,0.0,0.21314649256692142
1420,0,max_steps,1,0,0,22.40958795194754,2500,,,0.49155690926573503,0.1,0.11992186307907104,3.938408374786377,-28.099227905273438,305.08758544921875,0.0,27.4095879519478,1117,-4.999999999999671,0.0,0.0,0.0,0.008963835180779017
1430,0,crash,1,0,1,-133.5574845625193,2102,,,0.48910464736773,0.1,0.12048448622226715,3.964418411254883,-28.099227905273438,318.475341796875,0.0,-30.034370008945544,668,-4.203999999999759,-19.319114553573808,-80.0,0.0,-0.06353828951594638
1440,0,max_steps,1,1,0,454.0606830186782,2500,717.0,717.0,0.4866646192280205,0.1,0.1219051331281662,3.9732236862182617,-27.533344268798828,329.55804443359375,500.0,-1.7970785066628228,985,-4.997999999999672,-39.1442384746598,0.0,0.0,0.1816242732074713
1450,0,crash,1,0,1,-125.88365372384607,1742,,,0.4842367638152614,0.1,0.12061803042888641,3.9470319747924805,-27.533344268798828,301.370849609375,0.0,-26.69953409216749,601,-3.483999999999838,-15.70011963167853,-80.0,0.0,-0.07226386551311485
1460,0,success,1,2,0,1048.737187244686,2453,1226.5,1226.5,0.48182102040257857,0.1,0.12402965873479843,4.1103997230529785,-27.533344268798828,331.9960632324219,1000.0,53.63918724468588,1621,-4.901999999999682,0.0,0.0,0.0,0.4275324856276747
1470,0,max_steps,1,1,0,527.7555650639255,2500,1284.0,1284.0,0.4794173285660503,0.1,0.12551872432231903,4.07375955581665,-27.533344268798828,324.0360107421875,500.0,32.75356506392452,1845,-4.997999999999672,0.0,0.0,0.0,0.2111022260255702
1480,0,max_steps,1,0,0,14.706181057804569,2500,,,0.4770256281831953,0.1,0.13060177862644196,4.1102070808410645,-27.533344268798828,327.34613037109375,0.0,19.706181057804493,1302,-4.999999999999671,0.0,0.0,0.0,0.005882472423121827
1490,0,crash,1,0,1,-125.774457052307,2459,,,0.47464585943146953,0.1,0.12695452570915222,3.9922032356262207,-27.533344268798828,303.9195556640625,0.0,-26.780883414993948,1067,-4.91799999999968,-14.075573637313253,-80.0,0.0,-0.051148620192072794
1500,0,max_steps,1,0,0,10.73091186610144,2500,,,0.4722779627867691,0.1,0.12836317718029022,3.9858996868133545,-25.95528793334961,312.2505798339844,0.0,15.730911866101374,951,-4.999999999999671,0.0,0.0,0.0,0.004292364746440576
1510,0,max_steps,1,1,0,571.4989009380325,2500,565.0,565.0,0.4699218790219424,0.1,0.12842701375484467,3.9850754737854004,-26.04595184326172,326.7505798339844,500.0,76.49690093803198,1669,-4.997999999999672,0.0,0.0,0.0,0.228599560375213
1520,0,max_steps,1,0,0,4.8150214960802975,2500,,,0.4675775492053078,0.1,0.12891453504562378,3.970749855041504,-27.345975875854492,310.16827392578125,0.0,9.81502149608026,1212,-4.999999999999671,0.0,0.0,0.0,0.001926008598432119
1530,0,max_steps,1,0,0,3.8450889154437733,2500,,,0.46524491469918006,0.1,0.12735196948051453,3.7996349334716797,-27.345975875854492,277.7145080566406,0.0,8.845088915443636,1005,-4.999999999999671,0.0,0.0,0.0,0.0015380355661775093
1540,0,max_steps,1,0,0,11.486698366903724,2500,,,0.4629239171584037,0.1,0.1257525384426117,3.728890895843506,-25.95528793334961,272.1976623535156,0.0,16.4866983669037,1225,-4.999999999999671,0.0,0.0,0.0,0.004594679346761489
1550,0,max_steps,1,0,0,12.488339067885063,2500,,,0.46061449852889347,0.1,0.12653732299804688,3.811824083328247,-28.68230438232422,297.8369140625,0.0,26.354547671904292,1260,-4.999999999999671,-8.866208604019212,0.0,0.0,0.004995335627154025
1560,0,max_steps,1,1,0,505.5614054384965,2500,1996.0,1996.0,0.4583166010461821,0.1,0.12664549052715302,3.7796518802642822,-29.263242721557617,296.47259521484375,500.0,10.559405438496496,1133,-4.997999999999672,0.0,0.0,0.0,0.20222456217539858
1570,0,max_steps,1,0,0,-0.07855600748054127,2500,,,0.45603016723397605,0.1,0.12840361893177032,3.915628433227539,-33.475502014160156,311.8446044921875,0.0,4.921443992519411,1655,-4.999999999999671,0.0,0.0,0.0,-3.1422402992216507e-05
1580,0,max_steps,1,0,0,-16.971739083897962,2500,,,0.4537551399027171,0.1,0.12941816449165344,4.006481170654297,-33.475502014160156,325.17303466796875,0.0,-11.971739083897958,801,-4.999999999999671,0.0,0.0,0.0,-0.006788695633559185
1590,0,max_steps,1,0,0,-0.3731551140518379,2500,,,0.45149146214815256,0.1,0.1303854137659073,3.996955394744873,-33.475502014160156,317.5717468261719,0.0,4.626844885948161,1519,-4.999999999999671,0.0,0.0,0.0,-0.00014926204562073516
1600,0,max_steps,1,1,0,524.5921383264487,2500,1016.0,1016.0,0.44923907734991153,0.1,0.1293613612651825,3.9647164344787598,-28.85399055480957,294.3074951171875,500.0,59.86114206321835,1809,-4.997999999999672,-30.271003736770087,0.0,0.0,0.20983685533057947
1610,0,max_steps,1,0,0,-99.62635787196224,2500,,,0.4469979291700889,0.1,0.12986665964126587,3.9587690830230713,-28.811012268066406,295.1610412597656,0.0,-25.4491468145407,827,-4.999999999999671,-69.17721105742145,0.0,0.0,-0.039850543148784896
1620,0,max_steps,1,0,0,15.83630858770612,2500,,,0.44476796155183623,0.1,0.13407117128372192,4.087702751159668,-29.55531883239746,301.54364013671875,0.0,20.83630858770612,1104,-4.999999999999671,0.0,0.0,0.0,0.006334523435082447
1630,0,max_steps,1,0,0,15.475093611507424,2500,,,0.4425491187179594,0.1,0.13442914187908173,4.118566989898682,-31.291414260864258,302.8934020996094,0.0,20.47509361150747,1067,-4.999999999999671,0.0,0.0,0.0,0.00619003744460297
1640,0,max_steps,1,0,0,-11.648550266400095,2500,,,0.4403413451695236,0.1,0.13553616404533386,4.147639274597168,-31.291414260864258,319.807373046875,0.0,-6.648550266399882,1351,-4.999999999999671,0.0,0.0,0.0,-0.004659420106560038
1650,0,max_steps,1,1,0,506.6921888845009,2500,1327.0,1327.0,0.4381445856844652,0.1,0.13670112192630768,4.236180782318115,-31.311336517333984,327.2487487792969,500.0,11.690188884499076,1313,-4.997999999999672,0.0,0.0,0.0,0.20267687555380037
1660,0,max_steps,1,0,0,15.476888604480486,2500,,,0.43595878531621046,0.1,0.1383388638496399,4.302582740783691,-31.291414260864258,328.0436096191406,0.0,20.476888604480614,1515,-4.999999999999671,0.0,0.0,0.0,0.006190755441792194
1670,0,max_steps,1,1,0,521.6260330711992,2500,221.0,221.0,0.4337838893923013,0.1,0.14116136729717255,4.406786918640137,-31.291414260864258,322.599853515625,500.0,26.624033071199456,1339,-4.997999999999672,0.0,0.0,0.0,0.2086504132284797
1680,0,max_steps,1,0,0,3.586285930479834,2500,,,0.43161984351302723,0.1,0.14070305228233337,4.411848545074463,-31.291414260864258,337.5450439453125,0.0,8.586285930479924,1293,-4.999999999999671,0.0,0.0,0.0,0.0014345143721919335
1690,0,crash,1,0,1,-92.30305663672591,1933,,,0.4294665935500658,0.1,0.1419321894645691,4.483395576477051,-32.51531982421875,342.160888671875,0.0,1.3052529911179476,929,-3.865999999999796,-9.742309627843943,-80.0,0.0,-0.04775119329370197
1700,0,crash,1,0,1,-186.21057657579223,2437,,,0.4273240856451275,0.1,0.14242039620876312,4.52854585647583,-32.51531982421875,345.3977355957031,0.0,-34.21338882735593,526,-4.873999999999685,-67.1231877484363,-80.0,0.0,-0.07640975649396481
1710,0,max_steps,1,1,0,505.8023585919327,2500,2320.0,2320.0,0.42519226620860967,0.1,0.14107370376586914,4.5345940589904785,-32.381752014160156,347.45477294921875,500.0,10.800358591932554,1779,-4.997999999999672,0.0,0.0,0.0,0.2023209434367731
1720,0,crash,1,0,1,-190.54071303889347,2361,,,0.423071081918255,0.1,0.14148323237895966,4.4910197257995605,-33.61050033569336,333.77288818359375,0.0,-15.288114028873851,873,-4.721999999999702,-90.53059901001954,-80.0,0.0,-0.08070339391736275
1730,0,max_steps,1,1,0,529.6921948593659,2500,2087.0,2087.0,0.4209604797178188,0.1,0.14137756824493408,4.493569850921631,-33.61050033569336,340.5339050292969,500.0,34.69019485936658,1509,-4.997999999999672,0.0,0.0,0.0,0.21187687794374638
1740,0,max_steps,1,0,0,0.15691592355997555,2500,,,0.4188604068157413,0.1,0.14220066368579865,4.548946380615234,-33.61050033569336,343.4921875,0.0,5.156915923559922,1132,-4.999999999999671,0.0,0.0,0.0,6.276636942399022e-05
1750,0,crash,1,0,1,-122.95973906893079,1114,,,0.41677081068382765,0.1,0.14022046327590942,4.440848350524902,-33.77685546875,322.04278564453125,0.0,-33.79109964492983,247,-2.227999999999976,-6.940639424000937,-80.0,0.0,-0.11037678551968652
1760,0,max_steps,1,0,0,14.483885878585811,2500,,,0.4146916390559336,0.1,0.140630304813385,4.463418006896973,-33.77685546875,339.67193603515625,0.0,40.24805886532337,1176,-4.999999999999671,-20.76417298673731,0.0,0.0,0.005793554351434325
1770,0,crash,1,0,1,-154.1874128702489,2418,,,0.41262283992665844,0.1,0.14321473240852356,4.502761363983154,-34.679481506347656,334.2827453613281,0.0,-27.991052423637722,1034,-4.835999999999689,-41.3603604466113,-80.0,0.0,-0.06376650656337837
1780,0,max_steps,1,0,0,3.2714672004458616,2500,,,0.4105643615500444,0.1,0.1469564586877823,4.649842262268066,-34.679481506347656,359.5421142578125,0.0,8.271467200445695,1247,-4.999999999999671,0.0,0.0,0.0,0.0013085868801783447
1790,0,crash,1,0,1,-129.18758988184652,2260,,,0.4085161524382818,0.1,0.14707843959331512,4.628848552703857,-34.679481506347656,348.5400390625,0.0,-36.047279818463714,648,-4.519999999999724,-8.62031006338293,-80.0,0.0,-0.05716265039019758
1800,0,max_steps,1,0,0,-9.334406020225806,2500,,,0.406478161360422,0.1,0.14752916991710663,4.663672924041748,-33.00456619262695,352.8907165527344,0.0,-4.334406020225941,809,-4.999999999999671,0.0,0.0,0.0,-0.0037337624080903227
1810,0,crash,1,0,1,-122.07664361440527,1381,,,0.40445033734109476,0.1,0.14724481105804443,4.672245502471924,-33.00456619262695,342.6759948730469,0.0,-33.757944911176615,339,-2.7619999999999174,-5.5566987032287125,-80.0,0.0,-0.088397279952502
1820,0,crash,1,0,1,-125.54448254674236,874,,,0.4024326296592347,0.1,0.14798462390899658,4.657069683074951,-35.6268196105957,349.2695007324219,0.0,-36.70328781886736,154,-1.7480000000000013,-7.093194727875173,-80.0,0.0,-0.1436435727079432
1830,0,max_steps,1,1,0,528.1082899773779,2500,2500.0,2500.0,0.4004249878468118,0.1,0.14816129207611084,4.672349452972412,-35.6268196105957,355.22216796875,500.0,33.1062899773779,1168,-4.997999999999672,0.0,0.0,0.0,0.21124331599095117
1840,0,max_steps,1,0,0,-6.1818522884205995,2500,,,0.39842736168756887,0.1,0.1505010724067688,4.7522759437561035,-35.6268196105957,351.6585693359375,0.0,-1.1818522884207012,649,-4.999999999999671,0.0,0.0,0.0,-0.0024727409153682397
1850,0,max_steps,1,0,0,-20.449049612089333,2500,,,0.396439701215766,0.1,0.14918676018714905,4.671477794647217,-35.6268196105957,341.5225524902344,0.0,-15.449049612089157,571,-4.999999999999671,0.0,0.0,0.0,-0.008179619844835733
1860,0,crash,1,1,1,380.20471227672306,2051,969.0,969.0,0.3944619567149307,0.1,0.1517866849899292,4.763010025024414,-36.993709564208984,352.95355224609375,500.0,-27.802785257052182,720,-4.0999999999997705,-7.892502466223878,-80.0,0.0,0.1853752863367738
1870,0,max_steps,1,0,0,-1.4668821024600773,2500,,,0.3924940787166141,0.1,0.1491745114326477,4.626864433288574,-36.993709564208984,342.559814453125,0.0,3.5331178975399165,1707,-4.999999999999671,0.0,0.0,0.0,-0.000586752840984031
1880,0,crash,1,1,1,413.68355165049724,2412,463.0,463.0,0.39053601799915405,0.1,0.1492096185684204,4.613595485687256,-38.134822845458984,341.877197265625,500.0,8.16076994500737,1414,-4.821999999999691,-9.655218294509396,-80.0,0.0,0.17151059355327414
1890,0,max_steps,1,1,0,529.9515367885468,2500,429.0,429.0,0.3885877255864434,0.1,0.15040315687656403,4.637948989868164,-35.74589157104492,358.5111083984375,500.0,34.949536788546375,1824,-4.997999999999672,0.0,0.0,0.0,0.21198061471541874
1900,0,max_steps,1,0,0,-18.45007388122531,2500,,,0.3866491527467055,0.1,0.1524907797574997,4.5426788330078125,-35.74589157104492,313.888916015625,0.0,-13.450073881225318,808,-4.999999999999671,0.0,0.0,0.0,-0.007380029552490125
1910,0,max_steps,1,0,0,-3.3297370657771284,2500,,,0.384720250991275,0.1,0.1514323204755783,4.481916427612305,-35.74589157104492,307.40191650390625,0.0,1.670262934222495,1527,-4.999999999999671,0.0,0.0,0.0,-0.0013318948263108513
1920,0,success,1,2,0,1044.7523415263913,1779,889.5,889.5,0.3828009720733851,0.1,0.15394489467144012,4.582292079925537,-39.90177536010742,330.1136169433594,1000.0,48.30634152639067,1278,-3.55399999999983,0.0,0.0,0.0,0.5872694443655938
1930,0,success,1,2,0,1027.034634246992,646,323.0,323.0,0.3808912679869608,0.1,0.15531301498413086,4.634878158569336,-40.481788635253906,335.30322265625,1000.0,28.32263424699264,519,-1.288000000000001,0.0,0.0,0.0,1.5898368951191828
1940,0,crash,1,1,1,436.99947979815306,2494,2412.0,2412.0,0.3789910909654182,0.1,0.15677888691425323,4.587378978729248,-40.481788635253906,309.1669921875,500.0,26.27982465408698,1205,-4.985999999999673,-4.294344855933775,-80.0,0.0,0.17522032068891463
1950,0,max_steps,1,1,0,508.45484793614844,2500,629.0,629.0,0.3771003934804696,0.1,0.1621447652578354,4.756094932556152,-40.481788635253906,331.4427795410156,500.0,13.452847936147512,1232,-4.997999999999672,0.0,0.0,0.0,0.20338193917445938
1960,0,max_steps,1,1,0,515.5486031220437,2500,1984.0,1984.0,0.3752191282409347,0.1,0.1648835837841034,4.859375476837158,-38.39215850830078,338.5962219238281,500.0,20.546603122043294,1268,-4.997999999999672,0.0,0.0,0.0,0.20621944124881747
1970,0,max_steps,1,0,0,-16.178259408496555,2500,,,0.3733472481915578,0.1,0.16554172337055206,4.893753528594971,-38.39215850830078,341.83642578125,0.0,-11.178259408496473,990,-4.999999999999671,0.0,0.0,0.0,-0.0064713037633986215
1980,0,max_steps,1,1,0,529.2127729017393,2500,2311.0,2311.0,0.37148470651183096,0.1,0.16920721530914307,4.949706077575684,-38.39215850830078,353.7514953613281,500.0,34.21077290173893,1489,-4.997999999999672,0.0,0.0,0.0,0.21168510916069572
1990,0,max_steps,1,0,0,13.867521727838739,2500,,,0.36963145661482244,0.1,0.17119069397449493,5.007663726806641,-39.84196090698242,352.45806884765625,0.0,18.867521727838607,1316,-4.999999999999671,0.0,0.0,0.0,0.005547008691135495
2000,0,max_steps,1,0,0,1.3965990815393836,2500,,,0.3677874521460121,0.1,0.17244836688041687,5.052960395812988,-39.84196090698242,348.8094482421875,0.0,6.39659908153949,1455,-4.999999999999671,0.0,0.0,0.0,0.0005586396326157535
2010,0,max_steps,1,1,0,511.5769946866658,2500,1685.0,1685.0,0.3659526469821314,0.1,0.17475201189517975,5.086872100830078,-39.84196090698242,355.8359375,500.0,16.574994686666585,1267,-4.997999999999672,0.0,0.0,0.0,0.20463079787466631
2020,0,max_steps,1,0,0,-5.546818827279604,2500,,,0.36412699523001,0.1,0.17384617030620575,5.087811470031738,-39.84196090698242,351.7120666503906,0.0,-0.5468188272797062,957,-4.999999999999671,0.0,0.0,0.0,-0.0022187275309118416
2030,0,max_steps,1,1,0,533.376567980657,2500,1003.0,1003.0,0.36231045122542793,0.1,0.17334645986557007,5.026577472686768,-39.84196090698242,355.1525573730469,500.0,38.37456798065814,1384,-4.997999999999672,0.0,0.0,0.0,0.2133506271922628
2040,0,max_steps,1,0,0,-17.0174822063657,2500,,,0.3605029695319729,0.1,0.17074543237686157,4.939719200134277,-39.84196090698242,334.34918212890625,0.0,-12.017482206365601,1164,-4.999999999999671,0.0,0.0,0.0,-0.0068069928825462795
2050,0,max_steps,1,0,0,11.293028233571805,2500,,,0.3587045049399047,0.1,0.17071641981601715,4.941172122955322,-41.458946228027344,331.3343505859375,0.0,16.293028233571825,1029,-4.999999999999671,0.0,0.0,0.0,0.0045172112934287224
2060,0,max_steps,1,0,0,-7.006746724186509,2500,,,0.35691501246502344,0.1,0.17121899127960205,4.964545726776123,-40.725555419921875,350.1499328613281,0.0,-2.0067467241867774,1073,-4.999999999999671,0.0,0.0,0.0,-0.0028026986896746036
2070,0,max_steps,1,0,0,6.45620204011022,2500,,,0.3551344473475453,0.1,0.17436517775058746,5.050474166870117,-43.76646041870117,360.84783935546875,0.0,11.456202040110101,1323,-4.999999999999671,0.0,0.0,0.0,0.002582480816044088
2080,0,max_steps,1,0,0,16.932009570316552,2500,,,0.3533627650509821,0.1,0.1743062436580658,4.889129638671875,-43.76646041870117,320.6639404296875,0.0,21.932009570316527,1492,-4.999999999999671,0.0,0.0,0.0,0.006772803828126621
2090,0,max_steps,1,0,0,-6.215816808359288,2500,,,0.3515999212610278,0.1,0.17558543384075165,4.975831508636475,-43.76646041870117,327.5447692871094,0.0,-1.2158168083595782,1135,-4.999999999999671,0.0,0.0,0.0,-0.0024863267233437153
2100,0,max_steps,1,0,0,13.497773126987559,2500,,,0.34984587188445015,0.1,0.1771726906299591,4.904728889465332,-43.76646041870117,311.10198974609375,0.0,18.49777312698773,1128,-4.999999999999671,0.0,0.0,0.0,0.005399109250795024
2110,0,max_steps,1,0,0,6.570727689650405,2500,,,0.34810057304798775,0.1,0.17717711627483368,4.928339004516602,-43.76646041870117,306.14312744140625,0.0,11.570727689650422,999,-4.999999999999671,0.0,0.0,0.0,0.002628291075860162
2120,0,max_steps,1,1,0,505.23312811734894,2500,1956.0,1956.0,0.3463639810972523,0.1,0.18034620583057404,5.047285079956055,-43.76646041870117,333.5617980957031,500.0,17.40295370581783,1081,-4.997999999999672,-7.171825588468382,0.0,0.0,0.20209325124693958
2130,0,crash,1,0,1,-114.83544462730711,1496,,,0.3446360525956371,0.1,0.18091519176959991,5.07499361038208,-43.76646041870117,345.7637939453125,0.0,-22.201100426845162,163,-2.991999999999892,-9.64234420046203,-80.0,0.0,-0.07676166084713042
2140,0,max_steps,1,0,0,-19.81595133160995,2500,,,0.3429167443232307,0.1,0.1804712563753128,5.105307102203369,-43.87918472290039,342.22564697265625,0.0,-14.815951331609776,880,-4.999999999999671,0.0,0.0,0.0,-0.00792638053264398
2150,0,max_steps,1,0,0,-0.14348293437140666,2500,,,0.34120601327573535,0.1,0.18485018610954285,5.238844871520996,-45.44876480102539,354.6725158691406,0.0,4.8565170656283945,1169,-4.999999999999671,0.0,0.0,0.0,-5.739317374856267e-05
2160,0,max_steps,1,0,0,22.185255186359246,2500,,,0.3395038166633917,0.1,0.19048041105270386,5.3533430099487305,-45.67387771606445,347.86798095703125,0.0,27.18525518635923,1146,-4.999999999999671,0.0,0.0,0.0,0.008874102074543698
2170,0,max_steps,1,0,0,23.732312246381944,2500,,,0.3378101119099084,0.1,0.1922716349363327,5.397826194763184,-45.67387771606445,348.26806640625,0.0,28.732312246381984,1442,-4.999999999999671,0.0,0.0,0.0,0.009492924898552777
2180,0,max_steps,1,0,0,10.694536912184669,2500,,,0.33612485665139746,0.1,0.18971656262874603,5.279891490936279,-44.262638092041016,327.68255615234375,0.0,15.6945369121848,1072,-4.999999999999671,0.0,0.0,0.0,0.004277814764873868
2190,0,max_steps,1,0,0,-7.630057927397527,2500,,,0.3344480087353141,0.1,0.19083808362483978,5.341400146484375,-44.262638092041016,350.5593566894531,0.0,-2.630057927397808,1037,-4.999999999999671,0.0,0.0,0.0,-0.0030520231709590105
2200,0,max_steps,1,0,0,-6.119370875508506,2500,,,0.3327795262194029,0.1,0.19247733056545258,5.385159015655518,-44.262638092041016,328.1684875488281,0.0,-1.1193708755085696,1394,-4.999999999999671,0.0,0.0,0.0,-0.0024477483502034023
2210,0,max_steps,1,0,0,-118.73463484809679,2500,,,0.33111936737064823,0.1,0.19217492640018463,5.339317798614502,-43.73044967651367,322.03057861328125,0.0,-29.21502962915323,1107,-4.999999999999671,-84.5196052189432,0.0,0.0,-0.04749385393923872
2220,0,max_steps,1,0,0,-5.854239399258494,2500,,,0.3294674906642309,0.1,0.19269254803657532,5.3113789558410645,-43.73044967651367,324.2138977050781,0.0,-0.8542393992586089,595,-4.999999999999671,0.0,0.0,0.0,-0.0023416957597033974
2230,0,crash,1,0,1,-174.47914775579864,1761,,,0.3278238547824892,0.1,0.19336895644664764,5.356658935546875,-43.140621185302734,311.9751281738281,0.0,-4.899863910367361,944,-3.5219999999998337,-86.05728384543129,-80.0,0.0,-0.0990795841884149
2240,0,crash,1,1,1,416.0766479363535,1790,1163.0,1163.0,0.3261884186138854,0.1,0.1926344782114029,5.342812538146973,-43.09519958496094,337.02838134765625,500.0,9.930196844302932,763,-3.5779999999998275,-10.275548907948407,-80.0,0.0,0.23244505471304663
2250,0,max_steps,1,0,0,15.772463358410045,2500,,,0.3245611412519779,0.1,0.19351376593112946,5.3728108406066895,-43.09519958496094,356.34576416015625,0.0,20.772463358409958,1332,-4.999999999999671,0.0,0.0,0.0,0.006308985343364018
2260,0,max_steps,1,0,0,0.5582178255594676,2500,,,0.3229419819943975,0.1,0.1920429766178131,5.302311897277832,-43.09519958496094,331.13409423828125,0.0,5.558217825559367,1121,-4.999999999999671,0.0,0.0,0.0,0.00022328713022378707
2270,0,max_steps,1,0,0,21.3316547045852,2500,,,0.3213309003418295,0.1,0.1930946707725525,5.3462815284729,-46.78069305419922,335.1121520996094,0.0,26.331654704585137,1045,-4.999999999999671,0.0,0.0,0.0,0.00853266188183408
2280,0,crash,1,0,1,-120.25049672113579,2018,,,0.31972785599700076,0.1,0.19640684127807617,5.390199661254883,-46.78069305419922,328.8367004394531,0.0,-30.68193193558578,549,-4.0359999999997775,-5.532564785550126,-80.0,0.0,-0.05958894783009702
2290,0,max_steps,1,0,0,19.614920282259142,2500,,,0.3181328088636719,0.1,0.19875942170619965,5.436024188995361,-46.9606819152832,343.4799499511719,0.0,24.614920282259142,1204,-4.999999999999671,0.0,0.0,0.0,0.007845968112903657
2300,0,crash,1,0,1,-112.76458742182149,2076,,,0.31654571904563433,0.1,0.19871152937412262,5.448004245758057,-46.9606819152832,348.5331726074219,0.0,-22.62713904164392,663,-4.151999999999765,-5.985448380177549,-80.0,0.0,-0.054318202033632704
2310,0,max_steps,1,0,0,5.251556529578101,2500,,,0.31496654684571196,0.1,0.19987522065639496,5.454990863800049,-49.63845443725586,346.74951171875,0.0,10.251556529577881,1291,-4.999999999999671,0.0,0.0,0.0,0.0021006226118312405
2320,0,max_steps,1,0,0,4.570051884537871,2500,,,0.3133952527647689,0.1,0.20474271476268768,5.582503795623779,-49.63845443725586,352.44427490234375,0.0,9.57005188453778,1075,-4.999999999999671,0.0,0.0,0.0,0.0018280207538151484
2330,0,max_steps,1,0,0,34.41818471701948,2500,,,0.3118317975007209,0.1,0.20520959794521332,5.632874965667725,-49.63845443725586,366.211181640625,0.0,39.41818471701948,1344,-4.999999999999671,0.0,0.0,0.0,0.013767273886807792
2340,0,max_steps,1,0,0,1.514946935965016,2500,,,0.3102761419475527,0.1,0.20692326128482819,5.669770240783691,-49.63845443725586,362.3123779296875,0.0,6.514946935964955,1251,-4.999999999999671,0.0,0.0,0.0,0.0006059787743860065
2350,0,crash,1,1,1,415.3586366194056,1505,493.0,493.0,0.30872824719433983,0.1,0.20745398104190826,5.744204521179199,-49.63845443725586,382.46990966796875,500.0,20.438220324257916,812,-3.0079999999998903,-22.071583704852536,-80.0,0.0,0.27598580506272796
2360,0,max_steps,1,0,0,13.359031701779994,2500,,,0.3071880745242752,0.1,0.21121135354042053,5.719991683959961,-49.330665588378906,359.767822265625,0.0,18.359031701779937,1526,-4.999999999999671,0.0,0.0,0.0,0.005343612680711997
2370,0,success,1,2,0,1054.4832760619447,2270,1135.0,1135.0,0.3056555854137008,0.1,0.21748779714107513,5.8807268142700195,-49.330665588378906,396.01910400390625,1000.0,59.01927606194538,1222,-4.5359999999997225,0.0,0.0,0.0,0.46453007756032805
2380,0,crash,1,0,1,-111.18032971189871,1868,,,0.30413074153114394,0.1,0.21509961783885956,5.8155694007873535,-46.88804626464844,363.0050964355469,0.0,-21.69567350328752,709,-3.73599999999981,-5.748656208611028,-80.0,0.0,-0.05951837779009567
2390,0,max_steps,1,1,0,520.0155321818287,2500,2317.0,2317.0,0.30261350473635873,0.1,0.22000467777252197,5.932455062866211,-46.88804626464844,383.1215515136719,500.0,25.01353218182866,1211,-4.997999999999672,0.0,0.0,0.0,0.20800621287273147
2400,0,max_steps,1,0,0,-5.470171522999686,2500,,,0.3011038370793723,0.1,0.22697682678699493,6.117805004119873,-46.88804626464844,423.9537353515625,0.0,-0.47017152300000964,1223,-4.999999999999671,0.0,0.0,0.0,-0.002188068609199874
2410,0,max_steps,1,0,0,4.437891392535633,2500,,,0.2996017007995348,0.1,0.22560086846351624,6.021451950073242,-46.88804626464844,370.3270263671875,0.0,9.437891392535429,1197,-4.999999999999671,0.0,0.0,0.0,0.0017751565570142533
2420,0,success,1,2,0,1055.4208106704089,934,467.0,467.0,0.29810705832457574,0.1,0.22896911203861237,6.116830348968506,-45.09953689575195,380.6839599609375,1000.0,57.28481067040969,694,-1.8640000000000014,0.0,0.0,0.0,1.1300008679554698
2430,0,crash,1,0,1,-126.54792359296627,2318,,,0.2966198722696636,0.1,0.23066489398479462,6.177445888519287,-45.69796371459961,401.390869140625,0.0,-31.76987874903224,754,-4.6359999999997115,-10.142044843934018,-80.0,0.0,-0.054593582223022546
2440,0,max_steps,1,0,0,7.243411331623336,2500,,,0.29514010543647123,0.1,0.23040740191936493,6.127460956573486,-47.78078079223633,374.291015625,0.0,12.243411331623264,1263,-4.999999999999671,0.0,0.0,0.0,0.0028973645326493343
2450,0,crash,1,0,1,-125.86969314312921,904,,,0.29366772081224507,0.1,0.22975589334964752,6.1451215744018555,-50.6492919921875,373.3659973144531,0.0,-35.91615544832876,94,-1.8080000000000014,-8.14553769480049,-80.0,0.0,-0.13923638622027568
2460,0,crash,1,0,1,-82.30378207880845,1317,,,0.2922026815688794,0.1,0.2313867062330246,6.145641326904297,-50.6492919921875,371.5406188964844,0.0,7.434414347935658,701,-2.6339999999999315,-7.104196426744121,-80.0,0.0,-0.06249338046986215
2470,0,max_steps,1,1,0,526.9366809485166,2500,1026.0,1026.0,0.2907449510619955,0.1,0.23019830882549286,6.144397258758545,-50.6492919921875,384.133056640625,500.0,31.93468094851444,1429,-4.997999999999672,0.0,0.0,0.0,0.21077467237940664
2480,0,crash,1,0,1,-128.38797171296642,1099,,,0.2892944928300246,0.1,0.2299932837486267,6.166236400604248,-50.823246002197266,383.3196105957031,0.0,-38.09112478737386,2,-2.1979999999999795,-8.098846925592506,-80.0,0.0,-0.11682254023017873
2490,0,max_steps,1,1,0,541.3846382040176,2500,556.0,556.0,0.28785127059329624,0.1,0.23489461839199066,6.28090763092041,-50.823246002197266,403.5773620605469,500.0,46.38263820401655,1440,-4.997999999999672,0.0,0.0,0.0,0.21655385528160706
2500,0,crash,1,0,1,-105.22068781087901,939,,,0.28641524825313086,0.1,0.23692061007022858,6.272403717041016,-50.823246002197266,390.2037353515625,0.0,-20.186113183174996,299,-1.8780000000000014,-3.156574627704045,-80.0,0.0,-0.11205611055471673
2510,0,crash,1,0,1,-104.2822590593928,1271,,,0.28498638989093644,0.1,0.2370811104774475,6.295250415802002,-50.823246002197266,397.32611083984375,0.0,9.574431744698158,748,-2.5419999999999416,-31.31469080409097,-80.0,0.0,-0.08204741074696523
2520,0,crash,1,0,1,-80.23562975648682,1216,,,0.2835646597673106,0.1,0.23889347910881042,6.308818817138672,-51.218074798583984,389.357177734375,0.0,8.247989762760184,771,-2.4319999999999538,-6.051619519247001,-80.0,0.0,-0.0659832481550056
2530,0,success,1,2,0,1040.5106661816153,2253,1126.5,1126.5,0.2821500223211463,0.1,0.2383204996585846,6.216573238372803,-51.218074798583984,391.14947509765625,1000.0,45.01266618161494,1588,-4.501999999999726,0.0,0.0,0.0,0.46183340709348214
2540,0,max_steps,1,1,0,558.099978470875,2500,476.0,476.0,0.28074244216874245,0.1,0.24268703162670135,6.307462215423584,-51.218074798583984,372.38323974609375,500.0,78.27087373001049,1712,-4.997999999999672,-15.17289525913573,0.0,0.0,0.22323999138835002
2550,0,success,1,2,0,1055.3670174472863,1863,931.5,931.5,0.2793418841029192,0.1,0.24427270889282227,6.316624641418457,-52.33734893798828,387.0179443359375,1000.0,59.089017447287326,1185,-3.7219999999998117,0.0,0.0,0.0,0.5664879320704704
2560,0,success,1,2,0,1038.5371518273232,941,470.5,470.5,0.27794831309213686,0.1,0.24633750319480896,6.359706401824951,-52.33734893798828,384.4714660644531,1000.0,40.4151518273225,939,-1.8780000000000014,0.0,0.0,0.0,1.1036526586900353
2570,0,max_steps,1,1,0,602.7824484555666,2500,1493.0,1493.0,0.2765616942796198,0.1,0.24859781563282013,6.328005790710449,-51.976680755615234,368.27923583984375,500.0,107.78044845556519,1634,-4.997999999999672,0.0,0.0,0.0,0.24111297938222664
2580,0,max_steps,1,1,0,518.917733533254,2500,1878.0,1878.0,0.27518199298248475,0.1,0.24964675307273865,6.403609275817871,-50.79715347290039,403.2401123046875,500.0,23.91573353325381,1031,-4.997999999999672,0.0,0.0,0.0,0.2075670934133016
2590,0,max_steps,1,0,0,-48.01630623929379,2500,,,0.2738091746908731,0.1,0.25299134850502014,6.433526515960693,-50.79715347290039,379.04071044921875,0.0,34.468563038158074,1513,-4.999999999999671,-77.48486927745186,0.0,0.0,-0.019206522495717516
2600,0,max_steps,1,0,0,18.469671185993768,2500,,,0.27244320506708813,0.1,0.25719282031059265,6.49340295791626,-49.715919494628906,374.8153381347656,0.0,32.87087202033911,1198,-4.999999999999671,-9.401200834345333,0.0,0.0,0.007387868474397507
2610,0,crash,1,0,1,-66.87371714400963,2275,,,0.27108404994473545,0.1,0.25455573201179504,6.369861602783203,-49.715919494628906,363.2999267578125,0.0,28.39657705099958,1249,-4.549999999999721,-10.720294195009206,-80.0,0.0,-0.02939504050286138
2620,0,max_steps,1,0,0,-0.09094310978967135,2500,,,0.2697316753278689,0.1,0.2542639970779419,6.319686412811279,-49.715919494628906,352.20196533203125,0.0,4.909056890210186,1377,-4.999999999999671,0.0,0.0,0.0,-3.637724391586854e-05
2630,0,crash,1,0,1,-76.43371640026783,563,,,0.2683860473901401,0.1,0.25790828466415405,6.376546859741211,-49.715919494628906,381.853759765625,0.0,7.99544457581845,275,-1.1260000000000008,-3.3031609760862675,-80.0,0.0,-0.13576148561326434
2640,0,crash,1,0,1,-149.51034744458525,1305,,,0.26704713247395234,0.1,0.2633185088634491,6.545359134674072,-49.715919494628906,381.4140625,0.0,-0.21214554083860904,533,-2.609999999999934,-66.68820190374666,-80.0,0.0,-0.11456731604949061
2650,0,crash,1,0,1,-120.59394590425035,1580,,,0.26571489708961893,0.1,0.26389065384864807,6.577088832855225,-49.715919494628906,389.18817138671875,0.0,-24.985939060999954,517,-3.1599999999998736,-12.44800684325059,-80.0,0.0,-0.07632528221787997
2660,0,max_steps,1,1,0,519.1178403359568,2500,1036.0,1036.0,0.2643893079145252,0.1,0.2686549425125122,6.713770866394043,-49.715919494628906,409.9172058105469,500.0,24.115840335956,1116,-4.997999999999672,0.0,0.0,0.0,0.2076471361343827
2670,0,success,1,2,0,1090.7967293852676,1051,525.5,525.5,0.2630703317922951,0.1,0.27450525760650635,6.7569732666015625,-52.786170959472656,393.9705810546875,1000.0,92.894729385267,986,-2.0979999999999905,0.0,0.0,0.0,1.037865584572091
2680,0,max_steps,1,0,0,7.47322136448899,2500,,,0.2617579357319621,0.1,0.27619484066963196,6.832809925079346,-52.786170959472656,389.32489013671875,0.0,12.47322136448898,1416,-4.999999999999671,0.0,0.0,0.0,0.002989288545795596
2690,0,max_steps,1,0,0,-34.28359539479614,2500,,,0.260452086907144,0.1,0.28003931045532227,6.890170097351074,-52.786170959472656,392.2420959472656,0.0,-5.478740428388164,824,-4.999999999999671,-23.804854966408445,0.0,0.0,-0.013713438157918454
2700,0,crash,1,0,1,-121.71256799374383,816,,,0.25915275265522114,0.1,0.27898189425468445,6.904216766357422,-52.786170959472656,404.2007141113281,0.0,-34.68489577034587,237,-1.6320000000000012,-5.395672223398034,-80.0,0.0,-0.14915755881586254
2710,0,crash,1,0,1,-142.64858056437822,2493,,,0.2578599004765206,0.1,0.27796080708503723,6.882961750030518,-50.11764144897461,389.8387756347656,0.0,-25.602082425372636,868,-4.985999999999673,-32.060498139005645,-80.0,0.0,-0.057219647238017736
2720,0,max_steps,1,0,0,-6.097889338211058,2500,,,0.2565734980335023,0.1,0.2781310975551605,6.8403191566467285,-50.66859817504883,370.7414855957031,0.0,-1.0978893382109725,1170,-4.999999999999671,0.0,0.0,0.0,-0.002439155735284423
2730,0,max_steps,1,0,0,0.475431029488979,2500,,,0.2552935131499509,0.1,0.27731430530548096,6.856451988220215,-50.71377182006836,382.0643310546875,0.0,5.475431029488906,1780,-4.999999999999671,0.0,0.0,0.0,0.00019017241179559158
2740,0,crash,1,1,1,425.6839189821786,645,464.0,464.0,0.25401991381017025,0.1,0.2821943759918213,6.9764604568481445,-51.40250015258789,396.9666442871094,500.0,16.280241356572027,463,-1.288000000000001,-9.308322374393079,-80.0,0.0,0.6599750681894242
2750,0,max_steps,1,1,0,518.2351899318581,2500,2458.0,2458.0,0.2527526681581832,0.1,0.2810302972793579,6.918332099914551,-51.40250015258789,384.1588134765625,500.0,23.233189931858135,1373,-4.997999999999672,0.0,0.0,0.0,0.20729407597274327
2760,0,max_steps,1,0,0,-0.5542166283642702,2500,,,0.25149174449693457,0.1,0.2813853621482849,6.846692085266113,-51.40250015258789,367.26141357421875,0.0,4.445783371635718,1638,-4.999999999999671,0.0,0.0,0.0,-0.00022168665134570807
2770,0,crash,1,0,1,-112.20404632235804,1752,,,0.25023711128749826,0.1,0.28250575065612793,6.842978000640869,-51.407745361328125,383.41693115234375,0.0,-23.30338081795896,772,-3.5039999999998357,-5.39666550439911,-80.0,0.0,-0.06404340543513587
2780,0,success,1,2,0,1029.6131857710152,2482,1241.0,1241.0,0.2489887371482886,0.1,0.28389009833335876,6.849225044250488,-53.217750549316406,376.3772277832031,1000.0,62.85988602527383,1910,-4.959999999999676,-28.286700254258463,0.0,0.0,0.4148320651776854
2790,0,crash,1,0,1,-181.09637412491418,1735,,,0.24774659085427517,0.1,0.2836584150791168,6.872054100036621,-53.217750549316406,378.2268981933594,0.0,-3.406511830835983,596,-3.4699999999998394,-94.21986229407837,-80.0,0.0,-0.10437831361666523
2800,0,crash,1,1,1,412.4563432543911,2006,1494.0,1494.0,0.24651064133620196,0.1,0.28419238328933716,6.8563666343688965,-53.217750549316406,398.59283447265625,500.0,3.946276547874054,1342,-4.00999999999978,-7.479933293482675,-80.0,0.0,0.2056113376143525
2810,0,max_steps,1,0,0,-101.97782769734756,2500,,,0.24528085767981,0.1,0.286101758480072,6.9340081214904785,-52.28895568847656,389.9215087890625,0.0,-22.49498315882426,851,-4.999999999999671,-74.48284453852347,0.0,0.0,-0.04079113107893902
2820,0,max_steps,1,1,0,516.4070591869083,2500,1535.0,1535.0,0.24405720912506448,0.1,0.289800226688385,6.9545722007751465,-52.28895568847656,374.8516540527344,500.0,21.40505918690849,1239,-4.997999999999672,0.0,0.0,0.0,0.20656282367476334
2830,0,crash,1,0,1,-81.84995498287907,733,,,0.24283966506538518,0.1,0.2922210991382599,7.0402350425720215,-53.02146911621094,391.6697692871094,0.0,3.2492831631881343,228,-1.466000000000001,-3.6332381460672005,-80.0,0.0,-0.11166433149096736
2840,0,max_steps,1,0,0,17.79273952052425,2500,,,0.2416281950468808,0.1,0.29457035660743713,7.131991863250732,-53.02146911621094,406.7477111816406,0.0,22.792739520524087,1448,-4.999999999999671,0.0,0.0,0.0,0.0071170958082097
2850,0,crash,1,0,1,-125.11501621120428,458,,,0.2404227687675873,0.1,0.29380330443382263,7.117531776428223,-53.194820404052734,383.5731201171875,0.0,-35.59273793389096,0,-0.9160000000000007,-8.606278277313287,-80.0,0.0,-0.27317689129083905
2860,0,success,1,2,0,1035.602213098035,1249,624.5,624.5,0.23922335607671028,0.1,0.29675015807151794,7.175732135772705,-54.192630767822266,408.74871826171875,1000.0,38.09621309803537,953,-2.493999999999947,0.0,0.0,0.0,0.8291450865476662
2870,0,success,1,2,0,1060.549620502737,2017,1008.5,1008.5,0.23802992697387032,0.1,0.2969866991043091,7.164146423339844,-53.33738708496094,388.3829345703125,1000.0,64.57962050273707,1473,-4.029999999999778,0.0,0.0,0.0,0.5258054638089921
2880,0,success,1,2,0,1029.1139827430602,663,331.5,331.5,0.23684245160835285,0.1,0.2976449728012085,7.183637619018555,-54.14482498168945,389.7735900878906,1000.0,30.435982743060453,661,-1.322000000000001,0.0,0.0,0.0,1.5522081187678132
2890,0,max_steps,1,1,0,521.1560422229539,2500,1483.0,1483.0,0.23566090027836173,0.1,0.29911771416664124,7.21735954284668,-53.586669921875,386.3993225097656,500.0,32.630997694536504,1570,-4.997999999999672,-6.476955471583463,0.0,0.0,0.20846241688918157
2900,0,max_steps,1,0,0,-16.15719727975749,2500,,,0.23448524343027585,0.1,0.2975233495235443,7.0997819900512695,-53.54120635986328,362.1094970703125,0.0,-11.15719727975743,1070,-4.999999999999671,0.0,0.0,0.0,-0.006462878911902996
2910,0,max_steps,1,0,0,23.642936641367914,2500,,,0.23331545165791032,0.1,0.29686084389686584,7.1039557456970215,-56.273555755615234,371.62298583984375,0.0,28.751861448513573,1187,-4.999999999999671,-0.10892480714553868,0.0,0.0,0.009457174656547166
2920,0,max_steps,1,0,0,22.49375705216675,2500,,,0.23215149570178067,0.1,0.29787546396255493,7.124322891235352,-57.624935150146484,378.1021423339844,0.0,27.493757052166796,1108,-4.999999999999671,0.0,0.0,0.0,0.0089975028208667
2930,0,max_steps,1,0,0,-3.7972455343146505,2500,,,0.23099334644837125,0.1,0.2957070469856262,6.990009307861328,-57.624935150146484,354.60931396484375,0.0,1.2027544656852118,1231,-4.999999999999671,0.0,0.0,0.0,-0.0015188982137258602
2940,0,crash,1,1,1,438.75577645761416,1343,555.0,555.0,0.22984097492940683,0.1,0.2994975447654724,7.140913963317871,-57.624935150146484,374.1275329589844,500.0,27.46044912662122,1098,-2.683999999999926,-6.020672669006466,-80.0,0.0,0.3266982698865333
2950,0,max_steps,1,0,0,-33.468383493357386,2500,,,0.2286943523211281,0.1,0.29894036054611206,7.163357257843018,-56.49464797973633,383.56134033203125,0.0,-25.80540572744445,1188,-4.999999999999671,-2.662977765913002,0.0,0.0,-0.013387353397342955
2960,0,crash,1,1,1,385.4609017223925,886,607.0,607.0,0.22755344994357077,0.1,0.30260127782821655,7.237264156341553,-58.18846893310547,378.8738708496094,500.0,-26.878414461589564,376,-1.7700000000000014,-5.890683816017934,-80.0,0.0,0.4350574511539419
2970,0,max_steps,1,0,0,0.9793652768945964,2500,,,0.22641823925984803,0.1,0.30594393610954285,7.255320072174072,-58.18846893310547,387.46148681640625,0.0,5.979365276894518,1285,-4.999999999999671,0.0,0.0,0.0,0.00039174611075783856
2980,0,max_steps,1,0,0,3.7373325490728644,2500,,,0.22528869187543696,0.1,0.30881258845329285,7.273671627044678,-58.18846893310547,387.18792724609375,0.0,8.737332549072764,1665,-4.999999999999671,0.0,0.0,0.0,0.0014949330196291457
2990,0,crash,1,1,1,404.523830547102,426,263.0,263.0,0.22416477953746822,0.1,0.3096228241920471,7.268449306488037,-58.40435791015625,384.9158935546875,500.0,-10.404011560509435,232,-0.8500000000000006,-4.2221578923881165,-80.0,0.0,0.9495864566833381
3000,0,crash,1,0,1,-163.35097135367204,1933,,,0.22304647413401948,0.1,0.31021687388420105,7.261686325073242,-60.100128173828125,363.4250183105469,0.0,-27.571410209263803,976,-3.865999999999796,-51.913561144408035,-80.0,0.0,-0.08450645181255667
3010,0,max_steps,1,1,0,509.2015606772216,2500,527.0,527.0,0.2219337476934121,0.1,0.31244727969169617,7.271509647369385,-60.100128173828125,377.9817810058594,500.0,14.199560677221495,1336,-4.997999999999672,0.0,0.0,0.0,0.20368062427088865
3020,0,max_steps,1,1,0,493.1709171298312,2500,859.0,859.0,0.22082657238351158,0.1,0.31277018785476685,7.2935357093811035,-60.6063117980957,396.8814392089844,500.0,-1.831082870168522,993,-4.997999999999672,0.0,0.0,0.0,0.19726836685193247
3030,0,max_steps,1,0,0,-38.27827608217759,2500,,,0.21972492051103149,0.1,0.31188276410102844,7.2077226638793945,-60.39841842651367,358.83251953125,0.0,-8.969966274672359,1235,-4.999999999999671,-24.30830980750528,0.0,0.0,-0.015311310432871036
3040,0,crash,1,1,1,398.1196502253265,1969,958.0,958.0,0.21862876452084054,0.1,0.3146315813064575,7.257863521575928,-60.01937484741211,368.10546875,500.0,-12.113726222123043,787,-3.935999999999788,-5.830623552550628,-80.0,0.0,0.20219382946943956
3050,0,max_steps,1,0,0,-17.493531163947058,2500,,,0.21753807699527364,0.1,0.3202449679374695,7.371575355529785,-60.01937484741211,357.20074462890625,0.0,0.8710082684185114,1218,-4.999999999999671,-13.364539432365609,0.0,0.0,-0.0069974124655788235
3060,0,max_steps,1,1,0,526.7001646324564,2500,1908.0,1908.0,0.21645283065344587,0.1,0.31813880801200867,7.335197448730469,-60.86091613769531,369.91729736328125,500.0,31.69816463245745,1157,-4.997999999999672,0.0,0.0,0.0,0.21068006585298257
3070,0,max_steps,1,0,0,5.528974991772821,2500,,,0.21537299835057042,0.1,0.31993505358695984,7.345467567443848,-60.86091613769531,371.8663330078125,0.0,10.528974991772714,1139,-4.999999999999671,0.0,0.0,0.0,0.0022115899967091283
3080,0,crash,1,0,1,-126.26068939080568,926,,,0.2142985530772792,0.1,0.31683114171028137,7.284444808959961,-60.86091613769531,351.5008239746094,0.0,-37.080632107509324,212,-1.8520000000000014,-7.328057283296307,-80.0,0.0,-0.13635063649115084
3090,0,max_steps,1,0,0,-8.283427512218944,2500,,,0.21322946795894776,0.1,0.3206325173377991,7.365882396697998,-60.86091613769531,375.7892761230469,0.0,-3.28342751221904,1045,-4.999999999999671,0.0,0.0,0.0,-0.0033133710048875776
3100,0,max_steps,1,1,0,530.8945765414283,2500,838.0,838.0,0.21216571625502262,0.1,0.3228670358657837,7.441870212554932,-60.86091613769531,382.31005859375,500.0,35.89257654142999,1175,-4.997999999999672,0.0,0.0,0.0,0.2123578306165713
3110,0,max_steps,1,0,0,-165.78077462635775,2500,,,0.21110727135835275,0.1,0.3244186341762543,7.475359916687012,-59.086204528808594,372.510498046875,0.0,2.758857078175327,1112,-4.999999999999671,-163.53963170453352,0.0,0.0,-0.06631230985054311
3120,0,max_steps,1,1,0,543.5901162195378,2500,950.0,950.0,0.21005410679452396,0.1,0.3274323046207428,7.54270076751709,-59.086204528808594,402.22869873046875,500.0,48.588116219540055,1339,-4.997999999999672,0.0,0.0,0.0,0.21743604648781512
3130,0,max_steps,1,0,0,-4.69426163068429,2500,,,0.2090061962211966,0.1,0.32639777660369873,7.570320129394531,-59.17500686645508,406.48614501953125,0.0,0.30573836931557064,1288,-4.999999999999671,0.0,0.0,0.0,-0.001877704652273716
3140,0,crash,1,1,1,417.74620510896614,1602,1048.0,1048.0,0.20796351342744684,0.1,0.3287135064601898,7.630810260772705,-60.42129135131836,385.361083984375,500.0,9.356981245041947,1174,-3.201999999999869,-8.40877613607624,-80.0,0.0,0.2607654214163334
3150,0,max_steps,1,0,0,0.8840335177874394,2500,,,0.20692603233311097,0.1,0.32599321007728577,7.580362796783447,-60.42129135131836,383.78668212890625,0.0,5.884033517787351,1171,-4.999999999999671,0.0,0.0,0.0,0.00035361340711497575
3160,0,max_steps,1,1,0,518.8748841021517,2500,405.0,405.0,0.20589372698813307,0.1,0.3263920843601227,7.524883270263672,-60.42129135131836,367.9156494140625,500.0,29.97183622188801,1237,-4.997999999999672,-6.098952119736052,0.0,0.0,0.20754995364086068
3170,0,crash,1,0,1,-104.37119273531677,2206,,,0.20486657157191598,0.1,0.32593998312950134,7.552204608917236,-60.42129135131836,366.0997314453125,0.0,2.1135987817998854,964,-4.411999999999736,-22.072791517116645,-80.0,0.0,-0.04731241737775012
3180,0,max_steps,1,0,0,2.714396786904014,2500,,,0.20384454039267538,0.1,0.3272058367729187,7.570150852203369,-59.42471694946289,366.8585205078125,0.0,7.714396786903952,834,-4.999999999999671,0.0,0.0,0.0,0.0010857587147616056
3190,0,success,1,2,0,1015.0038782622196,1969,984.5,984.5,0.20282760788679727,0.1,0.3313443660736084,7.61993932723999,-59.42471694946289,371.28485107421875,1000.0,18.93787826221949,1168,-3.9339999999997883,0.0,0.0,0.0,0.5154920661565361
3200,0,crash,1,1,1,446.9741965177077,1413,773.0,773.0,0.2018157486181985,0.1,0.3347570598125458,7.652873992919922,-59.04572296142578,376.68609619140625,500.0,36.466134994646254,929,-2.8239999999999106,-6.667938476939296,-80.0,0.0,0.3163299338412652
3210,0,crash,1,0,1,-116.77043945601346,1850,,,0.20080893727769064,0.1,0.33187776803970337,7.539979934692383,-59.04572296142578,358.32781982421875,0.0,-22.011710076344304,721,-3.699999999999814,-11.058729379669064,-80.0,0.0,-0.06311915646270998
3220,0,max_steps,1,1,0,513.7053434462305,2500,664.0,664.0,0.19980714868234667,0.1,0.3346835672855377,7.6078081130981445,-59.04572296142578,387.7837219238281,500.0,18.703343446230292,1317,-4.997999999999672,0.0,0.0,0.0,0.2054821373784922
3230,0,crash,1,1,1,415.781932719461,1458,253.0,253.0,0.19881035777487138,0.1,0.33643609285354614,7.594992637634277,-59.04572296142578,380.95220947265625,500.0,11.188414719991622,639,-2.9139999999999007,-12.492482000530547,-80.0,0.0,0.28517279336039847
3240,0,max_steps,1,0,0,42.71176716284121,2500,,,0.1978185396229746,0.1,0.3364967703819275,7.580029487609863,-59.04572296142578,379.1145324707031,0.0,47.711767162841284,1483,-4.999999999999671,0.0,0.0,0.0,0.017084706865136485
3250,0,max_steps,1,1,0,520.7075433652503,2500,481.0,481.0,0.19683166941874727,0.1,0.34018608927726746,7.586005210876465,-59.04572296142578,373.355712890625,500.0,25.705543365248978,1554,-4.997999999999672,0.0,0.0,0.0,0.20828301734610014
3260,0,max_steps,1,1,0,523.0121346354226,2500,2276.0,2276.0,0.19584972247804144,0.1,0.3433012366294861,7.627031326293945,-59.04572296142578,378.1149597167969,500.0,28.01013463542217,1510,-4.997999999999672,0.0,0.0,0.0,0.20920485385416904
3270,0,max_steps,1,0,0,-4.195482001482102,2500,,,0.19487267423985233,0.1,0.34093448519706726,7.562948703765869,-60.7874870300293,353.92352294921875,0.0,0.8045179985177502,1215,-4.999999999999671,0.0,0.0,0.0,-0.0016781928005928407
3280,0,crash,1,0,1,-112.83052196400675,1758,,,0.19390050026570443,0.1,0.3422439992427826,7.614372253417969,-59.466156005859375,378.8907775878906,0.0,-22.550083894886296,685,-3.5159999999998344,-6.764438069120452,-80.0,0.0,-0.06418118427986733
3290,0,max_steps,1,1,0,500.2451314340607,2500,1791.0,1791.0,0.19293317623903994,0.1,0.3420293629169464,7.580909252166748,-59.466156005859375,379.1513671875,500.0,5.243131434060587,1116,-4.997999999999672,0.0,0.0,0.0,0.20009805257362429
3300,0,crash,1,1,1,425.40551978865585,562,452.0,452.0,0.1919706779646106,0.1,0.3462575078010559,7.636858940124512,-59.466156005859375,350.7358703613281,500.0,10.062544279786616,451,-1.1220000000000008,-3.535024491130747,-80.0,0.0,0.7569493234673592
3310,0,crash,1,1,1,428.2558534095723,919,563.0,563.0,0.1910129813678727,0.1,0.3506990671157837,7.776605129241943,-59.466156005859375,381.00732421875,500.0,26.280547039149216,605,-1.8360000000000014,-16.188693629576655,-80.0,0.0,0.46600201676776093
3320,0,max_steps,1,0,0,-2.3386159017373296,2500,,,0.19006006249438467,0.1,0.3516487777233124,7.782188892364502,-57.92300033569336,380.3094482421875,0.0,2.6613840982624963,861,-4.999999999999671,0.0,0.0,0.0,-0.0009354463606949319
3330,0,crash,1,0,1,-134.92169908757432,2368,,,0.18911189750920804,0.1,0.3553924858570099,7.859921455383301,-59.337318420410156,388.8059997558594,0.0,-33.82002664321559,584,-4.7359999999997004,-16.36567244435876,-80.0,0.0,-0.05697706887144186
3340,0,crash,1,0,1,-115.88317745173507,1028,,,0.1881684626963112,0.1,0.35408779978752136,7.857864856719971,-60.13184356689453,398.4245910644531,0.0,-28.82533151824296,220,-2.055999999999995,-5.001845933492152,-80.0,0.0,-0.11272682631491737
3350,0,success,1,2,0,1024.198917825976,406,203.0,203.0,0.18722973445797636,0.1,0.3542361855506897,7.888078689575195,-59.525001525878906,385.4695739746094,1000.0,25.006917825975943,321,-0.8080000000000006,0.0,0.0,0.0,2.522657433068906
3360,0,max_steps,1,0,0,-1.8904811427000425,2500,,,0.18629568931420912,0.1,0.35901451110839844,7.945935249328613,-59.525001525878906,384.6806945800781,0.0,3.1095188572999257,961,-4.999999999999671,0.0,0.0,0.0,-0.000756192457080017
3370,0,crash,1,1,1,411.9722014057619,1377,804.0,804.0,0.18536630390215128,0.1,0.35978245735168457,7.993854522705078,-59.525001525878906,396.0293273925781,500.0,-0.9293766391816585,563,-2.7519999999999185,-4.3464219550557335,-80.0,0.0,0.2991809741508801
3380,0,success,1,2,0,1051.0004456656181,1957,978.5,978.5,0.1844415549754964,0.1,0.363800972700119,8.105177879333496,-59.30210876464844,396.269775390625,1000.0,54.91044566561855,1198,-3.909999999999791,0.0,0.0,0.0,0.5370467274734891
3390,0,max_steps,1,0,0,-10.91052456202332,2500,,,0.1835214194039085,0.1,0.36584678292274475,8.110552787780762,-60.48324966430664,383.421875,0.0,-5.910524562023108,903,-4.999999999999671,0.0,0.0,0.0,-0.0043642098248093284
3400,0,crash,1,0,1,-87.80641701737511,1412,,,0.1826058741724434,0.1,0.36850881576538086,8.085464477539062,-60.48324966430664,367.9581604003906,0.0,12.380999668939944,708,-2.8239999999999106,-17.363416686315094,-80.0,0.0,-0.06218584774601637
3410,1,crash,1,1,1,371.69367094423194,1691,464.0,464.0,0.5997,0.1,0.3829590976238251,8.303643226623535,-60.48324966430664,367.3215026855469,500.0,8.140295979082836,1010,-3.3799999999998493,-53.06662503485078,-80.0,0.0,0.21980702007346656
3420,1,max_steps,2,0,0,-14.818479889369128,3000,,,0.5967082376373667,0.1,0.3845633268356323,8.294189453125,-60.48324966430664,358.11090087890625,0.0,23.97820481866441,1714,-5.999999999999561,-32.79668470803358,0.0,0.0,-0.004939493296456376
3430,1,max_steps,2,0,0,28.099578621793988,3000,,,0.5937314004740571,0.1,0.38176229596138,8.247560501098633,-60.36682891845703,352.184814453125,0.0,34.09957862179385,1900,-5.999999999999561,0.0,0.0,0.0,0.009366526207264662
3440,1,max_steps,2,0,0,1.1285813861933154,3000,,,0.5907694140517594,0.1,0.37903615832328796,8.202598571777344,-60.36682891845703,353.336181640625,0.0,7.128581386193259,1517,-5.999999999999561,0.0,0.0,0.0,0.00037619379539777177
3450,1,max_steps,2,0,0,27.66734962075649,3000,,,0.587822204283617,0.1,0.37865880131721497,8.209175109863281,-59.17555618286133,360.9159240722656,0.0,33.66734962075633,1624,-5.999999999999561,0.0,0.0,0.0,0.009222449873585496
3460,1,max_steps,2,0,0,-0.4096737031220997,3000,,,0.584889697452375,0.1,0.37610504031181335,8.162193298339844,-59.17555618286133,369.6596374511719,0.0,5.590326296877831,1450,-5.999999999999561,0.0,0.0,0.0,-0.0001365579010406999
3470,1,max_steps,2,0,0,28.100547731721072,3000,,,0.5819718202085363,0.1,0.3729323744773865,8.041580200195312,-59.271915435791016,339.70556640625,0.0,34.100547731721235,1747,-5.999999999999561,0.0,0.0,0.0,0.009366849243907025
3480,1,max_steps,2,0,0,-0.6192055652112519,3000,,,0.5790684995685279,0.1,0.3735782504081726,8.093039512634277,-60.058040618896484,357.5128479003906,0.0,5.380794434788592,1516,-5.999999999999561,0.0,0.0,0.0,-0.0002064018550704173
3490,1,crash,2,0,1,-107.66242196971108,2318,,,0.5761796629128739,0.1,0.3714465796947479,8.058784484863281,-60.59739303588867,350.5400390625,0.0,-13.422418329059642,882,-4.6359999999997115,-9.604003640651511,-80.0,0.0,-0.04644625624232575
3500,1,crash,2,1,1,443.72421399082293,2920,2031.0,2031.0,0.5733052379843804,0.1,0.3721766769886017,8.097445487976074,-61.31185531616211,364.67987060546875,500.0,36.11500413999022,2293,-5.837999999999579,-6.552790149167818,-80.0,0.0,0.15196034725713115
3510,1,max_steps,2,0,0,9.127162493338071,3000,,,0.5704451528863276,0.1,0.37157055735588074,8.089180946350098,-61.31185531616211,374.17449951171875,0.0,15.12716249333792,1566,-5.999999999999561,0.0,0.0,0.0,0.003042387497779357
3520,1,max_steps,2,0,0,36.92833431630167,3000,,,0.5675993360806716,0.1,0.37189981341362,8.119868278503418,-61.31185531616211,373.13275146484375,0.0,42.928334316301594,1568,-5.999999999999561,0.0,0.0,0.0,0.012309444772100558
3530,1,max_steps,2,0,0,22.895345808761036,3000,,,0.5647677163862548,0.1,0.3697235584259033,8.064704895019531,-61.31185531616211,368.0940246582031,0.0,28.895345808761057,1544,-5.999999999999561,0.0,0.0,0.0,0.0076317819362536786
3540,1,max_steps,2,0,0,15.092181613109402,3000,,,0.5619502229770255,0.1,0.36608919501304626,7.993896484375,-61.31185531616211,352.13604736328125,0.0,21.092181613109176,1428,-5.999999999999561,0.0,0.0,0.0,0.0050307272043698
3550,1,max_steps,2,0,0,-2.0225219711538296,3000,,,0.5591467853802671,0.1,0.36538609862327576,7.96580171585083,-61.31185531616211,356.37481689453125,0.0,3.9774780288461313,1679,-5.999999999999561,0.0,0.0,0.0,-0.0006741739903846099
3560,1,max_steps,2,0,0,38.018009299710855,3000,,,0.5563573334748342,0.1,0.36743003129959106,7.971288204193115,-61.31185531616211,346.6473693847656,0.0,44.018009299710734,2009,-5.999999999999561,0.0,0.0,0.0,0.012672669766570286
3570,1,crash,2,0,1,-114.33884409887912,2475,,,0.5535817974893997,0.1,0.36786311864852905,7.890440940856934,-61.361148834228516,332.54931640625,0.0,-15.234444978887547,1113,-4.949999999999677,-14.154399119991632,-80.0,0.0,-0.046197512767223885
3580,1,max_steps,2,0,0,5.603349757822409,3000,,,0.5508201080007092,0.1,0.3674098551273346,7.89205265045166,-61.361148834228516,332.29962158203125,0.0,11.603349757822347,1425,-5.999999999999561,0.0,0.0,0.0,0.0018677832526074697
3590,1,max_steps,2,1,0,506.4501392808115,3000,374.0,374.0,0.5480721959318446,0.1,0.3649444580078125,7.825398921966553,-61.361148834228516,339.3197021484375,500.0,12.448139280811601,1530,-5.9979999999995615,0.0,0.0,0.0,0.16881671309360385
3600,1,max_steps,2,0,0,-57.32520698198875,3000,,,0.5453379925504962,0.1,0.3613860607147217,7.757221698760986,-61.361148834228516,320.7442932128906,0.0,-1.0314778048914848,1096,-5.999999999999561,-50.29372917709727,0.0,0.0,-0.019108402327329584
3610,1,crash,2,0,1,-116.73593327817775,1890,,,0.5426174294672437,0.1,0.3587741553783417,7.74580717086792,-61.361148834228516,336.03729248046875,0.0,-25.07098318367915,794,-3.7799999999998053,-7.8849500944986435,-80.0,0.0,-0.06176504406252791
3620,1,max_steps,2,0,0,-11.661385259932095,3000,,,0.5399104386338454,0.1,0.3570835590362549,7.7149882316589355,-61.361148834228516,317.87835693359375,0.0,-5.661385259932164,1168,-5.999999999999561,0.0,0.0,0.0,-0.003887128419977365
3630,1,crash,2,0,1,-226.3790637998108,2881,,,0.5372169523415367,0.1,0.35635676980018616,7.719428539276123,-61.361148834228516,329.1993408203125,0.0,-17.46316407579062,1130,-5.7619999999995875,-123.15389972402039,-80.0,0.0,-0.07857655807004887
3640,1,max_steps,2,1,0,515.3412525730411,3000,587.0,587.0,0.5345369032193356,0.1,0.3599298894405365,7.802136421203613,-61.361148834228516,344.91796875,500.0,21.339252573040618,1556,-5.9979999999995615,0.0,0.0,0.0,0.17178041752434703
3650,1,max_steps,2,1,0,75.023213869708,3000,451.0,451.0,0.5318702242323584,0.1,0.36284780502319336,7.88663911819458,-62.32777786254883,353.1795654296875,500.0,-15.916356978216193,1091,-5.9979999999995615,-403.0624291520751,0.0,0.0,0.025007737956569333
3660,1,crash,2,2,1,768.4551584654139,2801,541.0,541.0,0.5292168486801428,0.1,0.3649046719074249,7.989322185516357,-62.48916244506836,361.6950988769531,1000.0,28.9600061208142,1537,-5.5979999999996055,-174.90684765539635,-80.0,0.0,0.27435028863456407
3670,1,max_steps,2,0,0,-10.893088468541732,3000,,,0.5265767101949791,0.1,0.3649483919143677,8.016178131103516,-63.10095977783203,357.3507080078125,0.0,-4.893088468541887,1269,-5.999999999999561,0.0,0.0,0.0,-0.0036310294895139108
3680,1,max_steps,2,0,0,31.429907308179338,3000,,,0.5239497427402506,0.1,0.36437004804611206,8.006047248840332,-63.10095977783203,359.51116943359375,0.0,37.42990730817916,1564,-5.999999999999561,0.0,0.0,0.0,0.010476635769393113
3690,1,max_steps,2,0,0,40.32461217691358,3000,,,0.521335880608782,0.1,0.36434057354927063,8.01223087310791,-63.10095977783203,370.59307861328125,0.0,46.32461217691359,1610,-5.999999999999561,0.0,0.0,0.0,0.013441537392304527
3700,1,crash,2,0,1,-120.38032561298007,1748,,,0.5187350584211957,0.1,0.3638918995857239,8.024091720581055,-63.10095977783203,358.85137939453125,0.0,-31.023474977045865,695,-3.4959999999998366,-5.8608506359343,-80.0,0.0,-0.06886746316532041
3710,1,crash,2,0,1,-120.14913105964993,1803,,,0.5161472111242759,0.1,0.361670583486557,8.022863388061523,-63.10095977783203,358.85137939453125,0.0,-26.935364150459638,912,-3.6059999999998245,-9.607766909190364,-80.0,0.0,-0.06663845316674982
3720,1,max_steps,2,0,0,-5.869733773217152,3000,,,0.513572273989342,0.1,0.3623940348625183,8.04534912109375,-63.10095977783203,361.5858459472656,0.0,0.13026622678273903,1275,-5.999999999999561,0.0,0.0,0.0,-0.001956577924405717
3730,1,max_steps,2,0,0,33.982926815614285,3000,,,0.5110101826106305,0.1,0.36079293489456177,8.0138578414917,-63.10095977783203,350.96820068359375,0.0,39.982926815614185,1608,-5.999999999999561,0.0,0.0,0.0,0.011327642271871429
3740,1,max_steps,2,0,0,21.736413679092614,3000,,,0.5084608729036819,0.1,0.36076611280441284,7.988433837890625,-63.10095977783203,345.6648254394531,0.0,27.73641367909247,1856,-5.999999999999561,0.0,0.0,0.0,0.007245471226364205
3750,1,max_steps,2,0,0,16.742713993814704,3000,,,0.5059242811037404,0.1,0.36368420720100403,8.037625312805176,-63.10095977783203,367.5511474609375,0.0,22.742713993814565,1631,-5.999999999999561,0.0,0.0,0.0,0.005580904664604901
3760,1,max_steps,2,0,0,15.76847060141388,3000,,,0.5034003437641568,0.1,0.3632546663284302,8.063045501708984,-63.10095977783203,367.5511474609375,0.0,21.768470601413796,1417,-5.999999999999561,0.0,0.0,0.0,0.00525615686713796
3770,1,max_steps,2,0,0,-22.04461530467464,3000,,,0.5008889977548016,0.1,0.3602157533168793,8.037461280822754,-63.10095977783203,353.79046630859375,0.0,-16.044615304674583,1047,-5.999999999999561,0.0,0.0,0.0,-0.007348205101558213
3780,1,max_steps,2,0,0,2.045951864264993,3000,,,0.498390180260488,0.1,0.3599196970462799,8.043717384338379,-63.10095977783203,362.26605224609375,0.0,8.045951864264904,1315,-5.999999999999561,0.0,0.0,0.0,0.0006819839547549977
3790,1,crash,2,0,1,-53.83594312212324,1294,,,0.4959038287793984,0.1,0.36025646328926086,8.032543182373047,-64.06715393066406,339.71307373046875,0.0,39.9087896404709,927,-2.5879999999999366,-11.15673276259416,-80.0,0.0,-0.041604283711068966
3800,1,max_steps,2,1,0,510.8230684713049,3000,660.0,660.0,0.49342988112152286,0.1,0.3640821874141693,8.112876892089844,-65.28174591064453,355.026611328125,500.0,16.821068471304528,1820,-5.9979999999995615,0.0,0.0,0.0,0.17027435615710163
3810,1,max_steps,2,0,0,-1.2863516165077529,3000,,,0.49096827540710236,0.1,0.3630683422088623,8.126096725463867,-65.28174591064453,349.87567138671875,0.0,4.713648383492238,1859,-5.999999999999561,0.0,0.0,0.0,-0.00042878387216925096
3820,1,max_steps,2,0,0,42.39561791737603,3000,,,0.4885189500650814,0.1,0.3626277446746826,8.124137878417969,-65.28174591064453,345.94415283203125,0.0,48.39561791737597,1728,-5.999999999999561,0.0,0.0,0.0,0.014131872639125343
3830,1,crash,2,1,1,433.46945350576584,1284,651.0,651.0,0.48608184383156816,0.1,0.36315518617630005,8.174213409423828,-65.28174591064453,374.4673156738281,500.0,29.399551427510712,611,-2.565999999999939,-13.364097921744769,-80.0,0.0,0.3375930323253628
3840,1,max_steps,2,0,0,4.655109303741215,3000,,,0.483656895748302,0.1,0.3614840507507324,8.17715835571289,-65.28174591064453,373.3736267089844,0.0,53.41483241128299,1579,-5.999999999999561,-42.75972310754189,0.0,0.0,0.0015517031012470717
3850,1,max_steps,2,0,0,-22.412919058382947,3000,,,0.48124404516112856,0.1,0.36003077030181885,8.171122550964355,-65.28174591064453,361.6927795410156,0.0,-0.4928575272529291,1153,-5.999999999999561,-15.92006153113006,0.0,0.0,-0.007470973019460982
3860,1,max_steps,2,1,0,508.1144363143931,3000,1071.0,1071.0,0.4788432317184831,0.1,0.3595794141292572,8.109847068786621,-65.28174591064453,360.4715881347656,500.0,14.11243631439432,1456,-5.9979999999995615,0.0,0.0,0.0,0.16937147877146438
3870,1,max_steps,2,0,0,-52.2137127815544,3000,,,0.47645439536988043,0.1,0.35905399918556213,8.08504867553711,-60.82722473144531,340.3830261230469,0.0,-27.726915137677338,614,-5.999999999999561,-18.486797643876937,0.0,0.0,-0.0174045709271848
3880,1,max_steps,2,1,0,546.1566988343225,3000,616.0,616.0,0.47407747636441305,0.1,0.3621363043785095,8.153899192810059,-60.82722473144531,347.50921630859375,500.0,52.1546988343216,1879,-5.9979999999995615,0.0,0.0,0.0,0.18205223294477416
3890,1,max_steps,2,0,0,4.358423799768268,3000,,,0.4717124152492567,0.1,0.3613332211971283,8.125536918640137,-63.146644592285156,338.8282775878906,0.0,10.35842379976827,1471,-5.999999999999561,0.0,0.0,0.0,0.0014528079332560893
3900,1,crash,2,0,1,-113.68372261007656,1699,,,0.4693591528681835,0.1,0.36111271381378174,8.156967163085938,-63.146644592285156,346.74798583984375,0.0,-20.395650237538703,755,-3.3979999999998474,-9.89007237253785,-80.0,0.0,-0.06691213808715513
3910,1,max_steps,2,1,0,514.0933826626652,3000,1965.0,1965.0,0.467017630360082,0.1,0.3623729348182678,8.185563087463379,-63.146644592285156,342.0079650878906,500.0,20.09138266266575,1282,-5.9979999999995615,0.0,0.0,0.0,0.17136446088755508
3920,1,crash,2,0,1,-135.49320144048488,2052,,,0.4646877891574849,0.1,0.36497828364372253,8.232190132141113,-63.146644592285156,354.380859375,0.0,39.69966762861373,1083,-4.10399999999977,-91.0888690690989,-80.0,0.0,-0.0660298252633942
3930,1,max_steps,2,0,0,41.321004599657165,3000,,,0.4623695709851043,0.1,0.3647271394729614,8.25609302520752,-63.146644592285156,363.2082214355469,0.0,47.32100459965713,1495,-5.999999999999561,0.0,0.0,0.0,0.013773668199885722
3940,1,crash,2,0,1,-122.20501708329327,1690,,,0.46006291785837405,0.1,0.3649456799030304,8.262897491455078,-62.67149353027344,349.4405517578125,0.0,1.860231373925427,536,-3.3799999999998493,-40.685248457218634,-80.0,0.0,-0.07231066099603152
3950,1,crash,2,1,1,415.6239365143762,2821,1355.0,1355.0,0.45776777208199926,0.1,0.3645111322402954,8.232406616210938,-62.31401443481445,354.36932373046875,500.0,11.0454027625927,1475,-5.639999999999601,-9.78146624821665,-80.0,0.0,0.14733212921459632
3960,1,max_steps,2,0,0,-70.71937898930594,3000,,,0.45548407624851345,0.1,0.36247947812080383,8.224393844604492,-63.316986083984375,354.36932373046875,0.0,0.012557866130048723,1437,-5.999999999999561,-64.73193685543599,0.0,0.0,-0.023573126329768646
3970,1,max_steps,2,1,0,599.3791541235306,3000,1857.0,1857.0,0.4532117732368425,0.1,0.3692588806152344,8.33149242401123,-64.18832397460938,349.9704895019531,500.0,105.37715412352985,2196,-5.9979999999995615,0.0,0.0,0.0,0.1997930513745102
3980,1,max_steps,2,0,0,-4.391559664588865,3000,,,0.45095080621087574,0.1,0.3709818124771118,8.403800010681152,-65.25443267822266,371.86981201171875,0.0,1.6084403354109174,1367,-5.999999999999561,0.0,0.0,0.0,-0.0014638532215296217
3990,1,max_steps,2,1,0,592.6424995414795,3000,1309.0,1309.0,0.4487011186180445,0.1,0.37033823132514954,8.382755279541016,-65.25443267822266,351.88043212890625,500.0,98.64049954147929,2063,-5.9979999999995615,0.0,0.0,0.0,0.19754749984715986
4000,1,max_steps,2,1,0,462.31959738626443,3000,677.0,677.0,0.4464626541879079,0.1,0.37101683020591736,8.417556762695312,-65.25443267822266,368.8023376464844,500.0,3.620457491590864,884,-5.9979999999995615,-35.30286010532623,0.0,0.0,0.15410653246208814
4010,1,max_steps,2,0,0,18.058007033814338,3000,,,0.4442353569307447,0.1,0.37048396468162537,8.434776306152344,-63.534446716308594,376.5852966308594,0.0,24.058007033814278,1327,-5.999999999999561,0.0,0.0,0.0,0.0060193356779381126
4020,1,max_steps,2,0,0,6.033877698530715,3000,,,0.4420191711361534,0.1,0.3735010027885437,8.44540786743164,-65.35736846923828,361.9017639160156,0.0,12.033877698530691,1462,-5.999999999999561,0.0,0.0,0.0,0.0020112925661769053
4030,1,max_steps,2,1,0,497.41350865253196,3000,1825.0,1825.0,0.43981404137165875,0.1,0.378397673368454,8.506640434265137,-65.35736846923828,345.814208984375,500.0,3.411508652532541,1348,-5.9979999999995615,0.0,0.0,0.0,0.1658045028841773
4040,1,max_steps,2,0,0,-5.905471135013625,3000,,,0.4376199124813246,0.1,0.37907740473747253,8.480818748474121,-65.35736846923828,339.30419921875,0.0,0.09452886498609492,1543,-5.999999999999561,0.0,0.0,0.0,-0.0019684903783378747
4050,1,max_steps,2,0,0,23.796525698456545,3000,,,0.43543672958437535,0.1,0.3877146542072296,8.637580871582031,-65.35736846923828,373.00408935546875,0.0,29.796525698456726,1253,-5.999999999999561,0.0,0.0,0.0,0.007932175232818849
4060,1,max_steps,2,0,0,-339.93147123896216,3000,,,0.43326443807382226,0.1,0.3903626799583435,8.680498123168945,-65.35736846923828,378.9325866699219,0.0,-23.042814359606837,1001,-5.999999999999561,-310.8886568793553,0.0,0.0,-0.11331049041298738
4070,1,max_steps,2,1,0,523.2356171028702,3000,2120.0,2120.0,0.43110298361509836,0.1,0.3901538550853729,8.666053771972656,-65.35736846923828,376.09307861328125,500.0,29.23361710287025,1490,-5.9979999999995615,0.0,0.0,0.0,0.17441187236762337
4080,1,max_steps,2,1,0,529.4120969743776,3000,760.0,760.0,0.42895231214469887,0.1,0.3937019407749176,8.698705673217773,-65.35736846923828,398.7047424316406,500.0,50.1046908027204,2259,-5.9979999999995615,-14.694593828344205,0.0,0.0,0.1764706989914592
4090,1,crash,2,0,1,-124.0569925727267,933,,,0.42681236986882914,0.1,0.3978235721588135,8.800146102905273,-65.54481506347656,398.9444580078125,0.0,-34.46284821940307,99,-1.8660000000000014,-7.728144353323578,-80.0,0.0,-0.1329656940758057
4100,1,max_steps,2,1,0,518.9834910732089,3000,1927.0,1927.0,0.4246831032620592,0.1,0.39951592683792114,8.80715274810791,-67.3458480834961,381.8866882324219,500.0,24.98149107320774,1331,-5.9979999999995615,0.0,0.0,0.0,0.17299449702440298
4110,1,crash,2,0,1,-129.29599397130238,2771,,,0.42256445906598483,0.1,0.3990481197834015,8.8016939163208,-67.59143829345703,389.81689453125,0.0,-34.99780986970756,691,-5.541999999999612,-8.756184101594785,-80.0,0.0,-0.04666040922818563
4120,1,crash,2,0,1,-119.61470690682552,1459,,,0.42045638428789556,0.1,0.39913925528526306,8.824445724487305,-67.81745910644531,377.5029296875,0.0,-32.16458459293845,426,-2.9179999999999002,-4.532122313887122,-80.0,0.0,-0.08198403489158705
4130,1,crash,2,0,1,-194.18953518492924,1820,,,0.4183588261994489,0.1,0.3969114422798157,8.808706283569336,-67.64771270751953,377.5029296875,0.0,-11.818090881482341,798,-3.6399999999998207,-98.73144430344693,-80.0,0.0,-0.10669754680490617
4140,1,crash,2,2,1,903.9186959389206,1893,470.5,470.5,0.4162717323353519,0.1,0.3966429531574249,8.76075553894043,-67.21456909179688,364.9222412109375,1000.0,44.84625810917569,982,-3.781999999999805,-57.1455621702558,-80.0,0.0,0.47750591438928713
4150,1,crash,2,1,1,438.27034268552075,955,828.0,828.0,0.41419505049204836,0.1,0.3990437984466553,8.773767471313477,-67.21456909179688,365.6492614746094,500.0,28.745175067009775,726,-1.9080000000000015,-8.566832381489093,-80.0,0.0,0.4589218248015924
4160,1,max_steps,2,0,0,26.332470476027154,3000,,,0.4121287287264137,0.1,0.39790719747543335,8.738886833190918,-67.21456909179688,366.59967041015625,0.0,32.33247047602714,1503,-5.999999999999561,0.0,0.0,0.0,0.008777490158675717
4170,1,max_steps,2,0,0,-7.980307743887824,3000,,,0.410072715354455,0.1,0.3981899321079254,8.77391242980957,-67.21456909179688,363.412109375,0.0,-1.98030774388785,1708,-5.999999999999561,0.0,0.0,0.0,-0.002660102581295941
4180,1,crash,2,0,1,-127.0165682918821,2900,,,0.40802695895001895,0.1,0.3961528539657593,8.725345611572266,-68.10643005371094,343.78515625,0.0,-9.854615698836845,1528,-5.799999999999583,-31.361952593045313,-80.0,0.0,-0.04379881665237314
4190,1,crash,2,0,1,-108.68821038266572,1262,,,0.40599140834350506,0.1,0.39409661293029785,8.670100212097168,-67.22039794921875,344.97076416015625,0.0,-16.511525925488083,604,-2.5239999999999436,-9.652684457177665,-80.0,0.0,-0.08612378001796016
4200,1,crash,2,0,1,-122.14963090383844,589,,,0.40396601262058607,0.1,0.39288565516471863,8.678732872009277,-67.0390625,348.7220764160156,0.0,-35.244147843927784,123,-1.1780000000000008,-5.727483059910634,-80.0,0.0,-0.2073847723324931
4210,1,max_steps,2,0,0,6.98056769244149,3000,,,0.401950721120934,0.1,0.39491817355155945,8.67609691619873,-67.0390625,360.6390686035156,0.0,12.980567692441447,1577,-5.999999999999561,0.0,0.0,0.0,0.0023268558974804967
4220,1,crash,2,0,1,-117.76251416829089,2069,,,0.3999454834369537,0.1,0.3939816951751709,8.644929885864258,-67.0390625,341.2373962402344,0.0,-12.709391811051173,1046,-4.137999999999766,-20.915122357239767,-80.0,0.0,-0.05691759988800913
4230,1,crash,2,0,1,-117.29912736327353,1696,,,0.3979502494125216,0.1,0.39253872632980347,8.625699996948242,-67.0390625,345.1244812011719,0.0,-26.331467606756743,816,-3.391999999999848,-7.575659756516864,-80.0,0.0,-0.06916222132268486
4240,1,max_steps,2,1,0,567.0838173131006,3000,1737.0,1737.0,0.39596496914173135,0.1,0.3938080370426178,8.651955604553223,-67.0390625,335.4098815917969,500.0,73.08181731309969,1944,-5.9979999999995615,0.0,0.0,0.0,0.18902793910436685
4250,1,max_steps,2,0,0,13.641032359754488,3000,,,0.39398959296764513,0.1,0.39181387424468994,8.631749153137207,-67.0390625,333.1873779296875,0.0,19.641032359754355,2225,-5.999999999999561,0.0,0.0,0.0,0.004547010786584829
4260,1,max_steps,2,1,0,561.8973980712399,3000,2666.0,2666.0,0.39202407148105217,0.1,0.39390885829925537,8.712750434875488,-67.0390625,368.8523864746094,500.0,67.89539807124002,2098,-5.9979999999995615,0.0,0.0,0.0,0.1872991326904133
4270,1,max_steps,2,0,0,20.244289500275762,3000,,,0.39006835551923247,0.1,0.39431923627853394,8.729137420654297,-67.84903717041016,351.2447814941406,0.0,28.08030320401769,1566,-5.999999999999561,-1.8360137037419841,0.0,0.0,0.0067480965000919204
4280,1,max_steps,2,0,0,-4.088977254479702,3000,,,0.3881223961647274,0.1,0.393645316362381,8.737821578979492,-67.84903717041016,359.4327697753906,0.0,1.9110227455200965,1513,-5.999999999999561,0.0,0.0,0.0,-0.0013629924181599007
4290,1,max_steps,2,0,0,-8.190064567828625,3000,,,0.38618614474411594,0.1,0.3907453715801239,8.64803695678711,-67.84903717041016,342.38433837890625,0.0,-2.1900645678286876,886,-5.999999999999561,0.0,0.0,0.0,-0.0027300215226095416
4300,1,crash,2,1,1,441.53292812777147,781,659.0,659.0,0.3842595528267974,0.1,0.39007869362831116,8.682696342468262,-67.84903717041016,360.24896240234375,500.0,28.2544737629357,586,-1.5600000000000012,-5.161545635164142,-80.0,0.0,0.5653430577820378
4310,1,crash,2,1,1,396.5007329880415,1275,469.0,469.0,0.38234257222378004,0.1,0.39529433846473694,8.778227806091309,-67.84903717041016,366.3113708496094,500.0,7.795975697585427,600,-2.547999999999941,-28.747242709544217,-80.0,0.0,0.3109809670494443
4320,1,max_steps,2,0,0,-29.491663997290917,3000,,,0.38043515498647557,0.1,0.3951139748096466,8.776728630065918,-67.84903717041016,378.3092956542969,0.0,-23.232249540325252,1181,-5.999999999999561,-0.2594144569656103,0.0,0.0,-0.009830554665763639
4330,1,crash,2,0,1,-118.0060723876737,1768,,,0.3785372534055,0.1,0.3949652910232544,8.804727554321289,-67.83998107910156,378.3092956542969,0.0,-27.27495519711802,743,-3.535999999999832,-7.19511719055571,-80.0,0.0,-0.06674551605637652
4340,1,crash,2,0,1,-120.20155172603793,1123,,,0.37664882000947997,0.1,0.39559051394462585,8.803525924682617,-67.83998107910156,381.6787109375,0.0,-29.570900788960266,667,-2.2459999999999742,-8.384650937077655,-80.0,0.0,-0.10703611017456628
4350,1,max_steps,2,0,0,-3.0386100311732163,3000,,,0.3747698075638661,0.1,0.3946530520915985,8.807544708251953,-68.5784912109375,344.0707092285156,0.0,2.9613899688266754,1487,-5.999999999999561,0.0,0.0,0.0,-0.001012870010391072
4360,1,crash,2,1,1,434.7951391147323,1982,1170.0,1170.0,0.3729001690697508,0.1,0.39777296781539917,8.897619247436523,-68.40374755859375,387.2348937988281,500.0,29.061696669911605,1400,-3.9619999999997852,-10.304557555178505,-80.0,0.0,0.21937191680864396
4370,1,max_steps,2,1,0,545.9964170367792,3000,1129.0,1129.0,0.3710398577626931,0.1,0.4005216956138611,8.963622093200684,-68.40374755859375,360.4841003417969,500.0,51.994417036778486,2117,-5.9979999999995615,0.0,0.0,0.0,0.1819988056789264
4380,1,max_steps,2,0,0,6.801091287051564,3000,,,0.36918882711154877,0.1,0.3997805118560791,8.988994598388672,-68.40374755859375,373.3604431152344,0.0,12.801091287051426,1439,-5.999999999999561,0.0,0.0,0.0,0.0022670304290171883
4390,1,max_steps,2,0,0,26.0600805439655,3000,,,0.36734703081730663,0.1,0.39881232380867004,8.94258975982666,-68.40374755859375,361.1298522949219,0.0,32.060080543965455,1467,-5.999999999999561,0.0,0.0,0.0,0.008686693514655166
4400,1,max_steps,2,0,0,22.60196122099262,3000,,,0.36551442281193003,0.1,0.3970321714878082,8.827860832214355,-68.0036392211914,336.685546875,0.0,28.60196122099259,1996,-5.999999999999561,0.0,0.0,0.0,0.007533987073664207
4410,1,max_steps,2,0,0,-23.230941180833657,3000,,,0.36369095725720535,0.1,0.3996082842350006,8.817479133605957,-68.0036392211914,336.070068359375,0.0,17.358030535830217,1499,-5.999999999999561,-34.58897171666383,0.0,0.0,-0.007743647060277885
4420,1,max_steps,2,0,0,4.780690748570657,3000,,,0.36187658854359495,0.1,0.39904364943504333,8.791646957397461,-68.67555236816406,333.9519348144531,0.0,10.780690748570596,1510,-5.999999999999561,0.0,0.0,0.0,0.0015935635828568857
4430,1,crash,2,0,1,-85.10690013548142,631,,,0.36007127128909616,0.1,0.405988484621048,8.950345993041992,-68.67555236816406,362.3709411621094,0.0,6.700406197635483,325,-1.262000000000001,-10.54530633311688,-80.0,0.0,-0.13487622842390082
4440,1,max_steps,2,0,0,-2.222857097911084,3000,,,0.35827496033810696,0.1,0.40529730916023254,8.904963493347168,-68.67555236816406,336.1914978027344,0.0,3.77714290208871,1266,-5.999999999999561,0.0,0.0,0.0,-0.0007409523659703613
4450,1,max_steps,2,0,0,17.4417503397719,3000,,,0.35648761076029556,0.1,0.40789520740509033,8.981444358825684,-68.67555236816406,367.8446044921875,0.0,23.441750339771673,1839,-5.999999999999561,0.0,0.0,0.0,0.005813916779923967
4460,1,max_steps,2,1,0,542.2885888316033,3000,945.0,945.0,0.3547091778494773,0.1,0.41160574555397034,9.055791854858398,-68.67555236816406,358.8921203613281,500.0,48.28658883160099,1943,-5.9979999999995615,0.0,0.0,0.0,0.18076286294386776
4470,1,max_steps,2,0,0,11.246079251804375,3000,,,0.352939617122496,0.1,0.41104400157928467,8.995951652526855,-68.67555236816406,344.4761962890625,0.0,25.545990592983863,1761,-5.999999999999561,-8.299911341179612,0.0,0.0,0.0037486930839347914
4480,1,max_steps,2,0,0,4.593150825383692,3000,,,0.3511788843181117,0.1,0.4099157452583313,8.987107276916504,-68.67555236816406,351.9261169433594,0.0,10.593150825383562,1214,-5.999999999999561,0.0,0.0,0.0,0.0015310502751278972
4490,1,crash,2,0,1,-79.77154401331494,739,,,0.3494269353958931,0.1,0.41359415650367737,9.028983116149902,-68.575927734375,355.3776550292969,0.0,15.60865055524905,484,-1.478000000000001,-13.902194568563965,-80.0,0.0,-0.1079452557690324
4500,1,crash,2,1,1,410.5165695574063,2967,791.0,791.0,0.3476837265351165,0.1,0.4162256717681885,9.097540855407715,-68.575927734375,369.623046875,500.0,7.3830821670390545,1174,-5.931999999999569,-10.934512609633463,-80.0,0.0,0.13836082560074361
4510,1,crash,2,2,1,951.0608306154937,1079,285.5,285.5,0.34594921413366925,0.1,0.4197147786617279,9.208635330200195,-68.575927734375,380.19317626953125,1000.0,42.64848963353748,802,-2.1539999999999844,-9.433659018042981,-80.0,0.0,0.8814280172525428
4520,1,crash,2,2,1,948.0996351831517,2962,1083.0,1083.0,0.34422335480695965,0.1,0.42259275913238525,9.259591102600098,-68.575927734375,375.60504150390625,1000.0,66.47165065059221,1612,-5.91999999999957,-32.45201546743821,-80.0,0.0,0.32008765536230643
4530,1,max_steps,2,2,0,980.9923511219403,3000,802.5,802.5,0.3425061053868315,0.1,0.4354988932609558,9.398832321166992,-68.575927734375,401.1226501464844,1000.0,16.919314046028717,1459,-5.995999999999562,-29.930962924087854,0.0,0.0,0.3269974503739801
4540,1,max_steps,2,1,0,541.2780794957173,3000,1425.0,1425.0,0.3407974229204842,0.1,0.4427826404571533,9.466079711914062,-68.575927734375,354.4147033691406,500.0,47.27607949571761,1866,-5.9979999999995615,0.0,0.0,0.0,0.18042602649857242
4550,1,crash,2,0,1,-75.19371761193005,1622,,,0.33909726466939866,0.1,0.44133928418159485,9.467053413391113,-68.6476821899414,371.1105651855469,0.0,20.991496360485794,920,-3.2439999999998643,-12.941213972415895,-80.0,0.0,-0.046358642177515445
4560,1,crash,2,0,1,-100.84405813519982,1563,,,0.3374055881082684,0.1,0.44326984882354736,9.534242630004883,-69.1362075805664,395.95269775390625,0.0,-9.060979240055808,630,-3.1259999999998773,-8.657078895143982,-80.0,0.0,-0.06451955095022381
4570,1,crash,2,0,1,-117.29994004635248,1901,,,0.33572235092393543,0.1,0.44577786326408386,9.561896324157715,-69.1362075805664,359.9915771484375,0.0,-21.98081987391532,685,-3.801999999999803,-11.517120172437224,-80.0,0.0,-0.0617043345851407
4580,1,crash,2,1,1,451.11631601841344,1268,1199.0,1199.0,0.3340475110143323,0.1,0.4472099244594574,9.584709167480469,-69.1362075805664,363.8435974121094,500.0,38.16798026486557,1042,-2.5339999999999425,-4.517664246452085,-80.0,0.0,0.3557699653142062
4590,1,max_steps,2,0,0,15.397963467137583,3000,,,0.33238102648742873,0.1,0.44917577505111694,9.600839614868164,-69.1362075805664,381.8716125488281,0.0,21.39796346713747,1550,-5.999999999999561,0.0,0.0,0.0,0.005132654489045861
4600,1,max_steps,2,1,0,553.20819140301,3000,1611.0,1611.0,0.3307228556601842,0.1,0.4481348395347595,9.544754981994629,-69.1362075805664,375.99359130859375,500.0,59.2061914030089,1980,-5.9979999999995615,0.0,0.0,0.0,0.18440273046767
4610,1,crash,2,0,1,-72.39764872169042,1368,,,0.329072957057505,0.1,0.4479042887687683,9.557300567626953,-69.1362075805664,386.4566650390625,0.0,21.114081603305173,1075,-2.7359999999999203,-10.775730324995573,-80.0,0.0,-0.05292225783749299
4620,1,max_steps,2,0,0,-16.485714627365226,3000,,,0.32743128941120664,0.1,0.44523635506629944,9.524295806884766,-69.63087463378906,366.5946044921875,0.0,-9.48652056973546,956,-5.999999999999561,-0.9991940576298479,0.0,0.0,-0.005495238209121742
4630,1,crash,2,0,1,-139.20546816468243,1060,,,0.32579781165898225,0.1,0.44715067744255066,9.571158409118652,-69.63087463378906,368.1294860839844,0.0,-37.94210036658098,59,-2.119999999999988,-19.143367798101444,-80.0,0.0,-0.13132591336290794
4640,1,crash,2,0,1,-128.34842013608773,2321,,,0.3241724829433749,0.1,0.44604232907295227,9.532018661499023,-69.33855438232422,359.62664794921875,0.0,6.689917514278092,1099,-4.641999999999711,-50.39633765036578,-80.0,0.0,-0.055298759214169636
4650,1,crash,2,1,1,400.28160435806683,2247,976.0,976.0,0.3225552626107563,0.1,0.4455529749393463,9.51766300201416,-70.16739654541016,351.9092712402344,500.0,-7.322931763860744,856,-4.491999999999727,-7.903463878072733,-80.0,0.0,0.17814045587808938
4660,1,crash,2,1,1,374.81609657560114,1951,500.0,500.0,0.32094611021030905,0.1,0.4442354142665863,9.521160125732422,-70.16739654541016,356.6827392578125,500.0,-26.189462672937264,694,-3.899999999999792,-15.094440751461555,-80.0,0.0,0.1921148624170175
4670,1,crash,2,0,1,-335.7076408169535,2800,,,0.3193449854930157,0.1,0.4451134502887726,9.573102951049805,-70.0947265625,373.5208740234375,0.0,-19.28309762389403,814,-5.599999999999605,-230.8245431930594,-80.0,0.0,-0.11989558600605481
4680,1,crash,2,1,1,439.97831118950273,1220,1135.0,1135.0,0.31775184841065174,0.1,0.4480137228965759,9.614483833312988,-70.0947265625,368.125,500.0,26.654093692194813,816,-2.437999999999953,-4.23778250269197,-80.0,0.0,0.3606379599913957
4690,1,crash,2,0,1,-180.8138909179186,2282,,,0.3161666591147835,0.1,0.4501643776893616,9.691704750061035,-69.74724578857422,380.1024169921875,0.0,-27.825804701377315,868,-4.563999999999719,-68.42408621654124,-80.0,0.0,-0.07923483388164707
4700,1,crash,2,0,1,-85.42000060797876,1212,,,0.3145893779557721,0.1,0.44972437620162964,9.706315994262695,-69.74724578857422,360.68072509765625,0.0,20.925947627232024,856,-2.4239999999999546,-23.921948235210827,-80.0,0.0,-0.07047854835641812
4710,1,max_steps,2,0,0,0.6184852268431891,3000,,,0.3130199654817812,0.1,0.44975411891937256,9.738516807556152,-69.74724578857422,371.575439453125,0.0,6.618485226843168,1296,-5.999999999999561,0.0,0.0,0.0,0.000206161742281063
4720,1,max_steps,2,0,0,-430.81468719434406,3000,,,0.3114583824377906,0.1,0.4515587389469147,9.792221069335938,-69.1054916381836,388.8558349609375,0.0,6.372247933322792,1382,-5.999999999999561,-431.1869351276674,0.0,0.0,-0.14360489573144802
4730,1,crash,2,0,1,-159.72519486375143,1636,,,0.30990458976461394,0.1,0.4522780179977417,9.824141502380371,-69.32998657226562,371.86431884765625,0.0,-30.86231574827742,277,-3.2719999999998612,-45.590879115474024,-80.0,0.0,-0.09763153720278205
4740,1,max_steps,2,1,0,606.9359108262227,3000,869.0,869.0,0.30835854859792217,0.1,0.454927533864975,9.88014030456543,-70.44894409179688,397.9271545410156,500.0,112.93391082622128,1665,-5.9979999999995615,0.0,0.0,0.0,0.20231197027540754
4750,1,crash,2,1,1,420.9845362776306,2982,1988.0,1988.0,0.306820220267271,0.1,0.45722901821136475,9.897491455078125,-69.72481536865234,379.21588134765625,500.0,17.915782821034437,1363,-5.961999999999565,-10.969246543405053,-80.0,0.0,0.14117523014005048
4760,1,success,2,3,0,1551.2024408217503,2599,866.3333333333334,573.0,0.3052895662951341,0.1,0.46427834033966064,9.942118644714355,-70.71558380126953,400.63531494140625,1500.0,56.39444082174923,1658,-5.19199999999965,0.0,0.0,0.0,0.5968458795004811
4770,1,max_steps,2,0,0,2.041106793520671,3000,,,0.30376654839594047,0.1,0.46756240725517273,9.963258743286133,-70.71558380126953,402.849609375,0.0,61.03957954553812,1813,-5.999999999999561,-52.99847275201743,0.0,0.0,0.000680368931173557
4780,1,max_steps,2,1,0,533.143216411232,3000,1672.0,1672.0,0.3022511284751167,0.1,0.4708985686302185,10.001116752624512,-70.69125366210938,398.34814453125,500.0,81.9820463402702,1453,-5.9979999999995615,-42.84082992903851,0.0,0.0,0.17771440547041065
4790,1,crash,2,0,1,-83.40727583544553,1444,,,0.30074326862813444,0.1,0.47137245535850525,10.014909744262695,-70.69125366210938,377.97979736328125,0.0,33.22591470693958,848,-2.8879999999999035,-33.74519054238504,-80.0,0.0,-0.057761271354186655
4800,1,crash,2,0,1,-48.02933009491844,2282,,,0.29924293113956185,0.1,0.47119054198265076,10.005456924438477,-70.94827270507812,354.3277282714844,0.0,42.29529697253643,1331,-4.563999999999719,-5.760627067454958,-80.0,0.0,-0.021047033345713603
4810,1,max_steps,2,0,0,-16.414992180901656,3000,,,0.2977500784821209,0.1,0.4685700535774231,9.969832420349121,-70.94827270507812,361.0660705566406,0.0,-10.41499218090183,1266,-5.999999999999561,0.0,0.0,0.0,-0.005471664060300552
4820,1,crash,2,0,1,-110.33404641004626,1346,,,0.2962646733157478,0.1,0.46987563371658325,10.028752326965332,-70.71668243408203,359.03265380859375,0.0,11.874635461483775,747,-2.691999999999925,-39.51668187153003,-80.0,0.0,-0.08197180268205517
4830,1,max_steps,2,1,0,562.0706472600718,3000,1096.0,1096.0,0.2947866784866601,0.1,0.4717600643634796,10.078878402709961,-70.71668243408203,386.5101623535156,500.0,68.06864726006971,1835,-5.9979999999995615,0.0,0.0,0.0,0.18735688242002393
4840,1,max_steps,2,0,0,4.783454695544114,3000,,,0.2933160570264266,0.1,0.47183462977409363,10.067763328552246,-70.61079406738281,386.1632385253906,0.0,10.783454695544018,1440,-5.999999999999561,0.0,0.0,0.0,0.0015944848985147047
4850,1,max_steps,2,0,0,15.592748915970477,3000,,,0.29185277215104277,0.1,0.4725935161113739,10.05229377746582,-70.61079406738281,396.1309509277344,0.0,21.59274891597045,1337,-5.999999999999561,0.0,0.0,0.0,0.005197582971990159
4860,1,max_steps,2,1,0,526.0243015673797,3000,797.0,797.0,0.29039678726001106,0.1,0.4732826352119446,10.0341215133667,-70.61079406738281,396.1309509277344,500.0,32.02230156738137,1978,-5.9979999999995615,0.0,0.0,0.0,0.17534143385579323
4870,1,crash,2,0,1,-77.71472133810975,1466,,,0.2889480659354252,0.1,0.47625732421875,10.04111099243164,-70.61079406738281,349.94476318359375,0.0,17.009712236055385,1140,-2.9319999999998987,-11.792433574165152,-80.0,0.0,-0.05301140609693707
4880,1,crash,2,1,1,404.911875311946,516,370.0,370.0,0.2875065719410592,0.1,0.47566846013069153,10.057052612304688,-71.4979476928711,343.24151611328125,500.0,-9.917116572185149,338,-1.0300000000000007,-4.141008115868937,-80.0,0.0,0.7847129366510581
4890,1,max_steps,2,1,0,513.1160949176221,3000,2004.0,2004.0,0.2860722692214611,0.1,0.4764324724674225,10.029535293579102,-71.4979476928711,367.4176940917969,500.0,19.137505804320007,1439,-5.9979999999995615,-0.02341088669842542,0.0,0.0,0.17103869830587404
4900,1,max_steps,2,0,0,-38.7011388272288,3000,,,0.28464512190105107,0.1,0.47396665811538696,10.009101867675781,-71.65255737304688,361.8594665527344,0.0,6.262566347073561,1418,-5.999999999999561,-38.96370517430225,0.0,0.0,-0.012900379609076267
4910,1,crash,2,0,1,-127.72741738823412,1217,,,0.2832250942832242,0.1,0.47406458854675293,10.047390937805176,-71.65255737304688,364.989990234375,0.0,-37.57767467049098,258,-2.4339999999999535,-7.715742717743167,-80.0,0.0,-0.10495268478901736
4920,1,crash,2,1,1,405.26798846070636,2746,2521.0,2521.0,0.2818121508494576,0.1,0.47360163927078247,10.044291496276855,-71.65255737304688,375.32598876953125,500.0,5.672579612211688,1392,-5.489999999999617,-14.914591151505066,-80.0,0.0,0.14758484648969641
4930,1,max_steps,2,0,0,21.653769174669797,3000,,,0.2804062562584218,0.1,0.4799562394618988,10.160075187683105,-71.65255737304688,407.17083740234375,0.0,27.653769174669698,1358,-5.999999999999561,0.0,0.0,0.0,0.007217923058223266
4940,1,crash,2,0,1,-63.0556130209675,705,,,0.27900737534509706,0.1,0.4839085340499878,10.193544387817383,-71.65255737304688,369.6916198730469,0.0,26.461481063340326,613,-1.410000000000001,-8.10709408430781,-80.0,0.0,-0.08944058584534396
4950,1,max_steps,2,0,0,40.7316415121393,3000,,,0.27761547311989343,0.1,0.4868984520435333,10.225207328796387,-70.43510437011719,393.68475341796875,0.0,46.731641512139234,1660,-5.999999999999561,0.0,0.0,0.0,0.013577213837379766
4960,1,crash,2,0,1,-51.04610815241888,408,,,0.2762305147677761,0.1,0.4873899817466736,10.229334831237793,-70.43510437011719,375.5330505371094,0.0,33.789940585845144,354,-0.8160000000000006,-4.020048738264059,-80.0,0.0,-0.12511301017749726
4970,1,crash,2,0,1,-109.81811641737073,594,,,0.27485246564739413,0.1,0.48533347249031067,10.191702842712402,-70.43510437011719,368.5489501953125,0.0,-25.429855728159925,295,-1.1880000000000008,-3.2002606892108005,-80.0,0.0,-0.1848789838676275
4980,1,max_steps,2,0,0,6.905793048600205,3000,,,0.2734812912902141,0.1,0.4850696623325348,10.161112785339355,-70.43510437011719,374.40447998046875,0.0,12.90579304859997,1866,-5.999999999999561,0.0,0.0,0.0,0.0023019310162000683
4990,1,max_steps,2,0,0,-10.217036667399741,3000,,,0.272116957399658,0.1,0.48690444231033325,10.210362434387207,-70.43510437011719,375.3164367675781,0.0,-4.217036667399903,1150,-5.999999999999561,0.0,0.0,0.0,-0.003405678889133247
5000,1,max_steps,2,1,0,472.4823695385707,3000,642.0,642.0,0.2707594298502457,0.1,0.4862273633480072,10.214004516601562,-70.43510437011719,386.2965087890625,500.0,53.60606201307381,2330,-5.9979999999995615,-75.12569247450395,0.0,0.0,0.15749412317952358
5010,1,crash,2,2,1,971.1208531426331,1196,528.5,528.5,0.2694086746867405,0.1,0.492160439491272,10.292841911315918,-70.43510437011719,386.2743835449219,1000.0,63.31751605907898,1038,-2.3879999999999586,-9.808662916445858,-80.0,0.0,0.811973957477118
5020,1,crash,2,1,1,424.09743366013174,1724,1536.0,1536.0,0.26806465812330094,0.1,0.4920574724674225,10.301412582397461,-70.43510437011719,384.2807312011719,500.0,17.022898253557003,706,-3.445999999999842,-9.479464593425249,-80.0,0.0,0.24599619121817387
5030,1,max_steps,2,1,0,535.3905570347983,3000,2969.0,2969.0,0.2667273465426349,0.1,0.4956432282924652,10.340551376342773,-70.43510437011719,383.64306640625,500.0,41.38855703479841,1747,-5.9979999999995615,0.0,0.0,0.0,0.17846351901159946
5040,1,max_steps,2,1,0,543.9882164094524,3000,1444.0,1444.0,0.26539670649515895,0.1,0.49768203496932983,10.295891761779785,-70.26899719238281,384.13653564453125,500.0,66.736806330571,2166,-5.9979999999995615,-16.750589921119204,0.0,0.0,0.1813294054698175
5050,1,crash,2,1,1,461.8277554321655,1375,587.0,587.0,0.264072704698162,0.1,0.49662110209465027,10.261611938476562,-70.26899719238281,366.6914978027344,500.0,78.66058335893604,1173,-2.747999999999919,-34.08482792677049,-80.0,0.0,0.33587473122339306
5060,1,crash,2,0,1,-57.57086420541163,788,,,0.26275530803497266,0.1,0.4967699348926544,10.264070510864258,-70.26899719238281,389.86749267578125,0.0,31.187126079463365,518,-1.5760000000000012,-7.181990284874986,-80.0,0.0,-0.07305947234189293
5070,1,max_steps,2,1,0,504.58972590059875,3000,421.0,421.0,0.2614444835541303,0.1,0.4980678856372833,10.30252456665039,-70.26899719238281,401.7203674316406,500.0,10.587725900598974,1459,-5.9979999999995615,0.0,0.0,0.0,0.16819657530019957
5080,1,crash,2,1,1,367.08074479161485,2671,928.0,928.0,0.26014019846856185,0.1,0.49920207262039185,10.32590389251709,-70.26899719238281,391.01678466796875,500.0,65.42097866163763,1476,-5.339999999999634,-113.00023387002153,-80.0,0.0,0.1374319523742474
5090,1,max_steps,2,1,0,578.9787475341471,3000,2258.0,2258.0,0.2588424201547613,0.1,0.5033168196678162,10.391968727111816,-70.26899719238281,402.552001953125,500.0,85.17088559382539,1573,-5.9979999999995615,-0.1941380596781063,0.0,0.0,0.19299291584471573
5100,1,max_steps,2,0,0,26.315384506695874,3000,,,0.2575511161519733,0.1,0.5033621191978455,10.324196815490723,-69.51435852050781,377.498779296875,0.0,32.315384506695864,1457,-5.999999999999561,0.0,0.0,0.0,0.008771794835565292
5110,1,max_steps,2,0,0,-23.48160117607778,3000,,,0.2562662541613818,0.1,0.499836802482605,10.270328521728516,-69.16194915771484,377.498779296875,0.0,-17.48160117607752,1383,-5.999999999999561,0.0,0.0,0.0,-0.007827200392025927
5120,1,max_steps,2,1,0,537.7866772843413,3000,2674.0,2674.0,0.2549878020453021,0.1,0.5019383430480957,10.288853645324707,-69.16194915771484,363.1918029785156,500.0,43.78467728434138,1693,-5.9979999999995615,0.0,0.0,0.0,0.1792622257614471
5130,1,max_steps,2,0,0,5.690078812495465,3000,,,0.25371572782637636,0.1,0.5062769055366516,10.390035629272461,-69.16194915771484,376.75677490234375,0.0,11.690078812495138,1915,-5.999999999999561,0.0,0.0,0.0,0.0018966929374984885
5140,1,crash,2,0,1,-126.79319672132729,1602,,,0.2524499996867748,0.1,0.5078880190849304,10.429159164428711,-69.64250183105469,377.1171875,0.0,-37.69069696594997,316,-3.2039999999998687,-5.898499755377337,-80.0,0.0,-0.07914681443278856
5150,1,crash,2,0,1,-89.87046466751474,2507,,,0.25119058596739896,0.1,0.5061870813369751,10.409028053283691,-69.64250183105469,376.75677490234375,0.0,22.78163201355552,1112,-5.01399999999967,-27.638096681070376,-80.0,0.0,-0.03584781199342431
5160,1,max_steps,2,1,0,574.5565632559542,3000,1984.0,1984.0,0.24993745516709043,0.1,0.5051383972167969,10.399827003479004,-70.10416412353516,372.2062683105469,500.0,80.55456325595424,1879,-5.9979999999995615,0.0,0.0,0.0,0.1915188544186514
5170,1,crash,2,0,1,-81.92279540601685,401,,,0.2486905759418424,0.1,0.5059638023376465,10.415756225585938,-70.10416412353516,367.1957702636719,0.0,3.4776179414299904,284,-0.8020000000000006,-4.598413347446805,-80.0,0.0,-0.20429624789530385
5180,1,crash,2,0,1,-142.89852277581699,1070,,,0.24744991710401615,0.1,0.508089005947113,10.458703994750977,-70.10416412353516,370.63580322265625,0.0,-31.022256124940654,354,-2.139999999999986,-29.736266650876214,-80.0,0.0,-0.13355002128581026
5190,1,crash,2,1,1,439.58601430016694,436,382.0,382.0,0.24621544762156067,0.1,0.507483720779419,10.448372840881348,-70.10416412353516,370.63580322265625,500.0,23.90267336971164,368,-0.8700000000000007,-3.446659069544284,-80.0,0.0,1.00822480344075
5200,1,crash,2,1,1,357.3551308970342,2327,780.0,780.0,0.24498713661723667,0.1,0.5087825655937195,10.459351539611816,-70.10416412353516,366.32073974609375,500.0,45.78583109301636,1371,-4.65199999999971,-103.77870019598095,-80.0,0.0,0.15356902917792617
5210,1,crash,2,1,1,419.9694000146416,1547,242.0,242.0,0.24376495336784404,0.1,0.5205411314964294,10.648101806640625,-70.10416412353516,403.0987854003906,500.0,14.011905034142513,714,-3.091999999999881,-10.950505019501383,-80.0,0.0,0.27147343245936756
5220,1,success,2,3,0,1601.8869757082616,1481,493.6666666666667,504.0,0.2425488673034535,0.1,0.5274716019630432,10.740483283996582,-70.38866424560547,383.7807312011719,1500.0,117.71075651911741,1383,-2.955999999999896,-12.867780810855969,0.0,0.0,1.0816252368050383
5230,1,crash,2,1,1,420.0569054266528,2985,1964.0,1964.0,0.24133884800664204,0.1,0.5317060351371765,10.774568557739258,-70.38866424560547,377.3189697265625,500.0,52.23239631782314,1315,-5.967999999999565,-46.2074908911706,-80.0,0.0,0.14072258138246324
5240,1,max_steps,2,2,0,1011.4669374893914,3000,1144.5,1144.5,0.240134865211732,0.1,0.5332203507423401,10.819978713989258,-69.67720031738281,397.234375,1000.0,17.462937489391255,1355,-5.995999999999562,0.0,0.0,0.0,0.3371556458297971
5250,1,max_steps,2,0,0,-34.43862991645525,3000,,,0.23893688880403405,0.1,0.5331965088844299,10.833711624145508,-68.82254791259766,377.7581787109375,0.0,-12.70763970347086,1112,-5.999999999999561,-15.730990212984324,0.0,0.0,-0.011479543305485083
5260,1,crash,2,2,1,942.3923994384755,1814,488.5,488.5,0.2377448888190939,0.1,0.5392524600028992,10.882726669311523,-69.5854263305664,391.9806823730469,1000.0,39.18300115709996,1140,-3.6239999999998225,-13.166601718624776,-80.0,0.0,0.519510694288024
5270,1,crash,2,1,1,433.85505656246426,1432,1333.0,1333.0,0.23655883544194298,0.1,0.5480265021324158,11.021958351135254,-70.07305908203125,398.0137939453125,500.0,20.65444994898836,683,-2.8619999999999064,-3.937393386524233,-80.0,0.0,0.30297140821401136
5280,1,crash,2,0,1,-96.27359030496811,740,,,0.23537869900635255,0.1,0.5513293743133545,11.050868034362793,-69.96040344238281,404.17828369140625,0.0,-11.529419102526056,204,-1.480000000000001,-3.264171202442069,-80.0,0.0,-0.130099446358065
5290,1,max_steps,2,2,0,1028.1504555524264,3000,1338.5,1338.5,0.23420444999409176,0.1,0.5540540218353271,11.047399520874023,-70.22212982177734,420.1358642578125,1000.0,60.92293570020801,1687,-5.995999999999562,-26.776480147781513,0.0,0.0,0.34271681851747543
5300,1,max_steps,2,1,0,550.2131712468787,3000,242.0,242.0,0.2330360590341892,0.1,0.5552433133125305,11.053478240966797,-70.16200256347656,408.8568420410156,500.0,56.21117124688015,1565,-5.9979999999995615,0.0,0.0,0.0,0.18340439041562623
5310,1,max_steps,2,0,0,18.19434999074229,3000,,,0.2318734969021984,0.1,0.5596137642860413,11.08087158203125,-69.92286682128906,402.293701171875,0.0,24.194349990742225,1601,-5.999999999999561,0.0,0.0,0.0,0.00606478333024743
5320,1,max_steps,2,0,0,25.985577334494916,3000,,,0.2307167345194668,0.1,0.5670978426933289,11.166765213012695,-69.92286682128906,406.5741882324219,0.0,31.985577334494952,1552,-5.999999999999561,0.0,0.0,0.0,0.008661859111498306
5330,1,max_steps,2,1,0,552.8852796688825,3000,1748.0,1748.0,0.22956574295240825,0.1,0.5727972388267517,11.264754295349121,-69.92286682128906,417.0179443359375,500.0,59.6212281109769,1889,-5.9979999999995615,-0.7379484420956419,0.0,0.0,0.18429509322296084
5340,1,max_steps,2,1,0,564.9155753233108,3000,743.0,743.0,0.2284204934117796,0.1,0.569563627243042,11.241472244262695,-69.92286682128906,413.9889831542969,500.0,70.91357532331195,1631,-5.9979999999995615,0.0,0.0,0.0,0.18830519177443694
5350,1,crash,2,1,1,361.4835880396349,1814,550.0,550.0,0.22728095725196054,0.1,0.5752956867218018,11.327980995178223,-69.92286682128906,431.9388427734375,500.0,26.037831788957405,982,-3.6259999999998223,-80.92824374932233,-80.0,0.0,0.1992743043217392
5360,1,max_steps,2,0,0,3.918630993096792,3000,,,0.22614710597023688,0.1,0.5757589936256409,11.329604148864746,-69.92286682128906,431.9388427734375,0.0,9.918630993096684,1465,-5.999999999999561,0.0,0.0,0.0,0.001306210331032264
5370,1,crash,2,1,1,430.1597604000462,693,569.0,569.0,0.2250189112060878,0.1,0.5785925388336182,11.399496078491211,-69.92286682128906,423.9553527832031,500.0,19.23193392068449,510,-1.384000000000001,-7.6881735206382995,-80.0,0.0,0.6207211549784216
5380,1,max_steps,2,1,0,534.1840267420303,3000,2732.0,2732.0,0.22389634474047654,0.1,0.5797898769378662,11.416720390319824,-69.81584930419922,416.1693420410156,500.0,40.18202674203082,1417,-5.9979999999995615,0.0,0.0,0.0,0.1780613422473434
5390,1,max_steps,2,1,0,374.74293582666934,3000,1012.0,1012.0,0.22277937849514431,0.1,0.581506073474884,11.447665214538574,-69.81584930419922,402.4521179199219,500.0,69.87189965415457,1996,-5.9979999999995615,-189.13096382748572,0.0,0.0,0.12491431194222312
5400,1,crash,2,0,1,-110.50944874382594,1219,,,0.2216679845319083,0.1,0.5844497680664062,11.475266456604004,-69.93183898925781,416.5029602050781,0.0,3.465902387999785,686,-2.437999999999953,-31.537351131825684,-80.0,0.0,-0.0906558234157719
5410,1,crash,2,1,1,366.5793295511794,2418,1800.0,1800.0,0.22056213505196273,0.1,0.5892724394798279,11.505809783935547,-70.51726531982422,408.0079040527344,500.0,45.91935950509914,1235,-4.83399999999969,-94.50602995391952,-80.0,0.0,0.15160435465309322
5420,1,crash,2,1,1,382.49306080334475,1070,172.0,172.0,0.21946180239518348,0.1,0.5922697186470032,11.548890113830566,-70.51726531982422,419.48748779296875,500.0,2.1799000547113985,528,-2.137999999999986,-37.54883925136692,-80.0,0.0,0.35747015028349977
5430,1,crash,2,0,1,-124.38617103735652,1234,,,0.21836695903943626,0.1,0.6043920516967773,11.706123352050781,-70.51726531982422,436.4205322265625,0.0,-31.295685000464424,185,-2.46799999999995,-10.622486036892079,-80.0,0.0,-0.10079916615669086
5440,1,crash,2,1,1,399.2174633029353,1093,217.0,217.0,0.2172775775998883,0.1,0.606016218662262,11.731802940368652,-70.51726531982422,432.2977294921875,500.0,-12.547183559316274,446,-2.183999999999981,-6.0513531377482765,-80.0,0.0,0.36524928024056297
5450,1,crash,2,0,1,-105.76157937920895,2195,,,0.2161936308283234,0.1,0.6051158308982849,11.734127044677734,-70.51726531982422,437.7857666015625,0.0,-15.799550180208893,1125,-4.3899999999997386,-5.572029199000131,-80.0,0.0,-0.04818295188118859
5460,1,max_steps,2,0,0,-0.6613154816454199,3000,,,0.21511509161246015,0.1,0.6075586676597595,11.752704620361328,-70.51726531982422,438.9528503417969,0.0,5.338684518354583,1959,-5.999999999999561,0.0,0.0,0.0,-0.00022043849388180662
5470,1,max_steps,2,0,0,28.500927228947994,3000,,,0.2140419329752739,0.1,0.6053398847579956,11.63530158996582,-70.51726531982422,419.1991882324219,0.0,34.50092722894783,1378,-5.999999999999561,0.0,0.0,0.0,0.009500309076315997
5480,1,crash,2,0,1,-91.86234494803865,998,,,0.21297412807432226,0.1,0.6093758344650269,11.679676055908203,-70.51726531982422,428.4228210449219,0.0,24.758452870526046,650,-1.9960000000000016,-34.62479781856467,-80.0,0.0,-0.09204643782368603
5490,1,max_steps,2,0,0,1.3375537110683917,3000,,,0.21191165020107328,0.1,0.6077757477760315,11.656923294067383,-69.35972595214844,410.283447265625,0.0,7.337553711068367,1804,-5.999999999999561,0.0,0.0,0.0,0.00044585123702279726
5500,1,crash,2,1,1,418.3293197777679,1867,1789.0,1789.0,0.21085447278023772,0.1,0.6080191135406494,11.640624046325684,-68.76778411865234,414.00543212890625,500.0,45.489243571348375,1183,-3.7319999999998106,-43.42792379358067,-80.0,0.0,0.22406498113431597
5510,1,crash,2,0,1,-87.1424670944893,1489,,,0.20980256936910416,0.1,0.6107107996940613,11.691483497619629,-68.68236541748047,408.1606140136719,0.0,10.42478923297113,836,-2.9779999999998936,-14.58925632746047,-80.0,0.0,-0.05852415520113452
5520,1,crash,2,0,1,-58.794053415872625,2401,,,0.20875591365687762,0.1,0.6142781376838684,11.698588371276855,-68.68236541748047,420.981201171875,0.0,29.752996284971058,1332,-4.801999999999693,-3.745049700843638,-80.0,0.0,-0.024487319206944035
5530,1,crash,2,2,1,978.8644420101704,2288,819.0,819.0,0.20771447946402152,0.1,0.6156780123710632,11.65649700164795,-68.68236541748047,401.6633605957031,1000.0,70.04198023305979,1341,-4.5719999999997185,-6.605538222888793,-80.0,0.0,0.4278253680114381
5540,1,crash,2,1,1,432.8412058839981,871,699.0,699.0,0.20667824074160296,0.1,0.6211198568344116,11.73363971710205,-68.68236541748047,401.707763671875,500.0,20.542448743148217,605,-1.7400000000000013,-5.961242859150609,-80.0,0.0,0.4969474235177935
5550,1,crash,2,0,1,-116.0884035693749,685,,,0.20564717157064083,0.1,0.6261681318283081,11.747275352478027,-68.68236541748047,392.4289245605469,0.0,-30.517701091770704,394,-1.370000000000001,-4.200702477604218,-80.0,0.0,-0.16947212199908746
5560,1,crash,2,1,1,387.73410596491544,1203,162.0,162.0,0.20462124616145785,0.1,0.6299426555633545,11.772246360778809,-69.2720947265625,383.72216796875,500.0,-15.875210977881325,659,-2.403999999999957,-13.98668305720375,-80.0,0.0,0.3223059899957734
5570,1,max_steps,2,0,0,-4.3775857024626905,3000,,,0.2036004388530354,0.1,0.6366736888885498,11.848605155944824,-68.96559143066406,404.848388671875,0.0,1.622414297537298,1597,-5.999999999999561,0.0,0.0,0.0,-0.0014591952341542302
5580,1,crash,2,1,1,444.9562285044191,515,418.0,418.0,0.2025847241123715,0.1,0.6393508911132812,11.881561279296875,-68.96559143066406,397.6920166015625,500.0,32.87477006831833,417,-1.0280000000000007,-6.890541563899104,-80.0,0.0,0.8639926767076098
5590,1,crash,2,1,1,431.39924150903994,783,668.0,668.0,0.20157407653384252,0.1,0.6456281542778015,11.96987247467041,-68.96559143066406,404.326171875,500.0,17.948385376025772,648,-1.5640000000000012,-4.985143866985735,-80.0,0.0,0.5509568857075862
5600,1,max_steps,2,1,0,495.85266244537667,3000,472.0,472.0,0.20056847083856735,0.1,0.6473217010498047,12.039957046508789,-68.96559143066406,433.947509765625,500.0,29.015226466944892,1305,-5.9979999999995615,-27.16456402156898,0.0,0.0,0.16528422081512556
5610,1,crash,2,0,1,-90.98141040740289,2116,,,0.1995678818737754,0.1,0.6517557501792908,12.038722038269043,-73.02458190917969,410.69671630859375,0.0,4.753156409213379,1097,-4.231999999999756,-11.502566816616238,-80.0,0.0,-0.04299688582580477
5620,1,crash,2,0,1,-77.1523981702679,2316,,,0.19857228461217727,0.1,0.6526480913162231,12.028373718261719,-73.02458190917969,410.778076171875,0.0,18.645952863649953,992,-4.631999999999712,-11.166351033917916,-80.0,0.0,-0.03331277986626421
5630,1,crash,2,0,1,-98.64369031051743,2574,,,0.1975816541513388,0.1,0.6570924520492554,12.119635581970215,-72.47554779052734,419.2769470214844,0.0,-9.392839269866437,1259,-5.147999999999655,-4.102851040651023,-80.0,0.0,-0.03832311200874803
5640,1,success,2,3,0,1550.842481247082,1805,601.6666666666666,495.0,0.19659596571305837,0.1,0.6661429405212402,12.256172180175781,-72.47554779052734,422.3746032714844,1500.0,54.446481247083916,1254,-3.6039999999998247,0.0,0.0,0.0,0.859192510386195
5650,1,crash,2,0,1,-109.99481780171226,1393,,,0.1956151946427468,0.1,0.6722280979156494,12.359869003295898,-72.47554779052734,451.0277099609375,0.0,-18.77209130018777,515,-2.7859999999999148,-8.436726501524555,-80.0,0.0,-0.07896253969972165
5660,1,crash,2,1,1,466.6445424579317,1460,515.0,515.0,0.19463931640881085,0.1,0.675468385219574,12.345613479614258,-72.47554779052734,427.5845642089844,500.0,75.20900261707708,1039,-2.9179999999999002,-25.64646015914562,-80.0,0.0,0.31961954962872036
5670,1,crash,2,1,1,426.05825708356866,1598,1282.0,1282.0,0.1936683066020399,0.1,0.6773260235786438,12.370027542114258,-72.42420959472656,408.0353698730469,500.0,14.243369738846525,956,-3.19399999999987,-4.9911126552780685,-80.0,0.0,0.26661968528383523
5680,1,max_steps,2,1,0,571.9643974883107,3000,810.0,810.0,0.19270214093499485,0.1,0.6788151264190674,12.380629539489746,-72.42420959472656,421.4541320800781,500.0,77.96239748831087,2042,-5.9979999999995615,0.0,0.0,0.0,0.19065479916277026
5690,1,crash,2,0,1,-66.9685600188412,762,,,0.19174079524140106,0.1,0.6809055209159851,12.385947227478027,-72.42420959472656,400.50994873046875,0.0,24.351797481158393,376,-1.5240000000000011,-9.796357499999583,-80.0,0.0,-0.087885249368558
5700,1,crash,2,0,1,-108.71508032645312,2206,,,0.19078424547554382,0.1,0.6804513335227966,12.354972839355469,-72.42420959472656,399.3643493652344,0.0,-18.399363558508373,925,-4.411999999999736,-5.903716767944846,-80.0,0.0,-0.04928154139911746
5710,1,max_steps,2,0,0,20.136609422797108,3000,,,0.18983246771166667,0.1,0.6784653663635254,12.326866149902344,-72.72769165039062,387.61444091796875,0.0,26.136609422797008,1377,-5.999999999999561,0.0,0.0,0.0,0.006712203140932369
5720,1,crash,2,1,1,457.19000601448334,956,915.0,915.0,0.18888543814337327,0.1,0.6811618804931641,12.364374160766602,-72.72769165039062,417.72320556640625,500.0,43.04583898586728,869,-1.9100000000000015,-3.945832971384098,-80.0,0.0,0.47823222386452235
5730,1,success,2,3,0,1547.1201202895425,931,310.3333333333333,256.0,0.1879431330830317,0.1,0.6909123659133911,12.46690559387207,-72.72769165039062,424.84466552734375,1500.0,48.976120289544156,777,-1.8560000000000014,0.0,0.0,0.0,1.6617831582057383
5740,1,crash,2,0,1,-73.94758893382185,1239,,,0.1870055289611821,0.1,0.6966640949249268,12.482287406921387,-72.72769165039062,400.12615966796875,0.0,24.607864809798123,720,-2.4779999999999487,-16.07745374361998,-80.0,0.0,-0.05968328404666816
5750,1,max_steps,2,0,0,-55.71808427816486,3000,,,0.18607260232594713,0.1,0.6968934535980225,12.503951072692871,-73.5696029663086,418.4945983886719,0.0,23.45039682400747,1243,-5.999999999999561,-73.16848110217252,0.0,0.0,-0.018572694759388286
5760,1,crash,2,1,1,441.0277963641805,2203,1544.0,1544.0,0.18514432984244536,0.1,0.6987517476081848,12.512803077697754,-73.57864379882812,408.5816345214844,500.0,38.168918083101076,1357,-4.403999999999737,-12.737121718919983,-80.0,0.0,0.20019418809086723
5770,1,crash,2,1,1,437.3261435629462,1607,1035.0,1035.0,0.18422068829220756,0.1,0.702079713344574,12.525554656982422,-73.57864379882812,411.6429443359375,500.0,52.33298482774331,869,-3.211999999999868,-31.79484126479722,-80.0,0.0,0.27213823494893974
5780,1,crash,2,0,1,-70.1884706157182,1307,,,0.18330165457259603,0.1,0.7039617300033569,12.518269538879395,-72.72602081298828,405.9837951660156,0.0,22.266359157552078,654,-2.6139999999999337,-9.840829773270238,-80.0,0.0,-0.053701966806211324
5790,1,crash,2,0,1,-50.855138895427885,1553,,,0.18238720569622668,0.1,0.7086870074272156,12.589973449707031,-72.72602081298828,417.0432434082031,0.0,38.45398726617522,867,-3.1059999999998795,-6.203126161603175,-80.0,0.0,-0.03274638692558138
5800,1,crash,2,0,1,-89.8407626158944,1175,,,0.18147731879039405,0.1,0.7145324349403381,12.610323905944824,-72.36786651611328,416.4949645996094,0.0,-1.211637709168497,430,-2.349999999999963,-6.279124906725912,-80.0,0.0,-0.07646022350288885
5810,1,crash,2,1,1,437.9733775983999,475,356.0,356.0,0.18057197109649922,0.1,0.721378743648529,12.721312522888184,-72.36786651611328,440.7044982910156,500.0,24.962302869303638,324,-0.9480000000000007,-6.040925270903823,-80.0,0.0,0.9220492159966314
5820,1,max_steps,2,1,0,526.8501433790552,3000,327.0,327.0,0.17967113996948067,0.1,0.7242926359176636,12.75546932220459,-72.36786651611328,440.7044982910156,500.0,52.75677706504504,1749,-5.9979999999995615,-19.908633685988473,0.0,0.0,0.17561671445968507
5830,1,crash,2,1,1,467.6357059374127,1790,1106.0,1106.0,0.17877480287724762,0.1,0.7280911207199097,12.827635765075684,-72.36786651611328,440.7044982910156,500.0,55.54818088705923,936,-3.5779999999998275,-4.334474949646853,-80.0,0.0,0.26124899773039817
5840,1,crash,2,1,1,433.2036271785869,1829,595.0,595.0,0.17788293740011682,0.1,0.7320122718811035,12.90832233428955,-73.21546936035156,448.19482421875,500.0,55.973486969054576,857,-3.655999999999819,-39.113859790466584,-80.0,0.0,0.23685272125674514
5850,1,crash,2,0,1,-97.37677126539278,884,,,0.17699552123025133,0.1,0.7360005378723145,12.907258033752441,-73.27423858642578,440.7044982910156,0.0,-7.690036569253581,267,-1.7680000000000013,-7.918734696139227,-80.0,0.0,-0.11015471862600992
5860,1,crash,2,1,1,437.94291228411623,1023,742.0,742.0,0.1761125321711029,0.1,0.7409304976463318,12.993502616882324,-72.20956420898438,446.20574951171875,500.0,39.492269880565836,720,-2.0439999999999965,-19.5053575964487,-80.0,0.0,0.4280966884497715
5870,1,crash,2,1,1,442.8941472048932,1001,614.0,614.0,0.17523394813685653,0.1,0.7424461841583252,13.02840518951416,-72.20956420898438,446.20574951171875,500.0,44.054947016338346,699,-2.0000000000000013,-19.160799811444566,-80.0,0.0,0.44245169550938385
5880,1,crash,2,2,1,943.1671457614187,669,280.5,280.5,0.1743597471518782,0.1,0.7435887455940247,13.066410064697266,-72.20956420898438,446.20574951171875,1000.0,30.097729651648844,555,-1.334000000000001,-5.596583890229839,-80.0,0.0,1.4098163613773076
5890,1,max_steps,2,1,0,495.7283397744733,3000,2820.0,2820.0,0.17348990735016528,0.1,0.7449008822441101,13.091506958007812,-72.26097106933594,446.20574951171875,500.0,31.021699642439827,1450,-5.9979999999995615,-29.295359867965978,0.0,0.0,0.16524277992482442
5900,1,crash,2,0,1,-81.47528010961126,407,,,0.1726244069747993,0.1,0.7451497316360474,13.086931228637695,-72.26097106933594,425.6307067871094,0.0,3.282050942806752,280,-0.8140000000000006,-3.943331052418011,-80.0,0.0,-0.20018496341427827
5910,1,max_steps,2,0,0,33.565529884550955,3000,,,0.17176322437740213,0.1,0.7459718585014343,13.052506446838379,-72.26097106933594,412.170166015625,0.0,39.56552988455093,1285,-5.999999999999561,0.0,0.0,0.0,0.011188509961516985
5920,1,crash,2,0,1,-99.8784177017682,2127,,,0.17090633801759414,0.1,0.7441802620887756,13.071002960205078,-72.26097106933594,412.170166015625,0.0,-2.0662994863576207,885,-4.2539999999997535,-13.558118215410598,-80.0,0.0,-0.046957413117897605
5930,1,crash,2,0,1,-128.15829631690906,2643,,,0.1700537264624557,0.1,0.7398434281349182,13.02416706085205,-72.26097106933594,412.170166015625,0.0,-32.43335023721397,1014,-5.28599999999964,-10.43894607969513,-80.0,0.0,-0.04848970727086987
5940,1,crash,2,1,1,444.86347129144355,1711,573.0,573.0,0.16920536838599093,0.1,0.7439331412315369,13.090524673461914,-73.63007354736328,413.3608093261719,500.0,39.25583960307824,1051,-3.419999999999845,-10.972368311634801,-80.0,0.0,0.2600020288085585
5950,1,crash,2,1,1,462.07312983897896,2772,546.0,546.0,0.1683612425685944,0.1,0.7474201321601868,13.139758110046387,-73.61212921142578,434.356689453125,500.0,65.86925374807186,1756,-5.541999999999612,-18.25412390909469,-80.0,0.0,0.16669304828245995
5960,1,crash,2,1,1,450.2001448405689,1865,1233.0,1233.0,0.1675213278965202,0.1,0.7492218613624573,13.150792121887207,-73.61212921142578,411.1715087890625,500.0,39.47948229368269,1068,-3.727999999999811,-5.5513374531142,-80.0,0.0,0.24139417953917902
5970,1,crash,2,0,1,-109.1885689538898,519,,,0.166685603361354,0.1,0.7581238150596619,13.212060928344727,-73.61212921142578,422.6365966796875,0.0,4.629054027727095,288,-1.0380000000000007,-32.779622981616896,-80.0,0.0,-0.21038259914044277
5980,1,crash,2,1,1,444.2689471939479,1723,885.0,885.0,0.1658540480594875,0.1,0.7673730850219727,13.319952964782715,-73.61212921142578,424.54656982421875,500.0,45.68739204759141,1296,-3.4439999999998423,-17.97444485364352,-80.0,0.0,0.25784616784326636
5990,1,crash,2,1,1,402.24170396143654,820,615.0,615.0,0.16502664119159566,0.1,0.7748097777366638,13.369949340820312,-73.51890563964844,396.320068359375,500.0,-11.027981791234899,349,-1.6380000000000012,-5.092314247328588,-80.0,0.0,0.49053866336760554
6000,1,crash,2,1,1,433.3284453667835,941,496.0,496.0,0.16420336206211625,0.1,0.7829543948173523,13.507232666015625,-73.51890563964844,434.4458312988281,500.0,28.71273362633294,588,-1.8800000000000014,-13.504288259550256,-80.0,0.0,0.46049781654280925
6010,1,max_steps,2,2,0,1042.4535280079633,3000,1248.0,1248.0,0.1633841900787324,0.1,0.7889820337295532,13.564382553100586,-73.51890563964844,450.13787841796875,1000.0,71.6672128268329,2348,-5.995999999999562,-23.217684818869355,0.0,0.0,0.3474845093359878
6020,1,crash,2,0,1,-121.92117070303686,571,,,0.16256910475185748,0.1,0.7879630923271179,13.526556015014648,-74.328857421875,417.4925231933594,0.0,-37.773407091999324,0,-1.1420000000000008,-3.0057636110375094,-80.0,0.0,-0.21352219037309433
6030,1,crash,2,1,1,430.6549067056048,608,453.0,453.0,0.16175808569412264,0.1,0.789317786693573,13.537010192871094,-74.328857421875,431.5031433105469,500.0,20.32475837792363,274,-1.2140000000000009,-8.455851672319163,-80.0,0.0,0.7083139912921131
6040,1,crash,2,1,1,432.07436521087783,553,381.0,381.0,0.16095111261986667,0.1,0.7926775813102722,13.51761531829834,-74.73234558105469,417.20330810546875,500.0,29.489856071938163,371,-1.1040000000000008,-16.311490861060204,-80.0,0.0,0.7813279660232872
6050,1,max_steps,2,0,0,-13.781877137529062,3000,,,0.16014816534462892,0.1,0.7915841341018677,13.461945533752441,-75.07510375976562,394.91326904296875,0.0,-7.781877137529302,1194,-5.999999999999561,0.0,0.0,0.0,-0.00459395904584302
6060,1,crash,2,0,1,-64.91151474514233,1044,,,0.15934922378464417,0.1,0.7967919707298279,13.531420707702637,-75.07510375976562,418.6191101074219,0.0,36.64110533011143,632,-2.0879999999999916,-19.464620075253823,-80.0,0.0,-0.06217578040722445
6070,1,crash,2,2,1,910.063073193296,2920,1167.0,1167.0,0.15855426795634042,0.1,0.8030009269714355,13.567676544189453,-75.07510375976562,424.28167724609375,1000.0,93.77876758480048,1735,-5.835999999999579,-97.87969439150218,-80.0,0.0,0.3116654360251014
6080,1,crash,2,1,1,386.3242066048117,851,451.0,451.0,0.15776327797583906,0.1,0.8089942932128906,13.538022994995117,-74.42786407470703,406.2508544921875,500.0,-11.270117020587396,385,-1.7000000000000013,-20.705676374600777,-80.0,0.0,0.45396499013491387
6090,1,crash,2,0,1,-120.28925557198167,1059,,,0.1569762340584574,0.1,0.8147484064102173,13.62365436553955,-74.42786407470703,424.0769958496094,0.0,-30.537303262610173,290,-2.1179999999999883,-7.633952309371554,-80.0,0.0,-0.11358758788666824
6100,1,crash,2,0,1,-134.3437747095199,1727,,,0.15619311651821388,0.1,0.8223780393600464,13.750988006591797,-74.42786407470703,425.05389404296875,0.0,-22.265545376378064,539,-3.453999999999841,-28.62422933314198,-80.0,0.0,-0.07779025750406479
6110,1,crash,2,1,1,397.1254311460168,639,464.0,464.0,0.15541390576733574,0.1,0.8296834826469421,13.813885688781738,-74.42786407470703,435.8789367675781,500.0,-16.716883624987265,316,-1.276000000000001,-4.881685228995916,-80.0,0.0,0.6214795479593377
6120,1,crash,2,1,1,410.38681029490556,1325,636.0,636.0,0.15463858231576902,0.1,0.8381866812705994,13.955953598022461,-74.21337127685547,449.1896667480469,500.0,0.9809374909036332,770,-2.64799999999993,-7.946127195998576,-80.0,0.0,0.30972589456219285
6130,1,crash,2,1,1,434.29786553814415,1199,912.0,912.0,0.15386712677069095,0.1,0.8399149179458618,13.917719841003418,-74.21337127685547,398.1387634277344,500.0,37.09745010248139,722,-2.3959999999999577,-20.403584564337343,-80.0,0.0,0.36221673522780995
6140,1,crash,2,1,1,239.12766198579487,1728,318.0,318.0,0.15309951983602518,0.1,0.8477498888969421,14.029629707336426,-74.21337127685547,448.5487365722656,500.0,11.730965024496728,983,-3.453999999999841,-189.14930303870082,-80.0,0.0,0.13838406364918684
6150,1,crash,2,1,1,438.35465208388445,1273,1129.0,1129.0,0.15233574231195876,0.1,0.8509734869003296,14.097575187683105,-74.21337127685547,443.5958251953125,500.0,31.99472441701713,986,-2.5439999999999414,-11.096072333132428,-80.0,0.0,0.3443477235537191
6160,1,crash,2,1,1,499.53817959848146,2750,1741.0,1741.0,0.15157577509446213,0.1,0.8559093475341797,14.142064094543457,-74.21337127685547,414.60479736328125,500.0,93.3138646170424,1813,-5.4979999999996165,-8.277685018560364,-80.0,0.0,0.18165024712672054
6170,1,crash,2,0,1,-61.91128054453934,639,,,0.15081959917481136,0.1,0.8580489754676819,14.14250659942627,-74.21337127685547,428.399658203125,0.0,22.48259411086661,341,-1.278000000000001,-3.1158746554059586,-80.0,0.0,-0.09688776298049974
6180,1,crash,2,1,1,383.67233937073956,937,524.0,524.0,0.15006719563911244,0.1,0.8621735572814941,14.212599754333496,-74.21337127685547,431.4326171875,500.0,-25.516415808324957,401,-1.8720000000000014,-8.93924482093532,-80.0,0.0,0.40946887873077864
6190,1,crash,2,0,1,-113.65542137728846,834,,,0.14931854566782843,0.1,0.8678181767463684,14.250517845153809,-74.21337127685547,417.9650573730469,0.0,-27.19324625905382,521,-1.6680000000000013,-4.794175118234675,-80.0,0.0,-0.1362774836658135
6200,1,crash,2,0,1,-122.15544477452865,363,,,0.1485736305353086,0.1,0.8748428821563721,14.296442031860352,-74.21337127685547,435.8791809082031,0.0,-37.431270514768094,16,-0.7260000000000005,-3.998174259760548,-80.0,0.0,-0.3365163767893351
6210,1,crash,2,1,1,416.3291758388451,1006,281.0,281.0,0.14783243160932008,0.1,0.8753535151481628,14.293243408203125,-74.21337127685547,435.8791809082031,500.0,13.572366918552493,595,-2.0100000000000002,-15.233191079706627,-80.0,0.0,0.41384609924338484
6220,1,crash,2,1,1,450.47365925300613,633,478.0,478.0,0.14709493035058183,0.1,0.8805828094482422,14.38288688659668,-74.21337127685547,450.55084228515625,500.0,41.20103691196555,568,-1.264000000000001,-9.463377658959143,-80.0,0.0,0.7116487507946384
6230,1,crash,2,1,1,411.4850953894022,2770,382.0,382.0,0.14636110831230095,0.1,0.882166862487793,14.427203178405762,-74.21337127685547,454.4483642578125,500.0,42.827716197641294,1960,-5.537999999999612,-45.80462080823992,-80.0,0.0,0.1485505759528528
6240,1,max_steps,2,0,0,15.619160687271766,3000,,,0.14563094713971125,0.1,0.8835813403129578,14.47053337097168,-73.52928161621094,451.1508483886719,0.0,21.619160687271673,1325,-5.999999999999561,0.0,0.0,0.0,0.005206386895757255
6250,1,max_steps,2,0,0,0.3873285737850678,3000,,,0.14490442856961414,0.1,0.883359968662262,14.465598106384277,-73.52928161621094,449.3151550292969,0.0,6.387328573785084,1228,-5.999999999999561,0.0,0.0,0.0,0.0001291095245950226
6260,1,crash,2,1,1,401.5447135692517,1729,1113.0,1113.0,0.14418153442992182,0.1,0.886053740978241,14.483122825622559,-73.52928161621094,439.66729736328125,500.0,5.47203597748701,704,-3.455999999999841,-20.471322408235718,-80.0,0.0,0.23224101421009352
6270,1,crash,2,1,1,443.5364721099904,470,396.0,396.0,0.14346224663920285,0.1,0.8931415677070618,14.558028221130371,-73.52928161621094,433.6160888671875,500.0,28.94192269769686,395,-0.9380000000000007,-4.46745058770639,-80.0,0.0,0.9436946215106179
6280,1,crash,2,1,1,429.0882233176377,1733,1614.0,1614.0,0.14274654720622973,0.1,0.9003245234489441,14.644810676574707,-73.52928161621094,445.968505859375,500.0,16.19731892323676,1231,-3.46399999999984,-3.6450956055987707,-80.0,0.0,0.2475985131665538
6290,1,max_steps,2,0,0,-43.91396164287118,3000,,,0.14203441822952892,0.1,0.9077051281929016,14.752897262573242,-73.52928161621094,435.8359680175781,0.0,13.801674620714278,1780,-5.999999999999561,-51.71563626358541,0.0,0.0,-0.014637987214290393
6300,1,crash,2,0,1,-208.7822979800925,1086,,,0.14132584189693323,0.1,0.9082736372947693,14.806018829345703,-73.42804718017578,446.7872009277344,0.0,-20.284444535417833,168,-2.1719999999999824,-106.32585344467466,-80.0,0.0,-0.19224889316767266
6310,1,crash,2,0,1,-51.36357135957188,1199,,,0.14062080048513614,0.1,0.9169876575469971,14.882852554321289,-73.42804718017578,456.42877197265625,0.0,43.94686534957839,777,-2.3979999999999575,-12.912436709150294,-80.0,0.0,-0.04283867502883393
6320,1,crash,2,0,1,-75.31594717013864,466,,,0.13991927635924858,0.1,0.9227112531661987,14.9450101852417,-73.94259643554688,456.9495849609375,0.0,11.073701609591172,327,-0.9320000000000007,-5.457648779729843,-80.0,0.0,-0.16162220422776533
6330,1,max_steps,2,0,0,30.18858242825433,3000,,,0.13922125197235766,0.1,0.9243744611740112,14.896173477172852,-72.46831512451172,457.9108581542969,0.0,36.18858242825423,1379,-5.999999999999561,0.0,0.0,0.0,0.010062860809418109
6340,1,max_steps,2,0,0,17.138546710974865,3000,,,0.13852670986508797,0.1,0.9201703667640686,14.766629219055176,-72.46831512451172,456.9495849609375,0.0,23.138546710974772,1530,-5.999999999999561,0.0,0.0,0.0,0.005712848903658288
6350,1,crash,2,1,1,403.62695744102973,871,237.0,237.0,0.13783563266516502,0.1,0.9249538779258728,14.816123962402344,-72.77352905273438,439.7001647949219,500.0,-10.870063157677317,236,-1.7400000000000013,-3.762979401293072,-80.0,0.0,0.4634063805293108
6360,1,max_steps,2,2,0,1073.5355962524711,3000,1394.5,1394.5,0.13714800308698025,0.1,0.9328551292419434,14.906820297241211,-72.77352905273438,451.5899658203125,1000.0,79.53159625247037,1737,-5.995999999999562,0.0,0.0,0.0,0.3578451987508237
6370,1,max_steps,2,0,0,5.776072437918915,3000,,,0.1364638039311591,0.1,0.9353210926055908,14.956398963928223,-72.77352905273438,451.5899658203125,0.0,11.776072437918737,1469,-5.999999999999561,0.0,0.0,0.0,0.0019253574793063049
6380,1,max_steps,2,1,0,526.1989060294122,3000,1363.0,1363.0,0.13578301808413057,0.1,0.9330869913101196,14.921212196350098,-72.71495056152344,451.5899658203125,500.0,32.19690602941335,1614,-5.9979999999995615,0.0,0.0,0.0,0.1753996353431374
6390,1,crash,2,0,1,-206.63520224061511,1943,,,0.13510562851769925,0.1,0.9351400136947632,14.927834510803223,-72.71495056152344,451.6236572265625,0.0,26.204649649211508,1062,-3.8859999999997936,-148.95385188982695,-80.0,0.0,-0.10634853434926152
6400,1,crash,2,0,1,-101.32517414657228,415,,,0.1344316182886194,0.1,0.9370739459991455,14.985044479370117,-71.77650451660156,456.53424072265625,0.0,-15.381793992579126,214,-0.8300000000000006,-5.113380153993154,-80.0,0.0,-0.24415704613631875
6410,1,crash,2,0,1,-64.20569546326067,467,,,0.1337609705381712,0.1,0.9357693195343018,14.98361587524414,-71.77650451660156,460.136962890625,0.0,28.383888147111428,354,-0.9340000000000007,-11.655583610372112,-80.0,0.0,-0.1374854292575175
6420,1,crash,2,1,1,436.767854498273,545,460.0,460.0,0.133093668491739,0.1,0.9414981007575989,15.064827919006348,-71.77650451660156,460.136962890625,500.0,22.62322855164712,459,-1.0880000000000007,-4.767374053374084,-80.0,0.0,0.8014089073362807
6430,1,success,2,3,0,1594.490115150219,1677,559.0,691.0,0.1324296954583917,0.1,0.946031928062439,15.135477066040039,-71.77650451660156,472.1488952636719,1500.0,97.83811515022128,1083,-3.347999999999853,0.0,0.0,0.0,0.9507991145797371
6440,1,success,2,3,0,1599.4896794293613,2484,828.0,398.0,0.13176903483046537,0.1,0.9501091241836548,15.170639038085938,-71.77650451660156,441.3740539550781,1500.0,104.45167942936075,1840,-4.961999999999676,0.0,0.0,0.0,0.6439169401889538
6450,1,crash,2,2,1,945.9633069438688,2725,1076.5,1076.5,0.13111167008314786,0.1,0.9607287049293518,15.324995994567871,-71.77650451660156,449.0928649902344,1000.0,43.06081560326618,1572,-5.445999999999622,-11.651508659394906,-80.0,0.0,0.3471424979610528
6460,1,success,2,3,0,1581.0408283748984,2370,790.0,866.0,0.1304575847740654,0.1,0.9677287340164185,15.43059253692627,-71.77650451660156,469.51544189453125,1500.0,116.81942972025504,1851,-4.733999999999701,-31.044601345355172,0.0,0.0,0.6671058347573411
6470,1,max_steps,2,1,0,562.1357044897944,3000,333.0,333.0,0.12980676254287132,0.1,0.9713184833526611,15.391526222229004,-70.97250366210938,442.9040222167969,500.0,76.2676195282852,1685,-5.9979999999995615,-8.133915038493859,0.0,0.0,0.1873785681632648
6480,1,max_steps,2,2,0,1116.371539788832,3000,1162.0,1162.0,0.1291591871108369,0.1,0.9755197763442993,15.422096252441406,-70.97250366210938,443.95648193359375,1000.0,122.36753978883388,2127,-5.995999999999562,0.0,0.0,0.0,0.37212384659627734
6490,1,crash,2,0,1,-53.66213354600332,433,,,0.12851484228044419,0.1,0.9781803488731384,15.415000915527344,-70.63072204589844,443.95648193359375,0.0,33.80983034631756,366,-0.8660000000000007,-6.6059638923209105,-80.0,0.0,-0.12393102435566586
6500,1,crash,2,2,1,964.080275420071,1791,387.5,387.5,0.12787371193498082,0.1,0.9864455461502075,15.53329086303711,-70.63072204589844,476.88604736328125,1000.0,66.8120569260214,1258,-3.5779999999998275,-19.15378150595099,-80.0,0.0,0.5382916110664829
6510,1,crash,2,1,1,414.5262287219675,1674,1474.0,1474.0,0.12723578003813693,0.1,0.9899646043777466,15.58838176727295,-70.63072204589844,454.108154296875,500.0,2.878591722836508,709,-3.345999999999853,-5.006363000869322,-80.0,0.0,0.24762618203223866
6520,1,crash,2,1,1,436.207760429304,919,782.0,782.0,0.126601030633604,0.1,0.9929130673408508,15.625347137451172,-70.63072204589844,468.0712890625,500.0,23.344018835184762,428,-1.8360000000000014,-5.300258405880765,-80.0,0.0,0.47465479916137543
6530,1,crash,2,1,1,381.97741180997923,874,394.0,394.0,0.12596944784467587,0.1,0.9998819231987,15.681750297546387,-70.8797607421875,465.6744384765625,500.0,-32.528224275095056,519,-1.7460000000000013,-3.748363914925793,-80.0,0.0,0.4370450936040952
6540,1,crash,2,1,1,442.1287034175598,1417,630.0,630.0,0.12534101587385146,0.1,0.9971240162849426,15.64083480834961,-70.8797607421875,470.7373352050781,500.0,40.303110729148656,896,-2.8319999999999097,-15.342407311589,-80.0,0.0,0.3120174336044882
6550,1,success,2,3,0,1584.1759769938874,2595,865.0,1028.0,0.12471571900243973,0.1,0.9977722764015198,15.625473022460938,-70.40909576416016,476.8893127441406,1500.0,89.35997699388764,1765,-5.183999999999651,0.0,0.0,0.0,0.6104724381479335
6560,1,crash,2,2,1,936.9419788893006,793,276.5,276.5,0.12409354159016651,0.1,1.0035486221313477,15.660506248474121,-70.40909576416016,477.5302429199219,1000.0,62.02312285141575,685,-1.5820000000000012,-43.4991439621159,-80.0,0.0,1.1815157363042883
6570,1,crash,2,1,1,475.52965913315046,2970,1613.0,1613.0,0.12347446807478325,0.1,1.0070737600326538,15.64505386352539,-70.40909576416016,457.4059753417969,500.0,64.09997483316234,1897,-5.937999999999568,-2.6323157000104964,-80.0,0.0,0.1601109963411281
6580,1,crash,2,1,1,457.18613229801895,2240,1880.0,1880.0,0.12285848297167785,0.1,1.0188281536102295,15.751288414001465,-70.40909576416016,454.58062744140625,500.0,44.32178294875159,1535,-4.477999999999729,-2.657650650732439,-80.0,0.0,0.20410095191875846
6590,1,crash,2,2,1,905.6977134035284,562,206.0,206.0,0.12224557087348727,0.1,1.0234814882278442,15.767082214355469,-70.18612670898438,468.3551330566406,1000.0,5.653454671321866,410,-1.1200000000000008,-18.83574126779423,-80.0,0.0,1.6115617676219367
6600,1,max_steps,2,0,0,-4.465922989212335,3000,,,0.12163571644971215,0.1,1.0249814987182617,15.732438087463379,-70.18612670898438,444.1705627441406,0.0,1.5340770107876427,1542,-5.999999999999561,0.0,0.0,0.0,-0.0014886409964041116
6610,1,crash,2,2,1,948.7918071434786,2102,946.5,946.5,0.12102890444633348,0.1,1.0286306142807007,15.748434066772461,-70.18612670898438,462.1711120605469,1000.0,64.10535419761024,1037,-4.1999999999997595,-31.113547054130738,-80.0,0.0,0.451375740791379
6620,1,max_steps,2,1,0,576.2865464471224,3000,2134.0,2134.0,0.12042511968543088,0.1,1.0334148406982422,15.781697273254395,-69.68360137939453,462.11138916015625,500.0,82.28454644712181,1611,-5.9979999999995615,0.0,0.0,0.0,0.19209551548237414
6630,1,crash,2,0,1,-55.4924341579089,2115,,,0.11982434706480309,0.1,1.037839412689209,15.824143409729004,-69.68360137939453,475.39080810546875,0.0,37.40378784736793,984,-4.229999999999756,-8.666222005276843,-80.0,0.0,-0.02623755752146993
6640,1,crash,2,0,1,-68.27092667087206,2203,,,0.11922657155759017,0.1,1.037183403968811,15.78675365447998,-69.68360137939453,475.4873962402344,0.0,25.23340340160024,1250,-4.405999999999737,-9.098330072472315,-80.0,0.0,-0.03098998033176217
6650,1,crash,2,0,1,-92.88944431570681,2754,,,0.11863177821189763,0.1,1.0397212505340576,15.762808799743652,-69.68360137939453,465.44952392578125,0.0,6.085354154411757,1419,-5.507999999999615,-13.466798470118611,-80.0,0.0,-0.033728919504613944
6660,1,max_steps,2,0,0,-27.385905745555885,3000,,,0.11803995215042251,0.1,1.040730357170105,15.732626914978027,-69.68360137939453,458.9814147949219,0.0,-21.385905745555934,1228,-5.999999999999561,0.0,0.0,0.0,-0.009128635248518629
6670,1,max_steps,2,0,0,-10.1942137354666,3000,,,0.1174510785700812,0.1,1.0396606922149658,15.664113998413086,-69.68360137939453,452.5115966796875,0.0,17.34060857539228,1037,-5.999999999999561,-21.534822310858754,0.0,0.0,-0.003398071245155533
6680,1,max_steps,2,1,0,518.6012412572381,3000,257.0,257.0,0.11686514274163921,0.1,1.046155571937561,15.736432075500488,-69.68360137939453,477.7043151855469,500.0,37.115539657439456,1398,-5.9979999999995615,-12.516298400199842,0.0,0.0,0.1728670804190794
6690,1,crash,2,1,1,431.34217490156976,1473,1285.0,1285.0,0.11628213000934272,0.1,1.0518946647644043,15.779080390930176,-69.68360137939453,440.5129089355469,500.0,50.71405963339885,510,-2.9439999999998974,-36.42788473182912,-80.0,0.0,0.292832433741731
6700,1,success,2,3,0,1562.1540803509886,2289,763.0,712.0,0.11570202579055201,0.1,1.0589969158172607,15.906196594238281,-69.68360137939453,486.9082336425781,1500.0,67.59274318873165,1651,-4.5719999999997185,-0.866662837744578,0.0,0.0,0.6824613719314061
6710,1,max_steps,2,1,0,515.3226242401294,3000,290.0,290.0,0.11512481557537677,0.1,1.0650273561477661,15.956461906433105,-69.3931655883789,474.552978515625,500.0,30.402546199530263,1524,-5.9979999999995615,-9.081921959400155,0.0,0.0,0.17177420808004312
6720,1,crash,2,2,1,988.7894980183297,2774,760.5,760.5,0.11455048492631308,0.1,1.0658355951309204,15.891369819641113,-69.3931655883789,453.8756103515625,1000.0,87.6969075271986,1799,-5.5439999999996115,-13.363409508867306,-80.0,0.0,0.3564489899128802
6730,1,max_steps,2,1,0,509.2987453489373,3000,971.0,971.0,0.11397901947788226,0.1,1.0707833766937256,15.91310977935791,-69.3931655883789,462.1352233886719,500.0,15.296745348937932,1351,-5.9979999999995615,0.0,0.0,0.0,0.16976624844964577
6740,1,crash,2,0,1,-105.80688479163558,1586,,,0.11341040493627182,0.1,1.0724223852157593,15.917793273925781,-68.88899230957031,458.52899169921875,0.0,-7.743047003433189,685,-3.1719999999998723,-14.89183778820239,-80.0,0.0,-0.06671304211326329
6750,1,crash,2,0,1,-53.128816756758795,1838,,,0.11284462707897759,0.1,1.073161244392395,15.894196510314941,-68.88899230957031,435.8092956542969,0.0,34.01646373050851,1242,-3.6759999999998167,-3.4692804872673135,-80.0,0.0,-0.02890577625503743
6760,1,crash,2,0,1,-110.51678592360267,1290,,,0.1122816717544482,0.1,1.0764415264129639,15.92677116394043,-68.35445404052734,455.05718994140625,0.0,-19.271158670164628,434,-2.5799999999999375,-8.665627253438068,-80.0,0.0,-0.0856719270725602
6770,1,crash,2,1,1,462.7503249063013,2019,950.0,950.0,0.11172152488173101,0.1,1.077585220336914,15.918683052062988,-69.561279296875,444.7675476074219,500.0,51.87344883938391,1564,-4.0359999999997775,-5.087123933082356,-80.0,0.0,0.22919778350980746
6780,1,crash,2,1,1,433.1402848634931,1263,196.0,196.0,0.11116417245011993,0.1,1.081428050994873,15.943442344665527,-69.561279296875,483.4197082519531,500.0,20.27934310094508,667,-2.5239999999999436,-4.615058237452151,-80.0,0.0,0.3429455937161465
6790,1,success,2,3,0,1544.546171636307,1660,553.3333333333334,552.0,0.11060960051880502,0.1,1.0889933109283447,15.971936225891113,-69.561279296875,440.1018371582031,1500.0,47.86017163630571,1060,-3.3139999999998566,0.0,0.0,0.0,0.9304495009857271
6800,1,crash,2,1,1,454.49441563631416,807,251.0,251.0,0.11005779521652374,0.1,1.0971792936325073,16.069740295410156,-69.561279296875,438.4984130859375,500.0,41.61489909204738,509,-1.6120000000000012,-5.50848345573369,-80.0,0.0,0.56319010611687
6810,1,max_steps,2,0,0,8.559781169183116,3000,,,0.10950874274121408,0.1,1.0942027568817139,16.0109806060791,-69.561279296875,439.7273254394531,0.0,14.559781169183,1408,-5.999999999999561,0.0,0.0,0.0,0.0028532603897277057
6820,1,success,2,3,0,1551.2576218958452,2580,860.0,809.0,0.10896242935966918,0.1,1.1011253595352173,16.062925338745117,-69.561279296875,455.8807678222656,1500.0,108.04768652334374,1883,-5.153999999999654,-51.6360646274965,0.0,0.0,0.6012626441456764
6830,1,crash,2,2,1,929.7982006122506,1253,406.5,406.5,0.10841884140719404,0.1,1.1061317920684814,16.154550552368164,-69.29472351074219,506.0494384765625,1000.0,58.30136320594353,759,-2.501999999999946,-46.001162593692555,-80.0,0.0,0.7420576221965288
6840,1,crash,2,1,1,456.096515878141,1493,557.0,557.0,0.10787796528726347,0.1,1.1118247509002686,16.21649742126465,-67.84229278564453,467.7354431152344,500.0,53.885314249851525,943,-2.983999999999893,-14.804798371711204,-80.0,0.0,0.3054899637495921
6850,1,crash,2,1,1,403.25518076548525,2092,381.0,381.0,0.10733978747118227,0.1,1.1207560300827026,16.334129333496094,-66.25172424316406,479.1773376464844,500.0,16.846830057920194,956,-4.1819999999997615,-29.409649292434803,-80.0,0.0,0.1927606026603658
6860,1,max_steps,2,0,0,1.0152482708750072,3000,,,0.10680429449774663,0.1,1.1218440532684326,16.36336898803711,-66.02791595458984,484.3733215332031,0.0,7.015248270875011,1614,-5.999999999999561,0.0,0.0,0.0,0.0003384160902916691
6870,1,crash,2,0,1,-44.4440951946639,1127,,,0.10627147297290761,0.1,1.129308819770813,16.431488037109375,-66.13150024414062,462.9419250488281,0.0,46.83500446552276,743,-2.2539999999999734,-9.025099660186713,-80.0,0.0,-0.039435754387456876
6880,1,crash,2,1,1,405.2640669901872,604,460.0,460.0,0.10574130956943598,0.1,1.1345032453536987,16.48777198791504,-67.44268035888672,463.78973388671875,500.0,-9.843219216503357,387,-1.2060000000000008,-3.68671379330964,-80.0,0.0,0.6709669983281245
6890,1,crash,2,1,1,428.7452123816256,589,470.0,470.0,0.1052137910265889,0.1,1.1401798725128174,16.534286499023438,-67.44268035888672,450.739013671875,500.0,18.662098227883373,469,-1.1760000000000008,-8.740885846257951,-80.0,0.0,0.7279205643151538
6900,1,max_steps,2,1,0,518.0819169511257,3000,2687.0,2687.0,0.1046889041497783,0.1,1.1428033113479614,16.50265121459961,-67.44268035888672,452.2996826171875,500.0,25.649236372299704,1315,-5.9979999999995615,-1.5693194211739332,0.0,0.0,0.1726939723170419
6910,1,crash,2,1,1,407.81046637487145,347,234.0,234.0,0.10416663581024081,0.1,1.1472482681274414,16.49923324584961,-67.44268035888672,492.2962951660156,500.0,-8.426385801740206,233,-0.6920000000000005,-3.0711478233883365,-80.0,0.0,1.1752463007921368
6920,1,success,2,3,0,1530.9798689583095,886,295.3333333333333,341.0,0.10364697294470937,0.1,1.1585761308670044,16.599609375,-67.44268035888672,474.67742919921875,1500.0,32.74586895831,677,-1.7660000000000013,0.0,0.0,0.0,1.727968249388611
6930,1,crash,2,1,1,423.21056031640865,430,296.0,296.0,0.10312990255508644,0.1,1.1609963178634644,16.60460090637207,-67.44268035888672,479.03192138671875,500.0,8.424824269567498,295,-0.8580000000000007,-4.35626395315873,-80.0,0.0,0.9842106053869969
6940,1,success,2,3,0,1633.4886133356035,2785,928.3333333333334,683.0,0.10261541170811907,0.1,1.1666860580444336,16.64965057373047,-67.44268035888672,480.70208740234375,1500.0,146.19640462156121,1819,-5.563999999999609,-7.14379128595853,0.0,0.0,0.5865309204077571
6950,1,crash,2,1,1,398.5009273469925,717,211.0,211.0,0.10210348753507509,0.1,1.1753134727478027,16.706655502319336,-67.44268035888672,470.0882263183594,500.0,-16.998291485397136,402,-1.432000000000001,-3.068781167609819,-80.0,0.0,0.5557892989497804
6960,1,crash,2,0,1,-97.33755869679739,1643,,,0.10159411723142153,0.1,1.1789966821670532,16.70526695251465,-67.44268035888672,479.6251220703125,0.0,8.022539483664422,919,-3.2859999999998597,-22.074098180461824,-80.0,0.0,-0.059243797137429936
6970,1,crash,2,1,1,460.1929302289115,1072,670.0,670.0,0.10108728805650419,0.1,1.1890980005264282,16.82729721069336,-67.44268035888672,475.0935974121094,500.0,56.30693965022587,764,-2.1419999999999857,-13.972009421313604,-80.0,0.0,0.42928444984040254
6980,1,max_steps,2,0,0,-6.364451539085186,3000,,,0.100582987333229,0.1,1.1935243606567383,16.836688995361328,-67.44268035888672,457.8812561035156,0.0,-0.36445153908547523,1530,-5.999999999999561,0.0,0.0,0.0,-0.0021214838463617285
6990,1,crash,2,1,1,477.6213129692703,1648,395.0,395.0,0.10008120244774497,0.1,1.1977165937423706,16.862144470214844,-67.44268035888672,458.79925537109375,500.0,86.55456160904318,1136,-3.293999999999859,-25.639248639772532,-80.0,0.0,0.28981875786970285
7000,1,crash,2,2,1,1054.1547764414388,1934,584.5,584.5,0.1,0.1,1.2015396356582642,16.926864624023438,-67.44268035888672,465.63531494140625,1000.0,141.08641312705947,1675,-3.863999999999796,-3.0676366856195485,-80.0,0.0,0.5450645172913334
7010,1,crash,2,0,1,-73.45295679630546,708,,,0.1,0.1,1.2033438682556152,16.91373634338379,-67.44268035888672,460.0435485839844,0.0,15.615524168990339,188,-1.416000000000001,-7.652480965295759,-80.0,0.0,-0.1037471141190755
7020,1,max_steps,2,0,0,-13.413228895002447,3000,,,0.1,0.1,1.2099859714508057,16.980148315429688,-67.61032104492188,460.7118835449219,0.0,-7.413228895002394,1282,-5.999999999999561,0.0,0.0,0.0,-0.004471076298334149
7030,1,crash,2,0,1,-73.69978417154043,703,,,0.1,0.1,1.2077372074127197,16.94306755065918,-67.61032104492188,460.1676025390625,0.0,36.73583242010405,595,-1.406000000000001,-29.029616591644523,-80.0,0.0,-0.1048361083521201
7040,1,max_steps,2,1,0,538.8975426593045,3000,243.0,243.0,0.1,0.1,1.2081935405731201,16.901159286499023,-67.61032104492188,455.90533447265625,500.0,44.895542659307054,1868,-5.9979999999995615,0.0,0.0,0.0,0.17963251421976814
7050,1,success,2,3,0,1453.7620248363737,2112,704.0,661.0,0.1,0.1,1.2149474620819092,16.99070930480957,-67.61032104492188,475.66497802734375,1500.0,68.62325478229346,1547,-4.2179999999997575,-110.64322994591964,0.0,0.0,0.6883342920626769
7060,1,crash,2,2,1,923.9940499591223,2752,1025.0,1025.0,0.1,0.1,1.2246289253234863,17.085203170776367,-67.61032104492188,484.1083984375,1000.0,53.6627214286491,1529,-5.499999999999616,-44.168671469527304,-80.0,0.0,0.3357536518746811
7070,1,crash,2,0,1,-78.87386357077287,1501,,,0.1,0.1,1.2279590368270874,17.123807907104492,-67.61032104492188,479.9854736328125,0.0,24.524793947625774,1070,-3.001999999999891,-20.396657518398683,-80.0,0.0,-0.052547544017836685
7080,1,crash,2,0,1,-58.78520944042887,1256,,,0.1,0.1,1.2318456172943115,17.166236877441406,-67.61032104492188,517.6813354492188,0.0,28.457128967018406,582,-2.511999999999945,-4.730338407447283,-80.0,0.0,-0.0468035107009784
7090,1,crash,2,0,1,-122.00015683163527,391,,,0.1,0.1,1.231953740119934,17.141803741455078,-67.61032104492188,466.5404357910156,0.0,-38.1985995373719,11,-0.7820000000000006,-3.019557294263341,-80.0,0.0,-0.31202086146198277
7100,1,crash,2,0,1,-90.85069650716403,390,,,0.1,0.1,1.2341344356536865,17.12092399597168,-66.85136413574219,465.2857971191406,0.0,-3.8005823941177486,241,-0.7800000000000006,-6.2701141130462705,-80.0,0.0,-0.23295050386452315
7110,1,crash,2,1,1,388.5601811970131,2202,286.0,286.0,0.1,0.1,1.2429600954055786,17.183818817138672,-66.85136413574219,465.7082824707031,500.0,-13.399485963227743,741,-4.401999999999737,-13.63833283975928,-80.0,0.0,0.17645784795504682
7120,1,crash,2,0,1,-47.10025234750086,1039,,,0.1,0.1,1.2507845163345337,17.300222396850586,-66.83441162109375,480.5748596191406,0.0,41.57153079296541,653,-2.0779999999999927,-6.593783140466317,-80.0,0.0,-0.04533229292348495
7130,1,success,2,3,0,1570.6376515175486,1867,622.3333333333334,712.0,0.1,0.1,1.2609308958053589,17.442140579223633,-66.83441162109375,490.1475524902344,1500.0,94.6608831904991,1505,-3.727999999999811,-20.295231672951115,0.0,0.0,0.8412628020983121
7140,1,max_steps,2,1,0,530.440222097887,3000,217.0,217.0,0.1,0.1,1.2656501531600952,17.430280685424805,-66.83441162109375,452.8426208496094,500.0,36.438222097884356,1697,-5.9979999999995615,0.0,0.0,0.0,0.17681340736596235
7150,2,success,2,3,0,1597.0223129917529,2227,742.3333333333334,463.0,0.39980000000000004,0.1,1.277714490890503,17.516244888305664,-66.83441162109375,452.698974609375,1500.0,101.4703129917497,1920,-4.447999999999732,0.0,0.0,0.0,0.7171182366375182
7160,2,crash,4,4,1,2017.2846797321774,2658,478.5,432.5,0.3958199431078574,0.1,1.2845433950424194,17.586227416992188,-65.63607025146484,455.3064880371094,2000.0,109.0051865419597,2062,-5.3079999999996375,-6.412506809781351,-80.0,0.0,0.7589483369947997
7170,2,crash,4,2,1,959.149895142514,1916,895.0,895.0,0.3918795081588481,0.1,1.2909959554672241,17.631868362426758,-65.63607025146484,478.0003356933594,1000.0,94.53450194550793,1393,-3.8279999999998,-51.556606802995255,-80.0,0.0,0.500600154040978
7180,2,max_steps,4,0,0,-25.298172577684852,3500,,,0.3879783007117817,0.1,1.2864935398101807,17.586183547973633,-67.75308227539062,478.0003356933594,0.0,13.296533199713911,1746,-6.999999999999451,-31.594705777398794,0.0,0.0,-0.007228049307909957
7190,2,max_steps,4,0,0,2.1265357943411063,3500,,,0.38411593025217755,0.1,1.2907698154449463,17.604907989501953,-67.75308227539062,478.0003356933594,0.0,12.925930444807548,1383,-6.999999999999451,-3.7993946504664726,0.0,0.0,0.0006075816555260303
7200,2,max_steps,4,2,0,981.9032310123077,3500,262.0,262.0,0.380292010153173,0.1,1.289446473121643,17.54414176940918,-67.97369384765625,478.0003356933594,1000.0,32.56208762530147,2107,-6.9959999999994515,-43.66285661299557,0.0,0.0,0.28054378028923077
7210,2,crash,4,1,1,393.96350489716656,1986,652.0,652.0,0.3765061576368226,0.1,1.2911385297775269,17.562850952148438,-67.88082122802734,468.34112548828125,500.0,9.922257861238634,912,-3.9699999999997844,-31.98875296407228,-80.0,0.0,0.19837034486262162
7220,2,max_steps,4,0,0,-56.2002475701157,3500,,,0.37275799373578056,0.1,1.2876466512680054,17.51952362060547,-67.465576171875,468.34112548828125,0.0,-14.675833690504316,1426,-6.999999999999451,-34.5244138796114,0.0,0.0,-0.016057213591461627
7230,2,crash,4,0,1,-108.979514000018,985,,,0.36904714325536686,0.1,1.2857311964035034,17.47170066833496,-67.465576171875,465.3775329589844,0.0,15.16068930301613,581,-1.9700000000000015,-42.17020330303412,-80.0,0.0,-0.11063910050763248
7240,2,max_steps,4,2,0,1068.3315820361242,3500,1476.5,1476.5,0.3653732347360094,0.1,1.2807315587997437,17.433570861816406,-67.465576171875,465.3775329589844,1000.0,75.32758203612285,2279,-6.9959999999994515,0.0,0.0,0.0,0.30523759486746405
7250,2,max_steps,4,0,0,3.3448625490570416,3500,,,0.3617359004160607,0.1,1.2766213417053223,17.40477752685547,-67.465576171875,465.3775329589844,0.0,10.344862549056986,2001,-6.999999999999451,0.0,0.0,0.0,0.0009556750140162976
7260,2,crash,4,1,1,396.8503792257983,1379,233.0,233.0,0.35813477619498424,0.1,1.2751240730285645,17.35445785522461,-67.465576171875,472.1737976074219,500.0,5.139062183309045,815,-2.755999999999918,-25.532682957511796,-80.0,0.0,0.2877812757257421
7270,2,max_steps,4,1,0,567.5012131835125,3500,1667.0,1667.0,0.3545695015969082,0.1,1.2743022441864014,17.346942901611328,-67.465576171875,472.1737976074219,500.0,74.49921318351295,2381,-6.997999999999451,0.0,0.0,0.0,0.16214320376671787
7280,2,crash,4,0,1,-109.79518449569096,2666,,,0.3510397197345411,0.1,1.2688723802566528,17.26197052001953,-67.465576171875,472.1737976074219,0.0,-8.616510403097225,1180,-5.331999999999635,-15.846674092593778,-80.0,0.0,-0.04118349005839871
7290,2,max_steps,4,1,0,554.7515221600344,3500,2710.0,2710.0,0.34754507727344736,0.1,1.266506314277649,17.247329711914062,-67.1617660522461,472.1737976074219,500.0,61.749522160034964,2139,-6.997999999999451,0.0,0.0,0.0,0.15850043490286697
7300,2,crash,4,1,1,424.51676791303714,2619,2082.0,2082.0,0.3440852243966778,0.1,1.2658727169036865,17.259654998779297,-67.1617660522461,473.7789306640625,500.0,50.29934932833417,1251,-5.235999999999645,-40.54658141529715,-80.0,0.0,0.16209116758802486
7310,2,crash,4,2,1,911.2325964917186,1975,860.5,860.5,0.3406598147697532,0.1,1.26478910446167,17.255996704101562,-67.1617660522461,476.57769775390625,1000.0,14.855567724751802,1267,-3.945999999999787,-19.67697123303268,-80.0,0.0,0.46138359316036387
7320,2,crash,4,0,1,-67.87152747498403,1763,,,0.33726850550599535,0.1,1.2640256881713867,17.259828567504883,-67.1617660522461,476.4215393066406,0.0,25.453192865298135,930,-3.5259999999998333,-9.798720340282056,-80.0,0.0,-0.03849774672432447
7330,2,crash,4,0,1,-70.32657871427368,1075,,,0.333910957132204,0.1,1.2603411674499512,17.24560546875,-67.1617660522461,479.47698974609375,0.0,16.967159293207274,847,-2.149999999999985,-5.143738007480931,-80.0,0.0,-0.06542007322258017
7340,2,crash,4,1,1,421.99016858587953,976,351.0,351.0,0.3305868335546752,0.1,1.262019395828247,17.241762161254883,-67.1617660522461,489.2231140136719,500.0,16.029748198758593,540,-1.9500000000000015,-12.089579612879458,-80.0,0.0,0.4323669760101225
7350,2,max_steps,4,0,0,-26.850886761317597,3500,,,0.3272958020255584,0.1,1.259354591369629,17.2344913482666,-67.1617660522461,489.2231140136719,0.0,-19.850886761317632,1196,-6.999999999999451,0.0,0.0,0.0,-0.007671681931805028
7360,2,crash,4,0,1,-117.63639035700822,1097,,,0.3240375331095474,0.1,1.2531951665878296,17.194835662841797,-68.57752990722656,489.2231140136719,0.0,-21.345889898545927,262,-2.19399999999998,-14.096500458462286,-80.0,0.0,-0.10723463113674406
7370,2,crash,4,0,1,-101.23980144569211,2162,,,0.3208117006509042,0.1,1.2505382299423218,17.173648834228516,-68.57752990722656,480.6927490234375,0.0,-13.407916492183817,867,-4.323999999999746,-3.5078849535083028,-80.0,0.0,-0.04682692018764668
7380,2,crash,4,1,1,433.4358918332221,447,347.0,347.0,0.31761798174081,0.1,1.2472105026245117,17.141948699951172,-66.4274673461914,474.00701904296875,500.0,20.30858161754701,346,-0.8920000000000007,-5.980689784324875,-80.0,0.0,0.9696552390004969
7390,2,crash,4,0,1,-114.85664717602906,1929,,,0.31445605668504223,0.1,1.245341181755066,17.131999969482422,-66.4274673461914,474.00701904296875,0.0,-23.851038971085732,690,-3.8579999999997967,-7.14760820494336,-80.0,0.0,-0.05954206696528204
7400,2,max_steps,4,1,0,522.3547903971802,3500,651.0,651.0,0.31132560897197237,0.1,1.2419615983963013,17.08244514465332,-66.4274673461914,474.00701904296875,500.0,29.352790397178836,2062,-6.997999999999451,0.0,0.0,0.0,0.14924422582776575
7410,2,crash,4,1,1,410.33654257719263,1157,919.0,919.0,0.30822632524088334,0.1,1.2391682863235474,17.029857635498047,-66.9381103515625,474.00701904296875,500.0,0.4722496735194064,526,-2.311999999999967,-7.823707096326949,-80.0,0.0,0.35465561156196423
7420,2,crash,4,0,1,-71.89581923617449,823,,,0.3051578952506013,0.1,1.2365013360977173,16.994543075561523,-66.9381103515625,474.00701904296875,0.0,13.306813702487503,307,-1.6460000000000012,-3.556632938661972,-80.0,0.0,-0.0873582250743311
7430,2,max_steps,4,1,0,554.2655635146762,3500,743.0,743.0,0.30212001184844034,0.1,1.2301181554794312,16.906068801879883,-68.46605682373047,474.00701904296875,500.0,69.11662007673783,1770,-6.997999999999451,-7.853056562061126,0.0,0.0,0.15836158957562177
7440,2,max_steps,4,1,0,524.2662187396452,3500,441.0,441.0,0.29911237093945686,0.1,1.2294124364852905,16.85321617126465,-68.38512420654297,474.00701904296875,500.0,31.264218739645347,1874,-6.997999999999451,0.0,0.0,0.0,0.1497903482113272
7450,2,max_steps,4,1,0,528.8739248077327,3500,3386.0,3386.0,0.2961346714560084,0.1,1.2273262739181519,16.83732795715332,-68.38512420654297,467.994140625,500.0,35.87192480773229,2175,-6.997999999999451,0.0,0.0,0.0,0.1511068356593522
7460,2,crash,4,1,1,394.1692750856607,1230,672.0,672.0,0.293186615327617,0.1,1.2238808870315552,16.79833984375,-68.38512420654297,467.994140625,500.0,21.051294266387035,857,-2.457999999999951,-44.42401918072612,-80.0,0.0,0.3204628252728949
7470,2,max_steps,4,2,0,1109.1300182632888,3500,946.0,946.0,0.2902679074511322,0.1,1.2234300374984741,16.77322006225586,-68.38512420654297,467.994140625,1000.0,116.12601826328896,2329,-6.9959999999994515,0.0,0.0,0.0,0.3168942909323682
7480,2,crash,4,1,1,447.8112075471161,1395,1309.0,1309.0,0.28737825566119046,0.1,1.2251451015472412,16.779109954833984,-68.38512420654297,467.994140625,500.0,37.9049093432262,963,-2.7879999999999145,-7.3057017961098865,-80.0,0.0,0.3210116183133449
7490,2,crash,4,1,1,442.42649384824097,2118,1426.0,1426.0,0.2845173707009697,0.1,1.2288963794708252,16.784067153930664,-68.38512420654297,470.8314208984375,500.0,37.48991731518141,1507,-4.233999999999756,-10.829423466940908,-80.0,0.0,0.20888880729378706
7500,2,crash,4,1,1,445.7883202351577,2288,1793.0,1793.0,0.2816849661932341,0.1,1.2326464653015137,16.813720703125,-68.38512420654297,467.3370056152344,500.0,41.45152215643938,1310,-4.573999999999718,-11.089201921281614,-80.0,0.0,0.19483755255033117
7510,2,max_steps,4,0,0,27.955718320244127,3500,,,0.27888075861166733,0.1,1.232056736946106,16.809274673461914,-68.38512420654297,481.3314514160156,0.0,34.95571832024397,2388,-6.999999999999451,0.0,0.0,0.0,0.007987348091498323
7520,2,max_steps,4,0,0,-1.1484343443958243,3500,,,0.27610446725249194,0.1,1.2321233749389648,16.80457305908203,-69.5914077758789,481.3314514160156,0.0,10.272860422053414,1440,-6.999999999999451,-4.421294766449203,0.0,0.0,-0.00032812409839880696
7530,2,crash,4,1,1,421.2095245272265,760,634.0,634.0,0.2733558142063698,0.1,1.2340610027313232,16.841474533081055,-69.5914077758789,481.3314514160156,500.0,6.94679219785071,584,-1.5180000000000011,-4.219267670624145,-80.0,0.0,0.5542230585884559
7540,2,crash,4,1,1,377.54943153842004,2458,1154.0,1154.0,0.27063452433058366,0.1,1.2329134941101074,16.82157325744629,-69.5914077758789,477.5548400878906,500.0,22.146366081770335,1386,-4.913999999999681,-59.68293454334982,-80.0,0.0,0.15360025693182264
7550,2,max_steps,4,0,0,2.0587537120842136,3500,,,0.26794032522149486,0.1,1.2323188781738281,16.791566848754883,-69.5914077758789,477.5548400878906,0.0,9.0587537120842,1622,-6.999999999999451,0.0,0.0,0.0,0.0005882153463097753
7560,2,crash,4,0,1,-91.56862418280151,1284,,,0.2652729471872759,0.1,1.2299314737319946,16.786766052246094,-69.32695770263672,477.5548400878906,0.0,-2.769495955326196,482,-2.5679999999999388,-6.231128227475323,-80.0,0.0,-0.07131512786822548
7570,2,crash,4,0,1,-66.96041950934982,2062,,,0.2626321232209134,0.1,1.22748863697052,16.74201774597168,-69.32695770263672,477.5548400878906,0.0,31.229695050177774,905,-4.123999999999768,-14.066114559527641,-80.0,0.0,-0.03247353031491262
7580,2,crash,4,0,1,-162.98193069708338,1694,,,0.26001758897348104,0.1,1.2254319190979004,16.73554801940918,-69.32695770263672,480.4532165527344,0.0,9.584384961783599,859,-3.3879999999998485,-89.17831565886695,-80.0,0.0,-0.09621129320961239
7590,2,max_steps,4,1,0,531.589193609893,3500,2841.0,2841.0,0.25742908272767756,0.1,1.2220538854599,16.723085403442383,-69.32695770263672,480.4532165527344,500.0,38.5871936098937,1640,-6.997999999999451,0.0,0.0,0.0,0.1518826267456837
7600,2,crash,4,0,1,-125.07818730178946,1047,,,0.25486634537162883,0.1,1.2206388711929321,16.678382873535156,-69.32695770263672,480.4532165527344,0.0,-32.81360489016444,285,-2.093999999999991,-10.170582411625043,-80.0,0.0,-0.11946340716503291
7610,2,crash,4,0,1,-83.74755702523234,810,,,0.2523291203729506,0.1,1.2173978090286255,16.5836124420166,-69.32695770263672,459.84197998046875,0.0,11.103524439223571,326,-1.6200000000000012,-13.23108146445588,-80.0,0.0,-0.10339204571016339
7620,2,crash,4,0,1,-136.18568320333,1417,,,0.249817153753069,0.1,1.2153793573379517,16.57074737548828,-69.32695770263672,459.84197998046875,0.0,14.834996648266577,739,-2.8339999999999095,-68.18667985159654,-80.0,0.0,-0.09610845674194073
7630,2,crash,4,1,1,391.7834675793758,2009,336.0,336.0,0.24733019406179746,0.1,1.2147324085235596,16.51013946533203,-69.32695770263672,459.84197998046875,500.0,-12.053446518679088,783,-4.01599999999978,-12.147085901945246,-80.0,0.0,0.1950141700245773
7640,2,crash,4,1,1,435.6428325261774,657,511.0,511.0,0.24486799235216605,0.1,1.2173728942871094,16.536802291870117,-69.32695770263672,462.93341064453125,500.0,24.636868280392274,506,-1.312000000000001,-7.682035754214591,-80.0,0.0,0.6630788927339077
7650,2,crash,4,0,1,-110.79128804618998,1114,,,0.24243030215550176,0.1,1.2184562683105469,16.560504913330078,-69.32695770263672,452.812744140625,0.0,2.0690262816625102,359,-2.227999999999976,-30.632314327852445,-80.0,0.0,-0.09945357993374325
7660,2,crash,4,1,1,420.6363690867889,2679,707.0,707.0,0.2400168794567568,0.1,1.2226452827453613,16.617610931396484,-69.32695770263672,457.2895812988281,500.0,51.67916344497125,1644,-5.355999999999632,-45.68679435818267,-80.0,0.0,0.15701245579947326
7670,2,max_steps,4,3,0,1546.2134052852668,3500,1122.0,816.0,0.23762748267008232,0.1,1.2277625799179077,16.700071334838867,-69.32695770263672,471.5374450683594,1500.0,83.67488487760231,2216,-6.993999999999452,-30.467479592333916,0.0,0.0,0.4417752586529334
7680,2,max_steps,4,0,0,27.63961375333316,3500,,,0.23526187261464562,0.1,1.2297437191009521,16.752779006958008,-69.32695770263672,478.5037841796875,0.0,34.63961375333302,1797,-6.999999999999451,0.0,0.0,0.0,0.007897032500952332
7690,2,crash,4,0,1,-107.63385465751988,1555,,,0.23291981249068786,0.1,1.2341381311416626,16.802602767944336,-69.32695770263672,477.51141357421875,0.0,-16.34987131328678,427,-3.109999999999879,-8.173983344233099,-80.0,0.0,-0.0692179129630353
7700,2,crash,4,2,1,956.1869632556175,1173,209.0,209.0,0.2306010678558201,0.1,1.238741397857666,16.8240909576416,-69.32695770263672,463.46636962890625,1000.0,58.519423934104275,893,-2.3419999999999637,-19.990460678487338,-80.0,0.0,0.8151636515393158
7710,2,crash,4,1,1,381.7657235826607,2160,237.0,237.0,0.22830540660155543,0.1,1.242457628250122,16.855371475219727,-68.91654968261719,459.7681579589844,500.0,-24.694157945446076,1112,-4.3179999999997465,-9.222118471893332,-80.0,0.0,0.1767433905475281
7720,2,crash,4,0,1,-54.26533022786626,481,,,0.2260325989300748,0.1,1.2417525053024292,16.833791732788086,-68.91654968261719,459.7681579589844,0.0,30.077327225069244,428,-0.9620000000000007,-3.3806574529355102,-80.0,0.0,-0.11281773436146832
7730,2,crash,4,1,1,461.609519932002,927,365.0,365.0,0.22378241733122398,0.1,1.2488863468170166,16.893001556396484,-68.91654968261719,459.7681579589844,500.0,51.400383930867456,625,-1.8520000000000014,-7.938863998865489,-80.0,0.0,0.4979606471758382
7740,2,crash,4,0,1,-112.41708653403542,1402,,,0.22155463655973953,0.1,1.2526730298995972,16.95306968688965,-69.09706115722656,459.7681579589844,0.0,-22.012860016606364,722,-2.803999999999913,-7.600226517429051,-80.0,0.0,-0.08018337127962584
7750,2,crash,4,2,1,979.1845600602467,2675,1116.0,1116.0,0.21934903361270164,0.1,1.2554911375045776,17.00212860107422,-69.09706115722656,459.7681579589844,1000.0,70.3947200330708,1553,-5.345999999999633,-5.864159972824737,-80.0,0.0,0.36605030282626044
7760,2,crash,4,0,1,-56.4065621234031,1238,,,0.21716538770721122,0.1,1.2610687017440796,17.06962776184082,-69.35623168945312,470.3031005859375,0.0,39.571934153135075,877,-2.475999999999949,-13.50249627653815,-80.0,0.0,-0.04556265114976018
7770,2,crash,4,1,1,422.24750183996554,412,303.0,303.0,0.21500348025828944,0.1,1.2671000957489014,17.125335693359375,-69.59278869628906,470.3031005859375,500.0,7.1642354181839405,302,-0.8220000000000006,-4.094733578218595,-80.0,0.0,1.0248725772814697
7780,2,crash,4,2,1,965.0225925457756,1573,747.5,747.5,0.21286309485699714,0.1,1.27006995677948,17.17579460144043,-69.59278869628906,470.088623046875,1000.0,53.09720935740309,1014,-3.1419999999998756,-4.932616811626939,-80.0,0.0,0.6134917943711224
7790,2,crash,4,2,1,939.698189220717,1274,488.0,488.0,0.210744017248772,0.1,1.2757340669631958,17.258115768432617,-69.59278869628906,468.1827392578125,1000.0,38.89379530074421,704,-2.5439999999999414,-16.65160608002752,-80.0,0.0,0.7375966948357277
7800,2,crash,4,0,1,-124.40496003777093,1082,,,0.20864603531198156,0.1,1.2775709629058838,17.294097900390625,-69.59278869628906,478.37255859375,0.0,-21.804881462903626,361,-2.1639999999999833,-20.43607857486729,-80.0,0.0,-0.11497685770588811
7810,2,crash,4,1,1,393.23469282568016,2776,188.0,188.0,0.20656893903668969,0.1,1.2792351245880127,17.32435417175293,-69.59278869628906,478.37255859375,500.0,-10.66391014950643,982,-5.549999999999611,-10.55139702481271,-80.0,0.0,0.1416551487124208
7820,2,crash,4,0,1,-110.57502320662542,1089,,,0.20451252050363422,0.1,1.2827630043029785,17.359094619750977,-70.15078735351562,462.2420959472656,0.0,-8.480777738633805,441,-2.1779999999999817,-19.91624546799162,-80.0,0.0,-0.1015381296663227
7830,2,crash,4,0,1,-86.9188080825903,621,,,0.20247657386341425,0.1,1.2810561656951904,17.35032844543457,-70.15078735351562,458.3353271484375,0.0,13.043339146307234,310,-1.2420000000000009,-18.720147228897535,-80.0,0.0,-0.13996587452913092
7840,2,crash,4,0,1,-66.67104566246078,611,,,0.20046089531588418,0.1,1.2822582721710205,17.346233367919922,-70.15078735351562,463.4454650878906,0.0,24.825723581319878,494,-1.2220000000000009,-10.274769243780646,-80.0,0.0,-0.10911791434117968
7850,2,crash,4,1,1,410.58913240085906,2094,270.0,270.0,0.19846528308975342,0.1,1.2905912399291992,17.448177337646484,-70.15078735351562,486.2347412109375,500.0,8.565389232808961,1045,-4.185999999999761,-13.790256831949545,-80.0,0.0,0.19607885979028608
7860,2,crash,4,1,1,404.7939807907407,1542,938.0,938.0,0.1964895374223887,0.1,1.2917044162750244,17.46150016784668,-70.15078735351562,489.48321533203125,500.0,20.63507748377831,856,-3.081999999999882,-32.759096693037336,-80.0,0.0,0.262512309202815
7870,2,crash,4,2,1,1024.7267738688042,2823,983.0,983.0,0.19453346053981765,0.1,1.2934191226959229,17.51323127746582,-70.15078735351562,470.5147399902344,1000.0,114.47446364273371,1909,-5.641999999999601,-4.10568977392992,-80.0,0.0,0.3629921267689707
7880,2,crash,4,0,1,-135.77163635425364,1129,,,0.19259685663693155,0.1,1.2946385145187378,17.533729553222656,-70.15078735351562,470.5147399902344,0.0,-36.79197330416052,194,-2.257999999999973,-16.721663050093145,-80.0,0.0,-0.12025831386559224
7890,2,crash,4,0,1,-98.31295406699677,2090,,,0.19067953185788494,0.1,1.2959551811218262,17.55975341796875,-70.15078735351562,473.63385009765625,0.0,-8.144556873183786,501,-4.179999999999762,-5.988397193812958,-80.0,0.0,-0.04703969094114678
7900,2,crash,4,0,1,-94.2097373010498,1000,,,0.18878129427669058,0.1,1.2992738485336304,17.552637100219727,-70.15078735351562,480.77874755859375,0.0,37.118608874552336,613,-2.0000000000000013,-49.328346175602135,-80.0,0.0,-0.0942097373010498
7910,2,crash,4,0,1,-94.19695764843536,918,,,0.18690195387800734,0.1,1.3045051097869873,17.59537696838379,-70.15078735351562,476.4384460449219,0.0,17.66827957029309,567,-1.8360000000000014,-30.02923721872847,-80.0,0.0,-0.10261106497650911
7920,2,crash,4,0,1,-124.29926006113476,679,,,0.18504132253811967,0.1,1.3056576251983643,17.587032318115234,-70.15078735351562,486.25091552734375,0.0,-33.42844185807157,0,-1.358000000000001,-9.512818203063173,-80.0,0.0,-0.1830622386761926
7930,2,crash,4,0,1,-134.4642455322691,2702,,,0.18319921400610603,0.1,1.3031917810440063,17.554563522338867,-70.15078735351562,486.25091552734375,0.0,-27.397777173373726,818,-5.403999999999627,-21.662468358895385,-80.0,0.0,-0.049764709671454146
7940,2,crash,4,0,1,-95.0523307603481,2098,,,0.1813754438851953,0.1,1.300825834274292,17.543581008911133,-70.15078735351562,486.25091552734375,0.0,-4.000847017323647,858,-4.19599999999976,-6.855483743024464,-80.0,0.0,-0.04530616337480844
7950,2,max_steps,4,1,0,562.229832534532,3500,3016.0,3016.0,0.17956982961430812,0.1,1.2995737791061401,17.47980308532715,-70.15078735351562,486.25091552734375,500.0,69.22783253453186,1917,-6.997999999999451,0.0,0.0,0.0,0.16063709500986628
7960,2,crash,4,0,1,-101.53314894828766,1338,,,0.17778219044978258,0.1,1.303917407989502,17.501859664916992,-70.15078735351562,486.25091552734375,0.0,-4.866807674411373,797,-2.675999999999927,-13.990341273876295,-80.0,0.0,-0.07588426677749452
7970,2,crash,4,1,1,448.43288231503936,1278,762.0,762.0,0.17601234744728164,0.1,1.3178476095199585,17.60106658935547,-70.52952575683594,498.1524658203125,500.0,52.10342597416152,931,-2.5539999999999403,-21.116543659121675,-80.0,0.0,0.3508864493857898
7980,2,crash,4,0,1,-56.48706839011679,1541,,,0.17426012344388056,0.1,1.3291555643081665,17.704343795776367,-70.72525024414062,491.619140625,0.0,35.5102364596427,895,-3.081999999999882,-8.915304849759503,-80.0,0.0,-0.03665611186899208
7990,2,crash,4,2,1,912.4362746380256,1527,491.0,491.0,0.17252534304033265,0.1,1.3343555927276611,17.756017684936523,-70.72525024414062,466.5804443359375,1000.0,12.807467463155014,1011,-3.0499999999998857,-17.32119282512938,-80.0,0.0,0.5975352158729702
8000,2,crash,4,1,1,433.1694065703148,1187,1066.0,1066.0,0.17080783258351187,0.1,1.3403422832489014,17.827373504638672,-70.72525024414062,481.1382751464844,500.0,21.014940414304853,890,-2.3719999999999604,-5.473533843990102,-80.0,0.0,0.3649278909606696
8010,2,crash,4,0,1,-130.2536215694704,1398,,,0.16910742014902974,0.1,1.3424673080444336,17.845447540283203,-70.72525024414062,462.03289794921875,0.0,-36.397816774731844,290,-2.7959999999999137,-11.059804794738634,-80.0,0.0,-0.0931714031255153
8020,2,crash,4,0,1,-67.8521894231609,1961,,,0.1674239355240257,0.1,1.344742774963379,17.880510330200195,-70.72525024414062,481.1766662597656,0.0,35.22778684973896,1511,-3.9219999999997897,-19.157976272899855,-80.0,0.0,-0.03460081051665522
8030,2,crash,4,3,1,1510.2753329292202,2790,588.0,550.0,0.16575721019012868,0.1,1.350950002670288,17.96441650390625,-70.72525024414062,465.858642578125,1500.0,111.48325280348007,1918,-5.573999999999608,-15.63391987425773,-80.0,0.0,0.5413173236305449
8040,2,crash,4,0,1,-86.26874359596688,1468,,,0.164107077306588,0.1,1.3624812364578247,18.091182708740234,-71.74339294433594,479.7758483886719,0.0,16.718740641801258,406,-2.9359999999998982,-20.051484237768133,-80.0,0.0,-0.05876617411169406
8050,2,max_steps,4,4,0,2092.444752251341,3500,680.75,723.0,0.1624733716935728,0.1,1.3673624992370605,18.092914581298828,-71.74339294433594,491.7386779785156,2000.0,99.43675225133968,2368,-6.991999999999452,0.0,0.0,0.0,0.5978413577860975
8060,2,crash,4,0,1,-65.13248692421585,2066,,,0.16085592981563718,0.1,1.3736202716827393,18.145334243774414,-71.74339294433594,485.47601318359375,0.0,46.01694911501248,1487,-4.131999999999767,-27.01743603922834,-80.0,0.0,-0.031525889121111254
8070,2,crash,4,4,1,2004.1940826182013,3397,822.0,404.0,0.15925458976535015,0.1,1.3804048299789429,18.193622589111328,-71.74339294433594,479.94378662109375,2000.0,118.84209957501267,1915,-6.785999999999475,-27.862016956812703,-80.0,0.0,0.5899894267348252
8080,2,crash,4,0,1,-70.0524175749006,1105,,,0.15766919124708867,0.1,1.3778283596038818,18.14837646484375,-71.74339294433594,479.94378662109375,0.0,25.095064382472017,479,-2.209999999999978,-12.937481957372592,-80.0,0.0,-0.06339585300895982
8090,2,crash,4,2,1,1002.2444254982142,1026,479.5,479.5,0.15609957556099174,0.1,1.3771061897277832,18.131669998168945,-71.74339294433594,479.94378662109375,1000.0,87.39515627041527,798,-2.047999999999996,-3.102730772201376,-80.0,0.0,0.9768464186142439
8100,2,crash,4,2,1,905.3996888838188,3455,959.5,959.5,0.15454558558707462,0.1,1.3802211284637451,18.15920066833496,-71.74339294433594,480.5467529296875,1000.0,119.76259540257703,2275,-6.9059999999994615,-127.4569065187582,-80.0,0.0,0.26205490271601123
8110,2,max_steps,4,1,0,587.3937932693261,3500,2746.0,2746.0,0.15300706576950068,0.1,1.382959008216858,18.198514938354492,-71.74339294433594,500.05218505859375,500.0,94.39179326932575,2174,-6.997999999999451,0.0,0.0,0.0,0.16782679807695033
8120,2,crash,4,1,1,436.1212014483049,1665,1344.0,1344.0,0.15148386210101036,0.1,1.3860691785812378,18.207725524902344,-71.74339294433594,483.5392761230469,500.0,27.850295984275157,842,-3.327999999999855,-8.40109453597042,-80.0,0.0,0.26193465552450745
8130,2,crash,4,2,1,952.5636462432892,981,436.0,436.0,0.14997582210750485,0.1,1.3929725885391235,18.309677124023438,-71.74339294433594,507.7721252441406,1000.0,43.94575427585503,725,-1.9580000000000015,-9.424108032565584,-80.0,0.0,0.9710128911756261
8140,2,max_steps,4,3,0,1636.1643510546296,3500,1145.6666666666667,1035.0,0.14848279483278315,0.1,1.4060043096542358,18.417924880981445,-71.74339294433594,501.7792663574219,1500.0,143.98735122166062,2243,-6.993999999999452,-0.8290001670317152,0.0,0.0,0.4674755288727513
8150,2,crash,4,0,1,-50.10940474120693,2530,,,0.14700463082343138,0.1,1.4107481241226196,18.440372467041016,-71.74339294433594,468.76318359375,0.0,41.8280701505169,1305,-5.059999999999665,-6.877474891723991,-80.0,0.0,-0.01980608883051657
8160,2,crash,4,1,1,431.1513806426508,870,739.0,739.0,0.14554118211386238,0.1,1.4156911373138428,18.442569732666016,-71.74339294433594,473.4571533203125,500.0,17.815295727994428,570,-1.7380000000000013,-4.925915085343633,-80.0,0.0,0.4955762995892538
8170,2,max_steps,4,0,0,35.4584682977122,3500,,,0.14409230221150401,0.1,1.417664647102356,18.471168518066406,-71.74339294433594,504.481689453125,0.0,54.314698825082964,2129,-6.999999999999451,-11.856230527370789,0.0,0.0,0.010130990942203487
8180,2,crash,4,1,1,452.6315494896669,917,275.0,275.0,0.14265784608213536,0.1,1.4253813028335571,18.574617385864258,-71.74339294433594,507.32537841796875,500.0,37.39904846363299,566,-1.8320000000000014,-2.9354989739661255,-80.0,0.0,0.49360038112286464
8190,2,crash,4,1,1,430.04363911881717,1070,814.0,814.0,0.1412376701353684,0.1,1.4283591508865356,18.581270217895508,-71.74339294433594,487.8822937011719,500.0,26.433672840119648,654,-2.137999999999986,-14.252033721302972,-80.0,0.0,0.4019099431016983
8200,2,max_steps,4,2,0,1045.6867257370557,3500,332.5,332.5,0.13983163221027473,0.1,1.434529185295105,18.62105941772461,-71.74339294433594,498.5119323730469,1000.0,52.68272573705927,2071,-6.9959999999994515,0.0,0.0,0.0,0.29876763592487304
8210,2,max_steps,4,2,0,1100.2634692083059,3500,870.5,870.5,0.13843959156115498,0.1,1.4422621726989746,18.66878318786621,-71.74339294433594,496.2065124511719,1000.0,107.25946920830935,2090,-6.9959999999994515,0.0,0.0,0.0,0.3143609912023731
8220,2,crash,4,1,1,442.93769040596794,769,630.0,630.0,0.13706140884345014,0.1,1.4451693296432495,18.705896377563477,-71.74339294433594,488.3393249511719,500.0,29.639979863533906,662,-1.5360000000000011,-5.166289457565641,-80.0,0.0,0.5759917950662782
8230,2,crash,4,1,1,430.8182069540735,366,291.0,291.0,0.13569694609979288,0.1,1.4449824094772339,18.691993713378906,-72.38390350341797,484.46075439453125,500.0,14.522073070537939,290,-0.7300000000000005,-2.973866116464578,-80.0,0.0,1.1770989261040259
8240,2,crash,4,1,1,420.118476604336,2162,679.0,679.0,0.1343460667461981,0.1,1.4489669799804688,18.76367950439453,-72.38390350341797,507.6342468261719,500.0,13.022555994122289,1211,-4.321999999999746,-8.58207938978597,-80.0,0.0,0.1943193693822091
8250,2,crash,4,0,1,-187.49757250023606,2337,,,0.13300863555839051,0.1,1.4509140253067017,18.78078842163086,-72.38390350341797,487.0546875,0.0,-25.26285618144302,600,-4.673999999999707,-77.56071631879304,-80.0,0.0,-0.0802300267437895
8260,2,crash,4,0,1,-111.39055798187029,1513,,,0.1316845186582688,0.1,1.4577964544296265,18.81061363220215,-72.38390350341797,474.5480651855469,0.0,22.074401192020623,676,-3.0259999999998883,-50.43895917389094,-80.0,0.0,-0.07362231195100481
8270,2,crash,4,1,1,433.31717164604686,564,398.0,398.0,0.13037358350050413,0.1,1.4741164445877075,18.956327438354492,-72.38390350341797,493.75543212890625,500.0,22.29623160422575,397,-1.1260000000000008,-7.853059958179078,-80.0,0.0,0.7682928575284519
8280,2,crash,4,1,1,356.7435383019107,1871,1082.0,1082.0,0.1290756988592722,0.1,1.481972098350525,18.960723876953125,-72.38390350341797,513.3491821289062,500.0,37.2040936251733,1043,-3.7399999999998097,-96.7205553232624,-80.0,0.0,0.19066998305820987
8290,2,crash,4,1,1,424.7741192799856,1081,866.0,866.0,0.12779073481511768,0.1,1.4819525480270386,18.895509719848633,-72.38390350341797,500.8782653808594,500.0,13.71686837374275,583,-2.1599999999999837,-6.782749093757326,-80.0,0.0,0.39294553124883036
8300,2,crash,4,0,1,-85.73119478037434,1323,,,0.12651856274194886,0.1,1.4852168560028076,18.89114761352539,-72.38390350341797,488.3410339355469,0.0,12.999424623983902,395,-2.64599999999993,-16.084619404358264,-80.0,0.0,-0.06480060074102369
8310,2,crash,4,1,1,371.7006281602129,859,531.0,531.0,0.12525905529416226,0.1,1.4932632446289062,18.90787696838379,-72.38390350341797,485.55499267578125,500.0,-37.58085377749682,322,-1.7160000000000013,-9.002518062290129,-80.0,0.0,0.4327131876137519
8320,2,crash,4,1,1,414.78243560544036,469,203.0,203.0,0.12401208639389508,0.1,1.4973814487457275,18.955663681030273,-72.38390350341797,496.7525329589844,500.0,4.73166346043572,264,-0.9360000000000007,-9.013227854995282,-80.0,0.0,0.8843975172823888
8330,2,crash,4,1,1,427.4609966639857,827,685.0,685.0,0.12277753121840479,0.1,1.5066032409667969,19.059585571289062,-72.38390350341797,486.1180114746094,500.0,16.23963841943868,558,-1.6520000000000012,-7.126641755453265,-80.0,0.0,0.5168814953615305
8340,2,crash,4,1,1,438.02939385140473,1339,1225.0,1225.0,0.1215552661875742,0.1,1.5159761905670166,19.14575958251953,-72.63159942626953,480.34063720703125,500.0,26.586960722219615,506,-2.675999999999927,-5.881566870814906,-80.0,0.0,0.3271317355126249
8350,2,crash,4,1,1,499.5005249790244,3157,1999.0,1999.0,0.12034516895154097,0.1,1.5144569873809814,19.118623733520508,-72.63159942626953,480.34063720703125,500.0,96.93668900375766,1715,-6.311999999999527,-11.124164024732957,-80.0,0.0,0.15821999524200964
8360,2,crash,4,0,1,-53.88993634061464,610,,,0.11914711837845028,0.1,1.5103070735931396,19.06048583984375,-72.63159942626953,480.34063720703125,0.0,34.17829170260389,405,-1.2200000000000009,-6.848228043218501,-80.0,0.0,-0.08834415793543383
8370,2,crash,4,1,1,410.63792557239594,3162,711.0,711.0,0.11796099454232951,0.1,1.512298822402954,18.999462127685547,-72.63159942626953,484.63653564453125,500.0,25.699493806189643,1791,-6.321999999999526,-28.739568233795186,-80.0,0.0,0.12986651662631118
8380,2,crash,4,0,1,-48.281026110748705,456,,,0.11678667871108338,0.1,1.5139994621276855,18.995590209960938,-72.63159942626953,463.7886657714844,0.0,40.7505857351366,417,-0.9120000000000007,-8.119611845885345,-80.0,0.0,-0.10587944322532611
8390,2,crash,4,0,1,-65.65903999005266,754,,,0.1156240533346089,0.1,1.5182124376296997,19.010953903198242,-72.63159942626953,471.3148193359375,0.0,21.344947496645382,305,-1.5080000000000011,-5.495987486698058,-80.0,0.0,-0.08708095489396905
8400,2,crash,4,2,1,953.567362843733,1159,475.0,475.0,0.11447300203302839,0.1,1.521510124206543,18.97549057006836,-72.63159942626953,467.2734375,1000.0,45.4195535723417,867,-2.3139999999999668,-9.538190728609182,-80.0,0.0,0.8227500973630139
8410,2,crash,4,3,1,1504.09233528386,3172,985.6666666666666,1323.0,0.11333340958503987,0.1,1.5286672115325928,19.063282012939453,-72.63159942626953,485.96240234375,1500.0,106.23999953313725,1933,-6.337999999999524,-15.809664249276818,-80.0,0.0,0.4741779115018474
8420,2,crash,4,0,1,-65.45836609477686,675,,,0.11220516191638312,0.1,1.5323493480682373,19.09837532043457,-72.63159942626953,470.591552734375,0.0,19.14550561640023,227,-1.350000000000001,-3.2538717111770454,-80.0,0.0,-0.09697535717744721
8430,2,crash,4,2,1,979.4853169458272,2542,1148.0,1148.0,0.11108814608842092,0.1,1.5431292057037354,19.215106964111328,-72.63159942626953,495.8341064453125,1000.0,72.96946857555041,1718,-5.079999999999663,-8.404151629722731,-80.0,0.0,0.3853207383736535
8440,2,crash,4,1,1,486.6550035038654,1156,333.0,333.0,0.10998225028683371,0.1,1.5485514402389526,19.285993576049805,-72.63159942626953,535.740966796875,500.0,77.5271981981072,900,-2.309999999999967,-8.562194694242471,-80.0,0.0,0.42098183694106
8450,2,max_steps,4,2,0,1128.148775618948,3500,1145.5,1145.5,0.10888736381042682,0.1,1.5553271770477295,19.299949645996094,-72.63159942626953,553.042236328125,1000.0,135.1447756189503,2317,-6.9959999999994515,0.0,0.0,0.0,0.32232822160541375
8460,2,crash,4,0,1,-77.84620963649024,893,,,0.10780337706004928,0.1,1.56719970703125,19.35313606262207,-72.9190902709961,479.0155334472656,0.0,15.320245789860591,462,-1.7860000000000014,-11.380455426350796,-80.0,0.0,-0.08717380698375167
8470,2,crash,4,0,1,-104.04823377330246,2019,,,0.10673018152762281,0.1,1.57371187210083,19.441556930541992,-72.9190902709961,506.14642333984375,0.0,33.82478138107923,877,-4.037999999999777,-53.83501515438167,-80.0,0.0,-0.05153453876835189
8480,2,crash,4,1,1,453.583670366363,1453,846.0,846.0,0.10566766978528,0.1,1.584321141242981,19.50726890563965,-72.9190902709961,486.78033447265625,500.0,55.181383502871036,954,-2.9039999999999018,-18.69371313650872,-80.0,0.0,0.3121704544847646
8490,2,success,4,5,0,2598.7403767343812,1801,360.2,221.0,0.10461573547461075,0.1,1.592638373374939,19.51849937438965,-72.9190902709961,486.07763671875,2500.0,102.33237673438167,1333,-3.591999999999826,0.0,0.0,0.0,1.442943018730917
8500,2,crash,4,1,1,439.2953795346348,405,321.0,321.0,0.1035742732960157,0.1,1.5991082191467285,19.492671966552734,-72.9190902709961,478.6437072753906,500.0,25.896407045458496,320,-0.8080000000000006,-5.793027510823616,-80.0,0.0,1.084679949468234
8510,2,crash,4,1,1,427.3886007626494,588,351.0,351.0,0.10254317899816558,0.1,1.60648775100708,19.55841636657715,-72.9190902709961,483.9539794921875,500.0,35.8626131260007,350,-1.1740000000000008,-27.300012363351037,-80.0,0.0,0.7268513618412404
8520,2,crash,4,1,1,444.0432591996284,2525,2401.0,2401.0,0.1015223493675656,0.1,1.6238584518432617,19.73809814453125,-72.63159942626953,500.2431335449219,500.0,40.44824167501759,1299,-5.047999999999666,-11.356982475389648,-80.0,0.0,0.1758587165147043
8530,2,crash,4,3,1,1520.3002790547982,2013,631.3333333333334,467.0,0.1005116822182237,0.1,1.640020489692688,19.8927059173584,-72.63159942626953,513.4655151367188,1500.0,112.21186706219474,1584,-4.019999999999779,-7.891588007396746,-80.0,0.0,0.7552410725557865
8540,2,success,4,5,0,2678.885539080894,2773,554.6,545.0,0.09951107638142156,0.1,1.6552083492279053,20.011234283447266,-72.63159942626953,523.3306884765625,2500.0,184.42153908089412,2475,-5.535999999999612,0.0,0.0,0.0,0.9660604179880613
8550,2,crash,4,0,1,-59.37904866443362,1437,,,0.0985204316955876,0.1,1.6622536182403564,19.991003036499023,-72.63159942626953,521.4298095703125,0.0,38.04199972074883,677,-2.873999999999905,-14.547048385182407,-80.0,0.0,-0.04132153699682228
8560,2,crash,4,1,1,473.9839171377446,3402,235.0,235.0,0.09753964899627071,0.1,1.6646740436553955,19.946094512939453,-72.63159942626953,473.6018981933594,500.0,69.6306074814901,1812,-6.801999999999473,-8.844690343745627,-80.0,0.0,0.13932507852373444
8570,2,crash,4,1,1,472.501446192029,3141,3051.0,3051.0,0.09656863010621372,0.1,1.6729153394699097,19.95296287536621,-72.63159942626953,461.6436462402344,500.0,68.34515718428065,1757,-6.27999999999953,-9.563710992251709,-80.0,0.0,0.1504302598510121
8580,2,crash,4,1,1,448.9760835308665,826,702.0,702.0,0.09560727782552586,0.1,1.6775943040847778,20.01339340209961,-72.63159942626953,491.2695617675781,500.0,39.638933728003984,561,-1.6500000000000012,-9.01285019713769,-80.0,0.0,0.5435545805458433
8590,2,crash,4,0,1,-74.10462189720683,592,,,0.09465549592195288,0.1,1.6790393590927124,20.018253326416016,-72.63159942626953,486.1029052734375,0.0,25.282591148225066,470,-1.1840000000000008,-18.20321304543183,-80.0,0.0,-0.12517672617771422
8600,2,crash,4,3,1,1541.3461160644997,2906,769.6666666666666,617.0,0.09371318912124417,0.1,1.6878150701522827,20.09870719909668,-72.63159942626953,486.13958740234375,1500.0,141.02462871543398,2016,-5.805999999999583,-13.872512650935347,-80.0,0.0,0.5304012787558499
8610,2,crash,4,1,1,402.64962266965085,435,264.0,264.0,0.09278026309761568,0.1,1.695302963256836,20.15751838684082,-72.63159942626953,508.5854187011719,500.0,-12.294381359155937,263,-0.8680000000000007,-4.187995971193128,-80.0,0.0,0.925631316481956
8620,2,max_steps,4,4,0,2113.2207254695836,3500,687.5,343.5,0.09185662446430783,0.1,1.717171311378479,20.434144973754883,-72.63159942626953,507.8235778808594,2000.0,120.2127254695822,2727,-6.991999999999452,0.0,0.0,0.0,0.6037773501341668
8630,2,crash,4,1,1,391.1807868083449,1058,458.0,458.0,0.09094218076423748,0.1,1.7255507707595825,20.519168853759766,-72.63159942626953,531.3309326171875,500.0,42.522512443992696,728,-2.1139999999999888,-69.22772563564773,-80.0,0.0,0.3697360933916304
8640,2,crash,4,4,1,2024.5479405518267,2808,521.5,494.5,0.09003684046074276,0.1,1.73809814453125,20.62300682067871,-72.63159942626953,503.6885070800781,2000.0,162.79486064640926,2245,-5.607999999999604,-52.638920094584925,-80.0,0.0,0.7209928563218756
8650,2,crash,4,0,1,-70.60144158481295,801,,,0.08914051292842028,0.1,1.741642951965332,20.608671188354492,-72.63159942626953,489.21722412109375,0.0,26.03244108775251,513,-1.6020000000000012,-15.031882672565489,-80.0,0.0,-0.0881416249498289
8660,2,max_steps,4,0,0,54.12904898427735,3500,,,0.08825310844405335,0.1,1.74154531955719,20.586776733398438,-72.63159942626953,503.39788818359375,0.0,61.12904898427734,1914,-6.999999999999451,0.0,0.0,0.0,0.015465442566936384
8670,2,crash,4,0,1,-112.30317751248626,1796,,,0.0873745381776307,0.1,1.7419288158416748,20.472576141357422,-72.63159942626953,494.52001953125,0.0,-21.669682587422667,666,-3.591999999999826,-7.041494925063626,-80.0,0.0,-0.06252960885995894
8680,2,crash,4,3,1,1528.638563447576,3137,791.6666666666666,950.0,0.08650471418345447,0.1,1.7518903017044067,20.478443145751953,-72.63159942626953,494.52001953125,1500.0,119.54053002450665,2295,-6.267999999999532,-4.633966576932353,-80.0,0.0,0.48729313466610646
8690,2,crash,4,0,1,-49.335401842186,1225,,,0.0856435493913367,0.1,1.757607102394104,20.50333595275879,-72.63159942626953,492.5121765136719,0.0,44.05341779825967,876,-2.4499999999999518,-10.938819640445582,-80.0,0.0,-0.040273797422192656
8700,2,crash,4,0,1,-123.52340050905721,1239,,,0.08479095759788362,0.1,1.7609010934829712,20.54425811767578,-72.63159942626953,490.7837219238281,0.0,-30.244985373971367,140,-2.4779999999999487,-10.800415135085819,-80.0,0.0,-0.09969604560860146
8710,2,crash,4,1,1,458.124681992198,1185,462.0,462.0,0.08394685345786652,0.1,1.769793152809143,20.606935501098633,-72.63159942626953,511.93756103515625,500.0,44.75769362434618,1022,-2.367999999999961,-4.265011632148678,-80.0,0.0,0.38660310716641183
8720,2,crash,4,2,1,986.4242984223627,3064,1078.5,1078.5,0.08311115247567877,0.1,1.7764177322387695,20.619394302368164,-72.63159942626953,461.1917724609375,1000.0,108.87631901430163,1743,-6.123999999999548,-36.32802059193975,-80.0,0.0,0.3219400451770113
8730,2,crash,4,4,1,2026.1226042647909,3300,789.25,612.5,0.0822837709968775,0.1,1.790337324142456,20.806848526000977,-72.63159942626953,523.1356811523438,2000.0,121.1325949810729,2125,-6.591999999999496,-8.41799071628162,-80.0,0.0,0.6139765467469064
8740,2,max_steps,4,3,0,1635.4753121102592,3500,1027.0,671.0,0.08146462619980994,0.1,1.8096599578857422,20.92698860168457,-72.63159942626953,533.6931762695312,1500.0,144.06384130952839,2551,-6.993999999999452,-1.594529199269273,0.0,0.0,0.4672786606029312
8750,2,max_steps,4,3,0,1584.8443416808384,3500,1072.3333333333333,387.0,0.08065363608732276,0.1,1.8219786882400513,21.0368709564209,-72.63159942626953,497.0478210449219,1500.0,91.83834168083793,2080,-6.993999999999452,0.0,0.0,0.0,0.4528126690516681
8760,2,crash,4,1,1,454.1722270940809,2588,177.0,177.0,0.07985071947855411,0.1,1.8296831846237183,21.05564308166504,-72.63159942626953,513.842041015625,500.0,48.83336063535787,1632,-5.173999999999652,-9.487133541277425,-80.0,0.0,0.17549158697607453
8770,2,max_steps,4,2,0,1102.256682299384,3500,1658.5,1658.5,0.07905579600080731,0.1,1.836869239807129,21.081289291381836,-72.63159942626953,480.41986083984375,1000.0,109.25268229938413,2106,-6.9959999999994515,0.0,0.0,0.0,0.3149304806569669
8780,2,max_steps,4,2,0,1107.3399878149546,3500,333.5,333.5,0.07826878608150556,0.1,1.8494678735733032,21.149770736694336,-72.63159942626953,507.4036560058594,1000.0,119.13781816753988,1990,-6.9959999999994515,-4.801830352586003,0.0,0.0,0.3163828536614156
8790,2,crash,4,3,1,1520.9247483423756,2635,828.3333333333334,712.0,0.07748961094022659,0.1,1.8628010749816895,21.192251205444336,-72.63159942626953,499.44671630859375,1500.0,111.80087766494695,1906,-5.263999999999642,-5.612129322570778,-80.0,0.0,0.5772010430141843
8800,2,crash,4,2,1,936.9481020165938,1207,520.0,520.0,0.07671819258081664,0.1,1.8756479024887085,21.313282012939453,-72.63159942626953,511.62030029296875,1000.0,54.219777419246405,699,-2.409999999999956,-34.86167540265268,-80.0,0.0,0.7762618906516933
8810,2,crash,4,0,1,-71.58236129123091,482,,,0.07595445378358298,0.1,1.8788774013519287,21.281545639038086,-72.63159942626953,484.1929016113281,0.0,24.662953080283398,482,-0.9640000000000007,-15.281314371514304,-80.0,0.0,-0.1485111230108525
8820,2,success,4,5,0,2731.3386779263874,3296,659.2,621.0,0.07519831809756428,0.1,1.895363211631775,21.412057876586914,-72.63159942626953,494.1387023925781,2500.0,237.9206779263861,2835,-6.581999999999497,0.0,0.0,0.0,0.8286828513126175
8830,2,crash,4,1,1,376.0568595378144,1525,1223.0,1223.0,0.07444970983287758,0.1,1.902618169784546,21.42142105102539,-72.63159942626953,514.703857421875,500.0,28.439331017219747,993,-3.047999999999886,-69.3344714794053,-80.0,0.0,0.24659466199200944
8840,2,crash,4,1,1,455.27976688070805,767,348.0,348.0,0.07370855405314179,0.1,1.9134926795959473,21.5371150970459,-72.63159942626953,530.6859130859375,500.0,45.858651064959815,580,-1.5320000000000011,-9.046884184251908,-80.0,0.0,0.5935850937166989
8850,2,crash,4,1,1,437.1437069098171,1859,1685.0,1685.0,0.07297477656797652,0.1,1.936905860900879,21.78508949279785,-72.63159942626953,536.363037109375,500.0,37.95184909307303,1034,-3.7159999999998123,-17.092142183255977,-80.0,0.0,0.2351499230284116
8860,2,crash,4,1,1,444.8578024957458,2346,2178.0,2178.0,0.07224830392557544,0.1,1.9426002502441406,21.810977935791016,-72.63159942626953,530.7694702148438,500.0,36.94391179601011,1105,-4.6899999999997055,-7.396109300264376,-80.0,0.0,0.18962395673305446
8870,2,crash,4,1,1,276.71675538818295,3143,3005.0,3005.0,0.07152906340535381,0.1,1.9535638093948364,21.823596954345703,-72.63159942626953,532.342041015625,500.0,32.406048510115674,1821,-6.28399999999953,-169.4052931219326,-80.0,0.0,0.0880422384308568
8880,2,max_steps,4,3,0,1670.6278016441745,3500,927.0,732.0,0.070816983010669,0.1,1.9653656482696533,21.909700393676758,-72.63159942626953,532.342041015625,1500.0,177.62180164417532,2545,-6.993999999999452,0.0,0.0,0.0,0.4773222290411927
8890,2,success,4,5,0,2717.386881316729,3166,633.2,566.0,0.07011199146161355,0.1,1.9844985008239746,22.070457458496094,-72.63159942626953,523.9893188476562,2500.0,223.70888131672817,2609,-6.321999999999526,0.0,0.0,0.0,0.8583028683881014
8900,2,crash,4,2,1,1018.556218687204,2711,1045.0,1045.0,0.06941401818788007,0.1,1.992230772972107,22.15196418762207,-72.63159942626953,514.0286865234375,1000.0,115.38029783416607,1728,-5.417999999999625,-11.40607914696249,-80.0,0.0,0.37571236395691776
8910,2,crash,4,2,1,990.5811088781126,2467,1131.5,1131.5,0.06872299332169701,0.1,2.0023043155670166,22.254871368408203,-72.63159942626953,529.1005249023438,1000.0,85.84220073023141,1828,-4.929999999999679,-10.331091852119505,-80.0,0.0,0.401532674859389
8920,2,crash,4,3,1,1501.6975591526225,3151,715.0,440.0,0.06803884769083485,0.1,2.018378734588623,22.446006774902344,-72.63159942626953,592.6464233398438,1500.0,123.1206516143391,2107,-6.295999999999529,-35.127092461716934,-80.0,0.0,0.47657808922647493
8930,2,max_steps,4,2,0,1049.7935968238714,3500,612.0,612.0,0.06736151281168189,0.1,2.0254478454589844,22.476953506469727,-72.63159942626953,561.5966796875,1000.0,56.789596823870795,2019,-6.9959999999994515,0.0,0.0,0.0,0.29994102766396324
8940,2,crash,4,0,1,-128.63192875233327,595,,,0.06669092088238901,0.1,2.028059482574463,22.474916458129883,-72.63159942626953,572.267333984375,0.0,-37.599695439028295,0,-1.1900000000000008,-9.842233313305005,-80.0,0.0,-0.21618811555013995
8950,2,crash,4,1,1,355.6990775340019,950,493.0,493.0,0.06602700477608262,0.1,2.0479929447174072,22.615947723388672,-72.63159942626953,530.9008178710938,500.0,33.96807682366736,741,-1.8980000000000015,-96.37099928966586,-80.0,0.0,0.37442008161473883
8960,2,crash,4,1,1,390.1620048038941,372,191.0,191.0,0.06536969803414518,0.1,2.0638914108276367,22.716411590576172,-72.63159942626953,533.410888671875,500.0,-24.645806053437692,190,-0.7420000000000005,-4.450189142668215,-80.0,0.0,1.048822593558855
8970,2,crash,4,2,1,908.8450930720559,747,284.0,284.0,0.06471893485956268,0.1,2.080676794052124,22.913230895996094,-72.64161682128906,583.4948120117188,1000.0,2.2660507638629634,421,-1.490000000000001,-11.930957691806872,-80.0,0.0,1.2166600978206905
8980,2,crash,4,2,1,920.7653016081148,1347,643.0,643.0,0.06407465011033822,0.1,2.0932400226593018,23.001123428344727,-72.64161682128906,537.7429809570312,1000.0,27.341098283558786,835,-2.6899999999999253,-23.885796675443757,-80.0,0.0,0.6835674102510132
8990,2,crash,4,2,1,963.1485691684451,1245,553.0,553.0,0.06343677929297134,0.1,2.1062283515930176,23.154329299926758,-72.76737976074219,542.3013305664062,1000.0,49.85027726708583,958,-2.485999999999948,-4.215708098639499,-80.0,0.0,0.7736133085690322
9000,2,crash,4,3,1,1410.3212778955299,2886,727.0,719.0,0.06280525855600205,0.1,2.118424892425537,23.203622817993164,-72.76737976074219,521.8786010742188,1500.0,77.48241398358324,1625,-5.765999999999587,-81.39513608805437,-80.0,0.0,0.48867681146761255
9010,2,max_steps,4,1,0,558.2522641782124,3500,266.0,266.0,0.062180024683619314,0.1,2.126441478729248,23.24309539794922,-72.76737976074219,570.5180053710938,500.0,65.25026417821223,1837,-6.997999999999451,0.0,0.0,0.0,0.15950064690806068
9020,2,crash,4,1,1,397.0071393189626,567,256.0,256.0,0.06156101508933308,0.1,2.1335785388946533,23.279739379882812,-72.76737976074219,560.95458984375,500.0,4.244864306189008,255,-1.1320000000000008,-26.105724987226516,-80.0,0.0,0.7001889582345019
9030,2,crash,4,1,1,417.44976260782227,1218,455.0,455.0,0.06094816780970926,0.1,2.140075206756592,23.354225158691406,-73.2876205444336,623.8541870117188,500.0,24.429462497182815,713,-2.4339999999999535,-24.54569988936038,-80.0,0.0,0.34273379524451747
9040,2,max_steps,4,1,0,566.9267389867578,3500,1612.0,1612.0,0.06034142149816724,0.1,2.1426455974578857,23.34576416015625,-73.2876205444336,583.3109741210938,500.0,74.65533856653961,2345,-6.997999999999451,-0.7305995797829353,0.0,0.0,0.1619790682819308
9050,2,crash,4,1,1,375.67125238049607,632,384.0,384.0,0.059740715418838915,0.1,2.148249864578247,23.38397979736328,-74.12547302246094,595.4972534179688,500.0,-1.6251139062834152,383,-1.262000000000001,-41.44163371322044,-80.0,0.0,0.5944165385767343
9060,2,max_steps,4,1,0,562.0086422672758,3500,1241.0,1241.0,0.05914598944048902,0.1,2.162498712539673,23.46251106262207,-74.12547302246094,586.3656005859375,500.0,69.00664226727642,2387,-6.997999999999451,0.0,0.0,0.0,0.16057389779065023
9070,2,crash,4,1,1,389.64589621963677,2331,1726.0,1726.0,0.05855718403049597,0.1,2.1666574478149414,23.478233337402344,-74.12547302246094,554.39111328125,500.0,86.99466868282279,1184,-4.659999999999709,-112.68877246318515,-80.0,0.0,0.16715825663648082
9080,2,crash,4,0,1,-59.747148940559484,763,,,0.05797424024889256,0.1,2.1741766929626465,23.520069122314453,-74.12547302246094,547.7056884765625,0.0,29.946516962225992,602,-1.5260000000000011,-8.167665902785458,-80.0,0.0,-0.07830556872943575
9090,2,crash,4,1,1,440.0603563842626,806,646.0,646.0,0.057397099742466,0.1,2.1721901893615723,23.42255973815918,-74.12547302246094,559.2174072265625,500.0,28.384798381769883,612,-1.6100000000000012,-6.714441997507339,-80.0,0.0,0.5459805910474722
9100,2,crash,4,4,1,2159.590014932862,3252,795.0,568.5,0.05682570473891672,0.1,2.1840476989746094,23.519258499145508,-74.62925720214844,546.4083862304688,2000.0,266.2455939918243,2510,-6.495999999999507,-20.15957905896456,-80.0,0.0,0.664080570397559
9110,2,max_steps,4,1,0,557.9681639557555,3500,335.0,335.0,0.05625999804107532,0.1,2.18377423286438,23.395526885986328,-74.62925720214844,531.6353759765625,500.0,76.20815528224298,1891,-6.997999999999451,-11.241991326486087,0.0,0.0,0.15941947541593013
9120,2,crash,4,0,1,-105.14991224218029,866,,,0.055699923021177086,0.1,2.182560682296753,23.31099510192871,-74.62925720214844,566.9884643554688,0.0,-17.27104356913714,222,-1.7320000000000013,-6.146868673043158,-80.0,0.0,-0.12142022198866084
9130,2,crash,4,1,1,508.9011671053106,2804,2191.0,2191.0,0.05514542361519346,0.1,2.1801421642303467,23.23595428466797,-74.6567611694336,547.762939453125,500.0,112.46559058730116,1973,-5.605999999999605,-17.958423481990653,-80.0,0.0,0.18149114376080977
9140,2,crash,4,1,1,480.01786701760716,3090,2845.0,2845.0,0.05459644431722003,0.1,2.182453155517578,23.25554656982422,-74.6567611694336,539.858642578125,500.0,89.55005139464652,1805,-6.177999999999542,-23.3541843770393,-80.0,0.0,0.15534558803158807
9150,2,max_steps,4,1,0,601.691625074158,3500,399.0,399.0,0.05405293017392029,0.1,2.18483304977417,23.234050750732422,-74.6567611694336,541.9031372070312,500.0,112.05677552443255,1892,-6.997999999999451,-3.367150450275361,0.0,0.0,0.17191189287833084
9160,2,crash,4,1,1,447.4933487210914,692,560.0,560.0,0.05351482677902479,0.1,2.189263343811035,23.247264862060547,-74.6567611694336,538.094482421875,500.0,36.34577352085707,559,-1.382000000000001,-7.470424799765711,-80.0,0.0,0.6466666889033112
9170,2,crash,4,1,1,440.4347941197934,754,663.0,663.0,0.052982080267885034,0.1,2.1981849670410156,23.35010528564453,-74.6567611694336,562.3133544921875,500.0,26.775218501133416,527,-1.5060000000000011,-4.834424381340213,-80.0,0.0,0.5841310266840761
9180,2,crash,4,1,1,457.2131649545982,1114,498.0,498.0,0.0524546373120815,0.1,2.2058863639831543,23.42313003540039,-74.6567611694336,545.3522338867188,500.0,48.26222610686257,838,-2.2259999999999764,-8.823061152264543,-80.0,0.0,0.4104247441244149
9190,2,crash,4,2,1,910.4324886117017,2114,731.5,731.5,0.05193244511408551,0.1,2.211615562438965,23.43400001525879,-75.28507232666016,526.6803588867188,1000.0,23.8998282868846,1294,-4.223999999999757,-29.243339675184078,-80.0,0.0,0.4306681592297548
9200,2,crash,4,1,1,476.57404037646484,1507,329.0,329.0,0.05141545140197411,0.1,2.213866710662842,23.386932373046875,-75.28507232666016,541.677001953125,500.0,63.46695748849227,1158,-3.01199999999989,-3.880917112028313,-80.0,0.0,0.31624023913501315
9210,2,crash,4,0,1,-73.28532880901217,746,,,0.050903604424197585,0.1,2.215027332305908,23.396018981933594,-75.53595733642578,537.3759765625,0.0,43.31997549825981,580,-1.492000000000001,-35.11330430727194,-80.0,0.0,-0.0982377061783005
9220,2,crash,4,1,1,451.1366117099023,1206,462.0,462.0,0.05039685294439911,0.1,2.2240653038024902,23.435808181762695,-75.80032348632812,535.34130859375,500.0,44.99573350502961,789,-2.409999999999956,-11.449121795127178,-80.0,0.0,0.37407679246260556
9230,2,crash,4,1,1,399.6755683800616,391,227.0,227.0,0.05,0.1,2.2353904247283936,23.522869110107422,-75.80032348632812,527.1475830078125,500.0,-14.675199176718316,226,-0.7800000000000006,-4.869232443220093,-80.0,0.0,1.02218815442471
9240,2,max_steps,4,3,0,1597.7174192861557,3500,1161.6666666666667,867.0,0.05,0.1,2.248741865158081,23.61490821838379,-75.80032348632812,523.7675170898438,1500.0,104.71141928615486,2401,-6.993999999999452,0.0,0.0,0.0,0.45649069122461594
9250,2,success,4,5,0,2649.8897967578,2961,592.2,470.0,0.05,0.1,2.2575249671936035,23.657445907592773,-75.80032348632812,532.65966796875,2500.0,155.80179675779794,2340,-5.911999999999571,0.0,0.0,0.0,0.894930697993178
9260,2,crash,4,3,1,1307.6525020014842,3179,631.3333333333334,452.0,0.05,0.1,2.2633328437805176,23.688100814819336,-75.80032348632812,566.5599975585938,1500.0,145.59449299023004,2326,-6.3519999999995225,-251.5899909887443,-80.0,0.0,0.41134083107942254
9270,2,max_steps,4,3,0,1671.9493328291815,3500,1131.0,563.0,0.05,0.1,2.280505895614624,23.819000244140625,-75.80032348632812,557.372314453125,1500.0,178.94333282918046,2482,-6.993999999999452,0.0,0.0,0.0,0.47769980937976614
9280,2,crash,4,3,1,1501.5291977216316,1780,409.0,420.0,0.05,0.1,2.2928125858306885,23.913593292236328,-75.80032348632812,547.3355712890625,1500.0,96.80292374935938,1261,-3.55399999999983,-11.719726027728885,-80.0,0.0,0.8435557290570964
9290,2,crash,4,4,1,2040.1249570887173,3342,764.25,695.0,0.05,0.1,2.3113224506378174,24.078466415405273,-75.80032348632812,562.9681396484375,2000.0,137.7113505931822,2048,-6.675999999999487,-10.9103935044637,-80.0,0.0,0.6104503163042242
9300,2,crash,4,3,1,1584.4016048602875,3429,940.6666666666666,508.0,0.05,0.1,2.325961112976074,24.224628448486328,-75.80032348632812,600.6126098632812,1500.0,201.01094838349786,2696,-6.851999999999467,-29.75734352321183,-80.0,0.0,0.46205937732875113
9310,2,max_steps,4,1,0,518.1138925914619,3500,3298.0,3298.0,0.05,0.1,2.3375842571258545,24.304019927978516,-75.80032348632812,573.2808227539062,500.0,25.11189259146185,1401,-6.997999999999451,0.0,0.0,0.0,0.1480325407404177
9320,2,crash,4,2,1,992.0721312533991,2129,629.5,629.5,0.05,0.1,2.346665859222412,24.318416595458984,-75.53595733642578,547.6187744140625,1000.0,81.27868669017077,1327,-4.2539999999997535,-4.95255543677061,-80.0,0.0,0.46598033407862804
9330,2,crash,4,2,1,932.1730733991701,3340,1108.0,1108.0,0.05,0.1,2.353795289993286,24.281505584716797,-75.53595733642578,518.1553344726562,1000.0,44.28670102216874,1856,-6.675999999999487,-25.437627622996093,-80.0,0.0,0.27909373455064973
9340,2,crash,4,0,1,-66.33009653652874,519,,,0.05,0.1,2.365117073059082,24.36783790588379,-75.53595733642578,542.2593383789062,0.0,36.297892423435975,519,-1.0380000000000007,-21.589988959964728,-80.0,0.0,-0.12780365421296483
9350,2,crash,4,2,1,936.4032794456848,812,158.5,158.5,0.05,0.1,2.3768630027770996,24.454910278320312,-75.53595733642578,558.303955078125,1000.0,21.028383948886564,518,-1.6200000000000012,-3.0051045032020203,-80.0,0.0,1.1532060091695626
9360,2,crash,4,1,1,466.03405432397955,1021,357.0,357.0,0.05,0.1,2.375972270965576,24.36304473876953,-75.53595733642578,498.5816955566406,500.0,67.9650520775161,855,-2.039999999999997,-19.890997753536713,-80.0,0.0,0.45644863303034233
9370,2,crash,4,1,1,424.37349498253883,999,532.0,532.0,0.05,0.1,2.3853633403778076,24.40245819091797,-75.53595733642578,540.8663330078125,500.0,47.35321088062997,811,-1.9960000000000016,-40.983715898090786,-80.0,0.0,0.42479829327581464
9380,2,crash,4,2,1,992.8626931413901,1465,682.0,682.0,0.05,0.1,2.3930084705352783,24.412097930908203,-75.53595733642578,565.114013671875,1000.0,90.1638803919201,1192,-2.9259999999998993,-14.37518725052971,-80.0,0.0,0.6777219748405393
9390,2,crash,4,0,1,-59.63150743491012,555,,,0.05,0.1,2.3997726440429688,24.4044246673584,-75.53595733642578,563.6670532226562,0.0,45.32270344856749,555,-1.1100000000000008,-23.844210883477608,-80.0,0.0,-0.10744415754037859
9400,2,crash,4,2,1,982.1448618586888,2092,878.5,878.5,0.05,0.1,2.411473512649536,24.50339698791504,-75.53595733642578,563.2416381835938,1000.0,71.0905431270965,1437,-4.179999999999762,-4.765681268407902,-80.0,0.0,0.46947651140472696
9410,2,success,4,5,0,2695.3029120838614,2653,530.6,513.0,0.05,0.1,2.4248831272125244,24.54940414428711,-75.53595733642578,533.6190185546875,2500.0,203.99116057110112,2496,-5.295999999999639,-3.392248487242333,0.0,0.0,1.0159453117541883
9420,2,crash,4,3,1,1506.1728330228839,1932,334.3333333333333,254.0,0.05,0.1,2.4354116916656494,24.622129440307617,-75.53595733642578,520.7360229492188,1500.0,118.92866334523279,1505,-3.8579999999997967,-28.89783032234732,-80.0,0.0,0.7795925636764409
9430,2,crash,4,4,1,2117.381134193278,3308,591.5,517.0,0.05,0.1,2.4489986896514893,24.772451400756836,-75.53595733642578,533.9441528320312,2000.0,235.03185042121936,2640,-6.607999999999494,-31.042716227942996,-80.0,0.0,0.6400789402035302
9440,2,crash,4,1,1,418.927727850423,915,693.0,693.0,0.05,0.1,2.4660913944244385,24.939287185668945,-75.60869598388672,541.8032836914062,500.0,12.779958937034495,366,-1.8280000000000014,-12.02423108661132,-80.0,0.0,0.4578445113119377
9450,2,success,4,5,0,2611.572621983294,1805,361.0,359.0,0.05,0.1,2.485305070877075,25.097412109375,-75.60869598388672,558.8998413085938,2500.0,115.17262198329614,1520,-3.599999999999825,0.0,0.0,0.0,1.4468546382178915
9460,2,crash,4,1,1,451.7008989053259,966,895.0,895.0,0.05,0.1,2.4955761432647705,25.216943740844727,-75.60869598388672,594.4219970703125,500.0,39.22483690906642,757,-1.9300000000000015,-5.593938003740552,-80.0,0.0,0.46759927422911585
9470,2,crash,4,3,1,1478.0925322719513,1214,377.3333333333333,458.0,0.05,0.1,2.5109262466430664,25.321765899658203,-76.24993896484375,560.758544921875,1500.0,66.32742800246135,901,-2.421999999999955,-5.812895730508201,-80.0,0.0,1.2175391534365332
9480,2,max_steps,4,4,0,2123.9487420346686,3500,870.25,918.0,0.05,0.1,2.5215444564819336,25.39617919921875,-76.24993896484375,575.5072631835938,2000.0,130.94074203467025,2234,-6.991999999999452,0.0,0.0,0.0,0.6068424977241911
9490,2,crash,4,1,1,332.0353236705146,2069,539.0,539.0,0.05,0.1,2.5249016284942627,25.40782928466797,-76.35829162597656,559.00439453125,500.0,68.5424149745468,1294,-4.1359999999997665,-152.3710913040328,-80.0,0.0,0.1604810650896639
9500,2,success,4,5,0,2658.2097556809003,2629,525.8,459.0,0.05,0.1,2.531055450439453,25.46561622619629,-77.38626098632812,564.8909301757812,2500.0,163.45775568090284,1887,-5.247999999999644,0.0,0.0,0.0,1.0111105955423736
9510,2,crash,4,1,1,487.402235147646,1194,537.0,537.0,0.05,0.1,2.5357165336608887,25.476390838623047,-77.38626098632812,564.8909301757812,500.0,75.49633533194546,995,-2.385999999999959,-5.708100184299707,-80.0,0.0,0.4082095771755829
9520,2,crash,4,2,1,952.6765955804109,614,268.0,268.0,0.05,0.1,2.5403618812561035,25.50480842590332,-77.40447998046875,611.8304443359375,1000.0,40.30703305677856,534,-1.2240000000000009,-6.406437476366764,-80.0,0.0,1.5515905465479005
9530,2,crash,4,1,1,421.1146608259948,2573,1954.0,1954.0,0.05,0.1,2.5397868156433105,25.490812301635742,-77.62074279785156,583.954833984375,500.0,18.130450865424415,1516,-5.1439999999996555,-11.871790039429378,-80.0,0.0,0.1636667939471414
9540,2,crash,4,1,1,428.177752780544,635,443.0,443.0,0.05,0.1,2.5433406829833984,25.494613647460938,-78.02584838867188,578.8564453125,500.0,23.97377170968226,509,-1.268000000000001,-14.528018929138286,-80.0,0.0,0.674295673670148
9550,2,max_steps,4,1,0,538.1705851188693,3500,904.0,904.0,0.05,0.1,2.543207883834839,25.406715393066406,-78.02584838867188,572.4518432617188,500.0,65.21727747318394,1804,-6.997999999999451,-20.048692354315566,0.0,0.0,0.15376302431967695
9560,2,max_steps,4,3,0,1585.5657957001115,3500,841.6666666666666,641.0,0.05,0.1,2.5499675273895264,25.382043838500977,-78.02584838867188,564.301513671875,1500.0,129.64238702961137,2224,-6.993999999999452,-37.082591329500254,0.0,0.0,0.45301879877146045
9570,2,crash,4,3,1,1449.1049843691892,3055,841.3333333333334,599.0,0.05,0.1,2.5593085289001465,25.45585060119629,-78.02584838867188,577.0294189453125,1500.0,95.78452546365018,1776,-6.10399999999955,-60.575541094459034,-80.0,0.0,0.47433878375423544
9580,2,crash,4,1,1,480.98288771459397,3440,3261.0,3261.0,0.05,0.1,2.5611672401428223,25.463335037231445,-77.8655776977539,578.4481201171875,500.0,72.57729170807886,1859,-6.8779999999994645,-4.716403993484711,-80.0,0.0,0.13982060689377732
9590,2,crash,4,1,1,452.1857206791668,643,437.0,437.0,0.05,0.1,2.567640542984009,25.543588638305664,-77.8655776977539,573.1153564453125,500.0,39.427226110754106,596,-1.284000000000001,-5.957505431586931,-80.0,0.0,0.703243733560135
9600,2,max_steps,4,1,0,505.54453258408273,3500,301.0,301.0,0.05,0.1,2.565971612930298,25.480913162231445,-77.8655776977539,573.1153564453125,500.0,61.89816746263301,1985,-6.997999999999451,-49.35563487855082,0.0,0.0,0.14444129502402364
9610,2,crash,4,0,1,-125.73455214871919,825,,,0.05,0.1,2.5699007511138916,25.523231506347656,-77.8655776977539,573.1153564453125,0.0,-18.510444194216216,343,-1.6500000000000012,-25.57410795450297,-80.0,0.0,-0.15240551775602326
9620,2,crash,4,2,1,1028.2689681962845,1832,873.0,873.0,0.05,0.1,2.580582618713379,25.61869239807129,-77.8655776977539,573.1153564453125,1000.0,122.57786967197892,1455,-3.6599999999998185,-10.64890147569489,-80.0,0.0,0.561282187880068
9630,2,max_steps,4,4,0,2094.9319386252955,3500,852.25,609.5,0.05,0.1,2.5885543823242188,25.66230583190918,-77.8655776977539,577.6512451171875,2000.0,162.66737195179618,2388,-6.991999999999452,-60.74343332650001,0.0,0.0,0.5985519824643701
9640,2,crash,4,4,1,2017.8322954375958,2300,505.5,460.0,0.05,0.1,2.599848985671997,25.71324920654297,-77.8655776977539,577.6679077148438,2000.0,130.19957311779038,1635,-4.591999999999716,-27.775277680194606,-80.0,0.0,0.8773183893206938
9650,2,crash,4,1,1,430.9883724739993,1594,371.0,371.0,0.05,0.1,2.60942006111145,25.81215476989746,-77.8655776977539,583.0555419921875,500.0,41.4805930526278,862,-3.1859999999998707,-27.30622057862774,-80.0,0.0,0.27038166403638597
9660,2,crash,4,3,1,1459.3036582444372,1136,215.0,238.0,0.05,0.1,2.6167409420013428,25.886587142944336,-77.8655776977539,586.27978515625,1500.0,59.87082283169324,950,-2.265999999999972,-18.301164587257034,-80.0,0.0,1.2845982907081313
9670,2,max_steps,4,2,0,1068.3062079840513,3500,1477.0,1477.0,0.05,0.1,2.6220946311950684,25.937299728393555,-77.8655776977539,575.4885864257812,1000.0,116.93463567523074,2333,-6.9959999999994515,-41.632427691178314,0.0,0.0,0.3052303451383004
9680,2,crash,4,1,1,483.201193398207,2808,293.0,293.0,0.05,0.1,2.625716209411621,25.960418701171875,-77.92195129394531,561.7561645507812,500.0,79.82089443585014,1796,-5.613999999999604,-11.005701037641655,-80.0,0.0,0.17208019707913355
9690,2,max_steps,4,4,0,2133.994240332835,3500,785.25,721.5,0.05,0.1,2.634427309036255,26.0385684967041,-77.92195129394531,583.9406127929688,2000.0,142.3801914829083,2207,-6.991999999999452,-1.3939511500742883,0.0,0.0,0.6097126400950957
9700,2,max_steps,4,3,0,1569.786854987534,3500,612.3333333333334,522.0,0.05,0.1,2.6519758701324463,26.17108726501465,-77.92195129394531,581.8260498046875,1500.0,114.55932902614519,1624,-6.993999999999452,-37.77847403860975,0.0,0.0,0.4485105299964383
9710,2,crash,4,1,1,393.24380947697136,1410,221.0,221.0,0.05,0.1,2.664180278778076,26.27994728088379,-77.92195129394531,585.9697265625,500.0,-9.744645139112434,638,-2.8179999999999112,-14.193545383916243,-80.0,0.0,0.27889631877799387
9720,2,crash,4,0,1,-56.199171232713574,416,,,0.05,0.1,2.667935609817505,26.33492660522461,-77.92195129394531,605.8552856445312,0.0,31.027205932407984,360,-0.8320000000000006,-6.394377165121541,-80.0,0.0,-0.13509416161709994
9730,2,max_steps,4,0,0,10.818354279777902,3500,,,0.05,0.1,2.669671058654785,26.338321685791016,-77.92195129394531,598.9163208007812,0.0,17.82943913791624,1607,-6.999999999999451,-0.011084858138360826,0.0,0.0,0.003090958365650829
9740,2,max_steps,4,0,0,-38.918956688912694,3500,,,0.05,0.1,2.6759023666381836,26.39838981628418,-77.92195129394531,606.0409545898438,0.0,3.73657037619681,1356,-6.999999999999451,-35.655527065109546,0.0,0.0,-0.011119701911117913
9750,2,crash,4,1,1,454.25784076748766,947,874.0,874.0,0.05,0.1,2.6782641410827637,26.423486709594727,-77.92195129394531,584.4170532226562,500.0,41.182075651184654,544,-1.8920000000000015,-5.032234883697035,-80.0,0.0,0.47968093006070506
9760,2,crash,4,1,1,404.41373802435845,524,389.0,389.0,0.05,0.1,2.6804895401000977,26.42695426940918,-77.92195129394531,541.6920166015625,500.0,-5.286424097559337,388,-1.0460000000000007,-9.253837878082276,-80.0,0.0,0.7717819427945772
9770,2,crash,4,0,1,-51.67860102836834,2049,,,0.05,0.1,2.6876442432403564,26.50345802307129,-77.92195129394531,567.48193359375,0.0,40.10636408020836,749,-4.097999999999771,-7.686965108576761,-80.0,0.0,-0.025221376783000654
9780,2,crash,4,1,1,441.18144882153035,591,461.0,461.0,0.05,0.1,2.694469451904297,26.574871063232422,-77.92195129394531,582.4737548828125,500.0,34.417801524566435,460,-1.1800000000000008,-12.05635270303596,-80.0,0.0,0.7464999134036047
9790,2,max_steps,4,0,0,11.137342225929594,3500,,,0.05,0.1,2.6989269256591797,26.590625762939453,-77.92195129394531,598.087158203125,0.0,18.137342225929473,1976,-6.999999999999451,0.0,0.0,0.0,0.0031820977788370266
9800,2,crash,4,1,1,423.91358972669434,878,814.0,814.0,0.05,0.1,2.705686569213867,26.6176815032959,-77.92195129394531,578.4976806640625,500.0,31.748049074380873,564,-1.7540000000000013,-26.08045934768674,-80.0,0.0,0.48281730037208925
9810,2,max_steps,4,3,0,1604.3348794515157,3500,1153.6666666666667,387.0,0.05,0.1,2.712198495864868,26.64329719543457,-77.92195129394531,568.1305541992188,1500.0,111.32887945151553,2366,-6.993999999999452,0.0,0.0,0.0,0.45838139412900447
9820,2,crash,4,2,1,922.1991181127187,2040,703.0,703.0,0.05,0.1,2.729281425476074,26.80812644958496,-77.92195129394531,584.4890747070312,1000.0,76.27863630048705,1398,-4.075999999999773,-70.0035181877685,-80.0,0.0,0.45205839123172487
9830,2,max_steps,4,3,0,1602.613693343199,3500,378.3333333333333,357.0,0.05,0.1,2.7496485710144043,27.006643295288086,-77.92195129394531,605.3147583007812,1500.0,141.33223703386196,2131,-6.993999999999452,-31.72454369066476,0.0,0.0,0.4578896266694854
9840,2,crash,4,0,1,-78.78580216807505,797,,,0.05,0.1,2.7610373497009277,27.103614807128906,-77.92195129394531,616.3617553710938,0.0,11.074032659336027,419,-1.5940000000000012,-8.265834827411076,-80.0,0.0,-0.098852951277384
9850,2,max_steps,4,2,0,1033.3066664191297,3500,951.0,951.0,0.05,0.1,2.7775158882141113,27.241432189941406,-77.92195129394531,674.0717163085938,1000.0,77.99808635939945,1689,-6.9959999999994515,-37.69541994027049,0.0,0.0,0.29523047611975134
9860,2,crash,4,1,1,497.47824467353536,1347,377.0,377.0,0.05,0.1,2.791475772857666,27.279010772705078,-77.92195129394531,623.4873657226562,500.0,86.31746085862851,1235,-2.691999999999925,-6.147216185093384,-80.0,0.0,0.36932312150967733
9870,2,max_steps,4,0,0,-5.367040755201167,3500,,,0.05,0.1,2.8034613132476807,27.379741668701172,-78.27967071533203,654.1324462890625,0.0,1.6329592447988204,1402,-6.999999999999451,0.0,0.0,0.0,-0.0015334402157717618
9880,2,success,4,5,0,2620.9604862591236,2615,523.0,443.0,0.05,0.1,2.8135218620300293,27.44389533996582,-78.34036254882812,613.984130859375,2500.0,158.86903925995628,2107,-5.219999999999647,-32.68855300083277,0.0,0.0,1.0022793446497604
9890,2,crash,4,3,1,1483.5272625863536,2877,567.3333333333334,536.0,0.05,0.1,2.8226308822631836,27.562955856323242,-78.34036254882812,645.17431640625,1500.0,106.86497312538205,1861,-5.747999999999589,-37.5897105390273,-80.0,0.0,0.515650769060255
9900,2,success,4,5,0,2661.018792784001,3229,645.8,647.0,0.05,0.1,2.8349106311798096,27.606983184814453,-78.49066162109375,612.3248901367188,2500.0,194.22746771968673,2508,-6.447999999999512,-26.760674935686833,0.0,0.0,0.8240999667959124
9910,2,crash,4,2,1,977.1101957036326,1641,543.5,543.5,0.05,0.1,2.8474552631378174,27.678682327270508,-78.51070404052734,606.3118896484375,1000.0,69.741498581252,1122,-3.2779999999998606,-9.353302877619,-80.0,0.0,0.5954358291917322
9920,2,success,4,5,0,2667.353327069001,3326,665.2,617.0,0.05,0.1,2.86751389503479,27.80916404724121,-78.51070404052734,605.1643676757812,2500.0,221.22801747532762,2593,-6.6419999999994905,-47.23269040633092,0.0,0.0,0.8019703328529768
9930,2,max_steps,4,3,0,1598.9990357388451,3500,1111.3333333333333,1249.0,0.05,0.1,2.872506618499756,27.84173011779785,-78.51070404052734,626.0504150390625,1500.0,137.93989087567704,2355,-6.993999999999452,-31.94685513683244,0.0,0.0,0.45685686735395575
9940,2,crash,4,4,1,1952.8128599860006,3004,649.25,614.5,0.05,0.1,2.886563539505005,27.878812789916992,-78.51070404052734,605.4746704101562,2000.0,120.7339831557097,1928,-5.999999999999561,-81.92112316970686,-80.0,0.0,0.6500708588501999
9950,2,max_steps,4,4,0,2157.0374140200856,3500,434.0,462.5,0.05,0.1,2.8969874382019043,27.915098190307617,-78.51070404052734,624.5414428710938,2000.0,185.82553714991175,2699,-6.991999999999452,-21.79612312982224,0.0,0.0,0.6162964040057387
9960,2,crash,4,0,1,-130.66690996499884,1583,,,0.05,0.1,2.902467727661133,27.956317901611328,-78.66254425048828,610.101806640625,0.0,-32.80946590239188,270,-3.165999999999873,-14.691444062606966,-80.0,0.0,-0.08254384710360002
9970,2,crash,4,0,1,-61.066896454216995,493,,,0.05,0.1,2.90639591217041,27.95821189880371,-78.66254425048828,575.939697265625,0.0,32.98502284167238,379,-0.9860000000000008,-13.065919295889403,-80.0,0.0,-0.1238679441262008
9980,2,crash,4,1,1,427.59886004519456,823,695.0,695.0,0.05,0.1,2.9099833965301514,27.94588851928711,-78.66254425048828,614.5189819335938,500.0,16.306700597236272,580,-1.6440000000000012,-7.06384055204139,-80.0,0.0,0.5195611908204065
9990,2,crash,4,2,1,1018.7330472621853,2287,793.5,793.5,0.05,0.1,2.9192001819610596,28.011594772338867,-78.66254425048828,565.14208984375,1000.0,118.033523974964,1902,-4.569999999999719,-14.730476712778259,-80.0,0.0,0.4454451452829844
10000,2,crash,4,2,1,939.0060897619425,2616,1032.0,1032.0,0.05,0.1,2.9213626384735107,27.937421798706055,-78.66254425048828,553.2672119140625,1000.0,48.339867184313725,1458,-5.227999999999646,-24.105777422372054,-80.0,0.0,0.35894728201909115
