ep,stage,done_reason,action_repeat,hits,crash,return,steps,avg_steps_per_hit,med_steps_per_hit,epsilon,alpha,q_mean,q_std,q_min,q_max,r_hit,r_progress,progress_steps,r_step,r_near_boundary,r_oob,mean_return_per_step,dx_bin_counts,dy_bin_counts,vx_bin_counts,vy_bin_counts,theta_bin_counts,omega_bin_counts,vx_abs_p50,vy_abs_p50,theta_abs_p50,omega_abs_p50,vx_abs_p90,vy_abs_p90,theta_abs_p90,omega_abs_p90,near_vx_abs_p90,near_vy_abs_p90,near_theta_abs_p90,near_omega_abs_p90
10,0,max_steps,1,0,0,-48.045450271129994,2500,,,0.19900224700262353,0.1,-0.0020705736242234707,0.038551654666662216,-1.4650664329528809,0.3780324459075928,0.0,76.95454972886984,1217,-124.99999999999504,0.0,0.0,-0.019218180108452,"{5: 189, 6: 30, 4: 31}","{4: 18, 3: 182, 2: 50}","{1: 170, 2: 42, 0: 38}","{1: 179, 2: 41, 0: 30}","{1: 190, 2: 30, 0: 30}","{1: 182, 2: 33, 0: 35}",0.02256871530461945,0.01734093128664263,0.03600153461524471,0.05348281235086351,0.09043592694437493,0.05022932373839808,0.1328722185269787,0.12946101302765084,,,,
20,0,max_steps,1,0,0,-57.73267253618776,2500,,,0.19800947156046594,0.1,0.0034816411789506674,0.5197120904922485,-1.4516643285751343,56.124351501464844,0.0,67.26732746381106,1217,-124.99999999999504,0.0,0.0,-0.023093069014475106,"{4: 59, 5: 57, 6: 134}","{1: 12, 2: 49, 3: 189}","{1: 135, 0: 82, 2: 33}","{1: 194, 0: 49, 2: 7}","{1: 168, 0: 56, 2: 26}","{1: 150, 0: 49, 2: 51}",0.04545457829683189,0.016741717068157334,0.0722816025315374,0.09339688131637097,0.12190429363097237,0.042883581477927826,0.16950903594551137,0.17692457828982722,,,,
30,0,max_steps,1,0,0,-67.94430132203244,2500,,,0.197021648841674,0.1,0.008516657166182995,0.7820650339126587,-8.528067588806152,86.58686828613281,0.0,57.05569867796555,1091,-124.99999999999504,0.0,0.0,-0.02717772052881298,"{3: 24, 4: 72, 5: 154}","{1: 6, 2: 41, 3: 195, 4: 8}","{1: 175, 0: 52, 2: 23}","{1: 203, 0: 39, 2: 8}","{1: 202, 0: 39, 2: 9}","{1: 195, 0: 35, 2: 20}",0.029422720669968525,0.011227651289184994,0.03873102232122397,0.04795701488680758,0.08108972745772487,0.04402265984900809,0.1200775610152169,0.1234841629950131,0.07989320992547279,0.1379863065055385,0.12289279483854215,0.08987468080351664
40,0,max_steps,1,0,0,-79.2665333385343,2500,,,0.19603875413827485,0.1,0.018228305503726006,1.0878210067749023,-8.583162307739258,87.08558654785156,0.0,45.733466661463595,882,-124.99999999999504,0.0,0.0,-0.03170661333541372,"{4: 57, 5: 142, 6: 51}","{2: 92, 3: 139, 4: 12, 1: 7}","{1: 196, 0: 36, 2: 18}","{1: 109, 0: 73, 2: 68}","{1: 209, 0: 25, 2: 16}","{1: 194, 0: 29, 2: 27}",0.03118979996252215,0.03091393769876586,0.03913492048514998,0.055474046203980346,0.08471478499854947,0.06994571150291672,0.12248737576828868,0.1398722104338207,,,,
50,0,max_steps,1,1,0,425.77239100263813,2500,2311.0,2311.0,0.1950607628655578,0.1,0.027426527813076973,1.3659398555755615,-9.498472213745117,127.97549438476562,500.0,50.7223910026373,997,-124.94999999999504,0.0,0.0,0.17030895640105526,"{2: 212, 1: 14, 3: 5, 4: 4, 5: 15}","{3: 153, 2: 38, 4: 59}","{1: 210, 2: 10, 0: 30}","{1: 122, 2: 66, 0: 62}","{1: 230, 0: 20}","{1: 228, 0: 14, 2: 8}",0.015784558177700785,0.030605206907671587,0.021453874816910103,0.028961975277508614,0.06937902130811681,0.06113143890270169,0.0810042049098105,0.09866298135819214,0.12668200734477217,0.031364641318842104,0.10393473904224677,0.09884163797358694
60,0,max_steps,1,0,0,-19.505919960061558,2500,,,0.1940876505614596,0.1,0.030779654160141945,1.5456823110580444,-10.847485542297363,115.28233337402344,0.0,105.4940800399385,1410,-124.99999999999504,0.0,0.0,-0.007802367984024623,"{5: 150, 4: 23, 6: 77}","{5: 14, 4: 18, 3: 175, 2: 43}","{1: 126, 2: 61, 0: 63}","{1: 161, 2: 55, 0: 34}","{1: 176, 2: 32, 0: 42}","{1: 134, 2: 50, 0: 66}",0.04993361190769334,0.020734186335244487,0.07276843482729844,0.09581078394362116,0.10478498275155888,0.05348829990885107,0.15370193888766726,0.156107392167525,,,,
70,1,success,1,2,0,1035.0690002550227,1183,591.5,591.5,0.5997,0.1,0.0398368202149868,1.794547200202942,-10.847485542297363,157.45150756835938,1000.0,94.11900025502277,1058,-59.04999999999878,0.0,0.0,0.8749526629374664,"{2: 81, 3: 37}","{5: 6, 4: 12, 3: 31, 2: 21, 0: 41, 1: 7}","{1: 74, 0: 44}","{1: 47, 2: 26, 0: 45}","{1: 105, 0: 13}","{1: 102, 0: 14, 2: 2}",0.03679256595491076,0.03347655453695807,0.043654005709786836,0.053263809418833005,0.0807282842022711,0.1447708509361207,0.10007146543541426,0.11356240663004367,0.04703876963933284,0.15800968665918602,0.06424492176520996,0.12074811086722398
80,1,max_steps,3,2,0,970.8327932125208,3000,1010.5,1010.5,0.5967082376373667,0.1,0.042612988501787186,1.8389630317687988,-22.50273323059082,157.45150756835938,1000.0,120.73279321251579,1956,-149.89999999999984,0.0,0.0,0.32361093107084027,"{2: 166, 1: 31, 3: 5, 6: 98}","{5: 12, 4: 39, 3: 128, 2: 91, 0: 13, 1: 17}","{1: 223, 2: 24, 0: 53}","{1: 141, 2: 86, 0: 73}","{1: 260, 0: 30, 2: 10}","{1: 245, 0: 30, 2: 25}",0.028682461024165003,0.031764174652176985,0.03823747651148514,0.04976995543801353,0.07061273186216932,0.08145595241341347,0.10691456627694572,0.12390849990714337,0.06892728186904912,0.03604094624429198,0.09619908459191018,0.08039420726273333
90,1,max_steps,3,0,0,-92.21472454137346,3000,,,0.5937314004740571,0.1,0.04693121835589409,2.003312110900879,-18.48906135559082,157.45150756835938,0.0,57.78527545862687,1319,-149.99999999999986,0.0,0.0,-0.03073824151379115,{6: 300},"{3: 273, 2: 17, 4: 10}","{1: 187, 0: 89, 2: 24}","{1: 245, 2: 37, 0: 18}","{1: 245, 2: 6, 0: 49}","{1: 199, 2: 50, 0: 51}",0.036852849285053654,0.015346480187543202,0.056650657180060376,0.06675550494996414,0.08543741393288566,0.03304789254553916,0.11868852857145464,0.1396991464925929,,,,
100,1,max_steps,3,0,0,-51.30818463720615,3000,,,0.5907694140517594,0.1,0.046011507511138916,2.074951410293579,-18.35061264038086,157.45150756835938,0.0,105.81984653606965,1205,-149.99999999999986,-7.128031173276294,0.0,-0.017102728212402052,"{5: 160, 4: 47, 6: 93}","{6: 4, 5: 9, 4: 19, 3: 210, 2: 58}","{1: 219, 0: 37, 2: 44}","{1: 196, 2: 72, 0: 32}","{1: 249, 0: 25, 2: 26}","{1: 244, 0: 38, 2: 18}",0.03285922922245636,0.022202091419158486,0.041981846228878635,0.03865660299001701,0.09857832466217763,0.06018407329577232,0.12531363177306906,0.12281798360789986,,,,
110,1,max_steps,3,2,0,954.0029582020766,3000,523.0,523.0,0.587822204283617,0.1,0.047397978603839874,2.1603844165802,-18.35061264038086,157.45150756835938,1000.0,103.9029582020645,1355,-149.89999999999984,0.0,0.0,0.3180009860673589,"{3: 19, 2: 85, 6: 196}","{2: 54, 3: 155, 4: 40, 6: 32, 5: 19}","{1: 193, 0: 84, 2: 23}","{1: 113, 0: 68, 2: 119}","{1: 234, 0: 53, 2: 13}","{1: 221, 2: 33, 0: 46}",0.029347120902937472,0.03863159532009342,0.04522857439959989,0.06595266056580994,0.09174077982897516,0.09029047332998004,0.12870115598987067,0.1377439825077664,0.10854678682183275,0.08648909803153498,0.11771216742253099,0.09655470169112339
120,1,max_steps,3,0,0,-98.14368082593217,3000,,,0.584889697452375,0.1,0.05317028984427452,2.314101219177246,-16.949249267578125,187.7646942138672,0.0,51.856319174068275,1554,-149.99999999999986,0.0,0.0,-0.03271456027531072,{6: 300},"{4: 25, 3: 221, 2: 54}","{1: 250, 0: 41, 2: 9}","{1: 185, 2: 62, 0: 53}","{1: 288, 0: 12}","{1: 264, 0: 16, 2: 20}",0.025825158254966885,0.02297451335964791,0.03770067857520451,0.038804506483316625,0.06577027584061798,0.055461743417964005,0.08406887289623559,0.10942137617505336,,,,
130,1,max_steps,3,0,0,-127.37922860800282,3000,,,0.5819718202085363,0.1,0.05511769279837608,2.352649211883545,-15.747857093811035,187.7646942138672,0.0,22.62077139199826,1566,-149.99999999999986,0.0,0.0,-0.04245974286933427,{2: 300},"{1: 3, 2: 56, 3: 216, 4: 25}",{1: 300},"{1: 206, 0: 88, 2: 6}",{1: 300},{1: 300},0.006751405032773237,0.018869949547171434,0.008866230062979326,0.018035187923515,0.021830793962920484,0.04933352433066792,0.03190878750633048,0.04375589746096744,,,,
140,1,max_steps,3,2,0,870.5019596308631,3000,545.0,545.0,0.5790684995685279,0.1,0.0601407028734684,2.4701569080352783,-17.29183578491211,187.7646942138672,1000.0,104.76637833469991,1588,-149.89999999999984,-84.36441870384392,0.0,0.2901673198769544,"{3: 60, 2: 48, 6: 192}","{5: 24, 4: 53, 0: 36, 1: 18, 2: 38, 6: 32, 3: 99}","{1: 200, 0: 84, 2: 16}","{1: 99, 2: 112, 0: 89}","{1: 234, 0: 52, 2: 14}","{1: 228, 0: 34, 2: 38}",0.02487231617303263,0.039569942924050236,0.03643307263421611,0.05808714919201076,0.0963750845378714,0.10040911273322178,0.14428612588074557,0.13726722650743928,0.1057014578031805,0.11497069098525613,0.10605439266753942,0.11687633605429282
150,1,max_steps,3,1,0,390.306126753236,3000,166.0,166.0,0.5761796629128739,0.1,0.06329071521759033,2.6012701988220215,-17.29183578491211,218.91224670410156,500.0,40.256126753222595,1196,-149.94999999999985,0.0,0.0,0.13010204225107866,"{3: 16, 4: 16, 5: 19, 6: 249}","{5: 5, 4: 20, 3: 203, 2: 72}","{1: 249, 0: 51}","{1: 229, 2: 50, 0: 21}","{1: 283, 0: 17}","{1: 291, 0: 7, 2: 2}",0.016924315941908463,0.013452456418404233,0.018689421833528466,0.029903448523197644,0.06784471664110582,0.05798110713968139,0.0816415598292524,0.0737589626900946,0.009682089311450284,0.12006182990570649,0.04593093976926781,0.11128266973344354
160,1,crash,3,1,1,247.50327585499434,1892,612.0,612.0,0.5733052379843804,0.1,0.06549490243196487,2.7845072746276855,-22.621915817260742,246.884033203125,500.0,58.97763081464755,756,-94.54999999999677,-136.9243549596602,-80.0,0.1308156849127877,"{1: 25, 2: 35, 3: 1, 6: 128}","{5: 6, 4: 13, 3: 138, 2: 32}","{1: 121, 0: 68}","{1: 98, 2: 50, 0: 41}","{1: 157, 0: 32}","{1: 131, 0: 33, 2: 25}",0.038146383389991344,0.02747901435579665,0.045014656705407156,0.07006768346970715,0.08049605308717289,0.07318768046819438,0.11602705239663363,0.1321798690025674,0.0812892125699294,0.009375966331945278,0.11557227452270058,0.06497400853589935
170,1,max_steps,3,1,0,479.3402324001256,3000,848.0,848.0,0.5704451528863276,0.1,0.07043729722499847,2.851083517074585,-22.2531681060791,245.82449340820312,500.0,129.29023240011819,1908,-149.94999999999985,0.0,0.0,0.15978007746670853,"{2: 80, 3: 4, 6: 174, 5: 42}","{0: 3, 1: 18, 2: 89, 3: 186, 4: 4}","{1: 173, 0: 65, 2: 62}","{1: 193, 0: 96, 2: 11}","{1: 216, 2: 51, 0: 33}","{1: 218, 2: 40, 0: 42}",0.040845613576540624,0.021057822965919404,0.05626104652650853,0.050778804731653034,0.10149945095644033,0.053875005709909794,0.13749180538142075,0.17647475126705153,0.056063354016137254,0.03304267319905432,0.06752112190505195,0.0539222910751686
180,1,max_steps,3,0,0,-85.93420201432204,3000,,,0.5675993360806716,0.1,0.07283899933099747,2.907132387161255,-22.2531681060791,245.82449340820312,0.0,64.06579798567797,1134,-149.99999999999986,0.0,0.0,-0.028644734004774013,{6: 300},"{4: 42, 3: 200, 2: 58}","{1: 170, 0: 98, 2: 32}","{1: 209, 2: 57, 0: 34}","{1: 228, 0: 57, 2: 15}","{1: 193, 0: 59, 2: 48}",0.04087193497307648,0.017223800753906855,0.05353515688849721,0.07584540266549519,0.10284207295010905,0.051748302080949854,0.13700601402230927,0.1423770593695298,,,,
190,1,crash,3,0,1,-226.09354748509273,2072,,,0.5647677163862548,0.1,0.07177980244159698,2.9283292293548584,-20.915246963500977,245.82449340820312,0.0,12.214125195658594,662,-103.59999999999626,-54.707672680750974,-80.0,-0.10911850747350035,"{6: 200, 5: 7}","{3: 165, 4: 6, 2: 36}","{1: 126, 0: 81}","{1: 128, 2: 49, 0: 30}","{1: 155, 0: 52}","{1: 144, 0: 32, 2: 31}",0.033477072985404005,0.019627378216427207,0.04340767561546234,0.0707880314854347,0.09995286458455124,0.051189031442964605,0.12980796575849385,0.1269321315152663,,,,
200,1,max_steps,3,0,0,-48.14470090942337,3000,,,0.5619502229770255,0.1,0.07224254310131073,2.9609158039093018,-20.875667572021484,227.3328857421875,0.0,101.85529909057612,1628,-149.99999999999986,0.0,0.0,-0.01604823363647446,"{6: 191, 5: 109}","{2: 58, 3: 242}","{1: 158, 2: 68, 0: 74}","{1: 235, 0: 52, 2: 13}","{1: 210, 2: 39, 0: 51}","{1: 158, 2: 65, 0: 77}",0.046761850162859234,0.01592999006655247,0.06569473273021278,0.09867403939761442,0.08526170192178492,0.042696464678209985,0.12846644949741126,0.14890010838986187,,,,
210,1,max_steps,3,0,0,-69.62713909289958,3000,,,0.5591467853802671,0.1,0.0691198781132698,3.0034890174865723,-22.463844299316406,227.3328857421875,0.0,81.02912553016478,1616,-149.99999999999986,-0.6562646230647708,0.0,-0.02320904636429986,"{0: 259, 1: 41}","{1: 20, 2: 28, 3: 171, 4: 81}","{1: 230, 0: 33, 2: 37}","{1: 128, 0: 103, 2: 69}","{1: 255, 0: 22, 2: 23}","{1: 247, 2: 32, 0: 21}",0.02318918310377412,0.03173836876387878,0.031031260402009927,0.043993221263247034,0.0782067323070136,0.05827553563512525,0.113773666336316,0.1264378364463379,,,,
220,1,max_steps,3,0,0,-383.9481826045984,3000,,,0.5563573334748342,0.1,0.07046917080879211,3.0799169540405273,-22.463844299316406,254.50958251953125,0.0,82.06338442600274,1865,-149.99999999999986,-316.01156703060116,0.0,-0.12798272753486614,"{2: 263, 3: 37}","{6: 7, 5: 8, 4: 43, 3: 172, 2: 70}","{1: 291, 0: 9}","{1: 187, 2: 74, 0: 39}",{1: 300},"{1: 287, 0: 8, 2: 5}",0.020067562275455128,0.023175528209647283,0.028487890745666135,0.03937906132518278,0.042710133137242756,0.07720736931523614,0.06206767242289336,0.0850203432881324,0.03562851908796826,0.03460645379686035,0.05706043014235809,0.0733991251838391
230,1,max_steps,3,0,0,-5.815550783685518,3000,,,0.5535817974893997,0.1,0.07257386296987534,3.2140228748321533,-19.448211669921875,283.1518249511719,0.0,144.18444921631448,1713,-149.99999999999986,0.0,0.0,-0.0019385169278951727,"{6: 135, 5: 109, 4: 56}","{1: 3, 2: 57, 3: 240}","{1: 140, 2: 83, 0: 77}","{1: 209, 0: 56, 2: 35}","{1: 174, 2: 66, 0: 60}","{1: 179, 2: 57, 0: 64}",0.0587809896774273,0.019071482127142943,0.07742096711018842,0.07772194477108042,0.11947205997085028,0.045917486734070506,0.14625980219293122,0.16674601091152957,,,,
240,1,crash,3,0,1,-271.5759057233276,2897,,,0.5508201080007092,0.1,0.07426867634057999,3.211235284805298,-19.448211669921875,283.1518249511719,0.0,11.403232931759199,760,-144.8499999999987,-58.12913865508533,-80.0,-0.09374384042917763,{6: 289},"{3: 223, 2: 66}","{1: 222, 0: 67}","{1: 231, 2: 34, 0: 24}","{1: 250, 0: 39}","{1: 244, 0: 28, 2: 17}",0.021590842446187978,0.012407864749470868,0.024362872291889708,0.03619011244921819,0.07953012628806091,0.04151698845297973,0.11690293165800189,0.11639195106415845,,,,
250,1,crash,3,0,1,-373.66150638368856,2956,,,0.5480721959318446,0.1,0.07555186748504639,3.2505571842193604,-25.954477310180664,258.32708740234375,0.0,58.79922329117606,978,-147.79999999999936,-204.66072967486497,-80.0,-0.12640781677391358,"{5: 42, 6: 253}","{1: 3, 2: 31, 3: 203, 4: 58}","{1: 146, 0: 115, 2: 34}","{1: 157, 0: 77, 2: 61}","{1: 212, 0: 62, 2: 21}","{1: 201, 0: 47, 2: 47}",0.05022743409318489,0.02827957715306156,0.06230499626902385,0.08194043323893518,0.08938660237308271,0.07134445977425391,0.1303179848879082,0.12285115584090534,,,,
260,1,max_steps,3,0,0,-34.8004978678529,3000,,,0.5453379925504962,0.1,0.08061903715133667,3.408700942993164,-25.954477310180664,253.468017578125,0.0,115.19950213214666,1821,-149.99999999999986,0.0,0.0,-0.011600165955950965,"{6: 252, 5: 48}","{4: 41, 3: 221, 2: 38}","{1: 182, 2: 60, 0: 58}","{1: 167, 2: 77, 0: 56}","{1: 227, 2: 33, 0: 40}","{1: 209, 2: 54, 0: 37}",0.03815104228770993,0.027974862682051287,0.05194779350599212,0.0761520081666113,0.09350619193556342,0.06426921303252511,0.13493469314689346,0.13968084723848637,,,,
270,1,max_steps,3,1,0,400.26701205835724,3000,378.0,378.0,0.5426174294672437,0.1,0.0825379267334938,3.52908992767334,-25.954477310180664,265.06744384765625,500.0,50.21701205834553,1475,-149.94999999999985,0.0,0.0,0.13342233735278575,"{3: 37, 5: 12, 6: 251}","{6: 3, 5: 19, 4: 15, 3: 225, 2: 38}","{1: 285, 0: 15}","{1: 239, 2: 49, 0: 12}","{1: 293, 0: 7}","{1: 292, 0: 7, 2: 1}",0.01363859960107047,0.012002182983189977,0.017506244201299995,0.02433758124374518,0.03210113029683994,0.05227635823660084,0.04413097215063311,0.07441485235296984,0.011374928831468841,0.09759987403467926,0.003495952478258153,0.008001759366623583
280,1,max_steps,3,0,0,-71.11198071861227,3000,,,0.5399104386338454,0.1,0.08468049764633179,3.530681610107422,-25.806013107299805,246.665283203125,0.0,78.88801928138744,1550,-149.99999999999986,0.0,0.0,-0.023703993572870757,"{2: 252, 1: 48}","{2: 98, 3: 202}","{1: 197, 2: 64, 0: 39}","{1: 231, 0: 34, 2: 35}","{1: 241, 2: 35, 0: 24}","{1: 227, 2: 28, 0: 45}",0.033950439844493766,0.016114530926788193,0.04578600606428105,0.06547353910793324,0.07800331245386218,0.03960390245350932,0.11622708723996827,0.12659536620282916,0.014044328190108753,0.031559976135382514,0.0312919278687396,0.052150307133262075
290,1,max_steps,3,1,0,473.15361697179196,3000,2923.0,2923.0,0.5372169523415367,0.1,0.08138296753168106,3.549623966217041,-25.806013107299805,246.665283203125,500.0,123.10361697179134,2094,-149.94999999999985,0.0,0.0,0.15771787232393064,"{0: 88, 1: 61, 2: 142, 3: 1, 6: 8}","{0: 17, 1: 65, 2: 119, 3: 97, 4: 2}","{1: 229, 0: 57, 2: 14}","{1: 179, 0: 90, 2: 31}","{1: 278, 0: 22}","{1: 267, 0: 19, 2: 14}",0.025968211119345545,0.022912938099312996,0.03882003056101499,0.04508786994886549,0.06582941492935133,0.06243565090829661,0.09570940393189653,0.10160470840004246,0.06105205875058455,0.09322831984642502,0.12174172511447628,0.09421103021745435
300,1,max_steps,3,1,0,402.3888773773398,3000,1442.0,1442.0,0.5345369032193356,0.1,0.08280187845230103,3.604546308517456,-26.27560806274414,220.16860961914062,500.0,79.68818750539577,1637,-149.94999999999985,-27.34931012806042,0.0,0.13412962579244658,"{2: 129, 1: 127, 3: 4, 0: 40}","{4: 24, 3: 188, 2: 87, 5: 1}","{1: 216, 2: 36, 0: 48}","{1: 192, 2: 74, 0: 34}","{1: 272, 0: 19, 2: 9}","{1: 260, 0: 27, 2: 13}",0.02205089149305907,0.02077635985002594,0.03042412782046941,0.040208058679054526,0.07383667293776054,0.06298055439775645,0.09815694680893089,0.10721512304593744,0.07352051510631548,0.028452102555839544,0.05201097981392673,0.0597730528382624
310,1,max_steps,3,0,0,-37.00407473985934,3000,,,0.5318702242323584,0.1,0.09127707034349442,3.824101686477661,-31.345623016357422,248.1658477783203,0.0,112.99592526014018,1653,-149.99999999999986,0.0,0.0,-0.012334691579953113,{6: 300},"{4: 10, 3: 246, 2: 44}","{1: 171, 2: 75, 0: 54}","{1: 197, 2: 55, 0: 48}","{1: 229, 0: 31, 2: 40}","{1: 152, 2: 74, 0: 74}",0.045988168299562995,0.020358414648337528,0.06834704739601832,0.09894027936403459,0.08609489892977376,0.06767402782707264,0.12923474651746164,0.15994275385491277,,,,
320,1,max_steps,3,1,0,534.3369970186588,3000,2469.0,2469.0,0.5292168486801428,0.1,0.09738598763942719,4.015063762664795,-31.09363555908203,266.11114501953125,500.0,184.28699701865784,1961,-149.94999999999985,0.0,0.0,0.17811233233955295,"{1: 155, 2: 91, 6: 26, 5: 22, 4: 6}","{0: 4, 1: 11, 2: 51, 3: 174, 4: 9, 6: 33, 5: 18}","{1: 184, 0: 67, 2: 49}","{1: 145, 0: 68, 2: 87}","{1: 245, 0: 39, 2: 16}","{1: 230, 0: 48, 2: 22}",0.04292755569000642,0.030815177490820668,0.05948079485794758,0.06878280038847387,0.08421542222375501,0.10361407654128804,0.12188322538439067,0.1286020362799903,0.08876089825893647,0.011800147505318093,0.0420264290992137,0.06448907716020978
330,1,max_steps,3,2,0,1011.8981487551657,3000,822.0,822.0,0.5265767101949791,0.1,0.10212589800357819,4.1674675941467285,-30.67657470703125,308.9311828613281,1000.0,195.50277505679992,2260,-149.89999999999984,-33.70462630163167,0.0,0.33729938291838857,"{3: 55, 1: 67, 0: 25, 2: 17, 6: 47, 5: 84, 4: 5}","{0: 11, 1: 17, 2: 74, 3: 136, 6: 25, 5: 7, 4: 30}","{1: 178, 2: 61, 0: 61}","{1: 111, 0: 88, 2: 101}","{1: 230, 2: 33, 0: 37}","{1: 203, 2: 49, 0: 48}",0.03979808387929892,0.036903638919128554,0.057803480262129184,0.07876167209331805,0.08916543731608084,0.08055654611657619,0.12314901797882039,0.13289385204150284,0.09808803160695041,0.07569854640270907,0.07696121262065178,0.09268820412969517
340,1,max_steps,3,0,0,-82.64196802488516,3000,,,0.5239497427402506,0.1,0.10385517030954361,4.194097995758057,-34.30401611328125,298.4959411621094,0.0,67.35803197511493,1009,-149.99999999999986,0.0,0.0,-0.02754732267496172,"{6: 207, 5: 67, 4: 26}","{4: 10, 3: 214, 2: 76}","{1: 158, 2: 35, 0: 107}","{1: 179, 2: 71, 0: 50}","{1: 206, 2: 26, 0: 68}","{1: 170, 2: 53, 0: 77}",0.046058358614712164,0.024861151539353747,0.061433179427340605,0.09259711875078827,0.10525421080943911,0.050838986984462015,0.13332078786471066,0.12653644662828745,,,,
350,1,crash,3,1,1,224.67561741885805,1546,306.0,306.0,0.521335880608782,0.1,0.11076996475458145,4.3356194496154785,-34.30401611328125,312.88763427734375,500.0,31.48945773481909,305,-77.24999999999775,-149.56384031596716,-80.0,0.14532704878321995,"{3: 30, 5: 31, 6: 93}","{0: 4, 1: 14, 2: 58, 3: 63, 4: 15}","{1: 87, 0: 67}","{1: 63, 0: 64, 2: 27}","{1: 115, 0: 39}","{1: 118, 0: 23, 2: 13}",0.04117014730374066,0.03516224488429326,0.04536085137627445,0.06347304094262216,0.10380650670813693,0.091626188613936,0.1251347504066668,0.1264861258395329,0.05464215331217114,0.10991116173580846,0.08169355279974383,0.08066856732860105
360,1,max_steps,3,0,0,-65.88129343605641,3000,,,0.5187350584211957,0.1,0.11848433315753937,4.466707706451416,-32.367130279541016,314.57415771484375,0.0,84.11870656394339,1543,-149.99999999999986,0.0,0.0,-0.021960431145352136,"{6: 176, 5: 46, 4: 78}","{2: 63, 3: 229, 4: 8}","{1: 214, 2: 41, 0: 45}","{1: 204, 0: 55, 2: 41}","{1: 250, 2: 23, 0: 27}","{1: 247, 2: 17, 0: 36}",0.02706353576717801,0.020253750855294236,0.03780828291150599,0.053020347025102305,0.08762254120485624,0.04608870244555309,0.11725364954199131,0.11709896951134484,0.0601944527467727,0.05599565199725763,0.1278122655940868,0.14372555678013854
370,1,crash,3,1,1,152.88656258897882,2568,412.0,412.0,0.5161472111242759,0.1,0.11941860616207123,4.530253887176514,-32.367130279541016,286.494384765625,500.0,130.25039913576296,1414,-128.34999999999494,-269.01383654678887,-80.0,0.05953526580567711,"{2: 53, 3: 36, 4: 116, 5: 51}","{0: 16, 1: 9, 2: 43, 6: 35, 5: 7, 4: 17, 3: 129}","{1: 195, 0: 61}","{1: 84, 0: 90, 2: 82}","{1: 232, 0: 24}","{1: 234, 0: 13, 2: 9}",0.023069990410209656,0.04060188186826488,0.029906290176790112,0.03784760963136776,0.08016893377017845,0.12279607027998453,0.09802257421308738,0.09745157886100946,0.06630095941175099,0.14168045882449773,0.030478896475133074,0.06389786216696867
380,1,max_steps,3,1,0,302.1181140298582,3000,843.0,843.0,0.513572273989342,0.1,0.1342805027961731,4.77998685836792,-32.367130279541016,305.34124755859375,500.0,180.3075982704042,2339,-149.94999999999985,-228.23948424054973,0.0,0.10070603800995273,"{0: 34, 1: 10, 2: 38, 3: 2, 6: 172, 5: 44}","{1: 6, 2: 57, 3: 177, 6: 32, 5: 11, 4: 17}","{1: 174, 0: 76, 2: 50}","{1: 166, 0: 42, 2: 92}","{1: 226, 0: 47, 2: 27}","{1: 219, 0: 44, 2: 37}",0.04086523840871567,0.02649559904910937,0.047894669299075404,0.06891413795515587,0.10840596780247497,0.0932996983976953,0.14412884360884354,0.13106996980749974,0.07071212636954081,0.02150800861254536,0.10599179186178811,0.06280806623898127
390,1,max_steps,3,0,0,-30.80711841168826,3000,,,0.5110101826106305,0.1,0.13580577075481415,4.79275369644165,-31.590900421142578,305.34124755859375,0.0,119.19288158831131,2146,-149.99999999999986,0.0,0.0,-0.010269039470562754,"{6: 162, 5: 122, 4: 16}","{4: 17, 3: 205, 2: 78}","{1: 187, 0: 55, 2: 58}","{1: 222, 2: 50, 0: 28}","{1: 245, 0: 33, 2: 22}","{1: 236, 0: 34, 2: 30}",0.03910893147082004,0.018974864343891215,0.05086565433412045,0.05524129659710221,0.09613761839985341,0.05431534424413442,0.12271813046911935,0.11880731690558108,,,,
400,1,max_steps,3,0,0,45.8973605095976,3000,,,0.5084608729036819,0.1,0.14373779296875,4.9605584144592285,-31.590900421142578,310.4254455566406,0.0,195.89736050959738,1711,-149.99999999999986,0.0,0.0,0.015299120169865866,"{6: 161, 5: 103, 4: 36}","{4: 6, 3: 221, 2: 73}","{1: 102, 0: 78, 2: 120}","{1: 242, 2: 35, 0: 23}","{1: 144, 0: 56, 2: 100}","{1: 175, 0: 70, 2: 55}",0.07221586992122228,0.014747177575184282,0.10316007488250924,0.08674335469018796,0.13014927572481108,0.04214497982712043,0.1551643203267989,0.15768385693657805,0.06362414528772989,0.00877379592379316,0.11447371368729975,0.14746426192217937
410,1,max_steps,3,1,0,459.42909827368953,3000,1610.0,1610.0,0.5059242811037404,0.1,0.14608576893806458,5.020891189575195,-31.590900421142578,295.0076904296875,500.0,109.37909827368442,1966,-149.94999999999985,0.0,0.0,0.1531430327578965,"{0: 50, 1: 39, 2: 70, 3: 1, 6: 140}","{1: 24, 2: 37, 3: 153, 4: 31, 6: 38, 5: 17}","{1: 197, 0: 92, 2: 11}","{1: 145, 0: 65, 2: 90}","{1: 260, 0: 32, 2: 8}","{1: 230, 0: 31, 2: 39}",0.03244104453444968,0.03079259769990441,0.04781964020554627,0.06783704254215006,0.07422819944662463,0.07422265975412855,0.10711733696789247,0.11586888215915238,0.07846759786621849,0.026580255093320508,0.0623844346461771,0.11131256938077153
420,1,max_steps,3,1,0,470.90635691194115,3000,477.0,477.0,0.5034003437641568,0.1,0.1541871428489685,5.189427852630615,-28.926593780517578,306.4936218261719,500.0,122.12439253616905,1676,-149.94999999999985,-1.2680356242392523,0.0,0.1569687856373137,"{4: 146, 3: 18, 5: 130, 6: 6}","{0: 6, 1: 11, 2: 45, 3: 170, 4: 36, 6: 23, 5: 9}","{1: 222, 2: 25, 0: 53}","{1: 127, 0: 79, 2: 94}","{1: 267, 2: 11, 0: 22}","{1: 266, 2: 14, 0: 20}",0.023945298785125333,0.03346018336821932,0.0326884192062393,0.042755685992049916,0.07980907446167201,0.11877185369675072,0.10491910021960922,0.10168001490963277,0.08815589011362288,0.08214068797341087,0.07400241928402825,0.15493643642215682
430,1,max_steps,3,1,0,387.7953669502205,3000,1767.0,1767.0,0.5008889977548016,0.1,0.15810397267341614,5.199192047119141,-27.742271423339844,306.4936218261719,500.0,37.74536695021171,1060,-149.94999999999985,0.0,0.0,0.12926512231674017,"{2: 128, 1: 14, 3: 34, 6: 124}","{4: 18, 3: 202, 2: 70, 1: 10}","{1: 275, 0: 25}","{1: 228, 2: 31, 0: 41}","{1: 292, 0: 8}","{1: 296, 0: 4}",0.019659263541900437,0.0191159978388167,0.024351872780033163,0.029256369890174883,0.04671309907302118,0.050720024884451764,0.06370893075741718,0.07600527797262728,0.03609857647782731,0.02577111172785254,0.030584631382573235,0.04469695729533567
440,1,max_steps,3,0,0,13.020302654602318,3000,,,0.498390180260488,0.1,0.16332833468914032,5.249698162078857,-26.961503982543945,306.4936218261719,0.0,163.02030265460178,1654,-149.99999999999986,0.0,0.0,0.004340100884867439,"{6: 148, 5: 111, 4: 41}","{4: 2, 3: 215, 2: 83}","{1: 108, 2: 103, 0: 89}","{1: 204, 2: 60, 0: 36}","{1: 155, 2: 78, 0: 67}","{1: 159, 2: 55, 0: 86}",0.06885300827865959,0.020853515596677266,0.09734191171752198,0.09709119612758084,0.12989234465059354,0.048208488767143974,0.16974318283884904,0.18008743119453924,,,,
450,1,crash,3,1,1,387.42736273468006,2993,866.0,866.0,0.4959038287793984,0.1,0.17189644277095795,5.362473011016846,-27.128643035888672,327.0641784667969,500.0,149.11649040076134,1655,-149.59999999999977,-32.089127666089006,-80.0,0.12944449139147346,"{0: 64, 1: 10, 2: 12, 6: 213}","{4: 18, 3: 157, 2: 68, 0: 41, 1: 15}","{1: 160, 2: 40, 0: 99}","{1: 146, 2: 57, 0: 96}","{1: 200, 0: 79, 2: 20}","{1: 166, 2: 71, 0: 62}",0.04690789097931754,0.03073110388469259,0.07761268563005813,0.09433833272509115,0.13200588975213054,0.08549891895799676,0.16356346609812517,0.1357995955642412,0.15989195045656013,0.01627088938994876,0.09891180849906002,0.10231539041700619
460,1,max_steps,3,1,0,498.58038320045574,3000,1059.0,1059.0,0.49342988112152286,0.1,0.17659422755241394,5.503281593322754,-27.051395416259766,327.0641784667969,500.0,148.53038320044905,1821,-149.94999999999985,0.0,0.0,0.1661934610668186,"{1: 65, 0: 21, 2: 16, 3: 3, 5: 47, 6: 148}","{2: 85, 3: 181, 4: 28, 5: 6}","{1: 154, 0: 82, 2: 64}","{1: 159, 0: 69, 2: 72}","{1: 195, 0: 58, 2: 47}","{1: 184, 0: 65, 2: 51}",0.04805398019631897,0.028155923550860024,0.07577385238967468,0.08427890583049061,0.10771434182124615,0.07774516923813389,0.14723833263106093,0.15905645266080595,0.10098376399632882,0.026979198959026167,0.030587086326049697,0.09860444072874072
470,1,max_steps,3,0,0,-15.595369979347524,3000,,,0.49096827540710236,0.1,0.1797301471233368,5.6063103675842285,-32.0316047668457,327.0641784667969,0.0,134.40463002065192,1573,-149.99999999999986,0.0,0.0,-0.005198456659782508,"{6: 264, 5: 36}","{4: 39, 3: 189, 2: 72}","{1: 139, 2: 82, 0: 79}","{1: 196, 2: 53, 0: 51}","{1: 173, 2: 65, 0: 62}","{1: 192, 2: 57, 0: 51}",0.054716625955255775,0.016618578349706717,0.08729585665309426,0.08084705279309568,0.11756067435964082,0.07834382417453536,0.152850015516768,0.18217869546192916,,,,
480,1,crash,3,1,1,309.2759173113352,2264,1146.0,1146.0,0.4885189500650814,0.1,0.18362225592136383,5.666329383850098,-32.0316047668457,328.7975158691406,500.0,79.47968105482391,1071,-113.14999999999571,-77.05376374349373,-80.0,0.13660597054387597,"{1: 46, 2: 67, 3: 1, 4: 76, 5: 18, 6: 18}","{4: 55, 3: 142, 2: 29}","{1: 138, 0: 88}","{1: 130, 2: 71, 0: 25}","{1: 185, 0: 41}","{1: 206, 0: 17, 2: 3}",0.04226877098577568,0.025396116350928546,0.04641114485609749,0.05229102998592445,0.0948299506316836,0.065930267508139,0.12082096968455266,0.09816709533900848,0.07643415156764868,0.01656316296261227,0.03827028168130472,0.04345176654445214
490,1,success,3,3,0,1499.86735774707,1576,525.3333333333334,470.0,0.48608184383156816,0.1,0.18969698250293732,5.7444682121276855,-30.41748046875,328.7975158691406,1500.0,78.51735774706604,1065,-78.64999999999768,0.0,0.0,0.9516924858801206,"{3: 43, 2: 82, 4: 32}","{1: 8, 2: 25, 5: 33, 4: 29, 3: 62}","{1: 124, 2: 20, 0: 13}","{1: 80, 0: 24, 2: 53}","{1: 147, 2: 10}","{1: 143, 0: 11, 2: 3}",0.02851111417254652,0.028874808309661715,0.04029181995946433,0.05530521818847381,0.06169563901536915,0.0812644800397258,0.09234756624734586,0.09660660057339399,0.05726385414106869,0.07487328378783283,0.10190579359723112,0.07787836301792869
500,1,max_steps,3,1,0,446.5099630630996,3000,793.0,793.0,0.483656895748302,0.1,0.1936914622783661,5.854525566101074,-29.952613830566406,327.5744323730469,500.0,96.45996306309176,1828,-149.94999999999985,0.0,0.0,0.14883665435436652,"{2: 203, 3: 11, 1: 55, 0: 31}","{1: 5, 2: 127, 3: 168}","{1: 251, 2: 16, 0: 33}","{1: 250, 0: 38, 2: 12}","{1: 282, 0: 18}","{1: 289, 2: 1, 0: 10}",0.02339418195081233,0.01626100948822438,0.034111682466695936,0.027243384742932315,0.05291562153813929,0.03599122058480029,0.07443933380849373,0.085087825036601,0.03132133280720709,0.07516737029710482,0.07443123276388647,0.09644920054298854
510,1,max_steps,3,1,0,499.00963164104525,3000,2986.0,2986.0,0.48124404516112856,0.1,0.19785195589065552,5.929152488708496,-30.233919143676758,327.0641784667969,500.0,148.9596316410447,1716,-149.94999999999985,0.0,0.0,0.1663365438803484,"{0: 270, 1: 10, 2: 17, 3: 1, 6: 2}","{1: 10, 2: 14, 3: 245, 4: 29, 6: 2}","{1: 155, 2: 60, 0: 85}","{1: 230, 0: 61, 2: 9}","{1: 204, 2: 38, 0: 58}","{1: 204, 2: 46, 0: 50}",0.0482104054402125,0.01788514182643649,0.07511026742577126,0.06898196513645787,0.10884455004453067,0.048883500746767033,0.13063856002190835,0.13513638938692973,0.10614888447945194,0.015085744256624364,0.10516438476547209,0.051929898915695105
520,1,max_steps,3,1,0,441.19035004156785,3000,2640.0,2640.0,0.4788432317184831,0.1,0.20225390791893005,5.995651721954346,-31.127368927001953,327.0641784667969,500.0,91.14035004156487,1758,-149.94999999999985,0.0,0.0,0.14706345001385596,"{1: 56, 0: 80, 2: 124, 3: 3, 6: 37}","{2: 72, 3: 205, 4: 23}","{1: 235, 2: 20, 0: 45}","{1: 190, 0: 56, 2: 54}","{1: 260, 2: 12, 0: 28}","{1: 249, 2: 22, 0: 29}",0.031217996627808726,0.024371497962019213,0.035739782755062836,0.04448036479428679,0.08179371207097678,0.057786881172135846,0.10691619873797178,0.1257901784177603,0.04606973852963305,0.03372603725928728,0.05387337329781914,0.02665916693916013
530,1,max_steps,3,0,0,-105.23708660416187,3000,,,0.47645439536988043,0.1,0.20361898839473724,6.079892635345459,-34.64179611206055,324.1648864746094,0.0,64.60753149192148,1134,-149.99999999999986,-19.84461809608252,0.0,-0.03507902886805396,{0: 300},"{0: 9, 1: 12, 2: 30, 3: 225, 4: 24}","{1: 202, 2: 61, 0: 37}","{1: 136, 0: 107, 2: 57}","{1: 240, 2: 38, 0: 22}","{1: 215, 2: 40, 0: 45}",0.03231364964081382,0.031732937026388894,0.05119766732251665,0.07407392978055471,0.07865091765079232,0.0691481623158907,0.11584432064454571,0.12052428764298473,,,,
540,1,max_steps,3,1,0,452.7142700871058,3000,1616.0,1616.0,0.47407747636441305,0.1,0.20891351997852325,6.146642208099365,-33.984859466552734,324.1648864746094,500.0,102.66427008709984,1636,-149.94999999999985,0.0,0.0,0.1509047566957019,"{1: 199, 0: 37, 2: 61, 3: 3}","{1: 5, 2: 77, 3: 214, 4: 4}","{1: 203, 2: 29, 0: 68}","{1: 213, 0: 64, 2: 23}","{1: 247, 2: 20, 0: 33}","{1: 229, 2: 26, 0: 45}",0.027961745528448753,0.0189171932655163,0.03924235151243275,0.0628266241432155,0.07649136631182314,0.060252189511872355,0.11614549001073715,0.11827783285418766,0.06131418668306807,0.023698443423475324,0.03547900249644104,0.0828316076115258
550,1,max_steps,3,2,0,979.3714964838422,3000,1381.0,1381.0,0.4717124152492567,0.1,0.2157612144947052,6.255887508392334,-33.984859466552734,353.07470703125,1000.0,129.27149648383588,1926,-149.89999999999984,0.0,0.0,0.32645716549461407,"{1: 52, 0: 26, 2: 52, 3: 5, 4: 141, 5: 16, 6: 8}","{2: 76, 3: 209, 4: 15}","{1: 171, 2: 56, 0: 73}","{1: 168, 0: 89, 2: 43}","{1: 221, 2: 36, 0: 43}","{1: 187, 2: 52, 0: 61}",0.043650821189271535,0.02531841572974753,0.061424615936623114,0.0792949819208376,0.09824851754657479,0.06880761435506287,0.1697535964487111,0.16671481397796603,0.1313877437093394,0.06638158093268692,0.11684584059713207,0.23240534974016688
560,1,max_steps,3,0,0,-28.969921173607144,3000,,,0.4693591528681835,0.1,0.22115470468997955,6.325629234313965,-32.65008544921875,353.07470703125,0.0,121.03007882639263,1657,-149.99999999999986,0.0,0.0,-0.00965664039120238,"{6: 76, 5: 149, 4: 75}","{3: 231, 2: 32, 4: 37}","{1: 146, 2: 74, 0: 80}","{1: 200, 2: 31, 0: 69}","{1: 211, 2: 29, 0: 60}","{1: 176, 2: 61, 0: 63}",0.051255495177968964,0.02080424696336315,0.0690281495034463,0.08781280366973081,0.106708429531228,0.045641689000296026,0.14807838197238996,0.15080309867824335,,,,
570,1,max_steps,3,0,0,16.63168193941094,3000,,,0.467017630360082,0.1,0.23188373446464539,6.452346324920654,-32.65008544921875,353.07470703125,0.0,166.63168193941084,1641,-149.99999999999986,0.0,0.0,0.0055438939798036465,"{6: 101, 5: 117, 4: 82}","{5: 12, 4: 20, 3: 250, 2: 18}","{1: 136, 0: 64, 2: 100}","{1: 187, 2: 64, 0: 49}","{1: 189, 0: 32, 2: 79}","{1: 175, 0: 66, 2: 59}",0.054994587033276414,0.022848117721395094,0.08081266663420147,0.08333841297676722,0.11495400243953394,0.053060297308720875,0.15066043857383232,0.15843737775448433,,,,
580,1,max_steps,3,0,0,-47.981881460807045,3000,,,0.4646877891574849,0.1,0.23631411790847778,6.512580871582031,-32.65008544921875,362.7363586425781,0.0,102.01811853919263,1362,-149.99999999999986,0.0,0.0,-0.01599396048693568,"{6: 177, 5: 91, 4: 32}","{3: 252, 2: 26, 4: 22}","{1: 162, 2: 68, 0: 70}","{1: 268, 2: 13, 0: 19}","{1: 211, 2: 38, 0: 51}","{1: 217, 2: 29, 0: 54}",0.04445293496127409,0.012906705253116026,0.06588075853674097,0.07022771348008033,0.09432703627840511,0.030148688850610644,0.1308162812840356,0.12898858738071103,,,,
590,1,max_steps,3,0,0,22.41951374837608,3000,,,0.4623695709851043,0.1,0.2450188845396042,6.626314640045166,-32.65008544921875,352.49102783203125,0.0,172.4195137483758,1731,-149.99999999999986,0.0,0.0,0.007473171249458693,"{6: 162, 5: 62, 4: 76}","{1: 21, 2: 52, 3: 193, 4: 34}","{1: 123, 0: 76, 2: 101}","{1: 175, 0: 82, 2: 43}","{1: 179, 0: 51, 2: 70}","{1: 192, 0: 46, 2: 62}",0.06739017221748012,0.023378396423543543,0.08053192738842777,0.08113299710072545,0.12599264498134405,0.08686146795750485,0.15356184110809715,0.1537190425684739,,,,
600,1,max_steps,3,2,0,950.8590211286465,3000,890.5,890.5,0.46006291785837405,0.1,0.25653275847435,6.767066955566406,-32.65008544921875,347.4838562011719,1000.0,100.75902112864055,1877,-149.89999999999984,0.0,0.0,0.31695300704288215,"{2: 123, 1: 19, 3: 36, 6: 122}","{1: 33, 2: 106, 3: 101, 5: 21, 4: 15, 0: 24}","{1: 220, 0: 80}","{1: 172, 0: 92, 2: 36}","{1: 247, 0: 49, 2: 4}","{1: 248, 0: 36, 2: 16}",0.020868889912008685,0.025732641002396653,0.032183010132576795,0.04149352648501378,0.08849737343563095,0.07857617388451775,0.12821761676670854,0.13706097927394822,0.07626268906733466,0.10584578030963676,0.08428986188589012,0.0635559208012682
610,1,max_steps,3,2,0,974.8720819596373,3000,1312.0,1312.0,0.45776777208199926,0.1,0.2632523775100708,6.842120170593262,-32.65008544921875,348.3952941894531,1000.0,124.77208195962726,1656,-149.89999999999984,0.0,0.0,0.3249573606532124,"{2: 129, 3: 6, 1: 100, 0: 27, 6: 38}","{4: 20, 3: 227, 2: 53}","{1: 150, 0: 97, 2: 53}","{1: 229, 2: 42, 0: 29}","{1: 253, 0: 31, 2: 16}","{1: 245, 0: 36, 2: 19}",0.050014102901687396,0.015435665364019878,0.06090634028629921,0.056440165020277634,0.07867339779065567,0.04475078811488247,0.10907089823172317,0.10654613330519754,0.07314977117310051,0.09587273864140602,0.07554946340219965,0.10428538642867079
620,1,max_steps,3,2,0,659.184417655317,3000,944.5,944.5,0.45548407624851345,0.1,0.27719953656196594,7.039294242858887,-32.65008544921875,388.0704345703125,1000.0,156.29921388882826,2159,-149.89999999999984,-347.2147962335109,0.0,0.219728139218439,"{2: 113, 3: 20, 0: 36, 1: 37, 4: 94}","{2: 89, 3: 106, 6: 29, 5: 11, 4: 55, 1: 10}","{1: 191, 0: 91, 2: 18}","{1: 146, 0: 77, 2: 77}","{1: 258, 0: 31, 2: 11}","{1: 273, 2: 11, 0: 16}",0.02901061747884106,0.030664958465365516,0.03813885756686419,0.040153605567238286,0.08630546112059827,0.09847018283545045,0.11263832584456707,0.09743684992436874,0.07490051700155116,0.0791270739839032,0.08682421991048164,0.06023086009747514
630,1,crash,3,1,1,380.1165510792746,1474,446.0,446.0,0.4532117732368425,0.1,0.2854565978050232,7.1048407554626465,-32.65008544921875,390.681884765625,500.0,79.88497104259686,830,-73.64999999999796,-46.11841996332654,-80.0,0.2578809708814617,"{1: 30, 2: 14, 5: 19, 6: 84}","{2: 47, 3: 63, 6: 9, 5: 13, 4: 15}","{1: 62, 0: 71, 2: 14}","{1: 49, 0: 41, 2: 57}","{1: 72, 0: 63, 2: 12}","{1: 81, 0: 34, 2: 32}",0.06609253188798893,0.05081087522264815,0.10338358341755319,0.09141790545316567,0.15344214012566895,0.09036673451419727,0.1920231780200805,0.1806453147482227,0.17982403458644397,0.01815123366175376,0.21270432005931084,0.02032296710213021
640,1,max_steps,3,0,0,-58.12536209831376,3000,,,0.45095080621087574,0.1,0.29692965745925903,7.2504353523254395,-32.65008544921875,390.8849182128906,0.0,91.87463790168579,1501,-149.99999999999986,0.0,0.0,-0.01937512069943792,"{4: 183, 5: 117}","{1: 12, 2: 19, 3: 261, 4: 8}","{1: 210, 0: 55, 2: 35}","{1: 223, 0: 64, 2: 13}","{1: 266, 0: 15, 2: 19}","{1: 246, 0: 18, 2: 36}",0.03297638349979944,0.018491707005774908,0.05105420677179435,0.05271964356214943,0.06871580537430377,0.05453651580039496,0.10344250411672601,0.11392308364088559,,,,
650,1,max_steps,3,0,0,-18.80709943320628,3000,,,0.4487011186180445,0.1,0.30657368898391724,7.385040760040283,-32.1107292175293,375.19012451171875,0.0,131.1929005667938,1684,-149.99999999999986,0.0,0.0,-0.006269033144402093,"{6: 30, 5: 173, 4: 97}","{3: 276, 2: 22, 4: 2}","{1: 152, 2: 89, 0: 59}","{1: 261, 2: 17, 0: 22}","{1: 224, 2: 43, 0: 33}","{1: 178, 2: 55, 0: 67}",0.049763789097036874,0.014312912356391441,0.0730846932770733,0.09422887675857874,0.08809667689972836,0.03103362700058393,0.12012005901165969,0.14102839198867767,,,,
660,1,max_steps,3,1,0,466.9979729144049,3000,439.0,439.0,0.4464626541879079,0.1,0.31224194169044495,7.46617317199707,-32.1107292175293,363.32672119140625,500.0,116.94797291439485,1736,-149.94999999999985,0.0,0.0,0.1556659909714683,"{3: 43, 5: 118, 6: 139}","{6: 7, 5: 22, 4: 64, 3: 207}","{1: 185, 0: 68, 2: 47}","{1: 185, 2: 72, 0: 43}","{1: 238, 0: 42, 2: 20}","{1: 220, 0: 45, 2: 35}",0.038703293472493745,0.024536798401301428,0.050650204640689644,0.0769887285167816,0.07798467002319898,0.05986117121327897,0.1184083109715905,0.11578845029559763,0.016697644186025526,0.12219300057045371,0.004460794585152862,0.024716775688168734
670,1,max_steps,3,0,0,-44.57057417899738,3000,,,0.4442353569307447,0.1,0.31652987003326416,7.508271217346191,-32.1107292175293,363.32672119140625,0.0,105.42942582100225,1549,-149.99999999999986,0.0,0.0,-0.014856858059665794,"{5: 193, 4: 107}","{2: 55, 3: 245}","{1: 153, 2: 74, 0: 73}","{1: 241, 0: 36, 2: 23}","{1: 202, 2: 46, 0: 52}","{1: 172, 2: 59, 0: 69}",0.04850103298183489,0.012407608733878916,0.07176748214610448,0.09288671878049196,0.09562348729528004,0.03960402307800064,0.13811888873679146,0.1805008708648547,,,,
680,1,max_steps,3,0,0,-47.327821596047066,3000,,,0.4420191711361534,0.1,0.32478711009025574,7.622436046600342,-36.29378128051758,372.2470703125,0.0,102.6721784039525,1308,-149.99999999999986,0.0,0.0,-0.015775940532015687,"{4: 28, 5: 82, 6: 190}","{2: 110, 3: 190}","{1: 161, 0: 83, 2: 56}","{1: 212, 0: 53, 2: 35}","{1: 203, 0: 51, 2: 46}","{1: 222, 2: 33, 0: 45}",0.047153484518866834,0.018209911923932294,0.06470567554406584,0.06822516122575227,0.10977286702726254,0.04977812325831192,0.14343342747643154,0.16642246067430758,,,,
690,1,max_steps,3,0,0,-103.4989310669467,3000,,,0.43981404137165875,0.1,0.32615548372268677,7.670383930206299,-35.47428894042969,372.2470703125,0.0,46.50106893305406,1719,-149.99999999999986,0.0,0.0,-0.03449964368898223,"{1: 248, 2: 52}","{2: 28, 3: 272}","{1: 292, 2: 8}","{1: 279, 0: 20, 2: 1}",{1: 300},"{1: 299, 0: 1}",0.016454001594605167,0.0115070532598985,0.023078837138726542,0.02331205242765818,0.035244890227509325,0.025294500037329005,0.047657502675781,0.0566657562668611,,,,
700,1,max_steps,3,0,0,-25.254145203618183,3000,,,0.4376199124813246,0.1,0.3284483850002289,7.724633693695068,-35.47428894042969,392.49432373046875,0.0,124.74585479638172,1269,-149.99999999999986,0.0,0.0,-0.00841804840120606,"{5: 60, 6: 163, 4: 77}","{2: 41, 3: 233, 4: 26}","{1: 133, 0: 103, 2: 64}","{1: 192, 0: 64, 2: 44}","{1: 186, 0: 67, 2: 47}","{1: 177, 0: 75, 2: 48}",0.05706322243324283,0.018691898543913413,0.07978498298379498,0.08556496213795131,0.1396993718658103,0.06163977165445562,0.1731226547319492,0.16310780907582217,0.055139353075491636,0.04506607064977952,0.13240210698699492,0.09898659265457826
710,1,crash,3,1,1,266.39670667387645,2515,1103.0,1103.0,0.43543672958437535,0.1,0.33143696188926697,7.766110897064209,-35.47428894042969,387.84454345703125,500.0,81.98166907886313,1482,-125.699999999995,-109.88496240499211,-80.0,0.10592314380671032,"{0: 25, 1: 14, 2: 65, 3: 6, 6: 131, 5: 10}","{3: 168, 2: 54, 4: 29}","{1: 168, 0: 70, 2: 13}","{1: 173, 2: 57, 0: 21}","{1: 207, 0: 37, 2: 7}","{1: 217, 0: 20, 2: 14}",0.03225379883533007,0.018836218315290136,0.0387807298111306,0.051620011344886974,0.09463288354378802,0.050306381269441834,0.12148963687191508,0.11052348035326318,0.02751339137328054,0.023487115619370745,0.052696968546480726,0.05350844913211737
720,1,max_steps,3,1,0,571.5763577966038,3000,204.0,204.0,0.43326443807382226,0.1,0.3380807340145111,7.850192070007324,-35.47428894042969,387.84454345703125,500.0,221.98127156135044,1651,-149.94999999999985,-0.4549137647564258,0.0,0.19052545259886794,"{3: 20, 6: 169, 5: 53, 4: 58}","{5: 11, 4: 15, 3: 224, 2: 50}","{1: 113, 0: 92, 2: 95}","{1: 205, 2: 56, 0: 39}","{1: 142, 0: 73, 2: 85}","{1: 189, 0: 64, 2: 47}",0.08039703755386782,0.02021557965347459,0.10874672349348533,0.07776431759371186,0.1623660809267102,0.06984199180424053,0.20169964873335372,0.2004976844584277,0.07810399522049605,0.13377827546132726,0.23844569645562497,0.2722712569849896
730,1,max_steps,3,0,0,-39.38169191487512,3000,,,0.43110298361509836,0.1,0.3438447415828705,7.984578609466553,-34.1949348449707,389.2383728027344,0.0,110.61830808512472,1403,-149.99999999999986,0.0,0.0,-0.013127230638291706,"{6: 281, 5: 19}","{2: 104, 3: 184, 4: 12}","{1: 124, 2: 77, 0: 99}","{1: 178, 0: 69, 2: 53}","{1: 162, 2: 58, 0: 80}","{1: 153, 2: 72, 0: 75}",0.06164619466641126,0.02547601427837764,0.0918866190920149,0.09848313661034934,0.12021630800381494,0.058681127693909894,0.1574408207794024,0.2032726645447699,,,,
740,1,success,3,3,0,1494.78373485166,1663,554.3333333333334,484.0,0.42895231214469887,0.1,0.35392308235168457,8.06679630279541,-34.1949348449707,395.01190185546875,1500.0,77.78373485165801,1369,-82.99999999999743,0.0,0.0,0.8988477058638966,"{3: 71, 2: 95}","{6: 5, 5: 16, 4: 10, 2: 68, 3: 53, 1: 14}","{1: 153, 0: 13}","{1: 92, 2: 35, 0: 39}","{1: 164, 0: 2}","{1: 163, 2: 3}",0.011966600565408058,0.028420767177941494,0.017739474683995546,0.01957768363904453,0.028303998686298355,0.07203962701808783,0.05055767120006298,0.08600080550534052,0.03326659165814605,0.06169072504164907,0.03484001705089107,0.06431441675346208
750,1,max_steps,3,0,0,-35.67356033471934,3000,,,0.42681236986882914,0.1,0.3638378977775574,8.177876472473145,-34.1949348449707,391.1711730957031,0.0,114.32643966528036,1451,-149.99999999999986,0.0,0.0,-0.01189118677823978,"{4: 26, 5: 73, 6: 201}","{4: 31, 3: 216, 2: 53}","{1: 138, 0: 92, 2: 70}","{1: 195, 2: 66, 0: 39}","{1: 189, 0: 58, 2: 53}","{1: 156, 0: 80, 2: 64}",0.055602721942470054,0.021034319555590188,0.07835706934651408,0.09872920769099178,0.12443666989140102,0.07269265362609288,0.16741728125578226,0.17576948020715283,,,,
760,1,max_steps,3,0,0,-24.570340698832638,3000,,,0.4246831032620592,0.1,0.3659854829311371,8.198127746582031,-34.1949348449707,391.1711730957031,0.0,125.4296593011671,1767,-149.99999999999986,0.0,0.0,-0.008190113566277546,"{6: 51, 5: 162, 4: 87}","{4: 17, 3: 205, 2: 78}","{1: 161, 2: 69, 0: 70}","{1: 184, 2: 65, 0: 51}","{1: 223, 2: 36, 0: 41}","{1: 196, 2: 39, 0: 65}",0.04675488482771688,0.02607158377222396,0.06427109426324909,0.0772921982200562,0.09291152196261591,0.0655177089729192,0.13027014463360484,0.13761302283006352,,,,
770,1,max_steps,3,1,0,482.38103238919797,3000,1405.0,1405.0,0.42256445906598483,0.1,0.37292900681495667,8.290730476379395,-34.1949348449707,412.63824462890625,500.0,132.33103238919432,2182,-149.94999999999985,0.0,0.0,0.160793677463066,"{2: 126, 3: 14, 5: 84, 4: 76}","{0: 7, 1: 15, 2: 102, 3: 133, 6: 13, 5: 9, 4: 21}","{1: 234, 0: 30, 2: 36}","{1: 197, 0: 49, 2: 54}","{1: 271, 2: 17, 0: 12}","{1: 238, 0: 34, 2: 28}",0.028166459895255066,0.023023509138019496,0.04432064132992164,0.05578384785262085,0.07519403512132411,0.08223307798016055,0.09904046280612543,0.1159784225452621,0.04965203499225566,0.046952334921111526,0.09364130517223969,0.10400695904213463
780,1,max_steps,3,0,0,-65.84217091405151,3000,,,0.42045638428789556,0.1,0.3776742219924927,8.341034889221191,-34.1949348449707,410.10614013671875,0.0,84.1578290859482,1794,-149.99999999999986,0.0,0.0,-0.021947390304683834,"{6: 162, 5: 129, 4: 9}","{3: 224, 2: 76}","{1: 214, 2: 48, 0: 38}","{1: 252, 0: 24, 2: 24}","{1: 248, 2: 26, 0: 26}","{1: 218, 2: 36, 0: 46}",0.025130053789868417,0.013856067126131811,0.04170647596689726,0.06309738056561562,0.07825997114117424,0.03474282273269275,0.11454958715678457,0.140911962608283,,,,
790,1,max_steps,3,2,0,998.4303489512048,3000,446.5,446.5,0.4183588261994489,0.1,0.38110044598579407,8.36919116973877,-33.19005584716797,382.14971923828125,1000.0,148.33034895122023,1449,-149.89999999999984,0.0,0.0,0.33281011631706825,"{3: 54, 2: 202, 1: 44}","{6: 6, 5: 8, 4: 16, 2: 123, 1: 13, 3: 118, 0: 16}","{1: 230, 2: 40, 0: 30}","{1: 169, 2: 53, 0: 78}","{1: 271, 2: 7, 0: 22}","{1: 284, 0: 14, 2: 2}",0.02409065532770243,0.026796961638522663,0.035342405815523295,0.039517088666402383,0.07128930175370177,0.13209809945113377,0.0932245408716102,0.09321731951653144,0.08946486843587464,0.14803105213344078,0.09154784402096845,0.09657876459377594
800,1,crash,3,2,1,902.3958024248666,1444,484.5,484.5,0.4162717323353519,0.1,0.3873569071292877,8.489094734191895,-33.19005584716797,393.932373046875,1000.0,110.57346243780258,1169,-72.09999999999805,-56.077660012932895,-80.0,0.6249278410144505,"{3: 28, 0: 38, 1: 14, 2: 16, 5: 20, 6: 28}","{2: 33, 5: 9, 4: 20, 3: 39, 0: 29, 1: 14}","{1: 74, 0: 70}","{1: 53, 0: 70, 2: 21}","{1: 99, 0: 45}","{1: 127, 0: 13, 2: 4}",0.04741383047563332,0.037749023449518276,0.05600464168334148,0.04171581274708503,0.11711290498439793,0.08094506053378217,0.1367693182875969,0.10430986153424533,0.10405341650593228,0.036151155313082765,0.047287190561045384,0.09845079723752148
810,1,max_steps,3,0,0,-85.94035375276235,3000,,,0.41419505049204836,0.1,0.39208143949508667,8.558478355407715,-33.19005584716797,393.932373046875,0.0,64.05964624723838,1297,-149.99999999999986,0.0,0.0,-0.028646784584254115,"{5: 227, 4: 42, 6: 31}","{4: 10, 3: 226, 2: 64}","{1: 235, 2: 31, 0: 34}","{1: 202, 2: 68, 0: 30}","{1: 264, 0: 16, 2: 20}","{1: 243, 0: 32, 2: 25}",0.023868903859056125,0.019239960146182074,0.03472638748156121,0.04364728427063384,0.06920419316251057,0.046396746828785494,0.10787732631487996,0.12368782679014644,,,,
820,1,max_steps,3,1,0,537.3668744212144,3000,465.0,465.0,0.4121287287264137,0.1,0.39654093980789185,8.606950759887695,-33.19005584716797,396.4959411621094,500.0,187.31687442120912,2106,-149.94999999999985,0.0,0.0,0.17912229147373815,"{1: 13, 2: 26, 3: 7, 6: 110, 5: 139, 4: 5}","{0: 3, 1: 10, 2: 91, 3: 157, 6: 14, 5: 7, 4: 18}","{1: 149, 0: 68, 2: 83}","{1: 131, 0: 87, 2: 82}","{1: 207, 0: 51, 2: 42}","{1: 201, 0: 52, 2: 47}",0.05125194923675679,0.03300393422252824,0.06406936615214734,0.07718957482131414,0.11021368203826422,0.0861995299290234,0.16893106186293586,0.19739881873955156,0.05112838746268487,0.04693937866642748,0.036822403389912606,0.06756594863092205
830,1,max_steps,3,1,0,565.6350061856613,3000,475.0,475.0,0.410072715354455,0.1,0.40532186627388,8.694825172424316,-33.19005584716797,412.41436767578125,500.0,217.04737192282877,1941,-149.94999999999985,-1.4623657371738144,0.0,0.1885450020618871,"{1: 19, 2: 20, 3: 8, 6: 235, 5: 11, 4: 7}","{0: 10, 1: 13, 2: 92, 4: 19, 3: 166}","{1: 121, 0: 73, 2: 106}","{1: 194, 0: 61, 2: 45}","{1: 187, 0: 49, 2: 64}","{1: 201, 0: 52, 2: 47}",0.058319083937963125,0.023774675274976554,0.07445166465404834,0.07450199373696202,0.1276011241714821,0.06487602577113737,0.15745694546793904,0.14281502583630662,0.08592702025475679,0.08631428499028654,0.028040416768954895,0.1448751098013757
840,1,max_steps,3,1,0,503.55485801714536,3000,272.0,272.0,0.40802695895001895,0.1,0.40872663259506226,8.699272155761719,-33.19005584716797,416.16522216796875,500.0,153.5048580171355,1613,-149.94999999999985,0.0,0.0,0.16785161933904846,"{3: 27, 5: 160, 6: 35, 4: 78}","{0: 6, 1: 10, 2: 22, 3: 232, 4: 30}","{1: 157, 0: 67, 2: 76}","{1: 224, 0: 47, 2: 29}","{1: 198, 2: 59, 0: 43}","{1: 173, 0: 67, 2: 60}",0.04820360733248094,0.01762862665940362,0.07859449800245766,0.08998687368439576,0.10911230030689188,0.06204410905782769,0.1500754823582762,0.18762229350959833,0.010728463310277932,0.15892399192132795,0.014840357405659515,0.03385095654676247
850,1,max_steps,3,1,0,462.4451698631516,3000,989.0,989.0,0.40599140834350506,0.1,0.41682377457618713,8.773319244384766,-32.7047233581543,387.58648681640625,500.0,112.39516986314331,1475,-149.94999999999985,0.0,0.0,0.15414838995438387,"{1: 34, 2: 62, 3: 2, 5: 78, 4: 124}","{2: 18, 3: 272, 4: 10}","{1: 212, 0: 42, 2: 46}","{1: 261, 0: 9, 2: 30}","{1: 251, 0: 16, 2: 33}","{1: 250, 0: 27, 2: 23}",0.028717048641956882,0.013307630259798642,0.042698265302306235,0.05561237282053569,0.08758049776883173,0.03237148946256515,0.11551150098193785,0.10595653393071361,0.057859972754683034,0.03167919611904543,0.09996511885234789,0.09796459756397945
860,1,crash,3,1,1,72.56517433100157,2481,1078.0,1078.0,0.40396601262058607,0.1,0.42608436942100525,8.866162300109863,-33.34679412841797,398.3328552246094,500.0,100.2738869477232,1528,-123.9999999999951,-323.7087126167241,-80.0,0.02924835724748149,"{0: 15, 1: 14, 2: 76, 3: 2, 6: 141}","{4: 28, 3: 112, 2: 62, 0: 35, 1: 11}","{1: 162, 0: 84, 2: 2}","{1: 131, 2: 37, 0: 80}","{1: 186, 0: 57, 2: 5}","{1: 171, 0: 35, 2: 42}",0.04231229198967987,0.029313807607393032,0.05831256369415884,0.0633088203039627,0.09592280409155413,0.10166785055506765,0.13083190893373817,0.13886966255832028,0.0510405919004753,0.03119444454275018,0.05454889580684754,0.056953913572361056
870,1,max_steps,3,2,0,875.5634173879697,3000,1027.0,1027.0,0.401950721120934,0.1,0.43368908762931824,8.965252876281738,-32.60189437866211,408.4716491699219,1000.0,180.94349741385076,2299,-149.89999999999984,-155.48008002588332,0.0,0.29185447246265656,"{0: 18, 1: 32, 2: 151, 3: 4, 6: 95}","{4: 33, 3: 169, 2: 52, 0: 11, 1: 13, 6: 8, 5: 14}","{1: 156, 0: 80, 2: 64}","{1: 163, 2: 75, 0: 62}","{1: 232, 0: 52, 2: 16}","{1: 252, 0: 23, 2: 25}",0.048180043328709225,0.02853067371111294,0.06252276617110451,0.05671559402189834,0.11225526933879611,0.08286880603773362,0.12955425365573983,0.11845566097461854,0.1303241500092101,0.026188714447253146,0.14900918303795824,0.0877963302779331
880,1,max_steps,3,0,0,-49.18677571793039,3000,,,0.3999454834369537,0.1,0.436245322227478,8.917452812194824,-32.60189437866211,408.4716491699219,0.0,107.95828649062527,1966,-149.99999999999986,-7.145062208555679,0.0,-0.016395591905976795,"{6: 191, 5: 37, 4: 72}","{0: 13, 1: 17, 2: 38, 3: 232}","{1: 217, 0: 28, 2: 55}","{1: 230, 0: 68, 2: 2}","{1: 259, 0: 14, 2: 27}","{1: 261, 0: 20, 2: 19}",0.026225809621918943,0.013959553290084015,0.03850378968029805,0.061099668895802865,0.07849796812948925,0.06542999957081269,0.10978261408472594,0.10263764914963755,,,,
890,1,max_steps,3,1,0,478.8993221540489,3000,2585.0,2585.0,0.3979502494125216,0.1,0.4497939348220825,9.05482292175293,-32.60189437866211,417.3531494140625,500.0,128.84932215404856,1563,-149.94999999999985,0.0,0.0,0.15963310738468298,"{4: 170, 5: 43, 6: 43, 3: 2, 2: 1, 1: 41}","{5: 6, 4: 50, 3: 172, 2: 30, 0: 42}","{1: 212, 0: 37, 2: 51}","{1: 108, 2: 90, 0: 102}","{1: 253, 0: 17, 2: 30}","{1: 257, 0: 27, 2: 16}",0.028602751843795453,0.04159790878836895,0.031234255175092172,0.04471430654793188,0.094687572224749,0.09879103932765804,0.11371557652882713,0.10530363361159309,0.10651367119947193,0.09999529204139966,0.0384930665555705,0.10443246907599818
900,1,max_steps,3,0,0,-79.90267037908019,3000,,,0.39596496914173135,0.1,0.4554898142814636,9.146256446838379,-32.60189437866211,430.2897033691406,0.0,70.09732962091974,1329,-149.99999999999986,0.0,0.0,-0.026634223459693396,"{5: 160, 6: 42, 4: 98}","{2: 66, 3: 229, 4: 5}","{1: 210, 2: 39, 0: 51}","{1: 232, 0: 44, 2: 24}","{1: 261, 2: 17, 0: 22}","{1: 217, 2: 49, 0: 34}",0.03383209581560746,0.01811492624429085,0.053169922063826536,0.07777686319574016,0.0734415639350742,0.03584622602918029,0.10780129915576006,0.11193278410666603,,,,
910,1,max_steps,3,0,0,-46.7562180321362,3000,,,0.39398959296764513,0.1,0.4585195779800415,9.126673698425293,-32.60189437866211,430.2897033691406,0.0,103.24378196786324,1556,-149.99999999999986,0.0,0.0,-0.015585406010712068,"{4: 31, 5: 165, 6: 104}","{2: 76, 3: 224}","{1: 144, 0: 80, 2: 76}","{1: 271, 0: 18, 2: 11}","{1: 221, 0: 55, 2: 24}","{1: 223, 0: 38, 2: 39}",0.05335069016735834,0.013902873503196203,0.06826527982776923,0.06384031550204176,0.09138086605698957,0.029887532404373324,0.12544859248145665,0.12407456230569547,,,,
920,1,max_steps,3,0,0,-40.14391654361638,3000,,,0.39202407148105217,0.1,0.46130135655403137,9.127381324768066,-32.60189437866211,407.1549987792969,0.0,109.85608345638366,1808,-149.99999999999986,0.0,0.0,-0.013381305514538793,"{0: 48, 1: 60, 2: 192}","{6: 6, 5: 17, 4: 14, 3: 257, 2: 6}","{1: 232, 0: 51, 2: 17}","{1: 248, 2: 44, 0: 8}","{1: 267, 0: 29, 2: 4}","{1: 275, 0: 16, 2: 9}",0.02587552032951243,0.016877206956678922,0.03164672626493694,0.03516635147043359,0.07951542934372782,0.05234369081349229,0.10063079633190793,0.09531865852448543,,,,
930,1,success,3,3,0,1488.2513336603863,2988,996.0,195.0,0.39006835551923247,0.1,0.46705251932144165,9.194696426391602,-32.60189437866211,415.489501953125,1500.0,137.50133366037883,1960,-149.2499999999997,0.0,0.0,0.4980760822156581,"{3: 32, 1: 31, 2: 235}","{1: 8, 2: 22, 3: 248, 4: 15, 5: 5}","{1: 234, 0: 46, 2: 18}","{1: 248, 0: 28, 2: 22}","{1: 279, 0: 11, 2: 8}","{1: 290, 0: 8}",0.03263086639672247,0.013476010329428188,0.042736725798748564,0.047690889327322204,0.0601468360509618,0.07653067817574427,0.08348792761082673,0.08816877112337461,0.05565519057234961,0.12742742712338512,0.09747320586798427,0.07921323831001968
940,1,max_steps,3,2,0,631.2993379658791,3000,382.5,382.5,0.3881223961647274,0.1,0.4729170501232147,9.265286445617676,-32.24127960205078,407.52362060546875,1000.0,116.3519332738566,1480,-149.89999999999984,-335.1525953079792,0.0,0.21043311265529302,"{0: 23, 1: 12, 2: 15, 3: 2, 4: 61, 5: 167, 6: 20}","{3: 172, 2: 85, 4: 28, 5: 15}","{1: 217, 0: 66, 2: 17}","{1: 190, 0: 30, 2: 80}","{1: 244, 0: 45, 2: 11}","{1: 263, 0: 20, 2: 17}",0.020189012726338523,0.020172667934058634,0.02778077935857423,0.032852680972992494,0.10562533882765746,0.06860987111328781,0.13123123861833105,0.10500067144721772,0.11216931241185088,0.05274287976551013,0.12649623335548854,0.099804103678333
950,1,max_steps,3,0,0,33.55662299361251,3000,,,0.38618614474411594,0.1,0.4766598045825958,9.273650169372559,-32.24127960205078,402.2127990722656,0.0,183.556622993612,1597,-149.99999999999986,0.0,0.0,0.011185540997870835,"{5: 105, 4: 65, 6: 127, 3: 3}","{3: 261, 2: 19, 4: 20}","{1: 104, 2: 95, 0: 101}","{1: 224, 2: 36, 0: 40}","{1: 153, 2: 71, 0: 76}","{1: 152, 2: 72, 0: 76}",0.07069805539574615,0.015956276112270434,0.09747604830287263,0.0996183341048117,0.18542523645437356,0.045764533839618454,0.22275807172752196,0.2136118810823415,0.12113657887391889,0.013177111555784046,0.31299663216920626,0.31695985523477876
960,1,crash,3,0,1,-188.7736825624707,1447,,,0.3842595528267974,0.1,0.48283109068870544,9.301352500915527,-32.24127960205078,399.0861511230469,0.0,15.739459017771857,348,-72.34999999999803,-52.163141580242794,-80.0,-0.13045866106597837,"{4: 46, 5: 50, 6: 48}","{6: 6, 5: 12, 4: 20, 3: 89, 2: 17}","{1: 62, 0: 82}","{1: 58, 2: 67, 0: 19}","{1: 110, 0: 34}","{1: 114, 0: 15, 2: 15}",0.060381508013103255,0.03311130691301757,0.07254759895197188,0.07087017367270733,0.0972814382463239,0.08580384771212878,0.11214541026624454,0.10842469743956175,,,,
970,1,max_steps,3,2,0,956.1540420803437,3000,834.5,834.5,0.38234257222378004,0.1,0.49905863404273987,9.392189979553223,-32.24127960205078,399.6258850097656,1000.0,158.68571776962094,1778,-149.89999999999984,-52.631675689264945,0.0,0.31871801402678124,"{4: 15, 3: 4, 0: 117, 1: 11, 2: 19, 6: 134}","{4: 24, 3: 193, 1: 24, 2: 59}","{1: 195, 2: 33, 0: 72}","{1: 229, 2: 30, 0: 41}","{1: 234, 2: 19, 0: 47}","{1: 234, 2: 30, 0: 36}",0.03553768223683637,0.015200390806705103,0.036547096843992675,0.046911142755985125,0.10800723400796373,0.06955562954842287,0.1357448977519727,0.12772152002291584,0.07987408893922915,0.11975660644399651,0.13652770995494748,0.033685785530401684
980,1,max_steps,3,1,0,468.1369279772415,3000,769.0,769.0,0.38043515498647557,0.1,0.5101471543312073,9.435595512390137,-32.24127960205078,409.6265869140625,500.0,118.08692797723349,1884,-149.94999999999985,0.0,0.0,0.1560456426590805,"{2: 119, 3: 7, 0: 69, 1: 105}","{2: 87, 4: 45, 3: 168}","{1: 196, 0: 75, 2: 29}","{1: 203, 0: 41, 2: 56}","{1: 267, 2: 10, 0: 23}","{1: 263, 2: 12, 0: 25}",0.03670805819443872,0.02333365041955581,0.04501164922745901,0.053478069754583205,0.07657363465676718,0.03852580540970062,0.10599546152444735,0.10611893890680059,0.05797523697896472,0.04178205741142291,0.08630558279056136,0.09372987267332994
990,1,max_steps,3,1,0,520.4904452841407,3000,2865.0,2865.0,0.3785372534055,0.1,0.5215421319007874,9.555794715881348,-32.24127960205078,440.1239318847656,500.0,170.44044528414005,1771,-149.94999999999985,0.0,0.0,0.17349681509471357,"{6: 155, 5: 118, 4: 12, 3: 1, 0: 14}","{4: 7, 3: 239, 2: 40, 5: 14}","{1: 113, 0: 69, 2: 118}","{1: 226, 2: 48, 0: 26}","{1: 170, 0: 56, 2: 74}","{1: 159, 0: 81, 2: 60}",0.062249526812875544,0.01627545865800129,0.08831514139881147,0.09806595604778169,0.13837175032536367,0.04798631980732824,0.17086994167614242,0.18136254571383265,0.14610929218844648,0.018032344871099774,0.08955783261950473,0.18120635531698276
1000,1,max_steps,3,2,0,1038.4046341749427,3000,1029.0,1029.0,0.37664882000947997,0.1,0.5345140099525452,9.659501075744629,-32.24127960205078,451.7095642089844,1000.0,188.63560874227488,1967,-149.89999999999984,-0.3309745673194764,0.0,0.3461348780583142,"{6: 107, 5: 13, 4: 53, 3: 22, 2: 10, 0: 95}","{5: 7, 4: 57, 3: 181, 2: 32, 0: 6, 1: 17}","{1: 122, 0: 62, 2: 116}","{1: 180, 2: 64, 0: 56}","{1: 166, 0: 51, 2: 83}","{1: 211, 0: 58, 2: 31}",0.06308819698504806,0.02587223829461855,0.08622371231456405,0.07793259801934602,0.14224854537834936,0.06912620123468473,0.1885793045234213,0.15177422326471543,0.18402678046415966,0.018897401702349298,0.13136958845740507,0.2738345602834283
1010,1,max_steps,3,2,0,1043.899130485346,3000,1188.0,1188.0,0.3747698075638661,0.1,0.5526163578033447,9.796239852905273,-32.24127960205078,448.79290771484375,1000.0,193.7991304853487,2290,-149.89999999999984,0.0,0.0,0.34796637682844866,"{3: 72, 0: 96, 1: 24, 2: 45, 4: 38, 5: 25}","{0: 5, 1: 18, 2: 63, 6: 29, 5: 13, 4: 16, 3: 156}","{1: 177, 2: 43, 0: 80}","{1: 165, 0: 77, 2: 58}","{1: 220, 2: 19, 0: 61}","{1: 246, 2: 22, 0: 32}",0.040143696990765955,0.027895402673077475,0.04801339999893998,0.05135976875371821,0.10769155460632718,0.09432049515627133,0.13554118809509,0.11137874579664353,0.04274634215189014,0.03949568747905218,0.039222772788373245,0.04761700387896457
1020,1,success,3,3,0,1554.0132285888003,2910,970.0,690.0,0.3729001690697508,0.1,0.564396321773529,9.935065269470215,-32.24127960205078,443.8489685058594,1500.0,199.36322858879814,2333,-145.3499999999988,0.0,0.0,0.5340251644635052,"{4: 112, 3: 13, 0: 123, 1: 25, 2: 17, 5: 1}","{1: 7, 2: 67, 3: 175, 6: 12, 5: 15, 4: 15}","{1: 167, 2: 47, 0: 77}","{1: 202, 0: 33, 2: 56}","{1: 213, 2: 30, 0: 48}","{1: 208, 2: 35, 0: 48}",0.04312099150956582,0.0188753376170274,0.05717413653991117,0.07431179215721062,0.11258872419551434,0.07583894578632915,0.14290598399794072,0.1482014017036668,0.13765091386991996,0.027021516655326667,0.12876335620496854,0.12324359074077933
1030,2,max_steps,3,0,0,-53.43585039214166,3500,,,0.39780499400399866,0.1,0.5699595212936401,9.995698928833008,-127.6375503540039,426.6492919921875,0.0,121.56414960785823,2016,-175.00000000000554,0.0,0.0,-0.01526738582632619,"{5: 192, 4: 158}","{6: 2, 5: 9, 4: 20, 3: 281, 2: 38}","{1: 242, 2: 72, 0: 36}","{1: 243, 2: 61, 0: 46}","{1: 299, 2: 38, 0: 13}","{1: 278, 0: 45, 2: 27}",0.030185492529723565,0.020439974565125786,0.048124395949103935,0.055571959999168176,0.07482158689077438,0.05820032968891395,0.10685795728357257,0.12754960236326773,0.08132214893333105,0.01950657634786898,0.06201732020121565,0.21149462896388616
1040,2,crash,3,1,1,-633.0866170426239,3151,1473.0,1473.0,0.39384479763552854,0.1,0.5742835998535156,10.204492568969727,-127.6375503540039,447.36224365234375,500.0,106.28832847693842,1764,-157.50000000000156,-81.87494551956856,-1000.0,-0.20091609553875717,"{0: 20, 1: 46, 2: 78, 3: 3, 6: 168}","{5: 8, 4: 50, 3: 191, 0: 26, 1: 22, 2: 18}","{1: 203, 0: 92, 2: 20}","{1: 168, 2: 57, 0: 90}","{1: 281, 0: 34}","{1: 274, 0: 26, 2: 15}",0.035983668365964644,0.02777152902704388,0.04592947570690657,0.051164838138110985,0.07641411845749278,0.08224424650820125,0.10278892368074434,0.1020925331419426,0.059427826622006186,0.02786254972445719,0.068482737356421,0.046435357095581206
1050,2,crash,3,1,1,-610.6572040121061,2473,957.0,957.0,0.3899240254962993,0.1,0.563381016254425,10.346266746520996,-127.552001953125,444.5601501464844,500.0,58.115543225721474,927,-123.59999999999512,-45.17274723783506,-1000.0,-0.24692972260901988,"{2: 77, 1: 16, 3: 2, 5: 13, 6: 139}","{4: 25, 3: 191, 2: 31}","{1: 124, 0: 110, 2: 13}","{1: 194, 2: 42, 0: 11}","{1: 204, 0: 43}","{1: 187, 0: 33, 2: 27}",0.04768062487887156,0.017266904034261336,0.053720201374822384,0.047083194346815224,0.08738474555697304,0.040762962446693946,0.12689511825502112,0.14276570695945842,0.06391569922564527,0.012841618721332484,0.046791747991367524,0.03924486312209262
1060,2,max_steps,3,0,0,-53.0194256166894,3500,,,0.3860422851133864,0.1,0.5613875985145569,10.426685333251953,-134.87530517578125,444.5601501464844,0.0,121.98057438331001,1504,-175.00000000000554,0.0,0.0,-0.015148407319054114,"{4: 109, 5: 107, 6: 134}","{5: 8, 4: 11, 3: 237, 2: 94}","{1: 179, 0: 108, 2: 63}","{1: 250, 2: 66, 0: 34}","{1: 243, 0: 64, 2: 43}","{1: 212, 0: 76, 2: 62}",0.04897900178515783,0.021117514761904814,0.06648128591749514,0.08945326884878661,0.09436926978555664,0.05661787485977856,0.13348539113730817,0.14843388781540612,0.032674277382976145,0.14111283595818888,0.08237048775602802,0.0928109065617178
1070,2,max_steps,3,1,0,143.27120718596757,3500,815.0,815.0,0.38219918792098,0.1,0.5634872913360596,10.559197425842285,-147.89788818359375,440.0613708496094,500.0,204.0534519935136,2454,-174.95000000000553,-385.8322448075471,0.0,0.040934630624562166,"{0: 31, 1: 27, 2: 20, 3: 3, 6: 269}","{2: 59, 3: 250, 6: 22, 5: 7, 4: 12}","{1: 196, 0: 82, 2: 72}","{1: 239, 0: 38, 2: 73}","{1: 261, 0: 46, 2: 43}","{1: 250, 0: 61, 2: 39}",0.04275466440377465,0.02024695754315899,0.05190620411651728,0.0741229405997655,0.09820440909760987,0.09155462442420703,0.13319092468524613,0.14062035929139502,0.08422888562938408,0.00839411863394303,0.058780060080391605,0.0783688167803201
1080,2,max_steps,3,1,0,492.0917947571764,3500,1524.0,1524.0,0.3783943492214897,0.1,0.5622535347938538,10.665816307067871,-145.83604431152344,440.0613708496094,500.0,167.04179475717004,1748,-174.95000000000553,0.0,0.0,0.14059765564490753,"{2: 134, 1: 17, 3: 1, 6: 91, 5: 51, 4: 56}","{4: 18, 3: 277, 2: 55}","{1: 191, 2: 98, 0: 61}","{1: 296, 2: 16, 0: 38}","{1: 254, 0: 46, 2: 50}","{1: 265, 0: 47, 2: 38}",0.04318957246456459,0.016157489890811096,0.0630528870744252,0.049779533841261464,0.10239406266448065,0.03537137038939374,0.1275145607916947,0.14115925662211398,0.12146580275161133,0.016975412425935286,0.1062732157354621,0.06163043725406506
1090,2,max_steps,3,2,0,956.1878860551228,3500,1472.0,1472.0,0.3746273881470354,0.1,0.5646651983261108,10.749530792236328,-172.37991333007812,428.9169006347656,1000.0,131.08788605511998,2133,-174.90000000000552,0.0,0.0,0.27319653887289225,"{1: 45, 0: 18, 2: 179, 3: 3, 4: 34, 5: 15, 6: 56}","{2: 33, 3: 268, 6: 34, 5: 6, 4: 9}","{1: 228, 2: 41, 0: 81}","{1: 246, 0: 50, 2: 54}","{1: 277, 2: 30, 0: 43}","{1: 269, 2: 36, 0: 45}",0.03507225120549887,0.018802803670633004,0.047379014381040224,0.047443099844768716,0.09506541979506715,0.1031944361955399,0.12279246773722138,0.14961306211272166,0.06619409343163922,0.027107829441808253,0.06047889311904581,0.15053459077969075
1100,2,crash,3,1,1,-498.57501600153853,1028,721.0,721.0,0.3708979276213225,0.1,0.573678195476532,10.875758171081543,-172.37991333007812,436.15411376953125,500.0,77.92646671656375,820,-51.34999999999922,-25.151482718103033,-1000.0,-0.4849951517524694,"{0: 24, 1: 12, 2: 33, 3: 3, 5: 14, 6: 16}","{3: 72, 2: 5, 6: 8, 5: 7, 4: 10}","{1: 43, 0: 59}","{1: 65, 0: 9, 2: 28}","{1: 62, 0: 40}","{1: 82, 0: 15, 2: 5}",0.06487638927180522,0.018877372021902806,0.06261162119737998,0.054280161096368996,0.13044101906469943,0.14254913323257587,0.18882736231883476,0.10572293070792896,0.04005136725029938,0.03484395083759041,0.027712422839531035,0.02177585281795983
1110,2,max_steps,3,3,0,1512.347462938588,3500,1132.0,1332.0,0.367205594321896,0.1,0.5803140997886658,10.948600769042969,-164.8739471435547,448.40826416015625,1500.0,187.19746293857997,2184,-174.8500000000055,0.0,0.0,0.4320992751253109,"{3: 63, 1: 88, 0: 15, 2: 184}","{2: 120, 1: 5, 3: 190, 4: 35}","{1: 175, 2: 69, 0: 106}","{1: 272, 0: 49, 2: 29}","{1: 246, 2: 29, 0: 75}","{1: 257, 0: 47, 2: 46}",0.049799150984742954,0.015592382744412926,0.06702447165299584,0.07440245865707698,0.11009174089527697,0.060873724018777296,0.14966519275500773,0.14607627224088068,0.08405625501233444,0.025630027221740355,0.07701854711251324,0.09605405309467699
1120,2,crash,3,1,1,-584.9991080874097,2935,1290.0,1290.0,0.36355001864277087,0.1,0.5723481178283691,11.037757873535156,-157.5272216796875,444.1853942871094,500.0,98.04861708304328,1530,-146.6999999999991,-36.347725170460315,-1000.0,-0.19931826510644282,"{3: 96, 4: 142, 5: 15, 6: 40}","{0: 10, 1: 9, 2: 93, 3: 137, 6: 19, 5: 7, 4: 18}","{1: 244, 0: 49}","{1: 203, 0: 38, 2: 52}","{1: 261, 0: 32}","{1: 257, 0: 20, 2: 16}",0.022727001346049602,0.019770422139094905,0.02796233919222311,0.02695353492080926,0.08432563331012995,0.09459090571805029,0.1089004364609112,0.126341421233491,0.048269605806103455,0.03147401715149781,0.056504640765364135,0.04386363204488665
1130,2,max_steps,3,0,0,-145.10666160404554,3500,,,0.35993083465743386,0.1,0.573024332523346,11.172019004821777,-157.5272216796875,443.93328857421875,0.0,29.89333839595676,1383,-175.00000000000554,0.0,0.0,-0.04145904617258444,{4: 350},"{4: 15, 3: 332, 2: 3}","{1: 346, 2: 4}","{1: 318, 2: 9, 0: 23}",{1: 350},{1: 350},0.005787916210198574,0.012223046481367449,0.007018204845220701,0.011365892179412931,0.026786400135306105,0.029176727329031434,0.03816421510042643,0.040393600188803454,0.0274249134127536,0.022090039281635762,0.03483706151056475,0.04041708999827921
1140,2,crash,3,0,1,-1207.0197259234596,3025,,,0.35634768008221385,0.1,0.5611070990562439,11.250468254089355,-164.70449829101562,447.7418518066406,0.0,77.55530287417206,1306,-151.25000000000014,-133.32502879763203,-1000.0,-0.39901478542924285,{6: 302},"{4: 38, 3: 218, 2: 46}","{1: 141, 2: 48, 0: 113}","{1: 172, 2: 70, 0: 60}","{1: 192, 2: 24, 0: 86}","{1: 144, 2: 83, 0: 75}",0.05544623461684177,0.02588773936511076,0.08094885575674851,0.10270495997685884,0.11291749102338992,0.05212931191282149,0.15229054214542168,0.19785831086802338,,,,
1150,2,max_steps,3,2,0,1068.602875351429,3500,1698.0,1698.0,0.3528001962400171,0.1,0.5640068054199219,11.35957145690918,-176.05242919921875,449.8855285644531,1000.0,243.5028753514176,1769,-174.90000000000552,0.0,0.0,0.30531510724326544,"{3: 47, 4: 167, 5: 58, 6: 67, 1: 11}","{6: 8, 5: 7, 4: 15, 0: 41, 1: 7, 2: 56, 3: 216}","{1: 221, 0: 57, 2: 72}","{1: 209, 2: 59, 0: 82}","{1: 231, 0: 51, 2: 68}","{1: 270, 2: 32, 0: 48}",0.03254219162160535,0.024100474470615106,0.04681943002986302,0.039630020912899105,0.1368522065305219,0.12603542410461704,0.1741702057571954,0.18652905960116822,0.02319394690855616,0.1179436765815381,0.03862645825902388,0.10490052181341383
1160,2,max_steps,3,0,0,-152.59175748834792,3500,,,0.34928802802442344,0.1,0.5763655304908752,11.447013854980469,-176.05242919921875,447.9481201171875,0.0,22.40824251165433,1378,-175.00000000000554,0.0,0.0,-0.043597644996670834,"{4: 200, 5: 150}","{3: 318, 4: 6, 2: 26}","{1: 346, 0: 4}","{1: 306, 0: 40, 2: 4}","{1: 343, 0: 7}","{1: 345, 0: 5}",0.01177089810707972,0.013411860308653684,0.015694608162799994,0.023073802276826056,0.030530331576994474,0.03258597951930498,0.044809958119674656,0.05474163457836868,,,,
1170,2,max_steps,3,3,0,1525.5099751049092,3500,820.0,448.0,0.3458108238641394,0.1,0.5910472869873047,11.550272941589355,-176.05242919921875,444.5249328613281,1500.0,200.35997510491768,2418,-174.8500000000055,0.0,0.0,0.4358599928871169,"{3: 44, 2: 178, 1: 23, 6: 94, 5: 10, 4: 1}","{1: 8, 2: 113, 3: 212, 4: 7, 5: 10}","{1: 218, 2: 63, 0: 69}","{1: 265, 0: 60, 2: 25}","{1: 274, 0: 34, 2: 42}","{1: 297, 0: 24, 2: 29}",0.038604865130882536,0.018901478732355967,0.053731526439866575,0.05733196799278103,0.08897594980466669,0.0590812132341481,0.13053096339006592,0.1059859336189283,0.03661261832632446,0.025491428805421937,0.0657597646870861,0.08903524887922323
1180,2,max_steps,3,2,0,999.9427911826584,3500,1561.5,1561.5,0.3423682356878062,0.1,0.602181077003479,11.611114501953125,-176.05242919921875,456.3936767578125,1000.0,248.44689166671597,1863,-174.90000000000552,-73.60410048406635,0.0,0.2856979403379024,"{3: 25, 2: 48, 4: 12, 5: 100, 6: 127, 0: 22, 1: 16}","{1: 10, 2: 54, 3: 217, 4: 31, 6: 38}","{1: 161, 2: 94, 0: 95}","{1: 177, 0: 95, 2: 78}","{1: 204, 2: 71, 0: 75}","{1: 212, 0: 78, 2: 60}",0.056698563942566976,0.029487146873136943,0.08153000126825076,0.07974285041634975,0.15212134477680855,0.10263848514435012,0.19925611523073966,0.20139112416860028,0.19369103126563786,0.1220164144263111,0.1217691558150511,0.24465350010972628
1190,2,crash,3,1,1,-670.8269322458862,2992,2219.0,2219.0,0.33895991888915694,0.1,0.6077492833137512,11.700331687927246,-176.05242919921875,462.9323425292969,500.0,106.02537375081828,2076,-149.54999999999976,-127.30230599670577,-1000.0,-0.22420686238164644,"{0: 67, 1: 15, 2: 117, 3: 22, 4: 42, 5: 36}","{1: 7, 2: 69, 3: 191, 5: 12, 4: 20}","{1: 232, 0: 67}","{1: 203, 0: 42, 2: 54}","{1: 257, 0: 42}","{1: 247, 2: 21, 0: 31}",0.015111448786916686,0.01827746735043493,0.020238552475667585,0.02906685543106268,0.07993223178056234,0.05892555281934037,0.11492725382041528,0.11600997737988639,0.014079435831018906,0.019376653966444727,0.013648119396138615,0.023350966964049775
1200,2,max_steps,3,2,0,793.2985530355091,3500,431.5,431.5,0.33558553229252136,0.1,0.6080808043479919,11.727344512939453,-152.85922241210938,462.9323425292969,1000.0,226.0192837537693,2059,-174.90000000000552,-257.8207307182568,0.0,0.2266567294387169,"{2: 60, 1: 23, 3: 1, 0: 2, 6: 264}","{1: 12, 2: 58, 3: 231, 6: 35, 5: 6, 4: 8}","{1: 177, 2: 86, 0: 87}","{1: 207, 0: 63, 2: 80}","{1: 243, 2: 46, 0: 61}","{1: 233, 2: 65, 0: 52}",0.04957890523078353,0.023370156655210857,0.06759011337620685,0.08401499102985512,0.13803332532632356,0.11680101832738357,0.17768031529872788,0.17605366315685927,0.19571514647071725,0.004642103963452076,0.24943437088732837,0.05365489612508658
1210,2,crash,3,1,1,-499.1031468742133,1469,698.0,698.0,0.3322447381186739,0.1,0.6108730435371399,11.833417892456055,-211.82577514648438,461.65618896484375,500.0,101.94864075759689,1050,-73.39999999999797,-27.6517876318124,-1000.0,-0.3397570775181847,"{0: 28, 1: 27, 2: 14, 5: 19, 6: 58}","{3: 79, 1: 20, 2: 36, 4: 11}","{1: 56, 0: 72, 2: 18}","{1: 99, 0: 46, 2: 1}","{1: 84, 0: 52, 2: 10}","{1: 81, 0: 37, 2: 28}",0.0658751784440864,0.02188356715421952,0.08331172005873785,0.09172315977215231,0.15119411530294546,0.08040071881636826,0.21318319730889052,0.21432272884318168,0.13528928257702857,0.010620415443916753,0.08374948513620678,0.10442969171812497
1220,2,max_steps,3,1,0,560.195314319541,3500,794.0,794.0,0.32893720195102166,0.1,0.6141655445098877,11.804991722106934,-211.82577514648438,438.01031494140625,500.0,235.14531431953222,2329,-174.95000000000553,0.0,0.0,0.16005580409129744,"{0: 45, 1: 14, 2: 19, 3: 1, 6: 164, 5: 77, 4: 30}","{1: 9, 2: 56, 3: 241, 4: 44}","{1: 104, 0: 134, 2: 112}","{1: 236, 0: 82, 2: 32}","{1: 218, 0: 76, 2: 56}","{1: 263, 0: 52, 2: 35}",0.07594969011027601,0.020252862917115613,0.08673404973642015,0.07559742637483136,0.10490141271408954,0.05968389332088296,0.1369446094863496,0.11725073661570487,0.10262320886094019,0.03453141874961894,0.07319086364121893,0.09715857648651334
1230,2,max_steps,3,1,0,480.2336263857225,3500,761.0,761.0,0.325662592702129,0.1,0.6186692714691162,11.90666675567627,-211.82577514648438,436.14971923828125,500.0,155.1836263857119,2148,-174.95000000000553,0.0,0.0,0.13720960753877787,"{0: 22, 1: 19, 2: 32, 3: 3, 6: 57, 5: 124, 4: 93}","{0: 4, 1: 14, 2: 25, 3: 299, 4: 8}","{1: 202, 0: 97, 2: 51}","{1: 283, 0: 47, 2: 20}","{1: 278, 0: 50, 2: 22}","{1: 270, 0: 37, 2: 43}",0.039490877103973906,0.015134637667366693,0.054597094961940186,0.06311464733823881,0.08575618091249952,0.04881576350923199,0.11904256494900131,0.13582363222576593,0.07764326980187736,0.01721034416563819,0.10864809931414403,0.07440166993770929
1240,2,max_steps,3,1,0,509.9494087282005,3500,2165.0,2165.0,0.3224205825805753,0.1,0.6211212277412415,11.929300308227539,-182.49737548828125,440.3377990722656,500.0,184.89940872819875,2444,-174.95000000000553,0.0,0.0,0.14569983106520015,"{2: 184, 1: 31, 3: 1, 5: 26, 6: 85, 4: 23}","{0: 7, 1: 7, 2: 79, 3: 206, 6: 36, 5: 6, 4: 9}","{1: 200, 2: 74, 0: 76}","{1: 247, 0: 43, 2: 60}","{1: 274, 2: 27, 0: 49}","{1: 284, 2: 21, 0: 45}",0.042665204161674575,0.019790118675537628,0.0501483547505506,0.06469968154550743,0.09995340374081736,0.13648222297129453,0.13608967863721166,0.11198374713406659,0.10795064857729231,0.02460392646640743,0.09934788780167148,0.1002998819592046
1250,2,max_steps,3,2,0,1036.917460824045,3500,1520.5,1520.5,0.3192108470581429,0.1,0.629408597946167,12.057899475097656,-166.03892517089844,433.1796875,1000.0,211.81746082403814,1895,-174.90000000000552,0.0,0.0,0.2962621316640129,"{5: 119, 6: 95, 4: 88, 3: 2, 0: 46}","{4: 36, 3: 278, 2: 32, 5: 4}","{1: 202, 2: 72, 0: 76}","{1: 256, 2: 70, 0: 24}","{1: 238, 2: 61, 0: 51}","{1: 274, 0: 48, 2: 28}",0.041520444149809474,0.019766321802217667,0.05896867295768886,0.05536627679351532,0.14800325790164176,0.04708254979272822,0.1792878447945268,0.14296231573502882,0.14256134641558285,0.013772439664426277,0.04195402526961739,0.24240207785233353
1260,2,crash,3,1,1,-516.3988640341865,1132,711.0,711.0,0.31603306483733135,0.1,0.6302657723426819,12.158902168273926,-166.03892517089844,443.3323059082031,500.0,79.33506782523645,840,-56.549999999998924,-39.18393185942428,-1000.0,-0.4561827420796701,"{0: 28, 1: 24, 2: 18, 3: 1, 5: 23, 6: 19}","{4: 7, 3: 85, 1: 7, 2: 14}","{1: 46, 0: 67}","{1: 57, 2: 15, 0: 41}","{1: 64, 0: 49}","{1: 67, 0: 31, 2: 15}",0.06699441481347196,0.029830918877079008,0.08072030223123307,0.0937911672927385,0.12870759211432234,0.09780089390786449,0.18785003050683796,0.17560382605838584,0.14029527201138106,0.021632313437081517,0.12927500516463086,0.10166299538195511
1270,2,crash,3,2,1,-317.1663323281331,3002,1126.5,1126.5,0.31288691781919525,0.1,0.6299892663955688,12.23658561706543,-166.03892517089844,447.6311340332031,1000.0,101.07909555752768,1767,-149.99999999999986,-268.2454278856625,-1000.0,-0.10565167632516093,"{2: 222, 3: 3, 6: 75}","{0: 13, 1: 9, 2: 129, 3: 117, 6: 12, 5: 9, 4: 11}","{1: 224, 0: 76}","{1: 200, 0: 53, 2: 47}","{1: 266, 0: 34}","{1: 247, 2: 25, 0: 28}",0.01896994422615389,0.022120489972496615,0.02880030002124135,0.03991559607426305,0.0836643390198076,0.10517235001812503,0.10630916664104867,0.12553284159485337,0.05744976219093161,0.02789313280992352,0.07305981330434427,0.05566706020604268
1280,2,max_steps,3,0,0,15.282306961828922,3500,,,0.3097720910715025,0.1,0.6369190216064453,12.260436058044434,-166.03892517089844,430.8516540527344,0.0,190.28230696182902,1970,-175.00000000000554,0.0,0.0,0.004366373417665406,"{6: 227, 5: 105, 4: 18}","{5: 11, 4: 17, 3: 261, 2: 61}","{1: 143, 0: 86, 2: 121}","{1: 239, 2: 67, 0: 44}","{1: 197, 0: 64, 2: 89}","{1: 169, 0: 102, 2: 79}",0.06627899470641985,0.021650460256102094,0.08458669495274929,0.101392000985923,0.12812634472660842,0.06433018507294244,0.18520523536694897,0.20546545796120505,,,,
1290,2,max_steps,3,1,0,578.8703531442601,3500,2429.0,2429.0,0.30668827279720895,0.1,0.6452721953392029,12.270398139953613,-159.60037231445312,435.2920837402344,500.0,253.82035314425966,2816,-174.95000000000553,0.0,0.0,0.1653915294697886,"{6: 29, 5: 89, 4: 123, 3: 1, 0: 58, 1: 27, 2: 23}","{3: 286, 2: 26, 4: 38}","{1: 153, 2: 79, 0: 118}","{1: 256, 2: 34, 0: 60}","{1: 239, 2: 47, 0: 64}","{1: 241, 2: 47, 0: 62}",0.056531854019935074,0.021517271460326108,0.07285849605220929,0.07449718411332673,0.10358949379465623,0.03952700516911156,0.14974384477828845,0.17051500086646973,0.07466408710325369,0.029312707528185548,0.041004915517691254,0.14440920568424517
1300,2,max_steps,3,2,0,958.5087312814582,3500,1411.5,1411.5,0.3036351543032473,0.1,0.6516371965408325,12.353978157043457,-159.60037231445312,438.23480224609375,1000.0,133.40873128145628,2089,-174.90000000000552,0.0,0.0,0.27385963750898806,"{2: 202, 1: 35, 3: 45, 6: 68}","{2: 70, 3: 271, 1: 9}","{1: 223, 2: 61, 0: 66}","{1: 288, 0: 58, 2: 4}","{1: 285, 2: 35, 0: 30}","{1: 289, 0: 32, 2: 29}",0.02827016024493858,0.01642817671499708,0.04198438306174981,0.05770809494353443,0.08936084709092262,0.03320038943555373,0.12134070678732768,0.11848656986932542,0.06928886500234119,0.035289256172253,0.08840496465898535,0.08367598305581933
1310,2,max_steps,3,0,0,16.914817668652336,3500,,,0.30061242996962684,0.1,0.6575201153755188,12.441317558288574,-152.62527465820312,440.8005676269531,0.0,191.91481766865257,2056,-175.00000000000554,0.0,0.0,0.004832805048186382,"{6: 177, 5: 125, 4: 48}","{3: 261, 2: 74, 4: 15}","{1: 146, 2: 119, 0: 85}","{1: 273, 2: 27, 0: 50}","{1: 204, 2: 86, 0: 60}","{1: 199, 2: 77, 0: 74}",0.060932513419119066,0.018299915553419303,0.0821089378949924,0.09317437248300053,0.11691786717744208,0.04023140741981878,0.1600107192711146,0.19869480872681194,0.03768774705444004,0.022018448319629028,0.15315757562368879,0.17365720861324188
1320,2,max_steps,3,1,0,507.1836234196313,3500,2912.0,2912.0,0.2976197972188406,0.1,0.662070095539093,12.50801944732666,-172.51390075683594,447.9309997558594,500.0,182.13362341962875,1912,-174.95000000000553,0.0,0.0,0.14490960669132325,"{5: 112, 6: 72, 4: 106, 3: 1, 2: 37, 1: 22}","{2: 74, 3: 266, 4: 10}","{1: 151, 0: 89, 2: 110}","{1: 255, 0: 77, 2: 18}","{1: 218, 0: 55, 2: 77}","{1: 193, 0: 84, 2: 73}",0.055491831550538065,0.020073694452672153,0.08171329196475874,0.09441738689782399,0.11369472532497335,0.050397081911917975,0.15693557156783036,0.1635946986206624,0.17229366161513066,0.03184272112813069,0.12626302055783234,0.20678915876059964
1330,2,max_steps,3,2,0,723.6911439856765,3500,1102.5,1102.5,0.2946569564855766,0.1,0.6754908561706543,12.619248390197754,-172.51390075683594,452.70135498046875,1000.0,155.4305189723856,2308,-174.90000000000552,-256.8393749867151,0.0,0.20676889828162184,"{1: 25, 2: 187, 3: 8, 5: 87, 6: 11, 4: 32}","{3: 237, 2: 77, 5: 10, 4: 26}","{1: 240, 0: 71, 2: 39}","{1: 269, 0: 22, 2: 59}","{1: 287, 0: 29, 2: 34}","{1: 294, 0: 27, 2: 29}",0.025406903494379258,0.019029492900041002,0.03633739891846281,0.058543325259120954,0.09110783468846778,0.052073052073335624,0.12950522527366137,0.10935159394579239,0.0561103636183911,0.023678802680095045,0.040441164560370946,0.08944009114753707
1340,2,max_steps,3,0,0,6.4440619581902245,3500,,,0.2917236111867317,0.1,0.6754087805747986,12.65125560760498,-172.51390075683594,457.29217529296875,0.0,181.4440619581904,1804,-175.00000000000554,0.0,0.0,0.0018411605594829213,"{4: 83, 5: 183, 6: 84}","{2: 66, 3: 284}","{1: 116, 0: 115, 2: 119}","{1: 289, 0: 32, 2: 29}","{1: 171, 0: 78, 2: 101}","{1: 155, 2: 105, 0: 90}",0.07111363552981129,0.011990307884149233,0.10380991819369731,0.11073012744005636,0.1289039681023021,0.03622819032216467,0.19149397964939566,0.22009366727518812,,,,
1350,2,crash,3,1,1,-641.4894188380188,3479,2493.0,2493.0,0.288819467691723,0.1,0.6794130206108093,12.755046844482422,-156.9154510498047,454.427734375,500.0,135.10403675206516,2043,-173.9000000000053,-102.69345559008671,-1000.0,-0.1843890252480652,"{0: 48, 1: 60, 2: 138, 3: 3, 6: 98}","{4: 11, 3: 187, 2: 109, 0: 20, 1: 20}","{1: 252, 0: 80, 2: 15}","{1: 240, 2: 19, 0: 88}","{1: 271, 0: 64, 2: 12}","{1: 255, 2: 45, 0: 47}",0.030267911278594954,0.022406275062874573,0.05101980430142167,0.06458398968112955,0.09850595110336788,0.0745701917519633,0.14197220219141374,0.1646180803439014,0.028153914420030693,0.027992304711476807,0.049541944983315676,0.042939323142197255
1360,2,max_steps,3,0,0,17.79021981727738,3500,,,0.2859442352930952,0.1,0.6820799708366394,12.754663467407227,-149.09881591796875,454.2652893066406,0.0,192.79021981727692,1933,-175.00000000000554,0.0,0.0,0.005082919947793536,"{6: 107, 5: 68, 4: 175}","{2: 66, 3: 264, 4: 20}","{1: 182, 0: 67, 2: 101}","{1: 260, 0: 57, 2: 33}","{1: 221, 0: 45, 2: 84}","{1: 225, 0: 74, 2: 51}",0.04808736943084241,0.02189516486811575,0.07691089090506749,0.07587633642267164,0.13821072273648258,0.04672575986091503,0.1828938392867953,0.17641654280660846,,,,
1370,2,max_steps,3,4,0,2104.2227993666747,3500,513.0,364.0,0.28309762617742046,0.1,0.6921063661575317,12.849689483642578,-149.09881591796875,458.6885681152344,2000.0,279.0227993666972,2837,-174.8000000000055,0.0,0.0,0.6012065141047642,"{4: 170, 3: 55, 1: 47, 2: 78}","{3: 113, 0: 46, 1: 23, 2: 99, 6: 43, 5: 14, 4: 12}","{1: 270, 2: 20, 0: 60}","{1: 188, 0: 99, 2: 63}","{1: 320, 2: 11, 0: 19}","{1: 333, 2: 7, 0: 10}",0.026570479003459678,0.024369075527367806,0.03635097073827237,0.0404285982031388,0.08338231496317944,0.14783611787889975,0.09653665147810198,0.09396420117692816,0.09237115831677328,0.16362489568336028,0.08786083908828245,0.08520479540825121
1380,2,max_steps,3,2,0,1021.690564313865,3500,1026.0,1026.0,0.2802793553964883,0.1,0.7041146755218506,12.93330192565918,-149.09881591796875,469.02777099609375,1000.0,196.59056431388296,2505,-174.90000000000552,0.0,0.0,0.2919115898039614,"{1: 46, 2: 35, 3: 3, 6: 62, 5: 60, 4: 144}","{3: 212, 4: 30, 5: 10, 2: 86, 0: 3, 1: 9}","{1: 193, 0: 56, 2: 101}","{1: 268, 2: 40, 0: 42}","{1: 306, 2: 36, 0: 8}","{1: 299, 0: 24, 2: 27}",0.042892681916301106,0.021111768243782185,0.043439222099011465,0.042935746149886954,0.07979016205581206,0.06157154823161008,0.10800243198997314,0.10374638577130296,0.07347851699671276,0.03301497882709971,0.09661838234690091,0.08094205282651762
1390,2,max_steps,3,1,0,559.3216962509775,3500,2241.0,2241.0,0.2774891408387817,0.1,0.7182997465133667,13.08059310913086,-149.09881591796875,435.35321044921875,500.0,234.2716962509771,2373,-174.95000000000553,0.0,0.0,0.15980619892885073,"{5: 76, 4: 147, 3: 1, 0: 81, 1: 26, 2: 19}","{2: 82, 3: 237, 5: 16, 4: 15}","{1: 132, 2: 85, 0: 133}","{1: 284, 0: 20, 2: 46}","{1: 237, 2: 59, 0: 54}","{1: 246, 2: 51, 0: 53}",0.06255134611546995,0.0133151596961035,0.07472709428327007,0.08583489696851096,0.1190020207764911,0.04131802790863865,0.1498202915286878,0.13579475786504105,0.16363992936394064,0.024039883703959687,0.20715135562320774,0.09860889576785267
1400,2,max_steps,3,0,0,-83.05929736076705,3500,,,0.2747267032012376,0.1,0.7413480877876282,13.328058242797852,-164.97683715820312,453.77935791015625,0.0,91.94070263923369,1893,-175.00000000000554,0.0,0.0,-0.023731227817362012,"{1: 74, 2: 276}","{6: 6, 5: 10, 4: 54, 3: 272, 2: 8}","{1: 301, 0: 42, 2: 7}","{1: 307, 2: 39, 0: 4}","{1: 330, 0: 20}","{1: 307, 0: 30, 2: 13}",0.019938022061353023,0.014328691136140631,0.03216237469365509,0.043115356822585826,0.05653575727590361,0.03432394983815097,0.08083898640984591,0.10200616562084137,,,,
1410,2,max_steps,3,4,0,2184.0348015291443,3500,797.5,547.5,0.27199176596128843,0.1,0.7545850276947021,13.469061851501465,-164.97683715820312,462.7044372558594,2000.0,358.8348015291614,2890,-174.8000000000055,0.0,0.0,0.6240099432940412,"{1: 36, 2: 51, 3: 3, 6: 148, 5: 16, 4: 45, 0: 51}","{5: 6, 4: 85, 3: 164, 0: 50, 1: 7, 2: 38}","{1: 124, 0: 116, 2: 110}","{1: 203, 2: 80, 0: 67}","{1: 232, 0: 74, 2: 44}","{1: 298, 0: 21, 2: 31}",0.06885519226687323,0.02688629890007928,0.08055146023974658,0.06283249535456999,0.11567340117144266,0.11885559365933727,0.1280894500390316,0.10691690338621847,0.1057789140586756,0.10635169557894955,0.11708570436831156,0.10120844754523436
1420,2,max_steps,3,2,0,1022.7912725743929,3500,1567.0,1567.0,0.2692840553491817,0.1,0.7654613256454468,13.56783390045166,-164.97683715820312,460.37060546875,1000.0,197.69127257439303,2535,-174.90000000000552,0.0,0.0,0.292226077878398,"{4: 222, 5: 66, 3: 22, 6: 3, 0: 37}","{2: 87, 3: 233, 4: 17, 5: 13}","{1: 224, 0: 53, 2: 73}","{1: 245, 0: 50, 2: 55}","{1: 288, 2: 32, 0: 30}","{1: 299, 2: 28, 0: 23}",0.03567399711314864,0.024308874769253915,0.050247781295722306,0.05626012424796401,0.08466952150161998,0.06503144288375992,0.12860653845534498,0.10393411010301655,0.04765532547597256,0.02965136269151978,0.023365032348395237,0.08377759189971601
1430,2,max_steps,3,4,0,2178.479275366442,3500,769.75,689.0,0.26660330032057583,0.1,0.7903695702552795,13.709891319274902,-164.97683715820312,465.2105407714844,2000.0,471.089069597067,3025,-174.8000000000055,-117.8097942306088,0.0,0.6224226501046977,"{6: 116, 5: 51, 4: 70, 3: 9, 0: 82, 1: 8, 2: 14}","{6: 45, 5: 16, 4: 33, 3: 148, 2: 60, 0: 31, 1: 17}","{1: 108, 2: 132, 0: 110}","{1: 140, 2: 105, 0: 105}","{1: 146, 2: 110, 0: 94}","{1: 197, 2: 77, 0: 76}",0.08109800879082793,0.03963549195813146,0.11597301193563175,0.09212791210596569,0.20193976441780934,0.11723726509329101,0.22792538124356243,0.21709393336870345,0.15303697489239507,0.10933676395981234,0.10919775490198329,0.20667281948635613
1440,2,max_steps,3,1,0,599.3523684822385,3500,1445.0,1445.0,0.26394923252940805,0.1,0.8111807107925415,13.86852741241455,-164.97683715820312,450.9122619628906,500.0,274.3023684822361,2585,-174.95000000000553,0.0,0.0,0.17124353385206814,"{6: 105, 5: 30, 4: 9, 0: 158, 1: 29, 2: 19}","{1: 25, 2: 46, 3: 231, 5: 22, 4: 26}","{1: 150, 2: 91, 0: 109}","{1: 253, 0: 48, 2: 49}","{1: 208, 2: 71, 0: 71}","{1: 232, 0: 71, 2: 47}",0.06221462078337039,0.01764803869631676,0.07924747171221153,0.08013583179042144,0.16073593282914525,0.055224092806332066,0.21826425466510976,0.22893998988645292,0.21074285883832866,0.011969442360783372,0.1301681777296843,0.33848320935879683
1450,2,max_steps,3,2,0,1038.5944724068238,3500,1431.0,1431.0,0.2613215863010327,0.1,0.8214643597602844,13.947391510009766,-164.97683715820312,458.73779296875,1000.0,213.49447240682102,2666,-174.90000000000552,0.0,0.0,0.29674127783052107,"{1: 82, 2: 87, 3: 3, 6: 52, 5: 90, 4: 36}","{1: 5, 2: 70, 3: 259, 4: 16}","{1: 178, 0: 92, 2: 80}","{1: 275, 0: 43, 2: 32}","{1: 262, 0: 43, 2: 45}","{1: 239, 0: 59, 2: 52}",0.04889627146023454,0.015774857541205195,0.06372340202859407,0.07407683158507405,0.09772170110767539,0.0380008998150634,0.12800767751008246,0.14929480853560564,0.1101298626659179,0.022213660599704657,0.053088899138530446,0.11271405225319366
1460,2,max_steps,3,1,0,476.28058605076893,3500,359.0,359.0,0.2587200986056273,0.1,0.8300201296806335,13.933938026428223,-157.25242614746094,459.1645812988281,500.0,151.23058605075835,2158,-174.95000000000553,0.0,0.0,0.13608016744307683,"{5: 22, 4: 13, 0: 30, 1: 44, 2: 173, 3: 68}","{3: 303, 2: 19, 5: 18, 4: 10}","{1: 257, 2: 33, 0: 60}","{1: 313, 0: 12, 2: 25}","{1: 301, 2: 25, 0: 24}","{1: 295, 2: 28, 0: 27}",0.02944442376421092,0.013052908341843701,0.04268028231645584,0.04925073785333006,0.08406755138226003,0.030740413646737217,0.10710527573385376,0.10872116872223601,0.04233411340585254,0.026260504917967394,0.05496971453883688,0.06516791457663736
1470,2,max_steps,3,0,0,1.6120377216329826,3500,,,0.2561445090318625,0.1,0.8372856974601746,13.937443733215332,-157.25242614746094,466.2739562988281,0.0,176.6120377216329,2190,-175.00000000000554,0.0,0.0,0.0004605822061808522,"{4: 73, 5: 108, 6: 169}","{1: 19, 2: 49, 3: 267, 4: 15}","{1: 129, 0: 102, 2: 119}","{1: 243, 0: 84, 2: 23}","{1: 190, 0: 80, 2: 80}","{1: 169, 2: 104, 0: 77}",0.06513684786954053,0.020920905487623757,0.09144990218464899,0.10125298015013254,0.17045957371062287,0.06403072488961672,0.24298877375022387,0.25631251178248016,,,,
1480,2,max_steps,3,2,0,1129.5473655790327,3500,1323.0,1323.0,0.253594559760835,0.1,0.8471512198448181,13.981222152709961,-162.08074951171875,465.3697814941406,1000.0,339.6645917482695,3022,-174.90000000000552,-35.21722616923449,0.0,0.32272781873686646,"{6: 198, 5: 37, 4: 15, 3: 2, 0: 79, 1: 7, 2: 12}","{6: 7, 5: 6, 4: 43, 3: 254, 2: 40}","{1: 124, 2: 121, 0: 105}","{1: 283, 2: 46, 0: 21}","{1: 206, 0: 81, 2: 63}","{1: 236, 2: 59, 0: 55}",0.06531839641624046,0.0183475136180805,0.08549937065400987,0.09073696527958978,0.13697200855692168,0.04085335703600173,0.17589023904674905,0.15005084800530155,0.14134183154024144,0.00916483402731398,0.10713806417725585,0.17298248744634534
1490,2,max_steps,3,3,0,1628.2005334011587,3500,1101.0,1208.0,0.25106999554025977,0.1,0.8546528816223145,14.11064338684082,-162.08074951171875,466.59814453125,1500.0,303.05053340117104,2847,-174.8500000000055,0.0,0.0,0.4652001524003311,"{3: 37, 0: 51, 1: 36, 2: 53, 6: 91, 5: 23, 4: 59}","{6: 7, 5: 18, 4: 14, 0: 45, 1: 7, 2: 52, 3: 207}","{1: 151, 0: 59, 2: 140}","{1: 239, 2: 41, 0: 70}","{1: 263, 0: 30, 2: 57}","{1: 271, 0: 42, 2: 37}",0.05643084697200841,0.018218942316645673,0.0671928042373989,0.07203995275535441,0.09155249144776431,0.09268827950864135,0.12023140232045237,0.1361865708974041,0.12147257943962585,0.13352674558477903,0.12403671709641975,0.1991904661924884
1500,2,crash,3,1,1,-1011.9693196332304,3427,728.0,728.0,0.2485705636589185,0.1,0.8660711646080017,14.253443717956543,-162.08074951171875,466.59814453125,500.0,172.43453787005,1895,-171.3000000000047,-513.1038575032841,-1000.0,-0.2952930608792619,"{0: 39, 1: 15, 2: 18, 4: 53, 5: 135, 6: 82}","{4: 47, 3: 269, 5: 6, 2: 20}","{1: 142, 0: 126, 2: 74}","{1: 220, 2: 93, 0: 29}","{1: 196, 0: 93, 2: 53}","{1: 188, 0: 86, 2: 68}",0.06120850306724446,0.02236427271156862,0.08694593250570681,0.09644578550214032,0.11478915821374838,0.049921309472814514,0.1592323570771933,0.1547863921996047,0.11587810368729666,0.01750563019405472,0.12953959379824825,0.060287667851618966
1510,2,max_steps,3,2,0,1033.2977536566052,3500,1647.5,1647.5,0.24609601392136357,0.1,0.8874193429946899,14.350985527038574,-162.08074951171875,472.35205078125,1000.0,208.19775365660428,2451,-174.90000000000552,0.0,0.0,0.2952279296161729,"{1: 28, 2: 133, 3: 4, 6: 76, 5: 15, 4: 73, 0: 21}","{0: 2, 1: 13, 2: 101, 3: 196, 4: 18, 5: 20}","{1: 204, 0: 68, 2: 78}","{1: 248, 0: 61, 2: 41}","{1: 278, 0: 40, 2: 32}","{1: 275, 0: 40, 2: 35}",0.038303452389330986,0.018815863323211633,0.05118237460557824,0.057098347936004885,0.09591055105545201,0.0722859830262686,0.13088617443709616,0.1123945302103311,0.07788774570885967,0.03276009721191441,0.09952788227249221,0.14034062943220224
1520,2,max_steps,3,2,0,1128.3338790030223,3500,1161.5,1161.5,0.2436460986228729,0.1,0.8967218995094299,14.452371597290039,-163.4130859375,472.35205078125,1000.0,303.45197558122163,2319,-174.90000000000552,-0.2180965781882968,0.0,0.3223811082865778,"{5: 30, 6: 168, 4: 87, 3: 3, 0: 41, 1: 11, 2: 10}","{6: 6, 5: 8, 4: 15, 3: 204, 2: 89, 1: 28}","{1: 154, 0: 83, 2: 113}","{1: 252, 2: 31, 0: 67}","{1: 202, 0: 66, 2: 82}","{1: 232, 0: 59, 2: 59}",0.06037503560509373,0.02112101274803352,0.08685994360808544,0.08244688437671789,0.17579975936304526,0.07441231124789621,0.19619223320117135,0.14237873328283115,0.08609866424826679,0.019023431541651373,0.1092529539065819,0.11112264507657012
1530,2,success,3,5,0,2616.073784111345,3000,600.0,567.0,0.24122057252465468,0.1,0.9219009280204773,14.685946464538574,-163.4130859375,472.35205078125,2500.0,265.82378411135574,2256,-149.7499999999998,0.0,0.0,0.8720245947037817,"{2: 103, 4: 55, 3: 9, 1: 43, 0: 22, 6: 60, 5: 8}","{5: 32, 4: 32, 3: 138, 2: 56, 0: 20, 1: 22}","{1: 139, 0: 84, 2: 77}","{1: 148, 2: 72, 0: 80}","{1: 185, 0: 57, 2: 58}","{1: 236, 0: 36, 2: 28}",0.057879712940884204,0.030451919748538593,0.07755254497750105,0.06550161706603394,0.19436806083790983,0.11105177018337396,0.2391060930839525,0.12815239710971743,0.1820538302168571,0.028040718508847793,0.14963967303711603,0.09728220935947793
1540,2,max_steps,3,4,0,2083.8626215208747,3500,861.0,1006.5,0.2388191928292986,0.1,0.9437662363052368,14.898241996765137,-163.4130859375,475.0023498535156,2000.0,273.90452981849387,2628,-174.8000000000055,-15.241908297610172,0.0,0.5953893204345356,"{5: 25, 4: 105, 1: 57, 0: 82, 2: 65, 3: 16}","{3: 137, 4: 25, 1: 47, 2: 124, 0: 11, 6: 6}","{1: 189, 2: 51, 0: 110}","{1: 243, 2: 31, 0: 76}","{1: 225, 2: 44, 0: 81}","{1: 240, 2: 58, 0: 52}",0.045996431225976075,0.021979252500701714,0.06803484240390932,0.07798515337789733,0.1677693951794098,0.05976552272748464,0.20896483669300045,0.17692450403934618,0.19613375585989423,0.1118261524990647,0.22322076031545265,0.10497674084394754
1550,2,max_steps,3,2,0,1098.3789562813677,3500,837.0,837.0,0.23644171915647164,0.1,0.9602735638618469,14.940985679626465,-163.4130859375,477.2156066894531,1000.0,273.2789562813825,2635,-174.90000000000552,0.0,0.0,0.31382255893753364,"{0: 20, 1: 11, 2: 27, 3: 11, 6: 47, 5: 29, 4: 205}","{3: 184, 2: 101, 0: 11, 1: 14, 6: 20, 5: 5, 4: 15}","{1: 203, 0: 52, 2: 95}","{1: 250, 0: 53, 2: 47}","{1: 273, 0: 20, 2: 57}","{1: 264, 0: 46, 2: 40}",0.03954490250131172,0.020778592644957634,0.05774974087592482,0.08429053257148877,0.09837359544869267,0.09427930068962675,0.13032383019177807,0.1093640991565513,0.07369758545352176,0.03474927356826447,0.06831147389644102,0.10309172181551239
1560,2,max_steps,3,3,0,1515.4977908797223,3500,1039.3333333333333,1239.0,0.23408791351885588,0.1,0.9741408824920654,15.08038330078125,-164.44613647460938,479.4678955078125,1500.0,226.89542975886002,2407,-174.8500000000055,-36.547638879140884,0.0,0.4329993688227778,"{1: 24, 2: 157, 3: 11, 4: 75, 5: 59, 6: 24}","{4: 48, 3: 183, 2: 89, 0: 22, 1: 8}","{1: 217, 0: 73, 2: 60}","{1: 246, 2: 43, 0: 61}","{1: 266, 0: 25, 2: 59}","{1: 303, 0: 21, 2: 26}",0.03190491283191191,0.023676977595252904,0.044700049139393724,0.04509282494836816,0.10864875369631925,0.07368732396199833,0.14094318712949472,0.11317275512676994,0.10105015716455173,0.03346660168161873,0.12573039826401272,0.12830042482201956
1570,2,max_steps,3,2,0,1007.7415011878443,3500,364.5,364.5,0.2317575402983256,0.1,0.9903460741043091,15.156570434570312,-164.44613647460938,481.4096984863281,1000.0,182.6415011878432,2389,-174.90000000000552,0.0,0.0,0.28792614319652693,"{5: 112, 4: 128, 3: 8, 2: 20, 6: 82}","{5: 10, 4: 8, 3: 197, 2: 133, 1: 2}","{1: 191, 2: 89, 0: 70}","{1: 282, 2: 27, 0: 41}","{1: 243, 2: 52, 0: 55}","{1: 217, 2: 74, 0: 59}",0.0436993101248163,0.014022913073722176,0.06182474932882642,0.0814705334603884,0.13197337948249688,0.04356773777803216,0.17506705496328262,0.19559751189478494,0.10722250734821671,0.0316104925551223,0.05078247323347451,0.24026615764799653
1580,2,max_steps,3,4,0,2120.7051921370658,3500,735.5,767.5,0.22945036622236165,0.1,1.0061259269714355,15.284232139587402,-163.4130859375,479.86309814453125,2000.0,295.50519213709197,2337,-174.8000000000055,0.0,0.0,0.6059157691820188,"{4: 98, 3: 16, 5: 56, 6: 108, 0: 28, 1: 8, 2: 36}","{6: 25, 5: 16, 4: 32, 3: 193, 1: 25, 2: 59}","{1: 100, 2: 101, 0: 149}","{1: 207, 2: 77, 0: 66}","{1: 194, 0: 75, 2: 81}","{1: 223, 2: 56, 0: 71}",0.07019247122010314,0.02432719089590859,0.08974750875413137,0.0824285402095889,0.1574654766958621,0.12488557466103145,0.20129800685548804,0.16701577851625962,0.17701647226913372,0.06766760736139851,0.11653185945648387,0.1750693723034714
1590,2,max_steps,3,1,0,424.4720120103315,3500,878.0,878.0,0.22716616034070092,0.1,1.0151780843734741,15.29478645324707,-163.4130859375,479.432373046875,500.0,187.98346631778352,2193,-174.95000000000553,-88.56145430746102,0.0,0.12127771771723758,"{6: 54, 5: 21, 4: 12, 1: 67, 0: 19, 2: 177}","{4: 13, 3: 269, 2: 51, 1: 17}","{1: 191, 2: 84, 0: 75}","{1: 295, 2: 13, 0: 42}","{1: 269, 2: 44, 0: 37}","{1: 283, 2: 24, 0: 43}",0.041732497058559935,0.014040040321937935,0.0508108422508767,0.057520905676730905,0.095941520551413,0.034174089568858056,0.14370787038494212,0.12438094436952334,0.18104419467949948,0.016763377117788893,0.17783635014729224,0.10500628276874449
1600,2,max_steps,3,3,0,1528.3086077958642,3500,1132.3333333333333,1307.0,0.22490469400221766,0.1,1.0305922031402588,15.375239372253418,-163.4130859375,480.1159362792969,1500.0,203.15860779586168,2539,-174.8500000000055,0.0,0.0,0.43665960222738975,"{4: 147, 3: 17, 1: 36, 2: 36, 5: 31, 6: 83}","{1: 6, 2: 132, 3: 159, 4: 24, 6: 9, 5: 9, 0: 11}","{1: 210, 2: 69, 0: 71}","{1: 282, 0: 31, 2: 37}","{1: 272, 0: 26, 2: 52}","{1: 290, 0: 29, 2: 31}",0.04036355812401661,0.016460707900264132,0.05270335245166882,0.06829053090340023,0.09830630185406256,0.0804236925618291,0.1278459226785876,0.10808665889390562,0.16665624008293603,0.13704122779793354,0.2428130853545815,0.08319306121188765
1610,2,max_steps,3,2,0,1074.448968475494,3500,1101.0,1101.0,0.2226657408320357,0.1,1.0518467426300049,15.509342193603516,-163.4130859375,482.35760498046875,1000.0,249.34896847551022,2930,-174.90000000000552,0.0,0.0,0.3069854195644269,"{6: 57, 5: 84, 4: 63, 3: 3, 0: 86, 1: 29, 2: 28}","{4: 25, 3: 164, 0: 14, 1: 38, 2: 86, 6: 17, 5: 6}","{1: 163, 2: 84, 0: 103}","{1: 208, 2: 73, 0: 69}","{1: 261, 2: 51, 0: 38}","{1: 251, 2: 56, 0: 43}",0.05491446569207317,0.025155452940528372,0.06208316954700018,0.08503803633824912,0.09072409130561505,0.09917359181886712,0.12236255714137059,0.1244519291093396,0.09304118504427131,0.029817991176088965,0.11005129618265758,0.09985952528406021
1620,2,max_steps,3,1,0,525.4737783674027,3500,2733.0,2733.0,0.22044907670886763,0.1,1.0716348886489868,15.679011344909668,-173.61972045898438,475.0328063964844,500.0,200.42377836740206,2454,-174.95000000000553,0.0,0.0,0.15013536524782933,"{6: 46, 5: 44, 4: 181, 3: 2, 0: 77}","{2: 94, 3: 243, 4: 13}","{1: 203, 2: 67, 0: 80}","{1: 295, 0: 37, 2: 18}","{1: 262, 2: 42, 0: 46}","{1: 297, 2: 17, 0: 36}",0.03865165717624426,0.013754910392216678,0.05020918439455866,0.06270019500438044,0.10849010446561051,0.03926159145892005,0.13623765179864814,0.10531313410379324,0.11405972139287071,0.02810981479240795,0.09526236023773602,0.13165175988292435
1630,2,max_steps,3,2,0,1098.3514372985696,3500,660.0,660.0,0.21825447974258044,0.1,1.0867327451705933,15.727721214294434,-173.61972045898438,478.3331298828125,1000.0,275.8475792644642,2382,-174.90000000000552,-2.59614196586643,0.0,0.3138146963710199,"{6: 102, 5: 155, 4: 15, 3: 2, 0: 50, 1: 10, 2: 16}","{5: 1, 4: 14, 3: 224, 2: 70, 0: 31, 1: 10}","{1: 151, 2: 96, 0: 103}","{1: 229, 2: 31, 0: 90}","{1: 228, 2: 54, 0: 68}","{1: 235, 2: 51, 0: 64}",0.05734780118486185,0.022661238097166993,0.07215618482206268,0.08096661201518238,0.11643363094899678,0.09000670791550508,0.15368220769592403,0.1599998094111594,0.10772222908086428,0.031738810101955485,0.03698119968834768,0.1667686710740866
1640,2,max_steps,3,1,0,478.72550282278263,3500,616.0,616.0,0.21608173025198396,0.1,1.0997624397277832,15.767523765563965,-173.61972045898438,472.48236083984375,500.0,153.67550282277196,2028,-174.95000000000553,0.0,0.0,0.1367787150922236,"{2: 60, 3: 10, 5: 93, 6: 44, 4: 143}","{2: 33, 3: 276, 6: 13, 5: 7, 4: 21}","{1: 211, 0: 88, 2: 51}","{1: 275, 0: 26, 2: 49}","{1: 278, 0: 38, 2: 34}","{1: 273, 2: 33, 0: 44}",0.04256962511596296,0.019927756607819362,0.05303043689937181,0.07540710531423214,0.09438249586724799,0.03460567537647824,0.12838269142204117,0.10954871986401772,0.07762938842006901,0.03374246462185436,0.1320207999775274,0.11461512719742227
1650,2,max_steps,3,0,0,52.02246852995722,3500,,,0.2139306107428406,0.1,1.1101621389389038,15.811766624450684,-173.61972045898438,474.3704833984375,0.0,227.02246852995646,2140,-175.00000000000554,0.0,0.0,0.014863562437130636,"{6: 128, 5: 142, 4: 73, 3: 7}","{1: 13, 2: 75, 3: 262}","{1: 123, 2: 128, 0: 99}","{1: 255, 0: 75, 2: 20}","{1: 169, 2: 103, 0: 78}","{1: 172, 2: 86, 0: 92}",0.07194036937411277,0.020476487803491795,0.10420915204996564,0.10094872894198217,0.16609002047595245,0.04607623469437313,0.2265558004795438,0.2540390828449441,0.1280281009330337,0.0226968733033165,0.3013783776459004,0.32741234668369396
1660,2,max_steps,3,2,0,1064.492891902336,3500,982.5,982.5,0.21180090588609388,0.1,1.132750391960144,15.996004104614258,-173.61972045898438,479.21453857421875,1000.0,239.39289190234786,2177,-174.90000000000552,0.0,0.0,0.30414082625781025,"{3: 29, 2: 138, 0: 1, 1: 28, 5: 35, 6: 88, 4: 31}","{6: 7, 5: 7, 4: 32, 3: 227, 0: 33, 1: 6, 2: 38}","{1: 177, 2: 85, 0: 88}","{1: 255, 2: 35, 0: 60}","{1: 248, 2: 47, 0: 55}","{1: 263, 2: 47, 0: 40}",0.04851257176877029,0.018989836954871112,0.055960553585361325,0.054570060105744264,0.11886341947352298,0.10347740100720748,0.151889616595017,0.1626852810216214,0.14211490173418095,0.11925551487097846,0.11089683782668214,0.09674919147745599
1670,2,max_steps,3,3,0,1596.9573842204738,3500,956.3333333333334,1131.0,0.20969240249631396,0.1,1.1554641723632812,16.11505699157715,-173.61972045898438,472.7474365234375,1500.0,271.8073842204711,3188,-174.8500000000055,0.0,0.0,0.4562735383487068,"{5: 35, 4: 98, 3: 7, 0: 95, 1: 20, 2: 31, 6: 64}","{2: 51, 3: 270, 4: 29}","{1: 185, 2: 77, 0: 88}","{1: 289, 0: 27, 2: 34}","{1: 275, 2: 39, 0: 36}","{1: 295, 0: 36, 2: 19}",0.04660119274363145,0.014857341607239664,0.052683135190574396,0.05644987832970809,0.09715750513044256,0.04660502911468662,0.11703482684634817,0.10459188090242982,0.05482997680390757,0.030056893456304974,0.05593930445480388,0.05131973320451465
1680,2,max_steps,3,4,0,2181.459141905722,3500,548.75,303.0,0.20760488951035747,0.1,1.178799033164978,16.24173927307129,-165.66590881347656,478.90960693359375,2000.0,357.01059840252424,3012,-174.8000000000055,-0.751456496796169,0.0,0.623274040544492,"{5: 56, 4: 36, 3: 32, 0: 71, 1: 23, 2: 34, 6: 98}","{4: 38, 3: 189, 1: 15, 2: 53, 6: 7, 5: 8, 0: 40}","{1: 104, 2: 130, 0: 116}","{1: 193, 2: 55, 0: 102}","{1: 195, 2: 94, 0: 61}","{1: 254, 2: 46, 0: 50}",0.07319976190393399,0.025153301208659107,0.0909418203449613,0.07700394837738178,0.12434574688550148,0.12251155525491983,0.15667350498152166,0.17269022031578868,0.1354861762932278,0.09947114384209071,0.1447029922267213,0.09381790191457168
1690,2,max_steps,3,2,0,1032.261708382892,3500,1273.5,1273.5,0.20553815796623984,0.1,1.1907052993774414,16.319931030273438,-165.66590881347656,478.1949157714844,1000.0,207.1617083828987,1914,-174.90000000000552,0.0,0.0,0.2949319166808263,"{4: 195, 5: 57, 1: 13, 0: 69, 2: 10, 3: 6}","{1: 14, 2: 88, 3: 203, 6: 16, 5: 7, 4: 11, 0: 11}","{1: 227, 2: 57, 0: 66}","{1: 242, 0: 73, 2: 35}","{1: 263, 2: 37, 0: 50}","{1: 271, 2: 40, 0: 39}",0.03865434743700602,0.024168294696489786,0.04556001492804528,0.059746235716305385,0.15420088829399084,0.11259507960295966,0.17275997354313016,0.1203118927098542,0.16531643899030488,0.02140325827601019,0.13016218186516743,0.09659825723582094
1700,2,crash,3,1,1,-501.83362780518684,1552,1426.0,1426.0,0.20349200098221826,0.1,1.2086095809936523,16.54267120361328,-163.4130859375,477.145751953125,500.0,108.08959629173476,1119,-77.54999999999774,-32.37322409692237,-1000.0,-0.3233464096682905,"{6: 33, 5: 22, 4: 87, 0: 13}","{6: 8, 5: 8, 4: 14, 3: 107, 2: 5, 1: 13}","{1: 75, 2: 70, 0: 10}","{1: 98, 2: 37, 0: 20}","{1: 112, 2: 43}","{1: 125, 2: 12, 0: 18}",0.05068955094465808,0.027008893872997385,0.06641410081970073,0.06752264510758109,0.15301806712284696,0.11908822418248344,0.1819077448793891,0.12847240258335946,0.17010694027888296,0.015278864523155095,0.2390526507632046,0.05641070397397897
1710,2,max_steps,3,1,0,467.00328593402566,3500,120.0,120.0,0.20146621373608226,0.1,1.2207915782928467,16.667219161987305,-163.4130859375,471.5927429199219,500.0,141.9532859340133,1837,-174.95000000000553,0.0,0.0,0.13342951026686448,"{4: 154, 3: 59, 5: 81, 6: 56}","{4: 8, 3: 281, 1: 8, 2: 53}","{1: 211, 0: 65, 2: 74}","{1: 268, 2: 23, 0: 59}","{1: 275, 0: 38, 2: 37}","{1: 257, 0: 59, 2: 34}",0.042371741207343994,0.01957905789235654,0.0546293154377786,0.06736769642342663,0.09429517382069649,0.04296717312722296,0.1217696984528165,0.13194955305581607,0.04251807891339055,0.08902018911123565,0.09550386972066469,0.08799325414116653
1720,2,max_steps,3,3,0,1566.9370981801421,3500,965.0,1142.0,0.19946059344465106,0.1,1.2385307550430298,16.754873275756836,-163.4130859375,475.6003723144531,1500.0,241.7870981801514,2471,-174.8500000000055,0.0,0.0,0.4476963137657549,"{3: 52, 4: 140, 5: 45, 0: 26, 1: 12, 2: 75}","{6: 3, 5: 15, 4: 30, 3: 208, 2: 46, 0: 35, 1: 13}","{1: 229, 2: 61, 0: 60}","{1: 215, 2: 45, 0: 90}","{1: 266, 2: 35, 0: 49}","{1: 290, 2: 25, 0: 35}",0.030923702356570992,0.025543696528718678,0.04430573138427252,0.07080370645859288,0.09899682253974716,0.13723892559331116,0.13399916483459617,0.11849876498836026,0.05305078089235282,0.03192467515246335,0.08491876808354278,0.09594839395545741
1730,2,crash,3,1,1,-536.9605344265324,1623,889.0,889.0,0.19747493934347485,0.1,1.2581170797348022,16.86395263671875,-163.4130859375,476.9529724121094,500.0,102.53972611406874,1162,-81.09999999999754,-58.40026054060376,-1000.0,-0.3308444451180113,"{0: 21, 1: 16, 2: 50, 3: 1, 6: 74}","{2: 37, 3: 88, 5: 16, 6: 5, 4: 16}","{1: 60, 0: 84, 2: 18}","{1: 91, 0: 30, 2: 41}","{1: 104, 0: 45, 2: 13}","{1: 98, 0: 30, 2: 34}",0.06231978096851369,0.022609610879707892,0.07524863583874278,0.09316812260113161,0.11872584582387169,0.10767969458447851,0.16645043278356683,0.19523852918336013,0.0722043257375462,0.018780845360635335,0.10410650597262816,0.05243390316274924
1740,2,max_steps,3,0,0,-46.99746188152899,3500,,,0.19550905266673785,0.1,1.2704578638076782,16.909425735473633,-163.4130859375,478.71929931640625,0.0,128.00253811847057,2154,-175.00000000000554,0.0,0.0,-0.013427846251865426,"{0: 34, 1: 48, 2: 263, 3: 5}","{2: 76, 3: 267, 4: 7}","{1: 271, 0: 72, 2: 7}","{1: 318, 0: 23, 2: 9}","{1: 315, 0: 35}","{1: 316, 0: 26, 2: 8}",0.02781797798645747,0.009850513499225545,0.03511756302712071,0.037441987492585704,0.08031691281038085,0.02958252706038,0.10005179188276389,0.09968294312895644,0.034742345121483255,0.020858744224313983,0.04295051384811714,0.05435108618076543
1750,2,success,3,5,0,2642.925271291259,2720,544.0,595.0,0.19356273662736181,0.1,1.2917829751968384,17.029155731201172,-185.63925170898438,477.7074890136719,2500.0,318.70411910244906,2196,-135.74999999999662,-40.028847811182075,0.0,0.9716637026806099,"{0: 30, 1: 38, 2: 43, 5: 30, 4: 53, 3: 28, 6: 50}","{0: 8, 1: 9, 2: 54, 3: 134, 4: 50, 6: 5, 5: 12}","{1: 97, 0: 76, 2: 99}","{1: 150, 0: 49, 2: 73}","{1: 133, 0: 51, 2: 88}","{1: 165, 0: 64, 2: 43}",0.08021993655856338,0.02787887343328254,0.10347022689026697,0.08468878435627039,0.20479683758873654,0.10100302989360598,0.24509002220062118,0.2237647904912082,0.20824311196081446,0.12600516305330425,0.1401114899912865,0.2984625503150362
1760,2,max_steps,3,0,0,-62.12075428860148,3500,,,0.19163579639730746,0.1,1.3027139902114868,17.06797981262207,-178.20655822753906,483.0775451660156,0.0,112.87924571139861,1763,-175.00000000000554,0.0,0.0,-0.017748786939600424,"{4: 173, 5: 177}","{2: 70, 3: 280}","{1: 223, 0: 63, 2: 64}","{1: 330, 0: 16, 2: 4}","{1: 279, 0: 29, 2: 42}","{1: 264, 2: 50, 0: 36}",0.03718854458791959,0.010089670743682349,0.04624232697480739,0.06500471647697553,0.08293879105786221,0.02662605352469445,0.12695752626259832,0.13793871901049112,,,,
1770,2,max_steps,3,2,0,999.6587165062542,3500,453.5,453.5,0.18972803908807198,0.1,1.3193700313568115,17.130718231201172,-178.20655822753906,468.1007995605469,1000.0,264.00773555984733,2518,-174.90000000000552,-89.44901905359879,0.0,0.2856167761446441,"{6: 20, 5: 14, 4: 11, 3: 6, 2: 188, 1: 48, 0: 63}","{2: 14, 3: 299, 5: 12, 4: 25}","{1: 144, 2: 77, 0: 129}","{1: 295, 0: 28, 2: 27}","{1: 215, 2: 57, 0: 78}","{1: 222, 0: 64, 2: 64}",0.05910440970250643,0.016519273650730786,0.07776228033899822,0.09072155357466044,0.12970300761345754,0.03429462973979395,0.18411428991908477,0.19940508820068037,0.09797763506286246,0.02974965000670539,0.15038496267276574,0.1565576649362323
1780,2,max_steps,3,3,0,1638.2919866092109,3500,983.3333333333334,542.0,0.18783927373138068,0.1,1.3403565883636475,17.28752326965332,-178.20655822753906,467.3684997558594,1500.0,313.1419866092387,2388,-174.8500000000055,0.0,0.0,0.4680834247454888,"{2: 73, 3: 9, 6: 34, 5: 40, 4: 36, 0: 53, 1: 105}","{6: 8, 5: 16, 4: 17, 3: 193, 2: 62, 1: 26, 0: 28}","{1: 150, 0: 126, 2: 74}","{1: 234, 2: 46, 0: 70}","{1: 213, 2: 60, 0: 77}","{1: 252, 0: 57, 2: 41}",0.05908956297898543,0.018621656056592613,0.08137963940588526,0.0669726310285916,0.14224947341115016,0.088683085510932,0.19678839664486653,0.1903496307377013,0.18661462712322927,0.12124112068809478,0.20506168440161296,0.09930600597538368
1790,2,max_steps,3,4,0,2186.299206331005,3500,798.75,670.0,0.18596931126007088,0.1,1.3659213781356812,17.497121810913086,-178.20655822753906,498.99322509765625,2000.0,429.4342194486128,2662,-174.8000000000055,-68.33501311759686,0.0,0.6246569160945729,"{1: 63, 2: 29, 3: 23, 4: 28, 6: 156, 5: 8, 0: 43}","{0: 35, 1: 26, 2: 45, 3: 172, 6: 23, 5: 9, 4: 40}","{1: 144, 0: 110, 2: 96}","{1: 179, 0: 82, 2: 89}","{1: 197, 0: 86, 2: 67}","{1: 247, 0: 40, 2: 63}",0.0688483661439418,0.028687599629752474,0.08908077715096838,0.0781693870398506,0.18770731882219646,0.12034047783532882,0.21446520863006768,0.14260482667836302,0.18904218923755284,0.0951113961638067,0.18556251383195818,0.14142144569767343
1800,2,max_steps,3,4,0,2084.4704523915498,3500,655.0,611.0,0.18411796448916623,0.1,1.3913028240203857,17.715576171875,-178.20655822753906,496.4867248535156,2000.0,306.2859325593492,2767,-174.8000000000055,-47.01548016779137,0.0,0.5955629863975856,"{0: 18, 1: 58, 2: 128, 4: 68, 3: 44, 5: 34}","{2: 89, 3: 109, 1: 22, 6: 32, 5: 20, 4: 28, 0: 50}","{1: 166, 0: 84, 2: 100}","{1: 162, 0: 107, 2: 81}","{1: 200, 0: 75, 2: 75}","{1: 218, 0: 73, 2: 59}",0.0529054592564106,0.03178249239837384,0.08604700949666241,0.07519508985033665,0.15681663915579477,0.11569664452054708,0.2067573964482805,0.21501467093201218,0.17192761676040497,0.07009936986628584,0.1285067418991681,0.07934527940761352
1810,2,max_steps,3,2,0,1109.48025906504,3500,1284.0,1284.0,0.18228504809713925,0.1,1.411590814590454,17.86104393005371,-178.20655822753906,497.24908447265625,1000.0,284.3802590650399,2714,-174.90000000000552,0.0,0.0,0.31699435973286855,"{6: 15, 5: 14, 4: 202, 3: 25, 0: 94}","{6: 4, 5: 7, 4: 26, 3: 183, 2: 100, 0: 25, 1: 5}","{1: 219, 2: 61, 0: 70}","{1: 243, 2: 52, 0: 55}","{1: 281, 2: 26, 0: 43}","{1: 289, 2: 18, 0: 43}",0.040738793108090976,0.022857831410566798,0.05027470337777162,0.06039894299171328,0.10838274071550513,0.1298953240706058,0.135038276985482,0.13022847255366016,0.050418558527245194,0.030988138593592698,0.06869180515612232,0.10185931418758043
1820,2,max_steps,3,2,0,1071.015427371523,3500,1005.5,1005.5,0.18047037860736045,0.1,1.4334490299224854,18.02703094482422,-178.20655822753906,479.0581359863281,1000.0,245.91542737152938,2282,-174.90000000000552,0.0,0.0,0.30600440782043514,"{2: 82, 1: 66, 3: 3, 6: 64, 5: 16, 4: 20, 0: 99}","{4: 25, 3: 275, 2: 20, 0: 24, 1: 6}","{1: 162, 0: 98, 2: 90}","{1: 272, 2: 31, 0: 47}","{1: 250, 0: 62, 2: 38}","{1: 269, 0: 45, 2: 36}",0.05748081218113222,0.017813847009689673,0.07428321672312055,0.06318200996065114,0.10630900728184209,0.08507558923208708,0.13952227574502998,0.14722629411801127,0.12257074989735882,0.02870532420290601,0.09207044010875047,0.09544917112268242
1830,2,crash,3,3,1,570.7172583013222,2563,800.0,794.0,0.17867377436973209,0.1,1.4504114389419556,18.197856903076172,-178.20655822753906,482.7398681640625,1500.0,229.45688393472054,1853,-127.99999999999487,-30.739625633393874,-1000.0,0.22267548119442926,"{0: 50, 1: 44, 2: 32, 5: 87, 4: 36, 3: 2, 6: 5}","{4: 14, 3: 148, 0: 18, 1: 8, 2: 51, 6: 15, 5: 2}","{1: 67, 0: 126, 2: 63}","{1: 171, 2: 44, 0: 41}","{1: 112, 0: 96, 2: 48}","{1: 180, 0: 49, 2: 27}",0.08835007583973242,0.01974001302173806,0.11188381873184353,0.08695068325567751,0.14063083835181106,0.10421038730484644,0.17265373426330227,0.18223097417882433,0.14409979170693513,0.02615084747822156,0.17784390003742007,0.0955424673275406
1840,2,max_steps,3,2,0,1060.1018954561957,3500,1638.0,1638.0,0.17689505554250498,0.1,1.470234990119934,18.332992553710938,-178.20655822753906,485.9012451171875,1000.0,235.00189545618747,2361,-174.90000000000552,0.0,0.0,0.30288625584462736,"{1: 52, 0: 11, 2: 12, 3: 3, 6: 65, 5: 31, 4: 176}","{0: 4, 1: 9, 2: 59, 3: 235, 4: 37, 5: 6}","{1: 186, 0: 52, 2: 112}","{1: 286, 0: 33, 2: 31}","{1: 267, 0: 33, 2: 50}","{1: 308, 0: 21, 2: 21}",0.047032170132282045,0.0121897831439505,0.05533734706536403,0.0470684225180203,0.10046360213953776,0.0710707655722676,0.12545724526497626,0.10332445444305052,0.0660868939884066,0.010149114629345837,0.09858245390040885,0.08289117378960487
1850,2,max_steps,3,2,0,1072.3909327783842,3500,1621.5,1621.5,0.17513404407427613,0.1,1.4958454370498657,18.530500411987305,-178.20655822753906,475.43145751953125,1000.0,247.29093277837902,2366,-174.90000000000552,0.0,0.0,0.3063974093652526,"{2: 52, 3: 20, 5: 39, 6: 130, 4: 83, 0: 26}","{0: 31, 1: 8, 2: 89, 6: 45, 5: 10, 4: 11, 3: 156}","{1: 180, 0: 59, 2: 111}","{1: 204, 0: 70, 2: 76}","{1: 235, 0: 46, 2: 69}","{1: 259, 0: 47, 2: 44}",0.04807855171138814,0.026202324135262196,0.07165422045396984,0.0505387653206393,0.10313686835990522,0.11827648062755063,0.14861254893243767,0.2152499512151278,0.07969719875101734,0.09950253854187754,0.10109638840590264,0.206639929917735
1860,2,crash,3,3,1,597.6234504228981,2744,733.3333333333334,802.0,0.1733905636861655,0.1,1.5172951221466064,18.746206283569336,-178.20655822753906,487.5074157714844,1500.0,272.4971449982093,1730,-137.0499999999969,-37.82369457530596,-1000.0,0.2177928026322515,"{1: 41, 0: 74, 2: 19, 3: 2, 4: 83, 5: 52, 6: 3}","{5: 18, 4: 42, 3: 110, 0: 38, 1: 5, 2: 28, 6: 33}","{1: 87, 2: 122, 0: 65}","{1: 118, 2: 89, 0: 67}","{1: 133, 2: 102, 0: 39}","{1: 190, 2: 37, 0: 47}",0.07463221870562464,0.03752967523535248,0.10415481439670995,0.07858425841268263,0.16803765301786278,0.14990167501201226,0.19898575336064597,0.15230013476932858,0.16154009893221064,0.016474658072136678,0.22709685800417448,0.06273270349361501
1870,2,success,3,5,0,2663.3245545986542,3189,637.8,646.0,0.17166443985417043,0.1,1.5398495197296143,18.909318923950195,-178.20655822753906,491.4072570800781,2500.0,322.5245545986617,2748,-159.20000000000195,0.0,0.0,0.8351597850732688,"{0: 19, 1: 13, 2: 69, 3: 29, 6: 94, 5: 45, 4: 49}","{2: 89, 3: 159, 5: 31, 4: 23, 1: 16}","{1: 78, 0: 86, 2: 154}","{1: 210, 0: 58, 2: 50}","{1: 183, 0: 54, 2: 81}","{1: 211, 0: 60, 2: 47}",0.0797032269311026,0.023726408407073903,0.08768643850289859,0.08783798012783604,0.1277864433194005,0.08206761080193013,0.17308947674345576,0.1631817899868461,0.1434004025730535,0.08749238070043687,0.18984980351607908,0.12264798342928904
1880,2,crash,3,0,1,-1096.7265691010898,756,,,0.1699554997916957,0.1,1.5689504146575928,18.997644424438477,-178.20655822753906,498.65911865234375,0.0,68.96567101922848,503,-37.79999999999999,-127.89224012031838,-1000.0,-1.4506965199749866,"{6: 33, 5: 18, 4: 24}","{6: 10, 5: 6, 4: 8, 3: 43, 2: 8}","{1: 24, 2: 28, 0: 23}","{1: 37, 2: 38}","{1: 32, 2: 23, 0: 20}","{1: 28, 2: 24, 0: 23}",0.11274521811412969,0.03673324545624234,0.12719893502380827,0.12533744680441408,0.19454462908376152,0.18118317706310005,0.27293532112354535,0.2886559474966904,,,,
1890,2,max_steps,3,1,0,476.4386631136628,3500,686.0,686.0,0.16826357243225726,0.1,1.5975494384765625,19.085567474365234,-178.20655822753906,485.8255615234375,500.0,151.38866311365152,2024,-174.95000000000553,0.0,0.0,0.13612533231818938,"{1: 18, 2: 48, 3: 2, 5: 80, 6: 33, 4: 169}","{6: 6, 5: 7, 4: 19, 3: 265, 1: 4, 2: 49}","{1: 240, 0: 57, 2: 53}","{1: 286, 2: 36, 0: 28}","{1: 282, 0: 23, 2: 45}","{1: 285, 0: 36, 2: 29}",0.02611282594520404,0.015194639215301838,0.037077911169790076,0.056213484664986726,0.1012043686877834,0.04677078598745737,0.12260820833345247,0.12153865580765534,0.06213792505725487,0.020470648447799417,0.06422015611745503,0.09319372325328265
1900,2,max_steps,3,3,0,1590.6368243999989,3500,1075.0,1257.0,0.16658848841235843,0.1,1.6154615879058838,19.191255569458008,-178.20655822753906,487.2667236328125,1500.0,269.37551936666614,2794,-174.8500000000055,-3.8886949666576958,0.0,0.4544676641142854,"{0: 23, 1: 16, 2: 108, 3: 16, 6: 132, 5: 25, 4: 30}","{5: 5, 4: 55, 3: 208, 2: 51, 0: 22, 1: 9}","{1: 163, 0: 84, 2: 103}","{1: 234, 2: 64, 0: 52}","{1: 236, 0: 51, 2: 63}","{1: 244, 0: 56, 2: 50}",0.05673121559145054,0.02134393431285704,0.056269990697385586,0.08971396199470931,0.12320310564291183,0.085808346229201,0.1601200570565944,0.152793466425796,0.17187112800176452,0.006281497830406111,0.19138099455555535,0.14922400661884253
1910,2,max_steps,3,3,0,1563.5225003568175,3500,704.0,616.0,0.16493008005453644,0.1,1.6392698287963867,19.336734771728516,-178.20655822753906,518.0790405273438,1500.0,302.7894101371401,2783,-174.8500000000055,-64.41690978031451,0.0,0.44672071438766214,"{1: 101, 2: 55, 3: 7, 4: 48, 6: 130, 5: 9}","{6: 14, 5: 45, 4: 28, 3: 189, 2: 54, 0: 14, 1: 6}","{1: 153, 0: 92, 2: 105}","{1: 242, 2: 57, 0: 51}","{1: 271, 0: 21, 2: 58}","{1: 310, 0: 21, 2: 19}",0.05988082316322458,0.019623427631110954,0.06703120693852226,0.05088536443159012,0.10313863348936675,0.11652499101319615,0.11456002816542787,0.10034615781805124,0.0835815824468741,0.01982892142461852,0.10647255148188682,0.09913147319139563
1920,2,max_steps,3,3,0,1647.292113264674,3500,885.6666666666666,770.0,0.1632881813505777,0.1,1.66623854637146,19.43398094177246,-178.20655822753906,498.6872863769531,1500.0,322.14211326469336,2731,-174.8500000000055,0.0,0.0,0.4706548895041926,"{0: 24, 1: 90, 2: 156, 3: 4, 6: 61, 5: 6, 4: 9}","{2: 25, 3: 232, 6: 15, 5: 31, 4: 47}","{1: 185, 0: 117, 2: 48}","{1: 251, 0: 26, 2: 73}","{1: 235, 0: 76, 2: 39}","{1: 252, 0: 57, 2: 41}",0.04442432416185588,0.016430317239786208,0.062072107471590816,0.07973401428234562,0.16585079256358254,0.07170468534975252,0.19367646266141145,0.1189725969743114,0.16781711252062637,0.021252904606764572,0.12561204695930678,0.23978975843094105
1930,2,max_steps,3,3,0,1627.3787985561269,3500,1053.0,933.0,0.16166262794490036,0.1,1.6825039386749268,19.527759552001953,-178.20655822753906,498.449462890625,1500.0,302.2287985561348,2675,-174.8500000000055,0.0,0.0,0.46496537101603624,"{0: 78, 1: 6, 2: 8, 3: 7, 4: 127, 5: 59, 6: 65}","{1: 8, 2: 79, 3: 225, 6: 9, 5: 13, 4: 16}","{1: 126, 2: 153, 0: 71}","{1: 236, 0: 62, 2: 52}","{1: 202, 2: 91, 0: 57}","{1: 240, 2: 60, 0: 50}",0.07058032691536494,0.02305310246124835,0.0897487510877075,0.07613627626570169,0.13425749718621954,0.09061024981904872,0.18317065155350779,0.1579330446582518,0.09437463868135473,0.021610757644691832,0.08691454007326914,0.11118478365612779
1940,2,max_steps,3,4,0,2193.2226570351113,3500,868.0,729.0,0.16005325711810195,0.1,1.7040599584579468,19.657434463500977,-169.84503173828125,483.9864501953125,2000.0,368.02265703511137,2940,-174.8000000000055,0.0,0.0,0.6266350448671747,"{0: 22, 1: 58, 2: 78, 3: 31, 6: 74, 5: 53, 4: 34}","{3: 167, 1: 18, 2: 93, 6: 16, 5: 14, 4: 17, 0: 25}","{1: 149, 0: 96, 2: 105}","{1: 223, 0: 81, 2: 46}","{1: 195, 0: 67, 2: 88}","{1: 244, 0: 59, 2: 47}",0.0658795626073516,0.024569320286445255,0.08667745986516348,0.06870319588328005,0.15530172222859723,0.0942813886357208,0.18230479556285795,0.23811590142000755,0.14013393190781553,0.07151319976886183,0.10571408313840322,0.2580868201251324
1950,2,max_steps,3,3,0,1620.883010703791,3500,979.6666666666666,671.0,0.1584599077706713,0.1,1.7334327697753906,19.75128746032715,-169.84503173828125,487.6872253417969,1500.0,295.73301070378926,2538,-174.8500000000055,0.0,0.0,0.46310943162965457,"{1: 38, 2: 30, 3: 14, 4: 145, 5: 72, 0: 51}","{6: 4, 5: 22, 4: 19, 3: 196, 2: 78, 0: 23, 1: 8}","{1: 136, 0: 110, 2: 104}","{1: 230, 2: 52, 0: 68}","{1: 243, 0: 67, 2: 40}","{1: 270, 0: 44, 2: 36}",0.06165227598511196,0.022936915573219148,0.07629237036569617,0.07057276896807488,0.10696075608284857,0.11846981708160585,0.13922999095074967,0.14178236408756054,0.07832761036744611,0.040674920891180126,0.13176021306883848,0.10375898835122224
1960,2,success,3,5,0,2668.472587228134,2884,576.8,593.0,0.15688242040686196,0.1,1.7656853199005127,19.876174926757812,-169.84503173828125,489.29925537109375,2500.0,312.4225872281437,2167,-143.94999999999848,0.0,0.0,0.925267887388396,"{1: 113, 2: 55, 6: 34, 5: 8, 4: 23, 3: 14, 0: 41}","{1: 19, 2: 69, 3: 155, 4: 44, 5: 1}","{1: 137, 0: 89, 2: 62}","{1: 198, 0: 50, 2: 40}","{1: 159, 0: 78, 2: 51}","{1: 187, 0: 55, 2: 46}",0.06313920773950904,0.020417311181261576,0.07833640125470856,0.0680292603832185,0.17154067467410045,0.09991574699020823,0.20442258539950198,0.23210674712159307,0.19347610406804727,0.1325990719654073,0.1458932873492037,0.2706671638318541
1970,2,max_steps,3,3,0,1646.9455944365816,3500,1033.6666666666667,768.0,0.15532063711872698,0.1,1.7938522100448608,20.024478912353516,-169.84503173828125,489.29925537109375,1500.0,321.7955944365886,2619,-174.8500000000055,0.0,0.0,0.4705558841247376,"{5: 40, 6: 57, 4: 31, 0: 168, 1: 31, 2: 17, 3: 6}","{6: 6, 5: 7, 4: 63, 3: 213, 0: 25, 1: 11, 2: 25}","{1: 108, 0: 122, 2: 120}","{1: 222, 2: 67, 0: 61}","{1: 190, 0: 91, 2: 69}","{1: 230, 0: 68, 2: 52}",0.08256343389667378,0.022956924340827647,0.09274484097539455,0.08999575973923939,0.13264887074838,0.1058657907492189,0.17705038562930472,0.16256916839762095,0.1343640823642877,0.026853457238569595,0.08905842947840407,0.19460271782188693
1980,2,max_steps,3,1,0,546.1437731202557,3500,1396.0,1396.0,0.15377440157031183,0.1,1.8234946727752686,20.079465866088867,-169.84503173828125,489.2882080078125,500.0,268.3254425612667,2295,-174.95000000000553,-47.23166944101752,0.0,0.15604107803435877,"{0: 25, 1: 31, 2: 82, 3: 1, 6: 88, 5: 33, 4: 90}","{2: 24, 3: 291, 6: 22, 5: 6, 4: 7}","{1: 177, 0: 69, 2: 104}","{1: 283, 0: 22, 2: 45}","{1: 258, 0: 38, 2: 54}","{1: 253, 0: 57, 2: 40}",0.04944541587493561,0.017186306317503508,0.06400570964578846,0.07488924718273869,0.12852631972498,0.061290132095772505,0.16757327102079214,0.17914556305701385,0.163539056789101,0.005590753620300079,0.09652654057432251,0.2987816949801523
1990,2,crash,3,2,1,22.90987419044643,1560,679.5,679.5,0.1522435589820051,0.1,1.8327205181121826,20.171249389648438,-173.35501098632812,480.347900390625,1000.0,161.77189370504297,1166,-77.89999999999772,-60.96201951459478,-1000.0,0.014685816788747712,"{3: 51, 0: 49, 1: 26, 2: 9, 6: 21}","{0: 7, 1: 7, 2: 45, 3: 53, 6: 22, 5: 6, 4: 16}","{1: 84, 0: 60, 2: 12}","{1: 48, 0: 57, 2: 51}","{1: 101, 0: 45, 2: 10}","{1: 107, 0: 16, 2: 33}",0.039422136157001894,0.051044106057554994,0.04010855672111473,0.06081314061608154,0.19002639316816197,0.1663320583468632,0.21379382772885408,0.18764600561225697,0.005134718027637897,0.038620936458351095,0.010681829830319886,0.022906883054079993
2000,2,max_steps,3,3,0,1554.1398212364625,3500,1084.0,700.0,0.15072795611504497,0.1,1.8500648736953735,20.415691375732422,-173.35501098632812,482.1092529296875,1500.0,245.40430444207658,2237,-174.8500000000055,-16.41448320557959,0.0,0.44403994892470355,"{6: 38, 5: 55, 4: 207, 3: 19, 2: 6, 0: 25}","{0: 34, 1: 9, 2: 20, 3: 243, 6: 9, 5: 12, 4: 23}","{1: 146, 2: 132, 0: 72}","{1: 241, 0: 58, 2: 51}","{1: 228, 2: 80, 0: 42}","{1: 230, 2: 56, 0: 64}",0.05679990510682764,0.018525423592223457,0.07811045520289957,0.08933123862376333,0.11464900992115794,0.11883607008552764,0.15248346205692495,0.16732111091599944,0.0765910299467432,0.16893613034889832,0.11785170843110414,0.10734709230585154
2010,2,max_steps,3,3,0,1714.2388383484083,3500,985.3333333333334,897.0,0.1492274412561799,0.1,1.8719745874404907,20.513654708862305,-173.35501098632812,482.1092529296875,1500.0,389.0888383484112,3223,-174.8500000000055,0.0,0.0,0.4897825252424024,"{6: 91, 5: 43, 4: 64, 3: 9, 0: 94, 1: 34, 2: 15}","{2: 72, 3: 208, 4: 27, 5: 15, 0: 19, 1: 9}","{1: 117, 2: 143, 0: 90}","{1: 243, 0: 70, 2: 37}","{1: 207, 2: 73, 0: 70}","{1: 234, 2: 46, 0: 70}",0.07965994550711282,0.017645587376502875,0.0888133649174245,0.08663296835409652,0.1388682678043482,0.10684670280069673,0.18592205002010376,0.18240414414195616,0.1723078307812154,0.026054772914475898,0.16100089436751278,0.17130702384496885
2020,2,max_steps,3,4,0,2094.211560034866,3500,834.75,723.5,0.14774186420248187,0.1,1.8881375789642334,20.63225555419922,-179.19168090820312,483.6570129394531,2000.0,275.06880170532156,2273,-174.8000000000055,-6.057241670443143,0.0,0.5983461600099618,"{3: 47, 1: 78, 0: 78, 2: 47, 4: 83, 6: 17}","{6: 15, 5: 18, 4: 50, 0: 35, 1: 5, 2: 44, 3: 183}","{1: 168, 2: 76, 0: 106}","{1: 190, 2: 94, 0: 66}","{1: 252, 2: 39, 0: 59}","{1: 261, 2: 52, 0: 37}",0.05219682335660466,0.02825312446072341,0.05449332704433996,0.08011851103804284,0.10095403832163091,0.1601933302627779,0.14008532599125564,0.1285558243873441,0.07903706534734796,0.028039196286113413,0.11599679504032526,0.15610816831405464
2030,2,max_steps,3,4,0,2178.492020123378,3500,825.75,736.5,0.14627107624631103,0.1,1.9102177619934082,20.740962982177734,-179.19168090820312,482.25274658203125,2000.0,353.2920201233804,2960,-174.8000000000055,0.0,0.0,0.6224262914638223,"{0: 66, 1: 33, 2: 58, 3: 25, 5: 54, 6: 35, 4: 79}","{5: 54, 4: 45, 3: 151, 0: 48, 1: 16, 2: 36}","{1: 120, 0: 140, 2: 90}","{1: 169, 2: 91, 0: 90}","{1: 173, 0: 99, 2: 78}","{1: 226, 0: 68, 2: 56}",0.0790097215119665,0.03032521751123542,0.10090610540012829,0.09078364016848778,0.13549076906134105,0.12143995686946904,0.18619408413933936,0.20443803260045543,0.12564484633873046,0.07736161208410731,0.18358387233787105,0.18333243490019896
2040,2,max_steps,3,4,0,2043.202944655842,3500,822.5,861.5,0.14481493016042996,0.1,1.9314385652542114,20.90280532836914,-179.19168090820312,486.8201599121094,2000.0,309.71172638843444,2924,-174.8000000000055,-91.7087817325892,0.0,0.5837722699016691,"{3: 42, 6: 30, 5: 24, 4: 87, 2: 27, 0: 97, 1: 43}","{6: 4, 5: 8, 4: 41, 0: 48, 1: 21, 2: 98, 3: 130}","{1: 191, 2: 63, 0: 96}","{1: 200, 2: 57, 0: 93}","{1: 245, 2: 43, 0: 62}","{1: 233, 2: 38, 0: 79}",0.042381959912025174,0.026619018305502964,0.05239886677316614,0.08475032799543561,0.12613595245929135,0.10708460633504067,0.1698899697940434,0.18966789671852194,0.15028391994382662,0.1761671869905751,0.20079046519429072,0.2531548214329832
2050,2,success,3,5,0,2506.3520445827435,3457,691.4,494.0,0.14337328018326592,0.1,1.9490067958831787,21.073854446411133,-179.19168090820312,484.55145263671875,2500.0,178.9520445827348,2350,-172.600000000005,0.0,0.0,0.7250078231364604,"{3: 63, 1: 14, 2: 73, 4: 195}","{1: 22, 2: 166, 3: 113, 6: 18, 5: 5, 4: 21}","{1: 238, 0: 64, 2: 43}","{1: 244, 0: 54, 2: 47}","{1: 269, 0: 39, 2: 37}","{1: 276, 0: 36, 2: 33}",0.02313006538420832,0.021216185525831134,0.03200521302127512,0.04067390548978206,0.10376292161306626,0.0872393067786311,0.1375901236070526,0.11779776784827027,0.0824549783012464,0.04613451756922459,0.12077932975022117,0.10492065639968354
2060,2,success,3,5,0,2689.646688374631,3277,655.4,644.0,0.14194598200432018,0.1,1.976703405380249,21.220600128173828,-179.19168090820312,483.0926818847656,2500.0,454.3601430112345,2563,-163.60000000000295,-101.113454636593,0.0,0.8207649338952185,"{5: 27, 4: 18, 0: 111, 1: 36, 2: 88, 6: 41, 3: 6}","{3: 233, 2: 37, 6: 35, 5: 10, 4: 12}","{1: 90, 2: 89, 0: 148}","{1: 245, 0: 20, 2: 62}","{1: 137, 2: 77, 0: 113}","{1: 221, 2: 48, 0: 58}",0.10950077033814012,0.01329377701489455,0.12101198557287096,0.09202206797317761,0.24449721113633296,0.08244670318400292,0.2756203996960732,0.19320631692437581,0.26273867240455534,0.02694813592504931,0.2245343112530036,0.11180569143540817
2070,2,max_steps,3,4,0,2185.752778058977,3500,832.0,762.0,0.14053289274972225,0.1,2.007011651992798,21.359901428222656,-179.19168090820312,485.61962890625,2000.0,360.552778058993,2980,-174.8000000000055,0.0,0.0,0.6245007937311363,"{3: 51, 0: 101, 1: 50, 2: 36, 6: 90, 5: 11, 4: 11}","{1: 23, 2: 98, 3: 201, 6: 12, 5: 7, 4: 9}","{1: 108, 0: 149, 2: 93}","{1: 252, 0: 62, 2: 36}","{1: 222, 0: 69, 2: 59}","{1: 287, 0: 32, 2: 31}",0.08107229963645346,0.015127165178010146,0.0851448289819639,0.06367934746842545,0.12443470981662014,0.06754843526227432,0.14767510971947534,0.1126864205219585,0.11869137336705321,0.04583462614290584,0.08778919036908692,0.10723317863536219
2080,2,crash,3,1,1,-489.6173871851452,1636,1449.0,1449.0,0.13913387096792815,0.1,2.041689872741699,21.58002471923828,-179.19168090820312,475.27227783203125,500.0,123.2322215933873,1341,-81.7499999999975,-31.09960877853217,-1000.0,-0.29927713153126234,"{0: 89, 1: 22, 2: 34, 3: 11, 4: 7}","{0: 13, 1: 6, 2: 25, 3: 100, 6: 19}","{1: 68, 2: 21, 0: 74}","{1: 95, 0: 44, 2: 24}","{1: 94, 2: 15, 0: 54}","{1: 87, 2: 38, 0: 38}",0.06296216399638546,0.02052061175228252,0.0787109577702694,0.09798292008220207,0.15402536594821523,0.10526872460083349,0.1725476618165114,0.17877186505542184,0.1252504285397418,0.022364552144662767,0.22418240755980226,0.09673493041249084
2090,2,max_steps,3,2,0,1167.0001197613542,3500,1239.0,1239.0,0.13774877661556095,0.1,2.057671308517456,21.690696716308594,-179.19168090820312,476.5184326171875,1000.0,381.9247300317733,2688,-174.90000000000552,-40.024610270412865,0.0,0.3334286056461012,"{6: 127, 5: 62, 4: 36, 3: 3, 0: 109, 1: 6, 2: 7}","{0: 43, 1: 13, 2: 83, 3: 172, 6: 25, 5: 6, 4: 8}","{1: 104, 2: 147, 0: 99}","{1: 199, 0: 85, 2: 66}","{1: 169, 2: 96, 0: 85}","{1: 230, 2: 64, 0: 56}",0.0772824994058958,0.02491204142630947,0.1032574576060109,0.08625667395927264,0.15813295099741423,0.1577513706744271,0.20181198657366062,0.1816845630553926,0.2174556212109802,0.022980491400280297,0.18962514553234136,0.10831082033899611
2100,2,max_steps,3,2,0,1015.9007405400577,3500,1501.5,1501.5,0.13637747104339237,0.1,2.077719211578369,21.792959213256836,-179.19168090820312,479.50537109375,1000.0,190.80074054005587,2465,-174.90000000000552,0.0,0.0,0.2902573544400165,"{4: 273, 3: 3, 5: 38, 6: 36}","{0: 6, 1: 15, 2: 86, 3: 210, 6: 20, 5: 5, 4: 8}","{1: 235, 2: 85, 0: 30}","{1: 253, 0: 62, 2: 35}","{1: 304, 0: 15, 2: 31}","{1: 306, 0: 22, 2: 22}",0.023021878626975856,0.01937131207757351,0.023771664738898197,0.03120179842180181,0.0977820215210504,0.11370637463800468,0.11783264230175199,0.10290450281010546,0.10192002080948748,0.013971270706867425,0.08592864019976379,0.09933653816411342
2110,2,max_steps,3,2,0,998.6114717084572,3500,1137.5,1137.5,0.13501981698246376,0.1,2.088371515274048,21.859519958496094,-197.04437255859375,475.4505920410156,1000.0,173.51147170845388,2516,-174.90000000000552,0.0,0.0,0.2853175633452735,"{4: 197, 3: 13, 5: 17, 0: 83, 1: 16, 2: 24}","{1: 2, 2: 130, 3: 190, 4: 28}","{1: 218, 2: 70, 0: 62}","{1: 275, 0: 36, 2: 39}","{1: 295, 2: 20, 0: 35}","{1: 323, 0: 16, 2: 11}",0.036818143499179834,0.016728172960283748,0.04528050284267621,0.05467236595548272,0.09788310009129099,0.03445169124356363,0.11861601090771995,0.09908142791448896,0.10545634234396763,0.02461887034108544,0.10743994832099157,0.06522595450760754
2120,2,max_steps,3,4,0,2078.300935797986,3500,641.5,674.5,0.13367567853034548,0.1,2.1114978790283203,22.02450180053711,-188.85487365722656,490.1346740722656,2000.0,253.10093579800284,2604,-174.8000000000055,0.0,0.0,0.5938002673708531,"{5: 61, 4: 173, 3: 15, 0: 17, 1: 31, 2: 35, 6: 18}","{5: 5, 4: 11, 3: 208, 2: 114, 0: 2, 1: 10}","{1: 197, 2: 88, 0: 65}","{1: 257, 2: 32, 0: 61}","{1: 256, 2: 55, 0: 39}","{1: 270, 2: 34, 0: 46}",0.04108449102890205,0.01818627617677413,0.05556642221969383,0.06286545968958646,0.11945249056729333,0.08966995745195094,0.1563769504838644,0.10990677573841484,0.10475252584967064,0.020966897185896654,0.0567293380237546,0.10111780967686887
2130,2,crash,3,2,1,61.2182230039258,1949,886.0,886.0,0.1323449211375327,0.1,2.1187262535095215,22.24314308166504,-188.85487365722656,495.0816650390625,1000.0,222.62609204686896,1421,-97.34999999999661,-64.05786904294165,-1000.0,0.03141006824213741,"{5: 24, 4: 11, 0: 126, 1: 7, 2: 8, 3: 1, 6: 17}","{3: 74, 0: 46, 1: 35, 2: 22, 4: 17}","{1: 60, 2: 42, 0: 92}","{1: 136, 0: 56, 2: 2}","{1: 76, 2: 34, 0: 84}","{1: 131, 2: 32, 0: 31}",0.12126833154207856,0.01644315802241568,0.14398919935272886,0.07987588798579313,0.21940574986645675,0.06924829894622031,0.2420602531140137,0.15752907758071047,0.22042896050223051,0.006302624323772356,0.259316363692402,0.03820639115139532
2140,2,crash,3,3,1,611.0138310058376,1998,617.0,457.0,0.13102741159397716,0.1,2.12744140625,22.496856689453125,-182.46929931640625,488.13958740234375,1500.0,253.72498741438434,1537,-99.74999999999648,-42.96115640854194,-1000.0,0.3058127282311499,"{1: 56, 2: 26, 5: 9, 6: 28, 4: 19, 3: 5, 0: 56}","{2: 36, 3: 149, 6: 14}","{1: 47, 0: 108, 2: 44}","{1: 162, 0: 24, 2: 13}","{1: 71, 0: 85, 2: 43}","{1: 121, 0: 39, 2: 39}",0.1314504726786436,0.010218026345651672,0.15212046678833,0.09360085961335013,0.2120408383909834,0.054541218044234584,0.26563080491025265,0.2247317914987392,0.24917927540712573,0.011082231231660853,0.25333244665842836,0.10757566226676846
2150,2,crash,3,1,1,-510.93640711391157,1708,1498.0,1498.0,0.1297230180157525,0.1,2.1392664909362793,22.53495216369629,-182.46929931640625,471.7852783203125,500.0,126.30058075737537,1412,-85.3499999999973,-51.88698787128738,-1000.0,-0.2991430954999482,"{0: 26, 1: 17, 2: 104, 3: 15, 4: 8}","{4: 14, 3: 113, 2: 22, 0: 21}","{1: 67, 0: 86, 2: 17}","{1: 125, 2: 22, 0: 23}","{1: 102, 0: 55, 2: 13}","{1: 130, 0: 22, 2: 18}",0.05887099930323657,0.01823036238511632,0.08575187453899799,0.08078461169480046,0.10609677668062933,0.09427123839795729,0.13409092497593428,0.15614324960170312,0.08708720006048827,0.02982793565270963,0.1340909249759343,0.21090258303947576
2160,2,success,3,5,0,2762.6396336731655,2898,579.6,669.0,0.1284316098318527,0.1,2.154481887817383,22.704896926879883,-179.99459838867188,481.46136474609375,2500.0,407.28963367318073,2283,-144.64999999999864,0.0,0.0,0.9532917990590634,"{3: 15, 4: 46, 1: 42, 0: 96, 2: 19, 6: 60, 5: 11}","{5: 4, 4: 37, 3: 182, 2: 44, 0: 2, 1: 20}","{1: 83, 2: 98, 0: 108}","{1: 217, 2: 31, 0: 41}","{1: 110, 2: 81, 0: 98}","{1: 221, 2: 22, 0: 46}",0.11237826457021358,0.020599603745553512,0.13703100525734754,0.082057137951884,0.2408960640644425,0.07570907063511506,0.25512054044434296,0.18469578399235909,0.2228625075793156,0.15877707413686581,0.21729947068053293,0.10371513887660097
2170,2,max_steps,3,3,0,1601.1909351377763,3500,1030.0,1072.0,0.1271530577711217,0.1,2.1735119819641113,22.874122619628906,-206.07940673828125,484.3993225097656,1500.0,334.3241642659675,2778,-174.8500000000055,-58.283229128193796,0.0,0.4574831243250789,"{6: 16, 5: 61, 4: 125, 3: 6, 1: 21, 0: 85, 2: 36}","{2: 36, 3: 202, 1: 16, 0: 43, 4: 21, 6: 27, 5: 5}","{1: 122, 2: 129, 0: 99}","{1: 225, 0: 78, 2: 47}","{1: 214, 2: 84, 0: 52}","{1: 254, 2: 38, 0: 58}",0.07307583945637032,0.02250379772240113,0.08075272733223873,0.07736934393857312,0.12238188835664414,0.15704181193147415,0.15186792909984131,0.1443080967074012,0.12594725827084918,0.02841454455214863,0.10143523861752299,0.108728447959942
2180,2,success,3,5,0,2695.5387256687463,2019,403.8,421.0,0.12588723384931336,0.1,2.1868839263916016,22.9777774810791,-206.07940673828125,493.35174560546875,2500.0,298.92748015004673,1573,-100.69999999999642,-2.6887544812946245,0.0,1.3350860454030442,"{1: 64, 2: 55, 6: 53, 5: 6, 4: 7, 0: 8, 3: 8}","{3: 118, 2: 76, 1: 7}","{1: 49, 0: 92, 2: 60}","{1: 135, 2: 12, 0: 54}","{1: 68, 0: 76, 2: 57}","{1: 124, 0: 40, 2: 37}",0.12494583523532886,0.01841915689046712,0.15316135586902072,0.08681250461625556,0.23686745743816306,0.07727853996128325,0.28970640157076016,0.2439084872585495,0.2031158013842252,0.03610734278545215,0.16804007109527366,0.24538989733815403
2190,2,crash,3,2,1,53.80389917502771,1904,894.0,894.0,0.12463401135627998,0.1,2.20316743850708,23.094303131103516,-206.07940673828125,495.7194519042969,1000.0,170.53119968039465,1541,-95.09999999999674,-21.62730050536886,-1000.0,0.02825835040705237,"{3: 31, 0: 116, 1: 25, 2: 16, 4: 2}","{6: 17, 5: 8, 4: 8, 3: 40, 0: 54, 1: 30, 2: 33}","{1: 120, 2: 10, 0: 60}","{1: 66, 2: 37, 0: 87}","{1: 131, 2: 4, 0: 55}","{1: 124, 0: 34, 2: 32}",0.03019432739907405,0.05232603085551921,0.0497032782006525,0.08010348505707673,0.1441759359168085,0.12464272177419315,0.2112009195240847,0.19985476182251946,0.22578170042497003,0.19307116686233586,0.28942201361785236,0.05705895776643151
2200,2,max_steps,3,4,0,2180.9187944323876,3500,564.75,423.5,0.12339326484328861,0.1,2.2245469093322754,23.2189884185791,-206.07940673828125,494.14068603515625,2000.0,370.83460479306797,2456,-174.8000000000055,-15.11581036066199,0.0,0.6231196555521107,"{2: 65, 3: 28, 4: 50, 5: 50, 6: 21, 0: 95, 1: 41}","{4: 63, 3: 173, 0: 27, 1: 7, 2: 22, 6: 50, 5: 8}","{1: 109, 0: 129, 2: 112}","{1: 190, 2: 104, 0: 56}","{1: 158, 0: 99, 2: 93}","{1: 170, 0: 91, 2: 89}",0.08519087900003437,0.027358556236659663,0.11417193126564704,0.10102318690503734,0.19971985288083577,0.11301582991926395,0.25617435941505146,0.27578108898898235,0.19897306267903708,0.026359478447729626,0.19513924606197808,0.20725051958057208
2210,2,crash,3,1,1,-986.326667348132,1821,465.0,465.0,0.12216487011046341,0.1,2.2358672618865967,23.311405181884766,-206.07940673828125,482.6531677246094,500.0,121.49178101372213,1141,-90.99999999999697,-516.8184483618543,-1000.0,-0.5416401248479583,"{0: 28, 1: 7, 2: 10, 3: 1, 6: 136}","{3: 90, 2: 39, 6: 6, 5: 23, 4: 24}","{1: 92, 0: 74, 2: 16}","{1: 82, 2: 56, 0: 44}","{1: 114, 0: 59, 2: 9}","{1: 103, 0: 40, 2: 39}",0.04978639023088856,0.033625001650567865,0.07478563436299211,0.09651121695349016,0.17310328098528216,0.10180704472083148,0.18702561157440584,0.13944298605093325,0.18621963720385187,0.010396614152870711,0.12468370512541053,0.10576365237943075
2220,2,success,3,5,0,2596.601433661031,3089,617.8,457.0,0.12094870419435322,0.1,2.261899471282959,23.496458053588867,-206.07940673828125,493.06304931640625,2500.0,250.80143366104699,2234,-154.2000000000008,0.0,0.0,0.840596126144717,"{4: 35, 3: 80, 2: 117, 1: 53, 0: 23}","{2: 141, 3: 68, 5: 29, 4: 32, 0: 17, 1: 10, 6: 11}","{1: 176, 2: 50, 0: 82}","{1: 180, 0: 57, 2: 71}","{1: 206, 2: 38, 0: 64}","{1: 238, 2: 37, 0: 33}",0.03508732988394582,0.02776023710356465,0.05384073939117067,0.06894825372926186,0.1568566214225325,0.1021913350777711,0.20422961186726782,0.1935918355840104,0.1495714081375717,0.14687354880932538,0.2007887323395215,0.25869162471771534
2230,2,crash,3,0,1,-1060.7264843605242,426,,,0.1197446453556227,0.1,2.2720091342926025,23.668827056884766,-245.0042724609375,482.049560546875,0.0,7.194949709627885,127,-21.300000000000168,-46.62143407015199,-1000.0,-2.4899682731467703,"{5: 18, 6: 24}","{6: 6, 5: 8, 4: 14, 3: 5, 2: 9}","{1: 18, 0: 24}","{1: 1, 2: 41}","{1: 28, 0: 14}","{1: 20, 0: 6, 2: 16}",0.06053477031813567,0.11278550118612798,0.07836768956130419,0.10296093940052184,0.11367266369470844,0.16939682458147517,0.1395990372931482,0.15000171014969385,,,,
2240,2,crash,3,1,1,-582.8721893307229,1441,791.0,791.0,0.11855257306686626,0.1,2.2851736545562744,23.79539680480957,-245.0042724609375,482.049560546875,500.0,116.39290220111148,1076,-71.99999999999805,-127.26509153183568,-1000.0,-0.40449145685685145,"{6: 30, 5: 30, 4: 18, 3: 1, 0: 65}","{6: 9, 5: 6, 4: 8, 3: 56, 0: 47, 1: 6, 2: 12}","{1: 54, 2: 73, 0: 17}","{1: 65, 2: 26, 0: 53}","{1: 67, 2: 60, 0: 17}","{1: 73, 2: 36, 0: 35}",0.06787820135106676,0.035370154149058156,0.10645829660183867,0.09733132658024143,0.16242473078574782,0.17747313159077063,0.22406850327171934,0.24681073852932972,0.1751267823338881,0.003263937423766382,0.24920252769609816,0.08002967161773732
2250,2,max_steps,3,4,0,2144.670391233446,3500,766.0,802.0,0.11737236800054303,0.1,2.306321620941162,23.95294761657715,-245.0042724609375,490.64141845703125,2000.0,319.47039123345604,3066,-174.8000000000055,0.0,0.0,0.6127629689238417,"{4: 207, 3: 6, 5: 17, 0: 63, 1: 36, 2: 21}","{0: 32, 1: 11, 2: 79, 3: 154, 5: 27, 4: 36, 6: 11}","{1: 192, 2: 79, 0: 79}","{1: 204, 0: 73, 2: 73}","{1: 266, 2: 29, 0: 55}","{1: 291, 2: 21, 0: 38}",0.041642947449033026,0.02804376914491761,0.04844654137454398,0.04629132156062951,0.10047574689014456,0.15901164185097894,0.13585900850866417,0.10736093549231304,0.09496807708120067,0.011969641157907517,0.1075288384353288,0.10685002364888208
2260,2,crash,3,2,1,24.28814113062799,632,272.5,272.5,0.1162039120170321,0.1,2.3293447494506836,24.08778190612793,-245.0042724609375,491.6197814941406,1000.0,80.46409219555954,540,-31.500000000000313,-24.675951064930416,-1000.0,0.038430603054791124,"{5: 27, 4: 24, 3: 3, 0: 9}","{4: 15, 3: 39, 0: 9}","{1: 12, 2: 51}","{1: 41, 2: 22}","{1: 20, 2: 43}","{1: 49, 2: 6, 0: 8}",0.09387192963262377,0.02583954885618979,0.12481085212041079,0.07997436245914921,0.23676260772625296,0.09219862887687535,0.2484629526855594,0.16586798724778753,0.2486752933895945,0.11761702401955021,0.257332174543949,0.07989381727866242
2270,2,max_steps,3,3,0,1347.093284409615,3500,866.6666666666666,912.0,0.11504708815280666,0.1,2.3553054332733154,24.20672607421875,-245.0042724609375,492.4866638183594,1500.0,306.19748191681725,2559,-174.8500000000055,-284.2541975071964,0.0,0.3848837955456043,"{4: 53, 3: 5, 0: 133, 1: 9, 2: 38, 6: 97, 5: 15}","{3: 225, 2: 56, 0: 10, 1: 27, 5: 13, 6: 11, 4: 8}","{1: 136, 2: 155, 0: 59}","{1: 248, 0: 77, 2: 25}","{1: 232, 2: 80, 0: 38}","{1: 277, 0: 40, 2: 33}",0.07692511121537901,0.01818494043312898,0.08091811004505872,0.07074208020854811,0.13798716390389226,0.08744971010459984,0.15970832081100678,0.12141764834671036,0.11801274112515199,0.026694930298825543,0.1782562768494137,0.08493829628249618
2280,2,success,3,5,0,2752.84898454695,3461,692.2,728.0,0.11390178060872581,0.1,2.385948896408081,24.304584503173828,-245.0042724609375,495.4036865234375,2500.0,425.64898454696083,3096,-172.80000000000504,0.0,0.0,0.7953912119465327,"{1: 57, 2: 49, 3: 11, 6: 99, 5: 23, 4: 56, 0: 51}","{3: 205, 2: 29, 0: 38, 1: 19, 6: 32, 5: 5, 4: 18}","{1: 112, 0: 98, 2: 136}","{1: 229, 2: 56, 0: 61}","{1: 196, 0: 68, 2: 82}","{1: 265, 0: 45, 2: 36}",0.08744998358369076,0.01994050041783907,0.0927823827823992,0.08026818038216507,0.1465135378616459,0.15731564619333593,0.18365369868496337,0.14889145977202903,0.13575842312760286,0.025780667682313123,0.10549966834063339,0.11032855592835607
2290,2,max_steps,3,4,0,2167.0931787813834,3500,850.5,661.0,0.11276787473844298,0.1,2.4096033573150635,24.434568405151367,-245.0042724609375,510.8890686035156,2000.0,357.4750104177744,2738,-174.8000000000055,-15.581831636374869,0.0,0.6191694796518238,"{3: 68, 1: 63, 0: 51, 2: 17, 6: 89, 5: 15, 4: 47}","{0: 7, 1: 29, 2: 72, 6: 17, 5: 6, 4: 7, 3: 212}","{1: 133, 0: 92, 2: 125}","{1: 224, 0: 80, 2: 46}","{1: 198, 0: 80, 2: 72}","{1: 269, 0: 33, 2: 48}",0.07763013617132664,0.019699307534851426,0.08773597945132343,0.0661128384707475,0.19810190695160768,0.0832966594255924,0.22118565274193722,0.12893066637056627,0.20435227970270559,0.03179185876253408,0.2114403605783527,0.09810760551242362
2300,2,success,3,5,0,2593.9989416643934,2991,598.2,686.0,0.11164525703692965,0.1,2.433960437774658,24.581010818481445,-245.0042724609375,509.7620849609375,2500.0,243.7082592526571,2360,-149.2999999999997,-0.4093175882513217,0.0,0.8672681182428598,"{3: 75, 2: 148, 6: 59, 5: 7, 4: 10}","{1: 18, 2: 54, 6: 14, 5: 21, 4: 26, 3: 166}","{1: 192, 0: 49, 2: 58}","{1: 183, 0: 57, 2: 59}","{1: 238, 0: 15, 2: 46}","{1: 279, 2: 15, 0: 5}",0.0308390723030077,0.02512727271816141,0.041230554550422564,0.04313111957321539,0.1072327345360022,0.11601902669803028,0.15628788654545295,0.09664155840614148,0.08006611021215472,0.16158015704686696,0.12747901439842813,0.08507847899700577
2310,2,max_steps,3,3,0,1551.3598113480616,3500,806.0,478.0,0.11053381512911357,0.1,2.4567501544952393,24.629070281982422,-245.0042724609375,499.0334777832031,1500.0,407.33218787849387,2747,-174.8500000000055,-181.12237653043238,0.0,0.44324566038516044,"{2: 94, 3: 5, 6: 79, 5: 43, 4: 37, 1: 68, 0: 24}","{6: 34, 5: 13, 4: 18, 3: 223, 0: 28, 1: 5, 2: 29}","{1: 118, 2: 121, 0: 111}","{1: 218, 2: 85, 0: 47}","{1: 178, 2: 84, 0: 88}","{1: 230, 2: 64, 0: 56}",0.07527992488638842,0.019310079597708252,0.09892324144042167,0.0903100156143741,0.14040705821317645,0.1717406983486018,0.18924708192698123,0.22098072033335112,0.05203432426638071,0.09891247930866778,0.11417802477931469,0.0968455424905251
2320,2,max_steps,3,4,0,2272.0555590877375,3500,674.25,680.5,0.10943343775862971,0.1,2.490159273147583,24.738117218017578,-245.0042724609375,496.5565185546875,2000.0,446.8555590877504,2878,-174.8000000000055,0.0,0.0,0.649158731167925,"{5: 30, 4: 78, 3: 4, 0: 112, 1: 35, 2: 22, 6: 69}","{5: 4, 4: 53, 3: 258, 0: 11, 1: 7, 2: 17}","{1: 107, 2: 111, 0: 132}","{1: 269, 2: 48, 0: 33}","{1: 198, 2: 74, 0: 78}","{1: 252, 2: 37, 0: 61}",0.0839536556683371,0.011254539773870035,0.0912554006625332,0.08271404383597818,0.19309069898561648,0.11257783367983154,0.22692016283679864,0.1590216766229078,0.17035963435729348,0.013882841390131892,0.09928871673547932,0.14522469041492958
2330,2,max_steps,3,3,0,1611.508729202182,3500,1080.0,626.0,0.10834401477668347,0.1,2.515094757080078,24.805015563964844,-245.0042724609375,496.5565185546875,1500.0,286.38297485357253,2202,-174.8500000000055,-0.024245651361900766,0.0,0.4604310654863377,"{6: 22, 5: 65, 4: 165, 1: 11, 0: 69, 2: 10, 3: 8}","{6: 5, 5: 17, 4: 17, 3: 227, 2: 64, 0: 14, 1: 6}","{1: 165, 2: 98, 0: 87}","{1: 237, 2: 54, 0: 59}","{1: 223, 2: 70, 0: 57}","{1: 272, 2: 37, 0: 41}",0.05679067579531091,0.019660089418617837,0.061573005303868,0.06388391194075606,0.16184112269260456,0.14372859729478482,0.18067803678149263,0.12039537075006967,0.16666147478560825,0.019984185491176247,0.07115248762527557,0.07645269264871665
2340,2,max_steps,3,3,0,1582.8917686857878,3500,952.0,1301.0,0.10726543713102477,0.1,2.5383245944976807,24.822011947631836,-245.0042724609375,496.5565185546875,1500.0,278.4820956966929,2911,-174.8500000000055,-20.740327010894422,0.0,0.45225479105308225,"{3: 21, 6: 55, 5: 42, 4: 38, 0: 62, 1: 70, 2: 62}","{5: 13, 4: 16, 1: 43, 2: 67, 3: 195, 6: 16}","{1: 153, 2: 68, 0: 129}","{1: 232, 2: 51, 0: 67}","{1: 266, 0: 62, 2: 22}","{1: 250, 0: 53, 2: 47}",0.05486595780014759,0.019849910073779432,0.06751629412288195,0.08218975656328124,0.08946001555320492,0.12587383730110402,0.11724637344948582,0.1256067963994851,0.079320351135266,0.033749245169460346,0.08231694988597599,0.13492390133839963
2350,2,max_steps,3,4,0,2108.9035242862888,3500,722.25,616.5,0.10619759685503169,0.1,2.569272518157959,24.927534103393555,-245.0042724609375,496.876953125,2000.0,283.7035242862906,2946,-174.8000000000055,0.0,0.0,0.6025438640817968,"{4: 112, 3: 50, 6: 3, 5: 37, 2: 86, 0: 62}","{3: 187, 2: 79, 5: 28, 4: 26, 0: 25, 1: 5}","{1: 188, 2: 78, 0: 84}","{1: 241, 0: 55, 2: 54}","{1: 259, 2: 44, 0: 47}","{1: 280, 0: 48, 2: 22}",0.04691528498562151,0.020843870157044503,0.0617027920849223,0.08083596163171439,0.09979507896573005,0.12742360668766886,0.12900798149425363,0.103866910848056,0.06937921173604145,0.07563895589100071,0.12529272844813052,0.10064390068080756
2360,2,max_steps,3,3,0,1558.5809175143336,3500,887.3333333333334,909.0,0.10514038705690297,0.1,2.5986084938049316,24.994123458862305,-245.0042724609375,490.7838439941406,1500.0,236.023434108444,2211,-174.8500000000055,-2.592516594089853,0.0,0.44530883357552387,"{2: 112, 1: 49, 3: 6, 6: 88, 5: 37, 4: 40, 0: 18}","{1: 13, 2: 150, 3: 129, 6: 29, 5: 19, 4: 10}","{1: 178, 0: 94, 2: 78}","{1: 223, 0: 72, 2: 55}","{1: 231, 0: 65, 2: 54}","{1: 237, 0: 51, 2: 62}",0.04899851293425594,0.025434796325911453,0.06603643438803158,0.0832401719710649,0.1340971591800713,0.103711622280442,0.18124954165871884,0.17261112437872625,0.11253724413961003,0.026157597222986977,0.17570061294255387,0.10967203160070663
2370,2,max_steps,3,3,0,1620.7222033536245,3500,629.6666666666666,718.0,0.10409370190895806,0.1,2.6263813972473145,25.083749771118164,-245.0042724609375,490.01739501953125,1500.0,295.57220335363525,3061,-174.8500000000055,0.0,0.0,0.46306348667246416,"{5: 46, 4: 151, 3: 25, 0: 28, 1: 7, 2: 9, 6: 84}","{4: 8, 3: 244, 2: 80, 0: 9, 1: 9}","{1: 178, 2: 115, 0: 57}","{1: 254, 2: 20, 0: 76}","{1: 265, 2: 50, 0: 35}","{1: 284, 2: 31, 0: 35}",0.048537177219748914,0.015502135766932879,0.0608734644502153,0.07257713680386377,0.10541510484391228,0.051188195960346364,0.13015957921725316,0.11965883342761346,0.17080976953144716,0.017700349707034334,0.11317334339328737,0.16213940917078573
2380,2,max_steps,3,4,0,2245.7107572416216,3500,717.75,764.5,0.10305743663704361,0.1,2.646702766418457,25.162939071655273,-245.0042724609375,491.2674865722656,2000.0,420.5107572416285,2979,-174.8000000000055,0.0,0.0,0.6416316449261776,"{1: 35, 2: 57, 3: 16, 6: 53, 5: 41, 4: 100, 0: 48}","{2: 49, 3: 191, 6: 28, 5: 6, 4: 41, 0: 29, 1: 6}","{1: 122, 0: 118, 2: 110}","{1: 182, 0: 98, 2: 70}","{1: 223, 0: 75, 2: 52}","{1: 302, 0: 24, 2: 24}",0.07371452913095292,0.029529246980295874,0.08379939451186783,0.06766305272079418,0.1573799130275148,0.1419789198217481,0.17979679684987843,0.10310394733147082,0.10134028792142594,0.030066206114121287,0.11743983125279481,0.07316552743806769
2390,2,max_steps,3,4,0,2177.14596722596,3500,753.5,648.5,0.10203148751004555,0.1,2.666973352432251,25.183881759643555,-245.0042724609375,481.8858947753906,2000.0,352.84793168103437,2538,-174.8000000000055,-0.9019644550533013,0.0,0.6220417049217027,"{3: 70, 1: 43, 2: 133, 6: 63, 5: 21, 4: 20}","{0: 33, 1: 23, 2: 69, 3: 179, 6: 35, 5: 5, 4: 6}","{1: 172, 2: 61, 0: 117}","{1: 186, 0: 105, 2: 59}","{1: 231, 0: 74, 2: 45}","{1: 259, 2: 47, 0: 44}",0.051143810480051725,0.027910535960031436,0.06663336760558633,0.06771990105556228,0.16896296516346762,0.15450143087883303,0.24932896859928405,0.15779529359449176,0.1461925641587523,0.05779236300179728,0.10899843616691401,0.1663463432445047
2400,2,max_steps,3,4,0,2150.1565561578755,3500,855.25,812.5,0.10101575182950547,0.1,2.697028398513794,25.337736129760742,-245.0042724609375,486.5089416503906,2000.0,325.01163312637135,2903,-174.8000000000055,-0.05507696848058935,0.0,0.6143304446165359,"{4: 151, 3: 28, 0: 39, 1: 15, 2: 9, 6: 93, 5: 15}","{6: 8, 5: 24, 4: 28, 3: 166, 0: 29, 1: 23, 2: 72}","{1: 174, 0: 55, 2: 121}","{1: 201, 2: 54, 0: 95}","{1: 233, 0: 37, 2: 80}","{1: 266, 2: 41, 0: 43}",0.05017414794347061,0.02464124823862473,0.062392542091912376,0.06632971943215317,0.1400672913878123,0.1342782663644516,0.17283240453968385,0.13700138666602563,0.15732306828753242,0.08618775240427538,0.19025064865876495,0.10618656649745138
2410,2,max_steps,3,2,0,934.6329902213442,3500,1279.5,1279.5,0.1000101279193404,0.1,2.7219135761260986,25.428386688232422,-245.0042724609375,498.24481201171875,1000.0,251.32691188885352,2294,-174.90000000000552,-141.79392166751654,0.0,0.26703799720609833,"{2: 43, 3: 21, 5: 91, 4: 92, 6: 14, 0: 81, 1: 8}","{4: 16, 3: 286, 5: 8, 2: 40}","{1: 144, 0: 117, 2: 89}","{1: 295, 2: 41, 0: 14}","{1: 201, 0: 85, 2: 64}","{1: 240, 0: 53, 2: 57}",0.06625048032022665,0.015321996940087098,0.08150970072354781,0.08500586065078979,0.11663390578613655,0.03370757356292201,0.18356374539732198,0.18313938891100368,0.10114896229722722,0.03316578923301596,0.17075689973243505,0.20715946520287226
2420,2,success,3,5,0,2391.214297155289,2993,598.6,613.0,0.09901451511566495,0.1,2.753946542739868,25.592710494995117,-245.0042724609375,500.165771484375,2500.0,231.50981349026173,2214,-149.39999999999972,-190.8955163349525,0.0,0.7989356154879014,"{1: 47, 2: 48, 3: 36, 4: 166, 5: 2}","{0: 8, 1: 6, 2: 50, 3: 184, 6: 17, 5: 5, 4: 29}","{1: 194, 0: 56, 2: 49}","{1: 193, 0: 45, 2: 61}","{1: 239, 0: 25, 2: 35}","{1: 251, 0: 27, 2: 21}",0.02795221021194217,0.023527829271086407,0.04461671329682865,0.06574282599036115,0.09438949180471445,0.16994513986005969,0.12762266638566622,0.1073895656266262,0.11333826158953053,0.08179837586209811,0.13414079949999835,0.10463469780928346
2430,2,max_steps,3,3,0,1522.924270689694,3500,980.3333333333334,1160.0,0.09802881375671481,0.1,2.7685494422912598,25.64742088317871,-245.0042724609375,495.34991455078125,1500.0,197.77427068969777,2157,-174.8500000000055,0.0,0.0,0.4351212201970554,"{2: 211, 3: 87, 1: 35, 4: 17}","{5: 6, 4: 27, 3: 191, 2: 80, 0: 33, 1: 13}","{1: 243, 0: 92, 2: 15}","{1: 246, 2: 41, 0: 63}","{1: 297, 0: 45, 2: 8}","{1: 277, 0: 27, 2: 46}",0.0320173376638801,0.02032102010161219,0.047669339527997207,0.07600652348832915,0.07377012211778708,0.14268107859632403,0.11101280367697912,0.10486432178480634,0.06607297725993108,0.060821852732427246,0.10988913309903432,0.10002679471816162
2440,2,success,3,5,0,2756.2265003816806,2831,566.2,497.0,0.09705292517287044,0.1,2.7898662090301514,25.76354217529297,-245.0042724609375,499.1972961425781,2500.0,397.5265003816841,2520,-141.29999999999788,0.0,0.0,0.9735876016890429,"{6: 89, 5: 35, 4: 31, 3: 29, 0: 71, 1: 6, 2: 22}","{3: 190, 2: 39, 0: 18, 1: 8, 5: 10, 4: 18}","{1: 113, 2: 108, 0: 62}","{1: 212, 2: 36, 0: 35}","{1: 150, 2: 74, 0: 59}","{1: 187, 2: 44, 0: 52}",0.0719562012820447,0.015466635096673969,0.09406069244411606,0.08814896479560089,0.20552452925975767,0.13085916330662342,0.23623699434227327,0.17465517547145598,0.14838675186619033,0.09491420509857114,0.0968976210197482,0.22530064203480615
2450,2,crash,3,3,1,534.0486691340102,2193,680.3333333333334,860.0,0.09608675167678017,0.1,2.8087968826293945,25.826173782348633,-245.0042724609375,491.9808654785156,1500.0,170.9697516513824,1621,-109.49999999999592,-27.421082517371246,-1000.0,0.24352424493114921,"{4: 112, 3: 7, 0: 41, 1: 12, 2: 32, 6: 15}","{1: 7, 2: 58, 3: 113, 4: 29, 5: 12}","{1: 107, 0: 72, 2: 40}","{1: 138, 0: 38, 2: 43}","{1: 147, 2: 14, 0: 58}","{1: 143, 2: 36, 0: 40}",0.050709951093900515,0.023174748416751892,0.06507822061222546,0.09280980816074974,0.18302488657393684,0.07763234028531604,0.2223148456783735,0.17233202689046523,0.06792524090830682,0.029018144848430863,0.11809976592802252,0.10179870023538815
2460,2,max_steps,3,3,0,1610.194666406459,3500,605.0,809.0,0.09513019655358165,0.1,2.81434965133667,25.9572811126709,-245.0042724609375,499.4875183105469,1500.0,285.6992240657126,2643,-174.8500000000055,-0.6545576592335762,0.0,0.460055618973274,"{2: 98, 1: 2, 4: 19, 5: 86, 3: 1, 6: 144}","{2: 93, 3: 154, 4: 15, 6: 33, 5: 12, 0: 37, 1: 6}","{1: 174, 0: 68, 2: 108}","{1: 213, 0: 77, 2: 60}","{1: 223, 0: 51, 2: 76}","{1: 228, 0: 57, 2: 65}",0.05034730049433051,0.02470135074076605,0.06937181203127912,0.08682156821636292,0.14294214591795884,0.12857818880571306,0.19919112488425514,0.19506512733524226,0.20614951268905002,0.026474417680166718,0.22949475064210723,0.1646204695080069
2470,2,crash,3,3,1,457.9819363692344,2953,729.0,565.0,0.09418316405122057,0.1,2.824648141860962,26.085689544677734,-245.0042724609375,512.5751953125,1500.0,240.23640837761008,1778,-147.4999999999993,-134.75447200835765,-1000.0,0.15509039497772922,"{2: 40, 4: 55, 5: 21, 6: 90, 3: 12, 0: 77}","{4: 32, 3: 178, 2: 25, 0: 54, 1: 6}","{1: 122, 0: 58, 2: 115}","{1: 185, 2: 51, 0: 59}","{1: 147, 0: 52, 2: 96}","{1: 193, 0: 55, 2: 47}",0.06792303473290662,0.023767023865687183,0.10029465203444803,0.0887410419518593,0.19687975868249202,0.10991752583823373,0.23308729220971108,0.21110937027187376,0.161217889706791,0.022272421214234752,0.12215733941396342,0.1450393070315264
2480,2,max_steps,3,3,0,1476.4389596377985,3500,943.0,979.0,0.09324555937086575,0.1,2.849379539489746,26.220922470092773,-245.0042724609375,506.9882507324219,1500.0,322.842379931842,2644,-174.8500000000055,-171.55342029403926,0.0,0.4218397027536567,"{4: 112, 5: 19, 3: 33, 2: 52, 1: 78, 0: 56}","{1: 9, 2: 70, 3: 159, 6: 22, 5: 13, 4: 32, 0: 45}","{1: 179, 2: 92, 0: 79}","{1: 173, 0: 96, 2: 81}","{1: 211, 2: 70, 0: 69}","{1: 235, 2: 46, 0: 69}",0.0469983081247746,0.030192959649324273,0.07288466421864842,0.07929004595187863,0.16094181226886942,0.1446589255219811,0.18197743276213316,0.1508279850454857,0.0981005114529268,0.11981725058060329,0.12794908352563625,0.0977759449373426
2490,2,success,3,5,0,2613.3535815406376,2993,598.6,475.0,0.09231728865741975,0.1,2.8739981651306152,26.40515899658203,-245.0042724609375,503.2557373046875,2500.0,262.7535815406527,2270,-149.39999999999972,0.0,0.0,0.8731552226998455,"{4: 88, 1: 36, 2: 31, 3: 7, 5: 68, 6: 46, 0: 23}","{4: 9, 3: 162, 1: 40, 2: 88}","{1: 103, 2: 101, 0: 95}","{1: 205, 2: 13, 0: 81}","{1: 171, 2: 64, 0: 64}","{1: 203, 2: 47, 0: 49}",0.0747684182116405,0.02155622466790458,0.08892687152971397,0.08448452489191521,0.12346768855973961,0.06302910379448723,0.1561701012684079,0.13371917868102437,0.11314154272864703,0.02301300670547779,0.12100777405244055,0.10125445055672674
2500,2,max_steps,3,4,0,2120.358512749038,3500,606.75,481.0,0.09139825899012388,0.1,2.895538806915283,26.522565841674805,-245.0042724609375,493.62579345703125,2000.0,295.15851274905447,2844,-174.8000000000055,0.0,0.0,0.6058167179282965,"{0: 11, 1: 44, 2: 39, 3: 33, 6: 64, 5: 61, 4: 98}","{4: 25, 3: 215, 0: 17, 1: 19, 2: 74}","{1: 168, 0: 96, 2: 86}","{1: 244, 2: 29, 0: 77}","{1: 260, 0: 48, 2: 42}","{1: 263, 0: 52, 2: 35}",0.05235033841225803,0.02260621074749924,0.07023565588530481,0.06449352028994561,0.1111178093100353,0.10987181587003245,0.12890340145506501,0.13497433811142734,0.10935044423557015,0.028550333742908527,0.13945733815877467,0.10707259349265054
2510,2,max_steps,3,3,0,1608.3943285492614,3500,419.6666666666667,538.0,0.09048837837325675,0.1,2.916444778442383,26.599441528320312,-245.0042724609375,496.78363037109375,1500.0,283.2443285492914,2418,-174.8500000000055,0.0,0.0,0.4595412367283604,"{3: 37, 6: 78, 5: 34, 4: 143, 0: 42, 1: 7, 2: 9}","{1: 18, 2: 28, 6: 17, 5: 5, 4: 48, 3: 234}","{1: 215, 2: 86, 0: 49}","{1: 245, 0: 54, 2: 51}","{1: 268, 2: 45, 0: 37}","{1: 289, 2: 29, 0: 32}",0.03478784696316789,0.017700275630309445,0.04821027244656417,0.06359989661998491,0.14223591057566584,0.1350388976561752,0.1706855185236311,0.10586148678901665,0.05449511664641614,0.029501952292889426,0.06395275621249691,0.09542652397113466
2520,2,max_steps,3,4,0,2000.9325041838756,3500,792.75,752.5,0.08958755572692534,0.1,2.9516825675964355,26.788005828857422,-245.0042724609375,509.0649108886719,2000.0,290.6703010363972,2733,-174.8000000000055,-114.9377968525116,0.0,0.5716950011953931,"{4: 127, 3: 10, 0: 78, 1: 14, 2: 72, 5: 35, 6: 14}","{6: 17, 5: 28, 4: 17, 3: 161, 2: 100, 0: 18, 1: 9}","{1: 174, 2: 83, 0: 93}","{1: 208, 2: 67, 0: 75}","{1: 240, 2: 59, 0: 51}","{1: 264, 2: 33, 0: 53}",0.05003845423724347,0.02542475815903335,0.06536699297611845,0.07041536212263805,0.11405546389631581,0.147854727648726,0.14118203509636096,0.12616184153708473,0.08087403325270233,0.029833876940129022,0.12303880550674297,0.10085973031067222
2530,2,max_steps,3,3,0,1512.1146186251103,3500,1022.0,1214.0,0.08869570087794794,0.1,2.974459171295166,26.9527587890625,-245.0042724609375,499.61212158203125,1500.0,292.1592496361287,2665,-174.8500000000055,-105.19463101101042,0.0,0.43203274817860293,"{4: 52, 5: 36, 0: 139, 1: 16, 2: 21, 3: 2, 6: 84}","{1: 19, 2: 71, 3: 164, 5: 42, 4: 11, 0: 9, 6: 34}","{1: 116, 2: 141, 0: 93}","{1: 221, 0: 66, 2: 63}","{1: 216, 2: 81, 0: 53}","{1: 262, 2: 42, 0: 46}",0.07648332251217632,0.02299837708943231,0.08495785281208312,0.06418907005042995,0.1375258495103605,0.11217889955216293,0.16481036142104777,0.14997158509965242,0.1638300582194183,0.02963863900023792,0.22845682009014226,0.08633052408603732
2540,2,crash,3,4,1,1064.9265200176633,3373,817.25,478.5,0.0878127245508276,0.1,2.996281623840332,27.069246292114258,-245.0042724609375,497.12060546875,2000.0,256.2105444488931,1994,-168.45000000000405,-22.83402443122773,-1000.0,0.31572087756230754,"{3: 23, 0: 51, 1: 48, 2: 148, 4: 21, 5: 40, 6: 6}","{5: 14, 4: 44, 0: 28, 1: 6, 2: 34, 3: 199, 6: 12}","{1: 180, 0: 97, 2: 60}","{1: 225, 2: 58, 0: 54}","{1: 215, 0: 78, 2: 44}","{1: 213, 0: 60, 2: 64}",0.04472812222798615,0.02242160556079175,0.07386337216257743,0.08860494284916906,0.1660331845267578,0.11121884978823761,0.22034514385158577,0.23545164973322166,0.1649515636075408,0.10071959255449962,0.1828876865939826,0.10285071786381814
2550,2,crash,3,1,1,-788.2513813756791,1825,607.0,607.0,0.08693853835881574,0.1,3.0239524841308594,27.20977210998535,-245.0042724609375,497.53466796875,500.0,112.50987918522789,1336,-91.19999999999696,-309.5612605609077,-1000.0,-0.43191856513735843,"{0: 22, 1: 10, 2: 26, 3: 15, 4: 109}","{4: 30, 3: 121, 0: 7, 1: 9, 2: 15}","{1: 86, 0: 83, 2: 13}","{1: 93, 2: 35, 0: 54}","{1: 135, 0: 47}","{1: 135, 0: 25, 2: 22}",0.05326752374263928,0.029142652825247528,0.06645949720435906,0.06964723452161717,0.11226630539625577,0.10742043609664396,0.1506610415281675,0.11733185042132271,0.07037655944963093,0.10075994221991368,0.12172839753856088,0.09611937054324236
2560,2,crash,3,3,1,636.2174059031687,3302,904.3333333333334,990.0,0.08607305479506433,0.1,3.0542261600494385,27.310449600219727,-245.0042724609375,500.7201843261719,1500.0,345.3751780176045,2771,-164.95000000000326,-44.20777211442634,-1000.0,0.1926763797405114,"{6: 46, 5: 29, 4: 84, 3: 5, 1: 37, 2: 48, 0: 81}","{2: 64, 3: 186, 4: 20, 0: 15, 1: 12, 6: 27, 5: 6}","{1: 124, 2: 84, 0: 122}","{1: 197, 0: 69, 2: 64}","{1: 189, 2: 56, 0: 85}","{1: 233, 0: 50, 2: 47}",0.061060185860123406,0.023291170389430314,0.08326464981444359,0.08958626848843765,0.14780411347296188,0.12948584834187343,0.19012859888457098,0.15409722890164068,0.10368655416691654,0.02946652786820291,0.13181761707892903,0.11547369175473755
2570,2,max_steps,3,4,0,2011.0652133380825,3500,734.75,634.5,0.08521618722386658,0.1,3.0674595832824707,27.449302673339844,-245.0042724609375,495.7948913574219,2000.0,341.77066199939975,2886,-174.8000000000055,-155.90544866131566,0.0,0.5745900609537379,"{0: 19, 1: 55, 2: 49, 3: 14, 5: 35, 6: 117, 4: 61}","{2: 79, 3: 232, 5: 8, 4: 10, 0: 15, 1: 6}","{1: 115, 0: 112, 2: 123}","{1: 238, 0: 80, 2: 32}","{1: 187, 0: 77, 2: 86}","{1: 234, 0: 54, 2: 62}",0.07947882443980073,0.022537281847913863,0.09430423297319021,0.0927929260902363,0.15140750196531874,0.08653676118774693,0.2182203474309885,0.1292882849689285,0.1159928753987512,0.023975555640894933,0.13944154557496977,0.1023071910467427
2580,2,crash,3,3,1,635.492444426323,1903,560.0,525.0,0.08436784987198447,0.1,3.0817973613739014,27.616207122802734,-245.0042724609375,504.2715148925781,1500.0,254.265897806521,1471,-94.99999999999675,-23.773453380192425,-1000.0,0.3339424300716358,"{5: 29, 4: 71, 3: 11, 0: 55, 1: 10, 2: 14}","{1: 3, 2: 67, 3: 82, 4: 36, 5: 2}","{1: 57, 2: 62, 0: 71}","{1: 119, 0: 35, 2: 36}","{1: 68, 2: 47, 0: 75}","{1: 123, 2: 36, 0: 31}",0.09860845077040531,0.028302752448004842,0.12123811796495942,0.08806464187800686,0.259494479005133,0.09676407698170461,0.2839214607135072,0.12742409520869924,0.2615094823635849,0.07831194463167604,0.22349640979771968,0.1039288284710632
2590,2,crash,3,1,1,-538.4646675866593,616,289.0,289.0,0.08352795782006289,0.1,3.084426164627075,27.765743255615234,-245.0042724609375,504.2715148925781,500.0,36.29640156664118,420,-30.750000000000302,-44.01106915330145,-1000.0,-0.874130953874447,"{2: 31, 3: 10, 4: 8, 5: 7, 6: 5}","{4: 12, 3: 37, 6: 2, 5: 10}","{1: 18, 0: 43}","{1: 29, 2: 32}","{1: 24, 0: 35, 2: 2}","{1: 38, 0: 7, 2: 16}",0.11635649539762616,0.043702334976664585,0.13210659863496993,0.0903817680897405,0.24583598983073587,0.15336646552491343,0.23780345893553342,0.24870372832774978,0.11115406358842711,0.01981336456694165,0.19293060029566675,0.09556067357411506
2600,2,success,3,5,0,2770.250045676106,3471,694.2,686.0,0.08269642699412907,0.1,3.100433588027954,27.87939453125,-245.0042724609375,505.2984619140625,2500.0,443.5500456761174,2931,-173.30000000000516,0.0,0.0,0.7981129489127358,"{5: 70, 4: 130, 3: 47, 0: 35, 1: 7, 2: 19, 6: 39}","{4: 23, 3: 134, 2: 100, 0: 43, 1: 14, 6: 23, 5: 10}","{1: 97, 2: 164, 0: 86}","{1: 156, 2: 72, 0: 119}","{1: 151, 2: 125, 0: 71}","{1: 233, 2: 50, 0: 64}",0.09458271338275956,0.03282284859834582,0.11481760460115144,0.08990600909493121,0.21631726957140968,0.13490676737536286,0.23809781229078733,0.19799688692177736,0.175993370203051,0.027220905057023785,0.20020904295989325,0.10672847511639971
2610,2,crash,3,1,1,-502.8032190981384,587,405.0,405.0,0.08187317415717671,0.1,3.0990333557128906,28.058122634887695,-289.558837890625,504.2715148925781,500.0,58.65212257252576,462,-29.30000000000028,-32.1553416706644,-1000.0,-0.8565642574073908,"{1: 30, 2: 10, 3: 8, 4: 10}","{4: 8, 3: 32, 1: 18}","{1: 19, 0: 39}","{1: 31, 2: 10, 0: 17}","{1: 23, 0: 35}","{1: 33, 0: 9, 2: 16}",0.14073109820154955,0.028568025724068996,0.158077390259657,0.09440378273324548,0.24759593189144635,0.0680271846952762,0.2949227044549069,0.22817338492017367,0.23730634247134785,0.0015517416572978135,0.3099636377356277,0.059413081139438405
2620,2,crash,3,2,1,99.50848825272806,2108,736.5,736.5,0.08105811690083388,0.1,3.1123409271240234,28.195354461669922,-289.558837890625,502.8671875,1000.0,239.67211452783866,1357,-105.29999999999616,-34.86362627510225,-1000.0,0.04720516520527897,"{6: 75, 5: 20, 4: 11, 0: 85, 1: 8, 2: 10, 3: 1}","{2: 39, 3: 82, 6: 20, 5: 10, 4: 14, 0: 39, 1: 6}","{1: 44, 2: 69, 0: 97}","{1: 88, 0: 65, 2: 57}","{1: 47, 2: 66, 0: 97}","{1: 103, 0: 53, 2: 54}",0.12183944356801663,0.03813781861225894,0.16577747984868826,0.10425724995014667,0.21246899180477472,0.14689078206376158,0.26536721726442614,0.3091487736084718,0.21774111152508402,0.009785893483335067,0.280956693751642,0.09726084039871569
2630,2,crash,3,1,1,-491.7513011342235,651,459.0,459.0,0.08025117363711386,0.1,3.1178433895111084,28.31624984741211,-289.558837890625,501.44073486328125,500.0,78.18429843482873,509,-32.50000000000029,-37.43559956905263,-1000.0,-0.7553783427561037,"{0: 23, 1: 9, 2: 12, 3: 1, 5: 9, 6: 11}","{1: 2, 2: 21, 3: 22, 6: 20}","{1: 13, 0: 52}","{1: 29, 0: 18, 2: 18}","{1: 18, 0: 47}","{1: 47, 0: 12, 2: 6}",0.1388700172454738,0.043702334976664585,0.14407211422177554,0.0719850029002298,0.16397462671695717,0.12839405225246017,0.20086149087673077,0.14953861392895723,0.158728807400706,0.0058314789696141634,0.12676000976758667,0.12204574837841979
2640,2,crash,3,3,1,553.8432898333818,2579,786.0,723.0,0.07945226359024811,0.1,3.126523494720459,28.482303619384766,-289.558837890625,500.6641845703125,1500.0,228.94185424268997,1642,-128.79999999999504,-46.298564409294514,-1000.0,0.21475117868684834,"{2: 93, 3: 2, 4: 12, 5: 18, 6: 62, 1: 42, 0: 28}","{0: 10, 1: 18, 2: 34, 3: 136, 4: 28, 6: 14, 5: 17}","{1: 95, 0: 101, 2: 61}","{1: 135, 0: 52, 2: 70}","{1: 116, 0: 83, 2: 58}","{1: 158, 0: 46, 2: 53}",0.08884961586681202,0.027643702906303167,0.11486563833576169,0.08908087572183507,0.22432258419645337,0.10297040579294166,0.26863875877950966,0.2719502101449443,0.26165585226784194,0.011020534623338393,0.34238306473703684,0.11444544656124073
2650,2,crash,3,2,1,50.341401129246265,1269,567.0,567.0,0.07866130678860052,0.1,3.128603219985962,28.634456634521484,-289.558837890625,500.6641845703125,1000.0,139.2236014535878,830,-63.34999999999854,-25.532200324340728,-1000.0,0.03967013485362196,"{4: 57, 3: 2, 0: 42, 1: 5, 2: 7, 6: 13}","{1: 8, 2: 41, 3: 64, 6: 13}","{1: 54, 2: 28, 0: 44}","{1: 69, 0: 39, 2: 18}","{1: 58, 2: 19, 0: 49}","{1: 99, 2: 10, 0: 17}",0.08394391028633895,0.024438720625646608,0.1203760569756582,0.06760404209788273,0.2785565529096153,0.07875189077393138,0.31347306198447505,0.17969320287184423,0.2752364447077427,0.01319514032646444,0.22887170174294602,0.09095694998007782
2660,2,max_steps,3,4,0,2161.7311540621895,3500,857.25,743.0,0.07787822405666225,0.1,3.1373119354248047,28.765357971191406,-289.558837890625,500.0196533203125,2000.0,443.8650212468443,2876,-174.8000000000055,-107.33386718464631,0.0,0.617637472589197,"{5: 23, 4: 45, 3: 5, 0: 156, 1: 24, 2: 25, 6: 72}","{2: 84, 3: 226, 4: 32, 6: 8}","{1: 95, 2: 105, 0: 150}","{1: 247, 0: 67, 2: 36}","{1: 160, 2: 75, 0: 115}","{1: 237, 2: 51, 0: 62}",0.08823405376110903,0.016358484720857554,0.10713732047808779,0.09152670539513072,0.19276503399214637,0.0424775421929614,0.23173208869875064,0.12153077360666319,0.16361826109826855,0.022069001171094497,0.13212346308774986,0.13083010179357438
2670,2,max_steps,3,3,0,1731.969996732327,3500,633.3333333333334,667.0,0.07710293700712612,0.1,3.1708879470825195,28.87505531311035,-289.558837890625,503.44287109375,1500.0,406.98312820836856,2776,-174.8500000000055,-0.16313147602312728,0.0,0.49484857049495057,"{2: 156, 3: 6, 6: 51, 5: 7, 4: 8, 0: 107, 1: 15}","{6: 7, 5: 31, 4: 29, 3: 153, 0: 49, 1: 32, 2: 49}","{1: 150, 0: 128, 2: 72}","{1: 172, 2: 73, 0: 105}","{1: 199, 0: 87, 2: 64}","{1: 226, 0: 55, 2: 69}",0.06366927969843587,0.030339064290025638,0.07923608789437078,0.08911825323585051,0.2117413552635984,0.12835089606113173,0.25943449870603785,0.17760533053140742,0.09017901207962896,0.05061266041191838,0.10705795445496027,0.10191587628878827
2680,2,crash,3,4,1,1050.7410690333586,3057,690.5,673.5,0.07633536803303995,0.1,3.1968777179718018,29.008474349975586,-289.558837890625,525.653076171875,2000.0,255.68192344304376,2423,-152.65000000000046,-52.29085440967562,-1000.0,0.3437164111983509,"{4: 145, 5: 19, 3: 8, 2: 71, 0: 56, 1: 6}","{2: 66, 3: 125, 5: 36, 4: 54, 0: 18, 1: 6}","{1: 182, 2: 47, 0: 76}","{1: 155, 0: 60, 2: 90}","{1: 234, 2: 22, 0: 49}","{1: 255, 2: 13, 0: 37}",0.0395293748383229,0.029829159912921815,0.0499271642283245,0.056528384599146136,0.1861331909333535,0.11952162904619522,0.21818090414852842,0.1225910473587239,0.10562429675461434,0.05739684835344097,0.1591082292725349,0.0931414473885535
2690,2,crash,3,1,1,-518.2324259927045,693,486.0,486.0,0.07557544030003806,0.1,3.205113649368286,29.188106536865234,-289.558837890625,514.8792114257812,500.0,59.058411948663,485,-34.60000000000017,-42.69083794136844,-1000.0,-0.7478101385176111,"{6: 14, 5: 22, 4: 11, 3: 1, 0: 21}","{4: 11, 3: 53, 2: 5}","{1: 24, 2: 45}","{1: 42, 2: 27}","{1: 33, 2: 36}","{1: 49, 2: 3, 0: 17}",0.10978840679310156,0.026985116824008937,0.10924753821839714,0.0820678775154311,0.2122441928406811,0.10873957614583477,0.24101107741452904,0.16543325593978836,0.20533884965815666,0.017058284754214482,0.24547940549727648,0.015014541445472969
2700,2,crash,3,1,1,-500.9775034855715,554,405.0,405.0,0.07482307773865017,0.1,3.2018580436706543,29.307186126708984,-289.558837890625,528.4373168945312,500.0,76.27967810033692,404,-27.650000000000258,-49.60718158590886,-1000.0,-0.9042915225371326,"{0: 24, 1: 7, 2: 8, 3: 1, 4: 2, 5: 9, 6: 4}","{2: 3, 3: 52}","{1: 11, 0: 44}","{1: 51, 0: 4}","{1: 20, 0: 35}","{1: 36, 0: 7, 2: 12}",0.14317475465745086,0.01108930816839283,0.15313507562830267,0.09401453597748108,0.23879221114181357,0.02766701502606614,0.2729765481979307,0.21694699551554394,0.24411497569403715,0.001487961488926498,0.21563117987342942,0.23511139800180592
2710,2,max_steps,3,3,0,1543.2644778843064,3500,820.6666666666666,839.0,0.07407820503668659,0.1,3.2103817462921143,29.41681671142578,-289.558837890625,525.104736328125,1500.0,343.838999437314,2611,-174.8500000000055,-125.7245215529987,0.0,0.44093270796694467,"{6: 78, 5: 88, 4: 44, 3: 20, 0: 95, 1: 14, 2: 11}","{6: 5, 5: 7, 4: 8, 3: 174, 1: 16, 2: 140}","{1: 96, 2: 104, 0: 150}","{1: 229, 2: 28, 0: 93}","{1: 166, 2: 85, 0: 99}","{1: 193, 2: 87, 0: 70}",0.08989977820117542,0.021194024890454827,0.10479693002190144,0.09786659542774609,0.1510986496975095,0.07369102069794507,0.20050030698827187,0.18094380897561213,0.17335645042062411,0.019308607649388673,0.11017191822271373,0.295860212059483
2720,2,success,3,5,0,2678.290673514707,3469,693.8,806.0,0.07334074763169954,0.1,3.225677490234375,29.5344295501709,-289.558837890625,515.814453125,2500.0,351.4906735147119,2221,-173.20000000000513,0.0,0.0,0.7720641895401289,"{2: 119, 1: 86, 3: 11, 4: 40, 5: 27, 6: 42, 0: 21}","{0: 30, 1: 24, 2: 70, 3: 144, 6: 24, 5: 29, 4: 25}","{1: 143, 2: 98, 0: 105}","{1: 170, 0: 91, 2: 85}","{1: 188, 2: 84, 0: 74}","{1: 238, 0: 50, 2: 58}",0.07182470221184534,0.030593387981955197,0.09163743777550395,0.06935970786457818,0.20955289279240275,0.1412365805043698,0.23158194411662308,0.20304412816341383,0.24029235240260735,0.1243370310308805,0.2633714118917895,0.12235591803568445
2730,2,crash,3,1,1,-578.170285731366,837,311.0,311.0,0.07261063170351933,0.1,3.2263388633728027,29.665815353393555,-289.558837890625,511.360107421875,500.0,27.593639371855282,333,-41.79999999999976,-63.96392510322394,-1000.0,-0.6907649769789319,"{2: 30, 3: 3, 4: 10, 5: 13, 6: 27}","{4: 1, 3: 40, 0: 18, 1: 9, 2: 15}","{1: 18, 0: 65}","{1: 32, 2: 1, 0: 50}","{1: 44, 0: 39}","{1: 62, 0: 6, 2: 15}",0.07727760083406074,0.04166495020954952,0.0920477870755499,0.0932096003445454,0.18363539212451835,0.11559775431212466,0.22725557927740964,0.15098537450026586,0.16506878191999674,0.02267732597409275,0.25393714346345,0.09710199362956684
2740,2,crash,3,2,1,72.65771164667046,1576,344.0,344.0,0.07188778416686493,0.1,3.2373361587524414,29.847660064697266,-289.558837890625,520.3649291992188,1000.0,183.33918259461817,981,-78.69999999999767,-31.981470947935502,-1000.0,0.04610260891286197,"{5: 45, 4: 16, 0: 26, 1: 5, 2: 7, 6: 58}","{4: 6, 3: 65, 2: 47, 0: 27, 1: 12}","{1: 28, 2: 58, 0: 71}","{1: 89, 2: 14, 0: 54}","{1: 37, 2: 54, 0: 66}","{1: 70, 2: 47, 0: 40}",0.11910487176545706,0.027950283514885044,0.14823518197552485,0.1129028708931577,0.2643008244915915,0.08410599109830619,0.3193882356943824,0.2526568539435271,0.28875304772372096,0.026068231990838422,0.2640041154347208,0.10741880503714281
2750,2,crash,3,2,1,10.27948269021067,1082,477.5,477.5,0.07117213266402804,0.1,3.241243362426758,29.96125030517578,-289.558837890625,521.7921142578125,1000.0,97.32474984349479,950,-53.99999999999907,-33.045267153282936,-1000.0,0.009500446109252006,"{5: 28, 4: 62, 3: 5, 0: 13}","{1: 15, 2: 46, 3: 15, 5: 11, 4: 12, 0: 9}","{1: 46, 2: 62}","{1: 44, 0: 38, 2: 26}","{1: 57, 2: 51}","{1: 87, 2: 8, 0: 13}",0.06830342958972344,0.031353781246644424,0.09159617968757369,0.08013382442837907,0.1638817881718708,0.10893149163423609,0.16386236371374954,0.10545591639642456,0.0444549707344905,0.03264554060914159,0.10996780385328968,0.09961179041656375
2760,2,crash,3,1,1,-461.83662308703083,541,458.0,458.0,0.07046360555762993,0.1,3.2418830394744873,30.078197479248047,-289.558837890625,525.056396484375,500.0,86.78366532820716,454,-27.00000000000025,-21.62028841523819,-1000.0,-0.8536721313993176,"{0: 31, 1: 7, 2: 7, 6: 9}","{1: 7, 2: 13, 3: 25, 6: 9}","{1: 18, 0: 36}","{1: 32, 0: 22}","{1: 14, 0: 40}","{1: 39, 0: 9, 2: 6}",0.15827245457088263,0.022765982157934704,0.2149819162150418,0.07667555566093681,0.2624460581617302,0.12495868542490023,0.2934861432298651,0.20050257855338277,0.2689164092341354,0.0023950766217071115,0.27151298608679586,0.033591131184610414
2770,2,crash,3,2,1,92.17815960155713,1913,896.5,896.5,0.06976213192345067,0.1,3.237846612930298,30.198694229125977,-289.558837890625,515.3112182617188,1000.0,226.67300523877043,1610,-95.54999999999671,-38.944845637215224,-1000.0,0.048185133090202364,"{5: 18, 4: 22, 0: 120, 1: 14, 2: 11, 3: 6}","{5: 6, 4: 9, 3: 137, 2: 27, 0: 12}","{1: 34, 2: 44, 0: 113}","{1: 147, 2: 27, 0: 17}","{1: 71, 2: 35, 0: 85}","{1: 131, 2: 23, 0: 37}",0.10455198795817,0.013919144365888276,0.1135316185084145,0.08708615683731766,0.20386862581178852,0.07400743312627736,0.23618563779726456,0.16477253555290738,0.2143549070994809,0.019903219032540213,0.27330350941356263,0.059361079662679256
2780,2,success,3,5,0,2724.874736641744,2912,582.4,697.0,0.06906764154332935,0.1,3.262995958328247,30.31462860107422,-289.558837890625,516.8657836914062,2500.0,370.2247366417643,2271,-145.3499999999988,0.0,0.0,0.9357399507698297,"{3: 25, 6: 67, 5: 70, 4: 38, 0: 68, 1: 13, 2: 10}","{5: 20, 4: 22, 3: 94, 2: 83, 0: 29, 1: 18, 6: 25}","{1: 88, 2: 103, 0: 100}","{1: 141, 2: 68, 0: 82}","{1: 133, 2: 90, 0: 68}","{1: 190, 2: 52, 0: 49}",0.09502765009196573,0.03171882766590355,0.1121078734569713,0.09305334270734583,0.17847636013927487,0.11988541984697765,0.2212668185832091,0.14425121821692355,0.19309029364594268,0.1632554025137197,0.15657547005951722,0.18184061968893098
2790,2,crash,3,1,1,-490.8305089760266,697,458.0,458.0,0.06838006489813536,0.1,3.2743687629699707,30.449899673461914,-289.558837890625,516.8657836914062,500.0,110.47227495471068,696,-34.80000000000016,-66.50278393073744,-1000.0,-0.7042044605107985,"{6: 22, 5: 10, 4: 20, 3: 17}","{6: 9, 5: 5, 4: 8, 3: 23, 0: 24}","{1: 16, 2: 53}","{1: 22, 2: 26, 0: 21}","{1: 23, 2: 46}","{1: 44, 2: 7, 0: 18}",0.14080295278381819,0.07197166988436682,0.14195297593551115,0.09026290625437895,0.16092537712708452,0.18159662696943474,0.19737357989889107,0.1932301257318461,0.15145371164918683,0.020038326382477108,0.15347514219340538,0.06813779250703335
2800,2,max_steps,3,4,0,2185.569387459061,3500,620.0,627.0,0.06769933316080921,0.1,3.3077170848846436,30.579404830932617,-289.558837890625,512.645263671875,2000.0,360.3693874590808,2293,-174.8000000000055,0.0,0.0,0.6244483964168746,"{3: 29, 4: 110, 5: 24, 6: 135, 2: 15, 1: 34, 0: 3}","{1: 34, 2: 120, 6: 19, 5: 8, 4: 12, 3: 155, 0: 2}","{1: 92, 0: 132, 2: 126}","{1: 187, 0: 106, 2: 57}","{1: 165, 0: 72, 2: 113}","{1: 267, 0: 43, 2: 40}",0.092613255950437,0.029415188877822143,0.10903931362883168,0.07760439888970061,0.18947516399549189,0.10965445604734374,0.24494294836110397,0.1722496758330426,0.20285262655655198,0.16393074973422292,0.21941690025662647,0.12882973485268667
2810,2,crash,3,1,1,-492.82655927538826,478,321.0,321.0,0.06702537818947321,0.1,3.3249356746673584,30.722972869873047,-289.558837890625,512.5379638671875,500.0,55.82416552713122,320,-23.850000000000204,-24.800724802520122,-1000.0,-1.0310179064338667,"{0: 7, 1: 15, 2: 9, 3: 1, 6: 15}","{4: 11, 3: 36}","{1: 9, 0: 38}","{1: 21, 2: 12, 0: 14}","{1: 9, 0: 38}","{1: 25, 0: 9, 2: 13}",0.18080290049986064,0.033984971950300716,0.2120033902635706,0.08996164261264655,0.2659196538565183,0.1056139899506856,0.31618405125422017,0.23554688173905822,0.2511500217407076,0.000794846707671955,0.3250837676315993,0.0595090910786308
2820,2,crash,3,4,1,969.3711528031888,3154,649.25,664.0,0.06635813252061007,0.1,3.329394817352295,30.81622886657715,-289.558837890625,508.8733215332031,2000.0,299.765088098762,2496,-157.50000000000156,-172.8939352955653,-1000.0,0.3073465925184492,"{3: 14, 2: 70, 6: 53, 5: 63, 4: 26, 0: 84, 1: 5}","{6: 7, 5: 6, 4: 43, 3: 135, 2: 69, 0: 24, 1: 31}","{1: 144, 0: 101, 2: 70}","{1: 176, 2: 48, 0: 91}","{1: 201, 0: 69, 2: 45}","{1: 245, 2: 27, 0: 43}",0.05816644808558905,0.028081358203721814,0.06524581615393234,0.06118931862676585,0.18043838253926575,0.12459802015284227,0.21345846730182386,0.15872859407168002,0.14580860797919643,0.03429605058036136,0.2001651770427992,0.10210631703380738
2830,2,crash,3,3,1,595.383370762428,1463,453.3333333333333,389.0,0.06569752936230998,0.1,3.3490166664123535,30.957990646362305,-289.558837890625,510.1446533203125,1500.0,198.64017178900139,1280,-72.999999999998,-30.25680102657199,-1000.0,0.4069606088601695,"{4: 64, 3: 11, 0: 49, 1: 5, 2: 6, 5: 4, 6: 7}","{4: 7, 3: 69, 2: 49, 1: 10, 6: 11}","{1: 53, 2: 41, 0: 52}","{1: 90, 2: 19, 0: 37}","{1: 84, 2: 13, 0: 49}","{1: 115, 2: 19, 0: 12}",0.07140479226753828,0.028013515688074746,0.0809391053862474,0.07210727356186655,0.2859618551863235,0.11623690016819987,0.3138425602760969,0.19753782942461603,0.08408545667435195,0.03511235023959883,0.07698306649505171,0.10398027534055015
2840,2,crash,3,2,1,27.447253966244944,1018,457.0,457.0,0.0650435025875846,0.1,3.376408100128174,31.10272789001465,-289.558837890625,510.1446533203125,1000.0,103.96488794401188,815,-50.79999999999925,-25.717633977765075,-1000.0,0.02696193906310898,"{5: 26, 4: 64, 3: 1, 0: 10}","{0: 7, 1: 10, 2: 28, 3: 44, 4: 12}","{1: 45, 2: 56}","{1: 46, 0: 37, 2: 18}","{1: 51, 2: 50}","{1: 80, 2: 11, 0: 10}",0.0613549521270311,0.0371454305399464,0.09860799940536344,0.08978010493951397,0.19010441863817665,0.10786225632035856,0.21259541821314495,0.10415716515489384,0.1870887491290442,0.025944244175598204,0.22861819725978652,0.060957145002699685
2850,2,success,3,5,0,2583.015742469432,3452,690.4,480.0,0.06439598672774764,0.1,3.38077712059021,31.2471923828125,-289.558837890625,499.7191162109375,2500.0,446.3302007764681,2668,-172.35000000000494,-190.96445830702476,0.0,0.7482664375635667,"{1: 39, 2: 97, 3: 7, 6: 97, 5: 5, 4: 7, 0: 93}","{4: 61, 3: 168, 2: 72, 0: 26, 1: 18}","{1: 105, 0: 148, 2: 92}","{1: 188, 2: 65, 0: 92}","{1: 142, 0: 120, 2: 83}","{1: 211, 0: 69, 2: 65}",0.0922014449815091,0.02919648344428476,0.12917015890556766,0.093043392700014,0.24671742766723295,0.10533118746834502,0.2755505165310494,0.21307584928696166,0.2803777991784797,0.013283172277493618,0.27699606130587207,0.1239399182743667
2860,2,crash,3,1,1,-493.6070325336927,547,406.0,406.0,0.06375491696586144,0.1,3.373354196548462,31.378131866455078,-289.558837890625,500.1605224609375,500.0,58.61733703266942,405,-27.300000000000253,-24.924369566362756,-1000.0,-0.9023894561859098,"{6: 15, 5: 14, 4: 10, 3: 1, 0: 14}","{2: 30, 3: 24}","{1: 13, 2: 41}","{1: 45, 0: 7, 2: 2}","{1: 15, 2: 39}","{1: 43, 0: 11}",0.13592453574055574,0.019457652586746595,0.16243601827921417,0.08753833299096692,0.267704263589842,0.03356327021308544,0.2969520426194608,0.33577687044279186,0.2349245132623696,0.005993121845979096,0.3080179024051629,0.05683463104492896
2870,2,crash,3,2,1,61.666183242906754,1807,822.0,822.0,0.06312022913024874,0.1,3.3847503662109375,31.518888473510742,-289.558837890625,501.1549377441406,1000.0,187.94365888569007,1374,-90.24999999999702,-36.02747564278238,-1000.0,0.034126277389544414,"{1: 19, 2: 39, 3: 2, 6: 85, 5: 10, 4: 9, 0: 16}","{2: 16, 3: 101, 6: 33, 5: 6, 4: 8, 0: 16}","{1: 49, 0: 47, 2: 84}","{1: 107, 0: 36, 2: 37}","{1: 89, 0: 22, 2: 69}","{1: 141, 2: 16, 0: 23}",0.10332076799011966,0.02639239771510971,0.10092034600284272,0.07890408243653224,0.19871396244809844,0.14085664935262862,0.22627007313038655,0.10865150526055449,0.23556716280898263,0.02495012864682608,0.282383671689522,0.0985635272720754
2880,2,crash,3,3,1,587.3322977867731,2030,626.3333333333334,472.0,0.06249185968806898,0.1,3.39941668510437,31.67381477355957,-289.558837890625,512.9342651367188,1500.0,211.31187356017463,1407,-101.34999999999638,-22.629575773390762,-1000.0,0.2893262550673759,"{2: 47, 4: 38, 5: 63, 3: 25, 6: 14, 0: 16}","{4: 32, 3: 105, 0: 18, 1: 6, 2: 42}","{1: 54, 0: 62, 2: 87}","{1: 124, 2: 33, 0: 46}","{1: 62, 0: 50, 2: 91}","{1: 113, 0: 47, 2: 43}",0.12010989634013665,0.025902386164047934,0.1594479884836096,0.09429224176445355,0.24358743423902515,0.14265554871557753,0.29036522189324876,0.19172680540152467,0.23885332973791867,0.0617232130670093,0.3086010154259503,0.10990879407150912
2890,2,success,3,5,0,2575.5347618182227,3474,694.8,563.0,0.061869745738958655,0.1,3.418213129043579,31.78110122680664,-289.558837890625,505.1734313964844,2500.0,360.5742026037976,2671,-173.4500000000052,-111.58944078555645,0.0,0.7413744276966674,"{3: 21, 5: 59, 4: 46, 0: 160, 1: 28, 2: 33}","{0: 4, 1: 8, 2: 20, 3: 239, 6: 8, 5: 11, 4: 57}","{1: 93, 2: 105, 0: 149}","{1: 244, 0: 28, 2: 75}","{1: 176, 2: 68, 0: 103}","{1: 285, 2: 14, 0: 48}",0.09871326777144489,0.019681834622511923,0.0984744575434288,0.06684492103842793,0.14509181733737742,0.0954786788593966,0.16261602713874057,0.11881949621297516,0.14412214334439238,0.056389404893025144,0.20212119491861447,0.09050827043230947
2900,2,success,3,5,0,2661.5399257046724,2645,529.0,552.0,0.06125382500873489,0.1,3.450852155685425,31.89828109741211,-289.558837890625,505.12353515625,2500.0,293.5399257046794,2236,-131.99999999999577,0.0,0.0,1.0062532800395736,"{4: 74, 3: 38, 0: 32, 1: 8, 2: 61, 5: 19, 6: 32}","{2: 114, 3: 74, 6: 27, 5: 6, 4: 8, 1: 24, 0: 11}","{1: 113, 2: 68, 0: 83}","{1: 117, 0: 102, 2: 45}","{1: 183, 2: 38, 0: 43}","{1: 210, 2: 23, 0: 31}",0.057507201347455135,0.03177455144435403,0.06713772826922265,0.07679190033222102,0.16316940096208352,0.1438346443321178,0.19509397391857417,0.10436404978822858,0.12562970235668314,0.09010375813644317,0.11261556986096846,0.09978792578757346
2910,2,success,3,5,0,2730.46136477429,3208,641.6,489.0,0.06064403584316182,0.1,3.469134569168091,32.02021026611328,-289.558837890625,518.338134765625,2500.0,546.8435856861634,2788,-160.15000000000217,-156.2322209118663,0.0,0.8511413231840056,"{3: 65, 0: 136, 1: 26, 2: 29, 6: 51, 5: 6, 4: 7}","{6: 29, 5: 12, 4: 22, 0: 32, 1: 4, 2: 52, 3: 169}","{1: 117, 0: 145, 2: 58}","{1: 192, 2: 73, 0: 55}","{1: 154, 0: 114, 2: 52}","{1: 258, 0: 38, 2: 24}",0.0911474907427973,0.01980644041032222,0.10386890578322167,0.06230494208111609,0.19672598969491123,0.1735216492074362,0.22577033520724757,0.1066829895431103,0.195201516319428,0.1904852117227525,0.20445304144300805,0.10659313608653337
2920,2,crash,3,1,1,-523.4910165136072,975,687.0,687.0,0.06004031720177882,0.1,3.482889413833618,32.1090087890625,-289.558837890625,526.9907836914062,500.0,72.12376358753176,686,-48.69999999999937,-46.91478010114039,-1000.0,-0.5369138630908792,"{0: 18, 1: 12, 2: 35, 3: 3, 6: 29}","{5: 6, 4: 10, 3: 56, 2: 25}","{1: 29, 0: 68}","{1: 67, 2: 19, 0: 11}","{1: 50, 0: 47}","{1: 86, 0: 9, 2: 2}",0.09587923349141167,0.023357103653373706,0.09752512620753204,0.08075721822184279,0.11507306618169655,0.13510063272124617,0.15000833055197232,0.10080944230649508,0.09517287395223918,0.02518933674954069,0.1481379817216668,0.0890514890567583
2930,2,success,3,5,0,2660.7296451380453,2633,526.6,619.0,0.05944260865179039,0.1,3.5003976821899414,32.27661895751953,-289.558837890625,524.9779663085938,2500.0,328.41411817283273,2062,-131.39999999999563,-36.28447303477996,0.0,1.010531578100283,"{3: 19, 4: 91, 0: 71, 1: 13, 2: 12, 5: 46, 6: 11}","{5: 19, 4: 30, 0: 15, 1: 7, 2: 36, 3: 152, 6: 4}","{1: 101, 2: 75, 0: 87}","{1: 153, 2: 54, 0: 56}","{1: 139, 2: 59, 0: 65}","{1: 240, 2: 7, 0: 16}",0.09019095023026337,0.028149767393558726,0.09260478248152923,0.04069799831241462,0.1658777164906533,0.12648923570832182,0.2380536234852463,0.09864128975210817,0.19268201412326,0.17346538846075624,0.25718569714577766,0.0850228950288564
2940,2,crash,3,3,1,663.1494392431179,2415,756.0,658.0,0.058850850362016746,0.1,3.5064172744750977,32.40420150756836,-289.558837890625,521.1043090820312,1500.0,308.98850538326246,1906,-120.59999999999529,-25.239066140132508,-1000.0,0.27459604109445873,"{6: 103, 5: 28, 4: 27, 3: 3, 0: 58, 1: 12, 2: 10}","{2: 93, 3: 108, 5: 11, 6: 6, 4: 8, 1: 15}","{1: 38, 2: 131, 0: 72}","{1: 166, 0: 46, 2: 29}","{1: 81, 2: 110, 0: 50}","{1: 196, 0: 25, 2: 20}",0.11428979771871067,0.02396706075998785,0.11990743676293475,0.06355978193101802,0.21876385312524854,0.04012909394611274,0.2458053855215686,0.1454570659259043,0.21951103311404147,0.02245903475212131,0.28724994039316215,0.1063852637794173
2950,2,crash,3,2,1,-185.90764362207653,1620,342.5,342.5,0.05826498309690468,0.1,3.5199167728424072,32.53101348876953,-289.558837890625,515.927490234375,1000.0,122.21462729099945,1189,-80.89999999999755,-227.22227091307715,-1000.0,-0.11475780470498552,"{4: 89, 3: 10, 0: 27, 1: 7, 2: 7, 5: 22}","{2: 20, 3: 109, 6: 12, 5: 9, 4: 12}","{1: 74, 2: 21, 0: 67}","{1: 99, 0: 16, 2: 47}","{1: 97, 2: 13, 0: 52}","{1: 107, 2: 25, 0: 30}",0.05862098643481564,0.02586001304276741,0.07594582452867024,0.08986981152326638,0.2362596401310936,0.11416140047805971,0.2626938689076917,0.15452895076904016,0.2771706269190653,0.007545147113637906,0.2673179168486245,0.10862487781291395
2960,2,max_steps,3,4,0,2113.09020388721,3500,864.5,913.5,0.05768494821059799,0.1,3.553422451019287,32.65633010864258,-289.558837890625,505.39849853515625,2000.0,391.9262004767583,2608,-174.8000000000055,-104.03599658952926,0.0,0.6037400582534885,"{0: 32, 1: 25, 2: 41, 3: 33, 6: 96, 5: 49, 4: 74}","{2: 99, 3: 170, 6: 36, 5: 21, 4: 11, 1: 13}","{1: 57, 0: 126, 2: 167}","{1: 231, 0: 64, 2: 55}","{1: 118, 0: 93, 2: 139}","{1: 206, 0: 78, 2: 66}",0.11197316118705496,0.023774585269760506,0.1332689541542805,0.09532908070064013,0.20237002117697395,0.08768253160439372,0.25599244144346156,0.2680981885113271,0.1938307202163142,0.03871645879284806,0.24901260643781464,0.1098292209932535
2970,2,crash,3,1,1,-469.53835833362336,1036,943.0,943.0,0.05711068764106702,0.1,3.5632383823394775,32.76094055175781,-289.558837890625,511.5855407714844,500.0,103.88917812533597,717,-51.7499999999992,-21.67753645895953,-1000.0,-0.4532223536038836,"{6: 53, 5: 32, 4: 8, 3: 1, 0: 9}","{2: 40, 3: 54, 6: 5, 5: 4}","{1: 27, 2: 60, 0: 16}","{1: 71, 0: 21, 2: 11}","{1: 36, 2: 52, 0: 15}","{1: 67, 0: 21, 2: 15}",0.08543814987414942,0.02670465103898849,0.12671954231257357,0.07880479914250044,0.24277286570584447,0.04036454635545435,0.2632096102913008,0.2417385657802372,0.25231886231992284,0.006419553516281018,0.2751931466482318,0.007797543572153981
2980,2,crash,3,1,1,-517.7089567504336,589,399.0,399.0,0.05654214390429655,0.1,3.561009168624878,32.891075134277344,-289.558837890625,505.9479064941406,500.0,65.76182589508976,388,-29.400000000000283,-54.07078264552417,-1000.0,-0.8789625751280706,"{0: 21, 1: 9, 2: 9, 3: 4, 4: 12, 5: 3}","{3: 33, 2: 6, 0: 4, 1: 15}","{1: 12, 0: 46}","{1: 41, 0: 17}","{1: 22, 0: 36}","{1: 30, 0: 8, 2: 20}",0.1336293689298288,0.014500026275885269,0.1438544372361574,0.09942079154765915,0.23051645656855044,0.06101780905103146,0.2701728735052979,0.1869393646680531,0.23868955207564566,0.01074496512890914,0.24633962462253867,0.1052276099227002
2990,2,crash,3,2,1,77.16437516896087,1171,518.5,518.5,0.05597926008853162,0.1,3.570814847946167,33.02987289428711,-289.558837890625,503.25018310546875,1000.0,176.4480449002207,911,-58.449999999998816,-40.83366973125966,-1000.0,0.06589613592567112,"{1: 20, 2: 14, 6: 54, 5: 7, 4: 8, 0: 14}","{2: 5, 3: 67, 5: 18, 6: 5, 4: 8, 0: 14}","{1: 25, 0: 29, 2: 63}","{1: 79, 0: 15, 2: 23}","{1: 41, 0: 20, 2: 56}","{1: 76, 0: 26, 2: 15}",0.13638748274208465,0.02265794165181939,0.14993199612445327,0.0761598671162408,0.2345672136991952,0.13488556912448182,0.2485026657414901,0.20477811675095386,0.24946243150590908,0.004689717370566687,0.22077963905939904,0.22128512520608634
3000,2,success,3,5,0,2787.358488772028,3428,685.6,704.0,0.05542197984858062,0.1,3.599275588989258,33.17742919921875,-289.558837890625,514.7232055664062,2500.0,472.38370303317987,2658,-171.15000000000467,-13.8752142611348,0.0,0.813115078404909,"{5: 29, 4: 42, 3: 5, 1: 16, 0: 146, 2: 15, 6: 89}","{3: 187, 0: 12, 1: 21, 2: 63, 4: 35, 6: 14, 5: 10}","{1: 63, 2: 144, 0: 135}","{1: 231, 0: 54, 2: 57}","{1: 115, 2: 122, 0: 105}","{1: 208, 2: 60, 0: 74}",0.10865674061060643,0.023209763861206562,0.1386006716900594,0.09257316123702175,0.229790926648268,0.10086408637178652,0.2572798014591117,0.23047305599169463,0.26518164965324853,0.02690443025387685,0.2476114142545557,0.21801795725128026
3010,2,success,3,5,0,2713.859454251604,3293,658.6,550.0,0.05487024740017508,0.1,3.602712631225586,33.26974105834961,-289.558837890625,516.5232543945312,2500.0,382.71683773133674,2588,-164.40000000000313,-4.457383479732345,0.0,0.8241298069394485,"{1: 58, 2: 26, 6: 97, 5: 23, 4: 83, 3: 5, 0: 37}","{5: 6, 4: 12, 3: 207, 0: 34, 1: 5, 2: 65}","{1: 132, 0: 84, 2: 113}","{1: 238, 2: 40, 0: 51}","{1: 180, 0: 73, 2: 76}","{1: 231, 0: 60, 2: 38}",0.07922904462662095,0.017900265676931704,0.08785272823623454,0.08738246082618298,0.21772779809178383,0.07729533219275106,0.26843796470621356,0.21464889946646343,0.13369263426059022,0.023607652570382914,0.1441284228770657,0.08853667154224547
3020,2,max_steps,3,4,0,2100.2515868358037,3500,820.5,802.0,0.05432400751438559,0.1,3.6130213737487793,33.361454010009766,-289.558837890625,511.8848571777344,2000.0,275.05158683581726,2852,-174.8000000000055,0.0,0.0,0.6000718819530868,"{1: 43, 2: 10, 3: 36, 4: 154, 5: 88, 6: 19}","{1: 35, 2: 103, 3: 156, 6: 24, 5: 6, 4: 14, 0: 12}","{1: 141, 0: 74, 2: 135}","{1: 204, 0: 100, 2: 46}","{1: 223, 0: 54, 2: 73}","{1: 246, 0: 43, 2: 61}",0.06460368399468944,0.02174553753617338,0.08350418187444805,0.08405562768472429,0.1586159382844037,0.1315257753042737,0.186222305296904,0.18444207257798304,0.1649102947535887,0.0163383783689748,0.18097075108981298,0.1303415357016201
3030,2,success,3,5,0,2633.9975153603664,2973,594.6,515.0,0.05378320551209333,0.1,3.6354422569274902,33.4672737121582,-289.558837890625,501.36029052734375,2500.0,316.6675395558842,2663,-148.3999999999995,-34.270024195515404,0.0,0.8859729281400492,"{1: 22, 2: 13, 4: 85, 5: 98, 6: 13, 3: 66}","{2: 31, 3: 156, 6: 21, 5: 26, 4: 30, 0: 29, 1: 4}","{1: 168, 0: 32, 2: 97}","{1: 160, 0: 56, 2: 81}","{1: 219, 0: 22, 2: 56}","{1: 199, 0: 44, 2: 54}",0.04160013209898152,0.024873999775086367,0.06285641766307787,0.08473490513035951,0.11587928189264639,0.19020778181196424,0.16251308186447116,0.15373876996472516,0.14975302296087611,0.13803474286652634,0.14038645339764305,0.11656352911226626
3040,2,max_steps,3,4,0,2164.574168526156,3500,654.25,705.5,0.05324778725851671,0.1,3.661381483078003,33.568328857421875,-289.558837890625,498.48162841796875,2000.0,387.3571372048268,2816,-174.8000000000055,-47.98296867865785,0.0,0.6184497624360445,"{4: 98, 3: 8, 1: 30, 0: 76, 2: 15, 5: 15, 6: 108}","{5: 14, 4: 30, 3: 193, 2: 38, 0: 23, 1: 7, 6: 45}","{1: 127, 2: 136, 0: 87}","{1: 219, 2: 73, 0: 58}","{1: 201, 2: 72, 0: 77}","{1: 229, 2: 62, 0: 59}",0.0685123822957397,0.02224440765473369,0.0901975927270334,0.09081801435286029,0.21743685240160385,0.15966337585318582,0.24472217417810765,0.18010393881259337,0.21345671169350364,0.017080799620959927,0.17513118922004806,0.18762032619832988
3050,2,max_steps,3,4,0,2240.836513223571,3500,645.75,554.5,0.05271769915779234,0.1,3.683218002319336,33.706695556640625,-289.558837890625,507.5968017578125,2000.0,415.63651322357975,2975,-174.8000000000055,0.0,0.0,0.6402390037781631,"{0: 47, 1: 53, 2: 40, 3: 7, 6: 171, 5: 15, 4: 17}","{4: 61, 3: 200, 2: 63, 0: 18, 1: 8}","{1: 72, 0: 120, 2: 158}","{1: 235, 2: 51, 0: 64}","{1: 159, 0: 93, 2: 98}","{1: 243, 0: 51, 2: 56}",0.09627039380294988,0.022795519373624944,0.10473367132838031,0.08145436052629178,0.17067676787992642,0.09967845820105924,0.21309910053588788,0.17477751292982308,0.2067019096038135,0.035085635621288025,0.2196370502671161,0.1969760553497079
3060,2,success,3,5,0,2658.5097307454407,2847,569.4,428.0,0.052192888147610056,0.1,3.69901180267334,33.843421936035156,-289.558837890625,509.786865234375,2500.0,310.9071732805805,2561,-142.09999999999806,-10.297442535129731,0.0,0.933793372232329,"{2: 80, 3: 18, 6: 51, 5: 43, 4: 63, 0: 4, 1: 25}","{6: 35, 5: 12, 4: 15, 3: 148, 0: 27, 1: 6, 2: 41}","{1: 133, 2: 76, 0: 75}","{1: 161, 2: 71, 0: 52}","{1: 195, 2: 54, 0: 35}","{1: 220, 2: 37, 0: 27}",0.05596460467498449,0.025932776204821338,0.0531672323946346,0.06715085787421218,0.13032437244586603,0.16413370096002827,0.17208860091445885,0.13490238213179476,0.09647549229629386,0.08951275607894117,0.11976822605453322,0.08780755813020022
3070,2,success,3,5,0,2814.4203627804127,3140,628.0,599.0,0.05167330169390138,0.1,3.7239813804626465,33.96673583984375,-289.558837890625,519.2643432617188,2500.0,471.1703627804308,2375,-156.7500000000014,0.0,0.0,0.8963122174459913,"{0: 97, 1: 47, 2: 38, 3: 4, 6: 92, 5: 15, 4: 21}","{3: 238, 2: 39, 5: 26, 4: 10, 1: 1}","{1: 49, 0: 149, 2: 116}","{1: 252, 2: 34, 0: 28}","{1: 102, 0: 106, 2: 106}","{1: 238, 0: 44, 2: 32}",0.11476504048320044,0.013146304431928022,0.14055008825785154,0.08169435290341154,0.23900522441352415,0.05166382653408136,0.2630672564634958,0.1604799239912557,0.2380217870796037,0.020570997971001592,0.2035143709300117,0.22357519047624297
3080,2,max_steps,3,2,0,565.4364400807183,3500,1688.5,1688.5,0.05115888778558077,0.1,3.742199659347534,34.016109466552734,-289.558837890625,508.2991943359375,1000.0,218.6971932431837,2051,-174.90000000000552,-478.36075316246763,0.0,0.16155326859449093,"{6: 69, 5: 23, 4: 22, 3: 5, 0: 186, 1: 18, 2: 27}","{2: 149, 3: 139, 6: 34, 5: 6, 4: 9, 1: 13}","{1: 198, 2: 74, 0: 78}","{1: 223, 0: 55, 2: 72}","{1: 260, 2: 44, 0: 46}","{1: 268, 0: 42, 2: 40}",0.044402529753061096,0.024291966101270383,0.05880923753771207,0.061210367841813204,0.10411757854210572,0.07260301504151505,0.12775336170170434,0.12872073041166376,0.10840554083603805,0.027092830783772268,0.07003974161917573,0.10210676642037014
3090,2,crash,3,2,1,54.44534726681297,1502,666.5,666.5,0.050649594929339264,0.1,3.7640371322631836,34.149314880371094,-289.558837890625,504.39434814453125,1000.0,236.97903952516893,1124,-74.99999999999788,-107.53369225835534,-1000.0,0.0362485667555346,"{6: 35, 5: 22, 4: 17, 3: 1, 0: 63, 1: 5, 2: 7}","{3: 129, 2: 4, 0: 10, 1: 7}","{1: 17, 2: 63, 0: 70}","{1: 128, 2: 13, 0: 9}","{1: 54, 2: 31, 0: 65}","{1: 105, 2: 25, 0: 20}",0.13381458582101233,0.011399895734658005,0.16495997207463314,0.08399586740117339,0.2896698863011463,0.03123003297783805,0.3103544507864821,0.23889897970853405,0.2945599057343039,0.015473287899909663,0.23327193617369568,0.21377621588736137
3100,2,success,3,5,0,2713.888669350393,3213,642.6,456.0,0.05014537214448997,0.1,3.7895007133483887,34.24130630493164,-289.558837890625,514.5193481445312,2500.0,377.86720824715576,2698,-160.40000000000222,-3.578538896748106,0.0,0.8446587828666021,"{0: 32, 1: 27, 2: 28, 3: 5, 4: 74, 6: 79, 5: 76}","{2: 109, 3: 157, 6: 14, 5: 6, 4: 26, 1: 9}","{1: 105, 0: 79, 2: 137}","{1: 205, 0: 65, 2: 51}","{1: 172, 0: 66, 2: 83}","{1: 221, 0: 42, 2: 58}",0.08247564855724186,0.023590624331911402,0.0981861196431462,0.08515919450843443,0.1759918999558188,0.097251020560616,0.22384283981385647,0.16847788666338578,0.19963074828887226,0.03695784202525708,0.27396049826909863,0.10536622290346036
3110,2,crash,3,2,1,-14.023495091677205,2097,753.0,753.0,0.05,0.1,3.8025455474853516,34.38520050048828,-289.558837890625,503.1687927246094,1000.0,170.43817793805755,1353,-104.74999999999619,-79.71167302972292,-1000.0,-0.0066874082459118765,"{5: 23, 4: 39, 3: 2, 0: 64, 1: 11, 2: 11, 6: 59}","{1: 15, 2: 55, 3: 56, 6: 38, 5: 6, 4: 8, 0: 31}","{1: 49, 2: 41, 0: 119}","{1: 93, 0: 71, 2: 45}","{1: 130, 2: 24, 0: 55}","{1: 147, 2: 33, 0: 29}",0.07054512596404176,0.03134707382821588,0.07780116459100243,0.08288383971864166,0.12537137672758808,0.15542796654950175,0.13470877878068357,0.13121642633132205,0.17603036615564013,0.02196586945161853,0.1222393082746967,0.2837542935374221
3120,2,max_steps,3,4,0,2125.743122616118,3500,738.0,789.5,0.05,0.1,3.820391893386841,34.513771057128906,-289.558837890625,511.833251953125,2000.0,300.543122616132,2776,-174.8000000000055,0.0,0.0,0.6073551778903195,"{1: 73, 2: 92, 3: 22, 6: 49, 5: 57, 4: 57}","{4: 23, 3: 162, 2: 104, 1: 21, 0: 7, 6: 24, 5: 9}","{1: 152, 0: 84, 2: 114}","{1: 226, 2: 60, 0: 64}","{1: 240, 0: 40, 2: 70}","{1: 266, 0: 52, 2: 32}",0.05774372649920801,0.02431164588292378,0.07179252672273673,0.07898804704648596,0.12694011608465555,0.11939343130069724,0.16476315374065653,0.109730299781185,0.1286155290274591,0.01354048330524564,0.11153201248146806,0.10253917556175383
3130,2,crash,3,2,1,71.524477860969,1241,541.0,541.0,0.05,0.1,3.831862688064575,34.65047073364258,-289.558837890625,506.9061279296875,1000.0,168.52428991014438,882,-61.94999999999862,-35.04981204917457,-1000.0,0.05763455105638114,"{1: 22, 2: 19, 6: 54, 5: 5, 4: 7, 3: 1, 0: 16}","{4: 4, 3: 104, 0: 16}","{1: 27, 0: 40, 2: 57}","{1: 105, 2: 5, 0: 14}","{1: 49, 0: 21, 2: 54}","{1: 88, 0: 22, 2: 14}",0.10319673107116781,0.010539766797243312,0.1216479001963334,0.08167124808395922,0.26784651422344774,0.03427184488079167,0.2816840688118076,0.1756883137536864,0.2690428658908782,0.017339101610399168,0.24099683429925192,0.055751005235779014
3140,2,success,3,5,0,2829.9976661358123,3207,641.4,425.0,0.05,0.1,3.842721462249756,34.75217056274414,-289.558837890625,506.46563720703125,2500.0,507.7438572040871,2777,-160.10000000000215,-17.64619106826436,0.0,0.8824439245824173,"{3: 62, 2: 67, 6: 39, 5: 17, 4: 37, 0: 93, 1: 5}","{6: 41, 5: 12, 4: 12, 3: 119, 0: 55, 1: 33, 2: 48}","{1: 146, 0: 95, 2: 79}","{1: 120, 2: 72, 0: 128}","{1: 204, 0: 70, 2: 46}","{1: 266, 0: 36, 2: 18}",0.05516484322030131,0.0400580719405199,0.07026428789999925,0.05950708484573288,0.16865875195811908,0.19478045446766934,0.21327013624267935,0.10380283899278757,0.0943536754972993,0.21108500913055175,0.10244216998206132,0.10188857235020975
3150,2,success,3,5,0,2658.5933740983023,2765,553.0,579.0,0.05,0.1,3.8549249172210693,34.81597137451172,-289.558837890625,507.696533203125,2500.0,296.5933740983053,2413,-137.99999999999713,0.0,0.0,0.961516590993961,"{4: 49, 5: 37, 2: 69, 1: 36, 3: 28, 0: 36, 6: 21}","{1: 21, 2: 45, 3: 156, 6: 23, 5: 12, 4: 15, 0: 4}","{1: 114, 2: 68, 0: 94}","{1: 169, 0: 56, 2: 51}","{1: 186, 2: 45, 0: 45}","{1: 224, 2: 30, 0: 22}",0.0669906342201364,0.020163806463013835,0.07438307956098632,0.0708063972044714,0.10205096362639746,0.17382945165233243,0.1340262654432297,0.10595353751892962,0.12141184790264173,0.03744719912515538,0.10050120189844436,0.12327742180584918
3160,2,crash,3,1,1,-494.12258969961886,753,555.0,555.0,0.05,0.1,3.872659683227539,34.90766525268555,-289.558837890625,526.9564208984375,500.0,70.88959097182628,570,-37.6,-27.41218067144583,-1000.0,-0.6562052984058684,"{1: 43, 2: 14, 3: 7, 4: 8, 5: 3}","{0: 8, 1: 7, 2: 7, 3: 33, 6: 6, 5: 12, 4: 2}","{1: 38, 0: 37}","{1: 32, 0: 26, 2: 17}","{1: 40, 0: 35}","{1: 48, 0: 11, 2: 16}",0.04084059391132828,0.057122992198018814,0.06368034510357944,0.08054395054340996,0.2737955538287747,0.1854926303408294,0.29494357722999054,0.2050175220245566,0.22435510858215127,0.006694501021337696,0.3115320381824315,0.07076928073164769
3170,2,max_steps,3,3,0,1674.2657395418664,3500,1019.6666666666666,1162.0,0.05,0.1,3.894707202911377,34.916805267333984,-289.558837890625,516.8228759765625,1500.0,349.1157395418748,3112,-174.8500000000055,0.0,0.0,0.4783616398691047,"{6: 103, 5: 35, 4: 47, 3: 5, 0: 90, 1: 31, 2: 39}","{4: 28, 3: 212, 2: 64, 0: 7, 1: 11, 6: 20, 5: 8}","{1: 107, 2: 141, 0: 102}","{1: 254, 2: 54, 0: 42}","{1: 215, 2: 70, 0: 65}","{1: 265, 2: 41, 0: 44}",0.07731095850979011,0.022415830499835657,0.0909892210711159,0.07695129717907721,0.11061049276896977,0.10667685187845023,0.13045920866909744,0.10843025827697131,0.14273687016316164,0.026113940637025483,0.11443369848830778,0.10683912528963142
3180,2,max_steps,3,4,0,2155.8453991553856,3500,698.0,709.5,0.05,0.1,3.9133365154266357,34.94744873046875,-289.558837890625,505.33343505859375,2000.0,330.85356757025863,2725,-174.8000000000055,-0.20816841485961357,0.0,0.6159558283301102,"{0: 25, 1: 61, 2: 130, 6: 114, 5: 8, 4: 10, 3: 2}","{1: 11, 2: 28, 3: 221, 6: 25, 5: 6, 4: 18, 0: 41}","{1: 139, 0: 149, 2: 62}","{1: 215, 0: 95, 2: 40}","{1: 212, 0: 87, 2: 51}","{1: 229, 0: 70, 2: 51}",0.06663605112787764,0.018659254389667857,0.08039295821243024,0.08771453847245068,0.1432992154231423,0.18540832259614753,0.18752658520266285,0.15151634613144582,0.16032907071315017,0.02940073548695531,0.1296532118009802,0.09191698883414737
3190,2,success,3,5,0,2729.9379814535373,2819,563.8,546.0,0.05,0.1,3.949087142944336,35.084285736083984,-289.558837890625,507.9283447265625,2500.0,370.63798145354826,2291,-140.69999999999774,0.0,0.0,0.9684065205581899,"{6: 68, 5: 41, 4: 40, 3: 28, 0: 68, 1: 14, 2: 22}","{3: 180, 2: 58, 0: 8, 1: 7, 4: 15, 6: 7, 5: 6}","{1: 72, 2: 108, 0: 101}","{1: 203, 0: 41, 2: 37}","{1: 135, 2: 70, 0: 76}","{1: 189, 2: 48, 0: 44}",0.10228170316982738,0.0173167942691214,0.1026530623799827,0.09104488635900515,0.17991183584564727,0.13520261241681233,0.21920610548585812,0.20536057435430283,0.1488391586147939,0.11341067338107907,0.1461673493094485,0.12190208275576968
3200,2,crash,3,2,1,25.20956336136146,1501,687.0,687.0,0.05,0.1,3.9659695625305176,35.19355010986328,-289.558837890625,502.20733642578125,1000.0,131.88457495662715,1114,-74.94999999999789,-31.72501159526548,-1000.0,0.01679517878838205,"{2: 12, 3: 4, 6: 86, 5: 17, 4: 18, 1: 1, 0: 12}","{2: 20, 3: 80, 5: 28, 4: 9, 0: 13}","{1: 44, 0: 21, 2: 85}","{1: 99, 0: 29, 2: 22}","{1: 85, 0: 4, 2: 61}","{1: 121, 2: 15, 0: 14}",0.08131827116496312,0.017887742517505092,0.09133500911086564,0.07617708960841743,0.13468020827990837,0.1385411552304705,0.16672866618558968,0.1074642185957803,0.1431309021688646,0.17433385909419494,0.20862995083077157,0.08963620331758261
3210,2,crash,3,2,1,-17.827944247624373,2350,1085.5,1085.5,0.05,0.1,3.9753761291503906,35.296531677246094,-289.558837890625,519.34228515625,1000.0,141.64132456594444,1501,-117.39999999999547,-42.06926881356978,-1000.0,-0.007586359254308244,"{5: 68, 4: 82, 3: 4, 6: 63, 0: 18}","{0: 21, 1: 13, 2: 59, 3: 85, 6: 22, 5: 24, 4: 11}","{1: 106, 2: 96, 0: 33}","{1: 147, 0: 54, 2: 34}","{1: 172, 2: 52, 0: 11}","{1: 190, 2: 25, 0: 20}",0.056351721129852934,0.025468174626881883,0.07052559208935398,0.06921193944405626,0.13564390383574015,0.09456367633571255,0.16668340295808654,0.10313761752922936,0.16988929866786054,0.04258056690247416,0.19459322324448053,0.10106702887741487
3220,2,crash,3,2,1,53.331004905468035,2691,1275.5,1275.5,0.05,0.1,3.983487606048584,35.371986389160156,-289.558837890625,500.0007629394531,1000.0,244.98561504410117,2323,-134.44999999999632,-57.2046101386337,-1000.0,0.019818284989025655,"{1: 48, 0: 19, 2: 19, 6: 134, 5: 30, 4: 17, 3: 2}","{6: 4, 5: 23, 4: 12, 3: 174, 2: 42, 0: 14}","{1: 107, 0: 43, 2: 119}","{1: 194, 2: 46, 0: 29}","{1: 141, 0: 37, 2: 91}","{1: 197, 0: 32, 2: 40}",0.06915502971456014,0.014792849141721257,0.09320152016059556,0.08903421515879491,0.1849847067200606,0.08257975445507032,0.22539710954213277,0.1444618838017285,0.236380291545073,0.010226414689615231,0.2566394538836262,0.09797383629704316
3230,2,max_steps,3,3,0,1670.6008432644232,3500,883.3333333333334,481.0,0.05,0.1,3.9962196350097656,35.51296615600586,-289.558837890625,506.1064147949219,1500.0,382.58044848181703,2714,-174.8500000000055,-37.129605217377524,0.0,0.47731452664697804,"{6: 121, 5: 52, 4: 44, 3: 6, 1: 25, 2: 16, 0: 86}","{1: 16, 2: 47, 3: 200, 4: 17, 6: 26, 5: 6, 0: 38}","{1: 69, 2: 168, 0: 113}","{1: 219, 0: 79, 2: 52}","{1: 153, 2: 108, 0: 89}","{1: 261, 2: 30, 0: 59}",0.09668976185762258,0.02213016833420181,0.11021589760314882,0.07223059575073898,0.18737462154903367,0.13420477321220273,0.23490635654159794,0.17236172702205954,0.13287360908164747,0.044730843547426756,0.16913625264377033,0.10914378084770293
3240,2,crash,3,3,1,492.7265067449217,2403,765.6666666666666,579.0,0.05,0.1,4.023167610168457,35.6837272644043,-289.558837890625,504.3241271972656,1500.0,317.4288080694389,1544,-119.99999999999532,-204.7023013245041,-1000.0,0.20504640313979264,"{2: 49, 3: 1, 6: 56, 5: 5, 4: 8, 0: 116, 1: 5}","{4: 26, 3: 136, 2: 15, 5: 43, 6: 9, 1: 11}","{1: 43, 0: 113, 2: 84}","{1: 157, 2: 49, 0: 34}","{1: 82, 0: 102, 2: 56}","{1: 165, 0: 49, 2: 26}",0.1190019978608535,0.023273300312214966,0.1495904267317605,0.08679527777172683,0.26280909560861193,0.11210257525773225,0.2951226781820082,0.15624162711296025,0.27244609430578864,0.022092492255964925,0.2688652598793537,0.10305420223670438
3250,2,max_steps,3,4,0,2239.671817105309,3500,767.25,803.0,0.05,0.1,4.034510135650635,35.77021026611328,-289.558837890625,501.4581298828125,2000.0,414.52144633560556,2554,-174.8000000000055,-0.04962923027904492,0.0,0.6399062334586597,"{5: 59, 4: 80, 3: 13, 0: 108, 1: 26, 2: 10, 6: 54}","{2: 106, 3: 174, 6: 21, 5: 8, 4: 11, 0: 22, 1: 8}","{1: 81, 2: 151, 0: 118}","{1: 212, 0: 84, 2: 54}","{1: 125, 2: 115, 0: 110}","{1: 220, 2: 60, 0: 70}",0.09222828971738478,0.026545973484459508,0.12430383949113669,0.09519624311081089,0.185417637107929,0.1194913533034029,0.21652701775283933,0.2047098154846325,0.20845505856579755,0.02680813793822812,0.19646581384337594,0.10048523951228784
3260,2,max_steps,3,3,0,1519.5305453008357,3500,946.0,947.0,0.05,0.1,4.0648298263549805,35.84646987915039,-289.558837890625,517.197021484375,1500.0,222.98844927593342,2876,-174.8500000000055,-28.607903975099426,0.0,0.43415158437166734,"{2: 107, 3: 15, 4: 124, 5: 57, 0: 38, 1: 9}","{2: 82, 3: 200, 4: 37, 6: 11, 5: 20}","{1: 220, 0: 58, 2: 72}","{1: 234, 0: 45, 2: 71}","{1: 272, 2: 42, 0: 36}","{1: 279, 2: 46, 0: 25}",0.035453887170766134,0.025249182374550948,0.04749111565590716,0.05829355918054798,0.10850744617505616,0.10556687858141939,0.13836508799660774,0.10620301394490507,0.0763320130463673,0.03293402801228005,0.09267682975191402,0.05367619857622499
3270,2,success,3,5,0,2718.910454148412,3348,669.6,623.0,0.05,0.1,4.087161064147949,35.88862991333008,-289.558837890625,511.9352722167969,2500.0,386.4329707027791,2834,-167.15000000000376,-0.37251655435618425,0.0,0.8120998966990478,"{6: 49, 5: 33, 4: 56, 3: 17, 2: 130, 1: 49}","{0: 41, 1: 14, 2: 60, 6: 26, 5: 8, 4: 38, 3: 147}","{1: 161, 2: 84, 0: 89}","{1: 187, 0: 75, 2: 72}","{1: 218, 2: 64, 0: 52}","{1: 248, 2: 36, 0: 50}",0.051542520343441436,0.027588306552747195,0.062300130173509174,0.07670507591745933,0.12699173784145065,0.17404068744233941,0.15300800079854543,0.12132026139499694,0.11790188204439345,0.15663884114668392,0.13585774989607552,0.1258324616329473
3280,2,success,3,5,0,2616.379016281433,3102,620.4,683.0,0.05,0.1,4.114287376403809,35.91958999633789,-289.558837890625,504.24798583984375,2500.0,271.22901628144086,2775,-154.85000000000096,0.0,0.0,0.8434490703679668,"{6: 23, 5: 30, 4: 88, 3: 53, 0: 40, 1: 25, 2: 51}","{3: 217, 2: 27, 0: 19, 1: 21, 4: 26}","{1: 133, 2: 73, 0: 104}","{1: 237, 0: 55, 2: 18}","{1: 198, 2: 49, 0: 63}","{1: 213, 2: 41, 0: 56}",0.058252405560924,0.01754540284271531,0.07189126993426631,0.09162228525581323,0.12465584958152494,0.0556139624721606,0.15179784789919148,0.1217334565818834,0.08986832617748293,0.03242252155394876,0.12926698047680268,0.11059341704086662
3290,2,crash,3,3,1,694.2569127629475,2045,639.3333333333334,599.0,0.05,0.1,4.136133670806885,36.0189208984375,-289.558837890625,523.54052734375,1500.0,322.7269077156839,1641,-102.09999999999634,-26.369994952733414,-1000.0,0.3394899328914169,"{6: 75, 5: 28, 4: 27, 3: 3, 0: 45, 1: 9, 2: 17}","{2: 74, 3: 95, 1: 22, 6: 13}","{1: 27, 2: 129, 0: 48}","{1: 147, 0: 36, 2: 21}","{1: 50, 2: 112, 0: 42}","{1: 156, 0: 32, 2: 16}",0.13007340266078754,0.02281689115477405,0.1474050534665634,0.06794738279074308,0.2433643748230159,0.045615432590289676,0.26994015987232184,0.2537391167666017,0.18792175756783028,0.02459544837697171,0.2210435460200105,0.2385537186571031
3300,2,max_steps,3,3,0,1572.6156185138773,3500,905.6666666666666,362.0,0.05,0.1,4.153988838195801,36.0447998046875,-289.558837890625,505.00506591796875,1500.0,247.4656185138786,2359,-174.8500000000055,0.0,0.0,0.4493187481468221,"{4: 154, 3: 28, 5: 82, 2: 35, 6: 51}","{5: 3, 4: 22, 3: 238, 2: 55, 0: 22, 1: 10}","{1: 138, 2: 117, 0: 95}","{1: 261, 2: 36, 0: 53}","{1: 211, 2: 82, 0: 57}","{1: 222, 2: 57, 0: 71}",0.06497935229256926,0.013333347225842276,0.08182071154843226,0.09212435094313262,0.1263254643803088,0.08441482079118036,0.16837237475434336,0.19424078714838233,0.10152444288704726,0.03124143540270076,0.2150844534231561,0.253612039694863
3310,2,max_steps,3,4,0,2241.738517202113,3500,792.0,788.0,0.05,0.1,4.181890964508057,36.13406753540039,-289.558837890625,508.6103210449219,2000.0,416.5385172021269,2782,-174.8000000000055,0.0,0.0,0.6404967192006038,"{6: 69, 5: 59, 4: 32, 0: 133, 1: 31, 2: 24, 3: 2}","{0: 39, 1: 14, 2: 56, 3: 183, 6: 40, 5: 6, 4: 12}","{1: 100, 2: 110, 0: 140}","{1: 212, 0: 90, 2: 48}","{1: 161, 2: 97, 0: 92}","{1: 222, 2: 67, 0: 61}",0.08525705411931306,0.024901090898872574,0.10496732585313767,0.0898312586204631,0.18845395460538594,0.1341728892506044,0.22339385879078666,0.19155025991166189,0.20564639325001685,0.028990003509016978,0.2806818559688339,0.18263129728249336
3320,2,success,3,5,0,2751.3576230514323,2925,585.0,576.0,0.05,0.1,4.193765163421631,36.26246643066406,-278.9790954589844,509.0120849609375,2500.0,397.35762305143885,2528,-145.99999999999895,0.0,0.0,0.9406350848039085,"{2: 153, 3: 11, 6: 37, 5: 9, 4: 10, 0: 67, 1: 5}","{1: 17, 2: 34, 3: 141, 5: 11, 4: 20, 0: 36, 6: 33}","{1: 154, 0: 87, 2: 51}","{1: 138, 0: 87, 2: 67}","{1: 184, 0: 65, 2: 43}","{1: 216, 0: 48, 2: 28}",0.04309580436591846,0.03393730161156411,0.06500491975083839,0.07726439401414123,0.18833908716389505,0.18101365309770862,0.21805688952523392,0.15570579901787485,0.16593735956979402,0.19148306279936508,0.10416535586982549,0.1769332171774611
3330,2,crash,3,1,1,-486.35123439532197,624,321.0,321.0,0.05,0.1,4.204187393188477,36.346336364746094,-278.9790954589844,505.57550048828125,500.0,76.13998266737208,542,-31.150000000000308,-31.34121706269469,-1000.0,-0.7794090294796826,"{2: 40, 3: 10, 1: 3, 4: 9}","{2: 9, 3: 23, 6: 12, 5: 6, 4: 12}","{1: 20, 0: 42}","{1: 20, 0: 14, 2: 28}","{1: 24, 0: 38}","{1: 53, 0: 5, 2: 4}",0.1267060251099152,0.07198491530918819,0.1367907771991258,0.07791431012834224,0.23139941063341068,0.15810803692546355,0.2339244066865482,0.10665825057526913,0.1274386431158755,0.024655640082606737,0.21346450022260968,0.09761798572641171
3340,2,max_steps,3,3,0,1640.0359912764943,3500,1152.3333333333333,776.0,0.05,0.1,4.218728065490723,36.45775604248047,-278.9790954589844,507.0561828613281,1500.0,314.88599127649417,2662,-174.8500000000055,0.0,0.0,0.4685817117932841,"{2: 33, 6: 146, 5: 25, 4: 72, 3: 7, 0: 60, 1: 7}","{3: 240, 2: 41, 4: 29, 5: 20, 6: 15, 0: 5}","{1: 134, 0: 83, 2: 133}","{1: 255, 0: 39, 2: 56}","{1: 205, 0: 72, 2: 73}","{1: 226, 0: 50, 2: 74}",0.0658255958277895,0.01627765087244381,0.08527410383934805,0.09435462608594536,0.16946096909605804,0.1359146865708845,0.21196954648846605,0.1672419788618396,0.19044212720696757,0.025099696067379003,0.2658226248686361,0.18797637484002302
3350,2,crash,3,1,1,-522.3998007029697,967,652.0,652.0,0.05,0.1,4.231034755706787,36.48495864868164,-278.9790954589844,512.3949584960938,500.0,96.8793193739087,925,-48.29999999999939,-70.97912007687857,-1000.0,-0.540227301657673,"{0: 14, 1: 14, 2: 39, 3: 17, 4: 12}","{5: 4, 4: 10, 3: 44, 2: 19, 0: 8, 1: 11}","{1: 27, 0: 69}","{1: 41, 2: 19, 0: 36}","{1: 57, 0: 39}","{1: 45, 0: 29, 2: 22}",0.08221641179730085,0.05351843244768195,0.08489813329866516,0.10220323034484186,0.133741420167976,0.12365829640897458,0.19502422483772885,0.1708282774575417,0.10028857663331217,0.06264500591579095,0.2249700922630626,0.18182446778704361
3360,2,max_steps,3,4,0,2074.401568718707,3500,733.25,684.5,0.05,0.1,4.246806621551514,36.51661682128906,-278.9790954589844,510.1445617675781,2000.0,249.20156871871876,2707,-174.8000000000055,0.0,0.0,0.5926861624910592,"{3: 38, 2: 68, 4: 117, 6: 41, 5: 29, 0: 57}","{5: 16, 4: 45, 3: 190, 0: 30, 1: 6, 2: 48, 6: 15}","{1: 159, 0: 80, 2: 111}","{1: 199, 2: 90, 0: 61}","{1: 223, 0: 54, 2: 73}","{1: 243, 0: 57, 2: 50}",0.05570728690851756,0.027435290907425608,0.07770694068571243,0.08031492295749706,0.09772576256581679,0.13898751440979237,0.1326472596576844,0.16543349368477248,0.09773700149902863,0.06481260844971823,0.1135290926327923,0.16882392108840824
3370,2,max_steps,3,4,0,2137.008209094245,3500,735.5,722.5,0.05,0.1,4.263160705566406,36.60847473144531,-278.9790954589844,508.07220458984375,2000.0,311.80820909426006,2494,-174.8000000000055,0.0,0.0,0.6105737740269271,"{4: 90, 3: 25, 0: 110, 1: 42, 2: 40, 6: 35, 5: 8}","{5: 15, 4: 53, 3: 178, 0: 29, 1: 22, 2: 53}","{1: 107, 2: 111, 0: 132}","{1: 201, 2: 64, 0: 85}","{1: 168, 2: 93, 0: 89}","{1: 247, 2: 30, 0: 73}",0.09013378632477842,0.027127979026327933,0.10221820824978567,0.08397933716689202,0.16206394529491677,0.13014570050459412,0.20254940815995526,0.18838292224151393,0.16625182091860569,0.03635123033746332,0.20656107229855433,0.11679632776707552
3380,2,success,3,5,0,2634.3922623499793,3028,605.6,558.0,0.05,0.1,4.278753757476807,36.706729888916016,-278.9790954589844,509.4036560058594,2500.0,285.5422623499982,2372,-151.15000000000012,0.0,0.0,0.8700106546730447,"{2: 145, 1: 5, 3: 46, 6: 40, 5: 11, 4: 55}","{0: 25, 1: 16, 2: 44, 3: 143, 4: 49, 6: 15, 5: 10}","{1: 172, 0: 57, 2: 73}","{1: 154, 0: 69, 2: 79}","{1: 199, 0: 42, 2: 61}","{1: 199, 0: 58, 2: 45}",0.04130076803104245,0.029221708255519965,0.06457702992848408,0.08618035419552594,0.14822163338649882,0.14248405000476314,0.19068654830931225,0.1256879518634152,0.1459744631006686,0.048308150585088874,0.14987082845597846,0.12397750331136705
3390,2,max_steps,3,3,0,1652.4617693543998,3500,910.6666666666666,490.0,0.05,0.1,4.308680534362793,36.79155731201172,-278.9790954589844,509.4036560058594,1500.0,327.31176935440175,3262,-174.8500000000055,0.0,0.0,0.4721319341012571,"{6: 68, 5: 42, 4: 16, 3: 47, 0: 114, 1: 25, 2: 38}","{4: 10, 3: 218, 1: 13, 2: 72, 6: 13, 5: 4, 0: 20}","{1: 158, 2: 81, 0: 111}","{1: 237, 2: 32, 0: 81}","{1: 225, 2: 66, 0: 59}","{1: 250, 2: 35, 0: 65}",0.054778745106371304,0.02217756670768089,0.07213449518260054,0.08890813357536173,0.12446786493749651,0.1042865695562026,0.13730854175584706,0.11257786262504263,0.07863843444015046,0.034729916997051316,0.11498886332163208,0.09840127133448676
3400,2,success,3,5,0,2639.104027575634,2768,553.6,490.0,0.05,0.1,4.343941688537598,36.88059616088867,-278.9790954589844,514.6884155273438,2500.0,277.25402757564046,2494,-138.14999999999716,0.0,0.0,0.9534335359738563,"{6: 4, 5: 24, 4: 84, 3: 67, 0: 35, 1: 25, 2: 37}","{3: 167, 0: 48, 1: 17, 2: 15, 6: 11, 5: 7, 4: 11}","{1: 133, 2: 68, 0: 75}","{1: 163, 0: 84, 2: 29}","{1: 178, 2: 49, 0: 49}","{1: 193, 2: 42, 0: 41}",0.052143067696800036,0.02357677642796194,0.0835807413698818,0.07813394458052525,0.09897093710274113,0.14695555922267023,0.1350893718916268,0.21135270502494616,0.11155393670448024,0.11063339673981973,0.10938410886376898,0.26716081736374997
3410,2,success,3,5,0,2665.2010457558454,3161,632.2,684.0,0.05,0.1,4.365119934082031,37.00205612182617,-298.8145751953125,514.0220947265625,2500.0,323.0010457558497,2553,-157.80000000000163,0.0,0.0,0.8431512324441143,"{4: 77, 3: 37, 2: 129, 1: 28, 5: 22, 6: 18, 0: 5}","{3: 141, 4: 24, 2: 42, 0: 77, 1: 11, 6: 16, 5: 5}","{1: 135, 2: 87, 0: 94}","{1: 167, 2: 54, 0: 95}","{1: 193, 2: 58, 0: 65}","{1: 188, 2: 71, 0: 57}",0.05706240981582818,0.0272431432543518,0.08052760251638305,0.0893771785174674,0.14672342955424944,0.18147402185243144,0.19098223013562848,0.1906116806911926,0.1459229295030421,0.10230216023566349,0.19972334517414309,0.1598254859245365
3420,2,crash,3,3,1,578.9047035692131,1714,479.6666666666667,470.0,0.05,0.1,4.383569240570068,37.08063507080078,-298.8145751953125,508.3844299316406,1500.0,208.91169094623464,1519,-85.54999999999728,-44.45698737702266,-1000.0,0.33775070219907416,"{2: 62, 3: 14, 5: 17, 6: 26, 4: 48, 1: 4}","{5: 6, 4: 10, 3: 47, 0: 25, 1: 19, 2: 38, 6: 26}","{1: 68, 0: 25, 2: 78}","{1: 66, 2: 48, 0: 57}","{1: 97, 0: 17, 2: 57}","{1: 129, 0: 24, 2: 18}",0.07502947437521533,0.0490588055065766,0.08663263029733395,0.05639159735567949,0.15099839225784153,0.18427051155662272,0.16833731574996602,0.15466545470453613,0.1596532911292834,0.029574772546798224,0.1524352111651217,0.1586459862965746
3430,2,max_steps,3,4,0,2200.8084063092538,3500,734.0,781.0,0.05,0.1,4.397254943847656,37.19240188598633,-298.8145751953125,528.3770751953125,2000.0,375.60840630926816,2892,-174.8000000000055,0.0,0.0,0.6288024018026439,"{0: 81, 1: 42, 2: 47, 3: 32, 6: 88, 5: 29, 4: 31}","{5: 14, 4: 9, 3: 224, 2: 34, 0: 15, 1: 5, 6: 49}","{1: 138, 0: 143, 2: 69}","{1: 240, 2: 58, 0: 52}","{1: 200, 0: 82, 2: 68}","{1: 240, 0: 53, 2: 57}",0.06969741193867347,0.019349428907809142,0.08367983299180648,0.08972452652879234,0.13693434738049745,0.15136281919909117,0.16993680876731843,0.17159239039420657,0.11038733842623225,0.03146785009029966,0.06900649071233939,0.18354901602075963
3440,2,success,3,5,0,2745.987695744894,3496,699.2,614.0,0.05,0.1,4.422287464141846,37.30931091308594,-298.8145751953125,521.098876953125,2500.0,483.1392156335663,3049,-174.55000000000544,-62.601519888664164,0.0,0.7854655880277157,"{1: 76, 2: 88, 3: 7, 6: 65, 5: 17, 4: 25, 0: 71}","{6: 10, 5: 11, 4: 24, 3: 216, 0: 37, 1: 4, 2: 47}","{1: 120, 0: 134, 2: 95}","{1: 210, 2: 49, 0: 90}","{1: 159, 0: 113, 2: 77}","{1: 236, 0: 64, 2: 49}",0.07918310644346672,0.023386206182211072,0.10702594636668014,0.08446520497496311,0.20506596553713766,0.1251940542847282,0.26455453885592184,0.19300966461430624,0.19362374874437258,0.055343468807168325,0.13334653627040358,0.27471870463493314
3450,2,max_steps,3,3,0,1541.757999469821,3500,1059.3333333333333,1180.0,0.05,0.1,4.4409966468811035,37.447120666503906,-298.8145751953125,529.343017578125,1500.0,411.3748057947359,2657,-174.8500000000055,-194.7668063249183,0.0,0.440502285562806,"{0: 120, 1: 31, 2: 20, 3: 2, 6: 128, 5: 35, 4: 14}","{2: 59, 3: 167, 6: 50, 5: 20, 4: 16, 0: 29, 1: 9}","{1: 76, 0: 136, 2: 138}","{1: 187, 0: 86, 2: 77}","{1: 143, 0: 100, 2: 107}","{1: 198, 0: 80, 2: 72}",0.09604802697116924,0.027271632555137197,0.12204658716418106,0.09661702320046373,0.1923213859224438,0.12876870136727775,0.23250608759397004,0.23154211091539836,0.21909455246821966,0.01578783754650426,0.13203815561159413,0.3442020428325504
3460,2,crash,3,4,1,1226.4777090336445,2715,629.75,621.0,0.05,0.1,4.468575954437256,37.58951187133789,-298.8145751953125,506.9160461425781,2000.0,413.0695895770668,1895,-135.54999999999657,-51.04188054341285,-1000.0,0.45174132929416005,"{5: 45, 6: 105, 4: 51, 0: 32, 1: 5, 2: 15, 3: 18}","{6: 16, 5: 40, 4: 19, 3: 117, 2: 23, 0: 41, 1: 15}","{1: 36, 0: 93, 2: 142}","{1: 142, 2: 62, 0: 67}","{1: 57, 0: 78, 2: 136}","{1: 133, 0: 73, 2: 65}",0.15328368546177729,0.027014695415470646,0.18460828347484023,0.10265687861601858,0.2454458041307996,0.16819836806916114,0.29559971602304896,0.2931277305673006,0.25129863652068685,0.07148912623246023,0.19175848643435026,0.35078806731869683
3470,2,success,3,5,0,2679.458695483909,2861,572.2,589.0,0.05,0.1,4.4912919998168945,37.68735885620117,-298.8145751953125,506.9160461425781,2500.0,322.2586954839149,2434,-142.79999999999822,0.0,0.0,0.9365462060412126,"{5: 20, 4: 81, 3: 23, 1: 38, 0: 37, 2: 37, 6: 50}","{4: 43, 3: 140, 0: 43, 1: 14, 2: 46}","{1: 105, 2: 88, 0: 93}","{1: 179, 2: 36, 0: 71}","{1: 178, 2: 53, 0: 55}","{1: 224, 2: 34, 0: 28}",0.07547269231150254,0.02424505661667404,0.08144811513918174,0.0713587484623304,0.1572512291333165,0.12415593328019772,0.18304603080096268,0.1321438222584238,0.09430872757610698,0.028418110100270857,0.10621610827099343,0.09157080746430638
3480,2,success,3,5,0,2690.3136670514896,2884,576.8,570.0,0.05,0.1,4.5162129402160645,37.84541702270508,-298.8145751953125,522.2341918945312,2500.0,334.26366705150036,2402,-143.94999999999848,0.0,0.0,0.9328410773410158,"{4: 96, 3: 7, 0: 93, 1: 14, 2: 21, 5: 57}","{3: 237, 2: 10, 4: 16, 0: 20, 1: 5}","{1: 114, 2: 87, 0: 87}","{1: 230, 0: 35, 2: 23}","{1: 171, 2: 50, 0: 67}","{1: 208, 2: 51, 0: 29}",0.07232716176246715,0.012622050279627196,0.08405416166357343,0.09074771782952429,0.18337125242415067,0.11019127562943212,0.20321579605922765,0.12260033295410927,0.148503850454523,0.02114905997579371,0.06719675903917813,0.15493262032382654
3490,2,max_steps,3,4,0,2055.645574580432,3500,811.5,765.5,0.05,0.1,4.539401054382324,37.92659378051758,-298.8145751953125,510.6800842285156,2000.0,299.0324090728119,2816,-174.8000000000055,-68.58683449237556,0.0,0.5873273070229805,"{6: 53, 5: 10, 4: 88, 3: 8, 2: 70, 1: 71, 0: 50}","{2: 67, 3: 217, 6: 6, 5: 9, 4: 19, 0: 20, 1: 12}","{1: 152, 2: 89, 0: 109}","{1: 261, 0: 49, 2: 40}","{1: 235, 2: 63, 0: 52}","{1: 245, 2: 45, 0: 60}",0.06030578102960921,0.018859433236765824,0.07347416131280773,0.08024758782502214,0.14836631582030116,0.10704736403255682,0.18148209639957708,0.11755470799493702,0.09635696459750051,0.024733143888025586,0.14937540019642515,0.10123288607099759
3500,2,crash,3,4,1,1140.1632078792088,2908,682.0,642.0,0.05,0.1,4.563658237457275,38.03422546386719,-298.8145751953125,506.2649841308594,2000.0,324.1492174584573,2124,-145.19999999999877,-38.78600957923736,-1000.0,0.39207813200798103,"{1: 65, 2: 102, 3: 4, 6: 56, 5: 14, 4: 10, 0: 39}","{4: 19, 3: 199, 0: 29, 1: 7, 2: 36}","{1: 86, 0: 127, 2: 77}","{1: 206, 2: 26, 0: 58}","{1: 132, 0: 91, 2: 67}","{1: 180, 0: 65, 2: 45}",0.08567341469107523,0.019212029105821163,0.11149116517637128,0.09610690846137451,0.21625993811980865,0.10511299821043037,0.24477147440584077,0.1640145459329947,0.1844358095469483,0.018823570619131563,0.22988982491925528,0.1057809307539827
3510,2,success,3,5,0,2748.9993840041266,2945,589.0,555.0,0.05,0.1,4.583318710327148,38.14867401123047,-298.8145751953125,513.3734130859375,2500.0,396.07845387516517,2453,-146.99999999999918,-0.07906987103654367,0.0,0.9334463103579377,"{2: 61, 1: 33, 3: 26, 6: 99, 5: 19, 4: 56}","{1: 17, 2: 57, 3: 122, 6: 55, 5: 9, 4: 14, 0: 20}","{1: 82, 0: 81, 2: 131}","{1: 136, 0: 78, 2: 80}","{1: 119, 0: 65, 2: 110}","{1: 199, 0: 44, 2: 51}",0.11996336538861033,0.03206101275067848,0.12695546721353373,0.09046101734110706,0.18196305813149455,0.18660195944641375,0.22014121280872312,0.18540329072977607,0.18517173543991325,0.033724637312541446,0.26510926749763875,0.09847061067917263
3520,2,crash,3,1,1,-536.3422832090677,817,510.0,510.0,0.05,0.1,4.603185653686523,38.236793518066406,-298.8145751953125,512.6665649414062,500.0,52.505798830037115,509,-40.79999999999982,-48.04808203910639,-1000.0,-0.6564777028262762,"{1: 31, 2: 18, 3: 1, 6: 31}","{2: 7, 3: 43, 6: 10, 5: 8, 4: 13}","{1: 18, 0: 63}","{1: 45, 0: 10, 2: 26}","{1: 38, 0: 43}","{1: 61, 0: 8, 2: 12}",0.10369309951127613,0.017542630945195387,0.1030591133253684,0.0600534634874849,0.15283998695671075,0.11887563014778373,0.163253084829014,0.19960897401310373,0.11248001476993051,0.00763673667535813,0.10081012663772845,0.06878739899070832
3530,2,max_steps,3,4,0,2118.4664798626463,3500,746.75,615.5,0.05,0.1,4.628839015960693,38.21531295776367,-298.8145751953125,512.6665649414062,2000.0,293.26647986266954,2517,-174.8000000000055,0.0,0.0,0.6052761371036133,"{3: 74, 4: 137, 5: 68, 6: 68, 2: 3}","{0: 21, 1: 15, 2: 33, 4: 109, 5: 19, 3: 126, 6: 27}","{1: 155, 2: 102, 0: 93}","{1: 175, 0: 59, 2: 116}","{1: 225, 2: 77, 0: 48}","{1: 253, 0: 46, 2: 51}",0.056032505022627924,0.030004049178363558,0.06332631622143126,0.061297030259367155,0.13094836626345996,0.16269317608666728,0.16127713314091516,0.19113098572773096,0.13625322445113539,0.19957926925889122,0.14993904440036196,0.11705799346412302
3540,2,crash,3,3,1,469.6575305420906,3151,979.6666666666666,930.0,0.05,0.1,4.652432441711426,38.278934478759766,-298.8145751953125,527.6580200195312,1500.0,324.85806568994064,2595,-157.40000000000154,-197.80053514784944,-1000.0,0.14905031118441467,"{1: 48, 0: 17, 2: 37, 3: 79, 4: 39, 6: 65, 5: 30}","{5: 20, 4: 20, 3: 134, 2: 21, 0: 81, 1: 10, 6: 29}","{1: 155, 0: 59, 2: 101}","{1: 147, 2: 95, 0: 73}","{1: 221, 0: 22, 2: 72}","{1: 267, 0: 32, 2: 16}",0.051075052147811946,0.031270360161812144,0.05241046677363465,0.05332596569299168,0.12550732101543743,0.20052916273654806,0.14706772841355803,0.10836817004193354,0.1408965176633775,0.2092008337220608,0.18012491749346038,0.09285815946744864
3550,2,max_steps,3,4,0,2076.068589629259,3500,727.0,722.0,0.05,0.1,4.6665873527526855,38.33546829223633,-298.8145751953125,518.4624633789062,2000.0,339.95484367220934,3074,-174.8000000000055,-89.08625404294473,0.0,0.5931624541797883,"{6: 66, 5: 34, 4: 100, 3: 6, 1: 56, 2: 43, 0: 45}","{4: 15, 3: 228, 2: 69, 0: 9, 1: 5, 6: 20, 5: 4}","{1: 160, 2: 94, 0: 96}","{1: 254, 2: 53, 0: 43}","{1: 247, 2: 54, 0: 49}","{1: 253, 2: 46, 0: 51}",0.057677849672515644,0.017986163317143297,0.07038318450907029,0.0837258681614954,0.10730681360909317,0.16373694971639832,0.13125894916323164,0.12689646735409782,0.10934684339371856,0.020287483320788165,0.1501919173403134,0.14843119426545376
3560,2,max_steps,3,4,0,2096.2740687689,3500,808.5,711.0,0.05,0.1,4.69817590713501,38.45151138305664,-298.8145751953125,508.1670227050781,2000.0,271.0740687689115,2706,-174.8000000000055,0.0,0.0,0.5989354482196858,"{0: 23, 1: 9, 2: 8, 3: 21, 5: 70, 6: 61, 4: 158}","{2: 54, 3: 249, 5: 7, 4: 26, 1: 14}","{1: 188, 0: 40, 2: 122}","{1: 272, 0: 41, 2: 37}","{1: 246, 0: 36, 2: 68}","{1: 197, 0: 72, 2: 81}",0.04704533827019294,0.016507553627107388,0.06751488868422156,0.09744480795387671,0.09914464242962474,0.051724818781931525,0.14125105006514158,0.1643306624940186,0.07322681153754135,0.13863385356413416,0.11534081101540916,0.13735503183354494
3570,2,max_steps,3,4,0,2178.1696739369586,3500,749.0,754.5,0.05,0.1,4.7188849449157715,38.59898376464844,-298.8145751953125,510.7457275390625,2000.0,352.96967393697446,2710,-174.8000000000055,0.0,0.0,0.6223341925534167,"{0: 63, 1: 82, 2: 43, 3: 5, 6: 62, 5: 43, 4: 52}","{5: 10, 4: 19, 3: 212, 2: 79, 0: 23, 1: 7}","{1: 111, 0: 125, 2: 114}","{1: 260, 2: 35, 0: 55}","{1: 176, 0: 94, 2: 80}","{1: 211, 0: 73, 2: 66}",0.08189872215139121,0.019343363828010024,0.09932325228743732,0.09292955560571924,0.1681124495586058,0.08753738314943665,0.21623739449219156,0.22718816154729582,0.22056374018943176,0.007477948092773541,0.2396726642873704,0.2957534623914635
3580,2,crash,3,3,1,541.2836300494673,1728,530.0,483.0,0.05,0.1,4.73337984085083,38.685482025146484,-298.8145751953125,554.7340087890625,1500.0,164.4414908360393,1288,-86.24999999999724,-36.90786078656651,-1000.0,0.3132428414638121,"{5: 56, 4: 31, 3: 5, 2: 30, 1: 28, 6: 22}","{5: 20, 4: 23, 3: 65, 2: 50, 0: 14}","{1: 43, 2: 92, 0: 37}","{1: 108, 2: 39, 0: 25}","{1: 75, 2: 65, 0: 32}","{1: 106, 2: 34, 0: 32}",0.09242723414588044,0.026710987850554823,0.1329991490494017,0.08443142006341817,0.19311525436541252,0.1346511109472535,0.23778745021777448,0.1774003988952005,0.18824078670706035,0.032678908125229354,0.2643726108494274,0.10148018019213938
3590,2,success,3,5,0,2683.625354864155,3333,666.6,673.0,0.05,0.1,4.7582597732543945,38.787410736083984,-298.8145751953125,524.6840209960938,2500.0,350.02535486416394,2825,-166.4000000000036,0.0,0.0,0.8051681232715736,"{2: 172, 3: 46, 6: 40, 5: 7, 4: 34, 1: 34}","{4: 37, 3: 161, 0: 32, 1: 13, 2: 37, 6: 28, 5: 25}","{1: 169, 0: 86, 2: 78}","{1: 166, 2: 93, 0: 74}","{1: 220, 0: 55, 2: 58}","{1: 238, 0: 62, 2: 33}",0.049186267406061294,0.03008810331121142,0.06232593330939047,0.08626124600915124,0.151604265149241,0.14700535466492004,0.19173918608989748,0.18430710069628972,0.08161594128073345,0.11173221940578786,0.1597491406876501,0.12244095807056436
3600,2,max_steps,3,3,0,1486.698408658381,3500,973.6666666666666,601.0,0.05,0.1,4.78123664855957,38.848445892333984,-298.8145751953125,546.2747192382812,1500.0,334.65297385447747,2746,-174.8500000000055,-173.10456519608942,0.0,0.42477097390239454,"{4: 101, 3: 5, 6: 57, 5: 13, 0: 127, 1: 15, 2: 32}","{1: 3, 2: 43, 3: 217, 4: 40, 6: 39, 5: 8}","{1: 126, 2: 87, 0: 137}","{1: 239, 0: 53, 2: 58}","{1: 204, 2: 71, 0: 75}","{1: 247, 2: 49, 0: 54}",0.07930182967488353,0.022949681721326786,0.09224758859037506,0.08348833178398038,0.12951062843456157,0.1011807256347602,0.17597934412311875,0.16572905060756266,0.14615893960968246,0.024168767113339668,0.22156729915263051,0.20155429647945175
3610,2,max_steps,3,3,0,1473.9106948030555,3500,731.6666666666666,720.0,0.05,0.1,4.800865650177002,38.91733169555664,-298.8145751953125,524.8386840820312,1500.0,307.3058921246271,2521,-174.8500000000055,-158.54519732156575,0.0,0.4211173413723016,"{4: 137, 5: 49, 0: 64, 1: 16, 2: 18, 3: 23, 6: 43}","{2: 47, 3: 211, 4: 42, 1: 11, 6: 33, 5: 6}","{1: 94, 0: 144, 2: 112}","{1: 214, 0: 47, 2: 89}","{1: 165, 0: 93, 2: 92}","{1: 210, 0: 84, 2: 56}",0.09332020936208482,0.02337768566355073,0.10642157988662271,0.09289751203251956,0.1760661729639812,0.12541577611191407,0.20234892197700172,0.23621835986088557,0.1264339308515673,0.10331751341211615,0.19983007425497706,0.14217833778059208
3620,2,crash,3,2,1,77.80214015101922,2447,1107.5,1107.5,0.05,0.1,4.808753967285156,39.028778076171875,-298.8145751953125,543.885986328125,1000.0,265.2213767738691,2100,-122.2499999999952,-65.16923662284886,-1000.0,0.031794908112390365,"{6: 23, 5: 30, 4: 32, 3: 9, 0: 108, 1: 13, 2: 29}","{1: 10, 2: 64, 3: 112, 6: 45, 5: 6, 4: 7}","{1: 58, 2: 53, 0: 133}","{1: 151, 0: 47, 2: 46}","{1: 131, 2: 33, 0: 80}","{1: 175, 2: 30, 0: 39}",0.08680228800805105,0.021986486513778894,0.09524662718211968,0.0778188692006545,0.12221896206310838,0.11489146704476136,0.17042499092758992,0.14957328332330863,0.1768339559500809,0.015438442965724043,0.20148734559341136,0.11657692876247436
3630,2,crash,3,1,1,-604.7504225688119,1616,1061.0,1061.0,0.05,0.1,4.815273284912109,39.125789642333984,-298.8145751953125,555.5611572265625,500.0,91.45023389375027,1389,-80.74999999999756,-115.45065646256332,-1000.0,-0.3742267466391163,"{1: 63, 2: 42, 3: 17, 4: 33, 5: 6}","{6: 10, 5: 12, 4: 12, 3: 95, 0: 2, 1: 19, 2: 11}","{1: 88, 0: 73}","{1: 75, 2: 39, 0: 47}","{1: 117, 0: 44}","{1: 126, 0: 20, 2: 15}",0.04036157489884292,0.03309788954793771,0.04650642392361923,0.06600536697378934,0.10489398359216637,0.13367560258602432,0.1334926466468254,0.10824246471124979,0.08934087180918839,0.021198735378015206,0.14174005592828626,0.062124395645869745
3640,2,crash,3,2,1,30.029203724598347,1063,458.5,458.5,0.05,0.1,4.8099822998046875,39.213253021240234,-294.5767822265625,535.694091796875,1000.0,129.93125947468485,701,-53.04999999999912,-46.85205575008631,-1000.0,0.028249486100280663,"{4: 29, 3: 2, 0: 52, 1: 5, 2: 7, 5: 11}","{2: 25, 3: 66, 6: 15}","{1: 28, 2: 26, 0: 52}","{1: 72, 0: 26, 2: 8}","{1: 46, 2: 16, 0: 44}","{1: 64, 2: 24, 0: 18}",0.10181632721514058,0.015773281246731052,0.12206700069547707,0.09709056542853403,0.27311888078575475,0.07904885361131173,0.30174207006845977,0.18350643949135095,0.26673171640469556,0.02242728231721279,0.18620528541129597,0.20520832473133366
3650,2,max_steps,3,4,0,2155.314616581571,3500,739.25,764.0,0.05,0.1,4.819045543670654,39.32829284667969,-294.5767822265625,531.736083984375,2000.0,356.3020096983875,2629,-174.8000000000055,-26.187393116808764,0.0,0.6158041761661631,"{5: 35, 4: 32, 3: 8, 0: 137, 1: 35, 2: 86, 6: 17}","{2: 69, 3: 153, 6: 37, 5: 20, 4: 21, 1: 29, 0: 21}","{1: 133, 2: 96, 0: 121}","{1: 206, 0: 75, 2: 69}","{1: 191, 2: 81, 0: 78}","{1: 236, 2: 50, 0: 64}",0.06884468001057842,0.027505447398724937,0.09323090957239849,0.0805939309879439,0.17855683627716812,0.1299054374962922,0.2133634019781721,0.17793776916645979,0.17003972808667253,0.028015440332363046,0.21262305165575363,0.13089283070209112
3660,2,crash,3,2,1,-100.59603674638754,1393,458.5,458.5,0.05,0.1,4.82212495803833,39.41279983520508,-294.5767822265625,528.69921875,1000.0,82.90304763880859,859,-69.54999999999819,-113.94908438519387,-1000.0,-0.07221538890623656,"{2: 80, 3: 5, 1: 6, 6: 48}","{6: 7, 5: 7, 4: 7, 3: 83, 2: 35}","{1: 80, 0: 59}","{1: 80, 2: 29, 0: 30}","{1: 99, 0: 40}","{1: 106, 0: 25, 2: 8}",0.03739358999287068,0.0279298003710036,0.039221635930884576,0.08356833288701614,0.13079342034342803,0.16274923135197109,0.16463316943933887,0.10392954026601296,0.1280782289885206,0.1008629689823972,0.20652989399242191,0.10165731288237777
3670,2,success,3,5,0,2751.6373018059967,2475,495.0,580.0,0.05,0.1,4.837181091308594,39.5549430847168,-294.5767822265625,528.69921875,2500.0,375.13730180601203,2021,-123.49999999999513,0.0,0.0,1.111772647194342,"{1: 36, 2: 52, 3: 14, 6: 65, 5: 28, 4: 17, 0: 35}","{2: 49, 3: 118, 5: 17, 4: 20, 0: 38, 1: 5}","{1: 44, 0: 117, 2: 86}","{1: 127, 0: 72, 2: 48}","{1: 92, 0: 77, 2: 78}","{1: 191, 2: 22, 0: 34}",0.11246405492944782,0.02645346294909421,0.12992609671222674,0.06753783626679162,0.20876809927010398,0.15083224179624788,0.2727526372432186,0.23779453634968847,0.14723348086312113,0.07937907026410917,0.16740099709154696,0.10441567836804529
3680,2,crash,3,2,1,-54.71575821886256,1516,603.5,603.5,0.05,0.1,4.8512678146362305,39.677696228027344,-294.5767822265625,512.0997314453125,1000.0,96.96624453932141,1014,-75.69999999999784,-75.98200275817973,-1000.0,-0.03609218879872201,"{4: 31, 3: 1, 1: 22, 0: 52, 2: 14, 6: 31}","{2: 39, 3: 67, 1: 14, 6: 31}","{1: 46, 2: 28, 0: 77}","{1: 92, 0: 37, 2: 22}","{1: 77, 2: 21, 0: 53}","{1: 98, 2: 27, 0: 26}",0.07718330914023228,0.022948301997886916,0.0963977452099867,0.09330549724255788,0.20580303877753922,0.09305170892708452,0.21393549089263508,0.1765239352720134,0.1830651811326007,0.013386481901115199,0.25535075045371597,0.09839245383234928
3690,2,success,3,5,0,2624.8292795691927,2391,478.2,392.0,0.05,0.1,4.8599772453308105,39.78822708129883,-294.5767822265625,544.5667724609375,2500.0,437.7682723702436,1997,-119.29999999999536,-193.63899280104977,0.0,1.0977955999871154,"{6: 44, 5: 22, 4: 51, 3: 31, 0: 79, 1: 5, 2: 7}","{1: 9, 2: 49, 5: 15, 4: 37, 3: 129}","{1: 41, 2: 115, 0: 83}","{1: 161, 0: 34, 2: 44}","{1: 54, 2: 110, 0: 75}","{1: 173, 2: 32, 0: 34}",0.1350009499016144,0.024198493821520537,0.17832540318058412,0.06788662352559449,0.269795524552,0.08758269434102552,0.2801357687371491,0.21980835676389354,0.2626302086042229,0.05836335445392363,0.24355433362555942,0.20757605735448448
3700,2,crash,3,1,1,-500.95664613280667,575,442.0,442.0,0.05,0.1,4.872209072113037,39.905517578125,-294.5767822265625,520.2137451171875,500.0,77.15775616747882,441,-28.700000000000273,-49.41440230028617,-1000.0,-0.8712289497961855,"{6: 27, 5: 8, 4: 8, 3: 1, 0: 13}","{3: 50, 2: 7}","{1: 14, 2: 43}","{1: 55, 0: 2}","{1: 17, 2: 37, 0: 3}","{1: 33, 2: 5, 0: 19}",0.13742148614121577,0.015066670841279972,0.16673582961150704,0.09825654571534567,0.23879458296657788,0.023560840684140393,0.2719314095048282,0.36102521656968023,0.2429842382893213,0.005982148171406292,0.22439208150943016,0.13145878505728667
3710,2,success,3,5,0,2729.1157379068604,2932,586.4,570.0,0.05,0.1,4.897542953491211,40.004920959472656,-294.5767822265625,517.7994384765625,2500.0,375.465737906878,2310,-146.34999999999903,0.0,0.0,0.9308034576762826,"{3: 25, 2: 50, 1: 30, 6: 66, 5: 22, 4: 24, 0: 76}","{6: 9, 5: 31, 4: 23, 0: 64, 1: 11, 2: 18, 3: 137}","{1: 125, 2: 82, 0: 86}","{1: 160, 2: 52, 0: 81}","{1: 144, 0: 73, 2: 76}","{1: 200, 2: 52, 0: 41}",0.06820561260545263,0.02677295790052728,0.10257440587542983,0.0785321874994345,0.2155604900572604,0.17574285754678268,0.24429262261880955,0.17149504075918365,0.2663311880731824,0.19234036294912377,0.31872503021706794,0.10490005663189166
3720,2,crash,3,4,1,1163.7189702763776,2714,655.25,571.5,0.05,0.1,4.905789375305176,40.114891052246094,-294.5767822265625,512.8549194335938,2000.0,320.00219542540015,1850,-135.49999999999656,-20.78322514900543,-1000.0,0.42878370312320474,"{4: 47, 3: 10, 2: 23, 1: 33, 0: 112, 5: 21, 6: 25}","{3: 136, 4: 43, 2: 27, 0: 25, 1: 40}","{1: 72, 2: 82, 0: 117}","{1: 176, 2: 38, 0: 57}","{1: 94, 2: 66, 0: 111}","{1: 170, 2: 52, 0: 49}",0.12267043924563652,0.022841706837771744,0.1494070701981758,0.0881423058381811,0.25191532204981004,0.08445340447975357,0.28847638895064637,0.2095935841949609,0.3118117682720892,0.018149485867361904,0.3008248181537108,0.07293637339974175
3730,2,crash,3,1,1,-459.29610063788994,589,501.0,501.0,0.05,0.1,4.908327102661133,40.221378326416016,-294.5767822265625,511.37994384765625,500.0,87.32749150227222,535,-29.400000000000283,-17.223592140162047,-1000.0,-0.7797896445465025,"{0: 31, 1: 9, 2: 9, 3: 5, 4: 4}","{0: 7, 1: 6, 2: 17, 3: 20, 6: 8}","{1: 19, 0: 39}","{1: 27, 0: 25, 2: 6}","{1: 19, 0: 39}","{1: 51, 0: 2, 2: 5}",0.10877844956465163,0.03401127335277881,0.16386405848473168,0.06989497583296772,0.28760351825758773,0.16303122190811206,0.3094649944129255,0.10211916099999875,0.2605420172189791,0.0022192167945261922,0.32218341676157675,0.04140418511978728
3740,2,success,3,5,0,2788.854373946624,2515,503.0,471.0,0.05,0.1,4.91409158706665,40.34357833862305,-294.5767822265625,526.9952392578125,2500.0,414.3543739466372,2047,-125.49999999999501,0.0,0.0,1.108888419064264,"{5: 51, 4: 53, 3: 33, 1: 25, 0: 23, 2: 43, 6: 23}","{1: 15, 2: 72, 3: 94, 6: 32, 5: 5, 4: 7, 0: 26}","{1: 77, 2: 104, 0: 70}","{1: 124, 0: 87, 2: 40}","{1: 108, 2: 89, 0: 54}","{1: 183, 2: 31, 0: 37}",0.10109827513623784,0.030495376981471905,0.12593809318895283,0.07650110322655487,0.22668564421795268,0.17946357184141246,0.28577740760052706,0.18573186195491614,0.1955269790104819,0.1156028198638237,0.2721576789495105,0.0896934478921588
3750,2,success,3,5,0,2693.2456679912334,2533,506.6,371.0,0.05,0.1,4.915374279022217,40.45904541015625,-294.5767822265625,527.3087768554688,2500.0,319.6456679912392,2016,-126.39999999999496,0.0,0.0,1.0632631930482563,"{4: 69, 3: 27, 5: 30, 2: 35, 0: 12, 1: 8, 6: 72}","{5: 4, 4: 19, 3: 93, 1: 27, 2: 110}","{1: 89, 2: 94, 0: 70}","{1: 148, 2: 37, 0: 68}","{1: 127, 2: 72, 0: 54}","{1: 203, 2: 18, 0: 32}",0.07356103890973893,0.027089012263897098,0.09974935151295249,0.06287603221199817,0.184756381839558,0.12270552116853779,0.21683899062927123,0.12178488609164072,0.1696999139796535,0.09985245244108594,0.1943679219540212,0.15561492014436878
3760,2,success,3,5,0,2579.8151356759827,2590,518.0,477.0,0.05,0.1,4.920906066894531,40.591278076171875,-294.5767822265625,532.8389892578125,2500.0,356.710888920021,2179,-129.24999999999514,-147.64575324403324,0.0,0.9960676199521169,"{2: 99, 3: 14, 4: 43, 1: 8, 6: 89, 5: 6}","{6: 3, 5: 22, 4: 17, 3: 166, 0: 24, 1: 7, 2: 20}","{1: 116, 0: 68, 2: 75}","{1: 154, 2: 50, 0: 55}","{1: 129, 0: 55, 2: 75}","{1: 177, 0: 38, 2: 44}",0.06128688642515602,0.023440440534926114,0.10110741617437284,0.08290749088470208,0.17772510635046448,0.1638553637818035,0.2557490425919039,0.20527500989196035,0.14046640497508245,0.13543294735754238,0.19202989728097394,0.12629174051094585
3770,2,crash,3,2,1,98.87763217780639,1565,729.0,729.0,0.05,0.1,4.9253106117248535,40.630123138427734,-294.5767822265625,551.0802001953125,1000.0,270.98056485122487,1257,-78.1499999999977,-93.95293267341604,-1000.0,0.06318059564077086,"{6: 24, 5: 12, 4: 19, 0: 90, 1: 4, 2: 7}","{6: 8, 5: 5, 4: 9, 3: 74, 0: 37, 1: 5, 2: 18}","{1: 50, 2: 46, 0: 60}","{1: 84, 2: 37, 0: 35}","{1: 61, 2: 36, 0: 59}","{1: 115, 2: 22, 0: 19}",0.12947450081102524,0.02724369629588479,0.14303650420960928,0.0858217384340505,0.29049550710422456,0.17992377290377193,0.3083282347787914,0.13107004859349908,0.2925948721281443,0.011390848954171619,0.23740045913728955,0.08865343289530163
3780,2,crash,3,4,1,1091.7377411511256,2963,576.0,544.5,0.05,0.1,4.936296463012695,40.7530517578125,-294.5767822265625,528.4957885742188,2000.0,373.6057785242938,2580,-147.9499999999994,-133.9180373731667,-1000.0,0.36845688192748083,"{4: 108, 3: 76, 5: 8, 0: 85, 1: 6, 2: 13}","{4: 44, 3: 101, 1: 19, 2: 36, 6: 38, 5: 19, 0: 39}","{1: 153, 2: 61, 0: 82}","{1: 114, 2: 104, 0: 78}","{1: 211, 2: 31, 0: 54}","{1: 236, 2: 30, 0: 30}",0.04770588498623067,0.044371848262593244,0.058946136425798615,0.07407215278756148,0.19420493332774663,0.1755604088565213,0.20868177254645712,0.1098674555834673,0.0778108673741581,0.12752799919789587,0.13339780259728337,0.10196325805164785
3790,2,crash,3,3,1,668.8429309038071,2400,765.3333333333334,728.0,0.05,0.1,4.948112964630127,40.851470947265625,-294.5767822265625,519.857177734375,1500.0,313.7852439250182,1911,-119.84999999999533,-25.092313021207698,-1000.0,0.27868455454325297,"{4: 59, 3: 3, 6: 36, 5: 37, 0: 93, 1: 5, 2: 7}","{0: 27, 1: 30, 2: 34, 3: 105, 6: 14, 5: 5, 4: 25}","{1: 93, 2: 56, 0: 91}","{1: 121, 0: 74, 2: 45}","{1: 113, 2: 43, 0: 84}","{1: 133, 2: 49, 0: 58}",0.07481728812974617,0.029532111765951538,0.11129130067290421,0.09498299944984703,0.23597225042944622,0.13710492665570478,0.24830770206047192,0.2098559012295662,0.2320920196277304,0.015094998272181331,0.1754594172285471,0.10805779723222722
3800,2,crash,3,2,1,-26.827930657935667,2409,1107.0,1107.0,0.05,0.1,4.957634449005127,40.924564361572266,-294.5767822265625,520.7194213867188,1000.0,231.94004490224503,1478,-120.3499999999953,-138.41797556018255,-1000.0,-0.0111365424067811,"{4: 70, 5: 28, 3: 3, 0: 107, 1: 5, 2: 8, 6: 19}","{6: 7, 5: 26, 4: 7, 3: 121, 2: 17, 0: 56, 1: 6}","{1: 89, 0: 82, 2: 69}","{1: 154, 2: 29, 0: 57}","{1: 113, 2: 55, 0: 72}","{1: 147, 2: 46, 0: 47}",0.07601463692236778,0.021092786699009707,0.1090041679174214,0.09220771273306624,0.2247386675443148,0.159993274467465,0.2478557025861508,0.18140856915467266,0.08562938402536363,0.027331053494265484,0.13691465622357804,0.11403449059124293
3810,2,max_steps,3,3,0,1646.553594350226,3500,885.6666666666666,925.0,0.05,0.1,4.964305877685547,40.95549392700195,-294.5767822265625,513.6009521484375,1500.0,321.4035943502306,2942,-174.8500000000055,0.0,0.0,0.47044388410006455,"{1: 82, 2: 68, 3: 5, 6: 49, 5: 47, 4: 57, 0: 42}","{6: 3, 5: 26, 4: 13, 3: 215, 0: 35, 1: 5, 2: 53}","{1: 150, 0: 125, 2: 75}","{1: 247, 2: 49, 0: 54}","{1: 225, 0: 73, 2: 52}","{1: 238, 0: 59, 2: 53}",0.0629734961102266,0.019757116229159065,0.07903151342961953,0.08237643272026193,0.1215708823528713,0.07593219830106333,0.16826288961671004,0.15105958733046962,0.10025081214788842,0.031004492811478712,0.16978581778681462,0.09603830746294335
3820,2,max_steps,3,4,0,2155.8355926543745,3500,755.75,420.0,0.05,0.1,4.981271743774414,40.96424865722656,-294.5767822265625,517.7476806640625,2000.0,354.5320075498047,3006,-174.8000000000055,-23.896414895435683,0.0,0.6159530264726785,"{2: 111, 3: 14, 6: 79, 5: 28, 4: 71, 0: 16, 1: 31}","{6: 48, 5: 12, 4: 12, 3: 141, 2: 123, 0: 2, 1: 12}","{1: 180, 0: 87, 2: 83}","{1: 227, 2: 72, 0: 51}","{1: 262, 0: 44, 2: 44}","{1: 274, 0: 41, 2: 35}",0.047752439782711556,0.02526268562269348,0.05379469106590808,0.051880740018988035,0.11601693551527084,0.14666525056930493,0.14626444127901497,0.13824429195707255,0.07020659032442,0.03468911420597527,0.1094085327846235,0.14853996235618838
3830,2,crash,3,3,1,666.5399603467498,1764,572.3333333333334,703.0,0.05,0.1,4.991186618804932,41.031803131103516,-294.5767822265625,526.9818115234375,1500.0,274.0109092739038,1491,-88.04999999999714,-19.420948927154956,-1000.0,0.3778571203779761,"{6: 23, 5: 10, 4: 39, 3: 6, 0: 82, 1: 5, 2: 11}","{5: 7, 4: 17, 3: 87, 2: 20, 0: 35, 1: 5, 6: 5}","{1: 73, 2: 48, 0: 55}","{1: 105, 2: 30, 0: 41}","{1: 98, 2: 24, 0: 54}","{1: 125, 2: 27, 0: 24}",0.06331445363378466,0.021289139077235085,0.08934597082749729,0.0784260950766965,0.29589039671761375,0.1876493651598987,0.30384340489705586,0.12661530637305835,0.05956458601579533,0.027462905071138907,0.09338604636516566,0.15828863062540705
3840,2,crash,3,3,1,558.5389374855416,2503,783.0,1095.0,0.05,0.1,4.999780178070068,41.16410446166992,-294.5767822265625,538.0999755859375,1500.0,254.24901617514192,1451,-124.99999999999504,-70.71007868959958,-1000.0,0.2231477976370522,"{4: 122, 3: 2, 5: 5, 0: 94, 1: 6, 2: 9, 6: 12}","{2: 87, 3: 92, 4: 31, 6: 31, 5: 9}","{1: 115, 2: 60, 0: 75}","{1: 184, 0: 23, 2: 43}","{1: 125, 2: 52, 0: 73}","{1: 165, 2: 46, 0: 39}",0.06834879476106852,0.01779833211917082,0.09954823002186522,0.05453559377934941,0.23962907752775464,0.06649831863467122,0.26371256573113877,0.24477482422076596,0.22505278570957457,0.0236218102168836,0.24661443974053524,0.08935527989305181
3850,2,crash,3,1,1,-468.91024894860186,523,408.0,408.0,0.05,0.1,5.010457515716553,41.251304626464844,-294.5767822265625,538.0999755859375,500.0,81.5129089988059,407,-26.100000000000236,-24.323157947408042,-1000.0,-0.8965779138596593,"{6: 21, 5: 9, 4: 10, 0: 12}","{5: 7, 4: 9, 3: 24, 0: 12}","{1: 9, 2: 43}","{1: 30, 2: 19, 0: 3}","{1: 7, 2: 45}","{1: 37, 2: 7, 0: 8}",0.16485651608645704,0.025961823072172034,0.20174553850944518,0.05389420234565327,0.22797952511054334,0.17365051436511297,0.2543802893161403,0.1897480441417253,0.21987050784939477,0.008468877395620245,0.25954445013657895,0.05225332956938602
3860,2,crash,3,2,1,12.188716312682686,1940,902.5,902.5,0.05,0.1,5.020552158355713,41.38278579711914,-294.5767822265625,536.0648803710938,1000.0,213.15963355821498,1188,-96.89999999999664,-104.07091724553375,-1000.0,0.006282843460145715,"{2: 40, 3: 3, 6: 125, 5: 5, 4: 7, 0: 14}","{6: 5, 5: 7, 4: 10, 3: 97, 0: 29, 1: 21, 2: 25}","{1: 72, 0: 52, 2: 70}","{1: 110, 2: 35, 0: 49}","{1: 105, 0: 28, 2: 61}","{1: 134, 0: 34, 2: 26}",0.07053253870300871,0.027232844339027444,0.09043177799564804,0.06683359901762431,0.2603985857489652,0.15312322846259493,0.2614308728285953,0.1706509145205732,0.24749580044002523,0.026770375409750604,0.2361021244022044,0.1548838411486269
3870,2,max_steps,3,4,0,2218.975583937972,3500,734.25,708.0,0.05,0.1,5.028566360473633,41.4847297668457,-294.5767822265625,536.0648803710938,2000.0,393.77558393799313,2512,-174.8000000000055,0.0,0.0,0.6339930239822776,"{5: 81, 4: 59, 3: 5, 0: 75, 1: 30, 2: 33, 6: 67}","{2: 57, 3: 160, 6: 54, 5: 15, 4: 27, 0: 33, 1: 4}","{1: 90, 2: 119, 0: 141}","{1: 196, 0: 70, 2: 84}","{1: 143, 2: 96, 0: 111}","{1: 191, 2: 80, 0: 79}",0.0883536570857702,0.026497428327065843,0.12078751427360199,0.09772317433822021,0.1675904274985066,0.1469376574697909,0.20868740875557001,0.22460559919210013,0.20066642988537464,0.02424697103097816,0.2581843654525598,0.13772803826126687
3880,2,crash,3,4,1,1066.0373561727506,3123,759.75,762.0,0.05,0.1,5.043677806854248,41.65818786621094,-294.5767822265625,536.0648803710938,2000.0,332.45179300320973,2726,-155.9500000000012,-110.46443683044916,-1000.0,0.3413504182429557,"{0: 21, 1: 17, 2: 20, 3: 56, 4: 103, 6: 74, 5: 21}","{3: 142, 0: 14, 1: 24, 2: 58, 4: 41, 6: 15, 5: 18}","{1: 111, 0: 93, 2: 108}","{1: 213, 0: 45, 2: 54}","{1: 151, 0: 58, 2: 103}","{1: 244, 0: 40, 2: 28}",0.09745273900443835,0.022216745472379826,0.10438301126728709,0.05456411168843103,0.2544341908352304,0.08139960423262546,0.29131915811267856,0.2024918060012849,0.24709406233305822,0.027107330256781553,0.2870790182890522,0.14199076154982265
3890,2,crash,3,4,1,1117.6051683588462,1833,407.25,376.0,0.05,0.1,5.056155681610107,41.7474250793457,-294.5767822265625,536.0648803710938,2000.0,277.3019168461724,1545,-91.44999999999695,-68.24674848732526,-1000.0,0.6097136761368501,"{2: 30, 3: 28, 4: 39, 5: 23, 0: 36, 1: 6, 6: 21}","{6: 8, 5: 14, 4: 28, 3: 44, 0: 56, 1: 5, 2: 28}","{1: 78, 2: 37, 0: 68}","{1: 74, 2: 60, 0: 49}","{1: 103, 2: 30, 0: 50}","{1: 143, 2: 22, 0: 18}",0.07697407130178026,0.049185727335255086,0.08857312515306598,0.07012449435554766,0.20464113837134218,0.18324961922289507,0.21177856053954375,0.10772386577038157,0.17606884285394436,0.20015306878470537,0.14914230666056494,0.09947492372884614
3900,2,max_steps,3,4,0,2100.214245148601,3500,746.0,696.0,0.05,0.1,5.060825347900391,41.84401321411133,-294.5767822265625,532.1807861328125,2000.0,418.4182715788856,2640,-174.8000000000055,-143.4040264302729,0.0,0.6000612128996003,"{1: 102, 2: 53, 6: 116, 5: 6, 4: 7, 3: 3, 0: 63}","{2: 49, 3: 162, 6: 40, 5: 13, 4: 25, 0: 31, 1: 30}","{1: 108, 0: 182, 2: 60}","{1: 165, 0: 125, 2: 60}","{1: 182, 0: 114, 2: 54}","{1: 275, 0: 43, 2: 32}",0.09041393429670047,0.03225865506543174,0.09639349604589885,0.056092442453048015,0.18275797475974995,0.16376677026885403,0.22312382165342326,0.1370705118790247,0.21225826093824818,0.012420167726950508,0.20558566557558514,0.06470249364199387
3910,2,max_steps,3,4,0,2119.396902715461,3500,749.0,740.5,0.05,0.1,5.091237545013428,41.93634796142578,-294.5767822265625,526.7294921875,2000.0,294.1969027154677,2933,-174.8000000000055,0.0,0.0,0.6055419722044174,"{4: 187, 3: 18, 5: 44, 2: 22, 6: 28, 0: 51}","{2: 61, 3: 197, 5: 41, 4: 19, 0: 25, 1: 5, 6: 2}","{1: 150, 2: 111, 0: 89}","{1: 225, 0: 71, 2: 54}","{1: 223, 2: 66, 0: 61}","{1: 211, 2: 63, 0: 76}",0.06262753865275252,0.02250339658123865,0.07419478600206261,0.0956048093364186,0.14576728802221278,0.1355301595446062,0.20841384604728827,0.18650446681364674,0.07988970071780227,0.03392800017709625,0.11603756053199775,0.11106840111700925
3920,2,crash,3,3,1,503.32792330231564,2071,463.0,385.0,0.05,0.1,5.102626800537109,42.05313491821289,-294.5767822265625,526.7294921875,1500.0,259.3974692742938,1402,-103.39999999999627,-152.66954597197318,-1000.0,0.24303617735505342,"{1: 17, 2: 20, 3: 1, 4: 21, 5: 23, 6: 56, 0: 69}","{2: 22, 3: 72, 6: 19, 5: 27, 4: 14, 0: 48, 1: 5}","{1: 56, 0: 64, 2: 87}","{1: 105, 0: 60, 2: 42}","{1: 77, 0: 51, 2: 79}","{1: 123, 0: 34, 2: 50}",0.11590715695518095,0.0292426437877242,0.15733762151686342,0.09215337229588597,0.24174209289368118,0.15601172959612544,0.2652335265414787,0.2583088151946681,0.25475145184433684,0.015948119235695016,0.2885881094662165,0.09161951019046055
3930,2,crash,3,2,1,35.76233769162002,1812,816.5,816.5,0.05,0.1,5.100183963775635,42.15372085571289,-294.5767822265625,526.7294921875,1000.0,163.26553131261585,1126,-90.499999999997,-37.003193620994445,-1000.0,0.019736389454536433,"{4: 95, 3: 9, 5: 21, 6: 38, 0: 18}","{1: 9, 2: 31, 3: 53, 6: 48, 5: 14, 4: 8, 0: 18}","{1: 59, 2: 91, 0: 31}","{1: 87, 0: 34, 2: 60}","{1: 68, 2: 85, 0: 28}","{1: 116, 2: 26, 0: 39}",0.12134543518986206,0.030930489385373437,0.14152050413690073,0.0764573402678924,0.24465402968080116,0.11285659566009476,0.28173462402092225,0.30045388393118305,0.2413714064008764,0.012016406143399445,0.2967038030123535,0.0983870164589876
3940,2,success,3,5,0,2737.4142121051377,2142,428.4,384.0,0.05,0.1,5.103776931762695,42.28090286254883,-294.5767822265625,540.6585693359375,2500.0,344.26421210514053,1975,-106.84999999999607,0.0,0.0,1.2779711541107086,"{4: 39, 3: 22, 0: 22, 1: 9, 2: 37, 6: 53, 5: 32}","{4: 31, 3: 71, 2: 34, 0: 42, 1: 4, 6: 25, 5: 7}","{1: 77, 0: 65, 2: 72}","{1: 80, 2: 80, 0: 54}","{1: 120, 0: 32, 2: 62}","{1: 169, 0: 28, 2: 17}",0.0762522734087934,0.07158549806374903,0.09129979035696315,0.07155442979041539,0.17896008596854787,0.19202697056233642,0.23715151710583116,0.14051872757402864,0.15639785012120397,0.1664568151364638,0.16673370703031637,0.09211980926592749
3950,2,crash,3,4,1,1253.162387807785,2180,521.75,438.5,0.05,0.1,5.117961883544922,42.390953063964844,-294.5767822265625,523.2535400390625,2000.0,390.59995726025323,1863,-108.79999999999596,-28.637569452468952,-1000.0,0.5748451320219198,"{5: 20, 4: 22, 0: 48, 1: 5, 2: 14, 3: 31, 6: 78}","{4: 20, 3: 112, 2: 10, 0: 27, 1: 5, 6: 36, 5: 8}","{1: 62, 2: 108, 0: 48}","{1: 96, 2: 87, 0: 35}","{1: 89, 2: 87, 0: 42}","{1: 143, 2: 37, 0: 38}",0.10911052096225277,0.03299615770263297,0.14369817937803514,0.08085464660311376,0.25071882244982424,0.18192934684331136,0.2889637729376083,0.22514740695759458,0.2609129839919397,0.1932948748774165,0.22260416810152228,0.09738848869246364
3960,2,crash,3,4,1,1036.5895052453125,2926,561.75,588.5,0.05,0.1,5.139663219451904,42.45772933959961,-294.5767822265625,521.4595947265625,2000.0,312.40227535551264,2265,-146.09999999999897,-129.7127701101967,-1000.0,0.3542684570216379,"{4: 188, 3: 7, 5: 18, 0: 67, 1: 5, 2: 7}","{3: 189, 2: 24, 4: 27, 0: 21, 1: 5, 6: 21, 5: 5}","{1: 142, 2: 69, 0: 81}","{1: 183, 2: 71, 0: 38}","{1: 196, 2: 33, 0: 63}","{1: 204, 2: 53, 0: 35}",0.05220291157689286,0.021152471195870888,0.07467312551071664,0.0868050750684227,0.19390533343030728,0.18412654097624756,0.20992477442352483,0.1116050479841786,0.10277100887489081,0.02136170611025311,0.13688151625135275,0.1254228770780215
3970,2,crash,3,1,1,-479.9976024306228,524,376.0,376.0,0.05,0.1,5.152639865875244,42.54444122314453,-305.2395324707031,521.6217041015625,500.0,70.86909527762717,461,-26.150000000000237,-24.716697708250283,-1000.0,-0.9160259588370664,"{0: 16, 1: 12, 2: 12, 3: 9, 4: 3}","{3: 37, 1: 15}","{1: 12, 0: 40}","{1: 42, 0: 10}","{1: 12, 0: 40}","{1: 30, 0: 11, 2: 11}",0.1644802738214532,0.018683814287830124,0.19198463696474372,0.09674209083608354,0.24991486122539644,0.03497398774177605,0.28522160275991504,0.20416868153934054,0.23938357505072233,0.007265210045577078,0.29137277992625826,0.03222993717338799
3980,2,crash,3,3,1,604.5584145990855,1934,579.3333333333334,558.0,0.05,0.1,5.159021377563477,42.660552978515625,-305.2395324707031,521.6217041015625,1500.0,240.11537450678748,1320,-96.54999999999666,-39.00695990769396,-1000.0,0.3125948369178312,"{4: 46, 3: 10, 1: 21, 0: 28, 2: 18, 6: 65, 5: 5}","{5: 11, 4: 14, 3: 112, 1: 12, 2: 35, 6: 9}","{1: 52, 2: 92, 0: 49}","{1: 116, 2: 41, 0: 36}","{1: 79, 2: 73, 0: 41}","{1: 135, 2: 20, 0: 38}",0.12253387350993576,0.02200607868833354,0.1343075021333074,0.08355285509461467,0.27694266419979263,0.13251826769801486,0.2912962772889093,0.17936303804161738,0.2815444922856464,0.02332576606118706,0.31054535495805874,0.09390868930240338
3990,2,crash,3,1,1,-492.7436419242204,507,358.0,358.0,0.05,0.1,5.164511203765869,42.78460693359375,-305.2395324707031,532.9918823242188,500.0,63.498627570589356,357,-25.300000000000225,-30.94226949481041,-1000.0,-0.9718809505408686,"{0: 15, 1: 10, 2: 10, 6: 15}","{4: 8, 3: 22, 2: 11, 1: 9}","{1: 9, 0: 41}","{1: 31, 2: 19}","{1: 13, 0: 37}","{1: 28, 0: 8, 2: 14}",0.16457696170248948,0.02605575057834386,0.18824731609191592,0.08748785850154643,0.24664202576968525,0.12780698875505578,0.2784572084938345,0.23884251612071233,0.24052647925031437,0.00925356794891993,0.2831568285485414,0.07818490984389187
4000,2,crash,3,1,1,-463.25613219803324,514,443.0,443.0,0.05,0.1,5.156623840332031,42.85171890258789,-305.2395324707031,519.2734985351562,500.0,79.31593386402088,442,-25.65000000000023,-16.92206606205435,-1000.0,-0.9012765217860569,"{6: 28, 5: 7, 4: 8, 3: 1, 0: 7}","{2: 11, 3: 33, 5: 4, 4: 3}","{1: 13, 2: 38}","{1: 40, 0: 6, 2: 5}","{1: 11, 2: 40}","{1: 45, 0: 6}",0.14493391692399824,0.010013057038903189,0.2083707499773391,0.08315849117670324,0.29473323853689243,0.042790004431951,0.3134316195452728,0.11212252003922589,0.2751816666580508,0.009346955093205747,0.320944239486755,0.01305316133938577
4010,2,crash,3,1,1,-467.26826822953956,514,436.0,436.0,0.05,0.1,5.168458938598633,42.95633316040039,-305.2395324707031,517.2486572265625,500.0,79.88720288003084,432,-25.65000000000023,-21.505471109570554,-1000.0,-0.9090822339096101,"{6: 28, 5: 7, 4: 7, 3: 1, 2: 7, 1: 1}","{3: 43, 0: 8}","{1: 13, 2: 38}","{1: 44, 0: 7}","{1: 12, 2: 39}","{1: 37, 2: 7, 0: 7}",0.1523400244677333,0.013982260562761093,0.2029819352532721,0.09010457157888391,0.2710660937318673,0.05667583807695268,0.317876031227997,0.24157302994814375,0.2807080183537875,0.008704720245490885,0.31937144092159364,0.017950231534451546
4020,2,crash,3,1,1,-575.4342408328673,1068,751.0,751.0,0.05,0.1,5.186688423156738,43.05148696899414,-305.2395324707031,521.4161376953125,500.0,51.96552886932965,633,-53.349999999999106,-74.04976970219855,-1000.0,-0.5387961056487521,"{1: 27, 2: 46, 3: 2, 4: 8, 5: 8, 6: 15}","{2: 15, 3: 60, 6: 31}","{1: 46, 0: 60}","{1: 72, 0: 20, 2: 14}","{1: 69, 0: 37}","{1: 80, 0: 12, 2: 14}",0.06105071714526182,0.02159577291993826,0.06431053853548599,0.081678474369002,0.179420101718002,0.08054212355387871,0.19361943986491953,0.14101427885945422,0.14759623844972283,0.008332437634261627,0.22585958161298011,0.09753791537698688
4030,2,success,3,5,0,2753.3541055436326,2461,492.2,471.0,0.05,0.1,5.1951985359191895,43.1795539855957,-305.2395324707031,524.6382446289062,2500.0,376.15410554363865,2117,-122.79999999999517,0.0,0.0,1.1187948417487332,"{6: 42, 5: 51, 4: 63, 3: 25, 0: 41, 1: 10, 2: 14}","{3: 121, 2: 75, 6: 8, 5: 7, 4: 9, 0: 22, 1: 4}","{1: 64, 2: 101, 0: 81}","{1: 160, 2: 29, 0: 57}","{1: 80, 2: 94, 0: 72}","{1: 149, 2: 36, 0: 61}",0.12258670373559985,0.022904080144214082,0.14365282710917138,0.09162221905968987,0.1844617793006331,0.15654462739554176,0.24134162351534738,0.23452527858143096,0.1916593386148959,0.19074188039529796,0.1654706155754006,0.11621188243291582
4040,2,max_steps,3,4,0,2129.4250618765013,3500,667.75,592.5,0.05,0.1,5.205632209777832,43.27684783935547,-324.8078308105469,524.6382446289062,2000.0,304.32208662892754,3095,-174.8000000000055,-0.09702475242040848,0.0,0.6084071605361432,"{2: 74, 3: 14, 5: 49, 6: 53, 4: 77, 0: 80, 1: 3}","{4: 30, 3: 222, 2: 29, 5: 14, 0: 31, 1: 5, 6: 19}","{1: 122, 0: 109, 2: 119}","{1: 222, 2: 68, 0: 60}","{1: 213, 0: 84, 2: 53}","{1: 250, 0: 48, 2: 52}",0.0707874924900073,0.022472578992394077,0.08398690615203921,0.09044614026517331,0.1435188689243913,0.1680425372729715,0.20015323794012033,0.18739633839219233,0.14157260682746725,0.07563023840364361,0.22534126947683014,0.0997889334396954
4050,2,crash,3,2,1,1.7419731898195323,1525,656.5,656.5,0.05,0.1,5.2129716873168945,43.39368438720703,-324.8078308105469,524.6382446289062,1000.0,134.92553031565512,1170,-76.14999999999782,-57.03355712583362,-1000.0,0.0011422775015210048,"{2: 68, 3: 3, 0: 5, 1: 55, 4: 12, 5: 9}","{6: 3, 5: 8, 4: 9, 3: 80, 0: 18, 1: 6, 2: 28}","{1: 77, 0: 75}","{1: 80, 2: 24, 0: 48}","{1: 115, 0: 37}","{1: 111, 0: 26, 2: 15}",0.04880532570054423,0.027985726719235875,0.0607801790239173,0.06091586961563397,0.10625120132891555,0.17949393976738826,0.14664984196184447,0.11980629453221173,0.08776195759192297,0.025360137287001004,0.1619574083146827,0.15195435005171104
4060,2,crash,3,2,1,79.3021543962767,1324,619.5,619.5,0.05,0.1,5.226715564727783,43.451622009277344,-324.8078308105469,540.1956176757812,1000.0,164.8907354828761,1065,-66.09999999999839,-19.488581086599194,-1000.0,0.059895887006251286,"{4: 33, 3: 1, 0: 66, 1: 12, 2: 11, 6: 9}","{4: 7, 3: 102, 2: 14, 0: 9}","{1: 25, 2: 29, 0: 78}","{1: 110, 2: 15, 0: 7}","{1: 37, 2: 23, 0: 72}","{1: 100, 2: 15, 0: 17}",0.11691802066198304,0.01913797950805144,0.13137817714281871,0.08603008822033881,0.19158538097390737,0.04623066979380908,0.24919118636195706,0.1947171799477814,0.21729205364666704,0.018857752904343772,0.28944548640603396,0.08818551817944564
4070,2,max_steps,3,4,0,2166.8995875255328,3500,708.0,536.0,0.05,0.1,5.223952293395996,43.507118225097656,-324.8078308105469,540.1956176757812,2000.0,341.69958752555567,2541,-174.8000000000055,0.0,0.0,0.619114167864438,"{5: 43, 4: 93, 3: 20, 0: 55, 1: 24, 2: 27, 6: 88}","{2: 110, 3: 139, 1: 31, 6: 13, 5: 5, 4: 52}","{1: 112, 2: 111, 0: 127}","{1: 231, 0: 67, 2: 52}","{1: 177, 2: 73, 0: 100}","{1: 269, 2: 39, 0: 42}",0.09404889643878679,0.02623405232830097,0.0981807395536464,0.06916477750320908,0.19772832564569523,0.07034764050103567,0.24081726120696723,0.21905082802509565,0.18235585940899232,0.03177411591663675,0.24391982715361715,0.08500928116576308
4080,2,crash,3,1,1,-483.2438664048941,627,498.0,498.0,0.05,0.1,5.222598075866699,43.587032318115234,-324.8078308105469,540.1956176757812,500.0,78.60662747772965,497,-31.30000000000031,-30.550493882624146,-1000.0,-0.7707238698642649,"{6: 28, 5: 10, 4: 11, 1: 2, 0: 11}","{2: 39, 3: 10, 6: 13}","{1: 13, 2: 49}","{1: 38, 0: 16, 2: 8}","{1: 15, 2: 47}","{1: 53, 2: 1, 0: 8}",0.14555440976024042,0.027926395368121793,0.16578794927822882,0.05439460664348981,0.18901076970839437,0.05993374226683968,0.19421402210768926,0.11357823575093126,0.18718494823248927,0.0024233759121480413,0.20176129371414228,0.03229790950759893
4090,2,max_steps,3,4,0,2026.0519035583895,3500,727.25,762.0,0.05,0.1,5.231093883514404,43.63364028930664,-324.8078308105469,525.9295654296875,2000.0,374.2760924460797,3098,-174.8000000000055,-173.4241888876799,0.0,0.5788719724452541,"{3: 52, 0: 44, 1: 34, 2: 41, 4: 54, 5: 67, 6: 58}","{0: 5, 1: 24, 2: 61, 3: 176, 6: 32, 5: 9, 4: 43}","{1: 151, 0: 107, 2: 92}","{1: 202, 0: 72, 2: 76}","{1: 216, 0: 71, 2: 63}","{1: 269, 0: 44, 2: 37}",0.06736757721094877,0.025039621742373334,0.07396186322445322,0.0686337629662511,0.14651994376560815,0.1062117908320819,0.17653733069670585,0.12240431151561276,0.12562157155707568,0.13549770475023687,0.1345355849570422,0.16783696206209683
4100,2,crash,3,3,1,568.9213100864645,2509,771.6666666666666,890.0,0.05,0.1,5.263225555419922,43.787044525146484,-324.8078308105469,527.7281494140625,1500.0,324.82840758107096,2001,-125.29999999999502,-130.6070974946041,-1000.0,0.22675221605678136,"{6: 69, 5: 33, 4: 27, 3: 3, 0: 88, 1: 18, 2: 12}","{1: 8, 2: 34, 6: 44, 5: 6, 4: 17, 3: 122, 0: 19}","{1: 41, 2: 130, 0: 79}","{1: 165, 0: 32, 2: 53}","{1: 83, 2: 106, 0: 61}","{1: 179, 2: 29, 0: 42}",0.10728008717294388,0.022560153718579175,0.12340351653720279,0.08520623921819706,0.16876126170911365,0.08482381586013817,0.18910727716174097,0.17546653884917585,0.16916522535076087,0.029844345490496447,0.22835551464715195,0.1105008869480109
4110,2,success,3,5,0,2641.129118863178,2093,418.6,413.0,0.05,0.1,5.288348197937012,43.930580139160156,-324.8078308105469,539.55078125,2500.0,245.52911886318438,1716,-104.39999999999621,0.0,0.0,1.2618868221993207,"{3: 84, 2: 65, 6: 38, 5: 11, 4: 11}","{5: 20, 4: 21, 0: 17, 1: 47, 2: 63, 6: 17, 3: 24}","{1: 134, 0: 36, 2: 39}","{1: 60, 2: 61, 0: 88}","{1: 147, 0: 16, 2: 46}","{1: 186, 0: 10, 2: 13}",0.02124050829236869,0.052890183952933385,0.025900192776359004,0.025640105490570726,0.1373165685539885,0.14001367464547404,0.1699040372245059,0.1108987286645622,0.17163285302004344,0.15643674982383676,0.16577557002386967,0.08819370584229927
4120,2,success,3,5,0,2501.361271202436,2355,471.0,323.0,0.05,0.1,5.304862022399902,44.03163528442383,-324.8078308105469,521.2783813476562,2500.0,317.08680537248034,2139,-117.49999999999547,-198.22553417003724,0.0,1.0621491597462573,"{4: 42, 3: 38, 0: 26, 1: 64, 2: 65}","{4: 28, 3: 99, 1: 15, 2: 17, 6: 18, 5: 5, 0: 53}","{1: 117, 2: 48, 0: 70}","{1: 110, 2: 42, 0: 83}","{1: 144, 2: 32, 0: 59}","{1: 183, 2: 16, 0: 36}",0.050053445770194854,0.034047191973541724,0.07765883302465004,0.06939399141942629,0.1606916208445976,0.20625079975401647,0.19231684747767538,0.11053747080016406,0.19661606534018874,0.14983187933705933,0.18097597320407854,0.09737243563670907
4130,2,success,3,5,0,2673.175249121251,3060,612.0,580.0,0.05,0.1,5.331132888793945,44.146812438964844,-324.8078308105469,520.4853515625,2500.0,435.9353082382057,2301,-152.75000000000048,-110.01005911693929,0.0,0.873586682719363,"{6: 39, 5: 103, 4: 57, 0: 74, 1: 14, 2: 18, 3: 1}","{2: 37, 3: 191, 1: 34, 5: 17, 4: 27}","{1: 68, 2: 125, 0: 113}","{1: 214, 0: 45, 2: 47}","{1: 111, 2: 103, 0: 92}","{1: 184, 2: 55, 0: 67}",0.10522773484333757,0.018869181035459554,0.14208621868937923,0.0961511276127207,0.22546990653989707,0.07370868583734887,0.2486906755249565,0.20693753054306335,0.24897488432806883,0.014194617202755533,0.1871648057909332,0.14139385188800443
4140,2,crash,3,4,1,1084.6429209728144,2128,488.75,403.0,0.05,0.1,5.3574934005737305,44.2735595703125,-324.8078308105469,529.8995971679688,2000.0,252.60825287463427,1716,-106.19999999999611,-61.765331901811315,-1000.0,0.5097006207579015,"{4: 39, 3: 24, 2: 48, 0: 12, 1: 16, 6: 68, 5: 5}","{3: 128, 2: 34, 4: 33, 0: 17}","{1: 49, 2: 96, 0: 67}","{1: 148, 2: 38, 0: 26}","{1: 109, 2: 57, 0: 46}","{1: 163, 2: 20, 0: 29}",0.09715430032908864,0.023470003304217113,0.09760638729246579,0.06386628941652571,0.25370535209308703,0.08478627269785718,0.26940630920881425,0.12398138119523375,0.10666760322086945,0.12195840109320165,0.11977245640536228,0.1173092962178194
4150,2,crash,3,1,1,-492.0559997927774,725,552.0,552.0,0.05,0.1,5.381450653076172,44.40647506713867,-324.8078308105469,540.4827880859375,500.0,70.72143447500315,551,-36.20000000000008,-26.577434267781808,-1000.0,-0.6786979307486585,"{0: 11, 1: 26, 2: 17, 3: 1, 5: 5, 6: 12}","{6: 6, 5: 6, 4: 11, 3: 32, 2: 17}","{1: 15, 0: 57}","{1: 44, 2: 27, 0: 1}","{1: 38, 0: 34}","{1: 45, 0: 14, 2: 13}",0.0694824612794688,0.026631579616375953,0.09677907401769029,0.09327558552030182,0.23374603373321956,0.16491714565726165,0.2589609744342224,0.14834426518043087,0.18773124560216228,0.008649328621459604,0.26666311985584185,0.08212098375809632
4160,2,crash,3,3,1,413.4541605309247,2539,796.0,890.0,0.05,0.1,5.394364356994629,44.52583312988281,-324.8078308105469,540.4827880859375,1500.0,283.45689139149295,1646,-126.79999999999494,-243.20273086056963,-1000.0,0.16284133931899358,"{6: 19, 5: 21, 4: 17, 3: 2, 0: 92, 1: 55, 2: 47}","{3: 135, 2: 19, 5: 46, 6: 2, 4: 14, 0: 21, 1: 16}","{1: 52, 2: 95, 0: 106}","{1: 149, 0: 58, 2: 46}","{1: 113, 2: 53, 0: 87}","{1: 181, 2: 45, 0: 27}",0.09428026381683553,0.02729625761940957,0.11676260983852828,0.08755357605282771,0.20143894365497472,0.08405807816841578,0.22817358994605963,0.17737060884725203,0.2601079260709933,0.025473635517948835,0.22911954939758206,0.19920867954345822
4170,2,max_steps,3,4,0,2078.441085700749,3500,688.75,604.0,0.05,0.1,5.418894290924072,44.541053771972656,-324.8078308105469,540.1570434570312,2000.0,302.2239559224728,2912,-174.8000000000055,-48.982870221710066,0.0,0.5938403102002141,"{0: 23, 1: 13, 2: 81, 3: 20, 4: 108, 5: 56, 6: 49}","{4: 32, 3: 163, 2: 67, 0: 18, 1: 44, 6: 18, 5: 8}","{1: 136, 0: 108, 2: 106}","{1: 189, 2: 56, 0: 105}","{1: 205, 0: 67, 2: 78}","{1: 221, 0: 65, 2: 64}",0.06660423910039087,0.028353419650495502,0.08868687507073553,0.09292230143853196,0.13042996717375532,0.12632832090161528,0.16504410154813862,0.16851618473375887,0.059830382674417266,0.044246359861437795,0.1071971745802369,0.1511532503359684
4180,2,crash,3,2,1,70.67102276184653,1653,724.5,724.5,0.05,0.1,5.439768314361572,44.60855484008789,-324.8078308105469,539.0562744140625,1000.0,204.155311987586,1130,-82.54999999999745,-50.934289225739136,-1000.0,0.04275318981357927,"{2: 45, 3: 3, 6: 76, 5: 7, 4: 13, 0: 21}","{6: 27, 5: 7, 4: 21, 3: 36, 0: 61, 1: 4, 2: 9}","{1: 71, 0: 24, 2: 70}","{1: 48, 2: 66, 0: 51}","{1: 93, 0: 13, 2: 59}","{1: 128, 0: 24, 2: 13}",0.0805152917288072,0.047894259782733324,0.08489983987068817,0.06737498166596921,0.19695824805980597,0.18612867710448094,0.24382566036772463,0.10490546695053446,0.12906511052007955,0.037595100071931745,0.10273791067966624,0.10163297465447797
4190,2,success,3,5,0,2601.8997343734495,1720,344.0,359.0,0.05,0.1,5.47150182723999,44.74415588378906,-324.8078308105469,550.8457641601562,2500.0,187.64973437345026,1650,-85.74999999999727,0.0,0.0,1.5127324037054939,"{4: 69, 3: 35, 2: 27, 1: 17, 5: 24}","{2: 44, 3: 76, 5: 7, 4: 18, 0: 15, 1: 12}","{1: 74, 2: 61, 0: 37}","{1: 98, 0: 50, 2: 24}","{1: 103, 2: 47, 0: 22}","{1: 130, 2: 21, 0: 21}",0.06023990636554058,0.027490145920710078,0.08198487742963409,0.06199823323667467,0.11321400899716635,0.1251237391176347,0.14880543044722944,0.1629235594254874,0.13060898946189772,0.1034335959962352,0.13702858038677904,0.18521837351800763
4200,2,crash,3,1,1,-482.49751708180486,646,493.0,493.0,0.05,0.1,5.486519813537598,44.85206985473633,-324.8078308105469,546.8614501953125,500.0,74.29141225986905,492,-32.250000000000306,-24.538929341674727,-1000.0,-0.746900181241184,"{0: 19, 1: 14, 2: 16, 6: 15}","{5: 8, 4: 23, 3: 33}","{1: 11, 0: 53}","{1: 35, 2: 21, 0: 8}","{1: 16, 0: 48}","{1: 44, 0: 11, 2: 9}",0.10768442884777948,0.027181594485329155,0.1439238972330283,0.09230775962017201,0.21645778764813314,0.17575113690161573,0.2521082959268591,0.12536734430599844,0.17434147726591603,0.024329752865050066,0.25170691340812584,0.0956707074245577
4210,2,max_steps,3,4,0,2116.3927760114866,3500,757.5,745.0,0.05,0.1,5.504889011383057,44.930686950683594,-324.8078308105469,546.8614501953125,2000.0,291.1927760114863,2988,-174.8000000000055,0.0,0.0,0.6046836502889962,"{4: 78, 5: 58, 3: 3, 6: 49, 2: 129, 0: 4, 1: 29}","{2: 47, 3: 226, 5: 15, 4: 29, 0: 10, 1: 6, 6: 17}","{1: 174, 0: 92, 2: 84}","{1: 232, 0: 52, 2: 66}","{1: 275, 0: 28, 2: 47}","{1: 282, 0: 37, 2: 31}",0.05128055086595121,0.023002780068192237,0.06277392930502801,0.06362370002145173,0.0952170031995124,0.14317429991526126,0.1230677266963318,0.11073003112341749,0.11656879772520343,0.026766507024371545,0.08774657560060257,0.21770049678001832
4220,2,crash,3,1,1,-484.7790112297181,933,799.0,799.0,0.05,0.1,5.5181355476379395,44.97429656982422,-324.8078308105469,538.4984741210938,500.0,90.90662377169012,798,-46.59999999999949,-29.085635001408644,-1000.0,-0.5195916519075221,"{0: 34, 1: 11, 2: 34, 6: 14}","{0: 6, 1: 7, 2: 19, 3: 61}","{1: 35, 0: 58}","{1: 67, 0: 23, 2: 3}","{1: 45, 0: 48}","{1: 63, 0: 17, 2: 13}",0.07953464469566404,0.01644294797262314,0.10164547852790207,0.09002329319242491,0.16050939019884564,0.14139715537328784,0.19519263268787754,0.16963577882302575,0.11262677441463904,0.02592099861712118,0.20349010500014317,0.09893686397368899
4230,2,success,3,5,0,2606.3845902774083,3438,687.6,680.0,0.05,0.1,5.534923076629639,45.0020637512207,-324.8078308105469,567.0791015625,2500.0,278.03459027741224,3071,-171.65000000000478,0.0,0.0,0.758110701069636,"{0: 58, 1: 67, 2: 72, 3: 25, 4: 81, 5: 40}","{3: 260, 2: 25, 4: 17, 0: 36, 1: 5}","{1: 185, 0: 84, 2: 74}","{1: 269, 2: 29, 0: 45}","{1: 259, 0: 25, 2: 59}","{1: 266, 0: 49, 2: 28}",0.046915004836364974,0.012990700377649675,0.04980301032137904,0.07760322256459387,0.1083347598252837,0.13436090467806203,0.14061395048437514,0.10671622405993202,0.14348963166272027,0.01562557242150402,0.11335775397145038,0.09923507157279099
4240,2,crash,3,2,1,-75.24109083170197,925,218.0,218.0,0.05,0.1,5.554898262023926,45.10752868652344,-324.8078308105469,551.3829956054688,1000.0,84.28727976342823,679,-46.149999999999515,-113.37837059512583,-1000.0,-0.08134171981805619,"{3: 11, 0: 12, 1: 12, 2: 8, 5: 7, 6: 42}","{4: 18, 3: 6, 2: 19, 0: 49}","{1: 42, 0: 50}","{1: 20, 2: 27, 0: 45}","{1: 49, 0: 43}","{1: 35, 0: 30, 2: 27}",0.064142380714759,0.06227786066569495,0.09685495625015339,0.11647147432768722,0.22351489756303092,0.18318287712374667,0.2780412783226805,0.2107412840941506,0.23006838930148285,0.14807857904099947,0.2427696570445048,0.09859885709068232
4250,2,success,3,5,0,2745.8336025700482,2259,451.8,467.0,0.05,0.1,5.572484493255615,45.22959518432617,-333.58380126953125,542.91259765625,2500.0,358.5336025700474,2234,-112.69999999999574,0.0,0.0,1.2155084562063074,"{4: 88, 3: 23, 6: 40, 5: 18, 0: 37, 1: 9, 2: 10}","{5: 14, 4: 28, 3: 105, 1: 18, 2: 46, 6: 1, 0: 13}","{1: 71, 2: 89, 0: 65}","{1: 114, 2: 53, 0: 58}","{1: 100, 2: 79, 0: 46}","{1: 187, 2: 25, 0: 13}",0.09595560990675957,0.029226069607893455,0.1108241633013646,0.0625899522432367,0.20697301346635177,0.16099129555551872,0.2352667019747837,0.10659000355213867,0.2274920736114807,0.05748718589900133,0.21054113187200874,0.10545348178695377
4260,2,max_steps,3,4,0,1975.1879834255076,3500,614.5,596.5,0.05,0.1,5.593546390533447,45.3090934753418,-333.58380126953125,551.4484252929688,2000.0,291.83725022983043,2519,-174.8000000000055,-141.8492668043202,0.0,0.5643394238358593,"{2: 48, 3: 22, 4: 171, 5: 88, 6: 21}","{6: 10, 5: 22, 4: 17, 3: 193, 0: 41, 1: 15, 2: 52}","{1: 186, 0: 80, 2: 84}","{1: 177, 2: 60, 0: 113}","{1: 249, 0: 37, 2: 64}","{1: 248, 0: 64, 2: 38}",0.0461059187181488,0.029632837240645516,0.06592888968396074,0.07736476424374271,0.11979499240318903,0.17558025756361695,0.14759921629275727,0.1275885680680766,0.12576010361152717,0.10395951351858881,0.13090171045216248,0.10847668339982061
4270,2,success,3,5,0,2596.396018861577,3435,687.0,710.0,0.05,0.1,5.623701095581055,45.43095779418945,-333.58380126953125,543.4581909179688,2500.0,378.94968582225334,2917,-171.50000000000475,-111.05366696067445,0.0,0.7558649254327735,"{0: 66, 1: 36, 2: 39, 3: 14, 4: 109, 6: 16, 5: 63}","{2: 40, 3: 196, 1: 17, 6: 39, 5: 18, 4: 20, 0: 13}","{1: 89, 0: 153, 2: 101}","{1: 204, 0: 77, 2: 62}","{1: 183, 0: 81, 2: 79}","{1: 249, 0: 59, 2: 35}",0.08145211769879356,0.021681864340120108,0.09505214022562895,0.08600973054484692,0.15191054291104852,0.14461325932516977,0.17926059736077113,0.1294565115763026,0.17286251220803298,0.012545668903247244,0.18713564343773706,0.10383079573044382
4280,2,crash,3,1,1,-490.8285476935088,863,749.0,749.0,0.05,0.1,5.623017311096191,45.52049255371094,-333.58380126953125,535.8665161132812,500.0,79.18122661706754,748,-43.09999999999969,-26.909774310577014,-1000.0,-0.5687468687062674,"{0: 32, 1: 21, 2: 21, 6: 12}","{3: 74, 2: 12}","{1: 18, 0: 68}","{1: 82, 2: 4}","{1: 49, 0: 37}","{1: 57, 0: 18, 2: 11}",0.08035722842204171,0.017689202202696715,0.09182570966399431,0.08756733539895728,0.18559545940049,0.027536743585692344,0.21644589211941,0.10864768688638679,0.16258319206469657,0.006233090295075083,0.2425242050476968,0.09746909776220633
4290,2,success,3,5,0,2684.84287124643,2493,498.6,603.0,0.05,0.1,5.641982078552246,45.60435104370117,-333.58380126953125,535.8665161132812,2500.0,309.24287124643865,2029,-124.39999999999507,0.0,0.0,1.0769526158228762,"{2: 139, 1: 6, 3: 14, 5: 24, 6: 47, 4: 19}","{0: 20, 1: 13, 2: 21, 3: 98, 4: 51, 6: 32, 5: 14}","{1: 97, 0: 87, 2: 65}","{1: 105, 0: 65, 2: 79}","{1: 165, 0: 27, 2: 57}","{1: 201, 0: 36, 2: 12}",0.06452986619172213,0.034767944004639326,0.07835966295173218,0.05798872066069598,0.20509694279103083,0.1734902578178924,0.2199725068015104,0.10899955378424915,0.1917202935649997,0.07454861541101414,0.16340517550259015,0.16303206639280834
4300,2,crash,3,2,1,35.95323429229484,1479,687.0,687.0,0.05,0.1,5.655655384063721,45.6847038269043,-333.58380126953125,535.8665161132812,1000.0,139.6759186659785,1074,-73.84999999999795,-29.872684373682258,-1000.0,0.024309150975182447,"{4: 73, 3: 3, 0: 46, 1: 7, 2: 8, 6: 10}","{4: 7, 3: 105, 2: 25, 6: 10}","{1: 62, 2: 24, 0: 61}","{1: 118, 2: 11, 0: 18}","{1: 80, 2: 10, 0: 57}","{1: 99, 2: 22, 0: 26}",0.060524282816983174,0.015381400120588013,0.09473918470266178,0.09278547106543839,0.21624660544709115,0.06338216137505898,0.22999902703970396,0.1628644505446968,0.07252678579772012,0.025231063161149744,0.10413330025019508,0.20488065180478213
4310,2,max_steps,3,4,0,2222.2356611361142,3500,705.5,734.5,0.05,0.1,5.664868354797363,45.80473327636719,-333.58380126953125,535.8665161132812,2000.0,400.34448241684413,2864,-174.8000000000055,-3.3088212807205926,0.0,0.6349244746103183,"{6: 80, 5: 22, 4: 51, 3: 5, 1: 35, 0: 87, 2: 70}","{5: 5, 4: 24, 3: 219, 2: 49, 0: 39, 1: 14}","{1: 120, 2: 105, 0: 125}","{1: 237, 2: 34, 0: 79}","{1: 195, 2: 74, 0: 81}","{1: 262, 2: 37, 0: 51}",0.07325695242422217,0.02184336341437701,0.08882723571154608,0.08059047568149344,0.16791787373971323,0.1308195464532208,0.18657416316786568,0.11157944182371259,0.1221707807676117,0.015602355187517002,0.11866527498787977,0.10993631565527695
4320,2,success,3,5,0,2702.336849349006,3310,662.0,638.0,0.05,0.1,5.686735153198242,45.85918045043945,-333.58380126953125,535.8665161132812,2500.0,372.9783151129262,2426,-165.25000000000333,-5.391465763910224,0.0,0.8164159665706967,"{1: 76, 2: 33, 3: 30, 4: 79, 5: 53, 0: 15, 6: 45}","{6: 16, 5: 19, 4: 19, 3: 182, 0: 50, 1: 5, 2: 40}","{1: 126, 0: 96, 2: 109}","{1: 184, 2: 67, 0: 80}","{1: 169, 0: 66, 2: 96}","{1: 251, 0: 58, 2: 22}",0.07313164387374527,0.027250263458927712,0.09650465837334923,0.0723511658748085,0.15740398306565573,0.15020804512748714,0.18417102324330753,0.15013903917430982,0.14344678827205354,0.09507123644801821,0.1691496957928754,0.09886782224700653
4330,2,crash,3,2,1,-41.04956105531596,1974,742.0,742.0,0.05,0.1,5.70908784866333,45.90888214111328,-333.58380126953125,530.3196411132812,1000.0,255.31195545552447,1538,-98.59999999999654,-197.76151651083725,-1000.0,-0.020795117049298865,"{6: 81, 5: 25, 4: 14, 3: 3, 0: 60, 1: 6, 2: 8}","{0: 11, 1: 7, 2: 10, 3: 100, 4: 38, 5: 31}","{1: 57, 2: 55, 0: 85}","{1: 115, 0: 38, 2: 44}","{1: 80, 2: 37, 0: 80}","{1: 117, 2: 35, 0: 45}",0.09615500097998968,0.025772227717188158,0.12093887312189103,0.09336199716713992,0.2317069980057713,0.13129564628723037,0.24998834268818626,0.17516154601586473,0.23956041199876288,0.017872160340833713,0.19659755177015925,0.12377564488500141
4340,2,max_steps,3,2,0,1132.2918271187627,3500,1297.0,1297.0,0.05,0.1,5.7341084480285645,45.92768859863281,-333.58380126953125,529.98486328125,1000.0,307.19182711877124,2898,-174.90000000000552,0.0,0.0,0.3235119506053608,"{6: 108, 5: 45, 4: 73, 3: 2, 0: 69, 1: 14, 2: 39}","{2: 67, 3: 252, 4: 10, 0: 11, 1: 10}","{1: 107, 2: 118, 0: 125}","{1: 286, 0: 52, 2: 12}","{1: 206, 2: 76, 0: 68}","{1: 263, 2: 36, 0: 51}",0.07578437554464518,0.01987399372937916,0.08864684116885169,0.08370817784731,0.10653672332550965,0.03331471915044145,0.14665567146008032,0.1629207458453944,0.08669553771700952,0.02747932616162409,0.23167529483358057,0.3280593771718183
4350,2,crash,3,2,1,26.656186377437734,1729,737.5,737.5,0.05,0.1,5.743805408477783,45.9704704284668,-333.58380126953125,533.3074951171875,1000.0,201.749156640231,1102,-86.34999999999724,-88.74297026279235,-1000.0,0.015417111843515173,"{4: 45, 3: 11, 0: 65, 1: 7, 2: 20, 5: 18, 6: 6}","{4: 31, 3: 83, 2: 18, 0: 19, 1: 5, 6: 10, 5: 6}","{1: 59, 2: 46, 0: 67}","{1: 72, 2: 41, 0: 59}","{1: 72, 2: 42, 0: 58}","{1: 106, 0: 36, 2: 30}",0.1171176650000913,0.03581658608148901,0.1326920797524927,0.09338313218123974,0.27746800290099355,0.16154714402074768,0.36264484699356864,0.2733623630396069,0.1098838229046798,0.03302643991096036,0.18825533920854587,0.0920181385516394
4360,2,crash,3,3,1,515.4796910805793,2209,635.3333333333334,519.0,0.05,0.1,5.764671802520752,46.02747344970703,-333.58380126953125,539.4183349609375,1500.0,199.75646034890184,1817,-110.29999999999588,-73.97676926831608,-1000.0,0.2333543191854139,"{4: 56, 3: 5, 2: 76, 0: 22, 1: 44, 5: 17}","{4: 38, 3: 121, 0: 18, 1: 5, 2: 8, 6: 16, 5: 14}","{1: 104, 2: 18, 0: 98}","{1: 110, 2: 76, 0: 34}","{1: 181, 2: 7, 0: 32}","{1: 186, 2: 10, 0: 24}",0.05606629404930345,0.03014745562837836,0.05367157881627929,0.06086305366618943,0.09157040319189033,0.16028625933496876,0.1132699496035482,0.10589132088462798,0.0910595492551072,0.036774990421635706,0.13175147101869517,0.16496027159018234
4370,2,crash,3,1,1,-557.8969096746041,1141,711.0,711.0,0.05,0.1,5.77943229675293,46.120914459228516,-333.58380126953125,539.4183349609375,500.0,88.99823308748108,799,-56.9999999999989,-89.89514276208611,-1000.0,-0.4889543467787941,"{0: 29, 1: 11, 2: 30, 3: 1, 6: 43}","{5: 7, 4: 10, 3: 51, 2: 3, 0: 34, 1: 9}","{1: 32, 0: 82}","{1: 66, 2: 27, 0: 21}","{1: 70, 0: 44}","{1: 82, 0: 20, 2: 12}",0.06639125863894255,0.0255925670967301,0.07207126156778018,0.08565366001854002,0.1172804053940443,0.12712345754061152,0.1474987154243531,0.13474159684296014,0.08477653326726933,0.007595992493235948,0.11763626359860369,0.07861076213287381
4380,2,crash,3,1,1,-507.3732163393413,1515,693.0,693.0,0.05,0.1,5.792369842529297,46.14503860473633,-333.58380126953125,537.4966430664062,500.0,147.4694445817815,1131,-75.69999999999784,-79.14266092112449,-1000.0,-0.3348998127652418,"{0: 25, 1: 16, 2: 27, 3: 6, 4: 69, 5: 8}","{0: 9, 1: 6, 2: 26, 3: 75, 6: 24, 5: 4, 4: 7}","{1: 85, 0: 66}","{1: 80, 0: 29, 2: 42}","{1: 120, 0: 31}","{1: 123, 0: 11, 2: 17}",0.04531861503487349,0.02867671502142338,0.050987046850906444,0.04602591914883008,0.1165525108775537,0.2070166785082172,0.13980843169814386,0.15363689084153814,0.14432709346441644,0.0322362694479062,0.1923620978781292,0.0834629931449604
4390,2,success,3,5,0,2696.373521393886,3410,682.0,636.0,0.05,0.1,5.816042900085449,46.150264739990234,-333.58380126953125,537.4966430664062,2500.0,466.74862192497716,2775,-170.25000000000446,-100.12510053108643,0.0,0.7907253728427819,"{5: 41, 4: 114, 3: 25, 6: 65, 2: 37, 1: 14, 0: 45}","{0: 26, 1: 12, 2: 36, 3: 191, 6: 34, 5: 8, 4: 34}","{1: 76, 2: 149, 0: 116}","{1: 192, 0: 68, 2: 81}","{1: 124, 2: 134, 0: 83}","{1: 211, 2: 72, 0: 58}",0.11351483472045745,0.025632922940229435,0.12258309637631316,0.0894532494890839,0.21732099628311952,0.14263136631181483,0.23986640587172053,0.21639631073106175,0.14934023533946508,0.028973590232416968,0.1741218280822392,0.11730379984216195
4400,2,success,3,5,0,2779.6115768431273,2801,560.2,648.0,0.05,0.1,5.847718238830566,46.22983169555664,-333.58380126953125,533.8033447265625,2500.0,419.4115768431388,2154,-139.79999999999754,0.0,0.0,0.9923640045851936,"{2: 28, 3: 5, 1: 50, 0: 57, 6: 93, 5: 18, 4: 29}","{2: 54, 3: 164, 5: 22, 4: 12, 1: 28}","{1: 68, 2: 127, 0: 85}","{1: 172, 0: 62, 2: 46}","{1: 95, 0: 78, 2: 107}","{1: 189, 2: 46, 0: 45}",0.11605786872593436,0.023534491323130395,0.14138361047309472,0.07290283940881764,0.21814252231414288,0.10499540507365487,0.2397077959021713,0.20591133348143867,0.21997333950951672,0.10447426231293779,0.20455561309388381,0.19108834179040268
4410,2,max_steps,3,4,0,2205.1303111090156,3500,746.25,612.5,0.05,0.1,5.866560935974121,46.2921142578125,-333.6182861328125,521.898193359375,2000.0,380.05462326984446,2981,-174.8000000000055,-0.12431216082336133,0.0,0.630037231745433,"{6: 51, 5: 20, 4: 48, 3: 32, 0: 128, 1: 53, 2: 18}","{0: 21, 1: 13, 2: 59, 3: 186, 6: 37, 5: 17, 4: 17}","{1: 128, 2: 109, 0: 113}","{1: 210, 0: 65, 2: 75}","{1: 190, 2: 79, 0: 81}","{1: 245, 2: 49, 0: 56}",0.07659074615943734,0.020063521253251174,0.08869817971369975,0.09038365994790204,0.15026081231419205,0.1416230559625718,0.17112520814389443,0.11687266790252766,0.1483441774188477,0.08319451321906834,0.14831985839222092,0.13277012522673523
4420,2,success,3,5,0,2732.1462676503306,3191,638.2,635.0,0.05,0.1,5.902873992919922,46.39606475830078,-333.6182861328125,541.7158203125,2500.0,404.95350254316827,2642,-159.30000000000197,-13.507234892825602,0.0,0.8562037817769761,"{4: 122, 1: 12, 0: 43, 2: 43, 3: 43, 6: 51, 5: 5}","{0: 16, 1: 14, 2: 32, 3: 186, 6: 45, 5: 11, 4: 15}","{1: 95, 2: 118, 0: 106}","{1: 171, 0: 65, 2: 83}","{1: 160, 2: 84, 0: 75}","{1: 241, 2: 36, 0: 42}",0.08543087383860351,0.02467008516827526,0.09934626952706997,0.08182960218604127,0.1992811489215871,0.18607838352068365,0.2732178834262225,0.2284761940664119,0.212640898265994,0.17531088841105213,0.1886122656126192,0.42342674198531194
4430,2,success,3,5,0,2505.362435294897,2978,595.6,442.0,0.05,0.1,5.934656143188477,46.497196197509766,-333.6182861328125,544.0524291992188,2500.0,302.3528775978466,2420,-148.64999999999955,-148.3404423029414,0.0,0.8412902737726315,"{3: 35, 2: 71, 5: 59, 6: 33, 4: 27, 1: 16, 0: 56}","{0: 36, 1: 15, 2: 34, 3: 113, 4: 31, 6: 62, 5: 6}","{1: 109, 0: 108, 2: 80}","{1: 141, 0: 77, 2: 79}","{1: 211, 0: 52, 2: 34}","{1: 257, 0: 24, 2: 16}",0.07278207229289187,0.03208568423057579,0.08446521552329314,0.050520526374571745,0.10966832619764838,0.16527029834792692,0.1257384269619599,0.10729039319008102,0.10659506698762314,0.08487168456077077,0.13354290871136124,0.06438694177236802
4440,2,crash,3,3,1,586.0600630183258,1669,497.3333333333333,492.0,0.05,0.1,5.9578657150268555,46.57992172241211,-333.6182861328125,552.415771484375,1500.0,205.25328134090566,1562,-83.29999999999741,-35.893218322578925,-1000.0,0.3511444356011538,"{2: 47, 3: 26, 4: 37, 6: 31, 5: 8, 1: 3, 0: 14}","{6: 8, 5: 9, 4: 20, 3: 74, 1: 20, 2: 18, 0: 17}","{1: 72, 0: 26, 2: 68}","{1: 71, 2: 44, 0: 51}","{1: 96, 0: 9, 2: 61}","{1: 152, 0: 13, 2: 1}",0.06748285846603463,0.03285641162136864,0.08016047068725912,0.04441825844342987,0.1924435796952313,0.15707148084995537,0.20478081142123228,0.09858512006435159,0.12623182722663656,0.13329493775478404,0.12249031566783862,0.0958521906970453
4450,2,success,3,5,0,2733.9812160023966,2990,598.0,644.0,0.05,0.1,5.973414897918701,46.55780792236328,-333.6182861328125,538.8706665039062,2500.0,401.02204482300976,2879,-149.2499999999997,-17.790828820611456,0.0,0.9143749886295641,"{6: 74, 5: 43, 4: 54, 3: 32, 2: 50, 1: 17, 0: 29}","{5: 17, 4: 37, 3: 108, 0: 35, 1: 13, 2: 56, 6: 33}","{1: 96, 2: 124, 0: 79}","{1: 124, 2: 100, 0: 75}","{1: 187, 2: 57, 0: 55}","{1: 223, 2: 41, 0: 35}",0.07409717523131061,0.036837637562785824,0.08508560233899425,0.07868345052298706,0.1589586307829131,0.15615668922098636,0.20640173854045327,0.16469868691708484,0.1341027891483619,0.07373562181481685,0.1058686676505154,0.10202123241664285
4460,2,success,3,5,0,2688.0589839442605,2119,423.8,465.0,0.05,0.1,6.001596927642822,46.618675231933594,-333.6182861328125,551.3306884765625,2500.0,293.7589839442673,1903,-105.69999999999614,0.0,0.0,1.2685507239000757,"{3: 27, 6: 8, 5: 36, 4: 41, 0: 50, 1: 7, 2: 42}","{2: 52, 3: 114, 4: 24, 0: 16, 1: 5}","{1: 47, 2: 84, 0: 80}","{1: 141, 0: 52, 2: 18}","{1: 94, 2: 50, 0: 67}","{1: 150, 0: 28, 2: 33}",0.09692009675788149,0.025592234126219998,0.10522987418607822,0.0860983556956876,0.16310228075645988,0.11631212708016464,0.20391297110121093,0.1960338825205278,0.14832967889633072,0.09910192702012074,0.1416510001605646,0.09842062825736926
4470,2,crash,3,1,1,-566.9870320607367,975,677.0,677.0,0.05,0.1,6.021588325500488,46.72856140136719,-333.6182861328125,572.3743896484375,500.0,84.6100656901241,734,-48.69999999999937,-102.89709775086176,-1000.0,-0.5815251610879351,"{0: 25, 1: 15, 2: 26, 3: 1, 6: 30}","{5: 7, 4: 9, 3: 51, 0: 30}","{1: 31, 0: 66}","{1: 56, 2: 23, 0: 18}","{1: 56, 0: 41}","{1: 65, 0: 20, 2: 12}",0.07760168194012147,0.02748667205193794,0.07881379670654094,0.0897698428523166,0.1350381107175761,0.14630743292181342,0.1700134615784176,0.13001995617920936,0.14668144665882007,0.0018837494410165964,0.16928293501823521,0.09880200643548803
4480,2,success,3,5,0,2762.6681698540738,2696,539.2,649.0,0.05,0.1,6.037669658660889,46.83395004272461,-333.6182861328125,559.0770874023438,2500.0,397.6064408237216,2401,-134.54999999999634,-0.3882709696389333,0.0,1.0247285496491372,"{1: 36, 2: 55, 3: 25, 6: 52, 5: 6, 4: 61, 0: 34}","{2: 41, 3: 183, 5: 12, 4: 16, 1: 17}","{1: 74, 0: 116, 2: 79}","{1: 169, 0: 73, 2: 27}","{1: 151, 0: 63, 2: 55}","{1: 184, 0: 34, 2: 51}",0.07087886530640866,0.023281089333387604,0.08677195500142273,0.08017907871776861,0.25395102666563174,0.1322148230710152,0.2877653972806529,0.17016764105017632,0.14457233934960292,0.14531361363415266,0.16934851635251835,0.1050231724207767
4490,2,crash,3,1,1,-694.7811578517756,1584,1118.0,1118.0,0.05,0.1,6.0586981773376465,46.87480545043945,-333.6182861328125,550.81005859375,500.0,121.68813073311854,1483,-79.14999999999765,-237.31928858489422,-1000.0,-0.4386244683407674,"{0: 48, 1: 28, 2: 35, 3: 14, 4: 33}","{0: 13, 1: 8, 2: 22, 3: 77, 6: 6, 5: 8, 4: 24}","{1: 89, 0: 69}","{1: 79, 0: 43, 2: 36}","{1: 137, 0: 21}","{1: 129, 0: 22, 2: 7}",0.045187640418093825,0.029964862800907162,0.050294232728077426,0.07197378629044415,0.07917617125330617,0.11537949136299465,0.10712719255746672,0.10866431503814208,0.10038877766532711,0.04744310551469963,0.1798968691612294,0.09004765091878131
4500,2,success,3,5,0,2572.9544393433202,2061,412.2,386.0,0.05,0.1,6.086366653442383,46.91984176635742,-333.6182861328125,549.821044921875,2500.0,221.32600140459598,1860,-102.7999999999963,-45.57156206127384,0.0,1.2484009894921495,"{3: 77, 6: 33, 5: 18, 4: 29, 2: 49}","{0: 19, 1: 19, 2: 21, 4: 45, 3: 84, 5: 11, 6: 7}","{1: 121, 2: 57, 0: 28}","{1: 82, 0: 58, 2: 66}","{1: 167, 2: 20, 0: 19}","{1: 188, 2: 9, 0: 9}",0.03657961429184528,0.04953832416843809,0.04463926996507222,0.03998721577768745,0.09834346207558242,0.1594740701538392,0.1182557713176837,0.09773980607481389,0.04104343970632722,0.1810739418895965,0.08696213305894075,0.09232279478304392
4510,2,success,3,5,0,2682.536004404077,3304,660.8,548.0,0.05,0.1,6.107112884521484,47.005340576171875,-333.6182861328125,535.1627197265625,2500.0,399.77618040363,2742,-164.95000000000326,-52.29017599955427,0.0,0.811905570340217,"{2: 66, 3: 104, 4: 49, 5: 31, 6: 80}","{4: 52, 3: 137, 1: 17, 2: 42, 5: 22, 0: 29, 6: 31}","{1: 156, 0: 73, 2: 101}","{1: 156, 2: 94, 0: 80}","{1: 216, 0: 54, 2: 60}","{1: 267, 0: 41, 2: 22}",0.052740281283962645,0.030476445312266766,0.06383486264294361,0.05102322377242857,0.15615918085566094,0.16988818384911714,0.18075549813276579,0.10883832928207803,0.17708078827273158,0.16008698302528887,0.12818601649242903,0.17466673302689506
4520,2,success,3,5,0,2682.919251968262,3182,636.4,592.0,0.05,0.1,6.130621910095215,47.0761604309082,-333.6182861328125,547.9397583007812,2500.0,341.76925196827364,2620,-158.85000000000187,0.0,0.0,0.8431550131892716,"{0: 18, 1: 17, 2: 81, 3: 11, 4: 83, 5: 32, 6: 76}","{6: 8, 5: 6, 4: 22, 3: 194, 1: 25, 2: 37, 0: 26}","{1: 84, 0: 105, 2: 129}","{1: 216, 2: 36, 0: 66}","{1: 168, 0: 59, 2: 91}","{1: 229, 0: 57, 2: 32}",0.08701172769404913,0.022269235170969688,0.09480341272556873,0.08623448318893773,0.14257977270354708,0.11151791114928207,0.17691850022962186,0.1471694363095181,0.09677021267490221,0.025858452574675728,0.154907035672123,0.1954398792702126
4530,2,crash,3,4,1,866.4818019654774,2451,538.5,406.0,0.05,0.1,6.153162479400635,47.173465728759766,-361.1278381347656,552.1215209960938,2000.0,258.6407567618695,1580,-122.34999999999519,-269.8089547963866,-1000.0,0.35352174702793854,"{3: 18, 2: 52, 5: 10, 6: 68, 4: 9, 0: 78, 1: 10}","{5: 8, 4: 23, 3: 176, 2: 8, 0: 19, 1: 11}","{1: 68, 0: 126, 2: 51}","{1: 167, 2: 55, 0: 23}","{1: 108, 0: 88, 2: 49}","{1: 138, 0: 53, 2: 54}",0.09157103096829074,0.02095677542340406,0.11589333658989852,0.09454684096366278,0.1881187880745584,0.08640807523911115,0.2321053456038345,0.23813394034113972,0.1847641040696903,0.13298347114028117,0.21495979840357485,0.21142186828489168
4540,2,crash,3,3,1,534.8055144492346,1538,445.3333333333333,488.0,0.05,0.1,6.174893379211426,47.23202896118164,-361.1278381347656,541.7974243164062,1500.0,167.1927640051979,1271,-76.74999999999778,-55.63724955596031,-1000.0,0.34772790276283133,"{3: 72, 0: 24, 1: 11, 2: 31, 4: 15}","{5: 11, 4: 21, 0: 26, 1: 4, 2: 29, 3: 62}","{1: 95, 0: 58}","{1: 78, 2: 39, 0: 36}","{1: 117, 0: 36}","{1: 115, 0: 25, 2: 13}",0.03942283291459994,0.02951176983427873,0.05576919669892141,0.056871007426914325,0.12292405041707691,0.1747150050773577,0.16113982982669053,0.14792926060397077,0.11338324196466575,0.1683354748025589,0.14567435442395835,0.09923454807624864
4550,2,max_steps,3,3,0,1440.3312295880887,3500,701.3333333333334,683.0,0.05,0.1,6.194275379180908,47.2302131652832,-361.1278381347656,541.8865966796875,1500.0,296.5278435813382,2707,-174.8500000000055,-181.34661399325066,0.0,0.41152320845373963,"{4: 41, 5: 18, 3: 4, 1: 37, 0: 11, 2: 99, 6: 140}","{1: 17, 2: 35, 3: 180, 6: 53, 5: 11, 4: 35, 0: 19}","{1: 157, 2: 94, 0: 99}","{1: 170, 0: 86, 2: 94}","{1: 234, 2: 56, 0: 60}","{1: 260, 2: 46, 0: 44}",0.058554022863768054,0.03055614732918463,0.06382421035505931,0.07361761754116786,0.10044947838913627,0.16665960106788308,0.13558626130352353,0.13397804963782212,0.13352956724308018,0.017711484842910474,0.1356875658352066,0.16440634357454809
4560,2,crash,3,1,1,-495.849925052881,635,467.0,467.0,0.05,0.1,6.198389053344727,47.23975372314453,-361.1278381347656,536.8570556640625,500.0,64.49593791629535,466,-31.700000000000315,-28.6458629691772,-1000.0,-0.7808660237053244,"{1: 22, 0: 14, 2: 10, 4: 4, 5: 6, 6: 7}","{5: 14, 4: 13, 3: 36}","{1: 21, 0: 42}","{1: 30, 2: 33}","{1: 23, 0: 40}","{1: 39, 0: 9, 2: 15}",0.12351590702896433,0.03087612888211779,0.16941005442209273,0.0841350924477001,0.25648606186855283,0.16359265145206794,0.2848699780982329,0.25231957353350454,0.22919224705511496,0.00573272255865418,0.3005773349390966,0.07419789967849393
4570,2,crash,3,2,1,52.602709608890564,1004,436.5,436.5,0.05,0.1,6.197084903717041,47.31468963623047,-361.1278381347656,536.8570556640625,1000.0,130.81048530478182,885,-50.09999999999929,-28.10777569589244,-1000.0,0.05239313706064797,"{3: 27, 0: 42, 1: 14, 2: 12, 4: 5}","{6: 6, 5: 7, 4: 6, 0: 16, 1: 18, 2: 8, 3: 39}","{1: 51, 0: 49}","{1: 38, 2: 23, 0: 39}","{1: 54, 0: 46}","{1: 76, 0: 14, 2: 10}",0.04598789690687195,0.07007566643932828,0.09497034941235766,0.08409545807771791,0.21069433185290587,0.1768928749213298,0.2545148391126296,0.16681449887505703,0.21395851633187118,0.18865111020291608,0.2860464217422706,0.08638848834126805
4580,2,success,3,5,0,2728.4151386774056,2986,597.2,636.0,0.05,0.1,6.222677707672119,47.37408447265625,-361.1278381347656,538.41455078125,2500.0,377.4651386774078,2774,-149.04999999999964,0.0,0.0,0.9137358133547909,"{5: 24, 4: 100, 3: 26, 2: 45, 0: 39, 1: 15, 6: 49}","{2: 48, 3: 121, 4: 48, 5: 23, 0: 29, 1: 8, 6: 21}","{1: 95, 2: 112, 0: 91}","{1: 149, 0: 71, 2: 78}","{1: 167, 2: 77, 0: 54}","{1: 187, 2: 48, 0: 63}",0.07684276588918684,0.030214152324293073,0.08588954907437311,0.09484468869100068,0.15608459790210152,0.18072798090545283,0.1851380898038788,0.16112132322102732,0.10601151570385325,0.03498019978233835,0.13301306476574226,0.16439987146929322
4590,2,crash,3,4,1,1127.865924263122,2373,550.0,535.0,0.05,0.1,6.243034362792969,47.485111236572266,-361.1278381347656,553.2999267578125,2000.0,300.44608318558596,1962,-118.44999999999541,-54.13015892246058,-1000.0,0.4752911606671395,"{2: 97, 1: 14, 6: 46, 5: 17, 4: 17, 3: 8, 0: 38}","{1: 26, 2: 40, 3: 127, 4: 26, 6: 18}","{1: 85, 0: 97, 2: 55}","{1: 146, 0: 57, 2: 34}","{1: 126, 0: 75, 2: 36}","{1: 167, 0: 43, 2: 27}",0.0745886708777482,0.02477121401209903,0.09673972996265379,0.08567590239043754,0.2264520515275803,0.12334520219401575,0.2614270367933988,0.17726540471792068,0.18031404374046706,0.13701187685612465,0.11571016113645288,0.18362849234445539
4600,2,max_steps,3,4,0,2165.2116619266453,3500,698.75,666.0,0.05,0.1,6.2698163986206055,47.54195785522461,-361.1278381347656,539.2496337890625,2000.0,340.0116619266603,2691,-174.8000000000055,0.0,0.0,0.618631903407613,"{5: 31, 4: 88, 3: 22, 1: 71, 0: 15, 2: 60, 6: 63}","{0: 24, 1: 14, 2: 79, 3: 158, 6: 39, 5: 10, 4: 26}","{1: 159, 2: 94, 0: 97}","{1: 181, 0: 92, 2: 77}","{1: 219, 2: 59, 0: 72}","{1: 214, 2: 66, 0: 70}",0.05803582356956316,0.02936948198230891,0.08244174431144213,0.0914129643233337,0.11736468852879807,0.14303832015194162,0.16692420357474572,0.19767764256732573,0.11625522732126096,0.047470879921621,0.14499645102081704,0.15576950616215726
4610,2,success,3,5,0,2580.9773042528004,3260,652.0,529.0,0.05,0.1,6.291090488433838,47.58171463012695,-361.1278381347656,536.1328735351562,2500.0,403.9673856378484,2791,-162.75000000000276,-160.24008138504138,0.0,0.791710829525399,"{2: 76, 3: 8, 0: 66, 1: 42, 6: 88, 5: 6, 4: 40}","{5: 7, 4: 11, 3: 186, 2: 98, 1: 24}","{1: 106, 0: 117, 2: 103}","{1: 234, 2: 23, 0: 69}","{1: 161, 0: 90, 2: 75}","{1: 253, 0: 42, 2: 31}",0.08363120080935499,0.022227624165525903,0.10042099619296704,0.07340835943607281,0.17618644336122036,0.0688093784328444,0.20811253243003763,0.16823893464665157,0.12244120338744356,0.02787617716524829,0.1313638556844463,0.14409344448408384
4620,2,success,3,5,0,2729.8650035587407,2506,501.2,555.0,0.05,0.1,6.305030822753906,47.697235107421875,-361.1278381347656,539.919677734375,2500.0,354.91500355875047,1960,-125.04999999999504,0.0,0.0,1.0893316055701279,"{5: 39, 4: 114, 3: 7, 0: 43, 1: 5, 2: 7, 6: 35}","{2: 46, 3: 143, 4: 21, 5: 18, 0: 17, 1: 5}","{1: 67, 2: 132, 0: 51}","{1: 161, 0: 48, 2: 41}","{1: 96, 2: 108, 0: 46}","{1: 176, 2: 31, 0: 43}",0.10035508901303244,0.024957718841479126,0.12032770987715363,0.07643641581677596,0.23565143748677964,0.14502639185394367,0.2496406803408261,0.18042087065231938,0.16514415212147937,0.025161152230047706,0.2187232947612403,0.08955591332765606
4630,2,crash,3,3,1,589.8208530148272,2015,620.0,604.0,0.05,0.1,6.330140590667725,47.767547607421875,-361.1278381347656,533.2633056640625,1500.0,241.46109994265163,1662,-100.59999999999643,-51.040246927822096,-1000.0,0.29271506353093163,"{1: 29, 2: 29, 3: 1, 5: 36, 6: 62, 4: 28, 0: 16}","{2: 39, 3: 73, 6: 29, 5: 8, 4: 28, 0: 16, 1: 8}","{1: 54, 0: 53, 2: 94}","{1: 91, 0: 54, 2: 56}","{1: 101, 0: 21, 2: 79}","{1: 150, 0: 33, 2: 18}",0.08257808002337418,0.03144786419341268,0.09833320288592114,0.06320991276082656,0.15525914439316077,0.13592981567384177,0.18070507003280742,0.1675592292118958,0.16034804449884252,0.027294040408714807,0.18434053489876556,0.1661420542392331
4640,2,success,3,5,0,2617.72558358835,2956,591.2,502.0,0.05,0.1,6.35764741897583,47.861663818359375,-361.1278381347656,548.052978515625,2500.0,265.2755835883582,2374,-147.5499999999993,0.0,0.0,0.8855634585887517,"{4: 107, 3: 26, 6: 22, 5: 61, 2: 70, 1: 9}","{5: 8, 4: 9, 3: 92, 2: 157, 0: 21, 1: 8}","{1: 144, 2: 97, 0: 54}","{1: 182, 2: 27, 0: 86}","{1: 199, 2: 64, 0: 32}","{1: 223, 0: 46, 2: 26}",0.052272482481065086,0.0266516643092298,0.066445104536263,0.08507864852745645,0.12315711543827582,0.1178026202354193,0.14488751442518638,0.11245273067493781,0.10074580697290351,0.06669503224880786,0.11101489855540679,0.10279877476083982
4650,2,crash,3,3,1,560.691102701579,1796,474.3333333333333,408.0,0.05,0.1,6.372525691986084,47.97196960449219,-361.1278381347656,542.2489013671875,1500.0,254.42316734057965,1295,-89.64999999999705,-104.08206463899315,-1000.0,0.3121888099674716,"{5: 61, 4: 49, 3: 4, 0: 49, 1: 6, 2: 9, 6: 1}","{4: 22, 3: 90, 0: 12, 1: 8, 2: 42, 5: 5}","{1: 52, 2: 54, 0: 73}","{1: 77, 2: 39, 0: 63}","{1: 68, 2: 43, 0: 68}","{1: 116, 2: 26, 0: 37}",0.09586481733959298,0.04946605561808406,0.13432970034123748,0.0820557713458248,0.21196910396693536,0.13349434959056242,0.23487994701091677,0.21660732952562287,0.20712438349300757,0.025911847431512827,0.18108851641536525,0.1245302623266569
4660,2,crash,3,1,1,-483.2401100128351,622,509.0,509.0,0.05,0.1,6.389677047729492,48.075477600097656,-361.1278381347656,532.053955078125,500.0,72.15943539251677,508,-31.050000000000306,-24.34954540535214,-1000.0,-0.7769133601492526,"{6: 27, 5: 13, 4: 10, 0: 12}",{3: 62},"{1: 13, 2: 49}","{1: 61, 2: 1}","{1: 19, 2: 43}","{1: 48, 2: 5, 0: 9}",0.10337017004477542,0.014229747072470185,0.11633198716095194,0.0785660653421128,0.23960719009059386,0.02037096415794662,0.2726942218326717,0.2687374067445547,0.2210351975393851,0.01222298489581248,0.28333956673877286,0.052545976401094895
4670,2,max_steps,3,4,0,2175.2005692898174,3500,550.75,635.5,0.05,0.1,6.392887115478516,48.15633010864258,-361.1278381347656,532.053955078125,2000.0,387.6435877546203,2571,-174.8000000000055,-37.64301846479043,0.0,0.6214858769399478,"{1: 74, 2: 37, 5: 71, 6: 112, 4: 11, 3: 3, 0: 42}","{6: 9, 5: 9, 4: 12, 3: 212, 2: 76, 0: 7, 1: 25}","{1: 96, 0: 121, 2: 133}","{1: 243, 2: 34, 0: 73}","{1: 137, 0: 95, 2: 118}","{1: 256, 0: 48, 2: 46}",0.09256931656179881,0.0244977171401388,0.11520873149927283,0.07461670007270704,0.18529228562869163,0.09328255673799017,0.2051193517613339,0.17460395645086657,0.22539445030309088,0.027009948807493186,0.2789735309526633,0.19992377606878492
4680,2,crash,3,3,1,536.9381163938161,2799,803.6666666666666,698.0,0.05,0.1,6.411930084228516,48.271270751953125,-361.1278381347656,535.541015625,1500.0,268.4572697804088,2274,-139.79999999999754,-91.71915338658492,-1000.0,0.19183212447081677,"{0: 4, 1: 72, 2: 26, 3: 13, 4: 61, 6: 72, 5: 31}","{5: 22, 4: 31, 3: 158, 0: 38, 1: 16, 2: 14}","{1: 105, 0: 57, 2: 117}","{1: 146, 2: 61, 0: 72}","{1: 170, 0: 36, 2: 73}","{1: 182, 0: 47, 2: 50}",0.061121615943641724,0.028990097393009895,0.07660504545956513,0.08710096169069263,0.16195175837754983,0.15831662601398888,0.20241016862900152,0.17673639230689042,0.1758868483654193,0.019356379963769637,0.25397565856328624,0.09898729340420365
4690,2,success,3,5,0,2698.3623630916118,2133,426.6,443.0,0.05,0.1,6.415054798126221,48.36082458496094,-361.1278381347656,532.053955078125,2500.0,307.0218141466482,1906,-106.3999999999961,-2.259451055031636,0.0,1.2650550225464658,"{2: 48, 3: 64, 6: 26, 5: 8, 4: 9, 0: 51, 1: 7}","{2: 72, 3: 63, 5: 9, 4: 43, 0: 21, 1: 5}","{1: 93, 0: 76, 2: 44}","{1: 105, 0: 56, 2: 52}","{1: 124, 0: 55, 2: 34}","{1: 171, 0: 34, 2: 8}",0.05637765136955366,0.030403595123505583,0.07276195760901893,0.07823958508264063,0.21211461373245416,0.17210486106458578,0.24327881912727958,0.1271059992537461,0.09937400765830123,0.16587763568361827,0.07074973776628794,0.09644825294025572
4700,2,success,3,5,0,2625.6390320202268,3122,624.4,636.0,0.05,0.1,6.432557582855225,48.4410400390625,-361.1278381347656,532.053955078125,2500.0,342.08399010957197,2312,-155.8500000000012,-60.59495808933232,0.0,0.8410118616336408,"{1: 36, 2: 35, 3: 11, 4: 107, 5: 69, 6: 54}","{2: 55, 3: 119, 0: 27, 1: 18, 6: 23, 5: 31, 4: 39}","{1: 67, 0: 106, 2: 139}","{1: 165, 0: 68, 2: 79}","{1: 103, 0: 77, 2: 132}","{1: 195, 0: 59, 2: 58}",0.1073513877383756,0.029404150231234244,0.139833074929815,0.08163654812836814,0.17813277270541558,0.11633211191486391,0.2196225254788887,0.23991095667553966,0.18116370526217115,0.05597439314266769,0.22449607382347453,0.09990888235074538
4710,2,crash,3,3,1,686.7469713683519,2535,794.6666666666666,889.0,0.05,0.1,6.451452732086182,48.51066207885742,-361.1278381347656,546.648681640625,1500.0,347.4707390579256,1773,-126.59999999999495,-34.12376768956757,-1000.0,0.27090610310388635,"{1: 43, 0: 89, 2: 17, 6: 61, 5: 8, 4: 34, 3: 1}","{5: 44, 4: 26, 3: 109, 2: 18, 0: 30, 1: 5, 6: 21}","{1: 68, 2: 75, 0: 110}","{1: 108, 2: 91, 0: 54}","{1: 106, 0: 92, 2: 55}","{1: 152, 0: 49, 2: 52}",0.10056650966139799,0.03354877956031449,0.12130832318896875,0.09569254365983378,0.2272332260105543,0.15830984741404372,0.2687860378364603,0.17004942690356456,0.19874310711932713,0.017666621247985303,0.16654331230143515,0.1973505823105215
4720,2,crash,3,1,1,-514.2878157898223,940,675.0,675.0,0.05,0.1,6.4627556800842285,48.60744094848633,-361.1278381347656,566.1824951171875,500.0,74.5387695381584,671,-46.94999999999947,-41.87658532798198,-1000.0,-0.5471146976487471,"{6: 17, 5: 32, 4: 17, 3: 1, 0: 27}","{0: 10, 1: 10, 2: 38, 3: 9, 6: 27}","{1: 33, 2: 61}","{1: 28, 0: 46, 2: 20}","{1: 43, 2: 51}","{1: 65, 2: 18, 0: 11}",0.07379234323004054,0.034059209191597745,0.10933815806605471,0.05870604440179859,0.1490584817007646,0.08956709310282113,0.16464969574118413,0.13332429403078372,0.15224054552228036,0.0009130301888133735,0.1686597428243597,0.060958858926495094
4730,2,success,3,5,0,2685.301951889238,3480,696.0,763.0,0.05,0.1,6.486210823059082,48.65628433227539,-361.1278381347656,545.031005859375,2500.0,359.0519518892438,3283,-173.75000000000526,0.0,0.0,0.7716384919221948,"{4: 204, 3: 11, 0: 32, 1: 25, 2: 16, 6: 47, 5: 13}","{4: 49, 3: 178, 2: 35, 6: 43, 5: 14, 0: 24, 1: 5}","{1: 166, 2: 117, 0: 65}","{1: 168, 2: 118, 0: 62}","{1: 244, 2: 73, 0: 31}","{1: 258, 0: 56, 2: 34}",0.05512091034780922,0.033285626723165346,0.06799238791503547,0.06338819271981443,0.11361053899471138,0.17253017517453043,0.14126258608766315,0.14885921479591568,0.11123594669096026,0.023687341436299213,0.08602656424324111,0.1404016798669119
4740,2,crash,3,4,1,972.0159529275933,2697,649.0,716.0,0.05,0.1,6.493420124053955,48.77354049682617,-361.1278381347656,532.053955078125,2000.0,344.5805638127814,2005,-134.64999999999637,-237.91461088517815,-1000.0,0.36040636000281545,"{3: 25, 6: 105, 5: 21, 4: 24, 0: 76, 1: 10, 2: 8}","{6: 9, 5: 46, 4: 50, 0: 33, 1: 6, 2: 29, 3: 96}","{1: 78, 2: 126, 0: 65}","{1: 156, 2: 69, 0: 44}","{1: 132, 2: 86, 0: 51}","{1: 213, 0: 23, 2: 33}",0.09534766887510772,0.027485294355321425,0.10406363062641809,0.06461652884960675,0.19830859209690127,0.15342980344392157,0.22482579837944872,0.12455294958058247,0.223525032200387,0.18657413558434172,0.28221211351140135,0.10679693794367245
4750,2,crash,3,1,1,-509.6175579723038,737,582.0,582.0,0.05,0.1,6.5008544921875,48.870323181152344,-361.1278381347656,556.1166381835938,500.0,85.25877973196513,581,-36.80000000000005,-58.076337704269264,-1000.0,-0.6914756553219862,"{0: 34, 1: 12, 2: 10, 3: 2, 4: 3, 5: 12}","{2: 23, 3: 35, 5: 4, 4: 11}","{1: 12, 0: 61}","{1: 38, 0: 22, 2: 13}","{1: 31, 0: 42}","{1: 46, 0: 12, 2: 15}",0.09575231555687913,0.027721614489143617,0.11250637029316074,0.09342344649447076,0.18027348521534883,0.09987625069516397,0.19900413425687877,0.10847771706365987,0.18454006756443883,0.02195004231502519,0.15316235973913575,0.12194876115698518
4760,2,success,3,5,0,2627.0459529512063,2933,586.6,592.0,0.05,0.1,6.5235276222229,48.98051834106445,-361.1278381347656,557.3794555664062,2500.0,401.3551940875353,2365,-146.39999999999904,-127.90924113632525,0.0,0.8956856300549629,"{6: 44, 5: 40, 4: 29, 3: 6, 2: 36, 1: 52, 0: 86}","{1: 8, 2: 54, 3: 190, 4: 19, 6: 11, 5: 11}","{1: 62, 2: 110, 0: 121}","{1: 205, 0: 42, 2: 46}","{1: 92, 2: 90, 0: 111}","{1: 182, 2: 48, 0: 63}",0.1115488152114964,0.024186607878096865,0.138708585008184,0.09066058455343567,0.22150773095494017,0.08225100733118137,0.2573941006924628,0.22756095785935157,0.25589227242149876,0.03122649153875475,0.2581253770490052,0.3213716582508358
4770,2,success,3,5,0,2709.170405979108,2784,556.8,571.0,0.05,0.1,6.537773132324219,49.08512496948242,-361.1278381347656,543.471923828125,2500.0,348.1204059791071,2688,-138.94999999999735,0.0,0.0,0.9731215538718061,"{2: 90, 3: 37, 6: 37, 5: 11, 4: 33, 1: 37, 0: 33}","{5: 33, 4: 25, 3: 121, 0: 41, 1: 11, 2: 23, 6: 24}","{1: 112, 0: 102, 2: 64}","{1: 128, 2: 75, 0: 75}","{1: 185, 0: 49, 2: 44}","{1: 219, 0: 34, 2: 25}",0.06779975626943391,0.03965376756315904,0.08056789948657433,0.06781952796120805,0.14153647448062864,0.20296901741081613,0.18145602193202345,0.13207015209071096,0.17403592141734578,0.029475865435903543,0.20590544659553384,0.09554694937863809
4780,2,success,3,5,0,2649.606484196316,3423,684.6,623.0,0.05,0.1,6.561489105224609,49.18970489501953,-361.1278381347656,547.2691040039062,2500.0,359.3187303310236,3024,-170.9000000000046,-38.81224613470049,0.0,0.7740597382986608,"{4: 130, 5: 1, 2: 111, 1: 46, 0: 25, 3: 29}","{6: 76, 5: 40, 4: 28, 3: 123, 2: 26, 0: 39, 1: 10}","{1: 208, 2: 60, 0: 74}","{1: 116, 2: 148, 0: 78}","{1: 269, 2: 40, 0: 33}","{1: 299, 2: 13, 0: 30}",0.034211210939159686,0.05639463428444125,0.0500281239865148,0.06842317843980628,0.09031449674818913,0.18588567176994503,0.12785233360671378,0.101818951987592,0.09735927275827244,0.17327176510049178,0.11829409528615076,0.1044186413096947
4790,2,success,3,5,0,2687.9936262130727,3220,644.0,563.0,0.05,0.1,6.58636999130249,49.29641342163086,-361.1278381347656,552.4798583984375,2500.0,348.7436262130727,2812,-160.7500000000023,0.0,0.0,0.8347806292587182,"{6: 57, 5: 18, 4: 25, 3: 13, 2: 121, 0: 27, 1: 61}","{1: 15, 2: 152, 3: 108, 6: 15, 5: 9, 4: 12, 0: 11}","{1: 143, 2: 84, 0: 95}","{1: 186, 0: 98, 2: 38}","{1: 182, 2: 82, 0: 58}","{1: 234, 2: 46, 0: 42}",0.06148799151403159,0.028696888669362156,0.0774668105532621,0.07099042062437352,0.16318909907691684,0.10444414608650124,0.2003179012948707,0.18616680161139063,0.13927670075032214,0.029869765377602314,0.15019509191165054,0.1840664277901251
4800,2,max_steps,3,4,0,2127.7046914656385,3500,760.25,578.5,0.05,0.1,6.600332736968994,49.400062561035156,-361.1278381347656,552.7862548828125,2000.0,369.91635732157346,2878,-174.8000000000055,-67.4116658559307,0.0,0.6079156261330395,"{5: 26, 4: 18, 3: 4, 1: 19, 0: 152, 2: 99, 6: 32}","{3: 194, 2: 50, 0: 33, 1: 23, 4: 11, 6: 34, 5: 5}","{1: 149, 2: 82, 0: 119}","{1: 215, 2: 55, 0: 80}","{1: 192, 2: 71, 0: 87}","{1: 236, 2: 40, 0: 74}",0.06435207504746246,0.021526677096162412,0.08775662405383564,0.09054968650465901,0.18860283690747598,0.14996234277191134,0.22976948636228708,0.19972077976820335,0.2407171582227537,0.022270886567631626,0.2758196620973004,0.0970523526333665
4810,2,crash,3,2,1,85.12726293907974,1624,772.0,772.0,0.05,0.1,6.608603477478027,49.48417282104492,-361.1278381347656,566.3411254882812,1000.0,186.6636665195554,1088,-81.09999999999754,-20.43640358047743,-1000.0,0.0524182653565762,"{2: 33, 3: 2, 6: 107, 5: 5, 4: 7, 0: 8}","{2: 24, 3: 85, 6: 30, 5: 7, 4: 8, 0: 8}","{1: 59, 0: 33, 2: 70}","{1: 110, 0: 17, 2: 35}","{1: 60, 0: 32, 2: 70}","{1: 108, 0: 26, 2: 28}",0.09778989866351447,0.01430326522972232,0.1357562097739494,0.08755149418859,0.264161337070228,0.14202320939787721,0.27481200802667843,0.23313290375862375,0.2785059298717877,0.011818464469953115,0.26688368972863885,0.09421439643919381
4820,2,crash,3,3,1,323.7229101644634,2136,543.0,578.0,0.05,0.1,6.625015735626221,49.569252014160156,-372.27166748046875,542.0599975585938,1500.0,142.1378375682942,1571,-106.64999999999608,-211.76492740382244,-1000.0,0.15155566955265143,"{2: 66, 3: 12, 4: 44, 1: 40, 6: 51}","{2: 19, 3: 83, 6: 14, 5: 43, 4: 30, 0: 18, 1: 6}","{1: 102, 0: 82, 2: 29}","{1: 102, 0: 56, 2: 55}","{1: 136, 0: 61, 2: 16}","{1: 151, 0: 34, 2: 28}",0.05326165537655327,0.032185964150685684,0.06840073910871929,0.07108654804191811,0.16993271373177096,0.15879185010723518,0.19308255041687863,0.17167986073708566,0.16146503093251124,0.02822692887607065,0.20029302265060347,0.0982816239674079
4830,2,success,3,5,0,2564.8922588441505,3052,610.4,448.0,0.05,0.1,6.640262603759766,49.66975784301758,-372.27166748046875,555.2969360351562,2500.0,398.29167269196824,2567,-152.3500000000004,-181.0494138478131,0.0,0.8403972014561437,"{3: 49, 0: 74, 1: 12, 2: 58, 6: 71, 5: 7, 4: 34}","{6: 47, 5: 30, 4: 37, 0: 42, 1: 19, 2: 24, 3: 106}","{1: 124, 0: 83, 2: 98}","{1: 116, 2: 93, 0: 96}","{1: 144, 0: 69, 2: 92}","{1: 186, 0: 63, 2: 56}",0.07924841216211315,0.048404957986234086,0.10517902255104833,0.08857341948476549,0.2283894773847437,0.17209609356915379,0.2799325171525432,0.22450891922088004,0.24602672943127626,0.182266429840211,0.34737366419536886,0.13386852218948098
4840,2,crash,3,1,1,-487.8851143336011,674,548.0,548.0,0.05,0.1,6.6578779220581055,49.78478240966797,-372.27166748046875,537.6223754882812,500.0,71.30507946655436,547,-33.650000000000226,-25.540193800156047,-1000.0,-0.7238651547976278,"{6: 33, 5: 11, 4: 10, 3: 3, 2: 8, 1: 2}","{4: 11, 3: 41, 2: 2, 0: 13}","{1: 26, 2: 41}","{1: 46, 2: 16, 0: 5}","{1: 27, 2: 40}","{1: 56, 2: 1, 0: 10}",0.10275956938676085,0.02582526340349634,0.14600146175855994,0.05415847110538209,0.23484574731101537,0.1147472076776892,0.2650703495384197,0.1745308135400244,0.2325321040439826,0.0008160929485209993,0.2734293780645993,0.01870750609144148
4850,2,crash,3,1,1,-500.61047537337026,586,411.0,411.0,0.05,0.1,6.673351287841797,49.8774528503418,-372.27166748046875,538.2589111328125,500.0,60.57521239865804,410,-29.25000000000028,-31.935687772029063,-1000.0,-0.8542840876678673,"{6: 9, 5: 19, 4: 12, 3: 1, 0: 17}","{5: 3, 4: 11, 3: 27, 0: 17}","{1: 13, 2: 45}","{1: 35, 2: 23}","{1: 18, 2: 40}","{1: 40, 2: 4, 0: 14}",0.13487848139125228,0.02650872757608517,0.14070271206186907,0.07577978964699444,0.23910258674348583,0.1395015117687075,0.2632278331031551,0.26475869008365016,0.21334823988879806,0.01570757616406566,0.2753301890967057,0.06670267509967077
4860,2,crash,3,2,1,65.9761322090742,1367,616.5,616.5,0.05,0.1,6.698082447052002,49.938987731933594,-372.27166748046875,542.8404541015625,1000.0,160.7465142699355,1161,-68.24999999999827,-26.520382060857614,-1000.0,0.0482634471170989,"{3: 22, 0: 77, 1: 14, 2: 10, 6: 13}","{6: 9, 5: 7, 4: 13, 0: 42, 1: 5, 2: 6, 3: 54}","{1: 83, 0: 53}","{1: 53, 2: 29, 0: 54}","{1: 88, 0: 48}","{1: 98, 0: 16, 2: 22}",0.03655242934002252,0.0567925537830669,0.07488750088271415,0.08084000166218142,0.20321883448710293,0.19784463257625468,0.23118656640882806,0.13187543610861802,0.2200980855985315,0.18874483142027398,0.29589714643181053,0.08822585021114188
4870,2,success,3,5,0,2590.3240773388325,2545,509.0,388.0,0.05,0.1,6.701478958129883,50.02945327758789,-372.27166748046875,540.17822265625,2500.0,372.815048435026,2107,-126.99999999999493,-155.49097109618597,0.0,1.0178090677166336,"{5: 33, 4: 36, 0: 60, 1: 64, 2: 41, 3: 20}","{5: 14, 4: 19, 3: 115, 2: 37, 1: 15, 6: 54}","{1: 73, 2: 81, 0: 100}","{1: 107, 2: 90, 0: 57}","{1: 101, 2: 68, 0: 85}","{1: 181, 2: 31, 0: 42}",0.09433550523071799,0.03335771607894711,0.14168821716502605,0.07181871552530263,0.23859327405693156,0.13228766042411058,0.2778221849198852,0.2353051510364953,0.21154329530891428,0.1621484479602529,0.2703237694668999,0.09925956713238175
4880,2,crash,3,2,1,19.162821249680633,624,250.0,250.0,0.05,0.1,6.692098617553711,50.14203643798828,-391.11004638671875,540.17822265625,1000.0,72.88227424453248,498,-31.100000000000307,-22.6194529948489,-1000.0,0.030709649438590756,"{3: 8, 0: 21, 1: 11, 2: 9, 4: 6, 5: 6, 6: 1}","{4: 9, 3: 40, 2: 13}","{1: 23, 0: 39}","{1: 41, 2: 12, 0: 9}","{1: 22, 0: 40}","{1: 45, 0: 6, 2: 11}",0.11145801399253087,0.02236464178315574,0.1614882409060725,0.08121687774606651,0.2613115404953182,0.09326336729261973,0.3034810183292527,0.17216009726088424,0.24867719345593992,0.12466948575079159,0.3180264669447022,0.05325354901514957
4890,2,crash,3,4,1,1091.6209053655348,2273,548.5,544.5,0.05,0.1,6.691330909729004,50.2492790222168,-391.11004638671875,540.17822265625,2000.0,341.0447853385413,1853,-113.4499999999957,-135.97387997300265,-1000.0,0.48025556769271216,"{6: 70, 5: 16, 4: 40, 1: 19, 0: 32, 2: 16, 3: 34}","{2: 30, 3: 121, 6: 25, 5: 20, 4: 23, 0: 8}","{1: 49, 2: 115, 0: 63}","{1: 139, 0: 29, 2: 59}","{1: 59, 2: 110, 0: 58}","{1: 159, 0: 39, 2: 29}",0.14468511575440657,0.025912160649565544,0.19216603763441292,0.0870271693342829,0.28250401351269805,0.10782656973736629,0.2977820879800623,0.26274289869524525,0.28895599144718115,0.14206032906537208,0.3001341018571776,0.0911562480598931
4900,2,max_steps,3,3,0,1689.8118422998555,3500,1005.0,778.0,0.05,0.1,6.6991777420043945,50.31847381591797,-391.11004638671875,559.1968383789062,1500.0,375.2698234470696,2723,-174.8500000000055,-10.607981147200814,0.0,0.4828033835142444,"{0: 144, 1: 37, 2: 38, 3: 8, 6: 103, 5: 9, 4: 11}","{6: 40, 5: 11, 4: 18, 3: 157, 2: 53, 1: 20, 0: 51}","{1: 139, 0: 124, 2: 87}","{1: 200, 2: 76, 0: 74}","{1: 216, 0: 62, 2: 72}","{1: 270, 0: 48, 2: 32}",0.06488036062726191,0.026798685250453893,0.08162399797899858,0.07800068644647706,0.1918451581005836,0.1914569983417201,0.2013810837311391,0.12612229686096327,0.19601940874182666,0.029909897162094114,0.1778641910174436,0.1656677346923281
4910,2,crash,3,2,1,-26.60744477050173,1913,750.0,750.0,0.05,0.1,6.709933757781982,50.423397064208984,-391.11004638671875,546.4249267578125,1000.0,255.87853808339963,1380,-95.54999999999671,-186.93598285390195,-1000.0,-0.013908753147151976,"{6: 65, 5: 10, 4: 12, 3: 2, 0: 83, 1: 8, 2: 11}","{2: 71, 3: 86, 5: 26, 4: 8}","{1: 48, 2: 49, 0: 94}","{1: 129, 0: 38, 2: 24}","{1: 76, 2: 36, 0: 79}","{1: 160, 0: 24, 2: 7}",0.10152998435487091,0.025671098112284785,0.121738849657229,0.0675198062248523,0.2065886401236756,0.09934869351948374,0.22397525110787914,0.10551876334960864,0.1612733804949921,0.010759423364144968,0.12227785234398025,0.10026624739083115
4920,2,max_steps,3,2,0,1126.7224216862978,3500,714.5,714.5,0.05,0.1,6.718376159667969,50.50677490234375,-382.7873840332031,541.8218994140625,1000.0,330.313250232871,2605,-174.90000000000552,-28.690828546559576,0.0,0.3219206919103708,"{6: 154, 5: 90, 4: 13, 3: 2, 0: 79, 1: 6, 2: 6}","{0: 5, 1: 8, 2: 40, 6: 19, 5: 17, 4: 37, 3: 224}","{1: 123, 2: 144, 0: 83}","{1: 220, 0: 50, 2: 80}","{1: 202, 2: 81, 0: 67}","{1: 246, 2: 48, 0: 56}",0.06939530123146315,0.023811865620930694,0.0890784303061045,0.08475658782857418,0.16170358648217736,0.1032477936837938,0.20067504058417884,0.17049205023807165,0.24153781810318456,0.03154621950140475,0.2101858467066825,0.10600783214155429
4930,2,max_steps,3,4,0,2075.7937180002373,3500,555.0,486.5,0.05,0.1,6.729439735412598,50.574920654296875,-382.7873840332031,534.171630859375,2000.0,332.69353055266043,2587,-174.8000000000055,-82.09981255241001,0.0,0.5930839194286393,"{2: 35, 3: 4, 4: 80, 1: 41, 0: 46, 5: 30, 6: 114}","{3: 135, 2: 75, 1: 43, 6: 36, 5: 26, 4: 21, 0: 14}","{1: 108, 0: 108, 2: 134}","{1: 180, 0: 92, 2: 78}","{1: 193, 0: 76, 2: 81}","{1: 252, 0: 46, 2: 52}",0.07717840697379119,0.028910586280855775,0.09122917421124377,0.07454611631560179,0.15636446856351788,0.12183689762862236,0.18519393349671423,0.14220946278466412,0.1857012012494765,0.020156024178302617,0.14575598698378792,0.10090287745757444
4940,2,max_steps,3,4,0,2179.9273405896975,3500,730.25,803.5,0.05,0.1,6.747533798217773,50.614784240722656,-382.7873840332031,534.1602172851562,2000.0,354.7273405896993,2820,-174.8000000000055,0.0,0.0,0.6228363830256278,"{4: 50, 3: 5, 2: 148, 6: 41, 5: 25, 0: 53, 1: 28}","{2: 66, 3: 192, 1: 32, 6: 35, 5: 5, 4: 8, 0: 12}","{1: 152, 2: 79, 0: 119}","{1: 220, 0: 89, 2: 41}","{1: 218, 2: 53, 0: 79}","{1: 246, 2: 49, 0: 55}",0.05863207535291867,0.02124466665327225,0.06836756966985964,0.08995275610849962,0.15337197905292793,0.15496916745407757,0.19045349948377466,0.17287771188543657,0.13041917838058723,0.025133450968942123,0.14275481985069982,0.10200066278153243
4950,2,max_steps,3,3,0,1627.6522044487476,3500,1109.3333333333333,1157.0,0.05,0.1,6.7503790855407715,50.647544860839844,-382.7873840332031,542.844482421875,1500.0,302.5022044487557,3086,-174.8500000000055,0.0,0.0,0.46504348698535647,"{0: 77, 1: 67, 2: 87, 3: 16, 6: 55, 5: 20, 4: 28}","{1: 8, 2: 45, 3: 234, 6: 18, 5: 4, 4: 16, 0: 25}","{1: 127, 0: 106, 2: 117}","{1: 237, 0: 70, 2: 43}","{1: 243, 0: 52, 2: 55}","{1: 267, 0: 58, 2: 25}",0.06610687249040284,0.02033367875303253,0.0682001321216128,0.08025168394475363,0.10593405055885227,0.17248518412780606,0.13147701834147213,0.13640400052886967,0.06535732879590526,0.08616554861236099,0.055048837658417046,0.0899798859791927
4960,2,success,3,5,0,2737.517222768832,3198,639.6,595.0,0.05,0.1,6.7747344970703125,50.704322814941406,-382.7873840332031,536.8132934570312,2500.0,420.01462693434513,2663,-159.65000000000205,-22.847404165503857,0.0,0.8560091378264015,"{4: 107, 3: 20, 5: 9, 0: 89, 1: 24, 2: 27, 6: 43}","{6: 8, 5: 6, 4: 43, 3: 186, 0: 35, 1: 7, 2: 34}","{1: 100, 2: 102, 0: 117}","{1: 206, 2: 60, 0: 53}","{1: 148, 2: 80, 0: 91}","{1: 201, 2: 56, 0: 62}",0.0806496054559022,0.02354302119570615,0.10896972889980162,0.09062899348533135,0.18736729292183982,0.12256128686149312,0.2117641405652195,0.19589018717386722,0.13415326192330093,0.03116834762150438,0.1921002414134953,0.08848898298880493
4970,2,crash,3,3,1,602.6638601136203,2687,792.3333333333334,1017.0,0.05,0.1,6.795459270477295,50.7819938659668,-382.7873840332031,566.7601928710938,1500.0,273.1996416538782,1942,-134.19999999999627,-36.335781540244476,-1000.0,0.22428874585545974,"{5: 38, 4: 24, 0: 111, 1: 9, 2: 12, 3: 2, 6: 72}","{4: 15, 3: 147, 1: 8, 2: 27, 6: 35, 5: 5, 0: 31}","{1: 70, 2: 116, 0: 82}","{1: 156, 2: 41, 0: 71}","{1: 117, 2: 97, 0: 54}","{1: 214, 2: 24, 0: 30}",0.10019048031262894,0.023529600319396916,0.11954889493138574,0.08003355120079043,0.18423298401827284,0.16851530682413768,0.23080999229238358,0.1204006911117243,0.21463112712615737,0.015067091940271452,0.2903620665578642,0.06313592398060192
4980,2,max_steps,3,3,0,1538.9796541978951,3500,799.6666666666666,607.0,0.05,0.1,6.8065924644470215,50.7888069152832,-382.7873840332031,533.301513671875,1500.0,231.49260378689632,2606,-174.8500000000055,-17.6629495889892,0.0,0.43970847262797,"{4: 126, 3: 28, 6: 45, 5: 41, 2: 110}","{6: 19, 5: 12, 4: 16, 3: 211, 2: 51, 0: 20, 1: 21}","{1: 188, 2: 121, 0: 41}","{1: 222, 2: 55, 0: 73}","{1: 248, 2: 67, 0: 35}","{1: 261, 2: 51, 0: 38}",0.044572115453379926,0.018601355613920248,0.0594169096592811,0.07047512662410657,0.11448924251017839,0.15104738470108117,0.18050379550005563,0.2144892967794154,0.09788507121313443,0.01933396464065063,0.10832527486799119,0.08404760241751935
4990,2,max_steps,3,3,0,1561.3652161054815,3500,807.0,639.0,0.05,0.1,6.823604106903076,50.780250549316406,-382.7873840332031,536.1253051757812,1500.0,383.9916253325803,3141,-174.8500000000055,-147.77640922709486,0.0,0.446104347458709,"{0: 86, 1: 57, 2: 28, 3: 30, 6: 113, 5: 18, 4: 18}","{6: 35, 5: 9, 4: 15, 3: 230, 0: 12, 1: 6, 2: 43}","{1: 123, 0: 103, 2: 124}","{1: 236, 2: 58, 0: 56}","{1: 220, 0: 63, 2: 67}","{1: 269, 0: 37, 2: 44}",0.07132580941323324,0.019418855155307203,0.0792422152445077,0.08216596984957725,0.11810292952347282,0.17324891410448473,0.1463985660850796,0.11868687440486188,0.13672021393491332,0.2007262225845879,0.13239133531218136,0.0810801954054826
5000,2,success,3,5,0,2629.6780778803736,2854,570.8,701.0,0.05,0.1,6.829660415649414,50.84845733642578,-382.7873840332031,531.9676513671875,2500.0,272.1280778803796,2334,-142.44999999999814,0.0,0.0,0.9214008682131652,"{3: 27, 4: 103, 2: 58, 1: 34, 0: 44, 5: 19}","{5: 7, 4: 25, 0: 14, 1: 31, 2: 134, 3: 74}","{1: 127, 2: 60, 0: 98}","{1: 154, 2: 39, 0: 92}","{1: 189, 2: 42, 0: 54}","{1: 228, 2: 26, 0: 31}",0.05787963525740852,0.029106487812532535,0.0618602804752641,0.052742753475515325,0.14234585653415835,0.1372570537797782,0.18173610503196497,0.13058321071053042,0.11416427698515608,0.06466247514438835,0.17985499383446285,0.08206948522861464
5010,2,success,3,5,0,2617.7371061291083,3362,672.4,671.0,0.05,0.1,6.841760635375977,50.92110061645508,-382.7873840332031,529.3472290039062,2500.0,458.95233814490774,2404,-167.85000000000392,-173.36523201579314,0.0,0.7786249572067544,"{5: 47, 6: 87, 4: 21, 0: 95, 1: 6, 2: 42, 3: 38}","{6: 23, 5: 17, 4: 21, 3: 126, 0: 50, 1: 31, 2: 68}","{1: 97, 0: 113, 2: 126}","{1: 154, 2: 72, 0: 110}","{1: 124, 0: 105, 2: 107}","{1: 176, 0: 78, 2: 82}",0.10291110491629198,0.03192770985897385,0.15176162038842073,0.09773582425570496,0.24149610751561562,0.15114643602688466,0.2776321666738541,0.2823991155374863,0.2365674643783746,0.21323706265442804,0.26127258670100273,0.18834985098010287
5020,2,success,3,5,0,2661.6972382042577,3047,609.4,543.0,0.05,0.1,6.870286464691162,51.00007629394531,-382.7873840332031,528.2734375,2500.0,345.96224840826454,2806,-152.10000000000034,-32.16501020400573,0.0,0.8735468454887619,"{2: 88, 3: 68, 6: 65, 5: 30, 4: 53}","{5: 22, 4: 21, 3: 105, 0: 54, 1: 38, 2: 30, 6: 34}","{1: 164, 0: 67, 2: 73}","{1: 104, 2: 78, 0: 122}","{1: 204, 0: 49, 2: 51}","{1: 216, 0: 47, 2: 41}",0.04271653033503865,0.058689140300117765,0.061521916526412354,0.07416482293862131,0.147225227546409,0.17478907942124366,0.20049074306692988,0.18098414152516248,0.14770115050366625,0.16406575140181814,0.21781628745878986,0.19861064971961792
5030,2,crash,3,4,1,1114.5484956705304,2174,519.5,549.5,0.05,0.1,6.877106666564941,51.054466247558594,-382.7873840332031,532.0318603515625,2000.0,249.36141093117627,1515,-108.49999999999598,-26.312915260631044,-1000.0,0.5126718011363985,"{3: 28, 2: 37, 4: 72, 0: 70, 1: 6, 5: 4}","{5: 17, 4: 25, 3: 91, 0: 26, 1: 17, 2: 22, 6: 19}","{1: 80, 0: 86, 2: 51}","{1: 90, 2: 70, 0: 57}","{1: 95, 0: 83, 2: 39}","{1: 138, 0: 40, 2: 39}",0.08710567884940229,0.056275461362640694,0.11415808260033884,0.09306996936638604,0.21526754932336326,0.16085966881964595,0.24462097475258418,0.21631555088861745,0.14978908073196034,0.13552043937399438,0.24359069062323807,0.09950880948448688
5040,2,crash,3,3,1,665.7684292277133,2171,633.6666666666666,561.0,0.05,0.1,6.895750522613525,51.11753463745117,-382.7873840332031,549.719970703125,1500.0,330.2146431174509,1605,-108.39999999999598,-56.046213889730765,-1000.0,0.3066644077511347,"{6: 71, 5: 16, 4: 21, 3: 4, 0: 88, 1: 6, 2: 11}","{0: 34, 1: 8, 2: 41, 5: 23, 4: 20, 3: 91}","{1: 42, 2: 119, 0: 56}","{1: 139, 0: 42, 2: 36}","{1: 73, 2: 95, 0: 49}","{1: 151, 2: 28, 0: 38}",0.12665325492938637,0.02634062628367216,0.13365539871364035,0.08411909713627277,0.22188827584932827,0.10836015988932532,0.2483266789862565,0.1477690529442278,0.23534363862394678,0.03216141673855317,0.1838254687814103,0.18114023914420002
5050,2,crash,3,1,1,-595.300765799395,1044,612.0,612.0,0.05,0.1,6.911605358123779,51.19712829589844,-382.7873840332031,551.0709838867188,500.0,74.37128994094716,666,-52.149999999999174,-117.52205574034242,-1000.0,-0.5702114614936733,"{1: 49, 2: 11, 3: 1, 4: 6, 5: 30, 6: 7}","{6: 8, 5: 6, 4: 8, 3: 77, 2: 5}","{1: 55, 0: 49}","{1: 68, 2: 28, 0: 8}","{1: 54, 0: 45, 2: 5}","{1: 45, 0: 32, 2: 27}",0.03762270311875849,0.02306607528340182,0.09301322970299372,0.12077875979604125,0.188754780012231,0.16873419822044136,0.29465834001404456,0.27068544994058996,0.1715018408121004,0.028583021428088013,0.10902898455869435,0.09781543031446203
5060,2,success,3,5,0,2648.555248694356,3023,604.6,697.0,0.05,0.1,6.9365315437316895,51.27029800415039,-382.7873840332031,572.322509765625,2500.0,299.4552486943649,2205,-150.90000000000006,0.0,0.0,0.8761347167364725,"{5: 31, 6: 49, 4: 51, 3: 68, 2: 55, 1: 31, 0: 17}","{6: 4, 5: 30, 4: 68, 3: 122, 2: 32, 0: 30, 1: 16}","{1: 83, 0: 125, 2: 94}","{1: 152, 2: 77, 0: 73}","{1: 133, 0: 94, 2: 75}","{1: 201, 0: 66, 2: 35}",0.08473921968214546,0.028931521790915047,0.11033752276014522,0.0840308650388294,0.18083353042953204,0.1254886197474978,0.22452388707104579,0.24467503562394943,0.17310285068283776,0.156372774815693,0.2370486405910192,0.09923465945021363
5070,2,success,3,5,0,2710.231446827721,2549,509.8,518.0,0.05,0.1,6.94380521774292,51.37378692626953,-382.7873840332031,572.322509765625,2500.0,338.2747949254573,2145,-127.19999999999492,-0.8433480977323422,0.0,1.0632528233925935,"{2: 47, 3: 28, 4: 75, 5: 26, 6: 36, 0: 36, 1: 6}","{2: 67, 3: 141, 6: 1, 5: 14, 4: 9, 0: 15, 1: 7}","{1: 49, 0: 99, 2: 106}","{1: 137, 0: 90, 2: 27}","{1: 97, 0: 79, 2: 78}","{1: 185, 0: 32, 2: 37}",0.10588951575815472,0.027158761180363755,0.13136518425048357,0.08941162016383218,0.24578123081229786,0.14103824578164126,0.28282291787992797,0.1606112452357091,0.24485150603777733,0.016441586836239183,0.24814442996375694,0.09907654265342251
5080,2,success,3,5,0,2763.4835164251585,2928,585.6,610.0,0.05,0.1,6.9511494636535645,51.49842834472656,-382.7873840332031,572.322509765625,2500.0,436.0445481747844,1958,-146.14999999999898,-26.4110317496106,0.0,0.9438126763747127,"{2: 37, 3: 2, 4: 23, 5: 38, 1: 19, 0: 97, 6: 76}","{2: 23, 3: 153, 5: 10, 4: 83, 0: 15, 1: 8}","{1: 44, 0: 125, 2: 123}","{1: 172, 0: 42, 2: 78}","{1: 77, 0: 116, 2: 99}","{1: 181, 0: 62, 2: 49}",0.13448718196935855,0.02717198492797402,0.16503316585669983,0.08109378392751634,0.26231705063318594,0.11074061817429348,0.28383812364008976,0.18605280055309303,0.27144984269581757,0.014244909698129929,0.2663100307801104,0.1036584665257816
5090,2,crash,3,2,1,28.29872639636517,1788,830.5,830.5,0.05,0.1,6.94871711730957,51.598793029785156,-382.7873840332031,572.322509765625,1000.0,246.0681082670775,1430,-89.29999999999707,-128.46938187071106,-1000.0,0.01582702818588656,"{6: 36, 5: 14, 4: 12, 3: 3, 0: 98, 1: 7, 2: 8}","{1: 7, 2: 45, 6: 7, 5: 10, 4: 15, 3: 82, 0: 12}","{1: 39, 2: 56, 0: 83}","{1: 115, 0: 28, 2: 35}","{1: 70, 2: 34, 0: 74}","{1: 142, 2: 12, 0: 24}",0.10505323579545782,0.025054984684565875,0.1319511435259884,0.07962252467132193,0.2318718865447891,0.09816686588068343,0.26006002246241366,0.1082835666840425,0.2490542541917542,0.03004387619563556,0.28699483807928633,0.0784811939169914
5100,2,crash,3,3,1,719.660190981054,2145,677.0,699.0,0.05,0.1,6.95591402053833,51.68856430053711,-406.1627197265625,537.0903930664062,1500.0,417.0584180777093,1629,-107.09999999999606,-90.29822709665288,-1000.0,0.3355059165412839,"{0: 77, 1: 21, 2: 18, 6: 84, 5: 5, 4: 7, 3: 2}","{1: 9, 2: 28, 3: 142, 6: 18, 5: 9, 4: 8}","{1: 36, 0: 110, 2: 68}","{1: 144, 0: 38, 2: 32}","{1: 55, 0: 96, 2: 63}","{1: 149, 0: 35, 2: 30}",0.16733270709093684,0.019946217059420537,0.19201248031159052,0.07280179870973198,0.27811378608197557,0.14653568641281897,0.28870652448169426,0.17893755005417955,0.2754868072012753,0.005390950261518911,0.2261793803403837,0.10703990977728842
5110,2,max_steps,3,4,0,2155.455897484307,3500,780.75,814.0,0.05,0.1,6.972414970397949,51.792327880859375,-421.7237548828125,532.6282958984375,2000.0,454.5451149469374,2712,-174.8000000000055,-124.2892174626083,0.0,0.6158445421383735,"{0: 70, 1: 10, 2: 25, 3: 17, 6: 176, 5: 34, 4: 18}","{6: 20, 5: 12, 4: 27, 3: 154, 0: 49, 1: 29, 2: 59}","{1: 121, 0: 106, 2: 123}","{1: 169, 2: 60, 0: 121}","{1: 150, 0: 88, 2: 112}","{1: 184, 0: 89, 2: 77}",0.09602840019472958,0.03288129950016899,0.12159052048806807,0.09767561024386327,0.21465658791695272,0.1565952748627632,0.24944306290643178,0.17699775177107493,0.22258959761288188,0.11597516651190669,0.1830638474892327,0.13509185063187143
5120,2,crash,3,1,1,-520.2317005337375,986,814.0,814.0,0.05,0.1,6.987315654754639,51.807899475097656,-421.7237548828125,544.3031005859375,500.0,78.05845260407875,789,-49.24999999999934,-49.04015313781702,-1000.0,-0.5276183575392875,"{0: 30, 1: 27, 2: 22, 3: 2, 6: 17}","{3: 79, 2: 19}","{1: 26, 0: 72}","{1: 91, 0: 7}","{1: 57, 0: 41}","{1: 65, 0: 18, 2: 15}",0.08129118339409336,0.008362105944293142,0.09274278532979224,0.080011271443004,0.12828232363869047,0.024887102143827795,0.14399676774805006,0.1098992423149942,0.12152652425539974,0.012404587804891221,0.1751970040329725,0.0964927915242516
5130,2,max_steps,3,4,0,2203.9696883254783,3500,654.75,596.0,0.05,0.1,6.9936723709106445,51.87745666503906,-421.7237548828125,544.3031005859375,2000.0,378.7696883255031,2744,-174.8000000000055,0.0,0.0,0.6297056252358509,"{2: 102, 3: 4, 6: 68, 5: 27, 4: 23, 0: 84, 1: 42}","{5: 27, 4: 23, 3: 160, 0: 28, 1: 19, 2: 73, 6: 20}","{1: 154, 0: 105, 2: 91}","{1: 209, 2: 71, 0: 70}","{1: 207, 2: 78, 0: 65}","{1: 245, 0: 63, 2: 42}",0.06158442530317394,0.02121875515406687,0.06618788861832331,0.08621671239893745,0.17848258398071265,0.14034940645092456,0.20873110530333822,0.15886611064346348,0.18072170469681292,0.1484600018449719,0.19526399221178473,0.09216653556605156
5140,2,crash,3,2,1,41.80312379269492,937,426.5,426.5,0.05,0.1,6.985176086425781,51.977596282958984,-421.7237548828125,548.7317504882812,1000.0,109.21666694220016,804,-46.74999999999948,-20.663543149504545,-1000.0,0.044613792734999914,"{3: 14, 6: 57, 5: 7, 4: 7, 0: 8}","{2: 14, 3: 43, 6: 15, 5: 6, 4: 7, 1: 8}","{1: 50, 0: 1, 2: 42}","{1: 46, 0: 19, 2: 28}","{1: 51, 2: 42}","{1: 77, 2: 9, 0: 7}",0.04592014140600786,0.035758740342792035,0.08258111736743715,0.0652639639245862,0.2675833931771654,0.19467205206293867,0.3032186410310141,0.13692527596658424,0.28004408182986107,0.15619566285158323,0.3168517267518656,0.001654464378966624
5150,2,success,3,5,0,2646.501788471198,3315,663.0,549.0,0.05,0.1,7.010827541351318,52.02787780761719,-421.7237548828125,567.8291015625,2500.0,312.00178847121555,2688,-165.50000000000338,0.0,0.0,0.7983414143201201,"{2: 143, 3: 18, 0: 12, 1: 15, 6: 87, 5: 8, 4: 48}","{1: 14, 2: 87, 3: 157, 4: 49, 5: 7, 0: 17}","{1: 142, 0: 93, 2: 96}","{1: 196, 0: 91, 2: 44}","{1: 211, 0: 45, 2: 75}","{1: 289, 0: 30, 2: 12}",0.06743472393455065,0.02697079827752153,0.08479660146833501,0.05628394031736462,0.14954619414545234,0.11583500055775911,0.18029283624903944,0.1027750866392726,0.11859598327600039,0.029576861266505997,0.18598230799302312,0.09587766430605797
5160,2,crash,3,1,1,-501.2160376011356,605,439.0,439.0,0.05,0.1,7.023568153381348,52.11387634277344,-421.7237548828125,533.5472412109375,500.0,53.92374750667088,438,-30.200000000000294,-24.93978510780729,-1000.0,-0.8284562604977448,"{1: 32, 2: 11, 4: 6, 5: 6, 6: 5}","{4: 28, 3: 32}","{1: 22, 0: 38}","{1: 41, 2: 19}","{1: 22, 0: 38}","{1: 39, 0: 6, 2: 15}",0.11447136311863915,0.024160550416082352,0.14765645968256624,0.09254931898202573,0.25817781076231744,0.10840482720839525,0.2914152038196712,0.15813912679861528,0.22523460733047132,0.008003675183482504,0.30727514871285516,0.08456088266821694
5170,2,crash,3,4,1,1118.1601785083776,1917,449.5,432.5,0.05,0.1,7.042852401733398,52.2298583984375,-421.7237548828125,538.3536987304688,2000.0,236.6172174697035,1332,-95.64999999999671,-22.80703896131985,-1000.0,0.583286478095137,"{1: 29, 2: 29, 4: 58, 5: 8, 3: 11, 6: 44, 0: 12}","{4: 39, 3: 108, 2: 12, 5: 20, 0: 12}","{1: 39, 0: 62, 2: 90}","{1: 109, 2: 56, 0: 26}","{1: 50, 0: 46, 2: 95}","{1: 136, 0: 23, 2: 32}",0.1401898927970367,0.026687335501676894,0.185455591518574,0.08023602263426642,0.24681789243640775,0.10122783180764246,0.2765548816620262,0.31564664150995614,0.2691645460489194,0.09492641549870492,0.30516219083667867,0.16545359053611686
5180,2,success,3,5,0,2622.495567955992,3414,682.8,783.0,0.05,0.1,7.0670366287231445,52.345638275146484,-421.7237548828125,540.0530395507812,2500.0,409.22033399159704,2494,-170.4500000000045,-116.27476603559637,0.0,0.7681592173274728,"{2: 107, 3: 20, 6: 113, 5: 12, 4: 17, 0: 65, 1: 7}","{5: 15, 4: 31, 3: 219, 2: 36, 1: 40}","{1: 131, 0: 111, 2: 99}","{1: 226, 2: 52, 0: 63}","{1: 179, 0: 80, 2: 82}","{1: 227, 0: 61, 2: 53}",0.06927520681260997,0.01787811234192223,0.09500246002379545,0.08213098978861261,0.2510566666970986,0.12369096993134872,0.28125178268272594,0.1764968106944576,0.2550931768880758,0.03389091495397335,0.2655489861501871,0.11313857041456404
5190,2,success,3,5,0,2618.7186643115024,2241,448.2,371.0,0.05,0.1,7.089328289031982,52.443546295166016,-421.7237548828125,544.2735595703125,2500.0,230.51866431150574,2119,-111.79999999999579,0.0,0.0,1.168549158550425,"{4: 52, 3: 21, 0: 63, 1: 27, 2: 61}","{5: 14, 4: 56, 3: 90, 2: 21, 0: 33, 1: 10}","{1: 122, 2: 35, 0: 67}","{1: 98, 2: 69, 0: 57}","{1: 143, 2: 29, 0: 52}","{1: 151, 2: 34, 0: 39}",0.043450900471630104,0.03265863711671478,0.06082120621675459,0.0871050443969336,0.13454451401360748,0.14833610776429906,0.1697677045510289,0.21084562741446666,0.13454451401360745,0.04368042736830045,0.1700479722594202,0.14946375752467905
5200,2,crash,3,2,1,-3.683269718836982,2408,775.5,775.5,0.05,0.1,7.089387893676758,52.54281234741211,-421.7237548828125,538.0005493164062,1000.0,214.66136625464057,1516,-120.29999999999531,-98.04463597347166,-1000.0,-0.0015295970593176835,"{0: 104, 1: 14, 2: 11, 3: 2, 6: 88, 5: 10, 4: 11}","{1: 5, 2: 42, 3: 129, 4: 34, 6: 21, 5: 9}","{1: 69, 0: 54, 2: 117}","{1: 142, 0: 38, 2: 60}","{1: 125, 0: 44, 2: 71}","{1: 181, 0: 33, 2: 26}",0.0801855404725918,0.025176891634318133,0.09738859416420306,0.0673406117563005,0.18438479481111092,0.1164412954813067,0.20370648857721974,0.15948725423729276,0.21452825811768564,0.023775069819672767,0.2598205271926539,0.15907993343310609
5210,2,crash,3,2,1,40.27872279419273,913,388.5,388.5,0.05,0.1,7.100679874420166,52.63287353515625,-421.7237548828125,533.803466796875,1000.0,111.52966962809013,763,-45.54999999999955,-25.700946833894186,-1000.0,0.04411689243613662,"{2: 37, 3: 6, 6: 24, 5: 9, 4: 9, 1: 6}","{2: 27, 3: 47, 5: 8, 4: 9}","{1: 33, 0: 11, 2: 47}","{1: 55, 0: 14, 2: 22}","{1: 45, 2: 46}","{1: 75, 2: 6, 0: 10}",0.06789660683328302,0.021317955286465313,0.11741456232859222,0.063294772484248,0.2337996016767495,0.13536730333918673,0.2450047708970226,0.17205114506308147,0.2358806606619592,0.016532133908986127,0.2684604085124531,0.09721273238229114
5220,2,max_steps,3,4,0,2246.7630259334187,3500,804.0,677.5,0.05,0.1,7.1205034255981445,52.70107650756836,-421.7237548828125,546.263427734375,2000.0,505.3258267100542,2238,-174.8000000000055,-83.76280077660546,0.0,0.6419322931238339,"{6: 182, 5: 16, 4: 16, 0: 99, 1: 10, 2: 25, 3: 2}","{2: 50, 3: 213, 6: 51, 5: 10, 4: 14, 0: 1, 1: 11}","{1: 74, 2: 121, 0: 155}","{1: 238, 0: 61, 2: 51}","{1: 143, 2: 108, 0: 99}","{1: 256, 2: 35, 0: 59}",0.1037633725643392,0.01932615922800235,0.12443813112967977,0.07497273749343844,0.2630216264446589,0.09019445959653705,0.29079077767583156,0.16142793436710337,0.2401262567159091,0.02138139309789773,0.2053302902009289,0.16832243845669126
5230,2,max_steps,3,4,0,2307.6273451762668,3500,690.5,713.5,0.05,0.1,7.141718864440918,52.77141571044922,-421.7237548828125,533.9392700195312,2000.0,482.88606960139487,2737,-174.8000000000055,-0.45872442512160966,0.0,0.6593220986217905,"{5: 34, 6: 146, 4: 26, 0: 51, 1: 52, 2: 39, 3: 2}","{6: 7, 5: 15, 4: 46, 3: 226, 2: 37, 0: 13, 1: 6}","{1: 85, 0: 119, 2: 146}","{1: 248, 2: 57, 0: 45}","{1: 133, 0: 81, 2: 136}","{1: 250, 0: 62, 2: 38}",0.11417547461201674,0.01856038473983967,0.1354304976138212,0.08812084903244256,0.24473973260012427,0.12551261702790756,0.2828490812563466,0.20615665572976075,0.2191522956580158,0.018074022829002674,0.1871987481126079,0.15602782155750572
5240,2,crash,3,1,1,-602.1777644558836,1539,960.0,960.0,0.05,0.1,7.153743743896484,52.855255126953125,-421.7237548828125,536.5897216796875,500.0,143.3653610095654,1373,-76.89999999999777,-168.64312546544974,-1000.0,-0.391278599386539,"{0: 33, 1: 28, 2: 34, 5: 23, 6: 35}","{6: 8, 5: 6, 4: 7, 3: 71, 2: 3, 0: 46, 1: 12}","{1: 54, 0: 83, 2: 16}","{1: 62, 2: 29, 0: 62}","{1: 81, 0: 56, 2: 16}","{1: 86, 0: 38, 2: 29}",0.0702651841631063,0.036164747455427214,0.09355143858923774,0.09409433242569581,0.12485881875477076,0.14489329900786946,0.23496578825442832,0.3032788192023399,0.09942556914622332,0.024718716937268057,0.17314250780391943,0.054669283609661265
5250,2,max_steps,3,4,0,2251.721150021017,3500,857.0,695.0,0.05,0.1,7.153479099273682,52.9782829284668,-421.7237548828125,565.4340209960938,2000.0,461.6601606189046,2848,-174.8000000000055,-35.139010597881544,0.0,0.6433489000060049,"{6: 93, 5: 50, 4: 41, 3: 8, 0: 130, 1: 12, 2: 16}","{1: 50, 2: 94, 6: 25, 5: 11, 4: 26, 3: 144}","{1: 57, 2: 168, 0: 125}","{1: 224, 0: 55, 2: 71}","{1: 132, 2: 129, 0: 89}","{1: 239, 2: 60, 0: 51}",0.1037802690859365,0.02749556659361911,0.11719094881109501,0.07281752736955607,0.16833560231375824,0.09914278792159754,0.19358321222348635,0.21016604129501548,0.1826072148214715,0.032787686575631275,0.1902654436181382,0.0783893409027659
5260,2,success,3,5,0,2689.5847024243085,2604,520.8,527.0,0.05,0.1,7.160520076751709,53.107791900634766,-421.7237548828125,569.0215454101562,2500.0,388.60310740768745,2232,-129.9499999999953,-69.06840498337961,0.0,1.032866629195203,"{2: 73, 6: 73, 5: 11, 4: 30, 3: 3, 0: 52, 1: 18}","{4: 19, 3: 134, 0: 18, 1: 8, 2: 63, 6: 12, 5: 6}","{1: 49, 0: 112, 2: 99}","{1: 165, 2: 42, 0: 53}","{1: 87, 0: 96, 2: 77}","{1: 191, 0: 43, 2: 26}",0.1151032863933342,0.025838027868249715,0.13531047676846547,0.08187601438848963,0.19770600648283423,0.13697030316573716,0.23060673916736155,0.17616975878582924,0.19361293916137498,0.017968938230274567,0.25963289534669237,0.10064978509264301
5270,2,crash,3,2,1,50.109682202581666,721,312.0,312.0,0.05,0.1,7.154317855834961,53.178802490234375,-421.7237548828125,562.7687377929688,1000.0,104.67951029950254,487,-35.950000000000095,-18.619828096919797,-1000.0,0.06950025270815766,"{3: 19, 0: 30, 1: 7, 2: 8, 4: 6, 5: 2}","{0: 5, 1: 7, 2: 5, 4: 23, 3: 31, 5: 1}","{1: 37, 0: 35}","{1: 33, 0: 21, 2: 18}","{1: 33, 0: 39}","{1: 51, 2: 9, 0: 12}",0.03734764362547131,0.033833887703978854,0.1559978609737175,0.06539979508319747,0.28849140985678334,0.15919306860600163,0.3160467686259913,0.22474791067347571,0.27872640327093556,0.1927674774018104,0.32573234891173264,0.006991468483391934
5280,2,crash,3,2,1,-201.09510445050228,1352,410.5,410.5,0.05,0.1,7.166996002197266,53.3065299987793,-421.7237548828125,549.5521850585938,1000.0,95.2033257780596,1030,-67.49999999999831,-228.79843022855962,-1000.0,-0.14873898258173246,"{2: 63, 3: 4, 0: 5, 1: 10, 5: 2, 6: 51}","{4: 8, 3: 40, 2: 34, 0: 38, 1: 15}","{1: 63, 0: 68, 2: 4}","{1: 71, 2: 24, 0: 40}","{1: 75, 0: 55, 2: 5}","{1: 73, 0: 36, 2: 26}",0.05344858060535297,0.029381784883559862,0.08770481984576549,0.09759927835363094,0.13332640844178856,0.06559146761448625,0.20173920551900246,0.18833354155791093,0.09539307333370337,0.018423335410251443,0.18882684019991064,0.21879368695058904
5290,2,crash,3,2,1,73.2748721322638,1103,504.0,504.0,0.05,0.1,7.165774822235107,53.394264221191406,-421.7237548828125,549.5521850585938,1000.0,152.71589382141536,803,-55.04999999999901,-24.39102168915059,-1000.0,0.06643234100839873,"{4: 33, 3: 2, 0: 54, 1: 5, 2: 6, 6: 10}","{2: 13, 3: 80, 1: 7, 6: 10}","{1: 27, 2: 34, 0: 49}","{1: 87, 0: 20, 2: 3}","{1: 44, 2: 18, 0: 48}","{1: 73, 2: 23, 0: 14}",0.0912760036589953,0.01404485817645115,0.11572949465142349,0.09299013464040302,0.2886401501447977,0.0998874957021708,0.31757203743153445,0.11556290014645189,0.17664900574194642,0.01584416685563744,0.16903407446958857,0.07773260781384532
5300,2,max_steps,3,3,0,1621.7114391294729,3500,698.3333333333334,575.0,0.05,0.1,7.181755065917969,53.454227447509766,-421.7237548828125,555.0499267578125,1500.0,296.5614391294867,2838,-174.8500000000055,0.0,0.0,0.4633461254655637,"{6: 14, 5: 48, 4: 38, 3: 5, 0: 123, 1: 54, 2: 68}","{2: 64, 3: 246, 5: 10, 4: 9, 0: 12, 1: 9}","{1: 111, 2: 93, 0: 146}","{1: 260, 0: 64, 2: 26}","{1: 205, 2: 64, 0: 81}","{1: 257, 0: 72, 2: 21}",0.07685120092486769,0.01454742258909888,0.08665756256414349,0.08465198019985591,0.11786582031117805,0.08634503351145095,0.1508747037866963,0.11422318889124222,0.10024460863427782,0.026535904757744908,0.1508012197046154,0.18487861733018843
5310,2,crash,3,1,1,-488.31576969157254,652,533.0,533.0,0.05,0.1,7.191714286804199,53.542091369628906,-421.7237548828125,555.0499267578125,500.0,78.38053499555751,532,-32.55000000000029,-34.146304687130375,-1000.0,-0.7489505670116143,"{6: 36, 5: 8, 4: 8, 3: 1, 2: 4, 1: 8}","{4: 10, 3: 41, 2: 2, 0: 11, 1: 1}","{1: 23, 2: 42}","{1: 41, 2: 13, 0: 11}","{1: 28, 2: 37}","{1: 45, 2: 4, 0: 16}",0.116516917367589,0.023824039410372918,0.12780525524028935,0.08890521807041266,0.23694669339990915,0.12141114332914792,0.2836432839722645,0.2266406278577089,0.25227875724370336,0.01587706657239473,0.26075784086256515,0.11996081148495756
5320,2,success,3,5,0,2582.9911240127703,3156,631.2,636.0,0.05,0.1,7.19126558303833,53.599822998046875,-421.7237548828125,555.0499267578125,2500.0,315.9575434334651,2274,-157.55000000000157,-75.41641942068752,0.0,0.8184382522220438,"{4: 63, 3: 81, 0: 69, 1: 14, 2: 49, 5: 20, 6: 19}","{0: 19, 1: 36, 2: 64, 3: 103, 6: 47, 5: 20, 4: 26}","{1: 125, 2: 77, 0: 113}","{1: 147, 0: 81, 2: 87}","{1: 194, 2: 50, 0: 71}","{1: 232, 2: 45, 0: 38}",0.07211924778275045,0.031710769954342265,0.06984724564871089,0.07157820381060181,0.1395009683861474,0.1582971884645056,0.17302876169762063,0.12647697981114142,0.10441917199686122,0.11148951463860628,0.14478956169442517,0.09960262075137581
5330,2,crash,3,3,1,560.0110313291483,2964,811.6666666666666,925.0,0.05,0.1,7.19106912612915,53.703250885009766,-421.7237548828125,555.0499267578125,1500.0,359.68474042790626,2549,-148.04999999999941,-151.62370909875477,-1000.0,0.18893759491536716,"{0: 105, 1: 15, 2: 18, 6: 83, 5: 11, 4: 55, 3: 9}","{2: 29, 3: 149, 4: 32, 0: 30, 1: 9, 6: 29, 5: 18}","{1: 111, 0: 107, 2: 78}","{1: 182, 0: 55, 2: 59}","{1: 146, 0: 96, 2: 54}","{1: 205, 0: 55, 2: 36}",0.09219584619530197,0.022748898694988643,0.10112177635669473,0.0837160301452099,0.19334494126838217,0.11361153711371436,0.2291914846117871,0.13188365395046697,0.2681266258382811,0.014812795313380254,0.23278537304397842,0.10761521594435274
5340,2,crash,3,1,1,-484.6996998232189,871,768.0,768.0,0.05,0.1,7.203662872314453,53.788047790527344,-421.7237548828125,555.0499267578125,500.0,84.17886998921475,767,-43.499999999999666,-25.378569812434215,-1000.0,-0.5564864521506532,"{0: 33, 1: 11, 2: 31, 3: 1, 6: 11}","{2: 24, 3: 52, 6: 11}","{1: 27, 0: 60}","{1: 61, 0: 19, 2: 7}","{1: 34, 0: 53}","{1: 58, 0: 16, 2: 13}",0.0908482604786226,0.014390993764521102,0.11140949511377919,0.09286165626909552,0.1652029398572895,0.07299135741595089,0.22074814698789152,0.21555182925452257,0.13552026894100247,0.0022844305225734303,0.2405786489938532,0.09518496397151548
5350,2,crash,3,3,1,714.5284047148372,2393,770.3333333333334,663.0,0.05,0.1,7.199849605560303,53.89278030395508,-421.7237548828125,555.0499267578125,1500.0,356.7197619646457,1639,-119.49999999999535,-22.69135724979986,-1000.0,0.2985910592205755,"{1: 48, 2: 21, 6: 59, 5: 7, 4: 7, 3: 2, 0: 95}","{1: 17, 2: 10, 3: 168, 6: 25, 5: 9, 4: 10}","{1: 65, 0: 103, 2: 71}","{1: 160, 0: 23, 2: 56}","{1: 71, 0: 103, 2: 65}","{1: 144, 0: 59, 2: 36}",0.11787860248807491,0.00689687789524594,0.17308352573862731,0.08935834788478376,0.27381524138844526,0.15098547196487178,0.29486667351264484,0.22636162156790987,0.2688867585566462,0.007640437489262741,0.2756624572600089,0.10567725432836933
5360,2,success,3,5,0,2673.711569703236,2494,498.8,385.0,0.05,0.1,7.220806121826172,53.99825668334961,-421.7237548828125,553.1878662109375,2500.0,313.2033771139378,1919,-124.44999999999507,-15.041807410691797,0.0,1.07205756603979,"{2: 88, 3: 29, 1: 56, 6: 56, 5: 9, 4: 11}","{6: 9, 5: 6, 4: 24, 3: 74, 2: 89, 1: 25, 0: 22}","{1: 87, 2: 76, 0: 86}","{1: 134, 2: 42, 0: 73}","{1: 130, 2: 65, 0: 54}","{1: 207, 2: 17, 0: 25}",0.07400396503988431,0.02885697792390523,0.09803183457164633,0.04823067763109003,0.1582461937529049,0.18336383024595673,0.1680162315574426,0.11744924737162211,0.15663052064138028,0.21077548078632577,0.12509820650620793,0.09737420018852293
5370,2,crash,3,1,1,-507.76425061822164,890,359.0,359.0,0.05,0.1,7.237768650054932,54.0612678527832,-421.7237548828125,546.6619262695312,500.0,85.67502252947597,562,-44.44999999999961,-48.9892731476994,-1000.0,-0.5705216299081142,"{0: 14, 1: 12, 2: 9, 6: 54}","{4: 4, 3: 31, 0: 33, 1: 21}","{1: 20, 0: 55, 2: 14}","{1: 48, 2: 10, 0: 31}","{1: 21, 0: 53, 2: 15}","{1: 30, 0: 29, 2: 30}",0.1061977472642089,0.026772956199086463,0.18303890498293915,0.12401019415706434,0.21848924657549787,0.08625156952336778,0.2747173248901753,0.3156141160998678,0.22236682133717436,0.017011712346029596,0.2324673855744035,0.10542930950533541
5380,2,success,3,5,0,2726.352892757811,3306,661.2,591.0,0.05,0.1,7.256829738616943,54.04369354248047,-421.7237548828125,553.562255859375,2500.0,411.583078059958,2956,-165.05000000000328,-20.180185302135104,0.0,0.8246681466297069,"{1: 50, 2: 118, 3: 8, 6: 45, 5: 5, 4: 56, 0: 48}","{2: 51, 3: 229, 6: 29, 5: 5, 4: 7, 1: 9}","{1: 125, 0: 140, 2: 65}","{1: 225, 0: 58, 2: 47}","{1: 209, 0: 62, 2: 59}","{1: 264, 2: 31, 0: 35}",0.07193253407751389,0.020708824659058864,0.08216470729711425,0.06150061400204766,0.16176441315590587,0.13929635963809509,0.2299063755154949,0.12778604878221025,0.13515552336590916,0.029611860365338402,0.13669032830697295,0.13955614205158384
5390,2,max_steps,3,4,0,2167.327766072503,3500,767.5,750.0,0.05,0.1,7.292852878570557,54.121124267578125,-421.7237548828125,541.91845703125,2000.0,342.12776607251436,3084,-174.8000000000055,0.0,0.0,0.6192365045921437,"{4: 100, 3: 35, 0: 80, 1: 26, 2: 20, 6: 83, 5: 6}","{5: 16, 4: 15, 3: 181, 2: 83, 1: 25, 0: 3, 6: 27}","{1: 172, 2: 75, 0: 103}","{1: 188, 2: 64, 0: 98}","{1: 233, 2: 57, 0: 60}","{1: 251, 2: 48, 0: 51}",0.05247410842672953,0.024736094615749195,0.07171075940769772,0.08409111995497323,0.16199176427605688,0.14137887548034023,0.2262427209785646,0.16861436104479674,0.13730490573678675,0.01256673366971085,0.09931689251644395,0.1527989807014177
5400,2,max_steps,3,4,0,2228.7734336364456,3500,831.5,828.5,0.05,0.1,7.32879114151001,54.19385528564453,-421.7237548828125,548.67626953125,2000.0,445.3521516239804,2686,-174.8000000000055,-41.77871798752003,0.0,0.6367924096104131,"{6: 88, 5: 18, 4: 97, 3: 7, 0: 125, 1: 7, 2: 8}","{3: 161, 2: 44, 0: 38, 1: 44, 6: 46, 5: 9, 4: 8}","{1: 109, 2: 135, 0: 106}","{1: 195, 0: 90, 2: 65}","{1: 161, 2: 102, 0: 87}","{1: 236, 2: 56, 0: 58}",0.07720882164065397,0.026631810072115472,0.1106028553562857,0.09042020464608415,0.22212315027062107,0.1365326794367873,0.2656297358620324,0.20953061973582363,0.24113153645285842,0.024519459511951263,0.2003254746381121,0.25903015892353487
5410,2,max_steps,3,2,0,1083.068868587223,3500,1511.5,1511.5,0.05,0.1,7.346043586730957,54.27507019042969,-421.7237548828125,556.0521240234375,1000.0,257.96886858721945,2475,-174.90000000000552,0.0,0.0,0.309448248167778,"{4: 221, 5: 76, 3: 2, 6: 3, 0: 48}","{6: 8, 5: 16, 4: 22, 3: 235, 2: 30, 0: 34, 1: 5}","{1: 206, 2: 94, 0: 50}","{1: 244, 2: 48, 0: 58}","{1: 267, 2: 49, 0: 34}","{1: 278, 2: 31, 0: 41}",0.04318240877137343,0.02213831832942098,0.05508967551508625,0.06699529560716298,0.08906433466638668,0.1572827308719015,0.13292168540482882,0.10945673883235109,0.07673206603957175,0.017688524342846193,0.10598097212520109,0.09951596378242715
5420,2,crash,3,4,1,1008.0174754560475,3323,790.0,510.0,0.05,0.1,7.364112377166748,54.318111419677734,-421.7237548828125,546.3638916015625,2000.0,203.66490564083165,2535,-165.95000000000348,-29.69743018476471,-1000.0,0.3033456140403393,"{4: 50, 3: 63, 2: 37, 0: 32, 1: 133, 6: 17}","{5: 3, 4: 11, 3: 203, 2: 90, 1: 25}","{1: 199, 2: 30, 0: 103}","{1: 241, 2: 19, 0: 72}","{1: 248, 2: 23, 0: 61}","{1: 282, 2: 19, 0: 31}",0.041156759438007576,0.01676371164227706,0.05028234725273114,0.05820273560674506,0.13754734099907087,0.08446061524899054,0.16943785670880623,0.10756214607868589,0.12594506420138157,0.038182037294135135,0.20111105256633371,0.09303864034888872
5430,2,success,3,5,0,2682.3060880980956,3487,697.4,748.0,0.05,0.1,7.384936332702637,54.371177673339844,-421.7237548828125,537.7137451171875,2500.0,441.59628635701546,2839,-174.10000000000534,-85.19019825890561,0.0,0.7692303091763968,"{2: 102, 3: 15, 4: 110, 5: 42, 6: 8, 0: 64, 1: 7}","{0: 26, 1: 17, 2: 74, 6: 26, 5: 5, 4: 13, 3: 187}","{1: 147, 0: 110, 2: 91}","{1: 189, 0: 110, 2: 49}","{1: 205, 0: 70, 2: 73}","{1: 240, 0: 52, 2: 56}",0.05838182796706208,0.02835388799256421,0.08310209448486891,0.07532581240866093,0.17229048159774196,0.15869406175834455,0.21762084886111757,0.1781464908603425,0.17299770897573746,0.0513054764836613,0.2410035119093368,0.0994261717829486
5440,2,success,3,5,0,2648.177956971698,2882,576.4,356.0,0.05,0.1,7.400125503540039,54.38842010498047,-421.7237548828125,538.8855590820312,2500.0,292.57568595339256,2659,-143.84999999999846,-0.5477289816959823,0.0,0.918868132190041,"{4: 34, 3: 31, 2: 84, 1: 87, 0: 33, 5: 19}","{4: 34, 3: 126, 0: 29, 1: 31, 2: 38, 6: 26, 5: 4}","{1: 117, 2: 69, 0: 102}","{1: 131, 2: 66, 0: 91}","{1: 186, 2: 44, 0: 58}","{1: 197, 2: 45, 0: 46}",0.05993847583531145,0.03335026770394599,0.06708826395388588,0.08560563561330667,0.11057004387863889,0.14562687115394685,0.15538130170190462,0.13509338108915123,0.10365003952148825,0.08059349658257485,0.20425180416861372,0.11804738687271574
5450,2,max_steps,3,3,0,1446.0707672893768,3500,1146.6666666666667,1197.0,0.05,0.1,7.420816898345947,54.418426513671875,-421.7237548828125,545.2415771484375,1500.0,292.9984182960283,2888,-174.8500000000055,-172.07765100665262,0.0,0.4131630763683934,"{0: 21, 1: 23, 2: 50, 3: 7, 6: 57, 5: 55, 4: 137}","{2: 60, 3: 186, 6: 32, 5: 5, 4: 7, 0: 55, 1: 5}","{1: 157, 0: 84, 2: 109}","{1: 218, 0: 99, 2: 33}","{1: 245, 0: 40, 2: 65}","{1: 241, 0: 67, 2: 42}",0.05722740368787582,0.02209696007317312,0.07162567083017862,0.08828502261968506,0.10167187370933647,0.13919015463470014,0.13389385835134027,0.129709129806988,0.0857636940111202,0.018699614133011373,0.15769656291240533,0.10854587773347482
5460,2,max_steps,3,4,0,2116.3855489333387,3500,705.0,714.0,0.05,0.1,7.444712162017822,54.431617736816406,-421.7237548828125,556.0888671875,2000.0,291.18554893334533,2810,-174.8000000000055,0.0,0.0,0.6046815854095253,"{0: 76, 1: 25, 2: 18, 3: 53, 5: 39, 6: 23, 4: 116}","{4: 27, 3: 233, 2: 59, 0: 16, 1: 15}","{1: 147, 0: 114, 2: 89}","{1: 243, 2: 34, 0: 73}","{1: 243, 0: 53, 2: 54}","{1: 280, 0: 29, 2: 41}",0.06210015929614837,0.021498042863883706,0.07149938640465676,0.06071147227109562,0.10454514363687059,0.10888329832133915,0.13197541681111136,0.1228182130832655,0.10535496737186777,0.03401753814982844,0.09180618551842872,0.09774724960038113
5470,2,max_steps,3,3,0,1637.189762163802,3500,933.6666666666666,1026.0,0.05,0.1,7.460582733154297,54.4768180847168,-421.7237548828125,543.1922607421875,1500.0,347.623703160041,2626,-174.8500000000055,-35.58394099622902,0.0,0.467768503475372,"{4: 88, 3: 4, 1: 19, 0: 139, 2: 17, 6: 69, 5: 14}","{6: 6, 5: 21, 4: 50, 3: 190, 2: 36, 0: 42, 1: 5}","{1: 119, 2: 125, 0: 106}","{1: 204, 2: 88, 0: 58}","{1: 216, 2: 73, 0: 61}","{1: 304, 2: 21, 0: 25}",0.08767920123084529,0.02638167821615347,0.08582012815502414,0.062278246662573866,0.1375397630442814,0.15399855821749572,0.14611640009723662,0.10394358545434731,0.1343739087423086,0.008791314394899698,0.19193655630803216,0.09648652452311245
5480,2,success,3,5,0,2669.1587183828806,2511,502.2,453.0,0.05,0.1,7.481945991516113,54.54034423828125,-421.7237548828125,543.1687622070312,2500.0,318.3140586652313,2176,-125.29999999999502,-23.85534028234774,0.0,1.0629863474244845,"{5: 40, 4: 60, 3: 30, 0: 50, 1: 15, 2: 54, 6: 2}","{2: 36, 3: 111, 4: 70, 0: 16, 1: 10, 5: 8}","{1: 53, 2: 93, 0: 105}","{1: 112, 0: 56, 2: 83}","{1: 98, 2: 73, 0: 80}","{1: 169, 2: 39, 0: 43}",0.09644912809289022,0.03264374791821893,0.11357050945014899,0.0934837861859813,0.18713705386322085,0.11507383641409887,0.22888712092861557,0.22401744357272516,0.16743327756473164,0.108028845005314,0.23446671667943694,0.11416504922760462
5490,2,success,3,5,0,2679.26943418635,3427,685.4,841.0,0.05,0.1,7.493640899658203,54.54417037963867,-421.7237548828125,543.1687622070312,2500.0,356.55480887141084,2689,-171.10000000000466,-6.185374685053474,0.0,0.7818119154322585,"{1: 37, 2: 57, 6: 87, 5: 54, 4: 37, 3: 20, 0: 50}","{4: 26, 3: 175, 2: 112, 1: 10, 6: 7, 5: 12}","{1: 85, 0: 124, 2: 133}","{1: 231, 2: 56, 0: 55}","{1: 129, 0: 97, 2: 116}","{1: 194, 0: 72, 2: 76}",0.095898162351546,0.024939958081631068,0.11991949389881276,0.09389615122701678,0.1897356300132289,0.07771402804350071,0.2473691119802377,0.24768898914425982,0.21586552821618102,0.04965072498038946,0.2867845841065192,0.19455714069754615
5500,2,crash,3,1,1,-490.29229942734173,1498,1410.0,1410.0,0.05,0.1,7.5034260749816895,54.627845764160156,-411.1650085449219,543.1687622070312,500.0,104.90918861491265,878,-74.84999999999789,-20.351488042255053,-1000.0,-0.3272979301918169,"{6: 126, 5: 7, 4: 7, 0: 9}","{4: 17, 3: 117, 2: 6, 0: 9}","{1: 93, 0: 13, 2: 43}","{1: 108, 2: 21, 0: 20}","{1: 99, 0: 3, 2: 47}","{1: 124, 0: 10, 2: 15}",0.03947101651602043,0.021031713929485586,0.06673096370979935,0.07343359883562123,0.24720627909513748,0.08265462567192451,0.28514735885247117,0.10737917309585071,0.279554775623312,0.01191895280937019,0.315128623273581,0.0007144016147095482
5510,2,crash,3,1,1,-476.05538285212003,540,413.0,413.0,0.05,0.1,7.521744251251221,54.6696662902832,-411.1650085449219,543.1687622070312,500.0,79.00391553344659,412,-26.950000000000248,-28.109298385567268,-1000.0,-0.8815840423187408,"{6: 20, 5: 10, 4: 10, 3: 1, 0: 13}","{5: 7, 4: 10, 3: 37}","{1: 10, 2: 44}","{1: 29, 2: 25}","{1: 12, 2: 42}","{1: 38, 2: 6, 0: 10}",0.1601160567199412,0.02814082644529846,0.19804465865104487,0.06119319737812106,0.22695010888324535,0.16733999758891416,0.24080300465067472,0.30100856494164663,0.21289886640853908,0.01715265998015804,0.2512837689192681,0.06021971771827662
5520,2,crash,3,1,1,-466.4075601472042,610,517.0,517.0,0.05,0.1,7.544051647186279,54.798187255859375,-411.1650085449219,556.4324951171875,500.0,92.37233915624465,516,-30.450000000000298,-28.32989930344921,-1000.0,-0.7646025576183676,"{0: 33, 1: 9, 2: 9, 6: 10}","{6: 3, 5: 7, 4: 9, 3: 41, 2: 1}","{1: 14, 0: 47}","{1: 38, 2: 23}","{1: 18, 0: 43}","{1: 30, 0: 16, 2: 15}",0.11726450122550044,0.027438894866535724,0.13928652400325717,0.10061776358811073,0.23751970802582908,0.1791996722799194,0.286468768925168,0.28503620913888233,0.2459520504748131,0.028150356503300056,0.264678004973215,0.1932710279284953
5530,2,success,3,5,0,2719.420018326988,2401,480.2,561.0,0.05,0.1,7.549009799957275,54.897056579589844,-411.1650085449219,543.1687622070312,2500.0,339.22001832699425,2096,-119.79999999999534,0.0,0.0,1.1326197494073253,"{4: 66, 3: 62, 6: 26, 5: 14, 0: 56, 1: 6, 2: 10}","{5: 22, 4: 24, 3: 89, 0: 40, 1: 12, 2: 53}","{1: 111, 2: 63, 0: 66}","{1: 105, 2: 55, 0: 80}","{1: 132, 2: 52, 0: 56}","{1: 203, 0: 15, 2: 22}",0.06358631791656053,0.033772310993424086,0.07454679766281086,0.051036786318822566,0.20638669903179296,0.1580271965984652,0.22313920494861736,0.10551241504453583,0.11879308053223855,0.10317437347932758,0.13422586688795277,0.09942695919440865
5540,2,success,3,5,0,2710.0764002968344,2961,592.2,578.0,0.05,0.1,7.56035852432251,54.978694915771484,-411.1650085449219,551.9225463867188,2500.0,361.4237527690472,2428,-147.79999999999936,-3.5473524722042837,0.0,0.9152571429573909,"{4: 113, 3: 33, 2: 40, 0: 5, 1: 23, 6: 76, 5: 6}","{6: 9, 5: 23, 4: 22, 3: 157, 1: 21, 2: 36, 0: 28}","{1: 133, 0: 67, 2: 96}","{1: 173, 2: 53, 0: 70}","{1: 169, 2: 82, 0: 45}","{1: 211, 2: 43, 0: 42}",0.05953141643163259,0.024826683425945358,0.06944508317882608,0.07105372637872484,0.21349343775969487,0.1524835520038067,0.26406024580788734,0.20646545458333454,0.14290175001283278,0.11437209568931354,0.20758692435678164,0.15202115056309012
5550,2,crash,3,1,1,-481.01660131482197,587,468.0,468.0,0.05,0.1,7.570095539093018,55.079463958740234,-411.1650085449219,547.6743774414062,500.0,73.11370875335275,467,-29.30000000000028,-24.830310068175393,-1000.0,-0.8194490652722691,"{6: 25, 5: 10, 4: 11, 0: 12}","{2: 33, 3: 13, 5: 12}","{1: 13, 2: 45}","{1: 40, 0: 13, 2: 5}","{1: 11, 2: 47}","{1: 47, 2: 2, 0: 9}",0.1388208797615581,0.02804706677844667,0.1749689839975893,0.0637155238218817,0.23277598695036641,0.03598575578570994,0.24367953768968414,0.13502373800064826,0.21460509473586434,0.007619949146118411,0.2603466920553111,0.06306670543714049
5560,2,crash,3,3,1,577.6018545965546,2344,743.0,778.0,0.05,0.1,7.581305027008057,55.186893463134766,-411.1650085449219,552.10107421875,1500.0,351.5393435406761,1650,-117.04999999999549,-156.88748894412336,-1000.0,0.24641717346269396,"{4: 66, 3: 2, 1: 8, 0: 81, 2: 7, 6: 64, 5: 6}","{6: 22, 5: 6, 4: 7, 3: 140, 2: 16, 0: 39, 1: 4}","{1: 84, 2: 100, 0: 50}","{1: 126, 2: 43, 0: 65}","{1: 89, 2: 98, 0: 47}","{1: 172, 2: 30, 0: 32}",0.13417356523428847,0.023555544242238928,0.17124926099918242,0.06427226975291436,0.2677898063233207,0.18995740305310674,0.28001366451727805,0.22555782837233243,0.3036159037421256,0.011838996824879124,0.3379075655241407,0.09185445527852228
5570,2,crash,3,1,1,-488.62144138318047,529,392.0,392.0,0.05,0.1,7.575688362121582,55.29496383666992,-411.1650085449219,567.0213012695312,500.0,60.64835972744173,391,-26.40000000000024,-22.869801110622948,-1000.0,-0.9236700215182996,"{6: 18, 5: 11, 4: 9, 3: 1, 0: 13}","{3: 39, 0: 11, 1: 2}","{1: 13, 2: 39}","{1: 40, 0: 12}","{1: 11, 2: 41}","{1: 43, 2: 6, 0: 3}",0.15205914340570464,0.014115725836034768,0.22034645676561948,0.08543802638081793,0.2506572817352434,0.12507561108987536,0.3063030117231351,0.1021246115907628,0.2553426425485294,0.003267274230881017,0.31700489344993427,0.03544517561940391
5580,2,success,3,5,0,2589.41204613929,3180,636.0,504.0,0.05,0.1,7.577211856842041,55.374664306640625,-411.1650085449219,549.4048461914062,2500.0,441.02228598769216,2822,-158.75000000000185,-192.8602398484051,0.0,0.8142805176538648,"{0: 46, 1: 30, 2: 79, 6: 108, 5: 8, 4: 18, 3: 29}","{6: 20, 5: 12, 4: 19, 3: 112, 0: 61, 1: 20, 2: 74}","{1: 96, 0: 133, 2: 89}","{1: 175, 2: 62, 0: 81}","{1: 162, 0: 86, 2: 70}","{1: 231, 0: 57, 2: 30}",0.08091606212027483,0.02807219043537166,0.0974984091665385,0.08005286013665448,0.2176457621797466,0.13504604802357356,0.22445422137780544,0.14036821620584095,0.20373888181910835,0.03158242365694354,0.24074934382694377,0.09716714123239359
5590,2,crash,3,1,1,-568.5088656475614,708,435.0,435.0,0.05,0.1,7.5700154304504395,55.451499938964844,-411.1650085449219,549.4048461914062,500.0,96.04719788450421,613,-35.35000000000013,-129.20606353206637,-1000.0,-0.8029786237959906,"{6: 24, 5: 8, 4: 10, 3: 2, 2: 25, 1: 1}","{5: 10, 4: 10, 3: 23, 0: 18, 1: 9}","{1: 20, 2: 50}","{1: 22, 2: 23, 0: 25}","{1: 33, 2: 37}","{1: 57, 2: 8, 0: 5}",0.11433544126227978,0.05691023602692506,0.1143038908353729,0.06971365019037049,0.18871001660214498,0.14777249114879618,0.21376514573129482,0.10728293741054303,0.17563145946772302,0.014821061187965225,0.1287561689622575,0.06728390768999389
5600,2,crash,3,3,1,562.8596961151442,1556,480.6666666666667,338.0,0.05,0.1,7.575074195861816,55.53262710571289,-411.1650085449219,578.5452270507812,1500.0,174.842263870374,1243,-77.64999999999773,-34.3325677552208,-1000.0,0.3617350232102469,"{3: 56, 5: 54, 4: 44, 2: 1}","{1: 18, 2: 56, 4: 14, 3: 44, 0: 12, 6: 11}","{1: 54, 2: 73, 0: 28}","{1: 55, 0: 75, 2: 25}","{1: 67, 2: 67, 0: 21}","{1: 92, 2: 36, 0: 27}",0.10517716545495225,0.03570898635925399,0.13027000130314448,0.08130578515487563,0.18450289201442668,0.11518393921708917,0.2462381402896191,0.23227837582507557,0.18081061607635693,0.035965216201935435,0.1951738668346925,0.06747473507547523
5610,2,crash,3,1,1,-467.5888885805989,505,409.0,409.0,0.05,0.1,7.572823524475098,55.6349983215332,-411.1650085449219,578.5452270507812,500.0,76.65855216776806,408,-25.200000000000223,-19.047440748367332,-1000.0,-0.9259185912487107,"{0: 22, 1: 8, 2: 10, 3: 2, 4: 7, 5: 1}","{2: 16, 3: 24, 6: 6, 5: 4}","{1: 10, 0: 40}","{1: 25, 0: 18, 2: 7}","{1: 7, 0: 43}","{1: 35, 0: 10, 2: 5}",0.16658469935331938,0.029085791963965095,0.20768289471582002,0.08276388304243709,0.2700668401962208,0.08681659270987957,0.28729912675602115,0.19339935030524938,0.22668826079731155,0.0016924488572032518,0.2857875830461963,0.08576452140915872
5620,2,max_steps,3,4,0,2054.5673786532116,3500,790.75,638.5,0.05,0.1,7.587356090545654,55.71755599975586,-411.1650085449219,570.6082763671875,2000.0,363.209846940522,2568,-174.8000000000055,-133.84246828729397,0.0,0.5870192510437747,"{6: 59, 5: 48, 4: 113, 3: 4, 0: 90, 1: 19, 2: 17}","{4: 49, 3: 186, 2: 54, 0: 33, 1: 11, 6: 11, 5: 6}","{1: 151, 2: 88, 0: 111}","{1: 198, 2: 64, 0: 88}","{1: 184, 2: 74, 0: 92}","{1: 212, 2: 72, 0: 66}",0.0612454957141801,0.028348454711356164,0.0912896354599517,0.09363348234324619,0.18088334560584166,0.15060786594348904,0.21735555282915706,0.17288883972315366,0.24657989607232655,0.0283038015170354,0.22638458381864124,0.26296895054709024
5630,2,crash,3,4,1,1215.3107269450288,2829,687.5,621.5,0.05,0.1,7.597841739654541,55.830421447753906,-411.1650085449219,570.6082763671875,2000.0,377.53210336364185,2091,-141.24999999999787,-20.97137641860351,-1000.0,0.4295902180788366,"{2: 46, 1: 13, 3: 18, 4: 73, 5: 44, 6: 41, 0: 47}","{5: 8, 4: 23, 3: 162, 2: 43, 0: 40, 1: 6}","{1: 107, 0: 90, 2: 85}","{1: 179, 2: 35, 0: 68}","{1: 143, 0: 88, 2: 51}","{1: 205, 0: 41, 2: 36}",0.07172005732096831,0.023417433909856365,0.09919492503596189,0.08279577304601532,0.24149933967785517,0.14365049160627974,0.27894106523985995,0.19402921285485256,0.2004954486086084,0.030399314395820894,0.23023817011026781,0.10096782855366469
5640,2,crash,3,1,1,-522.1042845353483,622,423.0,423.0,0.05,0.1,7.6006011962890625,55.93185806274414,-411.1650085449219,566.0835571289062,500.0,67.55275381012022,415,-31.050000000000306,-58.60703834546902,-1000.0,-0.8393959558446114,"{6: 22, 5: 10, 4: 9, 3: 1, 0: 20}","{3: 39, 2: 3, 6: 6, 5: 7, 4: 7}","{1: 13, 2: 49}","{1: 43, 2: 19}","{1: 27, 2: 35}","{1: 40, 2: 8, 0: 14}",0.1191733524435184,0.022973275064422982,0.11702626912043523,0.09408005371950541,0.2233179311525278,0.16348247331982144,0.2509940309626129,0.16228982760973268,0.22693543176970082,0.006343609686089379,0.21302580732909843,0.10731172872708102
5650,2,success,3,5,0,2772.427575064135,2996,599.2,566.0,0.05,0.1,7.612607002258301,56.0083122253418,-411.1650085449219,566.0835571289062,2500.0,421.9775750641375,2782,-149.54999999999976,0.0,0.0,0.9253763601682694,"{6: 49, 5: 21, 4: 67, 3: 16, 0: 102, 1: 23, 2: 21}","{5: 17, 4: 27, 3: 133, 0: 21, 1: 25, 2: 72, 6: 4}","{1: 85, 2: 97, 0: 117}","{1: 157, 2: 56, 0: 86}","{1: 138, 2: 59, 0: 102}","{1: 233, 2: 18, 0: 48}",0.10789274426351284,0.029101823147610256,0.11540519409774004,0.07019903494571475,0.17057509962426243,0.14732788884845835,0.1972626820177995,0.11901732616666373,0.21713372422242216,0.029383736046451673,0.27209629928280704,0.10904464121126933
5660,2,crash,3,1,1,-465.5881628312342,1162,575.0,575.0,0.05,0.1,7.614208698272705,56.10710525512695,-411.1650085449219,570.16064453125,500.0,108.34401611985078,809,-58.04999999999884,-15.882178951086779,-1000.0,-0.40067828126612237,"{1: 45, 2: 12, 5: 47, 6: 12}","{0: 5, 1: 8, 2: 8, 3: 36, 6: 44, 5: 8, 4: 7}","{1: 53, 0: 49, 2: 14}","{1: 55, 0: 25, 2: 36}","{1: 57, 0: 48, 2: 11}","{1: 57, 0: 34, 2: 25}",0.06057420589796411,0.03130995365770556,0.10069301054561665,0.10091838950807996,0.2383614526457053,0.19414056157530912,0.34099516774063465,0.266879321929357,0.183812185713163,0.01213289998153373,0.14912661050344664,0.28086630934050955
5670,2,crash,3,3,1,617.2636111926971,2079,632.3333333333334,728.0,0.05,0.1,7.628233432769775,56.16852951049805,-410.25250244140625,572.0039672851562,1500.0,264.9254734012655,1700,-103.79999999999625,-43.86186220856116,-1000.0,0.2969040938877812,"{4: 45, 0: 44, 1: 32, 2: 20, 6: 60, 5: 6}","{1: 6, 2: 15, 3: 162, 5: 11, 4: 13}","{1: 56, 2: 92, 0: 59}","{1: 154, 0: 28, 2: 25}","{1: 93, 2: 70, 0: 44}","{1: 137, 2: 32, 0: 38}",0.08526417689989044,0.018898848494807767,0.11215879632688948,0.09112003157163712,0.25328904022881993,0.10645524741148471,0.27398378055944483,0.21998460713213305,0.29630471592456364,0.00820047133179687,0.29824095639223164,0.25347229935924187
5680,2,crash,3,1,1,-517.6204387129271,1135,662.0,662.0,0.05,0.1,7.643118858337402,56.24155044555664,-410.25250244140625,545.4500732421875,500.0,65.96725209501932,911,-56.699999999998916,-26.88769080794664,-1000.0,-0.45605324996733665,"{1: 41, 2: 22, 3: 3, 4: 11, 5: 24, 6: 12}","{1: 9, 2: 8, 3: 55, 6: 26, 5: 6, 4: 9}","{1: 45, 0: 68}","{1: 49, 0: 21, 2: 43}","{1: 72, 0: 41}","{1: 75, 0: 23, 2: 15}",0.06548411244437978,0.043702334976664585,0.06356013517890868,0.07992739634340365,0.14506934401096852,0.17980977373966112,0.20521079098082412,0.22001689374707487,0.07229922283772544,0.029642248733643198,0.10431845517852253,0.10045235881340622
5690,2,max_steps,3,4,0,2185.600094596781,3500,759.5,794.5,0.05,0.1,7.660707950592041,56.30869674682617,-439.202880859375,546.60400390625,2000.0,418.4131294670486,2622,-174.8000000000055,-58.0130348702607,0.0,0.6244571698847946,"{4: 83, 3: 29, 2: 31, 1: 47, 0: 56, 6: 73, 5: 31}","{6: 29, 5: 12, 4: 19, 3: 149, 2: 68, 0: 30, 1: 43}","{1: 108, 2: 133, 0: 109}","{1: 199, 2: 69, 0: 82}","{1: 155, 2: 109, 0: 86}","{1: 236, 2: 41, 0: 73}",0.08653488242957719,0.02794641736629215,0.11205666513186768,0.08626251864947165,0.18849447296730307,0.1733234349935652,0.27275971540417293,0.20908876910031812,0.18197097493792033,0.03024506111203461,0.20105386658595245,0.10921542446479886
5700,2,crash,3,3,1,451.42506477739494,2238,596.6666666666666,748.0,0.05,0.1,7.670599460601807,56.398197174072266,-439.202880859375,544.593505859375,1500.0,205.47083752623294,1473,-111.7499999999958,-142.29577274883707,-1000.0,0.20170914422582437,"{2: 34, 3: 3, 5: 40, 6: 69, 4: 15, 0: 51, 1: 11}","{2: 25, 3: 136, 5: 18, 4: 34, 1: 10}","{1: 73, 0: 95, 2: 55}","{1: 148, 0: 37, 2: 38}","{1: 113, 0: 78, 2: 32}","{1: 140, 0: 49, 2: 34}",0.07743797557490606,0.019164725179203725,0.09845662929830527,0.09295152177676187,0.19922697594170666,0.1200769960698859,0.2392319407955081,0.17669525733870645,0.1840215955654727,0.06926185740939832,0.24074110284480996,0.10368134036748505
5710,2,crash,3,3,1,602.4539993234986,1683,527.0,577.0,0.05,0.1,7.676013946533203,56.4847297668457,-439.202880859375,544.593505859375,1500.0,209.99282439460853,1305,-83.99999999999737,-23.53882507111081,-1000.0,0.35796434897415247,"{5: 17, 4: 16, 3: 3, 2: 30, 1: 53, 0: 39, 6: 10}","{2: 31, 3: 82, 5: 10, 4: 11, 0: 11, 1: 23}","{1: 48, 2: 41, 0: 79}","{1: 87, 0: 52, 2: 29}","{1: 64, 2: 30, 0: 74}","{1: 105, 2: 36, 0: 27}",0.11713649781364603,0.029230351052044728,0.1347610196571734,0.08842296629259253,0.22474777287565317,0.1464865685965127,0.28173755005120116,0.21578677342581998,0.262234216274266,0.0111511039805133,0.29650785675305347,0.06683428407257075
5720,2,max_steps,3,3,0,1754.2572745517139,3500,1020.6666666666666,894.0,0.05,0.1,7.693124771118164,56.57355880737305,-439.202880859375,544.7281494140625,1500.0,505.7293554235238,2667,-174.8500000000055,-76.62208087180115,0.0,0.5012163641576325,"{5: 29, 6: 132, 4: 15, 3: 3, 0: 119, 1: 22, 2: 30}","{6: 7, 5: 16, 4: 57, 3: 191, 0: 41, 1: 5, 2: 33}","{1: 82, 0: 143, 2: 125}","{1: 212, 2: 56, 0: 82}","{1: 141, 0: 103, 2: 106}","{1: 245, 0: 65, 2: 40}",0.11380534183462689,0.026364265941521754,0.11990816820106036,0.07674786430542244,0.2319112493266598,0.14707696136457155,0.27740630986864134,0.2184364365404839,0.23405260274216674,0.013583735354714035,0.1779821485141732,0.10693444547452292
5730,2,success,3,5,0,2582.8283783660045,3421,684.2,608.0,0.05,0.1,7.715304851531982,56.58616638183594,-439.202880859375,547.1146850585938,2500.0,253.62837836601273,2689,-170.8000000000046,0.0,0.0,0.7549922181718809,"{4: 135, 3: 33, 0: 70, 1: 33, 2: 71}","{2: 63, 3: 223, 1: 13, 6: 26, 5: 9, 4: 8}","{1: 209, 2: 49, 0: 84}","{1: 206, 0: 75, 2: 61}","{1: 285, 0: 39, 2: 18}","{1: 271, 0: 41, 2: 30}",0.03429382922462648,0.024839761910914873,0.04572127159845542,0.05181755044331888,0.10244601560866252,0.125403337306427,0.1349604307141615,0.14406812500606508,0.0680436411247681,0.031043067541482106,0.06643660529618549,0.09742414301803397
5740,2,success,3,5,0,2624.788880901379,2726,545.2,686.0,0.05,0.1,7.734198570251465,56.60544967651367,-439.202880859375,574.5910034179688,2500.0,303.67410837984613,2459,-136.0499999999967,-42.8352274784674,0.0,0.9628719298977912,"{0: 16, 1: 11, 2: 41, 3: 24, 4: 133, 5: 25, 6: 22}","{3: 157, 5: 12, 4: 10, 2: 56, 0: 30, 1: 7}","{1: 117, 0: 55, 2: 100}","{1: 180, 2: 27, 0: 65}","{1: 161, 0: 40, 2: 71}","{1: 188, 0: 43, 2: 41}",0.06671002305341092,0.018719354417415637,0.07426579732569327,0.08793659776872352,0.15887036270297822,0.12566733808643277,0.2003096548668981,0.16077578003329546,0.10306586537572332,0.03400912889787529,0.12202943620072351,0.11556171954958565
5750,2,crash,3,2,1,40.18952545899867,1484,516.0,516.0,0.05,0.1,7.753955364227295,56.64486312866211,-439.202880859375,550.82666015625,1000.0,180.73360967437523,1087,-74.09999999999793,-66.44408421537221,-1000.0,0.027081890471023363,"{5: 14, 4: 18, 3: 3, 0: 54, 1: 6, 2: 8, 6: 45}","{4: 40, 3: 72, 0: 17, 1: 5, 2: 7, 5: 7}","{1: 55, 2: 28, 0: 65}","{1: 67, 2: 45, 0: 36}","{1: 80, 2: 18, 0: 50}","{1: 100, 2: 20, 0: 28}",0.07789519680012638,0.0366391791550663,0.08573854912454787,0.08820064855682717,0.21910815157912705,0.16882679296924397,0.24048813977865405,0.1501520948219123,0.20223228760843148,0.026792919265711194,0.07948602420809124,0.1084458609548881
5760,2,crash,3,3,1,502.93623874761715,2833,803.6666666666666,601.0,0.05,0.1,7.7718634605407715,56.71570587158203,-439.202880859375,553.4966430664062,1500.0,293.4215253716307,1845,-141.49999999999793,-148.9852866239976,-1000.0,0.17752779341603148,"{1: 38, 2: 72, 3: 11, 5: 8, 6: 85, 4: 8, 0: 61}","{1: 10, 2: 21, 3: 193, 6: 18, 5: 7, 4: 34}","{1: 94, 0: 128, 2: 61}","{1: 198, 0: 29, 2: 56}","{1: 124, 0: 100, 2: 59}","{1: 195, 0: 49, 2: 39}",0.0805736094285585,0.014290140298588062,0.1149680661123324,0.0892147927591224,0.21843736670139907,0.14114862707661158,0.2526962882493326,0.191829463091846,0.17568268842681123,0.017143618212257815,0.2008934635701195,0.0997991989068153
5770,2,crash,3,2,1,5.220611890296254,2148,826.5,826.5,0.05,0.1,7.79033088684082,56.80099868774414,-439.202880859375,544.6259155273438,1000.0,231.6345387683253,1591,-107.29999999999605,-119.11392687802442,-1000.0,0.002430452462893973,"{5: 25, 4: 14, 3: 3, 0: 97, 1: 9, 2: 17, 6: 49}","{5: 15, 4: 24, 3: 101, 0: 34, 1: 5, 2: 8, 6: 27}","{1: 77, 2: 41, 0: 96}","{1: 91, 2: 67, 0: 56}","{1: 106, 2: 33, 0: 75}","{1: 164, 2: 18, 0: 32}",0.09020729981352402,0.0373466167762905,0.1010380829649208,0.08055439408877942,0.1721392821247651,0.1738647157855598,0.20419458051344103,0.1646336618015559,0.1733320367198638,0.031422734763163596,0.2347356200580556,0.08535295180026478
5780,2,crash,3,1,1,-458.89302031139937,439,367.0,367.0,0.05,0.1,7.7993998527526855,56.862911224365234,-439.202880859375,560.6171875,500.0,80.16603137666245,366,-21.900000000000176,-17.159051688061844,-1000.0,-1.045314397064691,"{0: 22, 1: 7, 2: 7, 5: 4, 6: 3}","{2: 9, 3: 27, 4: 7}","{1: 9, 0: 34}","{1: 30, 0: 11, 2: 2}","{1: 6, 0: 37}","{1: 28, 0: 9, 2: 6}",0.1879892449181865,0.010606695932409338,0.27161371295615877,0.08632407640302082,0.30633850855424705,0.07602119029617953,0.32912211996215296,0.19916067237119522,0.29358857023878915,0.011091530050339775,0.33079797823998114,0.026560356431689996
5790,2,crash,3,1,1,-492.29523327928035,744,579.0,579.0,0.05,0.1,7.8190507888793945,56.95368576049805,-439.202880859375,552.3760375976562,500.0,73.67627731013167,604,-37.15000000000003,-28.821510589412753,-1000.0,-0.6616871415044091,"{0: 12, 1: 33, 2: 12, 3: 6, 4: 7, 5: 4}","{0: 8, 1: 6, 2: 8, 3: 35, 5: 12, 4: 5}","{1: 37, 0: 37}","{1: 34, 0: 27, 2: 13}","{1: 42, 0: 32}","{1: 54, 0: 7, 2: 13}",0.05226819238524473,0.04500646270078723,0.06455962221711375,0.08423156581936458,0.24784492759632454,0.17363529014321344,0.26725936309783827,0.3256895375556421,0.20547029502961228,0.010820656605544524,0.28436020484447827,0.08489699708902121
5800,2,crash,3,1,1,-478.03259546188804,523,410.0,410.0,0.05,0.1,7.827491283416748,57.04627990722656,-439.202880859375,540.68701171875,500.0,74.53559484907767,409,-26.100000000000236,-26.468190310966232,-1000.0,-0.9140202590093461,"{0: 21, 1: 9, 2: 10, 6: 12}","{4: 7, 3: 29, 2: 4, 0: 12}","{1: 9, 0: 43}","{1: 33, 2: 15, 0: 4}","{1: 10, 0: 42}","{1: 32, 0: 11, 2: 9}",0.16742275858406924,0.01513687289346602,0.19803756648449083,0.07671444228559923,0.22857786693464574,0.1336641967407415,0.25353396088684393,0.24894844201382574,0.21959652526063225,0.008521530721640072,0.26734340467884554,0.07021058471709057
5810,2,max_steps,3,3,0,1493.7118904192105,3500,683.0,683.0,0.05,0.1,7.8403472900390625,57.1109619140625,-439.202880859375,540.035400390625,1500.0,330.45551337649124,2645,-174.8500000000055,-161.8936229572801,0.0,0.4267748258340601,"{4: 64, 3: 3, 2: 78, 1: 71, 6: 64, 5: 6, 0: 64}","{1: 8, 2: 42, 3: 214, 4: 34, 6: 46, 5: 6}","{1: 141, 2: 86, 0: 123}","{1: 238, 0: 50, 2: 62}","{1: 188, 2: 71, 0: 91}","{1: 228, 2: 56, 0: 66}",0.06345769617613131,0.02009387550519874,0.08824995293499391,0.08987772944231731,0.1956926216168859,0.07963801989351992,0.21640506261555367,0.19330960740496797,0.23300761950434334,0.007966222352488025,0.23538056944098829,0.08797773240190547
5820,2,crash,3,2,1,-20.591252083136737,1673,616.5,616.5,0.05,0.1,7.8511223793029785,57.17217254638672,-444.31097412109375,543.4034423828125,1000.0,183.32976632461722,1060,-83.5499999999974,-120.37101840775068,-1000.0,-0.01230798092237701,"{4: 67, 3: 1, 0: 46, 1: 7, 2: 9, 5: 30, 6: 7}","{0: 9, 1: 6, 2: 44, 3: 79, 5: 3, 4: 26}","{1: 71, 2: 30, 0: 66}","{1: 71, 0: 51, 2: 45}","{1: 81, 2: 24, 0: 62}","{1: 109, 2: 26, 0: 32}",0.08152490515359778,0.037822355047224476,0.10338163942922766,0.08001396493679006,0.22182071253025185,0.14970757642446358,0.2595864788179634,0.1857149331213019,0.21752072345696974,0.021288360887162416,0.22622699957047895,0.10658309219333996
5830,2,max_steps,3,2,0,1012.3290753453225,3500,1136.5,1136.5,0.05,0.1,7.874505043029785,57.19956970214844,-444.31097412109375,566.9743041992188,1000.0,307.35774435067685,2633,-174.90000000000552,-120.1286690053565,0.0,0.2892368786700921,"{3: 47, 2: 49, 4: 128, 5: 55, 6: 71}","{6: 24, 5: 12, 4: 38, 3: 182, 2: 44, 0: 44, 1: 6}","{1: 143, 0: 80, 2: 127}","{1: 184, 2: 78, 0: 88}","{1: 205, 0: 67, 2: 78}","{1: 194, 2: 82, 0: 74}",0.0643362367488656,0.02808103887421825,0.08352766565710229,0.09561033344081718,0.16196409761839053,0.1628496481773173,0.21810126131787713,0.26580603372364003,0.11074145307882922,0.17800665245123565,0.1952166575145938,0.10647465978530876
5840,2,success,3,5,0,2510.748646563818,3377,675.4,671.0,0.05,0.1,7.879898548126221,57.24541473388672,-444.31097412109375,569.3829345703125,2500.0,377.07124505025826,3000,-168.6000000000041,-197.7225984864361,0.0,0.7434849412389156,"{1: 51, 2: 94, 3: 62, 4: 55, 6: 62, 5: 13}","{5: 10, 4: 29, 3: 168, 2: 22, 0: 73, 1: 35}","{1: 138, 0: 86, 2: 113}","{1: 157, 2: 56, 0: 124}","{1: 191, 0: 61, 2: 85}","{1: 264, 0: 44, 2: 29}",0.06834962904228366,0.030842578590410903,0.08878992878178094,0.05483147949593434,0.15910562344645426,0.14584851854576789,0.18254195546594515,0.10934416652833649,0.189615046027881,0.030354476630503783,0.19521605786946353,0.10272437598145916
5850,2,crash,3,3,1,476.8818507160312,2300,614.0,561.0,0.05,0.1,7.902185916900635,57.308658599853516,-444.31097412109375,575.0636596679688,1500.0,255.95336619475228,1473,-114.84999999999562,-164.22151547871334,-1000.0,0.2073399350939266,"{2: 48, 5: 32, 6: 84, 4: 15, 3: 2, 0: 43, 1: 6}","{1: 19, 2: 31, 3: 115, 6: 37, 5: 7, 4: 21}","{1: 91, 0: 85, 2: 54}","{1: 95, 0: 68, 2: 67}","{1: 119, 0: 75, 2: 36}","{1: 146, 0: 42, 2: 42}",0.07600173876787619,0.04672514571883701,0.09482723883295781,0.08971235918256695,0.21242453814523393,0.16809377292141972,0.233874022807148,0.1773832003237049,0.2905121113024438,0.01196616052031055,0.27193121184518154,0.10460782137232416
5860,2,success,3,5,0,2672.5438418888316,2592,518.4,442.0,0.05,0.1,7.91693115234375,57.369964599609375,-444.31097412109375,554.5213012695312,2500.0,311.67532216364407,1951,-129.34999999999516,-9.78148027480325,0.0,1.031074013074395,"{0: 35, 1: 15, 2: 34, 3: 37, 4: 89, 6: 1, 5: 48}","{2: 49, 3: 155, 6: 16, 5: 12, 4: 20, 1: 7}","{1: 76, 0: 87, 2: 96}","{1: 156, 0: 53, 2: 50}","{1: 116, 0: 60, 2: 83}","{1: 171, 2: 29, 0: 59}",0.09895598382384886,0.021146586501051744,0.1203523076571978,0.08909820683725798,0.2093867551256238,0.11574248868956495,0.2378405610039008,0.19634819797331407,0.22339500985821015,0.12897513485933698,0.2724241481595398,0.08863795102226588
5870,2,crash,3,3,1,496.3601558117524,1747,527.3333333333334,306.0,0.05,0.1,7.915533542633057,57.416996002197266,-444.31097412109375,555.1173095703125,1500.0,113.64250922477187,1470,-87.19999999999719,-30.082353413017128,-1000.0,0.2841214400754164,"{2: 65, 3: 35, 1: 58, 6: 16}","{2: 41, 3: 82, 0: 1, 1: 23, 6: 15, 5: 5, 4: 7}","{1: 90, 0: 84}","{1: 102, 0: 43, 2: 29}","{1: 126, 0: 48}","{1: 138, 0: 25, 2: 11}",0.044934037836280666,0.022896623969416427,0.046890438799496566,0.06856970745161017,0.11538407109686061,0.16444299034642051,0.17252544036453626,0.13285104718474808,0.10694269922085385,0.16460449739123734,0.16491256687061656,0.19015408906986087
5880,2,crash,3,1,1,-466.108038989256,585,473.0,473.0,0.05,0.1,7.929950714111328,57.46474838256836,-444.31097412109375,548.5368041992188,500.0,91.57450028602165,472,-29.20000000000028,-28.48253927527799,-1000.0,-0.7967658786141129,"{6: 27, 5: 9, 4: 10, 3: 1, 0: 11}","{6: 9, 5: 6, 4: 10, 3: 22, 0: 11}","{1: 14, 2: 44}","{1: 21, 2: 29, 0: 8}","{1: 13, 2: 45}","{1: 45, 2: 7, 0: 6}",0.14995539986482548,0.050370797778213544,0.19314963992126327,0.05587696360819056,0.21801036102702478,0.1597323545180676,0.24852183404962064,0.15051896931418954,0.21703977219102116,0.014998447392000642,0.25677380858955545,0.056308691838949515
5890,2,success,3,5,0,2678.998035229593,2876,575.2,436.0,0.05,0.1,7.95066499710083,57.527732849121094,-444.31097412109375,562.9179077148438,2500.0,351.36169085957386,2274,-143.5499999999984,-28.813655629976708,0.0,0.9315014030700949,"{5: 43, 6: 50, 4: 23, 2: 34, 1: 24, 0: 95, 3: 18}","{6: 11, 5: 20, 4: 31, 3: 131, 2: 59, 1: 21, 0: 14}","{1: 77, 0: 122, 2: 88}","{1: 162, 2: 74, 0: 51}","{1: 127, 0: 89, 2: 71}","{1: 191, 0: 56, 2: 40}",0.08678271250567213,0.02780655044897718,0.11038553267668942,0.08167865963456639,0.20832056582684702,0.11748361792431443,0.2572281733294916,0.20781829242869582,0.2261088428183818,0.16049161898022574,0.18763984222930835,0.27404169036201054
5900,2,crash,3,2,1,-111.99041668843279,2630,678.5,678.5,0.05,0.1,7.960911750793457,57.552284240722656,-444.31097412109375,547.3402099609375,1000.0,99.22995348813184,1411,-131.39999999999563,-79.82037017657116,-1000.0,-0.04258190748609612,"{0: 12, 1: 21, 2: 46, 3: 5, 4: 51, 6: 128}","{4: 17, 3: 215, 2: 26, 1: 5}","{1: 130, 0: 103, 2: 30}","{1: 170, 2: 45, 0: 48}","{1: 214, 0: 40, 2: 9}","{1: 212, 0: 41, 2: 10}",0.05073227744482209,0.02293394319016823,0.062225615521607935,0.08693169188570739,0.08113408331729495,0.0676254960473331,0.11364532714532888,0.10884891469706304,0.0853909133645261,0.014761469957332301,0.11384080702335787,0.10373291432618675
5910,2,crash,3,4,1,1052.0564493381644,3131,696.0,745.5,0.05,0.1,7.981213569641113,57.5760383605957,-444.31097412109375,562.392822265625,2000.0,371.2695755285114,2713,-156.3500000000013,-162.86312619033745,-1000.0,0.3360129189837638,"{6: 49, 5: 26, 4: 54, 3: 34, 2: 48, 0: 66, 1: 36}","{1: 18, 2: 49, 3: 142, 6: 32, 5: 14, 4: 30, 0: 28}","{1: 116, 2: 95, 0: 102}","{1: 158, 0: 76, 2: 79}","{1: 187, 2: 46, 0: 80}","{1: 228, 2: 39, 0: 46}",0.06565325530190655,0.029391589042022492,0.08477628386535291,0.08302303907203376,0.1803646405392962,0.15311467698045633,0.2255736521078337,0.15414979773184367,0.10011160869730389,0.07546454379980194,0.0802465141289632,0.10785335526306855
5920,2,success,3,5,0,2713.509572773877,2873,574.6,525.0,0.05,0.1,7.9985432624816895,57.64552307128906,-444.31097412109375,553.7293090820312,2500.0,370.107883878918,2482,-143.39999999999836,-13.198311105033262,0.0,0.9444864506696405,"{0: 70, 1: 12, 2: 18, 5: 46, 6: 38, 4: 96, 3: 7}","{2: 67, 3: 195, 4: 25}","{1: 100, 0: 80, 2: 107}","{1: 213, 0: 50, 2: 24}","{1: 152, 0: 74, 2: 61}","{1: 201, 0: 37, 2: 49}",0.07623213347170461,0.01563417345198136,0.0964623002896422,0.08902905170532097,0.2240110903617221,0.06528346933876816,0.2598539238115258,0.16378598694161317,0.1789429001562433,0.017922430950111163,0.12189239450244647,0.14196535175881736
5930,2,max_steps,3,3,0,1494.2223368297375,3500,1033.0,941.0,0.05,0.1,8.024572372436523,57.66569900512695,-444.31097412109375,572.247314453125,1500.0,266.1413955370598,2589,-174.8500000000055,-97.06905870731637,0.0,0.4269206676656393,"{4: 45, 5: 48, 3: 5, 0: 40, 1: 113, 2: 58, 6: 41}","{6: 10, 5: 21, 4: 37, 3: 204, 0: 58, 1: 5, 2: 15}","{1: 162, 0: 132, 2: 56}","{1: 203, 2: 85, 0: 62}","{1: 267, 2: 43, 0: 40}","{1: 272, 2: 33, 0: 45}",0.053688351197955536,0.02680344826035256,0.0660308207952426,0.07333984935099266,0.1100763707512339,0.1651302956870062,0.14220254259889542,0.1396707511315398,0.1255623444199425,0.027369112638111433,0.19777863944024995,0.08550003740717257
5940,2,max_steps,3,4,0,2241.5496314984225,3500,657.75,643.0,0.05,0.1,8.04572582244873,57.662567138671875,-444.31097412109375,547.839111328125,2000.0,436.2706296821747,2976,-174.8000000000055,-19.920998183740238,0.0,0.6404427518566922,"{2: 124, 3: 49, 6: 64, 5: 9, 4: 17, 0: 87}","{6: 22, 5: 13, 4: 28, 3: 174, 2: 48, 0: 55, 1: 10}","{1: 199, 0: 70, 2: 81}","{1: 166, 2: 88, 0: 96}","{1: 252, 0: 38, 2: 60}","{1: 276, 0: 53, 2: 21}",0.04469019934983419,0.03941498725417607,0.052153907408702946,0.0635266620337139,0.14007543909141193,0.19182544587155365,0.15753772583782025,0.12835458911769865,0.09576856785512675,0.17588916620714914,0.11122712112725863,0.10104785722974152
5950,2,success,3,5,0,2623.2624006715205,3499,699.8,626.0,0.05,0.1,8.072856903076172,57.73073196411133,-444.31097412109375,569.158447265625,2500.0,404.39203680430273,2609,-174.70000000000547,-106.42963613276429,0.0,0.7497177481198972,"{2: 93, 1: 21, 3: 43, 6: 93, 5: 55, 4: 44}","{1: 22, 2: 56, 3: 185, 6: 37, 5: 13, 4: 30, 0: 6}","{1: 137, 0: 91, 2: 121}","{1: 187, 0: 72, 2: 90}","{1: 181, 0: 70, 2: 98}","{1: 213, 0: 75, 2: 61}",0.08141658806445326,0.02650940809655704,0.094441499304379,0.08747935276782545,0.2141808384029307,0.16454720528884875,0.22511328512170292,0.25909746187253413,0.15638959253592122,0.06338861655571487,0.1307903530688246,0.164960614676954
5960,2,max_steps,3,3,0,1630.0781164628017,3500,742.0,828.0,0.05,0.1,8.09054946899414,57.73725128173828,-444.31097412109375,551.3720703125,1500.0,361.86045220681245,3032,-174.8500000000055,-56.93233574400611,0.0,0.46573660470365763,"{6: 51, 5: 44, 4: 43, 1: 47, 0: 142, 2: 20, 3: 3}","{2: 34, 3: 266, 6: 19, 5: 6, 4: 25}","{1: 121, 2: 101, 0: 128}","{1: 243, 0: 49, 2: 58}","{1: 210, 2: 54, 0: 86}","{1: 242, 2: 44, 0: 64}",0.07500986077547114,0.022876329856311155,0.07628610990754944,0.08784287008542278,0.13369207692112456,0.09468472058584247,0.18838920659642394,0.15702039537865278,0.16282956765658255,0.021342522676262278,0.11999562812672666,0.17049652090116907
5970,2,max_steps,3,4,0,2153.9714619218,3500,609.5,610.0,0.05,0.1,8.111775398254395,57.80554962158203,-444.31097412109375,548.2672729492188,2000.0,374.82195345873635,2886,-174.8000000000055,-46.05049153692117,0.0,0.6154204176919428,"{4: 101, 3: 20, 0: 54, 1: 20, 2: 56, 6: 93, 5: 6}","{6: 2, 5: 31, 4: 24, 3: 201, 2: 65, 1: 15, 0: 12}","{1: 144, 2: 112, 0: 94}","{1: 221, 2: 67, 0: 62}","{1: 201, 2: 80, 0: 69}","{1: 243, 2: 67, 0: 40}",0.061369562792095426,0.021185994783416717,0.08156921588584326,0.08339784729005527,0.15544395193251107,0.1369944508501236,0.2078325079578683,0.17545747681267265,0.10807437824051352,0.0490361603346255,0.17283533061125267,0.11568460666896101
5980,2,success,3,5,0,2700.058873484248,2627,525.4,403.0,0.05,0.1,8.124622344970703,57.864646911621094,-444.31097412109375,545.4664916992188,2500.0,331.1588734842546,2415,-131.09999999999556,0.0,0.0,1.027810762651027,"{2: 138, 3: 24, 6: 80, 5: 10, 4: 10}","{0: 29, 1: 15, 2: 58, 3: 103, 6: 22, 5: 13, 4: 22}","{1: 136, 0: 55, 2: 71}","{1: 114, 0: 82, 2: 66}","{1: 177, 0: 39, 2: 46}","{1: 218, 0: 31, 2: 13}",0.047084911281331895,0.03399782799116808,0.05874351601796883,0.07147762160871368,0.11441124149847137,0.1936254559955617,0.1609974761878841,0.10574156491357006,0.13625317127754383,0.19459410828672227,0.16101408768335781,0.10493964105823923
5990,2,crash,3,1,1,-636.1112634696137,1422,608.0,608.0,0.05,0.1,8.146778106689453,57.93952941894531,-444.31097412109375,547.7398071289062,500.0,61.86310570023653,829,-71.04999999999811,-126.9243691698522,-1000.0,-0.447335628318997,"{1: 31, 2: 29, 6: 82}","{4: 12, 3: 79, 0: 26, 1: 13, 2: 12}","{1: 82, 0: 60}","{1: 58, 2: 31, 0: 53}","{1: 100, 0: 42}","{1: 103, 0: 15, 2: 24}",0.03863746386127523,0.033747315470710804,0.05635480865244638,0.0764136579177239,0.15039776244290054,0.1394702759328606,0.193629625295855,0.16263497515358727,0.1442824601780454,0.02205961970617738,0.22353019473877989,0.06714340361067969
6000,2,crash,3,2,1,98.07572770926527,1548,717.0,717.0,0.05,0.1,8.169431686401367,57.96113204956055,-444.31097412109375,556.7611694335938,1000.0,210.0256573837619,1171,-77.29999999999775,-34.6499296744973,-1000.0,0.06335641324887938,"{2: 48, 3: 2, 6: 80, 5: 6, 4: 7, 0: 11}","{0: 20, 1: 7, 2: 11, 3: 65, 6: 39, 5: 5, 4: 7}","{1: 51, 0: 32, 2: 71}","{1: 71, 0: 45, 2: 38}","{1: 63, 0: 23, 2: 68}","{1: 112, 0: 27, 2: 15}",0.12345932238952317,0.032228025091863066,0.12790636572230374,0.0698585148989534,0.22807581893574416,0.16999246352891273,0.2502064307028286,0.19392204981073413,0.2584878415902934,0.014367294358759244,0.23061588141340486,0.10332853694805567
6010,2,success,3,5,0,2743.30159667761,2415,483.0,471.0,0.05,0.1,8.17862606048584,58.03819274902344,-444.31097412109375,557.930908203125,2500.0,363.8015966776212,1636,-120.4999999999953,0.0,0.0,1.1359426901356564,"{2: 50, 3: 3, 5: 35, 6: 86, 4: 28, 0: 34, 1: 5}","{5: 8, 4: 23, 3: 174, 2: 20, 0: 8, 1: 8}","{1: 65, 0: 78, 2: 98}","{1: 148, 2: 46, 0: 47}","{1: 83, 0: 65, 2: 93}","{1: 144, 0: 51, 2: 46}",0.1448292786080101,0.02222788289900875,0.1596214133573347,0.09156200707443411,0.24667034019803777,0.1472415238857337,0.28882436458728433,0.2174160247637026,0.25082604276954407,0.014788281741541474,0.2453556937881776,0.11399171015525411
6020,2,crash,3,1,1,-524.6957985611344,572,320.0,320.0,0.05,0.1,8.183881759643555,58.12908935546875,-444.31097412109375,567.9638061523438,500.0,38.300581439619734,319,-28.55000000000027,-34.446380000755504,-1000.0,-0.9173003471348504,"{1: 17, 2: 14, 6: 26}","{3: 37, 2: 20}","{1: 12, 0: 45}","{1: 38, 0: 19}","{1: 14, 0: 43}","{1: 41, 0: 7, 2: 9}",0.15085376436733733,0.02158950760256598,0.16280516387486224,0.09672852483211095,0.22157335930328337,0.09540694526775993,0.2692924468825434,0.10669732080281681,0.19072321356894384,0.01831453200177294,0.26845073599025326,0.08757969093632391
6030,2,crash,3,1,1,-882.3000380383316,1362,563.0,563.0,0.05,0.1,8.197937965393066,58.212711334228516,-444.31097412109375,557.4166870117188,500.0,56.175170628358735,695,-68.04999999999828,-370.42520866669145,-1000.0,-0.6477973847564843,"{1: 37, 2: 18, 3: 1, 6: 80}","{0: 5, 1: 7, 2: 8, 3: 36, 6: 80}","{1: 90, 0: 46}","{1: 56, 0: 71, 2: 9}","{1: 101, 0: 35}","{1: 115, 0: 6, 2: 15}",0.02624895503285841,0.031610618577966376,0.03956974629553041,0.05389424525062511,0.18939814606193717,0.13710871127592172,0.22148564074913557,0.1083000012360022,0.1821470642711873,0.014907262462787004,0.2625064270257887,0.09151961911250646
6040,2,crash,3,1,1,-478.34868362890916,528,397.0,397.0,0.05,0.1,8.198148727416992,58.31752014160156,-444.31097412109375,557.4166870117188,500.0,70.10432522916572,396,-26.35000000000024,-22.10300885807569,-1000.0,-0.9059634159638431,"{0: 17, 1: 11, 2: 11, 6: 13}","{5: 4, 4: 10, 3: 25, 0: 13}","{1: 10, 0: 42}","{1: 24, 2: 17, 0: 11}","{1: 8, 0: 44}","{1: 37, 0: 8, 2: 7}",0.143519267201319,0.03224509927500264,0.17527539463393366,0.08159884486306004,0.24739688942799432,0.15640849776692575,0.28969326609717533,0.2087620564538943,0.22235133428660367,0.014562417690815605,0.2889752684671017,0.08074132844127697
6050,2,success,3,5,0,2646.5318813576105,3204,640.8,434.0,0.05,0.1,8.202531814575195,58.40936279296875,-444.31097412109375,557.4166870117188,2500.0,412.6532778389307,2718,-159.95000000000212,-106.17139648130284,0.0,0.8260087020466949,"{6: 96, 5: 41, 4: 21, 3: 51, 0: 22, 1: 63, 2: 26}","{5: 11, 4: 30, 3: 134, 0: 44, 1: 18, 2: 39, 6: 44}","{1: 142, 2: 86, 0: 92}","{1: 115, 2: 97, 0: 108}","{1: 187, 2: 74, 0: 59}","{1: 247, 2: 35, 0: 38}",0.05958380582705018,0.04187953997883603,0.08268419725357257,0.08098561595032497,0.1797158069965235,0.1831305387742078,0.2280581218213907,0.1412643361839579,0.23594996665772117,0.20880275462504516,0.2710442218089252,0.10585523910708658
6060,2,success,3,5,0,2584.850757234697,2993,598.6,597.0,0.05,0.1,8.220502853393555,58.46670150756836,-444.31097412109375,555.8107299804688,2500.0,234.25075723470349,2418,-149.39999999999972,0.0,0.0,0.8636320605528557,"{4: 112, 3: 7, 2: 43, 1: 45, 5: 38, 6: 24, 0: 30}","{2: 78, 3: 177, 5: 23, 4: 21}","{1: 126, 2: 80, 0: 93}","{1: 205, 0: 43, 2: 51}","{1: 185, 2: 57, 0: 57}","{1: 199, 2: 52, 0: 48}",0.06130591004589475,0.025797694037951388,0.07842885267128916,0.08658782152449188,0.14341509712504205,0.11683086605539639,0.1664092872664905,0.1535098384526551,0.14182282693076156,0.026118307721866397,0.14166757673343439,0.16040761885788887
6070,2,success,3,5,0,2480.2080217826788,2877,575.4,420.0,0.05,0.1,8.237277030944824,58.552127838134766,-444.31097412109375,548.8094482421875,2500.0,324.8594718233208,2308,-143.5999999999984,-201.05145004063738,0.0,0.8620813422949875,"{0: 67, 1: 76, 2: 79, 3: 23, 6: 20, 5: 10, 4: 12}","{0: 11, 1: 9, 2: 23, 3: 182, 4: 31, 6: 20, 5: 11}","{1: 112, 2: 70, 0: 105}","{1: 168, 0: 51, 2: 68}","{1: 166, 2: 47, 0: 74}","{1: 213, 2: 24, 0: 50}",0.06961865235940452,0.025566716653719464,0.07723008979360407,0.08559609244948788,0.14860224163583363,0.17123563543898535,0.17462096911761457,0.10678813445554783,0.1546754540490299,0.19859076179851243,0.1893188111060112,0.13422569566717565
6080,2,success,3,5,0,2688.4431166773184,3371,674.2,618.0,0.05,0.1,8.253058433532715,58.620697021484375,-444.31097412109375,566.6554565429688,2500.0,359.3583292102672,2972,-168.30000000000402,-2.615212532939001,0.0,0.7975209482875463,"{0: 77, 1: 56, 2: 94, 3: 33, 5: 32, 4: 45}","{6: 9, 5: 11, 4: 26, 3: 155, 0: 55, 1: 12, 2: 69}","{1: 143, 0: 100, 2: 94}","{1: 168, 2: 65, 0: 104}","{1: 217, 0: 63, 2: 57}","{1: 217, 0: 70, 2: 50}",0.06055620338666101,0.030290778595535875,0.07342632321348598,0.0827933088454595,0.16655028572560476,0.16770804759582833,0.18496145546465478,0.1754377364060535,0.1797425336491159,0.02560255195068567,0.19986913151567592,0.10205518646664452
6090,2,success,3,5,0,2728.8896981742405,2946,589.2,587.0,0.05,0.1,8.257000923156738,58.69478225708008,-444.31097412109375,550.1090087890625,2500.0,412.1262356786228,2315,-147.0499999999992,-36.18653750436642,0.0,0.9263033598690565,"{6: 60, 5: 25, 4: 29, 3: 8, 0: 76, 1: 66, 2: 30}","{5: 4, 4: 47, 3: 170, 0: 23, 1: 11, 2: 39}","{1: 62, 2: 105, 0: 127}","{1: 184, 2: 61, 0: 49}","{1: 96, 2: 83, 0: 115}","{1: 199, 2: 58, 0: 37}",0.11769514491983649,0.025523525212988174,0.1412084988992238,0.08686579904111577,0.1759705329465103,0.1113187984651356,0.20774103502276167,0.1498057529148806,0.1725128839315888,0.030496268279820462,0.18537283151692047,0.10561184747414212
6100,2,max_steps,3,4,0,2149.533705699266,3500,634.25,393.5,0.05,0.1,8.261966705322266,58.749267578125,-444.31097412109375,550.0979614257812,2000.0,345.5694147602924,2613,-174.8000000000055,-21.235709061008325,0.0,0.6141524873426475,"{2: 39, 3: 29, 4: 63, 5: 18, 6: 170, 1: 13, 0: 18}","{1: 23, 2: 72, 3: 197, 6: 11, 5: 7, 4: 32, 0: 8}","{1: 93, 2: 171, 0: 86}","{1: 231, 0: 81, 2: 38}","{1: 164, 2: 116, 0: 70}","{1: 255, 0: 45, 2: 50}",0.10028173386566205,0.022368429327758975,0.1054101131834503,0.07425939921127467,0.2128524493421228,0.11651161631745252,0.24131059849852593,0.19588099499458045,0.21259183929267808,0.12303303071906746,0.2343778452336155,0.10123269161525125
6110,2,success,3,5,0,2668.8011764978523,2985,597.0,551.0,0.05,0.1,8.265374183654785,58.79097366333008,-444.31097412109375,551.6821899414062,2500.0,317.8011764978685,2340,-148.99999999999963,0.0,0.0,0.8940707458954279,"{4: 79, 3: 21, 1: 87, 0: 57, 2: 29, 6: 13, 5: 12}","{5: 21, 4: 42, 3: 150, 0: 27, 1: 7, 2: 36, 6: 15}","{1: 153, 2: 80, 0: 65}","{1: 177, 2: 76, 0: 45}","{1: 189, 2: 42, 0: 67}","{1: 219, 2: 26, 0: 53}",0.04747338461481217,0.025081843713435796,0.06831549821975111,0.0805937419565356,0.17148104143635637,0.16973283459030497,0.21675366770596188,0.15004158990370198,0.22298931386748874,0.02769553032859129,0.21887319483381815,0.10275181538522286
6120,2,success,3,5,0,2691.7187122284668,3131,626.2,609.0,0.05,0.1,8.275397300720215,58.861900329589844,-444.31097412109375,569.8994140625,2500.0,398.9513189145187,2590,-156.3000000000013,-50.93260668604231,0.0,0.8596993651320558,"{5: 39, 4: 125, 3: 56, 2: 25, 0: 48, 1: 6, 6: 14}","{2: 21, 3: 190, 6: 15, 5: 20, 4: 25, 0: 37, 1: 5}","{1: 136, 2: 101, 0: 76}","{1: 191, 0: 61, 2: 61}","{1: 180, 2: 73, 0: 60}","{1: 244, 2: 34, 0: 35}",0.06428217411728224,0.021867368608967402,0.0814886224276547,0.0869461099065653,0.20643350289546775,0.16969317395037958,0.21929645764260428,0.13517949314624192,0.13519789132878815,0.024520287270426558,0.1998426973631058,0.10139259390448137
6130,2,max_steps,3,3,0,1638.3029748728634,3500,859.0,936.0,0.05,0.1,8.287193298339844,58.86931610107422,-444.31097412109375,570.97021484375,1500.0,313.15297487286506,3052,-174.8500000000055,0.0,0.0,0.46808656424938955,"{0: 45, 1: 40, 2: 73, 3: 6, 5: 37, 4: 107, 6: 42}","{1: 1, 2: 74, 3: 242, 6: 22, 5: 4, 4: 7}","{1: 156, 0: 88, 2: 106}","{1: 259, 0: 49, 2: 42}","{1: 244, 0: 52, 2: 54}","{1: 209, 0: 81, 2: 60}",0.056382645878077675,0.019003358461510127,0.06627127378775795,0.09582400634607346,0.1106954358449985,0.08948644292601832,0.1480252445614771,0.12779984797543206,0.08631833570454027,0.030121277707962968,0.10199211632092155,0.1054489210866028
6140,2,max_steps,3,3,0,1573.8060176746433,3500,734.6666666666666,695.0,0.05,0.1,8.30301284790039,58.88364028930664,-444.31097412109375,561.3687744140625,1500.0,288.1727659302783,2849,-174.8500000000055,-39.51674825561907,0.0,0.4496588621927552,"{5: 60, 4: 119, 3: 9, 0: 48, 1: 22, 2: 27, 6: 65}","{1: 7, 2: 70, 3: 218, 5: 16, 4: 14, 0: 25}","{1: 158, 2: 125, 0: 67}","{1: 251, 0: 67, 2: 32}","{1: 231, 2: 68, 0: 51}","{1: 227, 2: 65, 0: 58}",0.05655598886461912,0.02132633417947366,0.07794756265314845,0.09082959170990298,0.11882892605959543,0.10295186302649792,0.15937021413156113,0.18648587050719456,0.12880553854690185,0.018542784812087588,0.1871246304483453,0.10189018687540467
6150,2,crash,3,4,1,1226.2690337005142,2806,678.0,622.0,0.05,0.1,8.301294326782227,58.934181213378906,-444.31097412109375,561.3687744140625,2000.0,389.01976521775924,2575,-140.0999999999976,-22.650731517239542,-1000.0,0.4370167618319723,"{2: 60, 3: 27, 6: 61, 5: 13, 4: 11, 0: 96, 1: 12}","{4: 25, 3: 168, 0: 17, 1: 9, 2: 37, 6: 18, 5: 6}","{1: 56, 0: 153, 2: 71}","{1: 186, 2: 55, 0: 39}","{1: 132, 0: 102, 2: 46}","{1: 243, 0: 25, 2: 12}",0.0979689055877424,0.025072348241769765,0.10200729642201009,0.05537134113937197,0.204171170475953,0.129775734402415,0.23305292681530904,0.10192672018698533,0.16481912144367647,0.09852044401280749,0.09923237387433946,0.10430146385717148
6160,2,crash,3,1,1,-468.9128100201099,760,677.0,677.0,0.05,0.1,8.306635856628418,58.97616958618164,-444.31097412109375,561.3687744140625,500.0,90.09443140184852,676,-37.94999999999998,-21.057241421958615,-1000.0,-0.6169905395001446,"{0: 29, 1: 27, 2: 11, 5: 4, 6: 5}","{5: 10, 4: 9, 3: 48, 0: 9}","{1: 24, 0: 52}","{1: 46, 2: 22, 0: 8}","{1: 32, 0: 44}","{1: 49, 0: 14, 2: 13}",0.09004981843806219,0.02337968926514478,0.12251972289456833,0.09439693668709163,0.24112425879333493,0.16294105834035072,0.3132545030751669,0.17128844806048948,0.2327942875480821,0.0038001435759789396,0.32259423661130476,0.07808026083723738
6170,2,max_steps,3,3,0,1677.4122562723037,3500,579.6666666666666,618.0,0.05,0.1,8.3170747756958,58.99448013305664,-444.31097412109375,561.3687744140625,1500.0,352.2622562723151,2712,-174.8500000000055,0.0,0.0,0.47926064464922963,"{4: 39, 3: 3, 2: 60, 1: 76, 6: 63, 5: 7, 0: 102}","{2: 31, 3: 280, 6: 15, 5: 8, 4: 9, 1: 7}","{1: 123, 2: 106, 0: 121}","{1: 266, 0: 44, 2: 40}","{1: 199, 2: 66, 0: 85}","{1: 232, 2: 50, 0: 68}",0.06890915029939643,0.02076770667508384,0.0830972632984274,0.09112437246762024,0.19385833121947144,0.07141759160020164,0.2279391182498464,0.21068804806248795,0.06573659910911084,0.05054871199412731,0.11860019691584486,0.10273991496253321
6180,2,max_steps,3,4,0,2148.5941623987137,3500,821.75,943.5,0.05,0.1,8.330506324768066,58.982513427734375,-444.31097412109375,566.8983764648438,2000.0,362.437800359209,3013,-174.8000000000055,-39.04363796048766,0.0,0.6138840463996325,"{6: 86, 5: 25, 4: 73, 3: 9, 1: 94, 2: 40, 0: 23}","{5: 17, 4: 73, 3: 204, 0: 26, 1: 4, 2: 19, 6: 7}","{1: 159, 2: 121, 0: 70}","{1: 209, 2: 93, 0: 48}","{1: 242, 2: 55, 0: 53}","{1: 255, 2: 55, 0: 40}",0.05694568314597548,0.026327120588475375,0.069163907930198,0.0834414887766474,0.14723700408725449,0.16628207258016972,0.1785838457274652,0.14283516639970392,0.07219826225256194,0.030338258258263116,0.10309990696781056,0.1035923277593022
6190,2,max_steps,3,4,0,2029.0354957975467,3500,418.25,397.0,0.05,0.1,8.34022045135498,58.97502136230469,-444.31097412109375,573.3258666992188,2000.0,269.774588797663,2951,-174.8000000000055,-65.93909300010691,0.0,0.5797244273707276,"{3: 37, 0: 16, 1: 9, 2: 35, 4: 89, 6: 120, 5: 44}","{5: 9, 4: 24, 3: 197, 2: 84, 0: 30, 1: 6}","{1: 194, 2: 91, 0: 65}","{1: 235, 2: 40, 0: 75}","{1: 262, 0: 42, 2: 46}","{1: 247, 0: 48, 2: 55}",0.044125171404232236,0.022029639521746712,0.05565016648141487,0.08044588127106904,0.11891591380187386,0.1367552366104862,0.15142522296084257,0.21259703560497967,0.06512240520384552,0.08542323925780561,0.08723776267306961,0.08366979446800822
6200,2,crash,3,0,1,-1390.8758063605962,2127,,,0.05,0.1,8.350900650024414,58.98133087158203,-444.31097412109375,566.9440307617188,0.0,114.32242823983313,1243,-106.3499999999961,-398.8482346004292,-1000.0,-0.6539143424356353,"{6: 91, 5: 103, 4: 18}","{0: 11, 1: 7, 2: 34, 3: 124, 4: 36}","{1: 96, 2: 57, 0: 59}","{1: 133, 0: 72, 2: 7}","{1: 136, 2: 35, 0: 41}","{1: 138, 2: 25, 0: 49}",0.05506079458842101,0.025838098083411122,0.07470795442452637,0.08895958828750733,0.1323652482811553,0.09647395915103513,0.17607059798225627,0.15467375283007995,,,,
6210,2,crash,3,1,1,-504.70110643284505,622,357.0,357.0,0.05,0.1,8.360124588012695,59.034271240234375,-456.2550354003906,573.377685546875,500.0,67.7606457754488,521,-31.050000000000306,-41.411752208294175,-1000.0,-0.8114165698277251,"{5: 18, 4: 21, 3: 10, 2: 11, 1: 2}","{2: 11, 3: 24, 6: 14, 5: 7, 4: 6}","{1: 14, 2: 48}","{1: 22, 0: 14, 2: 26}","{1: 22, 2: 40}","{1: 39, 2: 5, 0: 18}",0.12493169643999405,0.08178544272432879,0.12100504028081929,0.09583830521926043,0.22074799484497226,0.16253215319130107,0.22610757667628908,0.1218315469378226,0.16878303593107163,0.026530436181066278,0.23331357903682043,0.08134100635296804
6220,2,crash,3,2,1,-139.8513311891013,3270,1573.5,1573.5,0.05,0.1,8.372767448425293,59.076297760009766,-456.2550354003906,573.377685546875,1000.0,292.9785146036694,2129,-163.4000000000029,-269.42984579277174,-1000.0,-0.042767991189327614,"{0: 60, 1: 72, 2: 98, 3: 2, 6: 69, 5: 15, 4: 11}","{6: 9, 5: 5, 4: 10, 3: 270, 2: 20, 0: 13}","{1: 122, 0: 87, 2: 118}","{1: 247, 2: 49, 0: 31}","{1: 190, 0: 51, 2: 86}","{1: 242, 0: 55, 2: 30}",0.06898339813923839,0.018443646688081638,0.08939756034811093,0.08218821728251441,0.15898176740006276,0.06035988045626785,0.20067060900872702,0.19910844010389003,0.09001248130759834,0.0282028644869544,0.103492886679805,0.08442195586915945
6230,2,max_steps,3,4,0,2201.9541159546147,3500,714.5,707.5,0.05,0.1,8.388188362121582,59.11301803588867,-456.2550354003906,564.907470703125,2000.0,409.98597831989633,2958,-174.8000000000055,-33.231862365275944,0.0,0.6291297474156042,"{6: 112, 5: 65, 4: 42, 3: 4, 0: 94, 1: 13, 2: 20}","{2: 68, 3: 254, 4: 23, 1: 5}","{1: 94, 2: 144, 0: 112}","{1: 269, 0: 60, 2: 21}","{1: 169, 2: 85, 0: 96}","{1: 252, 2: 61, 0: 37}",0.07754879856208002,0.017774877161924205,0.10472525180698283,0.09001637236545859,0.18709233077227916,0.06851244067699043,0.21201328592447308,0.17499291553542878,0.19827592853834922,0.02349231090377625,0.21836956137114877,0.14254493456978892
6240,2,success,3,5,0,2701.019487623243,3104,620.8,611.0,0.05,0.1,8.414860725402832,59.15644454956055,-456.2550354003906,560.19775390625,2500.0,356.0097504771002,2622,-154.95000000000098,-0.04026285384985229,0.0,0.8701738040023335,"{5: 33, 4: 39, 3: 26, 0: 59, 1: 54, 2: 55, 6: 44}","{1: 23, 2: 64, 3: 173, 6: 23, 5: 7, 4: 11, 0: 9}","{1: 115, 2: 91, 0: 104}","{1: 211, 0: 71, 2: 28}","{1: 187, 2: 58, 0: 65}","{1: 240, 2: 28, 0: 42}",0.07533060955950036,0.0189699021986749,0.08815589677010564,0.07431082495314831,0.14685923524783076,0.16132061608132528,0.16369318575300632,0.12412510515225475,0.14252275617571608,0.03247844066633277,0.1277973668796932,0.10487843740277283
6250,2,crash,3,1,1,-595.478517463426,928,489.0,489.0,0.05,0.1,8.421414375305176,59.18086242675781,-456.2550354003906,566.072021484375,500.0,62.30689106621639,615,-46.349999999999504,-111.4354085296438,-1000.0,-0.6416794369217953,"{1: 37, 2: 11, 6: 44}","{0: 2, 1: 9, 2: 8, 3: 29, 6: 33, 5: 8, 4: 3}","{1: 49, 0: 43}","{1: 30, 0: 33, 2: 29}","{1: 47, 0: 40, 2: 5}","{1: 51, 0: 26, 2: 15}",0.03515614500619189,0.06106151364192477,0.09439458451728133,0.09244804003513982,0.25085607143034006,0.15980867404408325,0.3122580722372149,0.31547317751614967,0.2383670299523387,0.005974830487736877,0.34051859374864335,0.06289412628589071
6260,2,crash,3,1,1,-484.2897338991122,572,426.0,426.0,0.05,0.1,8.430832862854004,59.28592300415039,-456.2550354003906,547.279052734375,500.0,70.25667235134247,425,-28.55000000000027,-25.996406250455447,-1000.0,-0.8466603739494969,"{0: 23, 1: 10, 2: 9, 5: 2, 6: 13}","{1: 8, 2: 10, 3: 24, 6: 15}","{1: 19, 0: 38}","{1: 25, 0: 32}","{1: 20, 0: 37}","{1: 36, 0: 10, 2: 11}",0.16005399309322063,0.03331628658553466,0.20590046732697947,0.05711205780850421,0.2508820297211305,0.15446415654565834,0.28981702048605124,0.2666849982309729,0.24433380153456855,0.0019785538584469508,0.2975968628501366,0.049837498211293095
6270,2,crash,3,3,1,432.26470407957856,2510,699.0,728.0,0.05,0.1,8.429719924926758,59.34486389160156,-456.2550354003906,543.25537109375,1500.0,277.70434005227287,1762,-125.34999999999502,-220.08963597268917,-1000.0,0.17221701357752134,"{2: 63, 3: 1, 6: 81, 5: 16, 4: 18, 0: 66, 1: 6}","{2: 37, 3: 149, 6: 20, 5: 9, 4: 36}","{1: 77, 0: 114, 2: 60}","{1: 158, 0: 29, 2: 64}","{1: 111, 0: 87, 2: 53}","{1: 162, 0: 59, 2: 30}",0.09615561280521302,0.021828582865923485,0.11190664329238056,0.0874010678295423,0.19923642306471573,0.09219751677404073,0.22924571388865503,0.15199611433487065,0.29893695683654553,0.01756136864391257,0.29531318830956527,0.11293405548271275
6280,2,crash,3,2,1,-100.55680637793012,1140,353.0,353.0,0.05,0.1,8.430445671081543,59.438148498535156,-456.2550354003906,540.2060546875,1000.0,97.48799875401924,728,-56.899999999998904,-141.14480513194707,-1000.0,-0.08820772489292115,"{2: 55, 3: 2, 0: 5, 1: 8, 6: 44}","{1: 5, 2: 23, 3: 22, 4: 58, 5: 6}","{1: 59, 0: 55}","{1: 43, 0: 29, 2: 42}","{1: 66, 0: 48}","{1: 78, 0: 18, 2: 18}",0.04531903648218591,0.04085655531828557,0.0855515461859486,0.08710458498503945,0.2047239094323453,0.09816947309650835,0.2181265085489585,0.13806837607168498,0.2146424838199677,0.06410201659481861,0.18304695729235812,0.11030392561631963
6290,2,crash,3,4,1,1056.2627899797449,3098,601.25,684.5,0.05,0.1,8.442306518554688,59.4864501953125,-456.2550354003906,581.3511962890625,2000.0,274.7700070745969,2427,-154.70000000000093,-63.80721709484161,-1000.0,0.34094989992890407,"{6: 65, 5: 18, 4: 56, 3: 35, 0: 30, 1: 16, 2: 89}","{5: 16, 4: 44, 3: 165, 2: 40, 1: 16, 0: 28}","{1: 133, 2: 56, 0: 120}","{1: 162, 2: 72, 0: 75}","{1: 200, 2: 39, 0: 70}","{1: 226, 2: 50, 0: 33}",0.061081740390133046,0.02782327566131613,0.07284743690581992,0.08198853342804735,0.1456835443527851,0.14116096732525685,0.16125284600661483,0.12973789716296782,0.09998304839739203,0.1118679626808027,0.14756031639821987,0.11896259889455894
6300,2,max_steps,3,3,0,1690.9515369337867,3500,779.0,844.0,0.05,0.1,8.450180053710938,59.53901672363281,-456.2550354003906,573.3743286132812,1500.0,365.80153693380464,2625,-174.8500000000055,0.0,0.0,0.48312901055251045,"{1: 86, 2: 54, 3: 9, 5: 32, 6: 154, 4: 15}","{2: 61, 3: 124, 6: 52, 5: 29, 4: 43, 0: 36, 1: 5}","{1: 119, 0: 118, 2: 113}","{1: 174, 0: 75, 2: 101}","{1: 155, 0: 86, 2: 109}","{1: 261, 0: 48, 2: 41}",0.08939358851810683,0.030407336831676568,0.12029397245877305,0.07791732233195266,0.2255360848850664,0.12071212877894437,0.26942002534512116,0.2618027998560583,0.22639573982331693,0.020734515023093383,0.2810803982287265,0.10028145180570333
6310,2,success,3,5,0,2710.3588500875185,2658,531.6,519.0,0.05,0.1,8.464093208312988,59.61125946044922,-456.2550354003906,573.3743286132812,2500.0,407.54499380075333,2147,-132.6499999999959,-64.5361437132268,0.0,1.019698589197712,"{2: 75, 3: 13, 4: 45, 5: 32, 6: 13, 0: 45, 1: 42}","{6: 6, 5: 12, 4: 19, 3: 164, 2: 38, 0: 20, 1: 6}","{1: 71, 0: 126, 2: 68}","{1: 151, 2: 52, 0: 62}","{1: 100, 0: 92, 2: 73}","{1: 183, 0: 37, 2: 45}",0.09470498231329558,0.023528161218892427,0.123877562940904,0.07658068057209311,0.23367827613879125,0.14825197199606804,0.2833403943669965,0.2718550428624514,0.22417096344128207,0.010630268988620304,0.2714295588704452,0.09544327615684661
6320,2,max_steps,3,4,0,1949.7650923306248,3500,830.0,734.5,0.05,0.1,8.482821464538574,59.664981842041016,-456.2550354003906,573.3743286132812,2000.0,358.7259059723698,2432,-174.8000000000055,-234.16081364173888,0.0,0.5570757406658928,"{3: 21, 2: 106, 1: 55, 6: 67, 5: 8, 4: 9, 0: 84}","{6: 8, 5: 14, 4: 35, 3: 194, 2: 50, 0: 43, 1: 6}","{1: 130, 0: 149, 2: 71}","{1: 204, 2: 78, 0: 68}","{1: 201, 0: 91, 2: 58}","{1: 251, 0: 54, 2: 45}",0.07454338635399924,0.02614465629580321,0.0891822918339521,0.08151354760507362,0.15604897616421137,0.1339804733640602,0.19411361647524866,0.11602599640006071,0.15158243029263413,0.159844589794831,0.1225501144956141,0.10059578298807545
6330,2,crash,3,4,1,1107.4572705864505,2797,656.0,660.5,0.05,0.1,8.506805419921875,59.7452392578125,-456.2550354003906,567.7931518554688,2000.0,286.177655676939,2155,-139.6499999999975,-39.070385090484805,-1000.0,0.3959446802239723,"{2: 78, 3: 13, 6: 64, 5: 8, 4: 16, 1: 36, 0: 64}","{2: 47, 3: 140, 5: 11, 4: 52, 0: 22, 1: 7}","{1: 75, 0: 132, 2: 72}","{1: 154, 0: 69, 2: 56}","{1: 148, 0: 83, 2: 48}","{1: 189, 0: 48, 2: 42}",0.08901870391597258,0.02693250407505471,0.09318120884187606,0.08517628524831306,0.20303472108631862,0.09065661839536701,0.22360292108741142,0.1637253229176877,0.23590560247809328,0.026577652003253283,0.21916170954931485,0.11192362244917288
6340,2,max_steps,3,4,0,2138.262371403282,3500,784.5,831.5,0.05,0.1,8.52354621887207,59.80694580078125,-456.2550354003906,567.7931518554688,2000.0,313.062371403285,2624,-174.8000000000055,0.0,0.0,0.6109321061152234,"{4: 189, 3: 4, 1: 15, 0: 73, 2: 18, 5: 49, 6: 2}","{5: 5, 4: 27, 3: 227, 2: 49, 0: 33, 1: 9}","{1: 143, 0: 103, 2: 104}","{1: 229, 2: 56, 0: 65}","{1: 217, 2: 72, 0: 61}","{1: 205, 0: 73, 2: 72}",0.057994413071676784,0.022433936625348774,0.08215779715757923,0.09376133581867213,0.15798682969066222,0.1191906477704064,0.1904435103893838,0.1532652939808256,0.14792766517609224,0.02584886263808618,0.2118037724996956,0.0845846980195387
6350,2,crash,3,2,1,87.29349546289848,2184,1031.5,1031.5,0.05,0.1,8.527621269226074,59.901611328125,-456.2550354003906,567.7931518554688,1000.0,227.6110225230824,1699,-109.09999999999594,-31.21752706018417,-1000.0,0.039969549204623846,"{5: 16, 4: 14, 3: 2, 0: 157, 1: 8, 2: 9, 6: 12}","{4: 12, 3: 99, 0: 23, 1: 14, 2: 58, 6: 6, 5: 6}","{1: 68, 2: 48, 0: 102}","{1: 135, 2: 30, 0: 53}","{1: 92, 2: 41, 0: 85}","{1: 128, 2: 36, 0: 54}",0.0788480349803811,0.02607752321006251,0.11452528483624913,0.09556176405455524,0.19155487298893342,0.1008896034779173,0.19850752125827092,0.2070149059157779,0.20334542959258534,0.025231912950020138,0.2003787592970184,0.06010304935082523
6360,2,success,3,5,0,2555.0016230925885,2668,533.6,351.0,0.05,0.1,8.549333572387695,59.95446014404297,-456.2550354003906,567.7931518554688,2500.0,317.2564389180489,2270,-133.14999999999603,-129.10481582545708,0.0,0.9576467852670871,"{2: 116, 3: 25, 5: 12, 4: 27, 0: 68, 1: 18}","{5: 21, 4: 40, 3: 148, 2: 28, 0: 19, 1: 10}","{1: 120, 0: 106, 2: 40}","{1: 133, 2: 71, 0: 62}","{1: 164, 0: 69, 2: 33}","{1: 177, 0: 50, 2: 39}",0.06191998089567591,0.030552025898044566,0.06879967547722012,0.08431561775725674,0.18165652261578458,0.15177588540246123,0.23878038427407744,0.16632320103934017,0.21272806127709398,0.17345983044978408,0.25284984485432765,0.1494912921545156
6370,2,success,3,5,0,2636.0525570865098,2655,531.0,635.0,0.05,0.1,8.561445236206055,60.01311492919922,-456.2550354003906,567.7931518554688,2500.0,268.5525570865096,2385,-132.49999999999588,0.0,0.0,0.9928634866615856,"{0: 19, 1: 10, 2: 100, 3: 42, 4: 49, 5: 36, 6: 9}","{4: 46, 3: 122, 2: 57, 0: 34, 1: 6}","{1: 118, 0: 69, 2: 78}","{1: 142, 2: 48, 0: 75}","{1: 169, 0: 38, 2: 58}","{1: 203, 0: 28, 2: 34}",0.06019768353003085,0.026772956199086463,0.06454215819092286,0.08375224057392475,0.16467212323832567,0.13113484411264306,0.18499927085878995,0.11285987820156763,0.077883375386917,0.0801404660623836,0.1529096372588875,0.10329441808139807
6380,2,crash,3,2,1,-326.2078682173096,1240,522.5,522.5,0.05,0.1,8.573930740356445,60.07501220703125,-456.2550354003906,615.7286376953125,1000.0,93.1811211261336,1128,-61.89999999999862,-357.4889893434439,-1000.0,-0.2630708614655723,"{6: 11, 5: 20, 4: 40, 3: 33, 1: 20}","{3: 60, 2: 44, 5: 20}","{1: 64, 2: 60}","{1: 96, 0: 18, 2: 10}","{1: 84, 2: 40}","{1: 98, 2: 9, 0: 17}",0.0483174286296335,0.023504283065661827,0.05698884986599766,0.07754372717011,0.16138291663030702,0.03378259771623362,0.18616071499902181,0.1381578703541331,0.1450931109980118,0.03399234472292812,0.18699313325672365,0.13458793325910046
6390,2,crash,3,1,1,-484.3072326681697,1016,924.0,924.0,0.05,0.1,8.579156875610352,60.098304748535156,-451.05499267578125,598.6100463867188,500.0,91.2093147802869,923,-50.749999999999254,-24.766547448456933,-1000.0,-0.47668034711434026,"{6: 53, 5: 26, 4: 12, 3: 1, 0: 9}","{0: 2, 1: 10, 2: 10, 3: 79}","{1: 48, 2: 53}","{1: 72, 0: 25, 2: 4}","{1: 66, 2: 35}","{1: 81, 2: 14, 0: 6}",0.05227971539272289,0.019756588392106103,0.07580723058925866,0.0821308893417558,0.1986188785355336,0.1403694713410991,0.2381763015185612,0.13611680703515194,0.20294718481522686,0.008800952122031162,0.25069785017712953,0.023810921483223203
6400,2,crash,3,2,1,133.19650607354833,1540,725.5,725.5,0.05,0.1,8.591883659362793,60.16543960571289,-451.05499267578125,598.6100463867188,1000.0,232.28961301025603,1271,-76.89999999999777,-22.193106936707615,-1000.0,0.08649123771009633,"{6: 24, 5: 25, 4: 29, 3: 2, 0: 62, 1: 5, 2: 7}","{0: 5, 1: 8, 2: 13, 3: 116, 4: 12}","{1: 43, 2: 49, 0: 62}","{1: 104, 0: 34, 2: 16}","{1: 51, 2: 33, 0: 70}","{1: 119, 2: 16, 0: 19}",0.0940321967556248,0.02280944743404551,0.1342263476008798,0.07882445480132752,0.27880758534351346,0.11541706622739312,0.287367538179221,0.18222375093420082,0.286796059517771,0.014384596082080339,0.2694726853411844,0.04447887422375368
6410,2,crash,3,2,1,-4.229967312870144,1682,489.5,489.5,0.05,0.1,8.594325065612793,60.231075286865234,-451.05499267578125,604.5996704101562,1000.0,195.04992914458973,799,-83.99999999999737,-115.27989645744522,-1000.0,-0.002514843824536352,"{5: 23, 4: 11, 0: 43, 1: 6, 2: 13, 3: 1, 6: 71}","{3: 127, 2: 38, 1: 3}","{1: 45, 2: 39, 0: 84}","{1: 103, 0: 57, 2: 8}","{1: 79, 2: 35, 0: 54}","{1: 103, 2: 40, 0: 25}",0.09085632801750831,0.025109049769876296,0.10635534460375842,0.08908872589420236,0.26311980823953446,0.06008159865353722,0.3096342049750228,0.2240890120264742,0.20739534314030716,0.023907519201970682,0.2618313867102421,0.10331441464678649
6420,2,success,3,5,0,2632.5837747463706,2581,516.2,414.0,0.05,0.1,8.621232986450195,60.28218078613281,-451.05499267578125,620.5909423828125,2500.0,261.3837747463851,2014,-128.79999999999504,0.0,0.0,1.01998596464408,"{4: 113, 3: 36, 5: 43, 6: 25, 0: 32, 1: 4, 2: 5}","{2: 82, 6: 8, 5: 6, 4: 31, 3: 131}","{1: 107, 2: 103, 0: 48}","{1: 180, 0: 38, 2: 40}","{1: 155, 2: 56, 0: 47}","{1: 157, 2: 42, 0: 59}",0.06229012456858414,0.023045143003333768,0.08064679966382006,0.09365058687374746,0.1726938354301628,0.08502711156663183,0.26550604646986337,0.24788447383152196,0.0862206657868241,0.030705073709733074,0.09911389878055622,0.10135072330598077
6430,2,crash,3,2,1,73.54460707146734,1417,634.0,634.0,0.05,0.1,8.628561019897461,60.33289337158203,-451.05499267578125,584.5667114257812,1000.0,185.4173925309024,967,-70.74999999999812,-41.12278545943478,-1000.0,0.05190162813794449,"{1: 34, 2: 18, 3: 1, 6: 69, 5: 6, 4: 7, 0: 6}","{2: 29, 3: 99, 4: 13}","{1: 41, 0: 40, 2: 60}","{1: 103, 0: 29, 2: 9}","{1: 64, 0: 21, 2: 56}","{1: 109, 0: 15, 2: 17}",0.09878229642594859,0.012336810675596605,0.11685663141024309,0.05580071869995617,0.26847962611904963,0.08008946129819206,0.27549884336590635,0.1761491928428789,0.2747519964140708,0.015533987851256648,0.2688761504049383,0.12416172709077533
6440,2,max_steps,3,3,0,1317.852238284737,3500,980.6666666666666,575.0,0.05,0.1,8.633890151977539,60.40093231201172,-451.05499267578125,583.9774169921875,1500.0,308.102550849258,2962,-174.8500000000055,-315.40031256450305,0.0,0.3765292109384963,"{2: 61, 6: 76, 5: 22, 4: 15, 3: 2, 0: 151, 1: 23}","{3: 180, 1: 13, 2: 40, 6: 91, 5: 7, 4: 19}","{1: 137, 0: 129, 2: 84}","{1: 184, 0: 64, 2: 102}","{1: 211, 0: 58, 2: 81}","{1: 270, 0: 44, 2: 36}",0.06288161274542384,0.02925181445399145,0.0787158964693806,0.07534954762804522,0.14326052911565218,0.09911193369729838,0.1720510619509491,0.12062313341472479,0.16359856151859578,0.02748438812546836,0.2174510538489406,0.09943552171913392
6450,2,success,3,5,0,2686.270850341496,2903,580.6,647.0,0.05,0.1,8.655643463134766,60.4552001953125,-451.05499267578125,566.9299926757812,2500.0,331.17085034150927,2378,-144.8999999999987,0.0,0.0,0.9253430417986552,"{4: 80, 3: 3, 6: 58, 5: 23, 0: 81, 1: 23, 2: 22}","{4: 20, 3: 179, 2: 66, 5: 11, 0: 3, 1: 11}","{1: 108, 2: 101, 0: 81}","{1: 179, 2: 39, 0: 72}","{1: 157, 2: 69, 0: 64}","{1: 201, 2: 32, 0: 57}",0.07277021947484898,0.02419302671326825,0.08571729013193177,0.0886652087423486,0.17854782936512592,0.11124103289793826,0.22846807776387484,0.17093859944443268,0.20693061723582382,0.02091569715114052,0.13190578060756278,0.2827826764892942
6460,2,success,3,5,0,2701.9287791017364,3003,600.6,695.0,0.05,0.1,8.678205490112305,60.51137924194336,-451.05499267578125,570.3368530273438,2500.0,351.82877910174517,2305,-149.89999999999984,0.0,0.0,0.8997431831840614,"{2: 105, 1: 30, 3: 19, 4: 57, 6: 40, 5: 9, 0: 40}","{2: 89, 3: 143, 1: 22, 4: 8, 6: 30, 5: 5, 0: 3}","{1: 113, 0: 99, 2: 88}","{1: 181, 0: 70, 2: 49}","{1: 175, 0: 68, 2: 57}","{1: 195, 0: 64, 2: 41}",0.08032491913973375,0.025294315871622945,0.07717237207854256,0.08067374082985994,0.1517428403885459,0.1419253940760678,0.19948015910623806,0.20565863349559563,0.1176220245412043,0.20228999883609272,0.1342976374102474,0.13154416361491833
6470,2,success,3,5,0,2601.6152916048036,2371,474.2,379.0,0.05,0.1,8.701417922973633,60.530479431152344,-451.05499267578125,552.4545288085938,2500.0,243.99117078205683,2052,-118.29999999999542,-24.075879177254972,0.0,1.0972649901327725,"{2: 76, 1: 52, 5: 21, 4: 29, 3: 46, 0: 13}","{0: 5, 1: 7, 2: 27, 3: 136, 4: 35, 5: 22, 6: 5}","{1: 102, 2: 47, 0: 88}","{1: 131, 0: 36, 2: 70}","{1: 165, 0: 40, 2: 32}","{1: 167, 0: 44, 2: 26}",0.05815003096867527,0.026857458011720858,0.06761876852346242,0.07621452473071168,0.17716637715394187,0.12714930912492425,0.222280890150177,0.17140090531498314,0.07114267043607841,0.14814877513815827,0.11210588231267148,0.10276615776169279
6480,2,max_steps,3,3,0,1761.1761490373826,3500,984.0,1172.0,0.05,0.1,8.716997146606445,60.503265380859375,-451.05499267578125,555.9219360351562,1500.0,453.28002301989505,2792,-174.8500000000055,-17.253873982497126,0.0,0.5031931854392522,"{0: 67, 1: 17, 2: 19, 3: 21, 6: 112, 5: 27, 4: 87}","{6: 22, 5: 12, 4: 18, 3: 152, 0: 44, 1: 40, 2: 62}","{1: 94, 0: 101, 2: 155}","{1: 180, 2: 64, 0: 106}","{1: 134, 0: 82, 2: 134}","{1: 186, 0: 77, 2: 87}",0.10060976436739769,0.028714109021359128,0.12957431020680726,0.09689105734414294,0.2320969064644048,0.139089249350405,0.29136863763521664,0.3306025853319662,0.24052796454703143,0.014546929078770462,0.2363149125848034,0.32051603081855967
6490,2,crash,3,1,1,-775.4793701778256,1357,450.0,450.0,0.05,0.1,8.728287696838379,60.588294982910156,-451.05499267578125,547.4119873046875,500.0,88.80189795236775,824,-67.79999999999829,-296.48126813019553,-1000.0,-0.5714660060264005,"{0: 24, 1: 11, 2: 9, 6: 91}","{0: 4, 1: 8, 2: 9, 3: 23, 6: 91}","{1: 84, 0: 51}","{1: 63, 0: 24, 2: 48}","{1: 107, 0: 28}","{1: 114, 0: 9, 2: 12}",0.03601918302851635,0.032325964230072335,0.05594478850075003,0.06412454041694396,0.17692023561169093,0.12284256836974108,0.19771644427024246,0.1240127173991473,0.21736899301078144,0.01275595391216242,0.19534629812121398,0.2720113999486899
6500,2,success,3,5,0,2660.779763489654,3192,638.4,666.0,0.05,0.1,8.74753189086914,60.651824951171875,-451.05499267578125,548.948486328125,2500.0,356.4438568036711,2523,-159.35000000000198,-36.31409331400465,0.0,0.8335776201408691,"{3: 33, 4: 86, 5: 65, 0: 81, 1: 14, 2: 40}","{6: 38, 5: 12, 4: 13, 1: 26, 0: 4, 2: 44, 3: 182}","{1: 125, 2: 88, 0: 106}","{1: 190, 2: 69, 0: 60}","{1: 179, 2: 59, 0: 81}","{1: 199, 0: 71, 2: 49}",0.07302945382845322,0.02168547952911125,0.0843080016183518,0.086308957360442,0.17709856898364915,0.15090969113430264,0.2264898972814819,0.21681675006541046,0.21402052237172078,0.20158455314018814,0.21606155040680675,0.3047988712846726
6510,2,success,3,5,0,2657.838781889804,3171,634.2,527.0,0.05,0.1,8.769927024841309,60.67367172241211,-451.05499267578125,553.4248657226562,2500.0,328.63964731270875,2554,-158.30000000000175,-12.500865422893957,0.0,0.8381705398580271,"{1: 40, 2: 157, 3: 50, 6: 36, 5: 7, 4: 9, 0: 18}","{2: 34, 3: 220, 4: 24, 6: 32, 5: 7}","{1: 189, 0: 84, 2: 44}","{1: 182, 0: 64, 2: 71}","{1: 247, 0: 34, 2: 36}","{1: 254, 0: 42, 2: 21}",0.04113558249247873,0.027600943009520144,0.06032272521622005,0.06766456064601072,0.1713683585319967,0.1393147015770781,0.22523795846906874,0.13029903299893414,0.10432810547530139,0.03462423305041519,0.10770531538555887,0.10870949994335895
6520,2,max_steps,3,4,0,2082.6356834730427,3500,852.25,775.0,0.05,0.1,8.77541446685791,60.72584533691406,-451.05499267578125,556.9469604492188,2000.0,257.440418026353,2857,-174.8000000000055,-0.004734553304424349,0.0,0.5950387667065836,"{4: 75, 3: 5, 2: 125, 1: 33, 6: 81, 5: 31}","{4: 57, 3: 206, 2: 41, 0: 24, 1: 14, 5: 8}","{1: 172, 2: 113, 0: 65}","{1: 214, 2: 74, 0: 62}","{1: 231, 2: 87, 0: 32}","{1: 253, 2: 55, 0: 42}",0.05102871912515705,0.022360952623043703,0.0621895989290629,0.08422353088349077,0.11808088273121493,0.08792354439957614,0.15207394884951225,0.14016054895523802,0.09826359278101274,0.054619109203283785,0.17283541016819545,0.10200702873167593
6530,2,crash,3,3,1,678.4646754162624,2342,714.6666666666666,799.0,0.05,0.1,8.782451629638672,60.779788970947266,-451.05499267578125,557.0638427734375,1500.0,359.77877288369484,2011,-116.9499999999955,-64.36409746742896,-1000.0,0.28969456678747324,"{0: 67, 1: 18, 2: 46, 3: 4, 6: 85, 5: 6, 4: 8}","{0: 12, 1: 24, 2: 10, 3: 147, 6: 12, 5: 6, 4: 23}","{1: 69, 0: 110, 2: 55}","{1: 161, 0: 34, 2: 39}","{1: 115, 0: 80, 2: 39}","{1: 158, 0: 31, 2: 45}",0.09199096007860844,0.01722602997505586,0.10288014429230542,0.08554662267304501,0.23794853190305248,0.13748118450490981,0.2602565554203401,0.11523211595842198,0.21541876675390623,0.018192834373345235,0.15016095932943554,0.31496909964169156
6540,2,max_steps,3,4,0,2118.6493151129657,3500,802.5,848.5,0.05,0.1,8.799206733703613,60.83876419067383,-451.05499267578125,558.0291748046875,2000.0,293.4493151129801,2882,-174.8000000000055,0.0,0.0,0.6053283757465616,"{1: 95, 2: 61, 3: 64, 6: 47, 5: 31, 4: 11, 0: 41}","{6: 32, 5: 23, 4: 19, 3: 176, 0: 75, 1: 10, 2: 15}","{1: 211, 0: 78, 2: 61}","{1: 182, 2: 77, 0: 91}","{1: 253, 0: 54, 2: 43}","{1: 245, 0: 49, 2: 56}",0.03430796419282467,0.02818701672244349,0.04892009794881713,0.07850419883827056,0.14379573941940915,0.1554543157098437,0.18569515960662966,0.15703327103832843,0.11528783680727828,0.09302620106136272,0.11123011745355514,0.13586752896104268
6550,2,success,3,5,0,2634.3031208995662,2870,574.0,491.0,0.05,0.1,8.819781303405762,60.92027282714844,-451.05499267578125,573.8347778320312,2500.0,280.1342990865448,2380,-143.24999999999832,-2.581178186966126,0.0,0.917875651881382,"{0: 22, 1: 18, 2: 58, 3: 36, 4: 122, 6: 23, 5: 8}","{0: 9, 1: 7, 2: 31, 3: 186, 6: 14, 5: 7, 4: 33}","{1: 170, 0: 47, 2: 70}","{1: 178, 0: 39, 2: 70}","{1: 205, 0: 19, 2: 63}","{1: 233, 2: 24, 0: 30}",0.0407435953846482,0.023518983593545227,0.062247488777281805,0.07533951751445257,0.13338719202232488,0.13725286946159546,0.16748393862476912,0.10442940042261468,0.09677192613043654,0.11919323875945122,0.15649989921358173,0.10205362490095019
6560,2,crash,3,3,1,568.9517582042391,1849,585.0,633.0,0.05,0.1,8.826593399047852,60.982383728027344,-451.05499267578125,559.0437622070312,1500.0,184.39510873590152,1348,-92.2999999999969,-23.143350531655194,-1000.0,0.30770781947227643,"{3: 56, 4: 44, 5: 18, 6: 57, 1: 4, 0: 5}","{0: 27, 1: 9, 2: 10, 3: 73, 6: 13, 5: 12, 4: 40}","{1: 91, 2: 74, 0: 19}","{1: 91, 0: 32, 2: 61}","{1: 108, 2: 62, 0: 14}","{1: 151, 2: 11, 0: 22}",0.05155828807148567,0.03027083773316723,0.07081571861796537,0.06909894851458416,0.14839925285858976,0.1603167669498059,0.19541985009853804,0.15654519859867333,0.07314927318127742,0.1877512955182903,0.16947358924478093,0.09998113348081676
6570,2,max_steps,3,3,0,1726.3600779305978,3500,646.6666666666666,656.0,0.05,0.1,8.846695899963379,61.0257568359375,-451.05499267578125,572.638916015625,1500.0,401.2100779306162,2560,-174.8500000000055,0.0,0.0,0.49324573655159937,"{5: 27, 4: 50, 3: 2, 0: 94, 1: 91, 2: 45, 6: 41}","{4: 19, 3: 213, 2: 50, 0: 22, 1: 46}","{1: 128, 2: 123, 0: 99}","{1: 226, 2: 31, 0: 93}","{1: 152, 2: 105, 0: 93}","{1: 192, 2: 70, 0: 88}",0.08179661943115377,0.019438399808181253,0.11948529678791195,0.09482134845022486,0.2185719497461307,0.09893986106589654,0.2406397082971923,0.22951843527346935,0.1337012068204494,0.01751074740145203,0.204481782634373,0.28872997630330965
6580,2,crash,3,4,1,1197.1066399383783,3187,761.25,765.0,0.05,0.1,8.859321594238281,61.07698440551758,-451.05499267578125,573.6380615234375,2000.0,489.27792403035716,2294,-159.15000000000194,-133.02128409197397,-1000.0,0.3756217884965103,"{2: 83, 6: 117, 5: 14, 4: 17, 3: 1, 0: 81, 1: 5}","{6: 10, 5: 10, 4: 25, 3: 177, 2: 61, 0: 28, 1: 7}","{1: 99, 0: 86, 2: 133}","{1: 181, 2: 57, 0: 80}","{1: 131, 0: 70, 2: 117}","{1: 238, 2: 35, 0: 45}",0.09483900004448445,0.025531262290595446,0.12038162872331458,0.0687062788745463,0.287176891704952,0.12053083602485995,0.302557421603181,0.17171697495735774,0.27573202971585176,0.00974896389322087,0.26578874459462226,0.21601302893558474
6590,2,success,3,5,0,2609.7647822082868,1801,360.2,235.0,0.05,0.1,8.868730545043945,61.160282135009766,-451.05499267578125,564.5079956054688,2500.0,199.56478220829752,1551,-89.79999999999704,0.0,0.0,1.4490642877336406,"{3: 39, 4: 41, 2: 7, 5: 16, 6: 77}","{2: 61, 3: 87, 6: 13, 5: 6, 4: 13}","{1: 75, 2: 74, 0: 31}","{1: 103, 0: 38, 2: 39}","{1: 96, 2: 59, 0: 25}","{1: 134, 2: 29, 0: 17}",0.07765500219550536,0.024920143686460228,0.0962961940981151,0.06845092935805963,0.1513127739094893,0.1429714550220903,0.19611373455253867,0.14102497248909104,0.15502624524243358,0.14073958588278865,0.2578057362821006,0.10774104321999489
6600,2,crash,3,4,1,1155.3985719722546,3275,782.5,620.0,0.05,0.1,8.870535850524902,61.235511779785156,-451.05499267578125,572.5809326171875,2000.0,374.4596597139621,2363,-163.55000000000294,-55.511087741693785,-1000.0,0.35279345709076476,"{5: 49, 4: 74, 0: 58, 1: 6, 2: 12, 3: 14, 6: 114}","{3: 194, 4: 31, 2: 30, 1: 23, 6: 40, 5: 9}","{1: 55, 2: 166, 0: 106}","{1: 218, 2: 61, 0: 48}","{1: 127, 2: 137, 0: 63}","{1: 232, 2: 42, 0: 53}",0.10511907001195385,0.020790044238721012,0.112561072717563,0.08211772547010213,0.21119788731354702,0.10084828893883725,0.2380866908325958,0.14301588715584576,0.20311206549206332,0.02070476961256399,0.2755857493578625,0.10026245266623621
6610,2,max_steps,3,4,0,2113.3790754055917,3500,791.5,737.5,0.05,0.1,8.88805866241455,61.26231002807617,-451.05499267578125,573.7451171875,2000.0,288.17907540560896,2527,-174.8000000000055,0.0,0.0,0.6038225929730262,"{4: 106, 3: 6, 0: 85, 1: 31, 2: 64, 5: 24, 6: 34}","{1: 18, 2: 93, 3: 192, 6: 12, 5: 8, 4: 9, 0: 18}","{1: 143, 0: 124, 2: 83}","{1: 189, 0: 113, 2: 48}","{1: 206, 2: 64, 0: 80}","{1: 245, 2: 37, 0: 68}",0.06478004559472239,0.027663232015398793,0.07275489127693652,0.09077777705014566,0.15602512575467542,0.11542664046556407,0.20306235746782145,0.13434221304985156,0.12354724591056457,0.020155614839699396,0.1928011305983529,0.10247883191734238
6620,2,success,3,5,0,2750.58143438007,3410,682.0,754.0,0.05,0.1,8.894853591918945,61.283363342285156,-451.05499267578125,573.2745971679688,2500.0,421.16759850707484,2906,-170.25000000000446,-0.3361641270033505,0.0,0.8066221215190821,"{5: 23, 4: 37, 3: 26, 6: 39, 2: 59, 1: 157}","{2: 28, 3: 193, 6: 33, 5: 12, 4: 19, 0: 45, 1: 11}","{1: 141, 2: 85, 0: 115}","{1: 187, 0: 78, 2: 76}","{1: 186, 2: 73, 0: 82}","{1: 233, 2: 58, 0: 50}",0.07918586316934166,0.024678620812951964,0.0807517294123312,0.08170373894456814,0.1915742778457942,0.19282951467361087,0.21950227266197606,0.25956853732976026,0.21999826702127562,0.1078778657558975,0.4042189567345511,0.10894368039150969
6630,2,crash,3,3,1,611.1248135283336,1802,563.3333333333334,326.0,0.05,0.1,8.914655685424805,61.352210998535156,-451.05499267578125,564.3963623046875,1500.0,225.32909141760544,1787,-89.94999999999703,-24.2542778892713,-1000.0,0.33913696644191654,"{4: 35, 3: 32, 0: 86, 1: 18, 2: 9}","{3: 118, 6: 3, 5: 17, 4: 13, 2: 17, 0: 12}","{1: 38, 2: 36, 0: 106}","{1: 117, 2: 37, 0: 26}","{1: 88, 2: 29, 0: 63}","{1: 103, 2: 32, 0: 45}",0.07305972565262664,0.024530490054245707,0.1025027313476509,0.0966157168428259,0.20453846781495894,0.08998219891896839,0.2393221393684974,0.22474657516323046,0.16518090474122435,0.10608703466720863,0.24438208082526539,0.10893611836743276
6640,2,max_steps,3,4,0,2102.7829135774114,3500,768.0,651.0,0.05,0.1,8.910131454467773,61.39777374267578,-451.05499267578125,566.8252563476562,2000.0,392.46991535075784,2904,-174.8000000000055,-114.88700177333594,0.0,0.6007951181649747,"{1: 38, 2: 33, 3: 18, 6: 80, 5: 50, 4: 95, 0: 36}","{2: 57, 3: 197, 6: 27, 5: 6, 4: 20, 0: 37, 1: 6}","{1: 106, 0: 109, 2: 135}","{1: 212, 0: 86, 2: 52}","{1: 212, 0: 57, 2: 81}","{1: 269, 0: 41, 2: 40}",0.08394864583512737,0.02377653078513883,0.08732069106087939,0.07218564980461294,0.15609734581017773,0.15061698067878146,0.18531645531881938,0.12002024134294761,0.15499976147497022,0.033177944755758124,0.17073284854778348,0.09998876906117085
6650,2,success,3,5,0,2335.3427050935184,3346,669.2,569.0,0.05,0.1,8.919156074523926,61.432254791259766,-451.05499267578125,569.577880859375,2500.0,307.6323258121649,2896,-167.05000000000373,-305.23962071864526,0.0,0.6979505992509021,"{4: 117, 3: 26, 2: 73, 0: 99, 1: 19}","{2: 30, 3: 209, 6: 11, 5: 15, 4: 37, 1: 15, 0: 17}","{1: 119, 2: 88, 0: 127}","{1: 181, 0: 73, 2: 80}","{1: 188, 2: 75, 0: 71}","{1: 208, 2: 49, 0: 77}",0.06863471848202614,0.024872900818110354,0.0822132603722226,0.09495151172576799,0.18385715925499488,0.13680270189746715,0.21851385505207352,0.19612541473700087,0.1580939119026959,0.019683405031118022,0.22508840160599441,0.09473311401480036
6660,2,max_steps,3,3,0,1457.8476784742084,3500,1058.3333333333333,1237.0,0.05,0.1,8.920736312866211,61.47359085083008,-451.05499267578125,582.098388671875,1500.0,347.43522680346484,3012,-174.8500000000055,-214.73754832925596,0.0,0.4165279081354881,"{0: 40, 1: 55, 2: 67, 3: 36, 6: 91, 5: 26, 4: 35}","{2: 69, 3: 147, 6: 44, 5: 13, 4: 8, 0: 62, 1: 7}","{1: 136, 0: 94, 2: 120}","{1: 187, 0: 101, 2: 62}","{1: 234, 0: 47, 2: 69}","{1: 284, 0: 37, 2: 29}",0.0676932333344624,0.028170140322419462,0.07782337074046804,0.07097381830779143,0.13359454563352893,0.11653239057563773,0.1668095293132945,0.10452917639884192,0.17680555913017845,0.014509430835500424,0.20176515094945666,0.09769069943198556
6670,2,max_steps,3,4,0,2119.9172230310032,3500,832.5,788.0,0.05,0.1,8.92912769317627,61.47947311401367,-447.0120849609375,560.7353515625,2000.0,297.2456494537022,2886,-174.8000000000055,-2.528426422687629,0.0,0.6056906351517152,"{1: 94, 2: 60, 3: 4, 6: 54, 5: 68, 4: 70}","{5: 10, 4: 60, 3: 237, 2: 9, 0: 30, 1: 4}","{1: 143, 0: 90, 2: 117}","{1: 233, 2: 54, 0: 63}","{1: 273, 0: 27, 2: 50}","{1: 300, 0: 22, 2: 28}",0.0638216504595466,0.022625291102959993,0.07233969674340698,0.06331087585248021,0.0910048804292501,0.16531637114787387,0.1129715219911286,0.10448944822408042,0.10664728071788292,0.028429473384275733,0.11202648706328047,0.07989027022773845
6680,2,crash,3,1,1,-491.2802156502526,595,467.0,467.0,0.05,0.1,8.942205429077148,61.5578727722168,-447.0120849609375,571.83837890625,500.0,73.70559770760966,466,-29.700000000000287,-35.28581335786275,-1000.0,-0.8256810347063069,"{6: 29, 5: 9, 4: 8, 1: 6, 0: 7}","{4: 7, 3: 36, 2: 3, 0: 13}","{1: 17, 2: 42}","{1: 37, 2: 18, 0: 4}","{1: 20, 2: 37, 0: 2}","{1: 40, 2: 2, 0: 17}",0.13195408679495918,0.023009709674832225,0.1537783250057866,0.0945678062933871,0.24669319238544365,0.09827371676322201,0.2814305194522547,0.30900208371012605,0.24887617932708986,0.01291240047418613,0.25348064518695923,0.10649084082408336
6690,2,max_steps,3,4,0,2076.7218393168478,3500,817.25,495.0,0.05,0.1,8.950492858886719,61.57640838623047,-447.0120849609375,572.3934936523438,2000.0,302.6197811045858,2765,-174.8000000000055,-51.09794178772623,0.0,0.5933490969476708,"{0: 10, 1: 48, 2: 53, 3: 29, 6: 161, 5: 15, 4: 34}","{5: 6, 4: 21, 3: 207, 1: 11, 2: 105}","{1: 130, 0: 126, 2: 94}","{1: 249, 2: 30, 0: 71}","{1: 239, 0: 52, 2: 59}","{1: 304, 0: 22, 2: 24}",0.06906835711246753,0.022497914866264367,0.07454237712620931,0.06325788915581076,0.1331614101716492,0.06781168304870386,0.15319773152694668,0.10410951548929125,0.1226687855383398,0.03217695256584409,0.08483668238880426,0.08531700363590844
6700,2,success,3,5,0,2685.8137487370345,3353,670.6,748.0,0.05,0.1,8.970114707946777,61.64971160888672,-447.0120849609375,571.5263061523438,2500.0,353.21374873703996,3024,-167.4000000000038,0.0,0.0,0.8010181177265239,"{1: 56, 2: 120, 3: 20, 6: 71, 5: 7, 4: 61}","{1: 16, 2: 40, 3: 189, 6: 31, 5: 5, 4: 37, 0: 17}","{1: 169, 0: 72, 2: 94}","{1: 193, 0: 80, 2: 62}","{1: 251, 0: 33, 2: 51}","{1: 269, 0: 46, 2: 20}",0.049582929608779344,0.025076776720936687,0.06334270069355498,0.08472368999747258,0.13435505474653275,0.16874721435215137,0.15300384402316045,0.10611672109149978,0.08753763193517583,0.067268330739682,0.15145110823068497,0.10293446113929283
6710,2,success,3,5,0,2667.808234804752,1945,389.0,415.0,0.05,0.1,8.982718467712402,61.70234298706055,-447.0120849609375,558.2119140625,2500.0,264.8082348047589,1603,-96.99999999999663,0.0,0.0,1.3716237711078416,"{3: 21, 0: 31, 1: 7, 2: 37, 4: 48, 5: 36, 6: 14}","{2: 31, 4: 35, 3: 114, 1: 3, 5: 11}","{1: 55, 0: 52, 2: 87}","{1: 112, 0: 36, 2: 46}","{1: 71, 0: 51, 2: 72}","{1: 124, 0: 39, 2: 31}",0.1064741653212424,0.02455443992612525,0.130296875026704,0.09480413612921418,0.19919748007920435,0.10978643347647998,0.24143180368337494,0.21367392090020246,0.17819286925914063,0.11962274062968187,0.25284505823914993,0.1138697889525251
6720,2,success,3,5,0,2591.1626974786273,2832,566.4,508.0,0.05,0.1,9.003756523132324,61.7825813293457,-447.0120849609375,596.966552734375,2500.0,384.6497705943281,2369,-141.3499999999979,-152.13707311570153,0.0,0.9149585796181593,"{5: 31, 6: 57, 4: 43, 3: 29, 0: 81, 1: 5, 2: 37}","{6: 9, 5: 9, 4: 21, 3: 149, 2: 47, 0: 30, 1: 18}","{1: 101, 0: 71, 2: 111}","{1: 156, 2: 48, 0: 79}","{1: 137, 2: 90, 0: 56}","{1: 218, 0: 44, 2: 21}",0.07994245610473906,0.02737467136222292,0.10662600982578443,0.08051973357075004,0.24298885162271175,0.13919033514623338,0.26829996050319993,0.1587010407606299,0.24066742097020039,0.10358647426320108,0.18801397253665908,0.21180993630758616
6730,2,success,3,5,0,2678.6932532391097,2760,552.0,440.0,0.05,0.1,9.01624870300293,61.888484954833984,-459.4811706542969,596.966552734375,2500.0,333.88682222112914,2114,-137.74999999999707,-17.443568982012742,0.0,0.9705410337822862,"{4: 97, 2: 67, 1: 28, 0: 48, 6: 27, 5: 6, 3: 3}","{2: 50, 3: 181, 6: 21, 5: 6, 4: 9, 1: 9}","{1: 106, 2: 73, 0: 97}","{1: 189, 0: 46, 2: 41}","{1: 138, 2: 55, 0: 83}","{1: 166, 2: 47, 0: 63}",0.0650180595756814,0.01916776802474176,0.09984378298948243,0.09550175378908615,0.22204974462582605,0.12817601425915054,0.2474078163876759,0.21896584776916395,0.12865986916564667,0.029373405221912126,0.15156456701421722,0.1230847827486456
6740,2,crash,3,4,1,1011.3044627585122,3400,742.5,823.0,0.05,0.1,9.016892433166504,61.938880920410156,-459.4811706542969,596.966552734375,2000.0,334.6311485556557,2926,-169.80000000000436,-153.52668579714305,-1000.0,0.29744248904662124,"{6: 18, 5: 39, 4: 54, 3: 26, 0: 104, 1: 28, 2: 71}","{5: 17, 4: 45, 3: 198, 2: 25, 0: 41, 1: 5, 6: 9}","{1: 145, 2: 52, 0: 143}","{1: 213, 2: 55, 0: 72}","{1: 216, 2: 38, 0: 86}","{1: 233, 2: 53, 0: 54}",0.0649699580626193,0.02322815486264073,0.06702260096902429,0.07516419947402006,0.14116745862398242,0.1631516311972146,0.16579256247286864,0.15435377409181894,0.1317635605653822,0.12239701350225557,0.2023754672234149,0.10026450849984728
6750,2,success,3,5,0,2671.525850587119,2702,540.4,453.0,0.05,0.1,9.025803565979004,62.01235580444336,-459.4811706542969,596.966552734375,2500.0,306.37585058711585,2256,-134.8499999999964,0.0,0.0,0.9887216323416428,"{4: 60, 3: 8, 2: 89, 1: 63, 5: 30, 0: 20}","{4: 35, 3: 189, 2: 13, 0: 28, 1: 5}","{1: 85, 2: 88, 0: 97}","{1: 196, 2: 30, 0: 44}","{1: 136, 2: 58, 0: 76}","{1: 185, 2: 43, 0: 42}",0.08384888441104278,0.02122267633183985,0.09955203475505217,0.09160706804682758,0.17894875838550742,0.15663887756771216,0.2128412974359847,0.1944236521560052,0.17429933977709794,0.01676191878336462,0.20082100394148616,0.11781123083446685
6760,2,crash,3,3,1,557.917720250888,1092,336.0,281.0,0.05,0.1,9.017701148986816,62.046817779541016,-459.4811706542969,596.966552734375,1500.0,130.01308646460276,849,-54.449999999999044,-17.645366213711764,-1000.0,0.5109136632334139,"{3: 34, 4: 16, 6: 41, 5: 9, 0: 9}","{5: 5, 4: 36, 1: 10, 0: 10, 2: 9, 3: 39}","{1: 74, 2: 35}","{1: 42, 2: 42, 0: 25}","{1: 72, 2: 37}","{1: 94, 2: 7, 0: 8}",0.02349531389436596,0.06269873421806386,0.032891437311201005,0.03212649956243076,0.24486395657456858,0.16533333273567277,0.2831982965861505,0.11817407399063741,0.2526737148707971,0.19526493377870585,0.3139984706486038,0.025087643935383635
6770,2,crash,3,1,1,-482.85580499971843,515,397.0,397.0,0.05,0.1,9.031013488769531,62.1186637878418,-459.4811706542969,596.966552734375,500.0,63.69334611632915,396,-25.70000000000023,-20.849151116048226,-1000.0,-0.9375840873780941,"{0: 20, 1: 10, 2: 9, 4: 3, 5: 6, 6: 3}",{3: 51},"{1: 13, 0: 38}","{1: 45, 2: 6}","{1: 13, 0: 38}","{1: 32, 0: 9, 2: 10}",0.1498456740779564,0.010108073605536677,0.1906413515493059,0.09425840027336096,0.2762151024146072,0.030159331341729437,0.30960720125678765,0.24829165085058558,0.25884648684083056,0.0009004760877694097,0.3253112563197007,0.050862742532048096
6780,2,success,3,5,0,2584.987821406692,3439,687.8,511.0,0.05,0.1,9.043500900268555,62.175315856933594,-459.4811706542969,596.966552734375,2500.0,404.8657728733021,2559,-171.7000000000048,-148.17795146660552,0.0,0.7516684563555371,"{1: 85, 2: 36, 6: 138, 5: 37, 4: 27, 0: 19, 3: 1}","{3: 188, 1: 72, 0: 10, 2: 39, 6: 22, 5: 5, 4: 7}","{1: 138, 0: 118, 2: 87}","{1: 200, 2: 63, 0: 80}","{1: 169, 0: 94, 2: 80}","{1: 237, 0: 45, 2: 61}",0.08090652698262753,0.021868343713807706,0.10285541113341493,0.08552636939968991,0.22232044613418944,0.12052830690899782,0.2579900571048722,0.1767496956106713,0.2605548831352548,0.016985037135772228,0.23245495444186123,0.10406265230075262
6790,2,crash,3,1,1,-493.052332745633,589,443.0,443.0,0.05,0.1,9.061636924743652,62.252620697021484,-459.4811706542969,571.0272216796875,500.0,71.47010266749305,442,-29.400000000000283,-35.122435413126595,-1000.0,-0.83710073471245,"{0: 25, 1: 10, 2: 9, 6: 14}","{1: 2, 2: 27, 3: 29}","{1: 16, 0: 42}","{1: 29, 0: 29}","{1: 20, 0: 38}","{1: 42, 0: 3, 2: 13}",0.13325484317041014,0.030683747946791767,0.15080984848333365,0.08691192703904055,0.24949679201306404,0.1321859252424123,0.29884272441975335,0.31071961937706416,0.25474270098374574,0.0028873827428045774,0.3092801638365374,0.023949341868788537
6800,2,success,3,5,0,2612.8384900525575,2127,425.4,251.0,0.05,0.1,9.06859302520752,62.31571578979492,-459.4811706542969,571.0272216796875,2500.0,218.9384900525547,1523,-106.09999999999611,0.0,0.0,1.2284148989433745,"{4: 125, 3: 5, 2: 49, 1: 27, 0: 6}","{2: 35, 3: 134, 4: 40, 5: 3}","{1: 102, 0: 69, 2: 41}","{1: 128, 0: 34, 2: 50}","{1: 118, 2: 31, 0: 63}","{1: 189, 2: 6, 0: 17}",0.05307911619736211,0.025791957708655194,0.07724049933490465,0.04696191787888478,0.19782647808494114,0.08204881237515795,0.21915337682305747,0.10135837983982104,0.19153272029255508,0.034763983763594464,0.21980391509516795,0.08818120271935613
6810,2,crash,3,3,1,435.6541486812886,1950,592.3333333333334,531.0,0.05,0.1,9.077184677124023,62.33427429199219,-459.4811706542969,571.0272216796875,1500.0,186.70169789306507,1671,-97.34999999999661,-153.6975492117755,-1000.0,0.22341238393912236,"{5: 28, 4: 41, 3: 3, 0: 68, 1: 34, 2: 21}","{4: 20, 3: 108, 2: 11, 0: 33, 1: 5, 6: 18}","{1: 90, 2: 39, 0: 66}","{1: 102, 2: 45, 0: 48}","{1: 127, 2: 19, 0: 49}","{1: 129, 2: 29, 0: 37}",0.055317939194025924,0.029706219329408232,0.07170602621344825,0.08422792916296387,0.20878420844106882,0.15665629613376808,0.24443772599233532,0.175420349383475,0.2913973740418579,0.049967598647952506,0.3120291201975952,0.11192959813721898
6820,2,crash,3,1,1,-507.85843883709384,640,455.0,455.0,0.05,0.1,9.074653625488281,62.37129211425781,-459.4811706542969,571.0272216796875,500.0,66.99388001182804,478,-31.95000000000032,-42.90231884892276,-1000.0,-0.7935288106829591,"{0: 21, 1: 10, 2: 13, 3: 4, 4: 11, 5: 5}","{2: 5, 3: 40, 6: 8, 5: 11}","{1: 13, 0: 51}","{1: 41, 0: 6, 2: 17}","{1: 19, 0: 45}","{1: 50, 0: 5, 2: 9}",0.1506594901308106,0.012975184366810687,0.14354319343524907,0.08619284250325904,0.1813449515399036,0.06778410609688712,0.19452631403413148,0.18376934262414296,0.15904989351722323,0.013854702879734365,0.18492864381842047,0.09260768018177312
6830,2,max_steps,3,3,0,1536.8448940866176,3500,839.6666666666666,772.0,0.05,0.1,9.098674774169922,62.4073600769043,-459.4811706542969,571.6046142578125,1500.0,357.57867830709756,2804,-174.8500000000055,-145.8837842204736,0.0,0.43909854116760505,"{6: 68, 5: 18, 4: 49, 3: 4, 0: 95, 1: 76, 2: 40}","{5: 13, 4: 39, 3: 187, 2: 14, 0: 34, 1: 5, 6: 58}","{1: 165, 2: 107, 0: 78}","{1: 217, 2: 89, 0: 44}","{1: 205, 2: 84, 0: 61}","{1: 209, 2: 68, 0: 73}",0.05576713561515513,0.023096072737142856,0.07738628062146846,0.09473293260999846,0.14854842733471127,0.17117624826732525,0.18378682706272315,0.15456772810786754,0.145941853647023,0.017750332817264236,0.16196645170458196,0.11559444981408765
6840,2,max_steps,3,4,0,2141.703288840562,3500,799.25,817.0,0.05,0.1,9.111215591430664,62.39750671386719,-459.4811706542969,576.2090454101562,2000.0,361.5992300975384,2608,-174.8000000000055,-45.095941256971415,0.0,0.6119152253830177,"{2: 62, 3: 7, 4: 56, 5: 51, 6: 113, 0: 36, 1: 25}","{1: 6, 2: 46, 3: 224, 4: 30, 5: 13, 0: 31}","{1: 107, 0: 79, 2: 164}","{1: 247, 0: 64, 2: 39}","{1: 176, 0: 65, 2: 109}","{1: 259, 0: 49, 2: 42}",0.08128575382611768,0.019191149351169043,0.09830688526283074,0.07010683358310454,0.1658756123552033,0.10295962673918288,0.20390906896141187,0.13764635677827625,0.15371637189181966,0.02006969060430336,0.15482538316166145,0.1491933654781148
6850,2,crash,3,2,1,104.19985427548374,1445,676.5,676.5,0.05,0.1,9.116801261901855,62.461204528808594,-459.4811706542969,568.1295776367188,1000.0,202.783623320801,1351,-72.14999999999804,-26.43376904531609,-1000.0,0.07211062579618252,"{0: 13, 1: 19, 2: 20, 3: 14, 6: 65, 5: 6, 4: 7}","{4: 8, 3: 111, 0: 5, 1: 8, 2: 12}","{1: 53, 0: 31, 2: 60}","{1: 94, 2: 14, 0: 36}","{1: 76, 0: 21, 2: 47}","{1: 99, 0: 24, 2: 21}",0.07662771489390013,0.010736157394318617,0.08888616089049801,0.08527168164590263,0.2599211519393967,0.14162247106354015,0.2860221017901028,0.16527872321713122,0.07648484939619518,0.02938256265516382,0.04156442069544628,0.0981145731151452
6860,2,success,3,5,0,2698.069654922844,2626,525.2,538.0,0.05,0.1,9.128511428833008,62.50637435913086,-459.4811706542969,551.8661499023438,2500.0,329.1196549228491,1910,-131.04999999999555,0.0,0.0,1.0274446515319284,"{2: 64, 1: 39, 3: 37, 6: 68, 5: 7, 4: 7, 0: 40}","{5: 7, 4: 39, 3: 173, 2: 16, 0: 21, 1: 6}","{1: 100, 2: 70, 0: 92}","{1: 170, 2: 43, 0: 49}","{1: 128, 2: 45, 0: 89}","{1: 177, 0: 56, 2: 29}",0.0658327230821125,0.021939017379217718,0.10167549368356618,0.08980667255440057,0.23357970696536742,0.13603655233579973,0.27117297422225345,0.1709168417485957,0.27647560529983545,0.1398218523532616,0.25119996059167,0.19124372418746408
6870,2,success,3,5,0,2722.1879141161917,3078,615.6,716.0,0.05,0.1,9.144387245178223,62.55508804321289,-459.4811706542969,547.0084838867188,2500.0,375.8379141162046,2432,-153.6500000000007,0.0,0.0,0.8844015315517192,"{6: 81, 5: 15, 4: 95, 3: 56, 0: 44, 1: 5, 2: 11}","{3: 210, 2: 30, 4: 37, 0: 20, 1: 10}","{1: 124, 2: 107, 0: 76}","{1: 217, 2: 44, 0: 46}","{1: 163, 2: 80, 0: 64}","{1: 205, 2: 43, 0: 59}",0.0715891186785195,0.022339996021308473,0.08777607545208452,0.08623749895214602,0.22061941258522647,0.1409460941511612,0.24353003988783326,0.2030090475877352,0.10713793457180308,0.028375800457261423,0.11377000718197906,0.17940567184306977
6880,2,max_steps,3,2,0,1051.7300103297855,3500,1584.5,1584.5,0.05,0.1,9.166056632995605,62.57670974731445,-459.4811706542969,544.5556030273438,1000.0,226.63001032978136,2732,-174.90000000000552,0.0,0.0,0.300494288665653,"{1: 66, 2: 27, 3: 1, 6: 87, 5: 9, 4: 160}","{0: 26, 1: 14, 2: 39, 3: 236, 6: 20, 5: 5, 4: 10}","{1: 253, 0: 27, 2: 70}","{1: 229, 0: 73, 2: 48}","{1: 299, 0: 17, 2: 34}","{1: 302, 0: 23, 2: 25}",0.023888490224560598,0.021126391067775543,0.027054546147158187,0.03436773373602567,0.10067584815413912,0.17497917899353382,0.12575184934162867,0.10838498185619345,0.09913930114143929,0.004719171702858669,0.11576065469157885,0.1218162261690365
6890,2,max_steps,3,1,0,403.33644168225413,3500,2279.0,2279.0,0.05,0.1,9.17391300201416,62.54583740234375,-459.4811706542969,576.4107666015625,500.0,78.28644168224986,1701,-174.95000000000553,0.0,0.0,0.1152389833377869,"{2: 227, 5: 9, 6: 114}","{2: 14, 3: 289, 4: 47}","{1: 280, 2: 17, 0: 53}","{1: 264, 0: 53, 2: 33}","{1: 320, 0: 23, 2: 7}","{1: 320, 0: 12, 2: 18}",0.011473862776405752,0.01993417085987924,0.016425555204577464,0.019727089437014046,0.08577159886978246,0.0614725609309847,0.09062682688021931,0.09877416566505016,0.15370574799502196,0.06485200450422096,0.17511292965406486,0.11629618668147111
6900,2,crash,3,3,1,625.8845275615893,2528,794.0,932.0,0.05,0.1,9.183465003967285,62.53438186645508,-459.4811706542969,553.8715209960938,1500.0,296.6572561957661,2198,-126.24999999999497,-44.52272863417627,-1000.0,0.24758090488986917,"{3: 18, 4: 46, 1: 20, 0: 74, 2: 12, 6: 69, 5: 13}","{6: 20, 5: 18, 4: 26, 3: 128, 0: 46, 1: 6, 2: 8}","{1: 94, 2: 121, 0: 37}","{1: 111, 2: 70, 0: 71}","{1: 140, 2: 78, 0: 34}","{1: 184, 0: 43, 2: 25}",0.08414159713461775,0.03330688977948428,0.09392720015126915,0.06972937357074699,0.16217025185250492,0.16869432928138917,0.18513468685937085,0.17485330156047524,0.14804933107199703,0.10711045394172306,0.17623587847427116,0.16812073835337316
6910,2,crash,3,2,1,26.66026822977085,694,296.5,296.5,0.05,0.1,9.192537307739258,62.58761215209961,-459.4811706542969,561.53076171875,1000.0,89.30675012206414,591,-34.60000000000017,-28.046481892291748,-1000.0,0.038415372089006986,"{5: 12, 4: 44, 3: 3, 0: 10}","{4: 21, 3: 36, 2: 12}","{1: 25, 2: 44}","{1: 36, 2: 26, 0: 7}","{1: 32, 2: 37}","{1: 48, 2: 8, 0: 13}",0.07034027107345779,0.029337762142550933,0.12021798700619842,0.08207395119121348,0.22667119037385366,0.13681185315070607,0.24744694653007382,0.1724021644264503,0.23284656994018113,0.022003194207663737,0.24473360872795727,0.08382330738964558
6920,2,crash,3,1,1,-497.47208144852425,793,629.0,629.0,0.05,0.1,9.193320274353027,62.62530517578125,-459.4811706542969,562.0958251953125,500.0,65.1820882559011,628,-39.59999999999989,-23.054169704426208,-1000.0,-0.6273292325958691,"{0: 12, 1: 17, 2: 32, 3: 1, 6: 17}","{5: 6, 4: 22, 3: 51}","{1: 25, 0: 54}","{1: 46, 2: 18, 0: 15}","{1: 37, 0: 42}","{1: 39, 0: 25, 2: 15}",0.08324164883173438,0.028214620482487792,0.10814974743944177,0.10157553064824494,0.2325764734270195,0.12060565456795642,0.3087663573066786,0.2264159886269245,0.1388870034671255,0.020417024864927805,0.2977877040163429,0.2267833949422555
6930,2,max_steps,3,3,0,1721.2389681996763,3500,915.3333333333334,946.0,0.05,0.1,9.20093059539795,62.65713882446289,-459.4811706542969,575.669677734375,1500.0,396.08896819968646,3042,-174.8500000000055,0.0,0.0,0.49178256234276463,"{0: 93, 1: 45, 2: 31, 3: 17, 4: 55, 6: 100, 5: 9}","{0: 28, 1: 32, 2: 101, 3: 152, 6: 25, 5: 5, 4: 7}","{1: 168, 0: 86, 2: 96}","{1: 172, 0: 128, 2: 50}","{1: 225, 0: 58, 2: 67}","{1: 244, 0: 46, 2: 60}",0.05259885045420628,0.03024660342982425,0.07172299043357075,0.08510662129456059,0.15304770898590192,0.13996360310599296,0.18411776028338744,0.1796021894454947,0.12380237392717734,0.12744297258324624,0.15224795052692777,0.14879247110284827
6940,2,success,3,5,0,2649.8555754302497,2287,457.4,519.0,0.05,0.1,9.217403411865234,62.72177505493164,-459.4811706542969,578.6919555664062,2500.0,263.95557543024887,2226,-114.09999999999566,0.0,0.0,1.1586600679625054,"{6: 21, 5: 26, 4: 27, 3: 35, 2: 64, 1: 23, 0: 32}","{0: 19, 1: 15, 2: 19, 3: 146, 5: 6, 4: 23}","{1: 104, 2: 45, 0: 79}","{1: 140, 0: 52, 2: 36}","{1: 174, 2: 12, 0: 42}","{1: 180, 2: 26, 0: 22}",0.056082887826714216,0.022531053377046507,0.06471274700138088,0.07331286215996138,0.1308555163687208,0.16056140334883887,0.15985831526155178,0.14300176510268398,0.11971160328796247,0.1424917783037067,0.15511982216963677,0.09692316501428652
6950,2,success,3,5,0,2627.4058978679977,2612,522.4,526.0,0.05,0.1,9.239717483520508,62.788902282714844,-459.4811706542969,568.04150390625,2500.0,268.06493538976457,2129,-130.3499999999954,-10.309037521761953,0.0,1.0058981232266453,"{4: 66, 3: 22, 1: 44, 2: 75, 5: 36, 6: 18}","{6: 7, 5: 26, 4: 21, 3: 97, 2: 49, 0: 41, 1: 20}","{1: 122, 2: 76, 0: 63}","{1: 116, 2: 54, 0: 91}","{1: 177, 2: 38, 0: 46}","{1: 184, 2: 33, 0: 44}",0.0540424700581462,0.03294133444310588,0.07525234768319522,0.08494735039298495,0.11825669766352524,0.16148409475234834,0.1703621492973367,0.17479995065381096,0.1309112239779659,0.12684903197190162,0.17927384011236552,0.13156814581499146
6960,2,success,3,5,0,2557.4333232039326,2452,490.4,394.0,0.05,0.1,9.270456314086914,62.86627197265625,-459.4811706542969,565.7734375,2500.0,315.6256707668704,2122,-122.34999999999519,-135.84234756292756,0.0,1.042998908321343,"{3: 28, 0: 33, 1: 24, 2: 51, 4: 35, 6: 68, 5: 6}","{0: 22, 1: 15, 2: 42, 4: 28, 5: 9, 3: 129}","{1: 97, 0: 71, 2: 77}","{1: 127, 0: 70, 2: 48}","{1: 138, 0: 48, 2: 59}","{1: 177, 2: 21, 0: 47}",0.07288006793270659,0.028767590149103375,0.08068729818163174,0.07101288541065126,0.20394235940294622,0.1557777554393264,0.24456954578208007,0.17724084621204814,0.15841936326839479,0.17193005688321256,0.14484275740451993,0.10075466809044623
6970,2,max_steps,3,4,0,2223.592056630784,3500,857.75,697.5,0.05,0.1,9.2866792678833,62.885704040527344,-459.4811706542969,566.2762451171875,2000.0,398.39205663079025,3085,-174.8000000000055,0.0,0.0,0.635312016180224,"{6: 77, 5: 57, 4: 65, 3: 5, 0: 74, 1: 39, 2: 33}","{0: 30, 1: 17, 2: 46, 3: 209, 6: 27, 5: 6, 4: 15}","{1: 138, 2: 122, 0: 90}","{1: 214, 0: 77, 2: 59}","{1: 222, 2: 83, 0: 45}","{1: 249, 2: 33, 0: 68}",0.06561597992107204,0.023920985419336696,0.07539217204828522,0.08664268743671501,0.1572880798983466,0.15113806298469526,0.19791402574064337,0.12060833199393134,0.17289926610876144,0.025169051140036307,0.16192886645529264,0.14101419996367046
6980,2,success,3,5,0,2616.970054727341,2471,494.2,549.0,0.05,0.1,9.296134948730469,62.9288215637207,-459.4811706542969,592.5047607421875,2500.0,254.63099034261427,2193,-123.29999999999514,-14.360935615264873,0.0,1.0590732718443305,"{3: 26, 1: 23, 2: 31, 4: 117, 5: 34, 6: 16}","{0: 10, 1: 13, 2: 31, 3: 150, 6: 12, 5: 12, 4: 19}","{1: 107, 0: 53, 2: 87}","{1: 143, 0: 54, 2: 50}","{1: 154, 0: 32, 2: 61}","{1: 174, 0: 40, 2: 33}",0.05935676544082444,0.026092136819183914,0.06929328030701187,0.08723098762692365,0.16222990256334655,0.15991127048227224,0.17623443206191358,0.1496063968479949,0.1283951726800011,0.023522829103555583,0.21161947689807797,0.12554624746112308
6990,2,max_steps,3,3,0,1459.7419009752227,3500,1130.3333333333333,1140.0,0.05,0.1,9.304435729980469,62.936676025390625,-459.4811706542969,592.5047607421875,1500.0,275.79176829579086,2561,-174.8500000000055,-141.19986732057114,0.0,0.41706911456434936,"{1: 39, 2: 36, 3: 4, 4: 68, 5: 49, 6: 143, 0: 11}","{1: 6, 2: 36, 3: 264, 6: 18, 5: 5, 4: 21}","{1: 145, 0: 84, 2: 121}","{1: 227, 0: 52, 2: 71}","{1: 204, 0: 66, 2: 80}","{1: 247, 0: 70, 2: 33}",0.06329793507193167,0.022507261589481416,0.08695028752278294,0.08452537374650011,0.16268082437953987,0.10318974721537709,0.19262103673537825,0.18100762606211834,0.09064081784505493,0.025112969067304494,0.10818824349889093,0.17030931893730888
7000,2,max_steps,3,4,0,1988.3680209558293,3500,592.0,594.0,0.05,0.1,9.327921867370605,62.974281311035156,-459.4811706542969,574.91259765625,2000.0,290.0586395073266,2551,-174.8000000000055,-126.89061855148907,0.0,0.5681051488445227,"{2: 70, 3: 16, 4: 50, 5: 67, 1: 25, 0: 59, 6: 63}","{4: 21, 3: 208, 2: 81, 0: 19, 1: 15, 5: 6}","{1: 110, 0: 127, 2: 113}","{1: 216, 2: 51, 0: 83}","{1: 196, 0: 79, 2: 75}","{1: 267, 0: 43, 2: 40}",0.08025479165972914,0.022835286133262335,0.09053036150793059,0.0756587466919533,0.12543170336514411,0.12124605711436627,0.1564368695737759,0.13066555712008232,0.13328776731992875,0.1614758178139869,0.1784170555077096,0.0612569040675731
7010,2,max_steps,3,3,0,1635.9858300528456,3500,1099.0,834.0,0.05,0.1,9.342658996582031,62.98849105834961,-459.4811706542969,570.38671875,1500.0,352.7749181670074,2195,-174.8500000000055,-41.939088114132375,0.0,0.4674245228722416,"{5: 29, 4: 168, 1: 12, 0: 83, 2: 8, 3: 16, 6: 34}","{5: 11, 4: 22, 3: 219, 0: 46, 1: 14, 2: 10, 6: 28}","{1: 136, 2: 131, 0: 83}","{1: 200, 2: 74, 0: 76}","{1: 161, 2: 113, 0: 76}","{1: 211, 2: 59, 0: 80}",0.07635185790751683,0.027370616765330258,0.1139764127308301,0.09255207970656734,0.2111311379972456,0.1489387266828964,0.2768917557859524,0.31644995495530986,0.18305753576474704,0.018078082335258986,0.24145965598488,0.1836929455863805
7020,2,max_steps,3,3,0,1585.0748292428964,3500,1030.0,1196.0,0.05,0.1,9.349189758300781,62.99903106689453,-459.4811706542969,564.7661743164062,1500.0,374.98172084570524,2810,-174.8500000000055,-115.05689160280123,0.0,0.45287852264082756,"{0: 127, 1: 24, 2: 37, 6: 102, 5: 45, 4: 14, 3: 1}","{2: 70, 3: 264, 4: 16}","{1: 92, 0: 165, 2: 93}","{1: 270, 0: 51, 2: 29}","{1: 187, 0: 100, 2: 63}","{1: 265, 0: 49, 2: 36}",0.09202522217199434,0.018620709812875724,0.09329521039311603,0.0777115938585487,0.16579646486275088,0.08232966098696255,0.19743252142985251,0.14761782055552822,0.20706574115083096,0.027823245620073208,0.22585970890686521,0.08525575601283988
7030,2,max_steps,3,3,0,1747.4649145403441,3500,969.3333333333334,1024.0,0.05,0.1,9.350589752197266,63.0732536315918,-459.4811706542969,586.5137939453125,1500.0,422.3149145403569,2832,-174.8500000000055,0.0,0.0,0.49927568986866977,"{5: 27, 4: 66, 3: 5, 0: 163, 1: 9, 2: 40, 6: 40}","{3: 263, 2: 28, 5: 18, 4: 11, 0: 25, 1: 5}","{1: 112, 2: 110, 0: 128}","{1: 234, 2: 46, 0: 70}","{1: 167, 2: 97, 0: 86}","{1: 223, 2: 57, 0: 70}",0.07852709395855721,0.024390893504059305,0.10638094935847198,0.08945439930816639,0.17504944767635391,0.15635122724141798,0.24391620647838638,0.21657501664642667,0.2018871376957441,0.03178507108385349,0.27715789695973886,0.07673490288789556
7040,2,crash,3,3,1,610.9044153778796,1877,585.6666666666666,647.0,0.05,0.1,9.354020118713379,63.152584075927734,-459.4811706542969,560.3862915039062,1500.0,257.3239099978361,1329,-93.69999999999682,-52.71949461994839,-1000.0,0.3254685217783056,"{0: 19, 1: 19, 2: 10, 6: 53, 5: 14, 4: 72}","{4: 15, 3: 90, 2: 60, 1: 10, 6: 12}","{1: 47, 0: 52, 2: 88}","{1: 96, 2: 24, 0: 67}","{1: 51, 0: 50, 2: 86}","{1: 127, 0: 39, 2: 21}",0.13100580847899912,0.02895640309997481,0.15806705893433093,0.08784537954869465,0.22751595915055353,0.09187477890251707,0.2666024899641865,0.27221800452151934,0.26055270609916775,0.023647733083081542,0.29495599402812295,0.09121433953341662
7050,2,crash,3,1,1,-494.6637833356377,706,566.0,566.0,0.05,0.1,9.349372863769531,63.21552658081055,-459.4811706542969,561.3827514648438,500.0,67.29880976111447,565,-35.250000000000135,-26.712593096752766,-1000.0,-0.7006569169060024,"{0: 16, 1: 26, 2: 13, 3: 1, 6: 14}","{4: 12, 3: 44, 0: 14}","{1: 20, 0: 50}","{1: 49, 2: 15, 0: 6}","{1: 32, 0: 38}","{1: 41, 0: 17, 2: 12}",0.08638643427612336,0.025155012259965116,0.11399708208588999,0.0969854015103396,0.23263763670818058,0.11513392541212933,0.2895613992373934,0.2752061474855141,0.21923495075265653,0.00726140045583649,0.3102958571268273,0.07182663062355953
7060,2,crash,3,1,1,-617.1083615361385,1109,703.0,703.0,0.05,0.1,9.347845077514648,63.27015686035156,-459.4811706542969,561.3827514648438,500.0,42.124168031737945,635,-55.39999999999899,-103.8325295678782,-1000.0,-0.5564547894825416,"{2: 52, 1: 17, 3: 1, 6: 40}","{5: 4, 4: 11, 3: 27, 2: 28, 0: 40}","{1: 68, 0: 42}","{1: 53, 2: 28, 0: 29}","{1: 81, 0: 29}","{1: 83, 0: 14, 2: 13}",0.026020058409449716,0.030948941665861707,0.03021642482428804,0.045589456971372955,0.20566079108210703,0.14788904638364728,0.2465968991626002,0.1726168931941134,0.18661932559352287,0.003312249923571019,0.2794502650929337,0.06799655711243402
7070,2,crash,3,1,1,-495.15835425478423,542,393.0,393.0,0.05,0.1,9.33787727355957,63.33148956298828,-459.4811706542969,561.3827514648438,500.0,59.03677227079486,397,-27.05000000000025,-27.14512652557985,-1000.0,-0.9135762993630705,"{6: 16, 5: 13, 4: 9, 3: 5, 2: 8, 1: 3}","{4: 18, 3: 36}","{1: 13, 2: 41}","{1: 45, 2: 9}","{1: 16, 2: 38}","{1: 36, 2: 6, 0: 12}",0.15249255092177968,0.023797689859223738,0.1708588726908027,0.08515513616741362,0.25220425336064445,0.032328720102204736,0.2859586560013733,0.36496072839752647,0.23716749349367044,0.009535648838306857,0.295186761205724,0.046659041358152034
7080,2,crash,3,2,1,76.04045804300608,1504,712.5,712.5,0.05,0.1,9.338407516479492,63.39106369018555,-459.4811706542969,590.8114013671875,1000.0,172.84485775039573,977,-75.09999999999788,-21.704399707391822,-1000.0,0.05055881518816894,"{3: 30, 6: 99, 5: 6, 4: 7, 0: 8}","{2: 32, 6: 12, 5: 10, 4: 28, 3: 60, 0: 8}","{1: 45, 0: 34, 2: 71}","{1: 73, 0: 32, 2: 45}","{1: 64, 0: 22, 2: 64}","{1: 113, 0: 17, 2: 20}",0.08634355993823958,0.03008946271293538,0.1207345252092456,0.06369235696569314,0.2659598923295366,0.09573240599363678,0.2853445089532728,0.15650291001357564,0.23061790977025526,0.042708667269303634,0.21792808972179623,0.0386426231332597
7090,2,crash,3,1,1,-534.5927999206349,1023,800.0,800.0,0.05,0.1,9.34738540649414,63.474342346191406,-459.4811706542969,565.9142456054688,500.0,55.83083804762158,492,-51.099999999999234,-39.32363796825755,-1000.0,-0.5225736069605424,"{1: 69, 2: 10, 6: 23}","{6: 4, 5: 8, 4: 8, 3: 59, 0: 23}","{1: 65, 0: 37}","{1: 66, 2: 32, 0: 4}","{1: 72, 0: 30}","{1: 68, 0: 13, 2: 21}",0.004029623219503294,0.014672221271215813,0.006775275412424544,0.011979652526712329,0.2590571149103135,0.1517287760561297,0.30242015312734566,0.2407503007629704,0.2413711380874279,0.004441045767207458,0.3364209724554448,0.0434802771524687
7100,2,success,3,5,0,2598.2850870132643,2385,477.0,590.0,0.05,0.1,9.347562789916992,63.568626403808594,-459.4811706542969,561.890380859375,2500.0,299.33393604396053,2014,-118.99999999999538,-82.0488490306923,0.0,1.0894277094395237,"{2: 90, 6: 48, 5: 6, 4: 7, 3: 64, 1: 14, 0: 9}","{0: 11, 1: 7, 2: 69, 3: 88, 6: 51, 5: 6, 4: 6}","{1: 102, 0: 72, 2: 64}","{1: 109, 0: 74, 2: 55}","{1: 129, 0: 46, 2: 63}","{1: 166, 0: 41, 2: 31}",0.062420757396240256,0.03126191422676923,0.09343829030990838,0.04554338943109973,0.2570784697213884,0.13617051320166224,0.27704202584195187,0.36884873588682465,0.15033092171407608,0.12717037813767462,0.24773530873866656,0.09645492630016636
7110,2,success,3,5,0,2769.449798079755,2562,512.4,405.0,0.05,0.1,9.357264518737793,63.62169647216797,-459.4811706542969,565.14794921875,2500.0,398.84757806564915,1910,-127.84999999999488,-1.5477799858773846,0.0,1.080971818141981,"{2: 60, 3: 3, 0: 16, 1: 20, 6: 127, 5: 15, 4: 15}","{1: 15, 2: 20, 3: 143, 4: 28, 5: 13, 0: 37}","{1: 79, 0: 84, 2: 93}","{1: 142, 0: 61, 2: 53}","{1: 98, 0: 66, 2: 92}","{1: 173, 0: 38, 2: 45}",0.13629695558129512,0.02481217987583255,0.17488633987020596,0.07580291793504149,0.2607153303039039,0.16207353416974185,0.29797902196634374,0.21913013028459255,0.28564894896556997,0.02347765874904552,0.2832504360338065,0.09766001417540536
7120,2,crash,3,1,1,-481.8519847731435,709,593.0,593.0,0.05,0.1,9.353952407836914,63.69301223754883,-459.4811706542969,565.14794921875,500.0,75.76501718025506,592,-35.40000000000013,-22.217001953398768,-1000.0,-0.679621981344349,"{6: 37, 5: 12, 4: 9, 3: 1, 2: 4, 1: 6, 0: 1}","{1: 9, 2: 9, 3: 41, 6: 11}","{1: 33, 2: 37}","{1: 38, 0: 22, 2: 10}","{1: 35, 2: 35}","{1: 56, 2: 5, 0: 9}",0.06306489851701322,0.020159683116009887,0.10380789838057336,0.07396119033979656,0.26276024209899324,0.16118781522554912,0.2857922972774981,0.222675031781146,0.24526043296906713,0.011569849052721837,0.3020722090442543,0.033884847318632665
7130,2,crash,3,3,1,591.409444180329,1938,606.3333333333334,660.0,0.05,0.1,9.352200508117676,63.7806282043457,-459.4811706542969,565.14794921875,1500.0,274.2529820708721,1418,-96.74999999999665,-86.09353789054268,-1000.0,0.30516483187839477,"{6: 20, 5: 18, 4: 38, 3: 2, 0: 97, 1: 5, 2: 13}","{0: 12, 1: 6, 2: 28, 3: 85, 6: 42, 5: 8, 4: 12}","{1: 51, 2: 68, 0: 74}","{1: 105, 0: 46, 2: 42}","{1: 66, 2: 52, 0: 75}","{1: 98, 2: 50, 0: 45}",0.10586255331785417,0.027361274637804207,0.1471174551222594,0.09906855691033736,0.2714055760702192,0.1380128463314118,0.28741843969117026,0.2548065005843034,0.2987337899882194,0.06626107085607685,0.2804002464769554,0.10134147305443042
7140,2,crash,3,1,1,-501.5965589601404,613,344.0,344.0,0.05,0.1,9.34807014465332,63.84052276611328,-459.4811706542969,575.6857299804688,500.0,82.21647488907404,509,-30.6000000000003,-53.21303384921475,-1000.0,-0.8182651859056124,"{5: 22, 4: 22, 3: 12, 2: 5}","{4: 15, 3: 19, 2: 27}","{1: 12, 2: 49}","{1: 34, 2: 18, 0: 9}","{1: 23, 2: 38}","{1: 36, 2: 8, 0: 17}",0.12916314266958287,0.02932683816195964,0.15217954977092094,0.09233815883963013,0.21059523550811854,0.08076619107075057,0.24874254519191413,0.1601727163020303,0.1945842092629463,0.03784908886163694,0.2496855722076167,0.19129646377388868
7150,2,max_steps,3,4,0,2214.799250554716,3500,797.75,740.5,0.05,0.1,9.358036041259766,63.914344787597656,-459.4811706542969,559.44287109375,2000.0,432.7748352470149,2511,-174.8000000000055,-43.175584692282975,0.0,0.632799785872776,"{4: 63, 3: 19, 1: 19, 0: 83, 2: 45, 5: 50, 6: 71}","{5: 13, 4: 51, 3: 194, 0: 50, 1: 17, 2: 25}","{1: 118, 2: 101, 0: 131}","{1: 197, 2: 68, 0: 85}","{1: 153, 2: 88, 0: 109}","{1: 186, 2: 79, 0: 85}",0.09536670463556339,0.027167109084917776,0.12462736927873358,0.0972097133645121,0.22539110452018812,0.1407080949984033,0.2617993496304918,0.24120296808907288,0.22814951149811014,0.1233710938740305,0.23549646766714413,0.11695601951173987
7160,2,crash,3,2,1,36.64558875188834,1112,502.5,502.5,0.05,0.1,9.364668846130371,64.00538635253906,-459.4811706542969,568.2122802734375,1000.0,114.27349409467048,751,-55.499999999998984,-22.12790534278219,-1000.0,0.03295466614378448,"{2: 33, 3: 1, 6: 54, 5: 6, 4: 8, 1: 5, 0: 4}","{4: 11, 3: 73, 2: 16, 1: 11}","{1: 44, 0: 20, 2: 47}","{1: 81, 2: 15, 0: 15}","{1: 50, 0: 12, 2: 49}","{1: 90, 0: 15, 2: 6}",0.07286221723276187,0.01682156059908779,0.11292958959046945,0.07759820644450571,0.2680119845029641,0.10775125033168974,0.29447279829859985,0.13098479424675824,0.06541571394071387,0.07938587860483458,0.12838036217757567,0.1020475442137165
7170,2,success,3,5,0,2641.527948937876,3078,615.6,625.0,0.05,0.1,9.375354766845703,64.0724105834961,-459.4811706542969,593.7806396484375,2500.0,368.75213738286556,2500,-153.6500000000007,-73.57418844498306,0.0,0.8581962147296542,"{1: 60, 2: 31, 3: 14, 4: 79, 5: 62, 6: 61}","{6: 31, 5: 13, 4: 30, 3: 92, 0: 71, 1: 15, 2: 55}","{1: 111, 0: 77, 2: 119}","{1: 123, 2: 77, 0: 107}","{1: 131, 0: 63, 2: 113}","{1: 178, 0: 53, 2: 76}",0.0848251642532368,0.04485390743238022,0.13369713773685038,0.09209409919934627,0.21636867187672168,0.15161784875532114,0.25858388880889716,0.2161888122911088,0.19744940141676173,0.07171170680197025,0.26343613326480375,0.18712552828384038
7180,2,crash,3,1,1,-488.6312825702511,1035,929.0,929.0,0.05,0.1,9.375932693481445,64.13794708251953,-459.4811706542969,560.294189453125,500.0,85.00387288239428,652,-51.6999999999992,-21.93515545264587,-1000.0,-0.47210751939154694,"{6: 76, 5: 8, 4: 8, 2: 4, 1: 6, 0: 1}","{2: 37, 3: 66}","{1: 55, 0: 4, 2: 44}","{1: 83, 0: 19, 2: 1}","{1: 57, 2: 46}","{1: 88, 0: 9, 2: 6}",0.04581698647008739,0.01720935544483846,0.07914359950776018,0.057233606208599457,0.2545621271987852,0.03431892110154039,0.27419551434268236,0.10137184004507895,0.25893549258704207,0.0011778316939374809,0.2895401546873369,0.0127627844231436
7190,2,success,3,5,0,2811.638552726333,3240,648.0,627.0,0.05,0.1,9.389323234558105,64.22000122070312,-459.4811706542969,561.4462890625,2500.0,473.38855272634675,2562,-161.75000000000253,0.0,0.0,0.8677896767673867,"{1: 117, 2: 31, 6: 116, 5: 11, 4: 15, 0: 32, 3: 2}","{1: 6, 2: 30, 3: 213, 4: 56, 6: 10, 5: 9}","{1: 104, 0: 108, 2: 112}","{1: 200, 0: 45, 2: 79}","{1: 137, 0: 82, 2: 105}","{1: 246, 0: 39, 2: 39}",0.0945043927763867,0.020501841892247272,0.11884453820661017,0.05880762299997021,0.25645469915612246,0.1099880686145823,0.2939449891964706,0.23780051932983326,0.2789825170432138,0.01662331189072164,0.27889964806499185,0.26150278138482336
7200,2,success,3,5,0,2644.840084917009,3477,695.4,619.0,0.05,0.1,9.40590763092041,64.26321411132812,-459.4811706542969,579.3857421875,2500.0,455.2479912658502,2778,-173.60000000000522,-136.80790634882285,0.0,0.760667266297673,"{2: 66, 3: 38, 5: 6, 4: 106, 0: 44, 1: 5, 6: 82}","{0: 12, 1: 23, 2: 58, 3: 227, 6: 17, 5: 5, 4: 5}","{1: 171, 0: 64, 2: 112}","{1: 224, 0: 82, 2: 41}","{1: 219, 0: 46, 2: 82}","{1: 272, 0: 41, 2: 34}",0.050929455190481074,0.022948301997886916,0.06154543651850586,0.05362272344829111,0.25003207590485355,0.14724560103779546,0.2820922490912475,0.1685841243934324,0.0875733519693279,0.027500714018586156,0.14646869772195445,0.19221276638000606
7210,2,crash,3,3,1,444.59623851809545,2624,779.6666666666666,945.0,0.05,0.1,9.42263126373291,64.32215118408203,-459.4811706542969,577.6461181640625,1500.0,242.62723486424966,2000,-131.04999999999555,-166.98099634615122,-1000.0,0.16943454211817663,"{6: 95, 5: 25, 4: 21, 3: 4, 2: 59, 1: 40, 0: 18}","{1: 3, 2: 55, 3: 114, 6: 25, 5: 19, 4: 17, 0: 29}","{1: 106, 2: 64, 0: 92}","{1: 158, 0: 42, 2: 62}","{1: 162, 2: 32, 0: 68}","{1: 212, 2: 23, 0: 27}",0.07135232396768931,0.0262903729243672,0.0769727737783711,0.05423886942154986,0.2214211535187706,0.08466328807843217,0.22608709631966875,0.11063923828103946,0.19378505305815294,0.022279279348884108,0.24330918792810177,0.09823147812102624
7220,2,max_steps,3,4,0,2165.48784564222,3500,791.0,814.5,0.05,0.1,9.421292304992676,64.34347534179688,-449.9504089355469,579.2786254882812,2000.0,451.33035554126394,2677,-174.8000000000055,-111.04250989902897,0.0,0.6187108130406342,"{2: 27, 1: 58, 6: 62, 5: 25, 4: 80, 3: 6, 0: 92}","{5: 27, 4: 24, 3: 197, 2: 27, 0: 31, 1: 17, 6: 27}","{1: 117, 0: 141, 2: 92}","{1: 194, 2: 70, 0: 86}","{1: 164, 0: 105, 2: 81}","{1: 237, 0: 63, 2: 50}",0.09366483412315714,0.027424213275802183,0.11121675731038293,0.08576161048250337,0.21299312534264564,0.14902454820364935,0.26315018294975256,0.20657736233437476,0.29695148808055755,0.023486261788665325,0.23103143727947348,0.32195144140165904
7230,2,max_steps,3,4,0,2127.8312666260263,3500,869.25,909.0,0.05,0.1,9.431207656860352,64.36243438720703,-449.9504089355469,579.2786254882812,2000.0,304.7007784038718,3154,-174.8000000000055,-2.0695117778451193,0.0,0.6079517904645789,"{5: 56, 4: 64, 3: 6, 2: 78, 1: 125, 0: 21}","{1: 16, 2: 49, 6: 50, 5: 13, 4: 17, 3: 187, 0: 18}","{1: 153, 2: 81, 0: 116}","{1: 192, 0: 66, 2: 92}","{1: 227, 2: 56, 0: 67}","{1: 275, 2: 37, 0: 38}",0.05955764924424334,0.028579963858399962,0.06999233660767581,0.07690823824124908,0.12307144443225101,0.16392346707646255,0.15166741762788277,0.10514787938208332,0.13666031042026594,0.026038004223073168,0.214725323178909,0.09997084224217888
7240,2,max_steps,3,4,0,2216.9603573577238,3500,871.5,835.5,0.05,0.1,9.452792167663574,64.39523315429688,-449.9504089355469,583.0017700195312,2000.0,391.7603573577279,2477,-174.8000000000055,0.0,0.0,0.6334172449593496,"{6: 122, 5: 84, 4: 33, 3: 3, 2: 57, 1: 31, 0: 20}","{3: 299, 2: 43, 1: 8}","{1: 107, 2: 132, 0: 111}","{1: 316, 2: 3, 0: 31}","{1: 154, 2: 111, 0: 85}","{1: 220, 2: 60, 0: 70}",0.08378208590709778,0.013966025582499396,0.11192903298139131,0.09226407035438723,0.22122432044129778,0.02996350789489856,0.2484749493437897,0.18825189500234438,0.22861491636202663,0.018444171334597068,0.19008380799716382,0.20388695669655532
7250,2,success,3,5,0,2612.8628026428514,3186,637.2,662.0,0.05,0.1,9.46408748626709,64.3872299194336,-449.9504089355469,576.2964477539062,2500.0,289.14154544235225,2538,-159.05000000000192,-17.228742799494654,0.0,0.8201075965608448,"{6: 26, 5: 41, 4: 74, 3: 5, 2: 95, 1: 71, 0: 6}","{5: 5, 4: 35, 3: 172, 2: 81, 1: 20, 0: 5}","{1: 109, 2: 106, 0: 103}","{1: 200, 2: 49, 0: 69}","{1: 183, 2: 52, 0: 83}","{1: 200, 2: 60, 0: 58}",0.06530510564374681,0.022742215020152612,0.08348714886139233,0.09592458796601375,0.14846685576712942,0.10965552387481153,0.18424726146024134,0.12046108490956835,0.15409906887373848,0.04714676867368833,0.19064965625819388,0.15897191858216259
7260,2,success,3,5,0,2820.701792491149,3215,643.0,689.0,0.05,0.1,9.462335586547852,64.44446563720703,-449.9504089355469,576.2964477539062,2500.0,508.9933862427657,2544,-160.50000000000225,-27.79159375160531,0.0,0.8773567006193309,"{3: 23, 4: 43, 5: 19, 1: 24, 0: 141, 2: 16, 6: 55}","{0: 2, 1: 25, 2: 58, 3: 161, 4: 23, 5: 8, 6: 44}","{1: 101, 2: 83, 0: 137}","{1: 164, 0: 94, 2: 63}","{1: 132, 2: 77, 0: 112}","{1: 188, 0: 75, 2: 58}",0.1092372499631103,0.029518927217840534,0.15921374791520398,0.08462735814713651,0.2690618851357573,0.16345826603193148,0.28805844794117624,0.29077723580294934,0.2746884027180114,0.19248275926474476,0.3457062589151363,0.3852872302819466
7270,2,crash,3,2,1,48.82681329307991,1143,435.5,435.5,0.05,0.1,9.47018814086914,64.52247619628906,-449.9504089355469,576.2964477539062,1000.0,133.71914653096238,742,-57.049999999998896,-27.842333237877178,-1000.0,0.04271812186621164,"{3: 20, 5: 6, 4: 61, 0: 27}","{6: 34, 5: 6, 4: 6, 0: 32, 1: 4, 2: 7, 3: 25}","{1: 66, 2: 48}","{1: 39, 2: 34, 0: 41}","{1: 73, 2: 41}","{1: 99, 2: 12, 0: 3}",0.03928636636604904,0.06988773231552958,0.07003152215957456,0.05197402263428633,0.19463252957937985,0.2107206636671591,0.20966346687367896,0.1028949367886844,0.11871012058462942,0.1994986337751534,0.18752383820979412,0.09252646943947494
7280,2,crash,3,2,1,-111.84337860099242,1055,350.0,350.0,0.05,0.1,9.485313415527344,64.58867645263672,-449.9504089355469,576.2964477539062,1000.0,104.47558103240108,596,-52.649999999999146,-163.66895963339167,-1000.0,-0.10601268113838144,"{3: 13, 0: 35, 1: 12, 2: 9, 6: 36}","{5: 6, 4: 7, 2: 40, 1: 15, 3: 37}","{1: 50, 0: 55}","{1: 30, 2: 29, 0: 46}","{1: 61, 0: 44}","{1: 84, 0: 9, 2: 12}",0.06159569195286119,0.0360853780683259,0.06876976476674095,0.06863929522939477,0.18430900082415852,0.11802869656295102,0.2167149713562345,0.11054392907571498,0.20921123345185982,0.17251430920877694,0.17945504603567922,0.17930363868884558
7290,2,success,3,5,0,2794.2642789173965,2833,566.6,488.0,0.05,0.1,9.512619972229004,64.66188049316406,-449.9504089355469,573.9688110351562,2500.0,435.66427891739716,2694,-141.3999999999979,0.0,0.0,0.9863269604367796,"{0: 45, 1: 19, 2: 21, 3: 86, 6: 49, 5: 8, 4: 55}","{5: 11, 4: 23, 3: 119, 2: 37, 0: 45, 1: 19, 6: 29}","{1: 133, 0: 85, 2: 65}","{1: 114, 2: 73, 0: 96}","{1: 157, 0: 74, 2: 52}","{1: 204, 0: 45, 2: 34}",0.057690156895594445,0.04566281806933382,0.07884800131013092,0.07770093388571413,0.18117992208809472,0.21027637516149858,0.2340830907177619,0.19587060550862753,0.14733596884662553,0.055430585499513824,0.2186303419851296,0.09974362061420898
7300,2,max_steps,3,4,0,2243.230863742936,3500,666.75,629.5,0.05,0.1,9.517911911010742,64.72557830810547,-449.9504089355469,566.2916259765625,2000.0,428.76984216460187,2744,-174.8000000000055,-10.738978421647358,0.0,0.6409231039265532,"{2: 82, 3: 32, 6: 106, 5: 26, 4: 28, 0: 69, 1: 7}","{0: 5, 1: 25, 2: 44, 3: 207, 6: 14, 5: 5, 4: 50}","{1: 149, 0: 97, 2: 104}","{1: 211, 0: 69, 2: 70}","{1: 214, 0: 62, 2: 74}","{1: 221, 0: 76, 2: 53}",0.06736032860060512,0.024996869862375377,0.08139551690097722,0.08607316429914685,0.18379423517866453,0.13248139802543238,0.23617159488844916,0.25447685689719324,0.07805757632898155,0.02735562572170863,0.11613975295191675,0.1062928495696974
7310,2,success,3,5,0,2605.460108745966,2870,574.0,632.0,0.05,0.1,9.541921615600586,64.77272033691406,-449.9504089355469,601.5260009765625,2500.0,248.71010874597687,2427,-143.24999999999832,0.0,0.0,0.9078258218627059,"{6: 23, 5: 24, 4: 16, 3: 34, 2: 181, 1: 9}","{1: 11, 2: 43, 3: 181, 6: 16, 5: 7, 4: 15, 0: 14}","{1: 138, 2: 56, 0: 93}","{1: 191, 0: 51, 2: 45}","{1: 199, 2: 28, 0: 60}","{1: 197, 2: 36, 0: 54}",0.051318146944895546,0.024660253393368213,0.06699767166942304,0.0900015487501227,0.12659311446142693,0.13885152498475548,0.15589064170094777,0.13142217335883352,0.11761209746142462,0.029756656752297585,0.10320680805122015,0.10448254624043912
7320,2,crash,3,3,1,525.5516404771411,2107,501.0,468.0,0.05,0.1,9.559861183166504,64.81505584716797,-449.9504089355469,591.2926635742188,1500.0,216.35335759960836,1357,-105.19999999999617,-85.60171712246033,-1000.0,0.2494312484466735,"{2: 47, 3: 4, 4: 45, 1: 7, 0: 47, 6: 60}","{6: 4, 5: 7, 4: 8, 3: 124, 2: 18, 0: 39, 1: 10}","{1: 64, 0: 87, 2: 59}","{1: 118, 2: 27, 0: 65}","{1: 85, 0: 77, 2: 48}","{1: 120, 0: 43, 2: 47}",0.08365213039129929,0.0274795725766872,0.12100973162837206,0.09280842241901904,0.20265343759273036,0.1565833412842613,0.2607331623609997,0.24034785293836103,0.1968615318123056,0.015295976687142587,0.21660068043829034,0.10513491873766384
7330,2,success,3,5,0,2753.397595221833,3005,601.0,707.0,0.05,0.1,9.587122917175293,64.85657501220703,-449.9504089355469,582.6201782226562,2500.0,424.1048489510199,2733,-149.99999999999986,-20.707253729185737,0.0,0.9162720782768163,"{6: 61, 5: 32, 4: 65, 3: 21, 0: 85, 1: 14, 2: 22}","{0: 25, 1: 14, 2: 45, 3: 94, 6: 56, 5: 23, 4: 43}","{1: 102, 2: 123, 0: 75}","{1: 110, 0: 77, 2: 113}","{1: 170, 2: 71, 0: 59}","{1: 213, 2: 32, 0: 55}",0.07766027979433149,0.04514985131987605,0.08779447521050988,0.08159020417454943,0.17660758522342598,0.1416890692575044,0.19142634827068492,0.14966979021947605,0.17814231978450473,0.09402098039549635,0.16093455918868055,0.12030575396695799
7340,2,max_steps,3,4,0,2199.992381633767,3500,720.75,661.5,0.05,0.1,9.59875202178955,64.8973159790039,-449.9504089355469,572.68505859375,2000.0,374.792381633784,2679,-174.8000000000055,0.0,0.0,0.628569251895362,"{2: 120, 3: 26, 6: 80, 5: 14, 4: 19, 1: 33, 0: 58}","{5: 11, 4: 18, 3: 173, 2: 42, 0: 29, 1: 41, 6: 36}","{1: 133, 0: 118, 2: 99}","{1: 222, 2: 57, 0: 71}","{1: 192, 0: 90, 2: 68}","{1: 264, 0: 61, 2: 25}",0.07013935843243838,0.022726039290719195,0.09131888484385908,0.06661680184104996,0.1376775672394801,0.1592212301266012,0.16927732625606762,0.12509304045202801,0.1050939271105301,0.13767204776675063,0.11292335183543774,0.10569920123111036
7350,2,crash,3,2,1,-20.510304059629902,1576,577.5,577.5,0.05,0.1,9.612974166870117,64.90890502929688,-449.9504089355469,586.3131103515625,1000.0,129.32600150529802,1077,-78.69999999999767,-71.13630556492586,-1000.0,-0.013014152322100191,"{5: 25, 6: 38, 4: 42, 3: 10, 2: 1, 1: 41}","{6: 6, 5: 9, 4: 27, 3: 83, 0: 10, 1: 7, 2: 15}","{1: 54, 0: 11, 2: 92}","{1: 72, 2: 46, 0: 39}","{1: 109, 2: 48}","{1: 142, 0: 10, 2: 5}",0.06735521228046361,0.03139720222346644,0.08137657104038669,0.07098557953202014,0.1073980351592004,0.11553719161913485,0.12272449484671799,0.09969991561839062,0.10121739352055485,0.10960898181370983,0.0969062496455933,0.09408792505779227
7360,2,crash,3,1,1,-462.8938960248083,621,519.0,519.0,0.05,0.1,9.630950927734375,64.95117950439453,-462.2770690917969,586.3131103515625,500.0,88.78703951929423,518,-31.000000000000306,-20.680935544102947,-1000.0,-0.7454007987517043,"{0: 32, 1: 10, 2: 9, 5: 6, 6: 5}","{0: 9, 1: 6, 2: 8, 3: 28, 4: 11}","{1: 23, 0: 39}","{1: 32, 0: 28, 2: 2}","{1: 21, 0: 41}","{1: 49, 0: 6, 2: 7}",0.11828321102890596,0.02957935430641152,0.1558795167777372,0.06451071756932167,0.2583532615814422,0.1868676092332027,0.2837346813245333,0.1340725748244073,0.2394313047083074,0.0029717176443623226,0.29107049621992515,0.019817352948943986
7370,2,max_steps,3,4,0,2214.837562275061,3500,756.5,753.0,0.05,0.1,9.652225494384766,64.9872055053711,-462.2770690917969,573.2592163085938,2000.0,409.65218369316466,2926,-174.8000000000055,-20.01462141809751,0.0,0.6328107320785888,"{4: 183, 5: 15, 3: 10, 1: 16, 0: 69, 2: 21, 6: 36}","{6: 22, 5: 17, 4: 23, 3: 243, 2: 20, 0: 20, 1: 5}","{1: 163, 2: 100, 0: 87}","{1: 227, 2: 65, 0: 58}","{1: 213, 2: 65, 0: 72}","{1: 253, 2: 50, 0: 47}",0.05773850072130199,0.021094222727106204,0.0671132559826895,0.08202387579337181,0.1850316070623413,0.13107416318834975,0.23157941798325204,0.15786383546035712,0.09367343182400739,0.01785599498417174,0.08399091062232569,0.10545087758663572
7380,2,crash,3,2,1,102.6602693116381,1753,825.5,825.5,0.05,0.1,9.667357444763184,64.99974822998047,-462.2770690917969,581.4702758789062,1000.0,220.95559310448354,1286,-87.54999999999717,-30.745323792845127,-1000.0,0.058562617975834626,"{1: 54, 2: 11, 6: 86, 5: 6, 4: 7, 3: 1, 0: 10}","{2: 22, 3: 104, 6: 22, 5: 8, 4: 9, 0: 10}","{1: 61, 0: 37, 2: 77}","{1: 122, 0: 26, 2: 27}","{1: 89, 0: 25, 2: 61}","{1: 113, 2: 24, 0: 38}",0.08823996890743367,0.02178264022501159,0.09722964531284957,0.08952568744265635,0.24120579951309137,0.11765539829584581,0.25840541547014734,0.15047973271982631,0.2523603072285046,0.012676081828590185,0.18802707278264774,0.25388227140377184
7390,2,success,3,5,0,2701.3810266775063,3231,646.2,619.0,0.05,0.1,9.68294620513916,65.06819152832031,-462.2770690917969,577.4442749023438,2500.0,370.60769150757403,2558,-161.30000000000243,-7.926664830061806,0.0,0.8360820262078323,"{1: 70, 0: 38, 2: 138, 6: 32, 5: 28, 4: 11, 3: 6}","{5: 40, 4: 27, 3: 147, 0: 46, 1: 11, 2: 25, 6: 27}","{1: 133, 2: 89, 0: 101}","{1: 151, 2: 96, 0: 76}","{1: 170, 0: 84, 2: 69}","{1: 199, 0: 74, 2: 50}",0.06865228274737809,0.032829997835066474,0.09146152071715138,0.09028832770680328,0.18625707418065998,0.17366542334481946,0.23916744308465554,0.24626624763509194,0.20272493579400142,0.08364414680985766,0.1609426365486905,0.3390439996511614
7400,2,max_steps,3,4,0,1934.9524907677571,3500,663.25,681.5,0.05,0.1,9.718559265136719,65.13125610351562,-462.2770690917969,591.728759765625,2000.0,330.4684470294139,2798,-174.8000000000055,-220.71595626165285,0.0,0.5528435687907878,"{5: 55, 4: 68, 3: 42, 6: 111, 2: 24, 0: 45, 1: 5}","{2: 35, 3: 182, 6: 13, 5: 27, 4: 69, 0: 8, 1: 16}","{1: 159, 2: 88, 0: 103}","{1: 207, 0: 46, 2: 97}","{1: 209, 2: 62, 0: 79}","{1: 248, 2: 52, 0: 50}",0.058271582169185356,0.02699752431677869,0.0752183913712284,0.07899641564110726,0.18229941672993083,0.07068298537882783,0.22495066546907236,0.15675734447138995,0.15565184408323757,0.02700932229573661,0.14005257631393747,0.1110683945991378
7410,2,max_steps,3,3,0,1432.0780322287242,3500,999.6666666666666,898.0,0.05,0.1,9.736954689025879,65.13819122314453,-462.2770690917969,555.8309326171875,1500.0,270.61483516129005,2731,-174.8500000000055,-163.68680293255125,0.0,0.40916515206534976,"{6: 34, 5: 18, 4: 176, 3: 61, 2: 10, 0: 51}","{4: 27, 3: 200, 0: 18, 1: 47, 2: 25, 6: 28, 5: 5}","{1: 198, 2: 106, 0: 46}","{1: 207, 2: 72, 0: 71}","{1: 272, 2: 45, 0: 33}","{1: 265, 2: 28, 0: 57}",0.0433981383066003,0.02254038081641578,0.060881327449029805,0.07727575074215068,0.08832115142080979,0.1536683448301499,0.12367870315934941,0.12686223745279426,0.0863324496493837,0.023865811061308934,0.12478102970443164,0.10743989655421739
7420,2,success,3,5,0,2768.3441441412638,3220,644.0,597.0,0.05,0.1,9.761219024658203,65.14998626708984,-462.2770690917969,555.4117431640625,2500.0,435.17731916667617,2732,-160.7500000000023,-6.08317502540729,0.0,0.8597342062550508,"{4: 105, 3: 21, 2: 53, 1: 47, 0: 43, 6: 43, 5: 10}","{5: 16, 4: 16, 3: 210, 0: 23, 1: 9, 2: 27, 6: 21}","{1: 109, 2: 125, 0: 88}","{1: 204, 2: 64, 0: 54}","{1: 151, 2: 100, 0: 71}","{1: 194, 2: 53, 0: 75}",0.10300067910041141,0.019650043850615348,0.10940207113743161,0.09293237633887816,0.21422736553505842,0.15462486877415793,0.2747380370486549,0.25205731786383473,0.1014183168195314,0.034399403654477315,0.16489161234917116,0.2351937946130214
7430,2,crash,3,3,1,604.2640329446975,1841,552.6666666666666,321.0,0.05,0.1,9.769025802612305,65.16290283203125,-462.2770690917969,572.117431640625,1500.0,241.8045974644296,1621,-91.89999999999692,-45.64056451972833,-1000.0,0.3282259820449199,"{4: 46, 3: 17, 0: 54, 1: 15, 2: 33, 6: 19}","{2: 31, 3: 123, 6: 15, 5: 6, 4: 9}","{1: 39, 2: 46, 0: 99}","{1: 121, 0: 31, 2: 32}","{1: 91, 2: 25, 0: 68}","{1: 124, 2: 25, 0: 35}",0.09521200936580049,0.023896163642765887,0.10186662783577626,0.08719545345841434,0.15939278129875736,0.12018863692972159,0.20535834458917426,0.13647044162503585,0.12417874796980181,0.10800291776514731,0.20609467185431624,0.13341066277399438
7440,2,crash,3,1,1,-585.0531378596495,838,419.0,419.0,0.05,0.1,9.779757499694824,65.18158721923828,-479.6539611816406,565.7067260742188,500.0,89.62403087412797,772,-41.84999999999976,-132.8271687337773,-1000.0,-0.6981541024578156,"{1: 24, 2: 24, 3: 14, 4: 21}","{4: 11, 3: 30, 0: 19, 1: 16, 2: 7}","{1: 34, 0: 49}","{1: 33, 2: 14, 0: 36}","{1: 48, 0: 35}","{1: 61, 0: 10, 2: 12}",0.07158701724177646,0.060941254640836724,0.07836501827283453,0.08458698740129719,0.19146410954401175,0.13936551186999369,0.24653893849587347,0.16597671650976709,0.18053202983645447,0.018725673977858744,0.25639640952485515,0.08444537012409423
7450,2,crash,3,1,1,-488.8422127080752,602,463.0,463.0,0.05,0.1,9.77889347076416,65.23004913330078,-479.6539611816406,567.7657470703125,500.0,79.71947686986687,462,-30.050000000000292,-38.511689577942434,-1000.0,-0.8120302536678989,"{0: 28, 1: 7, 2: 10, 3: 1, 6: 14}","{4: 7, 3: 37, 2: 2, 0: 14}","{1: 14, 0: 46}","{1: 44, 2: 13, 0: 3}","{1: 19, 0: 41}","{1: 51, 0: 7, 2: 2}",0.14201018305452204,0.02596679080107111,0.14743884124046586,0.0849833735401639,0.20485116007585882,0.07358381862307783,0.23979076986579623,0.10087436019426603,0.19212493907510508,0.013746117134352065,0.1567510037044797,0.027280432385656042
7460,2,crash,3,4,1,1191.5389990143262,2264,536.0,591.0,0.05,0.1,9.776898384094238,65.29061126708984,-479.6539611816406,567.7657470703125,2000.0,342.56369660979067,1969,-112.99999999999572,-38.024697595459784,-1000.0,0.5262981444409568,"{5: 33, 4: 35, 3: 23, 0: 60, 1: 8, 2: 18, 6: 49}","{2: 50, 3: 130, 6: 10, 5: 6, 4: 7, 0: 2, 1: 21}","{1: 68, 2: 101, 0: 57}","{1: 141, 0: 60, 2: 25}","{1: 122, 2: 66, 0: 38}","{1: 178, 2: 23, 0: 25}",0.08031066179995876,0.024518471091207812,0.09045635960173348,0.06457630752243226,0.23187883435186246,0.14857092692684631,0.24501981670861295,0.14306801565948726,0.08794524624094209,0.1830121202516075,0.07448922070163469,0.07376944959154336
7470,2,max_steps,3,3,0,1574.5433928590455,3500,960.6666666666666,609.0,0.05,0.1,9.787209510803223,65.32369995117188,-479.6539611816406,567.7657470703125,1500.0,299.3382950507516,2752,-174.8500000000055,-49.94490219168476,0.0,0.44986954081687014,"{2: 106, 3: 4, 4: 52, 5: 40, 0: 64, 1: 54, 6: 30}","{6: 46, 5: 28, 4: 27, 3: 133, 0: 51, 1: 16, 2: 49}","{1: 195, 0: 92, 2: 63}","{1: 144, 2: 95, 0: 111}","{1: 250, 2: 47, 0: 53}","{1: 248, 2: 38, 0: 64}",0.044337224861325644,0.033702766044498206,0.05267023798033278,0.07768716586091289,0.1198118195511406,0.1396071800269483,0.17956353025527608,0.17381369030420776,0.1106919149617206,0.021753157015627553,0.24409184246047122,0.08852698498833202
7480,2,crash,3,2,1,34.61944366178466,664,285.0,285.0,0.05,0.1,9.79918384552002,65.38325500488281,-479.6539611816406,563.64013671875,1000.0,90.91038930110055,568,-33.10000000000026,-23.190945639314926,-1000.0,0.052137716358109425,"{5: 20, 4: 35, 3: 1, 2: 7, 1: 3}","{2: 33, 3: 17, 4: 16}","{1: 15, 2: 51}","{1: 31, 0: 18, 2: 17}","{1: 23, 2: 43}","{1: 54, 2: 5, 0: 7}",0.08495135982583743,0.031110237084341436,0.11401311023378023,0.07309675931246627,0.23289136303915198,0.1264668748179964,0.2548813094999214,0.10900093246864129,0.23372582134267594,0.11499769085336417,0.2723156311588824,0.09180812953262553
7490,2,success,3,5,0,2690.0014999954483,3266,653.2,500.0,0.05,0.1,9.809012413024902,65.4337158203125,-479.6539611816406,575.0484619140625,2500.0,353.051499995468,2418,-163.05000000000283,0.0,0.0,0.8236379363121397,"{5: 65, 4: 36, 3: 69, 0: 58, 1: 16, 2: 44, 6: 38}","{2: 55, 3: 129, 5: 22, 4: 44, 0: 40, 1: 5, 6: 31}","{1: 119, 2: 100, 0: 107}","{1: 150, 0: 88, 2: 88}","{1: 175, 2: 79, 0: 72}","{1: 232, 2: 42, 0: 52}",0.07885916114197852,0.03272674684452524,0.09400938533874681,0.08465728923880471,0.1672754786263051,0.14865082902648497,0.213173948550695,0.22638363596108796,0.1541030879995397,0.14486385105975996,0.22914507722065752,0.2250663656023454
7500,2,crash,3,1,1,-513.8919849678964,760,553.0,553.0,0.05,0.1,9.82731819152832,65.47864532470703,-479.6539611816406,592.9301147460938,500.0,65.15043997527789,552,-37.94999999999998,-41.09242494317496,-1000.0,-0.6761736644314427,"{6: 19, 5: 17, 4: 18, 3: 1, 0: 21}","{4: 9, 3: 44, 2: 2, 0: 21}","{1: 13, 2: 63}","{1: 62, 2: 14}","{1: 34, 2: 42}","{1: 60, 2: 7, 0: 9}",0.09613442383030639,0.0211968622074665,0.10659532225428031,0.08290750254368037,0.16953635207546974,0.08741034503762765,0.18896957246460222,0.10514001001992597,0.14412515917913435,0.025039964185891078,0.20673800580721274,0.08073441329654296
7510,2,crash,3,3,1,604.6786159019675,2377,726.6666666666666,744.0,0.05,0.1,9.842659950256348,65.52043914794922,-479.6539611816406,571.5919189453125,1500.0,278.1212933252936,1678,-118.6999999999954,-54.74267742332368,-1000.0,0.25438730159948153,"{2: 71, 3: 9, 5: 19, 6: 47, 4: 24, 0: 62, 1: 5}","{1: 11, 2: 17, 3: 161, 5: 19, 4: 17, 6: 12}","{1: 66, 0: 107, 2: 64}","{1: 163, 0: 35, 2: 39}","{1: 108, 0: 81, 2: 48}","{1: 155, 0: 50, 2: 32}",0.10169390136270513,0.01827970173667979,0.10901688348299854,0.09479373773396574,0.2432138020252592,0.13564552780006378,0.26845994332594164,0.19730660552229376,0.23836469535537522,0.03339994846167069,0.27636695381656323,0.10390105141120015
7520,2,crash,3,1,1,-484.2242935142085,1112,1004.0,1004.0,0.05,0.1,9.856760025024414,65.57930755615234,-479.6539611816406,582.697998046875,500.0,95.0745121078261,794,-55.54999999999898,-23.74880562203527,-1000.0,-0.4354535013616983,"{6: 76, 5: 13, 4: 11, 0: 11}","{0: 7, 1: 7, 2: 35, 3: 62}","{1: 62, 2: 49}","{1: 73, 0: 36, 2: 2}","{1: 67, 2: 44}","{1: 87, 2: 16, 0: 8}",0.04512210387700419,0.025067287907430874,0.07612820952375965,0.08058202427572597,0.2201414357485383,0.10170987294097832,0.25519973457472855,0.11179238858273173,0.2290819886365371,0.001650240883159668,0.29187897678602076,0.04686085656794767
7530,2,success,3,5,0,2661.8976571228877,2241,448.2,479.0,0.05,0.1,9.859952926635742,65.61539459228516,-479.6539611816406,574.5703735351562,2500.0,273.69765712289126,1804,-111.79999999999579,0.0,0.0,1.1878168929597892,"{1: 51, 2: 72, 3: 6, 4: 25, 5: 25, 6: 19, 0: 26}","{0: 7, 1: 11, 2: 21, 3: 133, 5: 28, 4: 24}","{1: 83, 0: 83, 2: 58}","{1: 130, 0: 40, 2: 54}","{1: 107, 0: 65, 2: 52}","{1: 152, 0: 36, 2: 36}",0.08116078336896114,0.027285440325313014,0.10571903568767102,0.08504512868082509,0.2111465093921093,0.13290056353330876,0.2592973573921639,0.23076710058081276,0.1939376474342093,0.09161975540150383,0.2583908238170985,0.10097420687353328
7540,2,crash,3,1,1,-508.5864806890916,620,412.0,412.0,0.05,0.1,9.86743450164795,65.65916442871094,-479.6539611816406,575.2283325195312,500.0,62.90766225687056,411,-30.950000000000305,-40.54414294596318,-1000.0,-0.8203007753049865,"{0: 9, 1: 19, 2: 12, 3: 1, 6: 21}","{5: 6, 4: 26, 3: 9, 0: 21}","{1: 13, 0: 49}","{1: 22, 2: 37, 0: 3}","{1: 20, 0: 42}","{1: 46, 0: 3, 2: 13}",0.12549638907671223,0.038812322092911966,0.13293429149228175,0.07136845268858932,0.21463806344664485,0.09674016831993004,0.22596033799951035,0.13976298583236402,0.18867088692741932,0.019805769111639355,0.23704866191909668,0.059933654318254176
7550,2,crash,3,2,1,-104.12653331071101,1376,443.0,443.0,0.05,0.1,9.884533882141113,65.72025299072266,-479.6539611816406,575.2283325195312,1000.0,68.09417968925999,703,-68.69999999999824,-103.52071299997259,-1000.0,-0.07567335269673765,"{4: 29, 3: 2, 1: 35, 2: 22, 6: 49}","{4: 22, 3: 66, 0: 49}","{1: 37, 2: 17, 0: 83}","{1: 77, 2: 46, 0: 14}","{1: 75, 2: 7, 0: 55}","{1: 100, 2: 14, 0: 23}",0.08090160763796092,0.02793027875276118,0.09137312953372584,0.08277608602727857,0.15933563138368995,0.11019374322998092,0.17975465149663855,0.12645241110278072,0.10631032582507892,0.028126639851607866,0.16706766386088237,0.12908455322242443
7560,2,max_steps,3,4,0,2243.104054543367,3500,818.5,844.5,0.05,0.1,9.913766860961914,65.80514526367188,-479.6539611816406,595.3016967773438,2000.0,417.9040545433783,2586,-174.8000000000055,0.0,0.0,0.6408868727266763,"{1: 103, 2: 29, 6: 81, 5: 38, 4: 36, 3: 5, 0: 58}","{5: 31, 4: 84, 3: 149, 0: 64, 1: 9, 2: 13}","{1: 109, 0: 120, 2: 121}","{1: 177, 2: 103, 0: 70}","{1: 170, 0: 85, 2: 95}","{1: 261, 2: 43, 0: 46}",0.09418988987791826,0.029894081907580226,0.10326931643889986,0.08083983513358821,0.18931071692660437,0.14542727311949546,0.22882465838654523,0.13779897457708756,0.23085721515438185,0.021857963180611964,0.20862111167954137,0.1092587441006954
7570,2,crash,3,4,1,1089.9629716461973,2108,495.25,569.5,0.05,0.1,9.922390937805176,65.87022399902344,-479.6539611816406,575.2283325195312,2000.0,230.44954488888223,1739,-105.19999999999617,-35.28657324268543,-1000.0,0.5170602332287463,"{6: 10, 5: 30, 4: 29, 3: 23, 2: 58, 0: 55, 1: 5}","{1: 14, 2: 30, 3: 93, 4: 53, 5: 1, 0: 19}","{1: 69, 2: 59, 0: 82}","{1: 106, 0: 56, 2: 48}","{1: 123, 2: 32, 0: 55}","{1: 146, 2: 36, 0: 28}",0.0755597327085929,0.029923187885776067,0.08258302477138105,0.07677739418084095,0.22376441924426776,0.1335243147783235,0.24709799546266825,0.19213195665899804,0.10603748416277502,0.12509067724421208,0.12137714981139384,0.08870985839937087
7580,2,max_steps,3,4,0,2130.0222751205724,3500,696.0,471.5,0.05,0.1,9.931120872497559,65.9129867553711,-479.6539611816406,575.2283325195312,2000.0,411.6917483444089,2861,-174.8000000000055,-106.86947322383135,0.0,0.6085777928915921,"{0: 56, 1: 14, 2: 118, 6: 106, 5: 34, 4: 17, 3: 5}","{2: 30, 3: 287, 4: 23, 6: 1, 5: 9}","{1: 129, 0: 95, 2: 126}","{1: 275, 0: 36, 2: 39}","{1: 206, 0: 65, 2: 79}","{1: 267, 0: 38, 2: 45}",0.08787941181471672,0.01330730778051658,0.08840255620533,0.06391384102355686,0.1804235167944484,0.05363791523365599,0.2180146712481518,0.11719359288039094,0.1717044547861427,0.02657448411977808,0.20095334495055492,0.07246118125093076
7590,2,max_steps,3,4,0,2165.402039007245,3500,568.5,461.5,0.05,0.1,9.944268226623535,65.94969940185547,-479.6539611816406,585.2498779296875,2000.0,351.28082654000366,2951,-174.8000000000055,-11.078787532752147,0.0,0.6186862968592128,"{3: 14, 5: 21, 4: 15, 2: 54, 1: 40, 0: 83, 6: 123}","{2: 48, 4: 42, 3: 228, 0: 6, 1: 12, 5: 14}","{1: 119, 2: 126, 0: 105}","{1: 239, 0: 58, 2: 53}","{1: 198, 2: 77, 0: 75}","{1: 224, 2: 62, 0: 64}",0.0699454711118858,0.022139267494901065,0.08946790549758073,0.09450036405108883,0.17130179295333103,0.0922078404601589,0.22527131898273733,0.18527545718850066,0.22454227298031978,0.09172819069824832,0.24218460161852787,0.12050656550946524
7600,2,max_steps,3,3,0,1663.0590976634135,3500,945.0,863.0,0.05,0.1,9.955252647399902,65.98171997070312,-479.6539611816406,605.829345703125,1500.0,337.9090976634169,2879,-174.8500000000055,0.0,0.0,0.4751597421895467,"{2: 78, 3: 5, 5: 24, 6: 99, 4: 29, 0: 97, 1: 18}","{2: 55, 3: 173, 6: 44, 5: 19, 4: 25, 0: 29, 1: 5}","{1: 116, 0: 140, 2: 94}","{1: 191, 0: 78, 2: 81}","{1: 230, 0: 52, 2: 68}","{1: 297, 0: 33, 2: 20}",0.07683549242300523,0.026467699205632005,0.08435283039380168,0.06325664103563422,0.15819291762701146,0.16394135431115062,0.1753988798908204,0.106757613060296,0.08977952404474566,0.030054928565662664,0.12236186263717447,0.0992339735400298
7610,2,success,3,5,0,2651.066707392028,3337,667.4,586.0,0.05,0.1,9.977770805358887,66.0286865234375,-479.6539611816406,587.6203002929688,2500.0,369.0179473128789,2826,-166.60000000000363,-51.35123992084329,0.0,0.7944461214839761,"{0: 57, 1: 39, 2: 41, 3: 43, 6: 68, 5: 33, 4: 52}","{6: 6, 5: 24, 4: 18, 3: 199, 2: 49, 0: 12, 1: 25}","{1: 113, 0: 113, 2: 107}","{1: 208, 2: 55, 0: 70}","{1: 188, 0: 69, 2: 76}","{1: 217, 0: 59, 2: 57}",0.07543048410913725,0.020884248761492995,0.08640816530759528,0.09239639725213286,0.18217759864908728,0.12506237056255065,0.19315646356045293,0.1390416660741689,0.11732435312383677,0.079367293278219,0.1549441108091099,0.13931805375198641
7620,2,success,3,5,0,2694.6446916992163,2488,497.6,452.0,0.05,0.1,9.988322257995605,66.09160614013672,-479.6539611816406,584.6686401367188,2500.0,318.79469169922913,1938,-124.14999999999509,0.0,0.0,1.0830565481106176,"{5: 26, 4: 28, 3: 21, 1: 21, 0: 23, 2: 65, 6: 64}","{3: 172, 2: 32, 0: 5, 1: 7, 6: 12, 5: 8, 4: 12}","{1: 74, 2: 84, 0: 90}","{1: 170, 0: 39, 2: 39}","{1: 138, 2: 62, 0: 48}","{1: 183, 2: 26, 0: 39}",0.08227157346419792,0.016616738008512637,0.08964523672464203,0.07811326955431026,0.19535932432294648,0.15405640444576832,0.21984393789589896,0.1078409221301684,0.11699205482416533,0.160936149729406,0.10683360166365158,0.0778492981239003
7630,2,max_steps,3,4,0,2190.766308153921,3500,782.0,749.5,0.05,0.1,10.017915725708008,66.17620849609375,-479.6539611816406,571.8229370117188,2000.0,380.06981397874125,2734,-174.8000000000055,-14.503505824800525,0.0,0.6259332309011202,"{4: 145, 5: 26, 3: 17, 0: 113, 1: 17, 2: 32}","{4: 16, 3: 143, 0: 48, 1: 12, 2: 72, 6: 53, 5: 6}","{1: 132, 2: 101, 0: 117}","{1: 151, 2: 80, 0: 119}","{1: 182, 2: 84, 0: 84}","{1: 208, 2: 60, 0: 82}",0.07337854373068448,0.03348175989171964,0.09340732020108575,0.0913373725591738,0.17058436431781354,0.15557124645649759,0.24344567619067164,0.27711955181093245,0.16084625211921652,0.02152464723871436,0.23775163841258157,0.08979320030309242
7640,2,crash,3,3,1,165.47533331517388,1923,324.3333333333333,332.0,0.05,0.1,10.041913986206055,66.28325653076172,-479.6539611816406,604.4281005859375,1500.0,165.7541718444342,1122,-95.99999999999669,-404.2788385292539,-1000.0,0.08605061534850436,"{3: 50, 0: 28, 1: 8, 2: 11, 6: 95}","{1: 6, 2: 28, 6: 22, 5: 5, 4: 8, 3: 123}","{1: 138, 0: 54}","{1: 120, 0: 34, 2: 38}","{1: 159, 0: 33}","{1: 157, 0: 19, 2: 16}",0.012365084468705375,0.019236849590941116,0.019815984157022598,0.038162538444354105,0.14248031087163707,0.1692940430334431,0.17050689794752782,0.10897026506090322,0.1279032130787549,0.21458222961160137,0.017289465839816155,0.10377449270142276
7650,2,success,3,5,0,2797.3011396807115,3164,632.8,640.0,0.05,0.1,10.051894187927246,66.3631591796875,-479.6539611816406,577.9705200195312,2500.0,455.251139680718,2551,-157.95000000000167,0.0,0.0,0.8841027622252564,"{5: 39, 4: 65, 3: 3, 0: 39, 1: 69, 2: 35, 6: 66}","{1: 21, 2: 74, 3: 134, 6: 21, 5: 5, 4: 36, 0: 25}","{1: 111, 2: 121, 0: 84}","{1: 153, 0: 99, 2: 64}","{1: 135, 2: 111, 0: 70}","{1: 231, 2: 57, 0: 28}",0.0889395924114462,0.030584180962549376,0.12728156059615942,0.07674744256990663,0.2392383681345207,0.14509109334080733,0.28833651481151823,0.2067731210411857,0.21540496161277986,0.08980928129683767,0.2540208825097659,0.16634033223461206
7660,2,crash,3,3,1,624.5084020518958,1896,573.6666666666666,688.0,0.05,0.1,10.064628601074219,66.40508270263672,-479.6539611816406,577.9705200195312,1500.0,252.88576393025247,1499,-94.64999999999677,-33.72736187834772,-1000.0,0.3293820685927721,"{3: 13, 0: 57, 1: 14, 2: 37, 6: 56, 5: 5, 4: 7}","{2: 24, 6: 26, 5: 6, 4: 7, 3: 126}","{1: 71, 0: 55, 2: 63}","{1: 119, 0: 29, 2: 41}","{1: 103, 0: 26, 2: 60}","{1: 144, 0: 26, 2: 19}",0.0687491093793446,0.018527336588847195,0.08214293510312864,0.08551666637046901,0.262374441594946,0.12953791604245374,0.2731862982293021,0.10672654966710822,0.17384655725457449,0.133497232529109,0.17194284468828042,0.07921128500621682
7670,2,success,3,5,0,2636.6042087594483,2783,556.6,438.0,0.05,0.1,10.095230102539062,66.46890258789062,-479.6539611816406,571.9126586914062,2500.0,301.11010870610016,2482,-138.89999999999733,-25.60589994664792,0.0,0.9473964099027842,"{0: 18, 1: 7, 2: 70, 3: 12, 4: 112, 6: 46, 5: 13}","{3: 162, 2: 31, 5: 26, 4: 32, 0: 20, 1: 7}","{1: 118, 0: 47, 2: 113}","{1: 156, 0: 57, 2: 65}","{1: 195, 0: 27, 2: 56}","{1: 205, 0: 39, 2: 34}",0.06253787333397567,0.02444738585807133,0.07134239873834694,0.07641726365168701,0.1705843338227651,0.12586621607398463,0.2094322161526189,0.16172802120713636,0.09207314988975687,0.08588027733615111,0.10589384135343442,0.0880037412230049
7680,2,success,3,5,0,2932.204219444965,3219,643.8,643.0,0.05,0.1,10.119932174682617,66.51710510253906,-479.6539611816406,552.1474609375,2500.0,615.0885201329356,2584,-160.7000000000023,-22.184300687962406,0.0,0.9109053182494455,"{6: 104, 5: 25, 4: 31, 0: 131, 1: 11, 2: 17, 3: 2}","{5: 34, 4: 35, 3: 196, 0: 27, 1: 6, 2: 20, 6: 3}","{1: 62, 2: 146, 0: 113}","{1: 187, 2: 75, 0: 59}","{1: 101, 2: 124, 0: 96}","{1: 227, 2: 52, 0: 42}",0.13605897401425923,0.024874488749111603,0.14946765640351092,0.08633695758551568,0.261792721357464,0.1506528488779334,0.2854272990144926,0.12229394070964038,0.2489075742356934,0.02461046995294537,0.17865345988228323,0.29662943780205553
7690,2,crash,3,2,1,7.132591353838961,931,400.0,400.0,0.05,0.1,10.139915466308594,66.56375885009766,-479.6539611816406,568.7120361328125,1000.0,81.71151385656705,798,-46.4499999999995,-28.128922502725658,-1000.0,0.007661215202834545,"{4: 37, 3: 1, 6: 9, 5: 32, 0: 14}","{4: 12, 3: 50, 1: 4, 2: 27}","{1: 37, 2: 56}","{1: 55, 2: 12, 0: 26}","{1: 45, 2: 48}","{1: 60, 2: 13, 0: 20}",0.06871728392483707,0.029178385701179827,0.10302286674300966,0.07608024757427753,0.18506847875867402,0.0632721319386866,0.20735297716292478,0.13406313875484774,0.1668062539698996,0.029478007019749963,0.22261593653566675,0.0957408362062066
7700,2,max_steps,3,4,0,2214.7456672651438,3500,667.0,677.5,0.05,0.1,10.165611267089844,66.63267517089844,-479.6539611816406,568.7120361328125,2000.0,389.5456672651508,2908,-174.8000000000055,0.0,0.0,0.6327844763614696,"{0: 43, 1: 32, 2: 55, 3: 73, 6: 62, 5: 5, 4: 80}","{3: 192, 2: 27, 0: 48, 1: 24, 6: 48, 5: 4, 4: 7}","{1: 173, 0: 110, 2: 67}","{1: 191, 0: 96, 2: 63}","{1: 221, 0: 69, 2: 60}","{1: 274, 0: 35, 2: 41}",0.051914956645911225,0.024773067652585593,0.06105998844364127,0.08418562128191344,0.18581374521611305,0.1522413163996833,0.21882810928868868,0.1243922089277769,0.1310702623683592,0.19884393757949329,0.1583777487019224,0.10131398355947059
7710,2,max_steps,3,4,0,2000.5342885512728,3500,740.0,729.5,0.05,0.1,10.186692237854004,66.64933013916016,-479.6539611816406,581.685546875,2000.0,285.2417995013081,2992,-174.8000000000055,-109.90751095002415,0.0,0.5715812253003636,"{6: 74, 5: 13, 4: 15, 3: 33, 2: 102, 1: 104, 0: 9}","{6: 23, 5: 18, 4: 31, 3: 132, 0: 62, 1: 24, 2: 60}","{1: 200, 2: 57, 0: 93}","{1: 165, 2: 73, 0: 112}","{1: 279, 2: 25, 0: 46}","{1: 260, 2: 49, 0: 41}",0.0413440913846487,0.031003133428161918,0.06211300554091475,0.07183358891832098,0.10196602668932987,0.14510562290695167,0.12257654102821933,0.12045864066341158,0.10387193597907139,0.15001593582512704,0.1640711405375399,0.088229669954998
7720,2,max_steps,3,4,0,2268.9417310671106,3500,796.75,800.5,0.05,0.1,10.20272445678711,66.64635467529297,-479.6539611816406,554.5001220703125,2000.0,443.7417310671243,2863,-174.8000000000055,0.0,0.0,0.6482690660191744,"{5: 29, 4: 48, 3: 5, 0: 134, 1: 22, 2: 51, 6: 61}","{2: 45, 3: 240, 1: 9, 4: 12, 6: 36, 5: 8}","{1: 110, 2: 115, 0: 125}","{1: 243, 0: 51, 2: 56}","{1: 175, 2: 97, 0: 78}","{1: 206, 2: 67, 0: 77}",0.07865285851667486,0.021568780008266834,0.10071251943523418,0.09738023765600508,0.22762625519469676,0.0992638338787883,0.2545581306605079,0.18383812114131018,0.10727712677000419,0.026933955536866873,0.10748121352639269,0.10275893961744294
7730,2,max_steps,3,3,0,1515.225804641048,3500,843.3333333333334,925.0,0.05,0.1,10.221525192260742,66.65262603759766,-479.6539611816406,562.1326904296875,1500.0,316.8765339875635,3102,-174.8500000000055,-126.80072934651474,0.0,0.4329216584688708,"{3: 63, 0: 98, 1: 37, 2: 60, 6: 69, 5: 9, 4: 14}","{5: 7, 4: 42, 0: 7, 1: 8, 2: 137, 3: 113, 6: 36}","{1: 198, 0: 84, 2: 68}","{1: 203, 2: 94, 0: 53}","{1: 261, 0: 40, 2: 49}","{1: 276, 0: 39, 2: 35}",0.03888395058681445,0.02729551615919368,0.05047743449183947,0.07020491295712147,0.1307484456239134,0.12920935102215422,0.15159314027653706,0.10653992383236992,0.06434337553541643,0.03381008741197718,0.05199170753398369,0.09411934765570201
7740,2,max_steps,3,1,0,441.2907553036824,3500,1777.0,1777.0,0.05,0.1,10.230363845825195,66.6524887084961,-479.6539611816406,552.9740600585938,500.0,116.24075530367757,2563,-174.95000000000553,0.0,0.0,0.12608307294390925,"{2: 315, 3: 2, 1: 33}","{0: 5, 1: 8, 2: 43, 3: 267, 6: 13, 5: 6, 4: 8}","{1: 319, 0: 31}","{1: 266, 0: 43, 2: 41}","{1: 336, 0: 14}","{1: 332, 2: 8, 0: 10}",0.011141892067250725,0.01680196244189619,0.015821604117032966,0.01420950654430507,0.0473552645217368,0.08293802324004211,0.06530003312215864,0.08663743695120367,0.06912454121768478,0.0294903516159795,0.09991946366034252,0.08212697637238867
7750,2,success,3,5,0,2669.7598355942187,2400,480.0,490.0,0.05,0.1,10.236211776733398,66.665283203125,-479.6539611816406,574.2913208007812,2500.0,289.5098355942214,2205,-119.74999999999534,0.0,0.0,1.1123999314975912,"{0: 34, 1: 27, 2: 24, 3: 35, 6: 28, 5: 22, 4: 70}","{0: 6, 1: 28, 2: 43, 3: 138, 6: 12, 5: 5, 4: 8}","{1: 105, 0: 53, 2: 82}","{1: 129, 0: 81, 2: 30}","{1: 147, 0: 27, 2: 66}","{1: 177, 0: 40, 2: 23}",0.06103470809820978,0.02802148149513784,0.07886765298357794,0.08464508680104013,0.14155727534530188,0.15767123443165248,0.17636591624368364,0.11243052622081778,0.12322780559977493,0.0902599204077481,0.13626714247480226,0.1315318239786842
7760,2,max_steps,3,4,0,2102.1378806883513,3500,776.25,797.5,0.05,0.1,10.248077392578125,66.70391082763672,-479.6539611816406,574.2913208007812,2000.0,387.95471430751746,2623,-174.8000000000055,-111.01683361915394,0.0,0.6006108230538146,"{0: 77, 1: 36, 2: 53, 3: 6, 4: 56, 5: 29, 6: 93}","{1: 20, 2: 29, 3: 212, 4: 41, 5: 17, 6: 31}","{1: 134, 0: 105, 2: 111}","{1: 218, 0: 58, 2: 74}","{1: 175, 0: 76, 2: 99}","{1: 202, 0: 71, 2: 77}",0.07734399262540922,0.024916005975397407,0.09968062603142433,0.09471738604001755,0.20425326756985102,0.09964018078278279,0.24037559205753542,0.21619114657983085,0.18395707683081614,0.02834196384731944,0.1782954691211958,0.23213741023495654
7770,2,crash,3,2,1,-2.6866124070978685,1936,786.5,786.5,0.05,0.1,10.256961822509766,66.66739654541016,-479.6539611816406,568.4777221679688,1000.0,139.24416121751162,1728,-96.69999999999665,-45.23077362460912,-1000.0,-0.00138771302019518,"{2: 71, 3: 6, 0: 9, 1: 71, 5: 29, 6: 7}","{4: 10, 3: 79, 2: 38, 0: 25, 1: 5, 6: 36}","{1: 115, 0: 78}","{1: 96, 2: 54, 0: 43}","{1: 153, 0: 40}","{1: 143, 0: 25, 2: 25}",0.03146872353394899,0.03015130750567409,0.050397599572126146,0.06884078666114282,0.09848082296341515,0.1587828403939314,0.1210305668864192,0.11596492327939831,0.08611828737627245,0.027740187643545397,0.08238804194492837,0.17833594742588454
7780,2,success,3,5,0,2598.537744144338,2681,536.2,506.0,0.05,0.1,10.261308670043945,66.65933990478516,-479.6539611816406,603.5204467773438,2500.0,232.33774414433776,2453,-133.79999999999617,0.0,0.0,0.9692419784201186,"{2: 53, 3: 123, 6: 12, 5: 33, 4: 47}","{2: 108, 3: 82, 1: 33, 6: 18, 5: 5, 4: 7, 0: 15}","{1: 191, 0: 37, 2: 40}","{1: 127, 0: 105, 2: 36}","{1: 223, 0: 22, 2: 23}","{1: 204, 0: 30, 2: 34}",0.02717769617171135,0.03066334294232577,0.04139224458515722,0.05813728012393643,0.08988892930531196,0.14331970677749645,0.12110579039968514,0.1349324220359865,0.07723408708779113,0.14065962926694117,0.0934692960243042,0.092067331785202
7790,2,crash,3,2,1,-132.73894535921193,1630,662.5,662.5,0.05,0.1,10.259736061096191,66.63810729980469,-479.6539611816406,615.4939575195312,1000.0,179.49698791361564,1546,-81.39999999999752,-230.8359332728277,-1000.0,-0.0814349358031975,"{1: 50, 2: 36, 3: 51, 4: 26}","{0: 26, 1: 14, 2: 12, 3: 58, 6: 36, 5: 10, 4: 7}","{1: 72, 0: 74, 2: 17}","{1: 59, 0: 49, 2: 55}","{1: 101, 0: 46, 2: 16}","{1: 90, 0: 40, 2: 33}",0.05628590759615289,0.06655347297855513,0.07354986137265948,0.09565843354983894,0.16455119731285459,0.15548232114227986,0.1970546973954014,0.22206296804178818,0.14790149741188358,0.13556897247059335,0.2507482566130565,0.09864965514115526
7800,2,crash,3,3,1,521.0095534595623,1965,540.3333333333334,530.0,0.05,0.1,10.25120735168457,66.67747497558594,-482.6552734375,576.1854248046875,1500.0,198.07524154321518,1743,-98.09999999999657,-78.96568808365393,-1000.0,0.26514481092089687,"{5: 13, 4: 65, 1: 48, 0: 19, 2: 39, 3: 12}","{4: 14, 3: 116, 0: 18, 1: 6, 2: 20, 6: 18, 5: 4}","{1: 58, 2: 37, 0: 101}","{1: 126, 2: 40, 0: 30}","{1: 117, 2: 23, 0: 56}","{1: 122, 2: 35, 0: 39}",0.07404145662778797,0.023397893616707778,0.07881426718893252,0.09489162023231117,0.134032919931809,0.17575283470893727,0.15125486502164642,0.15571087691393032,0.10395392801307016,0.028809171110865582,0.1470068196680807,0.17681694552095067
7810,2,crash,3,1,1,-524.865607311415,666,436.0,436.0,0.05,0.1,10.250523567199707,66.6912841796875,-482.6552734375,576.1854248046875,500.0,60.88249578520876,435,-33.25000000000025,-52.4981030966249,-1000.0,-0.7880864974645871,"{0: 12, 1: 17, 2: 13, 3: 1, 4: 9, 5: 9, 6: 5}","{2: 28, 3: 15, 6: 14, 5: 9}","{1: 14, 0: 52}","{1: 32, 0: 15, 2: 19}","{1: 24, 0: 42}","{1: 46, 0: 9, 2: 11}",0.11442704710362969,0.03567537133718225,0.1276938589972743,0.08518820102411068,0.20018774360706498,0.12376958435081742,0.21730700899032418,0.1312199483816629,0.1833773215468986,0.008233857576980348,0.23262929016472858,0.022877170373537873
7820,2,crash,3,1,1,-465.27703366366984,561,400.0,400.0,0.05,0.1,10.241281509399414,66.74919128417969,-495.2220153808594,576.1854248046875,500.0,87.22408505085419,549,-28.000000000000263,-24.50111871452423,-1000.0,-0.8293708264949552,"{1: 28, 2: 19, 3: 8, 4: 1}","{2: 9, 3: 30, 6: 5, 5: 9, 4: 3}","{1: 16, 0: 40}","{1: 30, 0: 11, 2: 15}","{1: 19, 0: 37}","{1: 38, 0: 6, 2: 12}",0.13540571303395976,0.02073483058985402,0.1535257794943516,0.08679377020808791,0.26316201812845275,0.1194395390489148,0.27607925414926204,0.1795017401003252,0.21918840001461637,0.009759244932354449,0.2835823583494704,0.05374593952912804
7830,2,crash,3,2,1,43.02558366778021,2825,1302.5,1302.5,0.05,0.1,10.240596771240234,66.7979507446289,-495.2220153808594,582.9530639648438,1000.0,231.25651986292337,2084,-141.14999999999785,-47.08093619513947,-1000.0,0.015230295103639012,"{5: 48, 4: 37, 6: 46, 3: 2, 0: 105, 1: 26, 2: 18}","{1: 4, 2: 67, 3: 187, 4: 2, 6: 18, 5: 4}","{1: 85, 2: 62, 0: 135}","{1: 211, 0: 52, 2: 19}","{1: 145, 2: 54, 0: 83}","{1: 185, 2: 45, 0: 52}",0.08189698825785038,0.017287542900210413,0.095365210948702,0.09315111128696246,0.152418188814301,0.06332179616272644,0.18230690191001878,0.17519393370350614,0.1539623723977528,0.02957812808287609,0.18936621264165768,0.09135558382861324
7840,2,crash,3,1,1,-1020.2068350941499,1704,667.0,667.0,0.05,0.1,10.233185768127441,66.85662841796875,-495.2220153808594,582.9530639648438,500.0,78.50583207010385,943,-85.1499999999973,-513.5626671642548,-1000.0,-0.5987129313932805,"{0: 23, 1: 26, 2: 16, 3: 1, 6: 104}","{3: 135, 2: 35}","{1: 107, 0: 63}","{1: 115, 2: 28, 0: 27}","{1: 127, 0: 43}","{1: 105, 0: 44, 2: 21}",0.02574476243526151,0.016308643184554893,0.03520852900183906,0.08813887285865621,0.1165129771093281,0.059135517271163965,0.16317118755197227,0.1703159883140251,0.14351293636135,0.010748842460923122,0.11948510274830106,0.1019043621101411
7850,2,crash,3,1,1,-515.7990596554862,934,734.0,734.0,0.05,0.1,10.244945526123047,66.91912078857422,-495.2220153808594,582.9530639648438,500.0,89.96794196682407,733,-46.64999999999949,-59.1170016223107,-1000.0,-0.5522473872114413,"{0: 31, 1: 17, 2: 24, 3: 1, 6: 20}","{5: 9, 4: 9, 3: 63, 2: 12}","{1: 21, 0: 72}","{1: 63, 2: 22, 0: 8}","{1: 53, 0: 40}","{1: 63, 0: 21, 2: 9}",0.08738560378561071,0.019528848069195734,0.08816805499311578,0.08784537954869465,0.12749913626797363,0.16334634894658628,0.16677221768961775,0.13154975062694102,0.14350750955953648,0.016935679737287372,0.17477274422807773,0.09938873734981012
7860,2,crash,3,4,1,1215.4223021304274,1755,404.75,446.0,0.05,0.1,10.25845718383789,66.98809051513672,-495.2220153808594,600.8372802734375,2000.0,329.73443367719324,1456,-87.54999999999717,-26.76213154676167,-1000.0,0.6925483203022378,"{4: 69, 0: 47, 1: 4, 2: 6, 3: 10, 6: 33, 5: 6}","{3: 115, 4: 20, 0: 12, 1: 7, 2: 21}","{1: 29, 2: 102, 0: 44}","{1: 95, 2: 25, 0: 55}","{1: 45, 2: 96, 0: 34}","{1: 105, 2: 37, 0: 33}",0.16985718959000554,0.027351725249165425,0.1891345022569566,0.08233713413863997,0.3014304421289477,0.13862201504571872,0.3510550521493168,0.2743990794836492,0.31716834369528496,0.027900569254005938,0.2770505061521843,0.15465065114493326
7870,2,crash,3,4,1,1134.4066760443984,2572,606.75,550.0,0.05,0.1,10.261836051940918,67.01815795898438,-495.2220153808594,588.9362182617188,2000.0,299.7969428765038,1612,-128.39999999999495,-36.99026683208833,-1000.0,0.44106013843094805,"{2: 58, 1: 23, 3: 1, 4: 21, 5: 42, 0: 34, 6: 78}","{2: 20, 3: 150, 6: 10, 5: 9, 4: 53, 0: 15}","{1: 72, 0: 78, 2: 107}","{1: 169, 0: 35, 2: 53}","{1: 109, 0: 60, 2: 88}","{1: 186, 0: 47, 2: 24}",0.11408852952609984,0.024230841137751518,0.1290253266082362,0.08244009426273474,0.24723667111081368,0.09524595930245645,0.28730173450460533,0.23221493483550973,0.2856230994696306,0.016727695799273554,0.27204659778527696,0.10266869782702456
7880,2,crash,3,1,1,-464.98206073308575,488,406.0,406.0,0.05,0.1,10.264549255371094,67.0604248046875,-495.2220153808594,591.3132934570312,500.0,79.70797637304422,405,-24.35000000000021,-20.340037106130282,-1000.0,-0.9528320916661593,"{6: 25, 5: 7, 4: 8, 0: 8}","{3: 40, 0: 8}","{1: 11, 2: 37}","{1: 43, 0: 5}","{1: 7, 2: 41}","{1: 34, 2: 8, 0: 6}",0.1702958812244948,0.0055600735458012016,0.22796823741654637,0.07770705486801187,0.26760102699029015,0.02790082971864522,0.30091780233496707,0.21620768765401302,0.2722526023442708,0.002242484617533113,0.3032736906796337,0.01262909097844383
7890,2,success,3,5,0,2604.6325589821913,2700,540.0,492.0,0.05,0.1,10.269625663757324,67.08406066894531,-495.2220153808594,583.5927734375,2500.0,291.01312261637923,2355,-134.7499999999964,-51.630563634188,0.0,0.9646787255489597,"{5: 31, 4: 11, 3: 15, 2: 107, 1: 87, 0: 18, 6: 1}","{5: 10, 4: 19, 3: 156, 0: 24, 1: 5, 2: 56}","{1: 126, 2: 43, 0: 101}","{1: 167, 2: 35, 0: 68}","{1: 173, 2: 35, 0: 62}","{1: 193, 2: 37, 0: 40}",0.05711887469867351,0.02423921096798788,0.06526553949504578,0.08342486968839263,0.18947530009412136,0.15139172286290237,0.23274724414371134,0.184588350876611,0.16169786549253817,0.02843707087173627,0.20348346236386577,0.14217516147332337
7900,2,crash,3,3,1,621.7200565682509,3039,980.6666666666666,1041.0,0.05,0.1,10.272595405578613,67.13227081298828,-495.2220153808594,553.6401977539062,1500.0,297.89000396005,2185,-151.80000000000027,-24.36994739179045,-1000.0,0.20458047271084268,"{2: 116, 4: 65, 5: 84, 3: 19, 6: 10, 0: 9}","{1: 36, 2: 90, 3: 100, 6: 34, 5: 5, 4: 7, 0: 31}","{1: 119, 2: 109, 0: 75}","{1: 166, 0: 93, 2: 44}","{1: 167, 2: 99, 0: 37}","{1: 238, 0: 37, 2: 28}",0.06698831765845721,0.027292179507339035,0.08530271693444323,0.06844249456065009,0.1962505795558634,0.17859447751164886,0.2650052102368678,0.18472121411981746,0.20831902270318775,0.02563797462277532,0.2795995179248844,0.0956349222465676
7910,2,success,3,5,0,2687.0654355740776,2805,561.0,450.0,0.05,0.1,10.292275428771973,67.18683624267578,-495.2220153808594,566.865234375,2500.0,327.06543557408474,1752,-139.99999999999758,0.0,0.0,0.9579555920050188,"{3: 51, 4: 46, 5: 60, 6: 78, 1: 11, 0: 26, 2: 8}","{1: 28, 2: 63, 4: 33, 3: 141, 5: 15}","{1: 90, 2: 108, 0: 82}","{1: 146, 0: 70, 2: 64}","{1: 118, 0: 73, 2: 89}","{1: 196, 0: 50, 2: 34}",0.10671495251606673,0.029174034192937057,0.12139814182370944,0.08035108327032923,0.2421482262510875,0.11736606360562063,0.28858857117825676,0.2304124961172512,0.22799429025756263,0.14047526676876537,0.29170740642213466,0.15828048215524076
7920,2,crash,3,1,1,-497.2589989553916,713,566.0,566.0,0.05,0.1,10.290019035339355,67.2694320678711,-495.2220153808594,589.3156127929688,500.0,64.31126687149072,565,-35.600000000000115,-25.9702658268831,-1000.0,-0.6974179508490765,"{6: 34, 5: 12, 4: 10, 0: 15}","{2: 13, 3: 43, 6: 15}","{1: 31, 2: 40}","{1: 50, 0: 19, 2: 2}","{1: 33, 2: 38}","{1: 53, 2: 7, 0: 11}",0.08455104927020735,0.012950863268999479,0.12076765196457262,0.06803820714978702,0.25134678306880603,0.12651069572722345,0.28459325629128873,0.2596197315803944,0.23946122239647497,0.005888980050994078,0.2976431187090036,0.041967309387286995
7930,2,crash,3,1,1,-545.4757309733725,838,527.0,527.0,0.05,0.1,10.290472984313965,67.32862091064453,-495.2220153808594,589.3156127929688,500.0,94.77862404888477,781,-41.84999999999976,-98.4043550222576,-1000.0,-0.6509256932856473,"{0: 27, 1: 13, 2: 11, 3: 3, 4: 28, 5: 1}","{4: 19, 3: 33, 0: 28, 1: 3}","{1: 23, 0: 60}","{1: 33, 2: 22, 0: 28}","{1: 38, 0: 45}","{1: 53, 0: 19, 2: 11}",0.09911003242996506,0.03973567700208359,0.10421098598777911,0.09460856535548687,0.16556506036546678,0.11505021808636502,0.18408739300342342,0.10852607478346624,0.16899709777127486,0.017497141501973665,0.13059233176724694,0.10800172692603996
7940,2,success,3,5,0,2736.0279648821224,2401,480.2,374.0,0.05,0.1,10.297528266906738,67.41031646728516,-495.2220153808594,589.3156127929688,2500.0,414.53229534027145,1888,-119.79999999999534,-58.70433045813878,0.0,1.1395368450154613,"{0: 73, 1: 19, 2: 54, 3: 14, 6: 68, 5: 6, 4: 6}","{2: 40, 3: 122, 5: 36, 4: 20, 1: 14, 6: 8}","{1: 37, 0: 118, 2: 85}","{1: 136, 0: 51, 2: 53}","{1: 60, 0: 101, 2: 79}","{1: 130, 0: 54, 2: 56}",0.14500688786570715,0.024774662893465825,0.1654498442077938,0.09845268657600803,0.25010587155408176,0.10687403898577313,0.28536416780738677,0.2153022251904952,0.2762086409041498,0.06445984328661424,0.2655454833489118,0.19567446033849203
7950,2,success,3,5,0,2746.909965569812,2920,584.0,600.0,0.05,0.1,10.290547370910645,67.48368072509766,-495.2220153808594,589.3156127929688,2500.0,426.27184632479526,2584,-145.7499999999989,-33.61188075497909,0.0,0.9407225909485657,"{1: 68, 2: 75, 3: 39, 6: 54, 5: 7, 4: 7, 0: 42}","{5: 16, 4: 60, 3: 136, 2: 34, 0: 25, 1: 5, 6: 16}","{1: 111, 0: 125, 2: 56}","{1: 142, 2: 90, 0: 60}","{1: 178, 0: 65, 2: 49}","{1: 226, 0: 25, 2: 41}",0.06865248945093966,0.03019737925806988,0.08073627841312844,0.06176865112087683,0.22208202862572832,0.1587486972832373,0.26917018113867325,0.11036194666974285,0.19381746135549852,0.05344605317962356,0.15049758935566812,0.09690405088768503
7960,2,max_steps,3,4,0,2210.386088893831,3500,833.5,813.5,0.05,0.1,10.2965087890625,67.5735855102539,-501.348876953125,561.817626953125,2000.0,387.7563371542762,2951,-174.8000000000055,-2.570248260429218,0.0,0.6315388825410946,"{0: 15, 1: 24, 2: 34, 3: 62, 4: 116, 6: 34, 5: 65}","{2: 59, 3: 124, 6: 62, 5: 32, 4: 27, 0: 41, 1: 5}","{1: 92, 0: 119, 2: 139}","{1: 153, 0: 86, 2: 111}","{1: 155, 0: 70, 2: 125}","{1: 227, 0: 74, 2: 49}",0.09335386850452979,0.03272030767046932,0.11610670656621735,0.08540436545216377,0.21704869755913903,0.146380046191342,0.2828903254335354,0.2251634587655468,0.19469635391997364,0.05896926134692516,0.32886096370521906,0.22115778262071298
7970,2,crash,3,4,1,1167.9968836412932,3105,751.5,662.0,0.05,0.1,10.302084922790527,67.64784240722656,-489.8131103515625,573.3814697265625,2000.0,371.3236858164312,2158,-155.050000000001,-48.27680217512475,-1000.0,0.37616646816144705,"{4: 64, 5: 26, 3: 16, 1: 12, 0: 40, 2: 23, 6: 129}","{1: 21, 2: 21, 3: 149, 5: 39, 4: 30, 0: 50}","{1: 87, 0: 103, 2: 120}","{1: 148, 0: 84, 2: 78}","{1: 146, 2: 115, 0: 49}","{1: 221, 2: 42, 0: 47}",0.0837924033131377,0.03077790010509774,0.11280177618778361,0.08547003332586693,0.2006720212973432,0.14992136214743731,0.25675563312481886,0.20456546517171573,0.2686043877079777,0.15410327886203645,0.3074089957201899,0.07958948428283455
7980,2,crash,3,1,1,-473.4691216255351,678,583.0,583.0,0.05,0.1,10.299018859863281,67.7271728515625,-489.8131103515625,567.1595458984375,500.0,81.07319874859316,582,-33.850000000000215,-20.692320374128446,-1000.0,-0.6983320377957745,"{6: 39, 5: 10, 4: 8, 3: 1, 2: 1, 1: 6, 0: 2}","{1: 6, 2: 10, 3: 42, 5: 2, 4: 7}","{1: 29, 2: 38}","{1: 44, 0: 19, 2: 4}","{1: 29, 2: 38}","{1: 54, 2: 6, 0: 7}",0.07794793028485623,0.012331343857414788,0.13351110757278614,0.06501124192956569,0.25720881838533705,0.15000009316021498,0.28447780666681904,0.12293491187710363,0.2522591334160605,0.0038830669929923746,0.2965192474851192,0.021090144193620007
7990,2,crash,3,3,1,660.8049568667359,2110,669.0,712.0,0.05,0.1,10.297094345092773,67.7808609008789,-489.8131103515625,572.176513671875,1500.0,292.9952105959351,1679,-105.34999999999616,-26.84025372919329,-1000.0,0.31317770467617817,"{2: 56, 6: 36, 5: 8, 4: 42, 3: 5, 0: 59, 1: 5}","{5: 9, 4: 12, 3: 109, 0: 22, 1: 5, 2: 43, 6: 11}","{1: 75, 0: 84, 2: 52}","{1: 130, 2: 30, 0: 51}","{1: 100, 0: 72, 2: 39}","{1: 136, 0: 35, 2: 40}",0.08252515420054815,0.024967436533372325,0.10851164129210635,0.08999229891034863,0.2525211737129188,0.16108764034944956,0.2683202945780559,0.1965243731167671,0.11685972720677114,0.016768340573458884,0.11120073466239408,0.10157798434721066
8000,2,success,3,5,0,2705.649557564373,2565,513.0,396.0,0.05,0.1,10.314866065979004,67.83740997314453,-489.8131103515625,572.8666381835938,2500.0,333.6495575643839,2098,-127.99999999999487,0.0,0.0,1.0548341355026796,"{3: 15, 4: 43, 1: 25, 0: 68, 2: 28, 6: 66, 5: 11}","{2: 49, 3: 140, 4: 34, 0: 28, 1: 5}","{1: 60, 2: 102, 0: 94}","{1: 169, 0: 59, 2: 28}","{1: 109, 2: 72, 0: 75}","{1: 205, 2: 29, 0: 22}",0.09678674815385563,0.0226617027351297,0.11393926645329991,0.07130110655848643,0.1713071516060839,0.1344754509327617,0.20006308842071988,0.11642559600690362,0.10283024690064213,0.13464840826878868,0.1213351045723403,0.09997952005244627
8010,2,success,3,5,0,2723.8560887532217,2950,590.0,539.0,0.05,0.1,10.323699951171875,67.9028091430664,-489.8131103515625,581.3060302734375,2500.0,377.33577968965824,2622,-147.24999999999923,-6.22969093643461,0.0,0.9233410470349904,"{6: 32, 5: 43, 4: 28, 1: 40, 0: 79, 2: 60, 3: 13}","{5: 16, 4: 21, 3: 109, 0: 68, 1: 11, 2: 48, 6: 22}","{1: 77, 2: 97, 0: 121}","{1: 150, 2: 65, 0: 80}","{1: 120, 2: 80, 0: 95}","{1: 216, 2: 34, 0: 45}",0.10112757444328513,0.02924380186681858,0.11359475717066861,0.07774400417530097,0.20082500782371984,0.17312112120969647,0.226039297272262,0.12289795600685519,0.21856848796548536,0.01717489448936804,0.27153733613318737,0.105414894992587
8020,2,crash,3,2,1,40.245860476112284,674,276.0,276.0,0.05,0.1,10.318257331848145,67.97110748291016,-489.8131103515625,592.872802734375,1000.0,98.19099491414012,526,-33.60000000000023,-24.34513443802567,-1000.0,0.05971195916337134,"{3: 18, 6: 18, 5: 10, 4: 9, 2: 7, 1: 5}","{1: 10, 2: 7, 4: 17, 3: 21, 6: 12}","{1: 25, 2: 42}","{1: 23, 0: 20, 2: 24}","{1: 28, 2: 39}","{1: 54, 2: 4, 0: 9}",0.11930436997375199,0.057647099107149984,0.14158053756439942,0.06978842864930418,0.24724295690086887,0.1339465514477775,0.26850836864960753,0.2530026918186258,0.23155371924808582,0.15230029220614902,0.2846542275985954,0.08901680735359493
8030,2,success,3,5,0,2763.576332376647,3454,690.8,767.0,0.05,0.1,10.33696460723877,68.034423828125,-489.8131103515625,596.381591796875,2500.0,535.0024971369372,2655,-172.45000000000496,-98.97616476027002,0.0,0.8001089555230593,"{2: 127, 3: 33, 6: 74, 5: 5, 4: 6, 0: 95, 1: 5}","{6: 41, 5: 20, 4: 22, 3: 158, 0: 54, 1: 20, 2: 30}","{1: 131, 0: 140, 2: 74}","{1: 142, 2: 85, 0: 118}","{1: 183, 0: 94, 2: 68}","{1: 231, 0: 57, 2: 57}",0.08119550350018648,0.03606719885310746,0.09107807901150948,0.08929340455353338,0.2710007887321125,0.16741240682044328,0.2991502495414383,0.25159939868631676,0.1858873181099089,0.1737359737521465,0.1598497825053539,0.11903663874181435
8040,2,success,3,5,0,2639.6087671005234,2435,487.0,501.0,0.05,0.1,10.364606857299805,68.10172271728516,-489.8131103515625,568.3823852539062,2500.0,299.96848106413637,1798,-121.49999999999524,-38.859713963594125,0.0,1.0840282411090445,"{2: 117, 1: 3, 3: 9, 6: 54, 5: 5, 4: 55}","{0: 9, 1: 17, 2: 41, 3: 137, 5: 16, 4: 23}","{1: 75, 0: 87, 2: 81}","{1: 135, 0: 65, 2: 43}","{1: 127, 0: 49, 2: 67}","{1: 193, 2: 30, 0: 20}",0.08353086770329567,0.02619369783150756,0.09432721645755222,0.051426338724083226,0.24180138416432767,0.13083487805411315,0.2529786793298299,0.1188690904202787,0.12614608495207852,0.08736608678509092,0.14271130053575357,0.09262083478629829
8050,2,max_steps,3,3,0,1556.933862492943,3500,752.0,703.0,0.05,0.1,10.392821311950684,68.15231323242188,-489.8131103515625,590.0361328125,1500.0,368.280234824145,2651,-174.8500000000055,-136.49637233119907,0.0,0.4448382464265552,"{6: 107, 5: 47, 4: 14, 3: 8, 2: 120, 0: 45, 1: 9}","{6: 4, 5: 9, 4: 15, 3: 131, 0: 35, 1: 65, 2: 91}","{1: 162, 2: 74, 0: 114}","{1: 206, 2: 45, 0: 99}","{1: 212, 2: 59, 0: 79}","{1: 257, 2: 44, 0: 49}",0.06196352257045026,0.027029011930973346,0.08107069295846192,0.08098949632152444,0.16795865482066893,0.10579533646012763,0.18958923678305575,0.11242272389379865,0.16812478272164008,0.02742377916077199,0.1282236617894643,0.09922156170168069
8060,2,max_steps,3,3,0,1656.9040597954133,3500,912.3333333333334,848.0,0.05,0.1,10.406355857849121,68.1600112915039,-489.8131103515625,589.0481567382812,1500.0,415.0012542931286,2880,-174.8500000000055,-83.24719449771092,0.0,0.4734011599415467,"{0: 81, 1: 21, 2: 53, 3: 2, 6: 146, 5: 24, 4: 23}","{0: 9, 1: 7, 2: 150, 3: 133, 6: 35, 5: 7, 4: 9}","{1: 142, 0: 117, 2: 91}","{1: 214, 0: 89, 2: 47}","{1: 192, 0: 92, 2: 66}","{1: 239, 0: 64, 2: 47}",0.06906202723391829,0.026787070696906827,0.08221146748058934,0.07648473281525545,0.20652954211703284,0.112534615828701,0.2354675839817243,0.1833572269973973,0.22890199248557747,0.01447277918267555,0.24313325404969502,0.1531456579894641
8070,2,crash,3,4,1,1069.117692107135,3002,715.25,647.0,0.05,0.1,10.433204650878906,68.20230865478516,-489.8131103515625,569.5858154296875,2000.0,244.03690410569607,2376,-149.89999999999984,-25.019211998549203,-1000.0,0.35613514060863927,"{4: 74, 3: 5, 5: 36, 1: 45, 0: 55, 2: 45, 6: 40}","{4: 29, 3: 149, 5: 9, 2: 73, 0: 31, 1: 9}","{1: 141, 2: 96, 0: 63}","{1: 189, 2: 38, 0: 73}","{1: 203, 2: 70, 0: 27}","{1: 220, 0: 49, 2: 31}",0.05531232189310971,0.02667084761904771,0.0654421037570653,0.08002843804068388,0.16795656781160026,0.12107082473012803,0.2143700767583708,0.19157703274165772,0.22598274885978983,0.03161064013463333,0.29141236896104267,0.11649896218479787
8080,2,max_steps,3,3,0,1673.642444026015,3500,840.3333333333334,746.0,0.05,0.1,10.450116157531738,68.226806640625,-489.8131103515625,567.0128784179688,1500.0,348.4924440260167,2930,-174.8500000000055,0.0,0.0,0.47818355543600427,"{4: 209, 3: 4, 5: 37, 6: 60, 1: 29, 2: 11}","{0: 103, 1: 18, 2: 76, 3: 74, 6: 39, 5: 31, 4: 9}","{1: 199, 2: 84, 0: 67}","{1: 109, 0: 180, 2: 61}","{1: 226, 2: 66, 0: 58}","{1: 246, 2: 41, 0: 63}",0.031578280231948926,0.03440061978832975,0.046906142249825075,0.05488431023154053,0.2309425539993952,0.13575324007481007,0.24424083163670104,0.20584915217907135,0.16927408354568987,0.015618220622512167,0.15662630882875964,0.21352074914121774
8090,2,crash,3,2,1,-19.69568592274743,2189,966.5,966.5,0.05,0.1,10.456938743591309,68.29198455810547,-489.8131103515625,594.473388671875,1000.0,195.78341998101078,2033,-109.34999999999593,-106.12910590375606,-1000.0,-0.008997572372200745,"{1: 64, 2: 28, 3: 4, 6: 75, 5: 28, 4: 19}","{6: 3, 5: 8, 4: 9, 3: 125, 2: 48, 0: 12, 1: 13}","{1: 91, 0: 28, 2: 99}","{1: 139, 2: 29, 0: 50}","{1: 149, 0: 17, 2: 52}","{1: 185, 0: 14, 2: 19}",0.06852732183575672,0.02141167146669644,0.07059246705971772,0.050437516877711835,0.1265346567831553,0.10572095685652819,0.15582583956675275,0.10511920456407005,0.15605406878602865,0.024360216501870823,0.18610104998895113,0.10576740963195116
8100,2,crash,3,3,1,638.8511719512472,1870,591.0,655.0,0.05,0.1,10.465398788452148,68.30366516113281,-489.8131103515625,591.1036376953125,1500.0,251.9490794971211,1593,-93.34999999999684,-19.747907545868497,-1000.0,0.34163164275467767,"{4: 27, 3: 11, 0: 47, 1: 9, 2: 14, 6: 74, 5: 5}","{4: 33, 0: 6, 1: 10, 2: 24, 3: 113, 5: 1}","{1: 69, 0: 40, 2: 78}","{1: 126, 2: 23, 0: 38}","{1: 83, 0: 27, 2: 77}","{1: 153, 0: 22, 2: 12}",0.09329463035999655,0.016068912755279042,0.10428346251706083,0.05761594280430746,0.2616637528202575,0.1012153224809094,0.28423723558286335,0.14764248011896366,0.2691301256647434,0.04545067867991016,0.2511473408374433,0.24181366522002185
8110,2,max_steps,3,3,0,1650.8979770025446,3500,731.3333333333334,965.0,0.05,0.1,10.486294746398926,68.31678009033203,-489.8131103515625,571.988037109375,1500.0,325.74797700255016,3212,-174.8500000000055,0.0,0.0,0.4716851362864413,"{3: 21, 2: 85, 1: 63, 6: 50, 5: 28, 4: 24, 0: 79}","{6: 19, 5: 16, 4: 14, 0: 23, 1: 5, 2: 35, 3: 238}","{1: 144, 2: 90, 0: 116}","{1: 247, 2: 64, 0: 39}","{1: 244, 2: 52, 0: 54}","{1: 253, 2: 49, 0: 48}",0.05869389381874062,0.016521754773281917,0.0708770037470057,0.08342393860786843,0.1051748220309309,0.15180148226179474,0.13316139484697892,0.10721187807744655,0.10724112413092762,0.17983198538856984,0.08629960997065567,0.12881583240057187
8120,2,max_steps,3,3,0,1584.872250113726,3500,832.6666666666666,587.0,0.05,0.1,10.48438549041748,68.28944396972656,-489.8131103515625,571.6325073242188,1500.0,259.7222501137426,2851,-174.8500000000055,0.0,0.0,0.452820642889636,"{4: 107, 3: 10, 2: 38, 6: 43, 5: 51, 0: 97, 1: 4}","{1: 11, 2: 55, 3: 242, 6: 16, 5: 5, 4: 21}","{1: 197, 2: 66, 0: 87}","{1: 257, 0: 51, 2: 42}","{1: 288, 0: 30, 2: 32}","{1: 274, 2: 35, 0: 41}",0.045835457208749444,0.014580228206745087,0.05595173922103234,0.0793812755632364,0.08282565468439758,0.10936124461508791,0.11782521465646455,0.10673353061820808,0.07233312632392355,0.026356444060674715,0.08443103650689784,0.09725357691938276
8130,2,max_steps,3,4,0,2111.457691739585,3500,647.25,673.0,0.05,0.1,10.491942405700684,68.27826690673828,-489.8131103515625,581.0567016601562,2000.0,286.25769173958935,3247,-174.8000000000055,0.0,0.0,0.60327362621131,"{4: 125, 3: 10, 2: 37, 1: 22, 5: 61, 6: 3, 0: 92}","{0: 5, 1: 16, 2: 58, 3: 238, 6: 13, 5: 6, 4: 14}","{1: 191, 2: 84, 0: 75}","{1: 226, 0: 77, 2: 47}","{1: 284, 0: 35, 2: 31}","{1: 276, 2: 32, 0: 42}",0.045208233861735246,0.02377936661245252,0.04787855836975302,0.07328901221154949,0.08562542403393822,0.11051278111564478,0.11339825432711893,0.1046798712248685,0.06229831637737028,0.029780907361758868,0.09707607703377794,0.10268440414970179
8140,2,max_steps,3,1,0,698.568790227077,3500,758.0,758.0,0.05,0.1,10.493252754211426,68.19869995117188,-489.8131103515625,567.8760986328125,500.0,373.5187902270687,2537,-174.95000000000553,0.0,0.0,0.199591082922022,"{0: 25, 1: 15, 2: 35, 6: 210, 5: 24, 4: 41}","{3: 301, 2: 19, 5: 7, 4: 23}","{1: 79, 0: 123, 2: 148}","{1: 299, 2: 24, 0: 27}","{1: 133, 0: 86, 2: 131}","{1: 232, 0: 57, 2: 61}",0.09664916052438516,0.017018093735094157,0.12178452007242964,0.08965202131074121,0.2381323298347034,0.03530996253625051,0.2920474962135419,0.3217406633520724,0.10533066205906565,0.03178400810795625,0.3394466588414956,0.30821385477507496
8150,2,crash,3,4,1,1079.134397752341,3458,817.75,794.0,0.05,0.1,10.496587753295898,68.23249053955078,-489.8131103515625,567.8760986328125,2000.0,312.77177016105134,2781,-172.70000000000502,-60.93737240869727,-1000.0,0.31206894093474297,"{4: 66, 5: 26, 3: 45, 2: 38, 0: 64, 1: 37, 6: 69}","{6: 20, 5: 32, 4: 26, 3: 153, 0: 36, 1: 16, 2: 62}","{1: 156, 2: 109, 0: 80}","{1: 179, 2: 81, 0: 85}","{1: 206, 2: 97, 0: 42}","{1: 285, 2: 16, 0: 44}",0.06103884329766875,0.029253570481515185,0.07178910991002799,0.06542755134723773,0.16777108790205594,0.12942099434901097,0.20133172627063284,0.11324343309048335,0.17064109475861536,0.07216562143011593,0.24538825407488218,0.09983120364125514
8160,2,crash,3,3,1,585.2955876732553,1579,477.0,518.0,0.05,0.1,10.501978874206543,68.27923583984375,-489.8131103515625,567.8760986328125,1500.0,202.79945287614248,1188,-78.79999999999767,-38.70386520288176,-1000.0,0.3706748496980718,"{6: 50, 5: 30, 4: 26, 3: 2, 1: 19, 0: 19, 2: 11}","{5: 2, 4: 12, 3: 101, 2: 28, 1: 14}","{1: 27, 2: 99, 0: 31}","{1: 103, 2: 21, 0: 33}","{1: 45, 2: 87, 0: 25}","{1: 96, 2: 26, 0: 35}",0.11594066934793326,0.02517544520228454,0.12738456665514233,0.09192962560576541,0.19322805980395927,0.11065305562224725,0.23025822778374894,0.24494987930383047,0.1945383887381644,0.029208508867442584,0.2172551084306448,0.23857631042197996
8170,2,success,3,5,0,2697.879754125355,1997,399.4,336.0,0.05,0.1,10.519271850585938,68.34071350097656,-489.8131103515625,565.8138427734375,2500.0,297.4797541253537,1745,-99.59999999999648,0.0,0.0,1.3509663265525063,"{5: 14, 4: 41, 3: 33, 0: 50, 1: 30, 2: 31}","{3: 119, 2: 9, 4: 43, 0: 23, 1: 5}","{1: 72, 2: 58, 0: 69}","{1: 122, 2: 41, 0: 36}","{1: 99, 2: 46, 0: 54}","{1: 116, 2: 36, 0: 47}",0.07603005623991249,0.024634152523549474,0.10207314232067649,0.09462101902973799,0.2294524505957001,0.12694139613393635,0.2652906785786453,0.2664235778148978,0.1743416317169575,0.1680408153462055,0.24713762878773746,0.10083793950050828
8180,2,max_steps,3,4,0,2279.943557471596,3500,786.0,886.5,0.05,0.1,10.529293060302734,68.37960815429688,-489.8131103515625,565.8138427734375,2000.0,495.60312128070393,3004,-174.8000000000055,-40.85956380909845,0.0,0.6514124449918846,"{2: 85, 3: 29, 0: 84, 1: 81, 6: 60, 5: 5, 4: 6}","{0: 31, 1: 13, 2: 63, 6: 42, 5: 5, 4: 7, 3: 189}","{1: 125, 0: 163, 2: 62}","{1: 211, 0: 88, 2: 51}","{1: 213, 0: 81, 2: 56}","{1: 241, 0: 57, 2: 52}",0.07199747866175235,0.022381664174449735,0.077504754170785,0.0793952154297208,0.2051325243458948,0.17245806996461982,0.260206771605204,0.1900837021494953,0.09090844151479464,0.16660793462556317,0.19153631111646024,0.22253456846831463
8190,2,success,3,5,0,2646.4934553091416,2894,578.8,552.0,0.05,0.1,10.534878730773926,68.46171569824219,-489.8131103515625,580.169677734375,2500.0,290.9434553091535,2014,-144.4499999999986,0.0,0.0,0.9144759693535389,"{2: 76, 3: 5, 4: 45, 1: 44, 0: 82, 5: 29, 6: 8}","{5: 17, 4: 25, 3: 173, 2: 35, 0: 5, 1: 8, 6: 26}","{1: 100, 2: 88, 0: 101}","{1: 159, 2: 74, 0: 56}","{1: 144, 0: 83, 2: 62}","{1: 156, 0: 80, 2: 53}",0.07028761954252204,0.027926354344712294,0.10057583864951072,0.09872799554907585,0.16706051490433826,0.14211397069192294,0.22123715444673644,0.23038531115463218,0.189939389045765,0.02615030967738223,0.18606898527982413,0.10879246107399325
8200,2,success,3,5,0,2668.382574031432,2830,566.0,608.0,0.05,0.1,10.549433708190918,68.52240753173828,-489.8131103515625,575.3544921875,2500.0,309.63257403144786,2301,-141.24999999999787,0.0,0.0,0.9428913689157004,"{3: 31, 5: 59, 4: 59, 1: 56, 2: 37, 0: 41}","{6: 16, 5: 24, 4: 22, 0: 19, 1: 12, 2: 61, 3: 129}","{1: 135, 2: 59, 0: 89}","{1: 142, 2: 71, 0: 70}","{1: 169, 2: 44, 0: 70}","{1: 197, 2: 35, 0: 51}",0.05627664729392651,0.029988344375366537,0.06462919005344224,0.07750795635503625,0.15438602194219905,0.15948955581780286,0.1851779181886545,0.1849202343577232,0.15918906289209955,0.09939541454412644,0.16693003321488936,0.09943377057379685
8210,2,crash,3,4,1,1131.878300037471,2874,693.5,751.5,0.05,0.1,10.558348655700684,68.59788513183594,-489.8131103515625,584.1760864257812,2000.0,326.82906979605383,2115,-143.49999999999838,-51.45076975856897,-1000.0,0.3938337856776169,"{6: 23, 5: 45, 4: 69, 3: 40, 2: 36, 0: 68, 1: 6}","{5: 31, 4: 29, 3: 128, 1: 14, 2: 78, 6: 7}","{1: 66, 2: 102, 0: 119}","{1: 162, 2: 65, 0: 60}","{1: 110, 2: 82, 0: 95}","{1: 146, 2: 59, 0: 82}",0.10107114689305911,0.026316696281820543,0.12691308796508302,0.09951697343097504,0.24490490680887436,0.10451521786873194,0.27615212825650426,0.23094638751111224,0.1988375635210867,0.056617106019715334,0.2255562960743354,0.20750208093154843
8220,2,crash,3,3,1,568.2454853797842,2219,668.0,613.0,0.05,0.1,10.583364486694336,68.6572036743164,-483.3408508300781,583.816162109375,1500.0,213.86153366306522,1780,-110.79999999999585,-34.816048283273545,-1000.0,0.2560817870120704,"{5: 20, 4: 15, 3: 2, 0: 22, 1: 46, 2: 95, 6: 21}","{4: 31, 3: 106, 5: 13, 0: 35, 1: 5, 2: 31}","{1: 72, 2: 50, 0: 99}","{1: 105, 2: 46, 0: 70}","{1: 94, 2: 43, 0: 84}","{1: 95, 2: 60, 0: 66}",0.08852909317826273,0.031991297454353064,0.12464967872448508,0.10920011783604208,0.15989419410694133,0.11328183395280315,0.2322206618943864,0.2857124734093764,0.1773097171015855,0.029020225121171406,0.26773891731857336,0.30651721271639765
8230,2,success,3,5,0,2700.484068003769,2431,486.2,531.0,0.05,0.1,10.602298736572266,68.71532440185547,-483.3408508300781,581.6884765625,2500.0,321.7840680037844,2108,-121.29999999999525,0.0,0.0,1.1108531748267252,"{5: 40, 4: 29, 3: 32, 0: 58, 1: 26, 2: 29, 6: 29}","{3: 143, 5: 13, 4: 43, 2: 16, 0: 20, 1: 8}","{1: 56, 2: 83, 0: 104}","{1: 145, 2: 58, 0: 40}","{1: 115, 2: 54, 0: 74}","{1: 142, 2: 47, 0: 54}",0.0939789228077786,0.023620550721299278,0.10725534993700289,0.09450785980428819,0.18363046982504005,0.11993529295129206,0.24169560830463577,0.20798020447035667,0.1846395457658342,0.03802892449494797,0.17725311772517927,0.16178411385529784
8240,2,crash,3,2,1,113.19150297268084,1499,713.0,713.0,0.05,0.1,10.626734733581543,68.78932189941406,-483.3408508300781,576.1990356445312,1000.0,206.55888306716233,1125,-74.84999999999789,-18.517380094482732,-1000.0,0.07551134287703859,"{2: 53, 3: 1, 6: 73, 5: 7, 4: 8, 0: 7}","{6: 3, 5: 9, 4: 28, 3: 63, 0: 31, 1: 6, 2: 9}","{1: 53, 0: 29, 2: 67}","{1: 71, 2: 42, 0: 36}","{1: 51, 0: 23, 2: 75}","{1: 95, 0: 30, 2: 24}",0.14050602201905282,0.03120544732172469,0.16358490946314558,0.08173865084415766,0.22678520914519293,0.15750022889481968,0.28480445512754493,0.25781531559031123,0.27251550348980763,0.024957946492389103,0.3194220025467208,0.24810039617892626
8250,2,success,3,5,0,2644.1268930339106,2177,435.4,440.0,0.05,0.1,10.635286331176758,68.84125518798828,-483.3408508300781,582.5552368164062,2500.0,252.72689303392286,1791,-108.59999999999597,0.0,0.0,1.2145736761754298,"{4: 77, 3: 37, 2: 50, 1: 6, 5: 17, 6: 30}","{5: 11, 4: 88, 3: 71, 0: 28, 1: 5, 2: 5, 6: 9}","{1: 116, 2: 58, 0: 43}","{1: 79, 2: 101, 0: 37}","{1: 132, 2: 52, 0: 33}","{1: 158, 2: 30, 0: 29}",0.04477615943906345,0.035554061269448184,0.06821690421137647,0.06588582153821283,0.23016406747197643,0.16606019359871788,0.2593876109050593,0.18039210097392944,0.2611527382009969,0.2176961439998738,0.3327984969011054,0.0966115419547712
8260,2,crash,3,4,1,1012.8879336555509,1753,375.5,369.5,0.05,0.1,10.641339302062988,68.9192886352539,-483.3408508300781,582.341064453125,2000.0,196.30995076179423,1402,-87.44999999999717,-95.9720171062415,-1000.0,0.5778025862267832,"{3: 90, 0: 34, 1: 7, 2: 19, 6: 25}","{5: 16, 4: 14, 2: 48, 1: 16, 3: 32, 0: 27, 6: 22}","{1: 95, 0: 76, 2: 4}","{1: 48, 2: 60, 0: 67}","{1: 132, 0: 43}","{1: 145, 0: 14, 2: 16}",0.04591819052718602,0.05274963229122925,0.05114606939736052,0.06374349678234659,0.13533442873584567,0.13670553629369953,0.17367809680839544,0.10818897059163254,0.06592660151519075,0.18222271534591522,0.0778339429878302,0.09471706149720761
8270,2,crash,3,3,1,609.2120849608987,1185,358.0,384.0,0.05,0.1,10.669171333312988,68.9930648803711,-483.3408508300781,598.5310668945312,1500.0,193.06078734615718,818,-59.09999999999878,-24.74870238525448,-1000.0,0.5141030252834587,"{5: 24, 4: 21, 1: 19, 0: 20, 2: 10, 6: 24}","{4: 39, 3: 68, 0: 11}","{1: 18, 2: 73, 0: 27}","{1: 73, 2: 36, 0: 9}","{1: 20, 2: 75, 0: 23}","{1: 60, 2: 29, 0: 29}",0.17539578896907734,0.025011629608019264,0.2192517042037186,0.09309973294704502,0.261835318640402,0.10144828310608116,0.3398227229900199,0.40610483906815265,0.26430987088713825,0.026347810418111975,0.28651810866305244,0.31209841195264765
8280,2,success,3,5,0,2569.1296397408746,3456,691.2,728.0,0.05,0.1,10.679234504699707,69.07012939453125,-483.3408508300781,584.3015747070312,2500.0,288.9434515869166,2571,-172.55000000000499,-47.263811846025675,0.0,0.743382418906503,"{3: 32, 5: 46, 4: 75, 2: 81, 1: 29, 0: 36, 6: 46}","{4: 58, 3: 201, 2: 31, 0: 3, 1: 14, 6: 25, 5: 13}","{1: 138, 2: 94, 0: 113}","{1: 205, 2: 88, 0: 52}","{1: 212, 2: 73, 0: 60}","{1: 256, 2: 34, 0: 55}",0.062305431767767136,0.026825828541556466,0.06668058048988335,0.07633821690460313,0.1422716262391857,0.07810472764501304,0.17749218375347706,0.15419934800836174,0.1325635965910512,0.04376086696443949,0.17496669416598157,0.09815707247503128
8290,2,success,3,5,0,2725.712707993529,2989,597.8,564.0,0.05,0.1,10.698199272155762,69.1307144165039,-483.3408508300781,570.4171142578125,2500.0,374.9127079935357,2353,-149.19999999999968,0.0,0.0,0.9119145894926494,"{2: 114, 1: 35, 5: 19, 6: 56, 4: 21, 3: 9, 0: 44}","{2: 95, 3: 124, 6: 30, 5: 5, 4: 8, 1: 26, 0: 10}","{1: 103, 0: 127, 2: 68}","{1: 145, 0: 109, 2: 44}","{1: 155, 0: 86, 2: 57}","{1: 160, 0: 76, 2: 62}",0.07748155981132365,0.031150422464367843,0.09241628035440322,0.09776165896212058,0.19528833346181562,0.1332835805365836,0.25403275740088255,0.22893002051863792,0.17280803209308415,0.06597917855689371,0.12452923179691196,0.19756153097903068
8300,2,success,3,5,0,2729.370782361055,2897,579.4,387.0,0.05,0.1,10.711687088012695,69.20762634277344,-483.3408508300781,594.409912109375,2500.0,373.970782361076,2258,-144.59999999999863,0.0,0.0,0.9421369631898705,"{2: 81, 3: 20, 4: 27, 6: 76, 5: 13, 0: 66, 1: 6}","{4: 38, 3: 181, 0: 26, 1: 16, 2: 20, 5: 8}","{1: 95, 0: 112, 2: 82}","{1: 179, 2: 42, 0: 68}","{1: 142, 0: 83, 2: 64}","{1: 228, 0: 25, 2: 36}",0.08368617104851012,0.023420650500798668,0.10046513357732192,0.0645344536861512,0.19448771748239066,0.15207368647899086,0.24680856641120125,0.14504717986902807,0.17329963401195464,0.13438832078898894,0.12665783060250405,0.10160565163610183
8310,2,max_steps,3,4,0,2211.54604716076,3500,863.5,871.0,0.05,0.1,10.737272262573242,69.27085876464844,-483.3408508300781,586.4877319335938,2000.0,386.3460471607623,2958,-174.8000000000055,0.0,0.0,0.6318702991887886,"{2: 57, 1: 25, 3: 43, 6: 63, 5: 11, 4: 76, 0: 75}","{5: 12, 4: 23, 3: 105, 0: 103, 1: 20, 2: 43, 6: 44}","{1: 163, 0: 95, 2: 92}","{1: 119, 2: 80, 0: 151}","{1: 227, 0: 58, 2: 65}","{1: 245, 0: 58, 2: 47}",0.05410068389550139,0.047142769726806054,0.07227083946236564,0.08151145581986452,0.14471954360395736,0.16196108084692667,0.18967852897581308,0.24720115440606982,0.13259935980340967,0.07319511142957592,0.15900076936244825,0.2194604171157942
8320,2,crash,3,1,1,-476.53632137851594,1008,928.0,928.0,0.05,0.1,10.751497268676758,69.32164001464844,-483.3408508300781,598.734619140625,500.0,92.1006254429766,684,-50.34999999999928,-18.28694682149313,-1000.0,-0.47275428708186107,"{0: 23, 1: 34, 2: 35, 6: 8}","{4: 16, 3: 81, 2: 3}","{1: 43, 0: 55, 2: 2}","{1: 81, 2: 19}","{1: 53, 0: 47}","{1: 55, 0: 29, 2: 16}",0.06568264980203495,0.010399257054991697,0.0855936354066852,0.097152383829657,0.20614222876366953,0.0931030053636064,0.28214464091778085,0.18400085149278853,0.22508469299843054,0.009203084739553329,0.3196864284089449,0.07147009654281994
8330,2,crash,3,2,1,32.307379491697475,2590,1237.5,1237.5,0.05,0.1,10.739680290222168,69.37382507324219,-483.3408508300781,598.734619140625,1000.0,185.13278560455544,1748,-129.39999999999517,-23.42540611286224,-1000.0,0.012473891695636091,"{4: 44, 3: 2, 0: 76, 1: 43, 2: 82, 6: 12}","{1: 10, 2: 29, 3: 177, 6: 32, 5: 5, 4: 6}","{1: 125, 2: 37, 0: 97}","{1: 175, 0: 35, 2: 49}","{1: 202, 2: 13, 0: 44}","{1: 215, 2: 14, 0: 30}",0.05143213971499263,0.012349613673013406,0.06506971411274927,0.06719676649279774,0.1002406325330649,0.15634981902020886,0.1600962987938737,0.10484166304849495,0.21377669389602447,0.010893169720390353,0.2969397553268632,0.04892969972495505
8340,2,max_steps,3,4,0,2064.482185229008,3500,778.25,773.0,0.05,0.1,10.749444007873535,69.37459564208984,-483.3408508300781,598.734619140625,2000.0,250.97785192218822,2549,-174.8000000000055,-11.69566669318553,0.0,0.5898520529225737,"{4: 229, 3: 4, 5: 15, 2: 37, 1: 29, 6: 36}","{4: 48, 3: 212, 2: 32, 1: 4, 6: 10, 5: 5, 0: 39}","{1: 205, 2: 79, 0: 66}","{1: 218, 2: 68, 0: 64}","{1: 259, 2: 45, 0: 46}","{1: 298, 0: 32, 2: 20}",0.044189584767585596,0.025021222290380004,0.057796708466385766,0.05492959534790162,0.109972850006033,0.11145905552243811,0.16040621299376095,0.11572251564624082,0.15287784741473834,0.02880560293534288,0.20891624960625338,0.09257289205225092
8350,2,max_steps,3,4,0,2091.0161906053227,3500,780.25,762.0,0.05,0.1,10.775816917419434,69.42923736572266,-483.3408508300781,598.734619140625,2000.0,389.6614470041882,2713,-174.8000000000055,-123.84525639884546,0.0,0.5974331973158065,"{3: 64, 2: 23, 0: 60, 1: 57, 6: 125, 5: 9, 4: 12}","{1: 8, 2: 27, 6: 95, 5: 26, 4: 23, 0: 36, 3: 135}","{1: 159, 2: 117, 0: 74}","{1: 165, 0: 62, 2: 123}","{1: 204, 2: 85, 0: 61}","{1: 218, 0: 81, 2: 51}",0.05806805272137771,0.03190799303005906,0.08498402146865847,0.08793141392501336,0.15944465949649003,0.15929952204214692,0.18933784027371375,0.17059821304446074,0.2550447885865192,0.20960539441886783,0.290748117035321,0.20589980767811683
8360,2,success,3,5,0,2729.8475582285973,2465,493.0,456.0,0.05,0.1,10.794201850891113,69.48173522949219,-483.3408508300781,598.734619140625,2500.0,352.8475582286098,1815,-122.99999999999515,0.0,0.0,1.107443228490303,"{2: 75, 3: 9, 6: 37, 5: 20, 4: 23, 0: 71, 1: 11}","{2: 71, 3: 121, 6: 9, 5: 6, 4: 8, 1: 20, 0: 11}","{1: 91, 0: 77, 2: 78}","{1: 149, 0: 70, 2: 27}","{1: 116, 0: 70, 2: 60}","{1: 151, 0: 53, 2: 42}",0.07974598736698466,0.02464820791288353,0.11001963927346531,0.09398611180846952,0.23719051480077907,0.13760585344471543,0.2819281868386856,0.25973489856264187,0.22771806612650872,0.0467811543853678,0.1231499220288047,0.3579620149403551
8370,2,max_steps,3,4,0,2306.7025227718173,3500,857.5,840.5,0.05,0.1,10.811400413513184,69.47563934326172,-483.3408508300781,598.734619140625,2000.0,481.5025227718291,2960,-174.8000000000055,0.0,0.0,0.6590578636490907,"{6: 106, 5: 38, 4: 56, 3: 6, 0: 81, 1: 14, 2: 49}","{5: 14, 4: 28, 3: 191, 2: 93, 0: 15, 1: 9}","{1: 87, 2: 143, 0: 120}","{1: 239, 2: 46, 0: 65}","{1: 171, 2: 76, 0: 103}","{1: 228, 2: 61, 0: 61}",0.08994221569342367,0.022596819699165948,0.10463034001391314,0.09069629747884465,0.1917404147616864,0.07536302306709354,0.24527819854296262,0.21834253977330662,0.18074382761754124,0.022904481987310363,0.23483590239940158,0.2127425806368044
8380,2,success,3,5,0,2628.4577369202734,2603,520.6,496.0,0.05,0.1,10.828909873962402,69.52166748046875,-483.3408508300781,590.427978515625,2500.0,334.3901053489514,2118,-129.8999999999953,-76.03236842867368,0.0,1.0097801524856986,"{5: 30, 4: 91, 3: 15, 2: 82, 0: 37, 1: 5}","{0: 15, 1: 20, 2: 32, 3: 137, 6: 27, 5: 14, 4: 15}","{1: 94, 2: 98, 0: 68}","{1: 113, 0: 74, 2: 73}","{1: 133, 2: 72, 0: 55}","{1: 178, 2: 36, 0: 46}",0.07953409681842066,0.04243455004602985,0.09703885100315919,0.08967345342872877,0.19619263771610979,0.19234440001415534,0.23821082801449556,0.22357239766663903,0.17103039820574936,0.028394839898752473,0.2276112273085707,0.0986535781085908
8390,2,crash,3,3,1,539.5137173406117,2483,775.3333333333334,728.0,0.05,0.1,10.835006713867188,69.57530212402344,-483.3408508300781,590.427978515625,1500.0,238.18100722578137,1958,-123.9999999999951,-74.66728988516816,-1000.0,0.21728301141385892,"{5: 26, 4: 29, 3: 13, 1: 64, 0: 36, 2: 80}","{3: 173, 4: 38, 2: 21, 0: 16}","{1: 71, 2: 67, 0: 110}","{1: 178, 0: 26, 2: 44}","{1: 122, 2: 38, 0: 88}","{1: 129, 2: 61, 0: 58}",0.07693194537892825,0.02484548150180335,0.10061812780091861,0.09943253000655855,0.16976995188123448,0.06362185276395949,0.21250188082608323,0.21968439457828487,0.13218071818391652,0.02693154221290768,0.21623630211298023,0.25401282374942585
8400,2,success,3,5,0,2846.5585878538113,3153,630.6,599.0,0.05,0.1,10.852863311767578,69.59967041015625,-483.3408508300781,590.427978515625,2500.0,512.1979625489635,2591,-157.40000000000154,-8.23937469514202,0.0,0.9028095743272475,"{5: 30, 4: 30, 3: 3, 0: 53, 1: 75, 2: 70, 6: 54}","{4: 35, 3: 190, 0: 33, 1: 5, 2: 19, 6: 23, 5: 10}","{1: 75, 2: 109, 0: 131}","{1: 173, 2: 82, 0: 60}","{1: 134, 2: 83, 0: 98}","{1: 221, 2: 45, 0: 49}",0.10328629200297498,0.0273919409701921,0.11028192579785615,0.07085709054879494,0.24651893672603534,0.171449799552059,0.28240870405179425,0.16245115923254894,0.13011479182003116,0.03478739253578909,0.1622905587249969,0.10871501299074258
8410,2,max_steps,3,3,0,1679.0542114887055,3500,895.6666666666666,847.0,0.05,0.1,10.874037742614746,69.6511001586914,-483.3408508300781,590.427978515625,1500.0,353.90421148871405,2729,-174.8500000000055,0.0,0.0,0.4797297747110587,"{0: 57, 1: 33, 2: 57, 6: 140, 5: 20, 4: 29, 3: 14}","{0: 21, 1: 15, 2: 34, 3: 209, 6: 54, 5: 8, 4: 9}","{1: 121, 0: 141, 2: 88}","{1: 226, 0: 67, 2: 57}","{1: 190, 0: 90, 2: 70}","{1: 241, 2: 61, 0: 48}",0.07605818262948019,0.02035714212107688,0.08496937712823681,0.07848393654023958,0.20335631738541646,0.14908111950720548,0.23599873414038786,0.19904490416932058,0.20920934342058947,0.03193859517458275,0.18941652603825304,0.058858813858699066
8420,2,max_steps,3,3,0,1446.05398185509,3500,486.3333333333333,434.0,0.05,0.1,10.891140937805176,69.6927490234375,-483.3408508300781,590.427978515625,1500.0,362.74582526634924,2476,-174.8500000000055,-241.84184341124657,0.0,0.4131582805300257,"{4: 39, 1: 106, 0: 136, 2: 6, 6: 54, 5: 9}","{3: 237, 4: 19, 0: 15, 1: 9, 2: 25, 6: 39, 5: 6}","{1: 140, 2: 112, 0: 98}","{1: 222, 2: 77, 0: 51}","{1: 176, 2: 102, 0: 72}","{1: 244, 2: 48, 0: 58}",0.07223025187867328,0.015427534567655367,0.09965691169139873,0.07914415702718303,0.18456330545876967,0.1320352069435095,0.2617973729835282,0.21862318263923702,0.20946767633711955,0.01930417590418313,0.2339779693265015,0.09700931365664187
8430,2,success,3,5,0,2777.286817735552,2900,580.0,594.0,0.05,0.1,10.906720161437988,69.74174499511719,-483.3408508300781,590.427978515625,2500.0,481.9392747369619,2205,-144.74999999999866,-59.902457001397664,0.0,0.9576851095639836,"{1: 58, 2: 39, 3: 2, 6: 50, 5: 39, 4: 26, 0: 76}","{1: 10, 2: 9, 3: 204, 4: 47, 5: 20}","{1: 66, 0: 128, 2: 96}","{1: 197, 0: 29, 2: 64}","{1: 95, 0: 106, 2: 89}","{1: 199, 0: 46, 2: 45}",0.12551878891775092,0.01935477832218635,0.16120627077804783,0.0815264986950077,0.2715713684251652,0.11967105351160265,0.31489946055399676,0.2760520886546288,0.2588368489905556,0.025109957248081724,0.20362167813342158,0.09955333370202779
8440,2,success,3,5,0,2691.5617474113938,2874,574.8,539.0,0.05,0.1,10.919037818908691,69.75801849365234,-483.3408508300781,590.427978515625,2500.0,335.0117474113962,2610,-143.44999999999837,0.0,0.0,0.9365211368863583,"{1: 75, 2: 65, 6: 49, 5: 14, 4: 52, 3: 17, 0: 15}","{2: 36, 3: 166, 4: 24, 6: 27, 5: 14, 0: 15, 1: 5}","{1: 101, 0: 102, 2: 84}","{1: 158, 0: 64, 2: 65}","{1: 178, 0: 65, 2: 44}","{1: 237, 0: 23, 2: 27}",0.06754606334384969,0.025243688742430662,0.08143489238196505,0.07291411824910254,0.13402444691475882,0.18642324327515256,0.17164216396786258,0.1047930126786139,0.13759389040631287,0.18232546559327076,0.12685762760842967,0.09938531616428925
8450,2,crash,3,1,1,-488.1054065376121,736,624.0,624.0,0.05,0.1,10.925707817077637,69.786376953125,-483.3408508300781,585.3592529296875,500.0,85.81446042584713,623,-36.75000000000005,-37.169866963459555,-1000.0,-0.6631866936652339,"{6: 45, 5: 7, 4: 9, 3: 1, 2: 9, 1: 2}","{2: 17, 3: 45, 5: 8, 4: 3}","{1: 30, 2: 43}","{1: 45, 0: 19, 2: 9}","{1: 33, 2: 40}","{1: 51, 2: 7, 0: 15}",0.10662690459096298,0.011594602079420204,0.12390629021041939,0.08195167127232184,0.22211646191548817,0.08730930547730933,0.25651620365456473,0.19340647793579796,0.21745988922464832,0.005571312145813853,0.17128864005183342,0.07806833412782332
8460,2,success,3,5,0,2608.252541640618,2622,524.4,443.0,0.05,0.1,10.937376022338867,69.84638214111328,-483.3408508300781,574.565673828125,2500.0,239.10254164062425,2141,-130.8499999999955,0.0,0.0,0.9947568808698009,"{2: 55, 3: 33, 1: 31, 5: 34, 6: 13, 4: 96}","{4: 20, 3: 110, 2: 85, 0: 9, 1: 38}","{1: 111, 0: 70, 2: 81}","{1: 137, 2: 25, 0: 100}","{1: 141, 0: 53, 2: 68}","{1: 181, 0: 45, 2: 36}",0.06388284224568119,0.029528457772930783,0.0882197458236878,0.08658527432302451,0.17162919279694078,0.07459530113311487,0.22648929236747725,0.2158546346172041,0.1688351028349928,0.06255417732061894,0.18499642909181485,0.10501124390820248
8470,2,max_steps,3,4,0,2074.7773554135224,3500,694.5,686.5,0.05,0.1,10.947638511657715,69.88139343261719,-483.3408508300781,560.6804809570312,2000.0,385.46369160287685,2728,-174.8000000000055,-135.88633618934333,0.0,0.5927935301181493,"{1: 66, 2: 90, 4: 48, 5: 33, 3: 11, 0: 8, 6: 94}","{6: 2, 5: 21, 4: 48, 3: 224, 0: 22, 1: 5, 2: 28}","{1: 169, 0: 70, 2: 111}","{1: 212, 2: 77, 0: 61}","{1: 193, 0: 58, 2: 99}","{1: 216, 0: 69, 2: 65}",0.056028954671639444,0.0264503540907777,0.08385868882789665,0.08276404066687088,0.23245221349022196,0.11305351344293625,0.28160550612786645,0.23231570807523017,0.19878435212346282,0.1001006194574371,0.1612714737752852,0.18886274605973685
8480,2,success,3,5,0,2586.9416212216743,3009,601.8,509.0,0.05,0.1,10.956368446350098,69.9300765991211,-483.3408508300781,558.5277099609375,2500.0,398.0893632939981,2519,-150.1999999999999,-160.9477420723194,0.0,0.859734669731364,"{0: 73, 1: 36, 2: 21, 4: 60, 5: 48, 6: 46, 3: 16}","{2: 80, 3: 145, 6: 24, 5: 20, 4: 11, 1: 20}","{1: 76, 0: 119, 2: 105}","{1: 164, 0: 90, 2: 46}","{1: 129, 0: 88, 2: 83}","{1: 209, 0: 46, 2: 45}",0.11685381331502682,0.02419173889402429,0.11673595182700638,0.08787543993686497,0.1860710093147336,0.11054497997357438,0.23774394789530578,0.16398443874859492,0.2015147548666574,0.02726806400216649,0.2407189142155903,0.09887419107864452
8490,2,success,3,5,0,2638.2528450397467,2084,416.8,374.0,0.05,0.1,10.978403091430664,69.9892349243164,-483.3408508300781,582.426513671875,2500.0,242.20284503975628,1588,-103.94999999999624,0.0,0.0,1.2659562596160012,"{3: 34, 4: 84, 2: 40, 5: 24, 1: 15, 0: 11}","{1: 5, 2: 51, 3: 106, 6: 24, 5: 11, 4: 11}","{1: 83, 2: 66, 0: 59}","{1: 101, 0: 53, 2: 54}","{1: 94, 2: 58, 0: 56}","{1: 135, 2: 40, 0: 33}",0.09222778283263339,0.030807971024138202,0.1313448109575453,0.07812723531372438,0.2627380173975546,0.13755526418263642,0.3305120617641276,0.2966789747179701,0.279647190340761,0.0862346482968897,0.24994215365388864,0.11210961541362285
8500,2,crash,3,3,1,507.9373373204144,2080,625.6666666666666,451.0,0.05,0.1,10.994321823120117,70.04318237304688,-483.3408508300781,580.5439453125,1500.0,172.94111129312725,1931,-103.84999999999624,-61.15377397271164,-1000.0,0.2442006429425069,"{4: 41, 3: 21, 2: 54, 0: 65, 1: 27}","{4: 21, 3: 68, 1: 35, 2: 53, 0: 15, 6: 8, 5: 8}","{1: 81, 2: 23, 0: 104}","{1: 122, 2: 34, 0: 52}","{1: 140, 2: 16, 0: 52}","{1: 154, 2: 25, 0: 29}",0.06966325133269399,0.02695972642108448,0.07265856966945594,0.06980073369873879,0.1160038898933138,0.09478900417289188,0.1428793971977826,0.13929281962654047,0.11486517778868999,0.02837886956851903,0.16014317045465926,0.077863400561597
8510,2,max_steps,3,3,0,1572.597463581728,3500,951.0,699.0,0.05,0.1,11.012886047363281,70.05740356445312,-483.3408508300781,585.993408203125,1500.0,359.9817050053596,3085,-174.8500000000055,-112.5342414236314,0.0,0.4493135610233509,"{1: 39, 2: 47, 3: 5, 6: 123, 5: 54, 4: 48, 0: 34}","{5: 3, 4: 32, 3: 216, 2: 79, 0: 10, 1: 10}","{1: 121, 0: 109, 2: 120}","{1: 243, 2: 49, 0: 58}","{1: 222, 0: 48, 2: 80}","{1: 232, 0: 47, 2: 71}",0.07053344082866173,0.02070756204697005,0.07878579461612144,0.09219937354548474,0.15539676035315833,0.0928226330540636,0.18789003573589924,0.16838188557799308,0.20397690671882335,0.019689904179546296,0.21853349949768455,0.1165359378563169
8520,2,max_steps,3,4,0,2099.989778000569,3500,300.25,268.0,0.05,0.1,11.010913848876953,70.08407592773438,-483.3408508300781,591.4121704101562,2000.0,342.7491600103502,2641,-174.8000000000055,-67.95938200977025,0.0,0.599997079428734,"{2: 21, 3: 13, 4: 40, 5: 37, 6: 9, 0: 230}","{3: 256, 6: 9, 5: 18, 4: 12, 0: 24, 1: 13, 2: 18}","{1: 166, 0: 115, 2: 69}","{1: 250, 2: 40, 0: 60}","{1: 221, 0: 65, 2: 64}","{1: 279, 0: 41, 2: 30}",0.05520095231583523,0.01784602118363287,0.07004950588042601,0.06924923156763935,0.21041345514841403,0.14426385916268203,0.23546040527200296,0.1239678167559728,0.22200797259947222,0.15225118296412152,0.2559604742834061,0.13479067375205328
8530,2,crash,3,2,1,-1.5620480421692946,1885,814.5,814.5,0.05,0.1,11.014788627624512,70.14078521728516,-483.3408508300781,573.226806640625,1000.0,169.43984109768164,1412,-94.1499999999968,-76.85188913984665,-1000.0,-0.0008286727014160714,"{4: 42, 3: 2, 0: 76, 1: 9, 2: 33, 6: 26}","{5: 19, 4: 32, 3: 108, 2: 25, 1: 4}","{1: 65, 2: 34, 0: 89}","{1: 102, 2: 47, 0: 39}","{1: 104, 2: 26, 0: 58}","{1: 119, 2: 29, 0: 40}",0.07675816500158467,0.028083491355991315,0.08298506103630965,0.08915648618648646,0.16118370608722216,0.139598452340177,0.2086583855266988,0.17450689639541306,0.12506743772516707,0.007697224143898713,0.21325902267090777,0.0883656344822269
8540,2,success,3,5,0,2755.9910735922576,2454,490.8,497.0,0.05,0.1,11.034377098083496,70.20149230957031,-483.3408508300781,575.8932495117188,2500.0,396.8103045997514,2320,-122.44999999999519,-18.369231007490008,0.0,1.123060747185109,"{0: 48, 1: 26, 2: 42, 3: 26, 5: 31, 4: 43, 6: 29}","{2: 18, 3: 161, 5: 13, 4: 24, 0: 24, 1: 5}","{1: 66, 0: 94, 2: 85}","{1: 138, 0: 68, 2: 39}","{1: 122, 0: 58, 2: 65}","{1: 162, 0: 42, 2: 41}",0.08188692941850345,0.025909744482876036,0.10084953179478673,0.08952741421372594,0.22890798862731207,0.18346355800535075,0.29359272191976193,0.18466839736935997,0.15283037620500514,0.09486456307077326,0.1569450216918502,0.18102763745016417
8550,2,success,3,5,0,2720.2076856547496,3274,654.8,804.0,0.05,0.1,11.045245170593262,70.23455810546875,-483.3408508300781,576.148681640625,2500.0,483.0828387195256,2685,-163.45000000000292,-99.42515306476308,0.0,0.8308514617149511,"{2: 94, 3: 4, 1: 18, 6: 130, 5: 18, 4: 20, 0: 43}","{4: 28, 3: 258, 2: 13, 0: 21, 1: 7}","{1: 81, 0: 118, 2: 128}","{1: 242, 2: 37, 0: 48}","{1: 121, 0: 88, 2: 118}","{1: 158, 0: 76, 2: 93}",0.11940119859962832,0.021294903933142324,0.13370120372832803,0.10078775239488644,0.23846075983001822,0.10424569415339001,0.2718712793773456,0.24349448162773132,0.21646522568425317,0.013378353977810765,0.27346779897411044,0.11720798637292953
8560,2,success,3,5,0,2710.101539179103,2750,550.0,449.0,0.05,0.1,11.07184886932373,70.29402160644531,-483.3408508300781,587.7476806640625,2500.0,347.3515391791124,2418,-137.24999999999696,0.0,0.0,0.985491468792401,"{0: 25, 1: 27, 2: 58, 3: 16, 4: 118, 5: 23, 6: 8}","{1: 14, 2: 35, 3: 122, 6: 22, 5: 5, 4: 31, 0: 46}","{1: 129, 0: 60, 2: 86}","{1: 119, 0: 86, 2: 70}","{1: 178, 0: 43, 2: 54}","{1: 214, 0: 34, 2: 27}",0.052960002240333794,0.034657241186737936,0.07392520947042001,0.07385381394869246,0.16446719043412053,0.188262217457298,0.18664009493025593,0.1320860743768691,0.18810555170267945,0.17823441658609565,0.2266730447954445,0.1282473332715522
8570,2,success,3,5,0,2678.6701758577146,3388,677.6,721.0,0.05,0.1,11.087737083435059,70.27349853515625,-483.3408508300781,575.919677734375,2500.0,347.82017585772206,2774,-169.1500000000042,0.0,0.0,0.7906346445861023,"{2: 72, 3: 6, 5: 66, 6: 81, 4: 26, 1: 70, 0: 17}","{3: 219, 1: 22, 2: 62, 6: 18, 5: 6, 4: 11}","{1: 124, 0: 92, 2: 122}","{1: 234, 0: 67, 2: 37}","{1: 182, 0: 64, 2: 92}","{1: 201, 0: 70, 2: 67}",0.07703994234136728,0.021143442289469287,0.09454534675947246,0.08922683696604311,0.1402718994924146,0.1052889340949843,0.1792473208586971,0.1871690480806756,0.15294493438048823,0.028249274148876853,0.15836923886131646,0.1275069717847599
8580,2,crash,3,1,1,-479.762265859634,775,677.0,677.0,0.05,0.1,11.097822189331055,70.30039978027344,-483.3408508300781,576.2340698242188,500.0,80.323042862367,536,-38.69999999999994,-21.38530872200136,-1000.0,-0.6190480849801729,"{0: 22, 1: 37, 2: 8, 3: 1, 4: 7, 5: 2}","{4: 8, 3: 59, 2: 10}","{1: 24, 0: 47, 2: 6}","{1: 65, 2: 6, 0: 6}","{1: 24, 0: 44, 2: 9}","{1: 23, 0: 25, 2: 29}",0.08429061045733417,0.01742005595998038,0.1365731573705798,0.1486231439718435,0.27508219391909244,0.03367572346160233,0.36418102243599365,0.3492175393962405,0.30119481749318777,0.016439088253187472,0.30222668077864207,0.14760528944194995
8590,2,crash,3,1,1,-518.7932349643653,727,395.0,395.0,0.05,0.1,11.101943969726562,70.27799224853516,-483.3408508300781,578.7428588867188,500.0,51.92385917653967,394,-36.300000000000075,-34.41709414090694,-1000.0,-0.7136083011889481,"{1: 24, 2: 13, 3: 2, 6: 33}","{2: 49, 4: 13, 3: 10}","{1: 14, 0: 58}","{1: 22, 0: 29, 2: 21}","{1: 25, 0: 47}","{1: 57, 2: 12, 0: 3}",0.11550507201439707,0.03208295991340304,0.12962411091051412,0.08924735823008137,0.15290339471798753,0.12717020010080307,0.19709345265969486,0.13590753508203487,0.15494836341284715,0.0407566857179104,0.1346327915498768,0.12746122877408134
8600,2,crash,3,1,1,-512.9880130579907,904,757.0,757.0,0.05,0.1,11.114407539367676,70.27637481689453,-483.3408508300781,589.4774169921875,500.0,87.09132999307742,756,-45.14999999999957,-54.929343051068464,-1000.0,-0.5674646162145914,"{0: 34, 1: 10, 2: 30, 3: 1, 5: 10, 6: 5}","{1: 2, 2: 24, 3: 49, 6: 15}","{1: 29, 0: 61}","{1: 58, 0: 22, 2: 10}","{1: 45, 0: 45}","{1: 40, 0: 24, 2: 26}",0.09017752829110776,0.013631115709841357,0.10319730397650295,0.10626473018437607,0.15306722909838932,0.08589611100660349,0.19674489771252363,0.25516462047689464,0.15378492976730748,0.01364704529795057,0.23039616834473087,0.16803451949647188
8610,2,max_steps,3,4,0,2147.1739164612936,3500,668.5,677.0,0.05,0.1,11.128092765808105,70.31771087646484,-483.3408508300781,582.8820190429688,2000.0,323.51885398201597,2899,-174.8000000000055,-1.544937520714904,0.0,0.6134782618460839,"{5: 62, 4: 77, 3: 4, 2: 63, 1: 57, 0: 41, 6: 46}","{5: 5, 4: 31, 3: 222, 0: 12, 1: 14, 2: 66}","{1: 95, 2: 156, 0: 99}","{1: 238, 2: 43, 0: 69}","{1: 201, 2: 83, 0: 66}","{1: 213, 2: 71, 0: 66}",0.07400473951744127,0.022576771554268602,0.08437669752287032,0.09264991139127472,0.11457551002862654,0.10078389017137207,0.16208295363079245,0.17025480667842025,0.13935631003305993,0.026190885597368374,0.17906275832169763,0.12531596511822354
8620,2,success,3,5,0,2716.483286156108,2615,523.0,450.0,0.05,0.1,11.146547317504883,70.34613800048828,-483.3408508300781,571.57763671875,2500.0,346.98328615610643,2346,-130.49999999999542,0.0,0.0,1.0388081400214562,"{4: 48, 3: 37, 1: 63, 2: 58, 6: 40, 5: 13, 0: 2}","{2: 48, 3: 92, 6: 27, 5: 15, 4: 17, 0: 52, 1: 10}","{1: 104, 2: 77, 0: 80}","{1: 110, 0: 83, 2: 68}","{1: 168, 0: 46, 2: 47}","{1: 183, 0: 35, 2: 43}",0.059134068969770366,0.039309979332680885,0.06996550111556624,0.08539719834740167,0.17601303203475627,0.18021180531675574,0.247924507690724,0.2152451030900702,0.10183654992071088,0.16980196987838928,0.10167885662959168,0.08015375098515921
8630,2,max_steps,3,3,0,1589.1539342290541,3500,874.6666666666666,818.0,0.05,0.1,11.152801513671875,70.34375762939453,-483.3408508300781,571.57763671875,1500.0,264.0039342290653,2729,-174.8500000000055,0.0,0.0,0.4540439812083012,"{2: 48, 5: 48, 6: 70, 4: 93, 3: 3, 0: 88}","{4: 39, 3: 179, 1: 39, 0: 20, 2: 36, 6: 17, 5: 20}","{1: 132, 0: 99, 2: 119}","{1: 178, 2: 82, 0: 90}","{1: 196, 0: 72, 2: 82}","{1: 237, 0: 54, 2: 59}",0.07551270946899197,0.029617258322940564,0.08851905880051768,0.08898466856389602,0.13855212663270366,0.13643199367356812,0.17870371462973264,0.18907632887054662,0.1492284974098885,0.026070406113826487,0.23712398068389812,0.12855903092311302
8640,2,success,3,5,0,2616.560139395281,2776,555.2,665.0,0.05,0.1,11.157140731811523,70.39794158935547,-483.3408508300781,567.5045776367188,2500.0,266.9855916676613,2124,-138.54999999999725,-11.875452272367689,0.0,0.9425648917129975,"{1: 76, 2: 71, 3: 10, 4: 38, 5: 41, 0: 41}","{4: 42, 3: 166, 2: 20, 0: 11, 1: 7, 6: 15, 5: 16}","{1: 91, 0: 107, 2: 79}","{1: 174, 2: 70, 0: 33}","{1: 135, 0: 82, 2: 60}","{1: 173, 0: 55, 2: 49}",0.0772513611122082,0.025719501724734906,0.10220801540959051,0.09477022661961136,0.21037026847900828,0.09994465643306674,0.2306128744109938,0.16294524050083325,0.23317848955071896,0.027251576953883947,0.28043048901838796,0.09430817704700577
8650,2,crash,3,3,1,577.1876751820054,1490,461.3333333333333,536.0,0.05,0.1,11.156790733337402,70.4793701171875,-483.3408508300781,567.5045776367188,1500.0,177.02388095687112,1193,-74.34999999999792,-25.486205774864164,-1000.0,0.38737427864564117,"{4: 79, 5: 20, 3: 39, 0: 11}","{6: 4, 5: 8, 4: 18, 3: 64, 2: 10, 0: 38, 1: 7}","{1: 53, 2: 68, 0: 28}","{1: 46, 2: 39, 0: 64}","{1: 62, 2: 63, 0: 24}","{1: 95, 2: 26, 0: 28}",0.09430220613243,0.08771961277467771,0.1349168774674087,0.09004027986966151,0.22138682531177667,0.17507945651213086,0.26439966308106067,0.2789940725824991,0.24438790538880253,0.1303418903666323,0.2861206671275674,0.0931672533000078
8660,2,crash,3,2,1,50.81028737622955,1541,489.0,489.0,0.05,0.1,11.16317081451416,70.48340606689453,-483.3408508300781,575.4400634765625,1000.0,165.2063109418383,1237,-76.94999999999777,-37.44602356560367,-1000.0,0.03297228252837739,"{4: 39, 3: 21, 1: 17, 0: 20, 2: 54, 5: 3}","{3: 62, 2: 42, 6: 10, 5: 8, 4: 10, 0: 15, 1: 7}","{1: 37, 2: 24, 0: 93}","{1: 80, 2: 39, 0: 35}","{1: 77, 2: 16, 0: 61}","{1: 111, 2: 24, 0: 19}",0.08094994735491301,0.029310206135068257,0.09999647240947768,0.07532940742069202,0.13953924016439143,0.155874669193178,0.16868302143451575,0.1319978053626864,0.13941193354700268,0.029797826280102,0.18384804652863002,0.137305318728606
8670,2,max_steps,3,4,0,2155.4623652743794,3500,842.5,576.5,0.05,0.1,11.174080848693848,70.4972915649414,-483.3408508300781,575.4884033203125,2000.0,332.9422416441064,2508,-174.8000000000055,-2.6798763697161196,0.0,0.6158463900783941,"{2: 60, 6: 105, 5: 85, 4: 61, 3: 10, 0: 18, 1: 11}","{0: 8, 1: 18, 2: 26, 3: 245, 5: 18, 4: 35}","{1: 114, 0: 120, 2: 116}","{1: 240, 0: 47, 2: 63}","{1: 163, 0: 99, 2: 88}","{1: 175, 0: 82, 2: 93}",0.0905154693423394,0.020436222465675287,0.10933002676395917,0.09998993583886552,0.1774132193023937,0.13259618735889586,0.2063057092820367,0.23524052060969997,0.15001145169112634,0.016246743213596173,0.22063994040994486,0.1094320922744432
8680,2,max_steps,3,3,0,1606.6922263123672,3500,1045.6666666666667,961.0,0.05,0.1,11.181920051574707,70.48377227783203,-483.3408508300781,586.6917114257812,1500.0,286.33848703221827,2499,-174.8500000000055,-4.796260719840794,0.0,0.45905492180353347,"{3: 17, 2: 22, 6: 138, 5: 47, 4: 37, 0: 82, 1: 7}","{6: 6, 5: 7, 4: 9, 3: 259, 2: 52, 0: 9, 1: 8}","{1: 125, 0: 106, 2: 119}","{1: 248, 2: 40, 0: 62}","{1: 195, 0: 76, 2: 79}","{1: 229, 0: 58, 2: 63}",0.07156930167795841,0.02428045687882894,0.08816300112914247,0.09151409971105295,0.1527641242028069,0.09992442530567112,0.21260631489855847,0.21041934217672506,0.1830247604511221,0.1704543810920395,0.21893661889790172,0.10226144874361134
8690,2,success,3,5,0,2642.7471814625687,2531,506.2,490.0,0.05,0.1,11.187150955200195,70.53905487060547,-483.3408508300781,586.6917114257812,2500.0,269.0471814625763,1876,-126.29999999999497,0.0,0.0,1.044151395283512,"{4: 109, 3: 17, 5: 59, 1: 33, 0: 17, 2: 18}","{1: 22, 2: 71, 6: 13, 5: 6, 4: 8, 3: 111, 0: 22}","{1: 89, 2: 77, 0: 87}","{1: 139, 0: 80, 2: 34}","{1: 127, 2: 63, 0: 63}","{1: 170, 2: 40, 0: 43}",0.0747239942350527,0.028230654634530502,0.09782424625358813,0.08967371505208724,0.21610888397181247,0.12847105247617552,0.2795852948079084,0.1628609051169193,0.22219705563083195,0.06073024679092213,0.3045642614484665,0.10593385142434711
8700,2,crash,3,1,1,-484.34816239960037,762,648.0,648.0,0.05,0.1,11.174049377441406,70.6317367553711,-483.3408508300781,586.6917114257812,500.0,79.40178259214332,708,-38.049999999999976,-25.6999449917435,-1000.0,-0.6356275097107617,"{6: 35, 5: 18, 4: 12, 3: 9, 2: 2}","{4: 8, 3: 60, 2: 2, 5: 6}","{1: 29, 2: 47}","{1: 59, 2: 15, 0: 2}","{1: 40, 2: 36}","{1: 56, 2: 6, 0: 14}",0.0639622491177328,0.024012802307825716,0.09371522998420423,0.08810300343938507,0.2249874978722359,0.034291878276605424,0.2623321505423647,0.19023128564334812,0.2195953355866775,0.02065399030680711,0.27680774607960423,0.03257926505684352
8710,2,crash,3,1,1,-477.6144196494714,785,700.0,700.0,0.05,0.1,11.172503471374512,70.71510314941406,-501.0,586.6917114257812,500.0,80.32284697408976,699,-39.19999999999991,-18.737266623561574,-1000.0,-0.6084260122923203,"{0: 45, 1: 14, 2: 10, 6: 9}","{2: 30, 3: 39, 6: 9}","{1: 34, 0: 44}","{1: 51, 0: 24, 2: 3}","{1: 41, 0: 37}","{1: 65, 0: 7, 2: 6}",0.051988707582501514,0.025172683011391136,0.084565099390364,0.06555483675631221,0.238455687210189,0.04466547424448353,0.28426701960972445,0.10239723205856369,0.22872840159151853,0.005862390998488192,0.30607527578402455,0.08629317643246955
8720,2,crash,3,3,1,633.4381021074769,2366,760.0,644.0,0.05,0.1,11.176311492919922,70.78340148925781,-501.0,585.3234252929688,1500.0,269.15615699354413,1971,-118.14999999999543,-17.56805488605725,-1000.0,0.2677253178814357,"{1: 25, 2: 23, 3: 4, 6: 49, 5: 12, 4: 11, 0: 112}","{2: 74, 3: 120, 4: 13, 0: 12, 1: 8, 6: 9}","{1: 91, 0: 84, 2: 61}","{1: 161, 0: 54, 2: 21}","{1: 133, 0: 64, 2: 39}","{1: 161, 0: 49, 2: 26}",0.07181614210515924,0.022080164208357546,0.08813627159620568,0.0881586506140955,0.20530946591930166,0.08403362019686017,0.25874365029296786,0.15904688454759003,0.19118677459539285,0.02283978363207843,0.13580113327290666,0.1967406474084494
8730,2,success,3,5,0,2364.237393965456,3371,674.2,731.0,0.05,0.1,11.189952850341797,70.82561492919922,-501.0,589.0664672851562,2500.0,387.6078292391789,3064,-168.30000000000402,-355.07043527372235,0.0,0.7013460082958931,"{6: 70, 5: 20, 4: 53, 3: 39, 0: 34, 1: 22, 2: 99}","{2: 115, 3: 145, 1: 24, 6: 33, 5: 8, 4: 12}","{1: 150, 2: 90, 0: 97}","{1: 188, 0: 100, 2: 49}","{1: 181, 2: 76, 0: 80}","{1: 240, 2: 51, 0: 46}",0.062488122868866944,0.02642909246699766,0.08555184911719865,0.08554792140067369,0.19207494208561326,0.10695800358339197,0.24285256038051606,0.21102073127948276,0.15936749461699815,0.03961269737185655,0.22497582674118027,0.12187157608801065
8740,2,success,3,5,0,2699.9853362474437,3234,646.8,785.0,0.05,0.1,11.210856437683105,70.85810852050781,-501.0,581.7858276367188,2500.0,361.435336247449,2893,-161.45000000000246,0.0,0.0,0.8348748720616709,"{5: 70, 4: 139, 3: 4, 0: 80, 1: 16, 2: 14}","{5: 11, 4: 29, 3: 169, 0: 9, 1: 12, 2: 75, 6: 18}","{1: 118, 2: 108, 0: 97}","{1: 184, 2: 66, 0: 73}","{1: 168, 2: 81, 0: 74}","{1: 208, 2: 52, 0: 63}",0.07350795304650191,0.027927002841457195,0.09697474046599378,0.08668010561266351,0.1485371981858211,0.12876518190905886,0.16969242018598452,0.14086684900284754,0.15915060483668642,0.029163637153787326,0.17111543441460944,0.17153632256813653
8750,2,max_steps,3,3,0,1695.4456324932257,3500,724.0,715.0,0.05,0.1,11.22829532623291,70.84915161132812,-501.0,581.7858276367188,1500.0,370.2956324932385,2788,-174.8500000000055,0.0,0.0,0.48441303785520734,"{0: 48, 1: 35, 2: 48, 3: 3, 6: 95, 5: 48, 4: 73}","{5: 42, 4: 38, 3: 234, 0: 18, 1: 6, 2: 12}","{1: 109, 0: 128, 2: 113}","{1: 233, 2: 80, 0: 37}","{1: 179, 0: 83, 2: 88}","{1: 194, 0: 86, 2: 70}",0.0859640069999057,0.018405938874356605,0.097307030989046,0.09751227966121885,0.14249406214438243,0.13948093159324454,0.19665693368363882,0.24187850233898017,0.14686459870082377,0.009035970632674186,0.15347231155509247,0.22026285298348186
8760,2,max_steps,3,3,0,1756.4185582786267,3500,973.3333333333334,1149.0,0.05,0.1,11.242753982543945,70.86797332763672,-501.0,576.3711547851562,1500.0,431.26855827862755,2898,-174.8500000000055,0.0,0.0,0.5018338737938933,"{3: 32, 2: 39, 6: 65, 5: 17, 4: 79, 0: 92, 1: 26}","{6: 23, 5: 12, 4: 18, 3: 156, 0: 57, 1: 9, 2: 75}","{1: 128, 0: 137, 2: 85}","{1: 179, 2: 74, 0: 97}","{1: 189, 0: 90, 2: 71}","{1: 231, 0: 71, 2: 48}",0.07085599424926198,0.02952410305051574,0.0920798189677527,0.07827441475926067,0.14728900750854607,0.18411188591999264,0.22750857004571273,0.22254123627468508,0.09497748634164903,0.11568170792256037,0.1733298603501217,0.13951352567386718
8770,2,crash,3,4,1,1057.0464935498624,2412,561.0,595.0,0.05,0.1,11.259380340576172,70.9134292602539,-501.0,581.828125,2000.0,259.35427427214165,1976,-120.3999999999953,-81.90778072227835,-1000.0,0.4382448149045864,"{4: 66, 3: 35, 1: 31, 0: 33, 2: 59, 6: 17}","{0: 43, 1: 15, 2: 36, 3: 72, 6: 50, 5: 11, 4: 14}","{1: 137, 2: 23, 0: 81}","{1: 89, 0: 68, 2: 84}","{1: 184, 0: 57}","{1: 195, 0: 25, 2: 21}",0.040009966925044556,0.03572478048890447,0.04343783999520401,0.04876816071026287,0.14189784027914643,0.19048450571012235,0.1575831523077259,0.1084748300115269,0.06015896094918275,0.191034958023985,0.14251533589556392,0.1495017665598106
8780,2,max_steps,3,3,0,1583.0434759120235,3500,1066.6666666666667,952.0,0.05,0.1,11.273669242858887,70.91548919677734,-501.0,580.192138671875,1500.0,257.8934759120216,2613,-174.8500000000055,0.0,0.0,0.45229813597486385,"{1: 70, 2: 40, 3: 3, 4: 126, 5: 60, 0: 20, 6: 31}","{4: 10, 3: 244, 5: 9, 2: 51, 0: 31, 1: 5}","{1: 157, 0: 106, 2: 87}","{1: 277, 2: 28, 0: 45}","{1: 232, 0: 52, 2: 66}","{1: 232, 0: 55, 2: 63}",0.054339212407134775,0.018250237978240116,0.07529842652968857,0.08889941018183828,0.11560575125116393,0.14590184582817306,0.16325069115246205,0.15404125149516587,0.1585053552009271,0.019317630289583575,0.18386374501544753,0.16844349868180042
8790,2,crash,3,4,1,1190.6601949965384,3231,789.75,816.5,0.05,0.1,11.281196594238281,70.93486022949219,-501.0,580.192138671875,2000.0,372.68361739495367,2864,-161.35000000000244,-20.673422398408476,-1000.0,0.36851135716389305,"{1: 33, 2: 37, 3: 30, 6: 37, 5: 29, 4: 79, 0: 78}","{4: 42, 3: 201, 2: 14, 0: 52, 1: 6, 6: 8}","{1: 112, 0: 120, 2: 91}","{1: 183, 2: 65, 0: 75}","{1: 168, 0: 86, 2: 69}","{1: 199, 0: 64, 2: 60}",0.075883010264859,0.02770087449807375,0.0907830862253835,0.09269714118825212,0.16492891128312998,0.08595390652568008,0.2053077193059843,0.23007420731424877,0.14960008208325024,0.016541810008016713,0.20509948405469552,0.2402975208747955
8800,2,crash,3,2,1,81.12451497313157,1887,861.5,861.5,0.05,0.1,11.289050102233887,70.93517303466797,-501.0,580.192138671875,1000.0,225.27653903137534,1600,-94.24999999999679,-49.902024058242446,-1000.0,0.042991263896731094,"{0: 34, 1: 18, 2: 13, 3: 2, 6: 93, 5: 18, 4: 10}","{0: 6, 1: 7, 2: 18, 3: 147, 4: 10}","{1: 36, 0: 40, 2: 112}","{1: 147, 0: 28, 2: 13}","{1: 96, 0: 37, 2: 55}","{1: 137, 0: 20, 2: 31}",0.08196931657820711,0.013210810293072731,0.0953179364180565,0.06679329456873162,0.173385604397505,0.11840657236087306,0.21862769175756178,0.2131646570022304,0.22726024913352386,0.030296511958867102,0.2938975911540497,0.13808574283524996
8810,2,max_steps,3,4,0,1939.5914913323609,3500,816.25,773.0,0.05,0.1,11.30771255493164,71.01238250732422,-501.0,595.9580078125,2000.0,285.6464515044294,2701,-174.8000000000055,-171.25496017205919,0.0,0.5541689975235317,"{2: 59, 1: 98, 3: 15, 6: 51, 5: 29, 4: 61, 0: 37}","{1: 14, 2: 59, 3: 193, 4: 18, 6: 9, 5: 33, 0: 24}","{1: 187, 0: 80, 2: 83}","{1: 226, 0: 87, 2: 37}","{1: 224, 0: 63, 2: 63}","{1: 265, 0: 47, 2: 38}",0.04346610938133212,0.02060907838097597,0.06278502140989801,0.07934486591046282,0.15093500004966715,0.11414985563807717,0.19664662594331314,0.1623776521047,0.17741498556529153,0.10284810622237833,0.14973372196646656,0.10262899510844324
8820,2,crash,3,1,1,-495.73585805735786,680,543.0,543.0,0.05,0.1,11.310738563537598,71.0601806640625,-501.0,590.5302734375,500.0,72.40095147650415,542,-33.95000000000021,-34.18680953386241,-1000.0,-0.7290233206725851,"{0: 35, 1: 10, 2: 8, 3: 1, 6: 14}","{3: 54, 1: 12, 2: 2}","{1: 23, 0: 45}","{1: 57, 2: 1, 0: 10}","{1: 31, 0: 37}","{1: 47, 0: 4, 2: 17}",0.10864897206476032,0.019507282124217117,0.11690043298189055,0.08986568235457348,0.22899731528880723,0.03401444431669242,0.26366106780874915,0.14566804709985004,0.2404331598945617,0.007548029480098855,0.23256378816288312,0.11414858893026679
8830,2,success,3,5,0,2731.6553629023724,3113,622.6,598.0,0.05,0.1,11.32016658782959,71.12553405761719,-501.0,594.0310668945312,2500.0,387.38196916899307,3052,-155.40000000000109,-0.32660626662406184,0.0,0.8774993134925706,"{0: 107, 1: 37, 2: 30, 3: 23, 4: 75, 6: 13, 5: 26}","{6: 16, 5: 13, 4: 17, 3: 192, 0: 17, 1: 9, 2: 47}","{1: 97, 0: 144, 2: 70}","{1: 183, 2: 53, 0: 75}","{1: 165, 0: 94, 2: 52}","{1: 239, 0: 46, 2: 26}",0.08477436479511483,0.02625955573640489,0.09560353422023123,0.0802185223450817,0.1539612430838421,0.14684586661031346,0.19135312117190942,0.16665318456831385,0.19048292082104828,0.10757317485906663,0.23392969524985271,0.10057229182961373
8840,2,max_steps,3,4,0,2275.508427112739,3500,753.0,786.5,0.05,0.1,11.332061767578125,71.17608642578125,-501.0,595.6561889648438,2000.0,450.3084271127487,2819,-174.8000000000055,0.0,0.0,0.650145264889354,"{5: 44, 4: 76, 3: 5, 0: 53, 1: 31, 2: 61, 6: 80}","{0: 57, 1: 9, 2: 45, 3: 176, 6: 11, 5: 14, 4: 38}","{1: 118, 2: 127, 0: 105}","{1: 218, 0: 71, 2: 61}","{1: 186, 2: 93, 0: 71}","{1: 198, 2: 99, 0: 53}",0.07585782633983071,0.024291396164270784,0.09057692220370489,0.09639480199857241,0.24061272687365806,0.12688960550631143,0.27062569590112584,0.2369860614724982,0.25808839485785073,0.02294688052215445,0.28797903648967366,0.10752480270495436
8850,2,success,3,5,0,2736.313350955988,2604,520.8,488.0,0.05,0.1,11.33403491973877,71.2358627319336,-501.0,595.6561889648438,2500.0,366.2633509559912,2147,-129.9499999999953,0.0,0.0,1.0508115787081367,"{1: 41, 2: 52, 3: 2, 4: 72, 5: 23, 6: 15, 0: 55}","{4: 57, 3: 141, 1: 7, 2: 24, 6: 17, 5: 14}","{1: 80, 0: 102, 2: 78}","{1: 134, 2: 90, 0: 36}","{1: 125, 0: 73, 2: 62}","{1: 170, 0: 48, 2: 42}",0.09611566981967049,0.029448154689175075,0.10741298437565136,0.09173600011251386,0.2028803896834234,0.12785391377882338,0.24821226146744546,0.21614145175626065,0.20064919140123522,0.028350497690338268,0.26720928681811007,0.10011586272100788
8860,2,crash,3,2,1,74.38596991562383,1111,508.5,508.5,0.05,0.1,11.341205596923828,71.33048248291016,-501.0,595.6561889648438,1000.0,152.2084016128852,954,-55.44999999999899,-22.37243169726019,-1000.0,0.06695406833089454,"{2: 30, 3: 8, 6: 54, 5: 7, 4: 8, 1: 4}","{0: 12, 1: 9, 2: 12, 6: 11, 5: 6, 4: 8, 3: 53}","{1: 59, 0: 4, 2: 48}","{1: 52, 0: 31, 2: 28}","{1: 59, 2: 52}","{1: 96, 2: 7, 0: 8}",0.048596449252476075,0.04304696239264739,0.0683213232985263,0.035099301703136986,0.24945447529068235,0.16102111674969677,0.26637724865185264,0.10291189365406891,0.2555641406932942,0.09678259018875955,0.25587176055872346,0.04886854456673904
8870,2,max_steps,3,3,0,1507.1103926849855,3500,1162.0,393.0,0.05,0.1,11.349529266357422,71.3553466796875,-501.0,611.7250366210938,1500.0,181.9603926849761,2292,-174.8500000000055,0.0,0.0,0.4306029693385673,"{3: 44, 6: 164, 5: 8, 4: 99, 2: 35}","{5: 4, 4: 40, 0: 8, 1: 8, 2: 57, 3: 231, 6: 2}","{1: 249, 2: 70, 0: 31}","{1: 264, 2: 36, 0: 50}","{1: 291, 0: 21, 2: 38}","{1: 302, 0: 30, 2: 18}",0.030428060310992537,0.020113305397805283,0.04693056746145535,0.05530586339359575,0.10397836969394944,0.03939182107258316,0.12781655136115452,0.10275176051613587,0.06718314090347306,0.03439367932080924,0.103727350330072,0.10218132129537384
8880,2,success,3,5,0,2657.976593646525,2516,503.2,386.0,0.05,0.1,11.372758865356445,71.38007354736328,-501.0,619.92724609375,2500.0,283.52659364652504,2203,-125.54999999999501,0.0,0.0,1.0564294887307333,"{3: 19, 5: 23, 4: 73, 2: 99, 1: 37}","{5: 13, 4: 22, 0: 27, 1: 21, 2: 46, 3: 105, 6: 17}","{1: 120, 2: 42, 0: 89}","{1: 109, 2: 54, 0: 88}","{1: 171, 2: 25, 0: 55}","{1: 176, 2: 31, 0: 44}",0.052712153450210644,0.040483594275066294,0.06455679107785452,0.09113560594552128,0.10358800052105965,0.15434777373450453,0.14226508357020887,0.1396089986547509,0.11513988601188413,0.059419320464658254,0.1406199187578209,0.10231640347506372
8890,2,max_steps,3,4,0,2081.8895742625955,3500,742.0,701.0,0.05,0.1,11.39406967163086,71.34333038330078,-501.0,579.1968383789062,2000.0,256.68957426261,2724,-174.8000000000055,0.0,0.0,0.5948255926464558,"{2: 114, 3: 22, 1: 37, 6: 66, 5: 16, 4: 95}","{2: 56, 3: 259, 4: 28, 1: 7}","{1: 165, 0: 86, 2: 99}","{1: 271, 0: 46, 2: 33}","{1: 236, 0: 48, 2: 66}","{1: 240, 0: 69, 2: 41}",0.05325851277664051,0.021194499636440385,0.06560448383519019,0.09246214132714951,0.1347035124733882,0.03732357261624681,0.16231069987685984,0.11847279369221474,0.07101596068021242,0.026452135803696212,0.12935114953933854,0.10321867812970349
8900,2,max_steps,3,4,0,2126.777258966626,3500,823.0,830.0,0.05,0.1,11.41459846496582,71.34004974365234,-501.0,576.3406372070312,2000.0,301.57725896664,2942,-174.8000000000055,0.0,0.0,0.607650645419036,"{0: 46, 1: 24, 2: 21, 3: 48, 6: 20, 5: 34, 4: 157}","{3: 206, 0: 34, 1: 9, 2: 56, 6: 33, 5: 5, 4: 7}","{1: 138, 0: 95, 2: 117}","{1: 239, 0: 61, 2: 50}","{1: 228, 0: 47, 2: 75}","{1: 247, 0: 64, 2: 39}",0.06240648377575182,0.017910264867369664,0.07213858603435074,0.07306177860964369,0.10830464059924148,0.13892855420322578,0.14531454459203422,0.14736471878740548,0.09418791338988461,0.022674520732919142,0.11185897462198904,0.11732795939017884
8910,2,success,3,5,0,2643.4373366568198,2796,559.2,557.0,0.05,0.1,11.433290481567383,71.38990020751953,-501.0,576.3446655273438,2500.0,282.9873366568204,2427,-139.54999999999748,0.0,0.0,0.9454353850703934,"{4: 114, 3: 13, 2: 52, 1: 38, 0: 25, 6: 26, 5: 11}","{2: 73, 3: 140, 4: 52, 6: 8, 5: 6}","{1: 113, 2: 83, 0: 83}","{1: 189, 0: 35, 2: 55}","{1: 154, 2: 65, 0: 60}","{1: 207, 2: 31, 0: 41}",0.07120316929113996,0.022687149178462512,0.08421964700018947,0.08301258496050024,0.1791517593653435,0.08552897793493622,0.19404629612784946,0.11115952197758255,0.2027990740967725,0.016464209237131388,0.2201173253094329,0.10139998873571054
8920,2,success,3,5,0,2697.886503077342,3377,675.4,636.0,0.05,0.1,11.455055236816406,71.4522476196289,-501.0,583.5640869140625,2500.0,366.4865030773517,2727,-168.6000000000041,0.0,0.0,0.7989003562562457,"{6: 82, 5: 29, 4: 95, 3: 11, 0: 57, 1: 31, 2: 32}","{2: 78, 3: 192, 6: 12, 5: 27, 4: 28}","{1: 121, 2: 118, 0: 98}","{1: 221, 0: 54, 2: 62}","{1: 170, 2: 95, 0: 72}","{1: 258, 2: 45, 0: 34}",0.08518888581361678,0.020998652603976948,0.09570085947841837,0.08002170176638931,0.19814323596898029,0.08705365409677181,0.22090462767053282,0.13812276993263234,0.1856546499833529,0.019007520112604794,0.1756885098354126,0.09428432702888365
8930,2,crash,3,4,1,966.8483237340581,2373,485.25,478.0,0.05,0.1,11.475308418273926,71.53699493408203,-501.0,583.5640869140625,2000.0,235.1539530914932,1919,-118.44999999999541,-149.8556293574343,-1000.0,0.40743713600255294,"{5: 13, 4: 18, 3: 15, 2: 42, 1: 58, 0: 48, 6: 43}","{3: 97, 0: 51, 1: 8, 2: 10, 6: 17, 5: 10, 4: 44}","{1: 81, 2: 43, 0: 113}","{1: 102, 0: 70, 2: 65}","{1: 136, 2: 34, 0: 67}","{1: 187, 2: 16, 0: 34}",0.07817098205092311,0.03426074514820783,0.08733748304895968,0.07670668458084821,0.14604248274055698,0.14325162919398568,0.17498413602534454,0.1336142422187013,0.15089480241037015,0.15956350990026893,0.2126042723037005,0.08759861766558662
8940,2,max_steps,3,2,0,1094.2800531356309,3500,496.5,496.5,0.05,0.1,11.488696098327637,71.54459381103516,-501.0,583.9175415039062,1000.0,269.18005313566823,2266,-174.90000000000552,0.0,0.0,0.3126514437530374,"{1: 34, 2: 36, 3: 29, 5: 120, 4: 103, 6: 28}","{2: 54, 3: 224, 6: 17, 5: 5, 4: 9, 0: 36, 1: 5}","{1: 196, 0: 82, 2: 72}","{1: 231, 0: 82, 2: 37}","{1: 262, 0: 33, 2: 55}","{1: 261, 0: 48, 2: 41}",0.04379470437941643,0.02362683028018802,0.056935051119314836,0.07938794367280051,0.09943976833504184,0.14261181426811984,0.145366719966804,0.16113980711608564,0.09981434377294551,0.21504092534341793,0.09331482486995357,0.09896632547154544
8950,2,max_steps,3,1,0,-316.5929417632934,3500,3238.0,3238.0,0.05,0.1,11.497846603393555,71.52339172363281,-501.0,586.244873046875,500.0,124.31770813414387,1803,-174.95000000000553,-765.9606498974404,0.0,-0.09045512621808384,"{0: 69, 1: 210, 2: 44, 6: 27}","{6: 10, 5: 5, 4: 8, 3: 265, 2: 35, 0: 24, 1: 3}","{1: 249, 0: 83, 2: 18}","{1: 276, 2: 42, 0: 32}","{1: 285, 0: 55, 2: 10}","{1: 279, 0: 42, 2: 29}",0.02344295213960433,0.018412794848206043,0.030982519956658783,0.05331546297192678,0.08541481354528596,0.049119177817545635,0.1267853153968087,0.12857516907355498,0.06379412146676101,0.01285153734246336,0.125973732630283,0.10328608529093336
8960,2,max_steps,3,4,0,2105.2264412318737,3500,829.0,817.0,0.05,0.1,11.508440017700195,71.53426361083984,-501.0,586.244873046875,2000.0,280.0264412318822,2942,-174.8000000000055,0.0,0.0,0.6014932689233925,"{0: 50, 1: 17, 2: 67, 3: 25, 4: 119, 6: 35, 5: 37}","{1: 23, 2: 88, 3: 220, 6: 3, 5: 8, 4: 8}","{1: 165, 0: 91, 2: 94}","{1: 220, 0: 100, 2: 30}","{1: 237, 0: 55, 2: 58}","{1: 229, 0: 63, 2: 58}",0.0550290936460011,0.02346528565684909,0.06431509735970126,0.08773841531577213,0.11861531857978803,0.10421655490061747,0.18813934088332437,0.20800010434298996,0.07855102251257827,0.03924987353182077,0.17844595894487408,0.17241579202332766
8970,2,success,3,5,0,2696.3785219484494,2966,593.2,521.0,0.05,0.1,11.533610343933105,71.56615447998047,-501.0,583.2474975585938,2500.0,352.0370759950163,2560,-148.04999999999941,-7.608554046555728,0.0,0.9090959278315743,"{6: 23, 5: 9, 4: 68, 3: 54, 2: 73, 1: 30, 0: 39}","{6: 28, 5: 12, 4: 17, 3: 162, 2: 44, 0: 24, 1: 9}","{1: 152, 2: 43, 0: 101}","{1: 148, 2: 80, 0: 68}","{1: 206, 2: 35, 0: 55}","{1: 214, 2: 38, 0: 44}",0.047954528216093986,0.030037157903781073,0.057806074613401086,0.086205054318893,0.11756752645500872,0.2010732248847354,0.1587425189222169,0.14787022971603025,0.11822885311927031,0.20171848084292615,0.14407116575479373,0.10110521157653649
8980,2,max_steps,3,4,0,2130.616953933854,3500,778.5,877.0,0.05,0.1,11.544790267944336,71.5693588256836,-501.0,592.9491577148438,2000.0,305.4725465950226,3157,-174.8000000000055,-0.05559266116475642,0.0,0.6087477011239583,"{0: 17, 1: 92, 2: 86, 3: 16, 6: 96, 5: 30, 4: 13}","{1: 15, 2: 46, 3: 184, 5: 18, 4: 52, 0: 35}","{1: 173, 0: 82, 2: 95}","{1: 182, 0: 83, 2: 85}","{1: 240, 0: 38, 2: 72}","{1: 253, 0: 52, 2: 45}",0.050727633769157204,0.027190190386677277,0.06390743006195784,0.07276910663282314,0.11013566378122715,0.1432473822428997,0.15153912001129197,0.15728101546881681,0.17710643593437925,0.14311530240823608,0.16546601111071377,0.13355676085129764
8990,2,crash,3,2,1,10.64955062789204,1954,898.0,898.0,0.05,0.1,11.552018165588379,71.64203643798828,-501.0,590.1685180664062,1000.0,171.02414238824213,1388,-97.5999999999966,-62.77459176034894,-1000.0,0.0054501282640184445,"{5: 40, 6: 52, 4: 85, 3: 2, 0: 16}","{6: 13, 5: 19, 4: 16, 3: 95, 0: 23, 1: 8, 2: 21}","{1: 75, 0: 24, 2: 96}","{1: 75, 2: 52, 0: 68}","{1: 118, 0: 13, 2: 64}","{1: 121, 0: 38, 2: 36}",0.07352315919700576,0.04028956247212047,0.07766841266582059,0.08975397266134322,0.13290307566847565,0.1407941979082488,0.1776354880747613,0.17601459911702128,0.14571567441976224,0.016618320683079935,0.23620404852042015,0.07852375377149277
9000,2,success,3,5,0,2570.3178757971555,3482,696.4,670.0,0.05,0.1,11.557087898254395,71.69210815429688,-501.0,582.7713623046875,2500.0,362.92414401168213,2332,-173.85000000000528,-118.75626821451696,0.0,0.7381728534741975,"{2: 135, 3: 7, 4: 42, 5: 56, 0: 81, 1: 27}","{6: 41, 5: 18, 4: 20, 3: 212, 2: 35, 0: 10, 1: 12}","{1: 119, 0: 146, 2: 83}","{1: 177, 2: 92, 0: 79}","{1: 171, 0: 105, 2: 72}","{1: 225, 2: 49, 0: 74}",0.09114351697107327,0.029134507947516083,0.10274512410769437,0.0864869671595794,0.19597007436630218,0.16771679104105497,0.24652568998448224,0.21728139136466035,0.10271416197692713,0.1356006267891642,0.1985143236483007,0.11827198324070409
9010,2,success,3,5,0,2664.102350069321,3019,603.8,680.0,0.05,0.1,11.579977989196777,71.77262115478516,-501.0,584.168212890625,2500.0,314.80235006932526,2347,-150.70000000000002,0.0,0.0,0.8824452964787416,"{3: 31, 2: 125, 5: 42, 4: 49, 0: 44, 1: 10}","{1: 21, 2: 76, 3: 178, 6: 13, 5: 6, 4: 7}","{1: 129, 2: 82, 0: 90}","{1: 174, 0: 91, 2: 36}","{1: 180, 0: 69, 2: 52}","{1: 208, 0: 52, 2: 41}",0.06254704954073648,0.023430090579673272,0.08253933408162872,0.08253013074217322,0.1619068529212245,0.1254285349310002,0.1818091247152727,0.16295459982573016,0.15067627142413587,0.018209334204144383,0.16379891212554898,0.0995677333848566
9020,2,crash,3,2,1,67.38413377292443,2176,998.5,998.5,0.05,0.1,11.587973594665527,71.80903625488281,-501.0,584.168212890625,1000.0,214.4664103752266,1610,-108.69999999999597,-38.382276602300756,-1000.0,0.030966973241233653,"{1: 38, 2: 49, 6: 65, 5: 29, 4: 17, 3: 1, 0: 18}","{4: 22, 3: 164, 2: 13, 0: 18}","{1: 53, 0: 47, 2: 117}","{1: 170, 2: 28, 0: 19}","{1: 98, 0: 37, 2: 82}","{1: 118, 0: 58, 2: 41}",0.10300390859610059,0.0206833087797936,0.106640694498179,0.09592265458903781,0.17191518044885928,0.10116816895825018,0.23332201910925235,0.3007357601462907,0.20104669737675981,0.03236520136304828,0.23619540306936332,0.320101163895694
9030,2,max_steps,3,3,0,1642.1054872493187,3500,760.6666666666666,650.0,0.05,0.1,11.607416152954102,71.85678100585938,-501.0,610.42236328125,1500.0,316.955487249322,3019,-174.8500000000055,0.0,0.0,0.4691729963569482,"{1: 96, 2: 30, 3: 3, 6: 108, 5: 39, 4: 74}","{1: 14, 2: 61, 3: 212, 5: 30, 4: 21, 0: 12}","{1: 151, 0: 74, 2: 125}","{1: 239, 0: 66, 2: 45}","{1: 219, 0: 48, 2: 83}","{1: 252, 2: 52, 0: 46}",0.06407981691761977,0.018196825550799926,0.07280629031861188,0.08748408086823284,0.14149402440033626,0.12284624850441447,0.1900815945751672,0.1502022422017846,0.21298006657782081,0.017523165043693174,0.17554816787237756,0.2582686891929787
9040,2,max_steps,3,4,0,2081.1348395469963,3500,868.75,533.0,0.05,0.1,11.625568389892578,71.89714050292969,-501.0,610.42236328125,2000.0,255.93483954699605,2456,-174.8000000000055,0.0,0.0,0.5946099541562847,"{6: 145, 5: 15, 4: 39, 3: 2, 2: 70, 1: 42, 0: 37}","{2: 46, 3: 285, 4: 6, 1: 10, 6: 3}","{1: 204, 2: 66, 0: 80}","{1: 281, 0: 53, 2: 16}","{1: 231, 2: 46, 0: 73}","{1: 257, 2: 39, 0: 54}",0.03588839786062429,0.02241509966152042,0.05237814204348954,0.07059473080152803,0.14510434632968822,0.0355512008973917,0.21724932292987675,0.19582075856719294,0.18513344239572155,0.025515218465992154,0.12338811879180045,0.29238922686568763
9050,2,success,3,5,0,2684.0027428769145,3333,666.6,603.0,0.05,0.1,11.632046699523926,71.92589569091797,-501.0,610.42236328125,2500.0,374.20114672794426,2918,-166.4000000000036,-23.79840385102427,0.0,0.8052813509981741,"{5: 35, 4: 29, 3: 12, 2: 77, 1: 56, 0: 54, 6: 70}","{3: 184, 0: 32, 1: 16, 2: 63, 6: 16, 5: 7, 4: 15}","{1: 98, 2: 121, 0: 114}","{1: 190, 0: 92, 2: 51}","{1: 161, 2: 90, 0: 82}","{1: 197, 2: 67, 0: 69}",0.08574384636179383,0.025714901044758084,0.10434893494363867,0.09555862000500173,0.1863614264230102,0.12452164675715541,0.24061644679727892,0.20399367909032776,0.19521668285119748,0.028276471201874608,0.2732446159651794,0.13893015948926302
9060,2,success,3,5,0,2655.1800553184394,2312,462.4,483.0,0.05,0.1,11.648191452026367,71.99739837646484,-501.0,605.03076171875,2500.0,270.5300553184409,1872,-115.34999999999559,0.0,0.0,1.148434279982024,"{4: 62, 3: 39, 5: 23, 2: 62, 0: 39, 1: 6}","{2: 13, 3: 151, 4: 41, 0: 21, 1: 5}","{1: 107, 2: 48, 0: 76}","{1: 153, 0: 38, 2: 40}","{1: 138, 2: 34, 0: 59}","{1: 147, 2: 42, 0: 42}",0.05393260318212758,0.021697096241832855,0.08373026823647982,0.09119984819925853,0.20900181897831904,0.13429078323743865,0.24692661342961092,0.18352369850227007,0.21990781217922495,0.13581621245315217,0.19072774737529302,0.1924211182312655
9070,2,crash,3,1,1,-510.05599070262645,512,342.0,342.0,0.05,0.1,11.661453247070312,72.00923919677734,-501.0,605.03076171875,500.0,54.15017883241284,323,-25.550000000000228,-38.65616953504012,-1000.0,-0.9962031068410673,"{6: 9, 5: 15, 4: 9, 3: 1, 2: 2, 1: 5, 0: 10}","{3: 32, 2: 2, 5: 4, 4: 13}","{1: 10, 2: 41}","{1: 37, 2: 14}","{1: 12, 2: 36, 0: 3}","{1: 26, 2: 10, 0: 15}",0.15520244626065285,0.017613489090519217,0.18773450226176863,0.08928143782614908,0.2680356499246639,0.09539804897777367,0.2949715722717691,0.3883089758447132,0.24448441016131728,0.002967053596320034,0.3067339115506964,0.0436348826659822
9080,2,crash,3,2,1,47.81355346937801,1597,721.0,721.0,0.05,0.1,11.663816452026367,72.0743179321289,-501.0,589.7646484375,1000.0,168.78187760647168,980,-79.74999999999761,-41.21832413709396,-1000.0,0.02993960768276644,"{2: 40, 3: 1, 6: 71, 5: 25, 4: 7, 0: 15}","{5: 4, 4: 10, 3: 78, 2: 45, 0: 10, 1: 12}","{1: 51, 0: 40, 2: 68}","{1: 87, 2: 20, 0: 52}","{1: 56, 0: 36, 2: 67}","{1: 81, 0: 46, 2: 32}",0.08777406231249534,0.028643551531257725,0.14630572736206635,0.09891779290267247,0.25931083516450465,0.10566967616863783,0.30441136239250227,0.35209490829449863,0.29528823513234553,0.015871817787941726,0.29657141687712957,0.10101527833853156
9090,2,crash,3,2,1,82.8317042130443,1696,795.5,795.5,0.05,0.1,11.67881965637207,72.15459442138672,-501.0,589.7646484375,1000.0,189.21651885650044,1073,-84.69999999999733,-21.68481464345621,-1000.0,0.048839448238823295,"{2: 43, 3: 2, 6: 77, 5: 30, 4: 7, 1: 3, 0: 7}","{4: 16, 3: 88, 0: 24, 1: 5, 2: 26, 6: 10}","{1: 59, 0: 42, 2: 68}","{1: 93, 2: 25, 0: 51}","{1: 64, 0: 34, 2: 71}","{1: 92, 0: 44, 2: 33}",0.08809026069074165,0.028346452907505537,0.14173180793509227,0.09675356602873089,0.25782165618755265,0.12154632974895724,0.29751135239050347,0.284062840327651,0.2883398650721312,0.02619287236334232,0.2884611328752812,0.15709364076515045
9100,2,success,3,5,0,2645.374717165588,3060,612.0,542.0,0.05,0.1,11.687137603759766,72.1598892211914,-501.0,576.7691650390625,2500.0,298.1247171656079,2184,-152.75000000000048,0.0,0.0,0.8645015415573818,"{3: 38, 2: 98, 5: 36, 6: 36, 4: 43, 0: 30, 1: 25}","{2: 69, 3: 190, 6: 10, 5: 6, 4: 12, 1: 19}","{1: 139, 0: 87, 2: 80}","{1: 188, 0: 83, 2: 35}","{1: 166, 0: 75, 2: 65}","{1: 151, 0: 79, 2: 76}",0.0632975588708694,0.025841615525877215,0.08768829793653153,0.10050414552258953,0.202144687301811,0.12340753616550892,0.26735530009788033,0.3145382277641501,0.09259097910831457,0.0691668924218454,0.15579104500225757,0.20552265751955523
9110,2,max_steps,3,3,0,1581.525337770093,3500,790.6666666666666,984.0,0.05,0.1,11.710404396057129,72.17546081542969,-501.0,577.0213623046875,1500.0,256.37533777011356,2447,-174.8500000000055,0.0,0.0,0.4518643822200266,"{3: 29, 0: 58, 1: 19, 2: 34, 4: 98, 5: 54, 6: 58}","{5: 34, 4: 55, 0: 29, 1: 6, 2: 11, 3: 208, 6: 7}","{1: 182, 0: 80, 2: 88}","{1: 215, 2: 87, 0: 48}","{1: 234, 0: 60, 2: 56}","{1: 232, 0: 65, 2: 53}",0.045817085366840274,0.023314476453532917,0.06784648840567561,0.08898581697273437,0.13182979927365268,0.1482055917567598,0.16749924280471956,0.18052258740640717,0.12112347068425783,0.1579048089071543,0.16973333955343106,0.2233329026555377
9120,2,max_steps,3,4,0,2249.550567669139,3500,701.75,800.0,0.05,0.1,11.721909523010254,72.19971466064453,-501.0,644.4137573242188,2000.0,424.35056766914494,2747,-174.8000000000055,0.0,0.0,0.642728733619754,"{5: 29, 4: 109, 3: 39, 0: 133, 1: 9, 2: 9, 6: 22}","{4: 34, 3: 142, 2: 59, 0: 47, 1: 13, 6: 44, 5: 11}","{1: 135, 2: 125, 0: 90}","{1: 177, 2: 96, 0: 77}","{1: 197, 2: 77, 0: 76}","{1: 245, 2: 54, 0: 51}",0.06913668522899608,0.02994503629320868,0.08631655072375605,0.08645524395786267,0.17281359288102918,0.17021218407170305,0.23545755442870617,0.1915205673411123,0.10133418520858917,0.03557721804504911,0.1304008631547609,0.18455917041833583
9130,2,crash,3,3,1,644.3559277857362,2299,713.6666666666666,729.0,0.05,0.1,11.726909637451172,72.241943359375,-501.0,644.4137573242188,1500.0,290.6942744294061,1837,-114.79999999999562,-31.53834664366109,-1000.0,0.2802766106071058,"{1: 51, 2: 83, 3: 4, 6: 63, 5: 6, 4: 7, 0: 15}","{0: 30, 1: 10, 2: 39, 3: 98, 6: 18, 5: 5, 4: 29}","{1: 90, 0: 73, 2: 66}","{1: 117, 0: 66, 2: 46}","{1: 128, 0: 34, 2: 67}","{1: 196, 0: 20, 2: 13}",0.07485349142234451,0.029476539103493942,0.08166443892207184,0.05722413451807218,0.24949447487096832,0.14059944610950773,0.24932543726922415,0.10906993566947251,0.22004668581047493,0.030179199169629693,0.21300534668222687,0.06589695883187692
9140,2,crash,3,4,1,1168.7436727242728,1980,452.0,444.0,0.05,0.1,11.72352123260498,72.31163787841797,-501.0,644.4137573242188,2000.0,322.5925751147741,1608,-98.79999999999653,-55.04890239049931,-1000.0,0.5902745821839761,"{4: 30, 3: 21, 1: 23, 0: 34, 2: 30, 6: 55, 5: 5}","{3: 130, 4: 6, 1: 30, 2: 32}","{1: 47, 2: 92, 0: 59}","{1: 137, 2: 21, 0: 40}","{1: 70, 2: 78, 0: 50}","{1: 136, 2: 28, 0: 34}",0.14269367348118908,0.0194044351651809,0.1717027193393667,0.0729934952044239,0.2571690115584211,0.09071337573687703,0.2906962452202358,0.25039329597497745,0.251012293836671,0.11463302267301717,0.250070484140758,0.050181524948206394
9150,2,crash,3,3,1,537.2116225338041,1917,611.0,734.0,0.05,0.1,11.737890243530273,72.39762115478516,-501.0,644.4137573242188,1500.0,229.2527508409239,1401,-95.6999999999967,-96.34112830712074,-1000.0,0.28023558817621497,"{1: 11, 2: 26, 3: 9, 4: 28, 5: 52, 6: 65}","{2: 48, 3: 111, 6: 11, 5: 6, 4: 7, 1: 6, 0: 2}","{1: 66, 0: 43, 2: 82}","{1: 114, 0: 40, 2: 37}","{1: 86, 0: 30, 2: 75}","{1: 139, 0: 27, 2: 25}",0.10122713537338544,0.021637670246328188,0.12054619547808147,0.08533408548064259,0.24410878278284093,0.1328137864873305,0.2760687657677648,0.1944313699401064,0.2718792342794838,0.009737715025041229,0.28264288478088995,0.0769403532608723
9160,2,crash,3,3,1,648.6532413482722,2082,659.6666666666666,514.0,0.05,0.1,11.739516258239746,72.46519470214844,-501.0,646.4008178710938,1500.0,274.6023419362038,1822,-103.94999999999624,-21.99910058792882,-1000.0,0.3115529497350011,"{2: 49, 3: 11, 5: 12, 6: 34, 4: 11, 0: 68, 1: 23}","{6: 14, 5: 8, 4: 20, 3: 100, 2: 29, 0: 32, 1: 5}","{1: 78, 0: 95, 2: 35}","{1: 119, 2: 44, 0: 45}","{1: 117, 2: 29, 0: 62}","{1: 145, 0: 40, 2: 23}",0.06487304494534649,0.022626779015993637,0.08525511316013623,0.08494264174864036,0.18202437717305708,0.17908079636757293,0.24863732694916638,0.20097051143655287,0.13700573623024606,0.0736907793437968,0.0905636592832537,0.10045173672280241
9170,2,crash,3,1,1,-479.4993578790594,735,476.0,476.0,0.05,0.1,11.74631118774414,72.523681640625,-501.0,647.9580688476562,500.0,97.28098386009268,669,-36.70000000000005,-40.08034173915166,-1000.0,-0.6523800787470196,"{2: 54, 1: 4, 3: 8, 4: 7}","{1: 11, 2: 8, 3: 28, 6: 23, 5: 3}","{1: 33, 0: 40}","{1: 25, 0: 23, 2: 25}","{1: 38, 0: 35}","{1: 44, 0: 13, 2: 16}",0.08694783584208313,0.07932402504255114,0.08382845616232877,0.09623642715296313,0.2734473170827116,0.18093263160395032,0.27695966655508425,0.23032246226756745,0.18338394772507435,0.00845923141276644,0.27337107820081646,0.0976394820669531
9180,2,max_steps,3,4,0,1957.5268949413364,3500,782.25,835.0,0.05,0.1,11.75876235961914,72.58157348632812,-501.0,647.9580688476562,2000.0,376.0920572478965,2545,-174.8000000000055,-243.76516230654624,0.0,0.5592933985546675,"{4: 95, 0: 90, 1: 17, 2: 16, 3: 3, 6: 96, 5: 33}","{4: 27, 3: 183, 0: 17, 1: 10, 2: 86, 5: 13, 6: 14}","{1: 101, 2: 149, 0: 100}","{1: 198, 2: 77, 0: 75}","{1: 131, 2: 120, 0: 99}","{1: 226, 2: 66, 0: 58}",0.09540663595371751,0.026492301836553885,0.1303826104664679,0.08925719311272358,0.20355958094672788,0.11369204864788177,0.23777475711640786,0.227237552576156,0.185347128777636,0.022536810693173884,0.2309378628401279,0.3364178794647363
9190,2,max_steps,3,4,0,2027.9281480600343,3500,593.25,517.0,0.05,0.1,11.757804870605469,72.6348876953125,-501.0,647.9580688476562,2000.0,422.4377407774189,2756,-174.8000000000055,-219.70959271736538,0.0,0.5794080423028669,"{6: 127, 5: 12, 4: 64, 3: 36, 2: 16, 0: 90, 1: 5}","{5: 29, 4: 26, 3: 148, 1: 40, 2: 55, 0: 23, 6: 29}","{1: 90, 2: 138, 0: 122}","{1: 147, 2: 90, 0: 113}","{1: 140, 2: 104, 0: 106}","{1: 211, 2: 74, 0: 65}",0.10408588231258649,0.03521847811764186,0.12923498461592509,0.0959619027112319,0.22308291720705828,0.12028949475257515,0.2682048795463615,0.2988761157842408,0.2518084290803846,0.06646215899651603,0.2513695163238474,0.08779726587222125
9200,2,success,3,5,0,2522.1015769884934,3376,675.2,615.0,0.05,0.1,11.76047420501709,72.70916748046875,-501.0,647.9580688476562,2500.0,365.7046463650364,2833,-168.55000000000408,-175.05306937653853,0.0,0.7470680026624684,"{0: 16, 1: 10, 2: 10, 3: 50, 4: 149, 5: 28, 6: 74}","{3: 231, 2: 31, 5: 15, 4: 24, 0: 16, 1: 5, 6: 15}","{1: 124, 0: 71, 2: 142}","{1: 233, 2: 71, 0: 33}","{1: 194, 0: 53, 2: 90}","{1: 220, 0: 47, 2: 70}",0.07600436617663892,0.018913667865866405,0.08559253904862427,0.08786106809019906,0.14954748890829211,0.13256807365878318,0.20492674637370323,0.2051924157399208,0.14833863444753884,0.11325500362495759,0.16958000559045466,0.19224573615729948
9210,2,crash,3,1,1,-668.3269500782663,948,537.0,537.0,0.05,0.1,11.786733627319336,72.76618194580078,-501.0,624.362060546875,500.0,90.62738979064908,639,-47.34999999999945,-211.60433986891627,-1000.0,-0.7049862342597746,"{0: 32, 1: 9, 2: 11, 3: 1, 6: 41}","{0: 4, 1: 8, 2: 22, 3: 44, 4: 16}","{1: 39, 0: 55}","{1: 46, 0: 36, 2: 12}","{1: 47, 0: 47}","{1: 68, 2: 10, 0: 16}",0.07152203859980522,0.030482194748588348,0.0983339907186867,0.07475422611514959,0.17362643695307486,0.12477527912703465,0.18646742690884313,0.1392165325136842,0.1813255678828773,0.0035202718509808415,0.16478546933244104,0.09961230174657931
9220,2,success,3,5,0,2688.124352063598,2495,499.0,393.0,0.05,0.1,11.804818153381348,72.81843566894531,-501.0,601.9724731445312,2500.0,315.11314253126324,1625,-124.49999999999507,-2.488790467645557,0.0,1.0774045499252898,"{4: 68, 3: 9, 2: 19, 1: 42, 0: 11, 6: 95, 5: 5}","{4: 23, 3: 171, 2: 23, 0: 19, 1: 13}","{1: 75, 2: 100, 0: 74}","{1: 168, 2: 37, 0: 44}","{1: 89, 2: 99, 0: 61}","{1: 132, 2: 69, 0: 48}",0.10003963344185916,0.021958722474638235,0.14527397650404675,0.09875912898701383,0.24847957107040597,0.09748692278374552,0.28971221741179387,0.262639079891688,0.24802278614973822,0.03500241202340774,0.2530793450871648,0.15046072018421916
9230,2,max_steps,3,2,0,1004.7945546394408,3500,490.0,490.0,0.05,0.1,11.821304321289062,72.8901596069336,-501.0,596.6309204101562,1000.0,179.69455463943652,2235,-174.90000000000552,0.0,0.0,0.2870841584684117,"{4: 17, 3: 3, 1: 55, 2: 22, 6: 253}","{5: 6, 4: 13, 3: 281, 2: 50}","{1: 258, 0: 69, 2: 23}","{1: 267, 2: 33, 0: 50}","{1: 279, 0: 41, 2: 30}","{1: 307, 0: 24, 2: 19}",0.028662091649412275,0.012133816834625173,0.042122106838193236,0.03896509998592419,0.10357619508278544,0.033781057937119205,0.15261592756545925,0.1016775145369225,0.1040790399977856,0.18220569827972846,0.11125993080619609,0.04733437189931207
9240,2,success,3,5,0,2632.7353908964074,2600,520.0,307.0,0.05,0.1,11.83946418762207,72.95103454589844,-501.0,612.8004760742188,2500.0,262.4853908964127,1954,-129.74999999999525,0.0,0.0,1.0125905349601567,"{4: 58, 3: 10, 2: 53, 1: 22, 6: 102, 5: 15}","{5: 4, 4: 22, 3: 149, 2: 28, 0: 42, 1: 15}","{1: 95, 2: 88, 0: 77}","{1: 167, 2: 33, 0: 60}","{1: 130, 0: 77, 2: 53}","{1: 164, 2: 45, 0: 51}",0.06961076936100333,0.022623448248618463,0.09987788540137228,0.09195686960394178,0.16845969518044263,0.11956279286461345,0.2201723290187396,0.21873249332385242,0.19340701267090415,0.09986732751251538,0.26744662176426526,0.17166489234065813
9250,2,max_steps,3,3,0,1634.6590149690737,3500,961.0,935.0,0.05,0.1,11.854198455810547,72.99430084228516,-501.0,600.79443359375,1500.0,313.8991249481536,2578,-174.8500000000055,-4.390109979071241,0.0,0.4670454328483068,"{2: 58, 1: 9, 5: 53, 6: 98, 4: 45, 3: 25, 0: 62}","{1: 16, 2: 20, 3: 195, 4: 24, 6: 32, 5: 13, 0: 50}","{1: 149, 0: 71, 2: 130}","{1: 187, 0: 91, 2: 72}","{1: 208, 0: 47, 2: 95}","{1: 229, 0: 63, 2: 58}",0.06390793851597458,0.026036814036559507,0.08189784784095795,0.08798496612101955,0.19480049047305867,0.14482345307951408,0.22678141231845134,0.22293471470492893,0.1970900988513299,0.01726684855491409,0.2875047745830609,0.1010136800883032
9260,2,max_steps,3,4,0,2163.7331735195703,3500,770.25,783.5,0.05,0.1,11.85936164855957,72.99864196777344,-501.0,600.79443359375,2000.0,338.53317351958503,2909,-174.8000000000055,0.0,0.0,0.6182094781484486,"{2: 107, 1: 123, 3: 10, 6: 76, 5: 5, 4: 8, 0: 21}","{2: 118, 3: 155, 6: 12, 5: 6, 4: 7, 0: 18, 1: 34}","{1: 200, 0: 103, 2: 47}","{1: 177, 0: 138, 2: 35}","{1: 251, 0: 59, 2: 40}","{1: 272, 0: 44, 2: 34}",0.03812184637959753,0.02987161782339328,0.05411553097331802,0.06990807602251883,0.12320035581815106,0.09527666164265358,0.19652570330129965,0.16098108090927823,0.1477780399311755,0.018424434273660584,0.07133554214027749,0.25236548908116957
9270,2,success,3,5,0,2715.7587401839774,3075,615.0,384.0,0.05,0.1,11.871488571166992,73.06241607666016,-501.0,602.1473388671875,2500.0,369.2587401839839,2673,-153.50000000000065,0.0,0.0,0.8831735740435699,"{3: 81, 2: 34, 4: 107, 5: 51, 6: 34}","{6: 68, 5: 35, 4: 41, 0: 47, 1: 17, 2: 23, 3: 76}","{1: 167, 0: 50, 2: 90}","{1: 86, 2: 137, 0: 84}","{1: 200, 2: 82, 0: 25}","{1: 230, 2: 45, 0: 32}",0.042997296767921085,0.07726839226436359,0.05929311689608402,0.05206167542832973,0.17175107738839687,0.169068055352045,0.18398662962648563,0.1796347118841847,0.13971108715324088,0.20537227575583053,0.20322864460994658,0.09145135803669996
9280,2,max_steps,3,4,0,2095.411142623786,3500,860.0,503.5,0.05,0.1,11.888157844543457,73.11743927001953,-501.0,602.1473388671875,2000.0,270.21114262378745,2463,-174.8000000000055,0.0,0.0,0.5986888978925102,"{4: 73, 3: 19, 6: 82, 5: 88, 2: 67, 1: 21}","{1: 8, 2: 28, 3: 222, 6: 19, 5: 13, 4: 48, 0: 12}","{1: 166, 2: 107, 0: 77}","{1: 200, 0: 63, 2: 87}","{1: 242, 2: 65, 0: 43}","{1: 237, 2: 43, 0: 70}",0.05138180053224327,0.02667265417277627,0.06329587991674292,0.08750539705984,0.10511667701551841,0.1490218702864549,0.1478718379071138,0.17405230865408164,0.10235015562895286,0.16023802852448588,0.10940162351827805,0.10101517494454244
9290,2,success,3,5,0,2734.606339118133,3303,660.6,584.0,0.05,0.1,11.90114688873291,73.15929412841797,-501.0,605.4628295898438,2500.0,399.5063391181437,2442,-164.90000000000325,0.0,0.0,0.8279159367599555,"{2: 60, 1: 34, 3: 5, 6: 81, 5: 66, 4: 34, 0: 50}","{2: 56, 3: 246, 6: 11, 5: 6, 4: 11}","{1: 108, 0: 114, 2: 108}","{1: 238, 0: 52, 2: 40}","{1: 156, 0: 100, 2: 74}","{1: 209, 0: 70, 2: 51}",0.08460759186344985,0.015636777156047315,0.1059692427811787,0.09307269765075687,0.1815349652888358,0.10840622328734449,0.2311351747615424,0.16956990285362386,0.17476580018597598,0.02905584016534371,0.18904800047661718,0.1030755595116254
9300,2,max_steps,3,4,0,2138.325423628546,3500,655.5,744.0,0.05,0.1,11.926004409790039,73.18680572509766,-501.0,602.1473388671875,2000.0,322.0053238623565,2911,-174.8000000000055,-8.87990023379828,0.0,0.6109501210367274,"{6: 43, 5: 62, 4: 95, 2: 38, 3: 24, 0: 88}","{1: 20, 2: 28, 3: 130, 6: 44, 5: 18, 4: 17, 0: 93}","{1: 158, 2: 126, 0: 66}","{1: 144, 0: 118, 2: 88}","{1: 244, 2: 73, 0: 33}","{1: 239, 2: 58, 0: 53}",0.05838435267185465,0.044583209622010456,0.07127553068292855,0.08114753420866042,0.13103975933835157,0.17153773693616864,0.1646990914428802,0.18460022871193227,0.13867038591206346,0.17420139933144013,0.1670421064565205,0.10086581385707226
9310,2,success,3,5,0,2634.486989721368,2876,575.2,490.0,0.05,0.1,11.940675735473633,73.2349624633789,-501.0,594.9476318359375,2500.0,285.29675965783616,2476,-143.5499999999984,-7.259769936463036,0.0,0.9160246834914353,"{4: 97, 6: 1, 5: 8, 3: 30, 0: 21, 1: 77, 2: 53}","{2: 66, 3: 130, 4: 27, 6: 5, 5: 25, 0: 24, 1: 10}","{1: 151, 2: 38, 0: 98}","{1: 136, 0: 91, 2: 60}","{1: 185, 2: 35, 0: 67}","{1: 221, 0: 35, 2: 31}",0.046320692732411774,0.03081015334720073,0.05921983540797335,0.07798054019731901,0.14284298383455096,0.1181552725169852,0.17996421687660535,0.1372553900582292,0.10035302941600728,0.07436193524674661,0.14184504701056855,0.16706675067270044
9320,2,success,3,5,0,2661.9488950838895,3233,646.6,637.0,0.05,0.1,11.941245079040527,73.269287109375,-501.0,593.64208984375,2500.0,326.40713058383835,2620,-161.40000000000245,-3.0582354999389194,0.0,0.8233680467317939,"{6: 15, 5: 32, 4: 106, 3: 39, 0: 50, 1: 15, 2: 66}","{5: 16, 4: 46, 3: 193, 2: 26, 0: 17, 1: 8, 6: 17}","{1: 114, 2: 98, 0: 111}","{1: 194, 2: 77, 0: 52}","{1: 180, 2: 66, 0: 77}","{1: 211, 2: 51, 0: 61}",0.06769747607475256,0.023303990423073913,0.0898412432638444,0.0840604310613473,0.14994114607642486,0.14151846489401188,0.19413860735331295,0.1682511777501925,0.1025759824063721,0.02803126458822144,0.16518726125284747,0.13262364439503269
9330,2,success,3,5,0,2714.306628577445,2745,549.0,574.0,0.05,0.1,11.964648246765137,73.33908081054688,-501.0,597.4310302734375,2500.0,376.99022741600965,2328,-136.9999999999969,-25.683598838553472,0.0,0.9888184439262094,"{4: 83, 3: 9, 6: 40, 5: 32, 0: 41, 1: 32, 2: 37}","{5: 6, 4: 59, 0: 26, 1: 6, 2: 37, 3: 140}","{1: 92, 2: 90, 0: 92}","{1: 146, 2: 71, 0: 57}","{1: 145, 2: 68, 0: 61}","{1: 163, 0: 59, 2: 52}",0.0809590853521179,0.02750546914322397,0.08809900803741838,0.09615504610618128,0.20591274553597794,0.13235280932822102,0.25271304533117,0.18262604445128677,0.14679257251518926,0.11136957488490214,0.2094056334998942,0.10335230064244674
9340,2,crash,3,2,1,-46.269663839800614,2706,1133.0,1133.0,0.05,0.1,11.981712341308594,73.37992858886719,-501.0,616.6447143554688,1000.0,214.91831348809677,1033,-135.1999999999965,-125.98797732789444,-1000.0,-0.017098914944493945,"{4: 110, 5: 60, 6: 51, 3: 5, 0: 35, 1: 4, 2: 5}","{3: 197, 4: 15, 2: 12, 5: 11, 0: 19, 1: 16}","{1: 114, 0: 93, 2: 63}","{1: 197, 0: 48, 2: 25}","{1: 169, 0: 49, 2: 52}","{1: 171, 2: 62, 0: 37}",0.060973258800389396,0.01984257708628864,0.07298604486443952,0.08301931927098852,0.2617195176297262,0.10394514601646436,0.30573104014233166,0.23892432848884715,0.23894740452127594,0.023908655832517136,0.30243663450603914,0.08296803796759021
9350,2,crash,3,1,1,-480.0200273492045,563,448.0,448.0,0.05,0.1,11.992708206176758,73.40032196044922,-501.0,605.8506469726562,500.0,71.13197035872406,447,-28.100000000000264,-23.051997707928987,-1000.0,-0.8526110610110205,"{0: 20, 1: 12, 2: 11, 3: 1, 5: 4, 6: 8}","{3: 44, 5: 10, 4: 2}","{1: 9, 0: 47}","{1: 48, 2: 8}","{1: 6, 0: 50}","{1: 39, 0: 8, 2: 9}",0.12908506817311702,0.02253422302321203,0.16550081837732475,0.08837798793227541,0.2299111244728768,0.03240775238113976,0.26345855132359697,0.20447523931369327,0.20799252213390818,0.012992826768931777,0.2754342530328335,0.08571845886162147
9360,2,crash,3,2,1,17.246503248409113,1522,665.0,665.0,0.05,0.1,11.990863800048828,73.45579528808594,-501.0,605.8506469726562,1000.0,145.22429792590808,1041,-75.99999999999783,-51.97779467749756,-1000.0,0.011331473882003359,"{4: 28, 0: 47, 1: 13, 2: 44, 5: 4, 6: 16}","{4: 21, 3: 87, 2: 24, 0: 20}","{1: 48, 2: 29, 0: 75}","{1: 108, 2: 30, 0: 14}","{1: 75, 2: 25, 0: 52}","{1: 92, 0: 31, 2: 29}",0.1003648475202138,0.019484436846226312,0.10333432448868801,0.0910058909813218,0.18654969178976696,0.07648644948727788,0.2508065277416707,0.2596508506028871,0.1798130658885384,0.07643382583196974,0.28628416433034465,0.07595436035819408
9370,2,max_steps,3,1,0,366.98402842728507,3500,289.0,289.0,0.05,0.1,11.99907398223877,73.52400207519531,-501.0,601.6034545898438,500.0,91.12611886214313,1545,-174.95000000000553,-49.19209043487246,0.0,0.10485257955065287,"{1: 17, 2: 11, 3: 6, 4: 291, 5: 25}","{2: 33, 3: 307, 1: 10}","{1: 273, 0: 54, 2: 23}","{1: 309, 0: 40, 2: 1}","{1: 294, 0: 38, 2: 18}","{1: 309, 0: 17, 2: 24}",0.009515280346228137,0.01379378638532466,0.013421028708098082,0.02255131057507442,0.10184480237631358,0.03719573083363588,0.1394836982824511,0.10145382167313002,0.22664137792249509,0.003011701404028067,0.31000435309982993,0.0723758262688572
9380,2,crash,3,4,1,1100.815012657398,3480,814.25,783.0,0.05,0.1,11.995201110839844,73.59494018554688,-501.0,601.6034545898438,2000.0,397.53863795971694,2604,-173.80000000000527,-122.92362530230851,-1000.0,0.3163261530624707,"{2: 88, 3: 11, 5: 37, 6: 99, 4: 28, 0: 40, 1: 45}","{2: 76, 3: 186, 6: 21, 5: 20, 4: 19, 1: 3, 0: 23}","{1: 120, 0: 138, 2: 90}","{1: 233, 0: 60, 2: 55}","{1: 148, 0: 117, 2: 83}","{1: 201, 0: 74, 2: 73}",0.10762713156523904,0.02317387591302069,0.12433060401742696,0.09006762663122725,0.21704371127732355,0.1173640810875194,0.2618512526946138,0.23822000336311053,0.2243157891067344,0.010488132974556178,0.30342627841573383,0.3185859625442299
9390,2,max_steps,3,4,0,2134.7280798602446,3500,798.25,666.0,0.05,0.1,12.003527641296387,73.64586639404297,-501.0,605.5402221679688,2000.0,309.5280798602612,2686,-174.8000000000055,0.0,0.0,0.6099223085314984,"{4: 55, 3: 4, 2: 49, 1: 76, 0: 37, 6: 119, 5: 10}","{3: 214, 0: 6, 1: 29, 2: 70, 6: 11, 5: 11, 4: 9}","{1: 145, 2: 120, 0: 85}","{1: 232, 0: 74, 2: 44}","{1: 210, 2: 76, 0: 64}","{1: 201, 2: 73, 0: 76}",0.060843024635099885,0.023387727587132454,0.07852287727535373,0.09490895573200894,0.15097949186478812,0.10223217156605006,0.21219666162542752,0.20291328737677752,0.1655515077349585,0.020624943307187872,0.2111556081220879,0.12741370829138451
9400,2,max_steps,3,4,0,2106.7194440444305,3500,824.25,871.5,0.05,0.1,12.017845153808594,73.6631851196289,-501.0,605.5402221679688,2000.0,320.58385716029517,2657,-174.8000000000055,-39.06441311584838,0.0,0.6019198411555515,"{5: 94, 4: 60, 3: 8, 0: 69, 1: 35, 2: 46, 6: 38}","{1: 51, 2: 56, 3: 174, 5: 10, 4: 59}","{1: 128, 2: 99, 0: 123}","{1: 198, 0: 60, 2: 92}","{1: 221, 2: 44, 0: 85}","{1: 236, 2: 59, 0: 55}",0.06835112975772509,0.027375046830984382,0.07614059929488484,0.08128204352202087,0.16780870491631256,0.12101422431944032,0.20397510593973497,0.1932486810740628,0.16105187131327284,0.024663693971395027,0.22570469777210492,0.14747589506574002
9410,2,crash,3,3,1,602.8105867987123,2686,648.0,567.0,0.05,0.1,12.010292053222656,73.71410369873047,-501.0,605.5402221679688,1500.0,323.3766045163453,1933,-134.14999999999625,-86.41601771761972,-1000.0,0.22442687520428603,"{0: 57, 1: 23, 2: 18, 3: 10, 6: 69, 5: 31, 4: 60}","{1: 15, 2: 53, 3: 134, 4: 33, 6: 22, 5: 5, 0: 6}","{1: 78, 0: 117, 2: 73}","{1: 121, 0: 92, 2: 55}","{1: 137, 0: 78, 2: 53}","{1: 156, 0: 55, 2: 57}",0.09350140180317659,0.03248379103900435,0.09493614255944269,0.09031215514035636,0.19098537406845656,0.19232617453348957,0.24339435928483347,0.20250594708203098,0.2627642571655878,0.023624012450125437,0.22718996514340445,0.1996944361554291
9420,2,success,3,5,0,2643.7035737764727,2619,523.8,556.0,0.05,0.1,12.03055191040039,73.76134490966797,-501.0,593.8346557617188,2500.0,274.4035737764832,2218,-130.69999999999547,0.0,0.0,1.0094324451227463,"{5: 62, 4: 125, 3: 9, 1: 28, 2: 18, 6: 19}","{4: 16, 3: 200, 2: 37, 1: 8}","{1: 77, 2: 123, 0: 61}","{1: 210, 2: 17, 0: 34}","{1: 157, 2: 72, 0: 32}","{1: 142, 2: 63, 0: 56}",0.07308048469743306,0.01742027417229913,0.07553936466266457,0.0974451965843122,0.14465452167659948,0.0954279524925716,0.18967007310181735,0.1990481011115197,0.13566047841790413,0.02944362486617683,0.1821004727306381,0.19795811121968673
9430,2,max_steps,3,4,0,1955.533611170685,3500,628.5,707.0,0.05,0.1,12.050734519958496,73.79229736328125,-501.0,595.0655517578125,2000.0,338.853421477955,2995,-174.8000000000055,-208.51981030726634,0.0,0.55872388890591,"{0: 47, 1: 69, 2: 53, 3: 24, 4: 108, 6: 25, 5: 24}","{6: 7, 5: 7, 4: 37, 3: 191, 1: 16, 2: 83, 0: 9}","{1: 167, 0: 86, 2: 97}","{1: 219, 2: 43, 0: 88}","{1: 232, 0: 39, 2: 79}","{1: 276, 0: 34, 2: 40}",0.053117403464649784,0.027878931152273426,0.06820653800022614,0.06384924387447957,0.12996881836004534,0.15667622861571756,0.14991362609312855,0.11236083827585333,0.09470453586554126,0.13631466378607993,0.1233049843369058,0.13118987810499494
9440,2,success,3,5,0,2722.712067360917,3354,670.8,563.0,0.05,0.1,12.070761680603027,73.83940887451172,-501.0,593.8346557617188,2500.0,390.16206736093744,2579,-167.45000000000383,0.0,0.0,0.8117805806085023,"{4: 113, 5: 49, 3: 4, 0: 85, 1: 26, 2: 17, 6: 41}","{6: 63, 5: 15, 4: 41, 3: 145, 0: 34, 1: 5, 2: 32}","{1: 124, 2: 114, 0: 97}","{1: 163, 2: 86, 0: 86}","{1: 173, 2: 102, 0: 60}","{1: 224, 2: 56, 0: 55}",0.08409418230863788,0.030687853875324075,0.09446993131304292,0.08512353526076893,0.23090060643541824,0.15507628068130605,0.28085840125012307,0.24909485561390413,0.2165356741533691,0.0798649580133998,0.26608057436520705,0.13534228514958876
9450,2,success,3,5,0,2718.754425931396,1890,378.0,409.0,0.05,0.1,12.087481498718262,73.91621398925781,-501.0,612.0313110351562,2500.0,313.00442593140434,1554,-94.24999999999679,0.0,0.0,1.4384944052547068,"{0: 31, 1: 29, 2: 28, 3: 39, 6: 47, 5: 7, 4: 8}","{5: 9, 4: 27, 3: 95, 1: 19, 2: 28, 0: 10, 6: 1}","{1: 75, 0: 65, 2: 49}","{1: 91, 2: 40, 0: 58}","{1: 94, 0: 57, 2: 38}","{1: 128, 0: 30, 2: 31}",0.08087630468303532,0.030494627997399902,0.10159562567466274,0.08754929680020096,0.2051499721678797,0.19617848267998625,0.2631037025406634,0.16303260467470093,0.24935486174822255,0.21903598401199806,0.21165478174719135,0.15325636987921218
9460,2,max_steps,3,4,0,2219.1306553760696,3500,793.5,785.0,0.05,0.1,12.110956192016602,73.95146942138672,-501.0,596.1753540039062,2000.0,393.93065537607754,2633,-174.8000000000055,0.0,0.0,0.6340373301074484,"{0: 57, 1: 33, 2: 24, 3: 6, 6: 63, 5: 48, 4: 119}","{2: 77, 3: 183, 6: 21, 5: 6, 4: 22, 0: 27, 1: 14}","{1: 127, 0: 116, 2: 107}","{1: 214, 0: 74, 2: 62}","{1: 172, 0: 83, 2: 95}","{1: 239, 0: 39, 2: 72}",0.0789402196346454,0.021883042031910382,0.10227402079819986,0.08289145652235567,0.16494500525213832,0.13517801231226012,0.20325120928572207,0.16570059896933356,0.1661398626477737,0.030655007400456694,0.26390659891577395,0.2872112601457487
9470,2,crash,3,1,1,-523.6044832858804,974,696.0,696.0,0.05,0.1,12.117530822753906,73.98965454101562,-501.0,587.4415283203125,500.0,89.39697808429447,859,-48.64999999999937,-64.35146137017524,-1000.0,-0.5375816050163044,"{6: 21, 5: 21, 4: 29, 3: 19, 2: 7}","{3: 56, 2: 13, 5: 12, 4: 16}","{1: 13, 2: 84}","{1: 72, 2: 25}","{1: 67, 2: 30}","{1: 90, 2: 3, 0: 4}",0.0766452276578354,0.014456038674183266,0.08444609261863381,0.06574810116377157,0.12757569723155465,0.10484691292522264,0.13682990275727527,0.09790232300495337,0.11423635659442354,0.07418361024490404,0.13736724286262025,0.09754455234638912
9480,2,max_steps,3,3,0,1748.752839958489,3500,795.3333333333334,848.0,0.05,0.1,12.1317138671875,74.03289794921875,-501.0,585.2706909179688,1500.0,423.60283995849903,2784,-174.8500000000055,0.0,0.0,0.49964366855956827,"{4: 65, 5: 23, 3: 2, 0: 163, 1: 21, 2: 21, 6: 55}","{6: 28, 5: 14, 4: 33, 3: 166, 0: 55, 1: 10, 2: 44}","{1: 137, 2: 118, 0: 95}","{1: 189, 2: 77, 0: 84}","{1: 191, 2: 70, 0: 89}","{1: 289, 2: 34, 0: 27}",0.07679398618374195,0.028441167980693266,0.08001757275253626,0.0617646048036499,0.1871047070424741,0.16272200086384056,0.20138807572690193,0.10509052839532276,0.2030512086331035,0.029709132600462974,0.19530866072082018,0.10714338225266472
9490,2,success,3,5,0,2732.204035803484,3196,639.2,591.0,0.05,0.1,12.15849781036377,74.07974243164062,-501.0,605.510009765625,2500.0,391.7540358034926,2541,-159.55000000000203,0.0,0.0,0.8548823641437685,"{1: 84, 2: 45, 3: 36, 6: 83, 5: 11, 4: 16, 0: 44}","{0: 7, 1: 16, 2: 50, 3: 139, 6: 53, 5: 32, 4: 22}","{1: 133, 0: 110, 2: 76}","{1: 152, 0: 69, 2: 98}","{1: 187, 0: 78, 2: 54}","{1: 217, 0: 45, 2: 57}",0.06702725880514111,0.03144192342668434,0.07815396562190667,0.08319223024871947,0.1498160460086396,0.15976749668671836,0.20222506308058044,0.20708341091469815,0.14743527283263846,0.09741254307222329,0.11551373215722376,0.20847397327691453
9500,2,success,3,5,0,2694.811581447622,2839,567.8,562.0,0.05,0.1,12.168747901916504,74.14642333984375,-501.0,605.510009765625,2500.0,336.51158144763326,2469,-141.69999999999797,0.0,0.0,0.949211546829032,"{4: 78, 3: 38, 5: 31, 0: 63, 1: 53, 2: 20}","{5: 17, 4: 36, 3: 156, 2: 29, 0: 23, 1: 6, 6: 16}","{1: 154, 2: 60, 0: 69}","{1: 171, 2: 73, 0: 39}","{1: 186, 2: 32, 0: 65}","{1: 214, 2: 37, 0: 32}",0.04160737389287492,0.024240009864253655,0.06341633383081463,0.06714524010806566,0.19038430447006058,0.13297168214867205,0.2301763005245387,0.14659363006397597,0.20488399563078935,0.09877454137352336,0.1362672462047948,0.3123427767007029
9510,2,max_steps,3,4,0,2229.8746324582257,3500,719.0,762.0,0.05,0.1,12.20032024383545,74.19134521484375,-501.0,608.6910400390625,2000.0,404.67463245824376,2609,-174.8000000000055,0.0,0.0,0.6371070378452074,"{6: 129, 5: 82, 4: 42, 3: 10, 2: 23, 1: 14, 0: 50}","{0: 14, 1: 27, 2: 123, 3: 154, 6: 20, 5: 6, 4: 6}","{1: 134, 2: 139, 0: 77}","{1: 201, 0: 111, 2: 38}","{1: 197, 2: 89, 0: 64}","{1: 258, 2: 61, 0: 31}",0.07671845423888574,0.02618765197024093,0.09252637712353057,0.08224432668142839,0.20595855636290647,0.1326215926370165,0.23320678861064104,0.20195669101715935,0.26904640316295664,0.19820020580615327,0.17162987257924212,0.2967418234529413
9520,2,success,3,5,0,2665.7691354945423,2815,563.0,509.0,0.05,0.1,12.228804588317871,74.27072143554688,-501.0,598.1976928710938,2500.0,306.2691354945446,2367,-140.4999999999977,0.0,0.0,0.9469872595007255,"{0: 22, 1: 21, 2: 61, 6: 37, 5: 51, 4: 75, 3: 14}","{3: 141, 2: 48, 0: 7, 1: 15, 5: 22, 4: 48}","{1: 109, 0: 61, 2: 111}","{1: 168, 0: 46, 2: 67}","{1: 158, 0: 51, 2: 72}","{1: 216, 0: 21, 2: 44}",0.07637691645847522,0.026495928962206802,0.09095033345956097,0.08554635913138905,0.1712239700637415,0.06457043907377803,0.22286690849681332,0.13739486284932478,0.1264865343852917,0.055477749869483735,0.1254952323401104,0.1544247973214255
9530,2,crash,3,2,1,-2.109732564533374,1754,782.0,782.0,0.05,0.1,12.248764991760254,74.31367492675781,-501.0,597.856689453125,1000.0,143.19110560418196,1327,-87.59999999999717,-57.7008381687139,-1000.0,-0.0012028121804637253,"{5: 59, 4: 75, 3: 24, 2: 11, 1: 6}","{1: 33, 2: 28, 3: 67, 6: 29, 5: 8, 4: 10}","{1: 60, 2: 90, 0: 25}","{1: 89, 0: 34, 2: 52}","{1: 86, 2: 67, 0: 22}","{1: 91, 2: 33, 0: 51}",0.07890013879920678,0.02942135729012764,0.10043142088626274,0.0984978494630158,0.17349357903594143,0.13175416884696217,0.2122402050931272,0.2346442058536591,0.17009235629476296,0.006468450520738978,0.24467254307697786,0.09339057296718029
9540,2,success,3,5,0,2722.9188128024434,3102,620.4,575.0,0.05,0.1,12.269286155700684,74.36756134033203,-501.0,612.1546020507812,2500.0,377.76881280244663,2688,-154.85000000000096,0.0,0.0,0.8777945882664228,"{6: 43, 5: 17, 4: 48, 3: 28, 2: 70, 0: 93, 1: 11}","{3: 191, 4: 34, 2: 56, 0: 24, 1: 5}","{1: 122, 2: 88, 0: 100}","{1: 203, 0: 74, 2: 33}","{1: 179, 2: 65, 0: 66}","{1: 204, 2: 42, 0: 64}",0.0712524162441791,0.0193089149117785,0.07665993686125097,0.09014289673701267,0.1607824606963491,0.12616266238611987,0.20566524423451726,0.18522693208633637,0.12049647768380525,0.11946739259890403,0.1277387114603538,0.10387320816718107
9550,2,max_steps,3,3,0,1540.4723724050561,3500,1089.3333333333333,547.0,0.05,0.1,12.274703025817871,74.36793518066406,-501.0,609.3406372070312,1500.0,406.08849197325526,2365,-174.8500000000055,-190.76611956819224,0.0,0.44013496354430176,"{1: 45, 2: 12, 3: 60, 6: 218, 5: 5, 4: 10}","{0: 29, 1: 13, 2: 29, 3: 209, 6: 50, 5: 5, 4: 15}","{1: 158, 0: 102, 2: 90}","{1: 154, 0: 104, 2: 92}","{1: 217, 0: 58, 2: 75}","{1: 221, 0: 70, 2: 59}",0.06050993120692197,0.03162338271152054,0.07404461883882515,0.08590079163109203,0.2155860981017809,0.1521923385944589,0.26051106983132144,0.20312996855366589,0.25288676838687396,0.1876085684692729,0.26463263901893597,0.20900922386022536
9560,2,crash,3,1,1,-584.2159426732626,966,489.0,489.0,0.05,0.1,12.277271270751953,74.40766143798828,-501.0,607.3193969726562,500.0,50.98591751269771,406,-48.249999999999396,-86.95186018596235,-1000.0,-0.604778408564454,"{1: 38, 2: 10, 6: 48}","{1: 7, 2: 10, 3: 73, 4: 6}","{1: 46, 0: 50}","{1: 47, 0: 34, 2: 15}","{1: 61, 0: 35}","{1: 56, 0: 22, 2: 18}",0.0521646620923887,0.030545517301724404,0.05571045248332842,0.08671129858371024,0.21235252968470403,0.13704406922037424,0.24673313260447677,0.18515299165921037,0.2192906475139423,0.007250179359491332,0.24469123953495883,0.11082401315295401
9570,2,crash,3,1,1,-517.2269756076122,1675,1579.0,1579.0,0.05,0.1,12.282299995422363,74.47596740722656,-501.0,596.7664794921875,500.0,89.741595657088,1153,-83.69999999999739,-23.268571264700654,-1000.0,-0.30879222424335057,"{6: 133, 5: 14, 4: 10, 3: 3, 2: 7}","{2: 21, 3: 136, 6: 10}","{1: 127, 2: 40}","{1: 141, 0: 7, 2: 19}","{1: 130, 2: 37}","{1: 147, 2: 11, 0: 9}",0.02963254372289735,0.010930597598302094,0.05028023679019284,0.06809096831975239,0.18578646706604932,0.03238061213495154,0.21825431478133672,0.10101083143639533,0.2354256127106011,0.0048671527556544,0.2996701992507558,0.03430728514930619
9580,2,crash,3,4,1,1024.2430580836399,2462,589.0,411.5,0.05,0.1,12.286229133605957,74.54853820800781,-501.0,596.9241943359375,2000.0,171.9910984396689,1652,-122.89999999999516,-24.848040356023695,-1000.0,0.41602073845801785,"{4: 189, 3: 42, 5: 4, 0: 11}","{1: 22, 2: 104, 3: 54, 5: 38, 4: 26, 6: 2}","{1: 184, 2: 62}","{1: 141, 0: 50, 2: 55}","{1: 181, 2: 61, 0: 4}","{1: 202, 2: 24, 0: 20}",0.032368604498602696,0.026754019718360597,0.05515748589524576,0.0616454873373072,0.17572174075656885,0.13688331118663846,0.2090241067551762,0.13990387550683464,0.1508722723305881,0.12901222515678795,0.22702813434229113,0.0703946287161231
9590,2,max_steps,3,2,0,1145.5240484513704,3500,955.5,955.5,0.05,0.1,12.289734840393066,74.5422134399414,-501.0,600.7696533203125,1000.0,320.42404845137565,2963,-174.90000000000552,0.0,0.0,0.3272925852718201,"{1: 79, 0: 104, 2: 64, 3: 3, 6: 43, 5: 20, 4: 37}","{5: 12, 4: 12, 3: 226, 2: 75, 0: 19, 1: 6}","{1: 145, 0: 132, 2: 73}","{1: 262, 2: 29, 0: 59}","{1: 200, 0: 85, 2: 65}","{1: 251, 0: 61, 2: 38}",0.06542532758999305,0.013751771475926234,0.08046277737694008,0.07368469690375437,0.1367014644263978,0.06411833737192899,0.1769624661678119,0.16146978067850812,0.18641248013636616,0.012426767404627679,0.25411078205800713,0.1267676537451899
9600,2,success,3,5,0,2652.759734938612,2894,578.8,419.0,0.05,0.1,12.29569149017334,74.59967041015625,-501.0,600.7696533203125,2500.0,369.1270056552312,2838,-144.4499999999986,-71.9172707166204,0.0,0.9166412352932315,"{5: 32, 4: 56, 3: 39, 0: 83, 1: 23, 2: 11, 6: 45}","{2: 99, 3: 160, 5: 9, 4: 21}","{1: 100, 2: 95, 0: 94}","{1: 199, 0: 42, 2: 48}","{1: 158, 2: 76, 0: 55}","{1: 210, 2: 36, 0: 43}",0.07433238724915515,0.0252850939523319,0.08475647670320094,0.08653657802975935,0.1844796428979309,0.07818238992437118,0.2402190802409261,0.13348558225177581,0.17062487195665565,0.053162519328844124,0.1858482086803567,0.10051132019414159
9610,2,crash,3,2,1,-171.41833286364204,1705,515.5,515.5,0.05,0.1,12.302560806274414,74.62955474853516,-501.0,600.7696533203125,1000.0,93.95236343081454,956,-85.1499999999973,-180.22069629445247,-1000.0,-0.10053861165022994,"{2: 69, 1: 28, 3: 3, 0: 3, 6: 67}","{4: 62, 3: 104, 2: 4}","{1: 98, 0: 72}","{1: 130, 2: 33, 0: 7}","{1: 129, 0: 41}","{1: 162, 0: 7, 2: 1}",0.043572995311223675,0.018939992517007398,0.04884477351693717,0.042059933939796366,0.10499401504002055,0.033830484363566365,0.11390305243355733,0.08997810229596268,0.12008687782468305,0.025298133841357064,0.10986972005356076,0.09893762409139968
9620,2,max_steps,3,4,0,2234.0861249797645,3500,808.5,766.5,0.05,0.1,12.315169334411621,74.67877197265625,-501.0,596.7664794921875,2000.0,463.78679522453155,2694,-174.8000000000055,-54.90067024476073,0.0,0.6383103214227899,"{0: 117, 1: 17, 2: 32, 3: 8, 6: 104, 5: 30, 4: 42}","{6: 9, 5: 6, 4: 32, 3: 177, 0: 28, 1: 26, 2: 72}","{1: 90, 0: 155, 2: 105}","{1: 233, 2: 40, 0: 77}","{1: 156, 0: 103, 2: 91}","{1: 254, 0: 48, 2: 48}",0.10367288265349464,0.02584826572423371,0.11908149619652195,0.08111428512152222,0.1962450331258912,0.12183202383877163,0.21930313072333055,0.13709922506399716,0.21363273096721855,0.03156522312079066,0.24829616426699685,0.09414389115225713
9630,2,crash,3,4,1,1046.214280842109,2856,675.5,546.0,0.05,0.1,12.327425956726074,74.73977661132812,-501.0,596.7664794921875,2000.0,437.53355244370084,2114,-142.59999999999818,-248.71927160157603,-1000.0,0.36632152690550035,"{4: 62, 3: 5, 6: 121, 5: 18, 0: 68, 1: 4, 2: 7}","{1: 9, 2: 58, 4: 32, 3: 152, 5: 19, 0: 15}","{1: 66, 2: 148, 0: 71}","{1: 172, 0: 60, 2: 53}","{1: 84, 2: 131, 0: 70}","{1: 189, 2: 46, 0: 50}",0.10685306111555574,0.025653840227312524,0.13954879172090956,0.08204670346783355,0.2770875107968349,0.09285045660529526,0.285785438956922,0.23039924450598645,0.27924979898471014,0.03216426576826264,0.2568728921987267,0.06849965576824311
9640,2,crash,3,2,1,-14.658325534798792,1603,688.5,688.5,0.05,0.1,12.331157684326172,74.79471588134766,-501.0,596.7664794921875,1000.0,103.25273294381705,1160,-80.0499999999976,-37.861058478612875,-1000.0,-0.00914430788197055,"{2: 40, 3: 2, 6: 50, 5: 35, 4: 10, 0: 23}","{2: 50, 3: 66, 1: 21, 5: 5, 4: 18}","{1: 71, 0: 25, 2: 64}","{1: 100, 0: 45, 2: 15}","{1: 95, 0: 16, 2: 49}","{1: 114, 0: 26, 2: 20}",0.06421033136002527,0.024407918258340707,0.07053070161747652,0.09006630477712474,0.21984958116285772,0.07896077671014612,0.24529101870795497,0.19768378674955742,0.22301750698591433,0.014326663792617027,0.29453262925802337,0.10593668755780082
9650,2,crash,3,1,1,-479.80051806445135,635,515.0,515.0,0.05,0.1,12.344892501831055,74.81886291503906,-501.0,590.3648071289062,500.0,74.46982822164142,514,-31.700000000000315,-22.57034628609323,-1000.0,-0.755591367030632,"{6: 26, 5: 14, 4: 10, 3: 1, 1: 5, 0: 7}","{1: 6, 2: 14, 3: 31, 6: 12}","{1: 15, 2: 48}","{1: 35, 0: 19, 2: 9}","{1: 21, 2: 42}","{1: 45, 2: 7, 0: 11}",0.09746968017891007,0.01912362318386875,0.12101227930723417,0.08577035035796127,0.24517080899184657,0.1308147870330545,0.2656956028914675,0.1634152557446661,0.22228626316235509,0.010908038542992495,0.2836283729096966,0.04681933321247141
9660,2,crash,3,1,1,-489.952485828216,665,484.0,484.0,0.05,0.1,12.34800910949707,74.8624496459961,-501.0,599.2962036132812,500.0,86.93691701563138,664,-33.20000000000025,-43.68940284384741,-1000.0,-0.736770655380776,"{6: 20, 5: 15, 4: 14, 3: 11, 2: 6}","{6: 3, 5: 7, 4: 8, 3: 27, 2: 3, 0: 18}","{1: 14, 2: 52}","{1: 28, 2: 22, 0: 16}","{1: 20, 2: 44, 0: 2}","{1: 44, 2: 6, 0: 16}",0.1059711458880121,0.035587258519605536,0.12240935808107908,0.09131591187946701,0.21504900015592665,0.18572999071414742,0.2576263961295202,0.28629910512617696,0.20982871241634518,0.006531485918537924,0.27865696992640265,0.06509047897756581
9670,2,max_steps,3,3,0,1526.7339996868234,3500,989.6666666666666,876.0,0.05,0.1,12.345431327819824,74.90522003173828,-501.0,599.2962036132812,1500.0,224.93886424470205,2858,-174.8500000000055,-23.354864557878155,0.0,0.4362097141962353,"{4: 235, 5: 22, 3: 18, 0: 29, 1: 13, 2: 33}","{6: 8, 5: 6, 4: 32, 3: 129, 2: 134, 0: 26, 1: 15}","{1: 236, 2: 46, 0: 68}","{1: 229, 2: 60, 0: 61}","{1: 291, 2: 16, 0: 43}","{1: 291, 2: 26, 0: 33}",0.03152253030583594,0.023577727728765187,0.037748611093107134,0.04635526831157326,0.10719934350512526,0.11264500936053222,0.13770211203604138,0.1074188648526716,0.09780313191194479,0.030475914587021435,0.20871513565209315,0.09737135912945646
9680,2,crash,3,1,1,-511.49472564095794,823,633.0,633.0,0.05,0.1,12.349767684936523,74.94538879394531,-501.0,599.2962036132812,500.0,55.38301369837124,530,-41.0999999999998,-25.777739339330065,-1000.0,-0.6215002741688432,"{1: 50, 2: 12, 3: 1, 4: 3, 5: 6, 6: 10}","{1: 4, 2: 11, 3: 40, 4: 8, 6: 17, 5: 2}","{1: 40, 0: 42}","{1: 38, 0: 24, 2: 20}","{1: 40, 0: 42}","{1: 70, 0: 4, 2: 8}",0.05707840450918153,0.03589514553619358,0.11286826950344514,0.07056568643104721,0.24118900383257236,0.141460120303514,0.2448401189598929,0.1087320181254925,0.19818225550770438,0.02226307387928526,0.26487007095478216,0.09451222218281032
9690,2,crash,3,1,1,-524.1140352051466,920,671.0,671.0,0.05,0.1,12.347655296325684,75.0259780883789,-501.0,599.2962036132812,500.0,72.14164712032033,670,-45.94999999999953,-50.30568232546774,-1000.0,-0.5696891687012463,"{0: 19, 1: 16, 2: 31, 3: 1, 4: 9, 5: 10, 6: 6}","{5: 10, 4: 9, 3: 48, 0: 5, 1: 19, 2: 1}","{1: 29, 0: 63}","{1: 52, 2: 23, 0: 17}","{1: 50, 0: 42}","{1: 48, 0: 17, 2: 27}",0.08525729171327315,0.02837491518047164,0.08746874644596882,0.0989121793698876,0.15578946359398696,0.15415189421427383,0.20897584245124823,0.15525409751208274,0.13256638867520104,0.016449545765662425,0.24022561287327576,0.09561456135648329
9700,2,crash,3,3,1,707.9109621137302,1937,620.3333333333334,711.0,0.05,0.1,12.35116958618164,75.0611343383789,-501.0,599.2962036132812,1500.0,324.0226753664642,1400,-96.69999999999665,-19.411713252730852,-1000.0,0.3654677140494219,"{2: 28, 3: 2, 6: 81, 5: 9, 4: 9, 0: 57, 1: 7}","{3: 114, 1: 23, 2: 49, 6: 7}","{1: 25, 0: 94, 2: 74}","{1: 138, 2: 2, 0: 53}","{1: 35, 0: 93, 2: 65}","{1: 116, 0: 43, 2: 34}",0.16793891829153682,0.0208948268173966,0.1902379064594593,0.09376391043718407,0.2551979400710894,0.07140724467943863,0.29732573570784315,0.25366029394343265,0.26754924555641496,0.02151620870766092,0.2988470435188642,0.08681456056282469
9710,2,crash,3,3,1,337.6555051887651,2828,743.3333333333334,790.0,0.05,0.1,12.351765632629395,75.11674499511719,-501.0,599.2962036132812,1500.0,214.8473447347556,1872,-141.24999999999787,-235.94183954598194,-1000.0,0.11939727906250534,"{4: 49, 5: 14, 2: 41, 1: 77, 0: 41, 6: 60}","{5: 26, 4: 39, 3: 172, 0: 22, 1: 6, 2: 7, 6: 10}","{1: 143, 0: 105, 2: 34}","{1: 148, 2: 76, 0: 58}","{1: 182, 2: 30, 0: 70}","{1: 193, 0: 54, 2: 35}",0.04920631324016221,0.027435719858293954,0.06914896731604243,0.0906200264017162,0.17473067426853855,0.1482463868891216,0.20284285369559965,0.11560247775357696,0.20069189801303292,0.01145292095274752,0.2749610149950718,0.09973989311137968
9720,2,crash,3,3,1,308.9265188376918,2418,604.0,599.0,0.05,0.1,12.354066848754883,75.17920684814453,-501.0,599.2962036132812,1500.0,163.53087358507912,2115,-120.74999999999528,-233.85435474738546,-1000.0,0.12776117404371043,"{3: 61, 2: 61, 0: 4, 1: 55, 4: 13, 5: 47}","{0: 9, 1: 34, 2: 47, 5: 34, 4: 34, 3: 64, 6: 19}","{1: 165, 2: 1, 0: 75}","{1: 92, 0: 68, 2: 81}","{1: 186, 0: 55}","{1: 200, 0: 33, 2: 8}",0.02532266187160595,0.034186123668365626,0.04428372384624554,0.05784800572755665,0.1257671158180926,0.13444363456955705,0.1500295620082792,0.1041189627527068,0.16136822933304165,0.041958872503768035,0.15245963690467235,0.09036789942712432
9730,2,crash,3,4,1,1176.3379580045435,2352,560.5,485.0,0.05,0.1,12.352174758911133,75.23664093017578,-501.0,614.2434692382812,2000.0,319.7076277755898,1930,-117.39999999999547,-25.969669771039637,-1000.0,0.5001436896277821,"{0: 58, 1: 74, 2: 43, 3: 3, 6: 44, 5: 6, 4: 7}","{5: 10, 4: 9, 3: 148, 2: 31, 0: 18, 1: 8, 6: 11}","{1: 55, 0: 132, 2: 48}","{1: 166, 2: 25, 0: 44}","{1: 93, 0: 96, 2: 46}","{1: 155, 0: 35, 2: 45}",0.09813053763116246,0.02194818686358199,0.12845011835528375,0.08958124297944797,0.23976644370393727,0.12368747746935407,0.2734295323376217,0.15347696134503108,0.24142519531659543,0.011932639941255657,0.23221695838276554,0.1228229825533567
9740,2,crash,3,1,1,-474.3790714370822,516,417.0,417.0,0.05,0.1,12.349883079528809,75.29842376708984,-501.0,606.3035888671875,500.0,72.42175591471134,416,-25.75000000000023,-21.05082735179393,-1000.0,-0.9193392857307794,"{6: 24, 5: 9, 4: 8, 1: 1, 0: 9}","{4: 8, 3: 43}","{1: 13, 2: 38}","{1: 43, 2: 7, 0: 1}","{1: 11, 2: 40}","{1: 38, 2: 4, 0: 9}",0.1506669420684391,0.02155011212442119,0.20418696000956785,0.08637252820478328,0.2716238988933749,0.050984211032919204,0.3059952364330394,0.16910202301311594,0.26512867731260964,0.0016988529410576056,0.3114185016006535,0.008810011538696719
9750,2,crash,3,3,1,620.3908792547963,2432,773.3333333333334,701.0,0.05,0.1,12.339341163635254,75.38158416748047,-501.0,606.3035888671875,1500.0,262.30394490793043,1764,-121.44999999999524,-20.463065653126645,-1000.0,0.25509493390411037,"{2: 71, 3: 3, 5: 27, 6: 37, 4: 18, 0: 81, 1: 6}","{0: 36, 1: 16, 2: 46, 3: 96, 6: 26, 5: 4, 4: 19}","{1: 108, 0: 77, 2: 58}","{1: 126, 0: 79, 2: 38}","{1: 129, 0: 67, 2: 47}","{1: 191, 0: 27, 2: 25}",0.07268758242718176,0.029205694635299456,0.08395013002754423,0.06394642181843797,0.24328327402417058,0.17962464655200755,0.25943672842022575,0.12385506515622574,0.167675722512991,0.03247518663590401,0.15087292408495262,0.13052416077952778
9760,2,max_steps,3,4,0,2186.612373078595,3500,862.5,800.5,0.05,0.1,12.351015090942383,75.42974090576172,-501.0,603.913818359375,2000.0,468.1755492174498,2618,-174.8000000000055,-106.76317613884008,0.0,0.62474639230817,"{6: 87, 5: 22, 4: 18, 1: 55, 0: 30, 2: 136, 3: 2}","{0: 45, 1: 14, 2: 65, 3: 148, 6: 51, 5: 11, 4: 16}","{1: 104, 2: 134, 0: 112}","{1: 197, 0: 85, 2: 68}","{1: 143, 2: 116, 0: 91}","{1: 227, 2: 59, 0: 64}",0.08831420282497057,0.02589439793462288,0.11995661201346827,0.08495311937989992,0.23696486788699883,0.14353973836773373,0.2912360013475047,0.26886237171071947,0.22856842080521578,0.010716809901862419,0.29820596272384586,0.08290958034848923
9770,2,success,3,5,0,2597.190496701426,3389,677.8,665.0,0.05,0.1,12.352628707885742,75.45002746582031,-501.0,579.4926147460938,2500.0,269.3718804420002,2545,-169.20000000000422,-2.9813837405604393,0.0,0.7663589544707661,"{3: 74, 2: 137, 5: 34, 4: 24, 0: 58, 1: 11}","{2: 100, 1: 14, 3: 153, 6: 18, 5: 5, 4: 32, 0: 16}","{1: 211, 0: 77, 2: 50}","{1: 198, 0: 81, 2: 59}","{1: 264, 0: 53, 2: 21}","{1: 294, 0: 33, 2: 11}",0.03418659236493439,0.024331383634842052,0.049514190079412115,0.052030726285952414,0.10378747422273996,0.15420265689834511,0.14298825065612492,0.10238457006512912,0.10273315317531728,0.0787184208571039,0.09477573347737465,0.08299138832977794
9780,2,crash,3,2,1,0.597737677569512,1170,516.0,516.0,0.05,0.1,12.348063468933105,75.52497863769531,-501.0,579.4926147460938,1000.0,90.63953510677982,814,-58.39999999999882,-31.641797429208978,-1000.0,0.0005108869039055658,"{4: 55, 3: 2, 6: 3, 5: 43, 2: 9, 1: 5}","{3: 52, 2: 36, 0: 3, 1: 12, 5: 14}","{1: 46, 2: 61, 0: 10}","{1: 60, 2: 13, 0: 44}","{1: 60, 2: 49, 0: 8}","{1: 74, 2: 13, 0: 30}",0.061546756765841065,0.02974197012900001,0.09769533804552835,0.0943247655974766,0.1785023069617718,0.08592897360006349,0.20917580089985,0.19388437147819604,0.17810042348761088,0.01869829058986724,0.2525278391810435,0.09698232470693524
9790,2,crash,3,3,1,541.2750295801092,2389,730.0,823.0,0.05,0.1,12.362935066223145,75.55330657958984,-501.0,597.3010864257812,1500.0,217.57021248004958,1833,-119.29999999999536,-56.995182899940296,-1000.0,0.22656970681461247,"{3: 24, 4: 94, 5: 8, 0: 75, 1: 7, 2: 10, 6: 20}","{4: 27, 3: 92, 0: 37, 1: 6, 2: 45, 6: 26, 5: 5}","{1: 134, 2: 33, 0: 71}","{1: 136, 2: 61, 0: 41}","{1: 165, 2: 11, 0: 62}","{1: 218, 2: 15, 0: 5}",0.03792761958817878,0.025566621201467594,0.05309232843650693,0.0444696889757421,0.18608024450604962,0.15993852592917066,0.18006591205733022,0.0986861353402191,0.050667484125393784,0.10079385600940055,0.11179580171473326,0.10100427595768642
9800,2,success,3,5,0,2670.5114242912514,3179,635.8,681.0,0.05,0.1,12.362099647521973,75.58505249023438,-501.0,609.8742065429688,2500.0,375.30445587766314,2249,-158.70000000000184,-46.09303158641308,0.0,0.8400476326804818,"{1: 74, 2: 46, 4: 31, 5: 70, 6: 23, 3: 1, 0: 72}","{6: 2, 5: 9, 4: 8, 3: 234, 2: 64}","{1: 141, 0: 114, 2: 62}","{1: 238, 2: 31, 0: 48}","{1: 173, 0: 85, 2: 59}","{1: 257, 0: 39, 2: 21}",0.06232476011292301,0.018120902390347516,0.07907984156470658,0.07592436499216096,0.22771736411382568,0.0641634654149222,0.26885722485319186,0.11124404365450964,0.243741386884436,0.02723996456441534,0.3017385055996059,0.10069558770819768
9810,2,crash,3,1,1,-503.49853949212667,512,333.0,333.0,0.05,0.1,12.36931037902832,75.63106536865234,-501.0,585.7540283203125,500.0,55.22267929513098,332,-25.550000000000228,-33.17121878725859,-1000.0,-0.9833955849455599,"{5: 23, 4: 10, 0: 18}","{4: 10, 3: 41}","{1: 10, 2: 41}","{1: 29, 2: 17, 0: 5}","{1: 15, 2: 36}","{1: 26, 2: 9, 0: 16}",0.1598130121079295,0.025984267338477897,0.18610186238927606,0.0957646356743794,0.26065377576440546,0.1257416613487574,0.30325053310954414,0.2914877646915487,0.24166778735618927,0.005503445055404624,0.3126815788104583,0.04889071468892188
9820,2,success,3,5,0,2716.7112310238613,2449,489.8,575.0,0.05,0.1,12.372161865234375,75.6845703125,-501.0,586.1826171875,2500.0,456.87473916427115,2084,-122.1999999999952,-117.96350814040402,0.0,1.109314508380507,"{2: 37, 3: 18, 6: 98, 5: 14, 4: 15, 0: 56, 1: 6}","{4: 37, 3: 142, 5: 8, 0: 21, 1: 10, 2: 26}","{1: 67, 0: 87, 2: 90}","{1: 131, 2: 52, 0: 61}","{1: 78, 0: 74, 2: 92}","{1: 165, 0: 34, 2: 45}",0.13489915876168995,0.02505714695624802,0.19184557996469456,0.08193593480086667,0.2594846556760448,0.12643955223857217,0.29737347030377004,0.24708464858745915,0.2676914422832275,0.10458328520454424,0.30376454520780516,0.15623704090631396
9830,2,crash,3,1,1,-472.122668183103,698,604.0,604.0,0.05,0.1,12.379817008972168,75.715087890625,-501.0,571.1856079101562,500.0,84.33173353259366,603,-34.85000000000016,-21.604401715696827,-1000.0,-0.676393507425649,"{6: 42, 5: 9, 4: 9, 0: 9}","{1: 9, 2: 9, 3: 47, 4: 4}","{1: 33, 2: 36}","{1: 43, 0: 22, 2: 4}","{1: 31, 2: 38}","{1: 55, 2: 6, 0: 8}",0.06498164000492009,0.011200842522048103,0.1387053900503944,0.06067447521515927,0.25393953848733103,0.16593261337598528,0.28130120180095364,0.18420457032597323,0.25113822468423913,0.002786313360218486,0.2908358767978016,0.01653403238011261
9840,2,crash,3,1,1,-474.28332407438927,595,487.0,487.0,0.05,0.1,12.383038520812988,75.76454162597656,-501.0,609.3724365234375,500.0,86.21469167509139,486,-29.700000000000287,-30.798015749480943,-1000.0,-0.7971148303771248,"{0: 31, 1: 8, 2: 9, 4: 4, 5: 7}","{5: 5, 4: 9, 3: 33, 2: 1, 0: 11}","{1: 14, 0: 45}","{1: 32, 2: 19, 0: 8}","{1: 17, 0: 42}","{1: 43, 0: 2, 2: 14}",0.14146222977087375,0.02705279434059563,0.15075192963664616,0.08458047986967182,0.22612415961309548,0.15908288634891,0.2632796784045591,0.12064145844573357,0.2325586384097613,0.0036676576555756493,0.21276908219162888,0.10683623602996428
9850,2,success,3,5,0,2591.302401281458,3218,643.6,660.0,0.05,0.1,12.38933277130127,75.78685760498047,-501.0,600.3072509765625,2500.0,292.3148404218265,3020,-160.65000000000228,-40.362439140365815,0.0,0.8052524553391728,"{3: 27, 2: 142, 6: 48, 5: 9, 4: 9, 1: 42, 0: 44}","{5: 20, 4: 47, 3: 126, 0: 28, 1: 19, 2: 81}","{1: 184, 2: 44, 0: 93}","{1: 167, 2: 62, 0: 92}","{1: 241, 2: 33, 0: 47}","{1: 268, 0: 32, 2: 21}",0.04251582660999977,0.02939072921403627,0.04519924615869041,0.058616374165797125,0.161326727624982,0.1392240907242197,0.18696316728230467,0.10570241336633245,0.055032436112606234,0.032739046590687534,0.11613068458952407,0.10456380967953609
9860,2,crash,3,1,1,-476.95851447577434,659,559.0,559.0,0.05,0.1,12.402257919311523,75.83535766601562,-501.0,583.4821166992188,500.0,85.40458607806885,558,-32.90000000000027,-29.463100553843482,-1000.0,-0.7237610234837243,"{6: 39, 5: 8, 4: 8, 1: 1, 0: 9}","{2: 13, 3: 42, 6: 10}","{1: 25, 2: 40}","{1: 43, 0: 21, 2: 1}","{1: 29, 2: 36}","{1: 45, 2: 5, 0: 15}",0.09931057459300166,0.012235526554054884,0.12408968765813452,0.08800587142653632,0.2388651713096075,0.13487847952743454,0.273243497936438,0.1939508963952623,0.2479676000035137,0.001359960551747831,0.24328206579414147,0.10588726909358101
9870,2,crash,3,1,1,-659.4444442307719,895,413.0,413.0,0.05,0.1,12.400879859924316,75.89449310302734,-501.0,587.4736938476562,500.0,79.54680530003799,703,-44.6999999999996,-194.29124953080964,-1000.0,-0.7368094348947172,"{0: 13, 1: 16, 2: 12, 3: 10, 4: 38}","{5: 4, 4: 32, 3: 31, 0: 2, 1: 11, 2: 9}","{1: 37, 0: 52}","{1: 24, 2: 27, 0: 38}","{1: 45, 0: 39, 2: 5}","{1: 56, 0: 18, 2: 15}",0.07378591964290825,0.09470787340568285,0.09981435608879734,0.09371714183565083,0.20887767873666546,0.14569618137713217,0.25607158085037085,0.1940075471681375,0.21403253576368036,0.014510605462521229,0.28717491452539723,0.08606963642708176
9880,2,crash,3,4,1,1096.7474583377357,3299,807.5,743.0,0.05,0.1,12.408236503601074,75.97744750976562,-501.0,589.154052734375,2000.0,279.1930112308619,2761,-164.7500000000032,-17.695552893123658,-1000.0,0.33244845660434547,"{4: 145, 3: 4, 2: 68, 5: 25, 0: 74, 1: 6, 6: 7}","{4: 43, 3: 156, 2: 14, 5: 14, 0: 64, 1: 7, 6: 31}","{1: 184, 2: 45, 0: 100}","{1: 177, 2: 76, 0: 76}","{1: 251, 0: 55, 2: 23}","{1: 286, 0: 30, 2: 13}",0.047283535805119105,0.028514573328787835,0.05937509128975961,0.057386107327986526,0.14476525758982112,0.1247557824720995,0.1977818721301881,0.10392875278732315,0.1400418064305306,0.02877291848185009,0.10168276452441205,0.10000852101853251
9890,2,max_steps,3,4,0,2104.9691915052367,3500,667.0,612.5,0.05,0.1,12.407024383544922,76.01531982421875,-501.0,617.1691284179688,2000.0,279.76919150524316,3180,-174.8000000000055,0.0,0.0,0.6014197690014962,"{2: 159, 3: 87, 1: 20, 6: 48, 5: 33, 4: 3}","{4: 40, 3: 143, 0: 77, 1: 23, 2: 28, 6: 34, 5: 5}","{1: 205, 0: 84, 2: 61}","{1: 168, 2: 72, 0: 110}","{1: 269, 0: 40, 2: 41}","{1: 295, 0: 29, 2: 26}",0.04312041565265204,0.03043643827894879,0.05172407012042643,0.06801929671176712,0.09981081877613687,0.1401502437313685,0.12772741978612523,0.10410036145130613,0.0800626689898811,0.1098460215888091,0.13286846994121565,0.10097144433086276
9900,2,success,3,5,0,2708.3719387159335,3417,683.4,752.0,0.05,0.1,12.414509773254395,76.04524230957031,-501.0,617.274658203125,2500.0,378.97193871594266,2781,-170.60000000000454,0.0,0.0,0.7926168974878354,"{6: 80, 5: 27, 4: 109, 3: 29, 2: 34, 1: 29, 0: 33}","{2: 38, 3: 260, 4: 18, 6: 15, 5: 10}","{1: 139, 2: 116, 0: 86}","{1: 269, 0: 28, 2: 44}","{1: 193, 2: 95, 0: 53}","{1: 279, 2: 28, 0: 34}",0.06233617039606742,0.015896105430068717,0.0850311886963572,0.080782987437346,0.2296134192876572,0.08708974454087863,0.2463182333720728,0.10569409842564799,0.08085684517651359,0.06313214577577878,0.09972017689455215,0.10065269376745624
9910,2,success,3,5,0,2691.5864941877194,2406,481.2,536.0,0.05,0.1,12.412531852722168,76.0529556274414,-501.0,573.0729370117188,2500.0,311.63649418772036,1974,-120.04999999999532,0.0,0.0,1.118697628506949,"{2: 93, 3: 3, 1: 79, 6: 49, 5: 7, 4: 9}","{1: 7, 2: 24, 3: 153, 4: 56}","{1: 88, 0: 98, 2: 54}","{1: 152, 0: 36, 2: 52}","{1: 113, 0: 79, 2: 48}","{1: 184, 0: 35, 2: 21}",0.08354737556780988,0.026700119802635043,0.11084660844856103,0.0665368742311607,0.17871987865248912,0.09891110833469108,0.21506962804770177,0.16080025537711137,0.17784790374714457,0.024326231592170535,0.13842976006101268,0.11318508785988457
9920,2,crash,3,1,1,-484.9129719775683,604,464.0,464.0,0.05,0.1,12.417913436889648,76.11893463134766,-501.0,582.0593872070312,500.0,81.5011373256296,463,-30.150000000000293,-36.264109303198616,-1000.0,-0.8028360463204773,"{0: 28, 1: 9, 2: 8, 3: 2, 4: 11, 5: 2}","{5: 6, 4: 12, 3: 28, 1: 3, 2: 11}","{1: 14, 0: 46}","{1: 33, 2: 21, 0: 6}","{1: 19, 0: 41}","{1: 33, 0: 7, 2: 20}",0.1386272668510113,0.026687466588201814,0.15528124885109024,0.09640847545352832,0.2181169873423145,0.1254733005762501,0.24538870318257788,0.12793846837454567,0.22580070135804162,0.006869079083573678,0.20843931724145615,0.1140340765442581
9930,2,max_steps,3,4,0,2164.8025298245507,3500,689.75,648.0,0.05,0.1,12.42308521270752,76.11615753173828,-501.0,578.5875244140625,2000.0,339.6025298245668,2685,-174.8000000000055,0.0,0.0,0.6185150085213001,"{5: 68, 4: 95, 3: 18, 2: 49, 1: 34, 0: 62, 6: 24}","{5: 15, 4: 23, 3: 210, 2: 66, 0: 22, 1: 14}","{1: 124, 2: 102, 0: 124}","{1: 233, 2: 46, 0: 71}","{1: 188, 2: 77, 0: 85}","{1: 240, 2: 60, 0: 50}",0.07596970496196057,0.02384650221517407,0.09047264585116827,0.08972600796505498,0.17631498324768588,0.14069442916380667,0.21910622346187006,0.16933453457501668,0.14710788287570375,0.02935743866140641,0.27744900858512717,0.1557807690776612
9940,2,success,3,5,0,2619.7466325427395,3348,669.6,788.0,0.05,0.1,12.442048072814941,76.13944244384766,-501.0,584.33056640625,2500.0,394.45906611031916,2978,-167.15000000000376,-107.56243356757845,0.0,0.7824810730414395,"{0: 104, 1: 31, 2: 61, 3: 7, 4: 85, 5: 34, 6: 12}","{6: 4, 5: 7, 4: 20, 3: 234, 0: 6, 1: 14, 2: 49}","{1: 107, 0: 144, 2: 83}","{1: 233, 2: 43, 0: 58}","{1: 193, 0: 81, 2: 60}","{1: 259, 0: 49, 2: 26}",0.08637855659280749,0.022892012980781883,0.09171387448857712,0.07137813683466294,0.16713800332628156,0.09445865334073747,0.1837397089853922,0.11426925184854705,0.14642692998697207,0.02845152523476391,0.18753358697697287,0.10294007921317352
9950,2,crash,3,1,1,-716.9736609410782,1331,757.0,757.0,0.05,0.1,12.451777458190918,76.18230438232422,-501.0,587.6812133789062,500.0,80.8461828704766,926,-66.49999999999837,-231.31984381155587,-1000.0,-0.5386729233216214,"{0: 12, 1: 25, 2: 37, 3: 1, 6: 58}","{2: 19, 3: 56, 6: 54, 5: 4}","{1: 60, 0: 65, 2: 8}","{1: 74, 0: 24, 2: 35}","{1: 80, 0: 47, 2: 6}","{1: 71, 0: 35, 2: 27}",0.057636176779053576,0.026228416115841445,0.0725727854220804,0.0970464750595578,0.15584131019417755,0.10686019807111562,0.23473593346416516,0.21197635731121414,0.06435887277180687,0.020638778222786393,0.20633840900754175,0.2461068557439238
9960,2,success,3,5,0,2755.547118603296,2780,556.0,622.0,0.05,0.1,12.457551002502441,76.25042724609375,-501.0,599.3128051757812,2500.0,394.29711860330724,2121,-138.7499999999973,0.0,0.0,0.9912039994975885,"{0: 86, 1: 16, 2: 23, 3: 28, 5: 48, 6: 47, 4: 30}","{1: 12, 2: 26, 3: 167, 4: 36, 6: 17, 5: 20}","{1: 87, 0: 112, 2: 79}","{1: 170, 0: 47, 2: 61}","{1: 118, 0: 90, 2: 70}","{1: 167, 0: 56, 2: 55}",0.10802951023055049,0.019872366842708655,0.13576449602107918,0.08681795209202299,0.20866630913797551,0.12328191786200404,0.2562849918360089,0.21270414904608617,0.22218427299505797,0.07678304736688372,0.20688058302090837,0.14457635931575624
9970,2,success,3,5,0,2783.4728470731097,2319,463.8,485.0,0.05,0.1,12.475052833557129,76.31769561767578,-501.0,599.3128051757812,2500.0,399.17284707311507,1939,-115.69999999999557,0.0,0.0,1.2002901453527857,"{5: 51, 4: 53, 3: 27, 0: 71, 1: 11, 2: 16, 6: 2}","{4: 22, 3: 137, 1: 14, 2: 39, 6: 7, 5: 6, 0: 6}","{1: 52, 2: 82, 0: 97}","{1: 137, 2: 41, 0: 53}","{1: 82, 2: 69, 0: 80}","{1: 141, 2: 45, 0: 45}",0.1351311932944262,0.025355650394956998,0.16534749973041418,0.09293829572213586,0.25733006555405746,0.1324169398940051,0.2942360340612273,0.24941457521470928,0.22952260137792163,0.033920855371514624,0.28289081467280053,0.10110882311858965
9980,2,crash,3,1,1,-467.82620469153346,535,453.0,453.0,0.05,0.1,12.485115051269531,76.37702941894531,-506.65972900390625,585.34912109375,500.0,78.27861856160003,447,-26.700000000000244,-19.40482325313385,-1000.0,-0.8744415040963243,"{6: 28, 5: 8, 4: 8, 3: 1, 1: 5, 0: 3}","{4: 9, 3: 37, 5: 7}","{1: 15, 2: 38}","{1: 37, 2: 16}","{1: 14, 2: 39}","{1: 44, 2: 2, 0: 7}",0.13492919215061466,0.026270766385014858,0.1852451198444372,0.08606458596307465,0.27700951451889927,0.07839218048144281,0.3039287792801196,0.18472883061540973,0.2695095118807111,0.00455844592911721,0.3040145481569784,0.009382491871386215
9990,2,crash,3,2,1,68.81063113888706,1592,709.5,709.5,0.05,0.1,12.486189842224121,76.43313598632812,-506.65972900390625,586.7975463867188,1000.0,189.27383197446747,1269,-79.49999999999763,-40.963200835581354,-1000.0,0.04322275825306976,"{2: 77, 3: 13, 6: 52, 5: 7, 4: 10}","{0: 23, 1: 8, 2: 8, 3: 69, 4: 15, 6: 32, 5: 4}","{1: 68, 0: 32, 2: 59}","{1: 75, 0: 42, 2: 42}","{1: 89, 0: 17, 2: 53}","{1: 132, 0: 19, 2: 8}",0.07385183224603653,0.03376581893592363,0.09041165721107784,0.06611199369927935,0.20581047532531394,0.20227339257559543,0.21968168035706007,0.10569087464566254,0.20735255549406847,0.0182061619286111,0.21464249634471028,0.04836359139625029
10000,2,crash,3,2,1,111.28807884972389,1427,653.0,653.0,0.05,0.1,12.487592697143555,76.48514556884766,-506.65972900390625,586.7975463867188,1000.0,205.12319636752258,1180,-71.2499999999981,-22.585117517797734,-1000.0,0.07798744138032508,"{0: 36, 1: 11, 2: 22, 3: 2, 6: 58, 5: 6, 4: 7}","{2: 47, 3: 83, 6: 12}","{1: 28, 0: 49, 2: 65}","{1: 100, 0: 41, 2: 1}","{1: 46, 0: 25, 2: 71}","{1: 104, 0: 17, 2: 21}",0.09991241214064407,0.017789005339003707,0.12832573269861858,0.06133250866462054,0.27436935954279856,0.038927342239789144,0.2991153121191625,0.18529538168904622,0.2950113440845177,0.015244694409019481,0.3049737715951782,0.09618539150330153
