ep,stage,done_reason,action_repeat,hits,crash,return,steps,avg_steps_per_hit,med_steps_per_hit,epsilon,alpha,q_mean,q_std,q_min,q_max,r_hit,r_progress,progress_steps,r_step,r_near_boundary,r_oob,mean_return_per_step,dx_bin_counts,dy_bin_counts,vx_bin_counts,vy_bin_counts,theta_bin_counts,omega_bin_counts,vx_abs_p50,vy_abs_p50,theta_abs_p50,omega_abs_p50,vx_abs_p90,vy_abs_p90,theta_abs_p90,omega_abs_p90,near_vx_abs_p90,near_vy_abs_p90,near_theta_abs_p90,near_omega_abs_p90
10,0,max_steps,1,0,0,-8.312877545463802,2500,,,0.9950112350131176,0.1,0.0021193167194724083,0.2813587784767151,-0.2689426839351654,56.032230377197266,0.0,16.68712245453597,1181,-25.00000000000111,0.0,0.0,-0.003325151018185521,"{4: 171, 5: 79}","{4: 23, 3: 183, 2: 44}",{1: 250},"{1: 210, 2: 40}",{1: 250},{1: 250},0.008075104966153716,0.011262383743394354,0.011705354284776582,0.013723796270406458,0.022391316805136546,0.04343416826248218,0.03292424046853359,0.03521541279777604,,,,
20,0,max_steps,1,0,0,-3.051958963538232,2500,,,0.9900473578023296,0.1,0.005200953222811222,0.44182196259498596,-0.5134510397911072,62.428863525390625,0.0,21.94804103646145,1155,-25.00000000000111,0.0,0.0,-0.0012207835854152927,"{2: 167, 1: 83}","{1: 26, 2: 59, 3: 165}",{1: 250},"{1: 203, 0: 47}",{1: 250},{1: 250},0.003125642070414992,0.011156338110402418,0.006381429895622204,0.009427567851412494,0.015451121136370238,0.04640889999375798,0.02151206859708962,0.02435211194186148,,,,
30,0,max_steps,1,0,0,6.667336285510091,2500,,,0.98510824420837,0.1,0.007192535791546106,0.4561621844768524,-0.6245471239089966,38.47844314575195,0.0,31.667336285509922,1572,-25.00000000000111,0.0,0.0,0.0026669345142040363,"{1: 151, 2: 99}","{4: 15, 3: 196, 2: 39}",{1: 250},"{1: 220, 2: 30}",{1: 250},{1: 250},0.006973061700622066,0.008515935955441572,0.011221431476548076,0.013532696617880653,0.02630638925378125,0.0325890708548829,0.03147122413750439,0.030690628585393512,,,,
40,0,max_steps,1,0,0,-16.604282404498022,2500,,,0.9801937706913741,0.1,0.00817931443452835,0.5288596153259277,-0.8941333889961243,61.31938934326172,0.0,8.395717595501692,812,-25.00000000000111,0.0,0.0,-0.006641712961799209,"{5: 54, 6: 196}","{4: 5, 3: 205, 2: 40}",{1: 250},"{1: 236, 2: 14}",{1: 250},{1: 250},0.008278513215791362,0.008309974217393521,0.008734056305356648,0.013533420108224836,0.017420404224007962,0.02554999623689847,0.02489581766331612,0.03225840536431619,,,,
50,0,max_steps,1,0,0,-3.122389209785095,2500,,,0.9753038143277888,0.1,0.010316314175724983,0.629792332649231,-0.9214485287666321,61.31938934326172,0.0,21.877610790214767,1214,-25.00000000000111,0.0,0.0,-0.001248955683914038,{1: 250},"{4: 20, 3: 193, 2: 37}",{1: 250},"{1: 219, 2: 31}",{1: 250},{1: 250},0.007340005779844224,0.009149759667341223,0.009386481532547699,0.013707579433186663,0.018532258726048044,0.04389949494303326,0.02399808233391976,0.02931863673380148,,,,
60,0,max_steps,1,0,0,-20.585609179130234,2500,,,0.9704382528072976,0.1,0.011311008594930172,0.5846246480941772,-1.1723315715789795,62.46245193481445,0.0,4.414390820870073,695,-25.00000000000111,0.0,0.0,-0.008234243671652094,{6: 250},"{4: 11, 3: 195, 2: 44}",{1: 250},"{1: 220, 2: 30}",{1: 250},{1: 250},0.005325096419804467,0.00994108509110025,0.008289225710719352,0.013658348529951538,0.01881787266535978,0.03311136101178968,0.025476926423251462,0.029782840906044307,,,,
70,0,max_steps,1,0,0,5.0126963238128175,2500,,,0.9655969644297613,0.1,0.014491118490695953,0.7302510142326355,-1.1381523609161377,83.4098892211914,0.0,30.012696323812918,1075,-25.00000000000111,0.0,0.0,0.002005078529525127,"{5: 218, 4: 32}","{1: 14, 2: 60, 3: 176}",{1: 250},"{1: 201, 0: 49}",{1: 250},{1: 250},0.011486649530430467,0.010139440408133284,0.015724681348274747,0.01650080945717945,0.02466021608834299,0.051727590401924824,0.030999742488604026,0.04031189930499206,,,,
80,0,max_steps,1,0,0,-4.900824973110281,2500,,,0.9607798281021742,0.1,0.015544299967586994,0.7584222555160522,-1.1174373626708984,69.12619018554688,0.0,20.09917502688956,1464,-25.00000000000111,0.0,0.0,-0.0019603299892441126,"{5: 176, 6: 74}","{1: 10, 2: 36, 3: 204}",{1: 250},"{1: 207, 0: 43}",{1: 250},{1: 250},0.009383207212551065,0.007652127394647178,0.011057446111246521,0.01675612653766858,0.019652421449321198,0.04700817623627196,0.03057962985345592,0.0363079208894836,,,,
90,0,max_steps,1,1,0,513.6518972195722,2500,146.0,146.0,0.9559867233356352,0.1,0.021960275247693062,0.9932959079742432,-1.1174373626708984,94.55375671386719,500.0,38.64189721956537,1880,-24.990000000001107,0.0,0.0,0.2054607588878289,"{3: 14, 2: 236}","{4: 29, 3: 181, 2: 40}",{1: 250},"{1: 216, 2: 34}",{1: 250},{1: 250},0.0074204012496701935,0.010977239815729154,0.010745825387448595,0.011398916847248603,0.01781624567213737,0.038793883203537535,0.026903019056197366,0.03846437338832098,0.000820787381314702,0.06143280305433489,0.0023463648382390247,0.010534680435619788
100,0,max_steps,1,0,0,-11.85500798514919,2500,,,0.951217530242334,0.1,0.022918395698070526,1.0341728925704956,-1.1810835599899292,98.19857788085938,0.0,13.144992014850475,1150,-25.00000000000111,0.0,0.0,-0.004742003194059676,{6: 250},"{3: 218, 2: 32}",{1: 250},{1: 250},{1: 250},{1: 250},0.007000979081504707,0.0056446391775951486,0.008880924922620666,0.013170543517630664,0.016375857341082135,0.014503828874967315,0.023111582414267175,0.03146194288268795,,,,
110,0,max_steps,1,0,0,-8.663979597708861,2500,,,0.9464721295325524,0.1,0.02500208280980587,1.1231184005737305,-1.1756398677825928,98.19857788085938,0.0,16.33602040229093,1282,-25.00000000000111,0.0,0.0,-0.0034655918390835445,"{5: 143, 4: 7, 6: 100}","{2: 54, 3: 196}",{1: 250},"{1: 232, 0: 18}",{1: 250},{1: 250},0.008997510789654408,0.007640072010051718,0.010673031453169082,0.010816294000574721,0.023511829367623163,0.02295228093096039,0.02745544241244169,0.03264163996923842,,,,
120,0,max_steps,1,1,0,499.3113234051851,2500,255.0,255.0,0.9417504025116805,0.1,0.02797332964837551,1.2348686456680298,-1.271058440208435,94.29439544677734,500.0,24.301323405174646,1379,-24.990000000001107,0.0,0.0,0.19972452936207402,"{3: 25, 1: 132, 0: 93}","{4: 25, 1: 11, 2: 60, 3: 154}",{1: 250},"{1: 188, 2: 23, 0: 39}",{1: 250},{1: 250},0.006876586245044071,0.010781674191139474,0.009792726404446134,0.013474741962012302,0.020884576742977664,0.04458222582644895,0.026532049739907172,0.027858524400526077,0.009204002009511733,0.046445857923811076,0.023171913126178882,0.026877775164247757
130,0,max_steps,1,1,0,536.6927497532921,2500,385.0,385.0,0.937052231077248,0.1,0.03225422278046608,1.3714087009429932,-1.271058440208435,112.48080444335938,500.0,61.682749753283666,1585,-24.990000000001107,0.0,0.0,0.21467709990131684,"{3: 38, 4: 212}","{1: 5, 2: 67, 6: 10, 5: 16, 4: 25, 3: 127}",{1: 250},"{1: 162, 0: 26, 2: 62}",{1: 250},{1: 250},0.006543070040044504,0.016682208885633126,0.009685916052429671,0.010855315490806983,0.01999073330370759,0.061654262708291864,0.02282945068761504,0.026124583037259928,0.011011841185755954,0.036219301818098765,0.01939399314011419,0.02266199329380811
140,0,max_steps,1,0,0,-0.35473761516914576,2500,,,0.9323774977159699,0.1,0.035367172211408615,1.508535385131836,-1.2972568273544312,121.4322509765625,0.0,24.645262384830637,1278,-25.00000000000111,0.0,0.0,-0.0001418950460676583,"{0: 53, 1: 197}","{3: 222, 2: 28}",{1: 250},{1: 250},{1: 250},{1: 250},0.010251053109776904,0.009430172291851821,0.015098440677983046,0.016075693892159258,0.025575491840892427,0.01919274573260137,0.03357003658301391,0.037344548040080666,,,,
150,0,max_steps,1,0,0,-5.612294702262886,2500,,,0.9277260855008077,0.1,0.03528666868805885,1.5085127353668213,-1.2135910987854004,121.4322509765625,0.0,19.38770529773689,1409,-25.00000000000111,0.0,0.0,-0.0022449178809051547,"{2: 208, 1: 42}","{2: 44, 3: 206}",{1: 250},"{1: 243, 0: 7}",{1: 250},{1: 250},0.0063618108099561315,0.005607008825653714,0.007086209267573109,0.010347145721380593,0.016601742167648252,0.013418477785013358,0.022689219241422646,0.023494234796068564,,,,
160,0,max_steps,1,0,0,-8.33512919012343,2500,,,0.923097878088044,0.1,0.036306802183389664,1.5455948114395142,-1.3245446681976318,121.4322509765625,0.0,16.664870809876458,1401,-25.00000000000111,0.0,0.0,-0.003334051676049372,"{5: 82, 4: 168}","{2: 40, 3: 210}",{1: 250},"{1: 232, 0: 17, 2: 1}",{1: 250},{1: 250},0.005228937499860891,0.010911150178832672,0.008892789500113681,0.010582134754696187,0.015317367463188764,0.0254271596967986,0.019499243014259277,0.0244964223778406,,,,
170,0,max_steps,1,1,0,499.9329291152555,2500,2336.0,2336.0,0.9184927597143733,0.1,0.03715724125504494,1.5732225179672241,-1.3434374332427979,130.28872680664062,500.0,24.92292911525398,1909,-24.990000000001107,0.0,0.0,0.1999731716461022,"{2: 182, 3: 51, 6: 17}","{4: 14, 3: 211, 2: 25}",{1: 250},"{1: 235, 2: 15}",{1: 250},{1: 250},0.006592125998174558,0.009088303308745008,0.007416505089156703,0.00657320556830759,0.012381044479903564,0.023018150911195773,0.016769962245634876,0.01814588249868934,0.011149398418900298,0.017085546339854957,0.015582132816463696,0.020428177884894514
180,0,max_steps,1,0,0,-3.2361072183048076,2500,,,0.9139106151940054,0.1,0.0391344390809536,1.6546673774719238,-1.1713876724243164,137.1024169921875,0.0,21.76389278169511,1643,-25.00000000000111,0.0,0.0,-0.001294442887321923,{1: 250},"{4: 20, 3: 204, 2: 26}",{1: 250},"{1: 223, 2: 27}",{1: 250},{1: 250},0.005360384512974177,0.007336010320536863,0.007831938842111063,0.011231445376594108,0.017905431382569507,0.03219748578569891,0.02706546221901172,0.033344327198694915,,,,
190,0,max_steps,1,0,0,-11.623723615857694,2500,,,0.9093513299157857,0.1,0.03987335413694382,1.6888576745986938,-1.314021110534668,141.4322967529297,0.0,13.376276384142082,956,-25.00000000000111,0.0,0.0,-0.004649489446343078,{5: 250},"{4: 13, 3: 181, 2: 56}",{1: 250},"{1: 233, 2: 17}",{1: 250},{1: 250},0.005527823838806836,0.008940552875378817,0.007269731321658753,0.010209236921299554,0.016038889448793357,0.026599483643624817,0.02168715894444927,0.024082924487768262,,,,
200,0,max_steps,1,0,0,-18.589139167948687,2500,,,0.9048147898403269,0.1,0.04403519257903099,1.8521431684494019,-1.3835357427597046,147.8929443359375,0.0,6.410860832051606,867,-25.00000000000111,0.0,0.0,-0.007435655667179475,"{4: 121, 5: 129}","{2: 43, 3: 207}",{1: 250},"{1: 243, 0: 7}",{1: 250},{1: 250},0.006123729593952286,0.009082475405484014,0.008290334806649691,0.009297433575498126,0.016204047223043087,0.020170157515151728,0.019608945048608977,0.02026594820744329,,,,
210,0,max_steps,1,0,0,-7.603231275957971,2500,,,0.9003008814971583,0.1,0.04716179519891739,1.8982465267181396,-1.4983491897583008,129.4324188232422,0.0,17.39676872404184,1609,-25.00000000000111,0.0,0.0,-0.0030412925103831885,{2: 250},"{3: 179, 2: 71}",{1: 250},{1: 250},{1: 250},{1: 250},0.006162874504300687,0.007334234427435122,0.008944091624411465,0.010374720775844391,0.011368912330037718,0.01661697110739806,0.01832958283426585,0.025626894569532953,0.01630374893129543,0.018912008263150457,0.019557711504104465,0.0288627118407412
220,0,max_steps,1,0,0,0.4058911455249463,2500,,,0.895809491981886,0.1,0.047927580773830414,1.9253392219543457,-1.3774994611740112,129.4324188232422,0.0,25.405891145524713,1302,-25.00000000000111,0.0,0.0,0.00016235645820997853,"{5: 227, 6: 23}","{1: 10, 2: 37, 3: 203}",{1: 250},"{1: 214, 0: 36}",{1: 250},{1: 250},0.009161964288986246,0.010605574667591714,0.012466658247914705,0.017057558846801896,0.019355916104405024,0.05098046692916425,0.028528752471014645,0.04114904233867984,,,,
230,0,max_steps,1,0,0,-8.500020789714672,2500,,,0.8913405089533699,0.1,0.05007070675492287,2.0135560035705566,-1.3390837907791138,156.9317626953125,0.0,16.499979210285062,1329,-25.00000000000111,0.0,0.0,-0.0034000083158858686,"{2: 237, 1: 13}","{2: 51, 3: 199}",{1: 250},"{1: 241, 0: 9}",{1: 250},{1: 250},0.004912037770959793,0.012023337614226769,0.007690214341568543,0.010004932748683994,0.016682540210975767,0.025083603189049546,0.022339696270608066,0.02667021077556688,,,,
240,0,max_steps,1,1,0,500.54997482653863,2500,177.0,177.0,0.8868938206309135,0.1,0.054240256547927856,2.130707025527954,-1.1519001722335815,156.9317626953125,500.0,25.53997482652864,1463,-24.990000000001107,0.0,0.0,0.20021998993061546,"{3: 17, 2: 233}","{4: 17, 2: 55, 3: 178}",{1: 250},"{1: 221, 2: 14, 0: 15}",{1: 250},{1: 250},0.005222426241281997,0.009108293144605704,0.008962790840131334,0.013282189119326892,0.01290992169469654,0.03107043011471321,0.022539541489910733,0.03421684541189904,0.005158508342916077,0.04090502437516483,0.009883258387615461,0.038630186566575214
250,0,max_steps,1,0,0,0.27483906794036816,2500,,,0.8824693157914677,0.1,0.05673648789525032,2.1367347240448,-1.1519001722335815,122.89053344726562,0.0,25.27483906794018,998,-25.00000000000111,0.0,0.0,0.00010993562717614726,{4: 250},"{2: 70, 3: 180}",{1: 250},"{1: 218, 0: 31, 2: 1}",{1: 250},{1: 250},0.006423484314487956,0.007439037143210484,0.008915076792209594,0.013615505787362108,0.02725796113494794,0.03210066139422405,0.0356106032836615,0.033834793038425605,0.03406814555512645,0.03378784417361942,0.04915489134015114,0.04286089869425152
260,0,success,1,2,0,1054.17811728802,842,421.0,421.0,0.8780668837668493,0.1,0.061962712556123734,2.2992546558380127,-1.4888516664505005,134.40884399414062,1000.0,62.57811728801844,775,-8.399999999999865,0.0,0.0,1.2519930134061996,{3: 84},"{5: 13, 4: 16, 0: 24, 1: 14, 2: 17}","{1: 83, 0: 1}","{1: 10, 2: 29, 0: 45}",{1: 84},{1: 84},0.011216967198706584,0.05724473896005561,0.017464325844130088,0.01783925462252805,0.04540477593458094,0.06975977287126198,0.06445267657019403,0.05374832292172655,0.04954288288778534,0.0646118174125172,0.048117336891442875,0.058244016796457555
270,0,max_steps,1,0,0,9.373264668857082,2500,,,0.8736864144409725,0.1,0.06373672932386398,2.3434293270111084,-1.5036206245422363,155.19578552246094,0.0,34.37326466885689,1818,-25.00000000000111,0.0,0.0,0.003749305867542833,"{1: 51, 2: 199}","{1: 17, 2: 36, 3: 197}",{1: 250},"{1: 214, 0: 36}",{1: 250},{1: 250},0.005020697741118358,0.011580463717826572,0.005614842643822037,0.010741173879832344,0.014147741616444836,0.05041021776116543,0.02032682269478864,0.02250123791634505,,,,
280,0,max_steps,1,0,0,33.94320677261608,2500,,,0.8693277982470946,0.1,0.06345707178115845,2.274693727493286,-1.3831658363342285,117.87822723388672,0.0,58.94320677261557,1815,-25.00000000000111,0.0,0.0,0.013577282709046432,"{1: 35, 2: 201, 3: 14}","{5: 18, 4: 18, 3: 176, 2: 38}","{1: 235, 0: 15}","{1: 207, 2: 43}",{1: 250},{1: 250},0.00801545845926154,0.012896750643811048,0.008989308814284598,0.010706300985713329,0.028310906408915842,0.05912462117675915,0.033513614206081746,0.03795395468475048,0.017485954302094178,0.01664699165411273,0.015599064602781258,0.014655998544479428
290,0,max_steps,1,0,0,0.6929894352470115,2500,,,0.864990926165076,0.1,0.06333547830581665,2.2738189697265625,-1.321814775466919,117.87822723388672,0.0,25.692989435246766,1319,-25.00000000000111,0.0,0.0,0.0002771957740988046,"{0: 165, 1: 85}","{2: 40, 3: 210}",{1: 250},"{1: 236, 0: 14}",{1: 250},{1: 250},0.008421083337105412,0.009029822126004786,0.0119928674053297,0.015491525499714675,0.02811210419119547,0.02064590428199218,0.029796480377303355,0.03340668537336067,,,,
300,0,max_steps,1,0,0,14.554975514263505,2500,,,0.8606756897186528,0.1,0.06738578528165817,2.3942618370056152,-1.4579976797103882,134.35562133789062,0.0,39.55497551426371,1491,-25.00000000000111,0.0,0.0,0.005821990205705402,"{1: 198, 0: 52}","{5: 14, 4: 17, 3: 200, 2: 19}",{1: 250},"{1: 209, 2: 41}",{1: 250},{1: 250},0.009646004527755117,0.007817391128764508,0.013424987865577439,0.01333822583232799,0.030373745464665803,0.05425728667440636,0.03389185205421043,0.04703515560646366,,,,
310,0,max_steps,1,0,0,-16.73643412961907,2500,,,0.8563819809727236,0.1,0.0692838504910469,2.4490222930908203,-1.5115760564804077,155.30258178710938,0.0,8.26356587038071,822,-25.00000000000111,0.0,0.0,-0.0066945736518476285,"{5: 175, 6: 75}","{2: 63, 3: 187}",{1: 250},"{1: 224, 0: 24, 2: 2}",{1: 250},{1: 250},0.007066514264540143,0.011549437014479986,0.009371942986822032,0.01401494172925135,0.027683484458583277,0.030328138012266487,0.03654231923191626,0.043494949617290696,,,,
320,0,max_steps,1,1,0,525.5809942823163,2500,1227.0,1227.0,0.8521096925306499,0.1,0.07327477633953094,2.606675148010254,-1.6288883686065674,185.748779296875,500.0,50.57099428231266,2103,-24.990000000001107,0.0,0.0,0.2102323977129265,"{2: 216, 3: 19, 1: 15}","{1: 5, 2: 126, 3: 119}",{1: 250},"{1: 232, 0: 17, 2: 1}",{1: 250},{1: 250},0.010180042249868152,0.012202739527398886,0.012961231609305384,0.014105575018170773,0.030161955127713486,0.028969609641081168,0.03780914981437514,0.033102405525574106,0.0250883591172763,0.015322337843521806,0.017719289237634342,0.014888057092215645
330,0,max_steps,1,0,0,-2.2701686068816183,2500,,,0.84785871753157,0.1,0.073074109852314,2.605196714401245,-1.5531485080718994,185.748779296875,0.0,22.729831393118154,1472,-25.00000000000111,0.0,0.0,-0.0009080674427526473,{2: 250},"{5: 7, 4: 28, 3: 193, 2: 22}",{1: 250},"{1: 213, 2: 37}",{1: 250},{1: 250},0.004411633688307523,0.007161393992479044,0.0062121857627765766,0.008754367620081017,0.010540050303552184,0.040926365307242016,0.01577777542435334,0.021848184051536275,,,,
340,0,max_steps,1,0,0,-5.889875344138386,2500,,,0.8436289496477257,0.1,0.0770748108625412,2.717676877975464,-1.5543419122695923,161.57159423828125,0.0,19.110124655861433,1394,-25.00000000000111,0.0,0.0,-0.0023559501376553544,{2: 250},"{2: 60, 3: 190}",{1: 250},"{1: 244, 0: 6}",{1: 250},{1: 250},0.008615416889613729,0.008352894999150777,0.012941518899059524,0.01359925240314662,0.01689027622035828,0.022661412444137677,0.022428344097375704,0.03162951411198253,,,,
350,0,max_steps,1,0,0,-12.028067853844306,2500,,,0.8394202830818028,0.1,0.07823086529970169,2.7531862258911133,-1.1923558712005615,161.57159423828125,0.0,12.971932146155444,1329,-25.00000000000111,0.0,0.0,-0.004811227141537722,{2: 250},"{4: 15, 3: 204, 2: 31}",{1: 250},"{1: 232, 2: 18}",{1: 250},{1: 250},0.004374499080206418,0.008437201450675433,0.0062405543645993955,0.007429902888056705,0.012459435832910254,0.02320468108351051,0.014225568285153617,0.019505504442423098,,,,
360,0,max_steps,1,0,0,17.27186865535473,2500,,,0.8352326125642855,0.1,0.07804977148771286,2.735106945037842,-1.375657081604004,161.57159423828125,0.0,42.27186865535616,1414,-25.00000000000111,0.0,0.0,0.006908747462141892,"{1: 60, 2: 190}","{4: 14, 3: 217, 2: 19}","{1: 236, 0: 14}","{1: 232, 2: 18}",{1: 250},"{1: 249, 2: 1}",0.010483234629349636,0.00961071304312553,0.016575148833433757,0.019582820773422133,0.0362648339259711,0.02226604217691635,0.050368883548686544,0.05908967287668703,,,,
370,0,max_steps,1,0,0,8.719765021810614,2500,,,0.8310658333508228,0.1,0.07774794846773148,2.7102792263031006,-1.5347936153411865,149.79806518554688,0.0,33.71976502181045,1645,-25.00000000000111,0.0,0.0,0.003487906008724246,"{1: 12, 2: 238}","{2: 31, 3: 219}",{1: 250},"{1: 240, 0: 10}",{1: 250},{1: 250},0.00648440645300675,0.006307748068725649,0.008191473013444465,0.009556081454965967,0.02067401599292322,0.018260903454869467,0.0265604824169044,0.02552222890924555,0.027369633703546396,0.013997671459574227,0.019002227783518233,0.025177151773853258
380,0,max_steps,1,1,0,517.0220146439257,2500,1145.0,1145.0,0.8269198412196082,0.1,0.08297400921583176,2.8462750911712646,-1.342382550239563,162.8275146484375,500.0,42.012014643918754,1536,-24.990000000001107,0.0,0.0,0.20680880585757028,"{1: 15, 2: 89, 3: 10, 5: 136}","{4: 14, 3: 195, 2: 41}","{1: 234, 0: 16}","{1: 223, 2: 25, 0: 2}",{1: 250},{1: 250},0.01183189740765825,0.010066238944058174,0.015335569276925105,0.020764287466460606,0.04436306080755327,0.03055438449696452,0.05830673300718225,0.04874816513395146,0.028047121837489905,0.020938176444089598,0.03370959600130485,0.023111695058125804
390,0,max_steps,1,0,0,-12.433502515685145,2500,,,0.8227945324687735,0.1,0.0828285962343216,2.8442656993865967,-1.5051156282424927,162.8275146484375,0.0,12.566497484314638,1101,-25.00000000000111,0.0,0.0,-0.004973401006274058,"{1: 215, 0: 35}","{4: 17, 3: 215, 2: 18}",{1: 250},"{1: 226, 2: 23, 0: 1}",{1: 250},{1: 250},0.006154864236602106,0.009883092486871435,0.008003695100568631,0.009830577028721752,0.013385708197863331,0.028843591339698382,0.018587332497355398,0.022804304542969805,,,,
400,0,max_steps,1,0,0,-11.628946188133767,2500,,,0.8186898039137951,0.1,0.08573395758867264,2.9262657165527344,-1.4876346588134766,169.80654907226562,0.0,13.371053811866048,1351,-25.00000000000111,0.0,0.0,-0.004651578475253507,{4: 250},"{2: 45, 3: 205}",{1: 250},"{1: 249, 0: 1}",{1: 250},{1: 250},0.00561261471433378,0.0076238656032679725,0.007581035013875581,0.008440461888816498,0.012389203720801927,0.016696980644484383,0.017810339203945116,0.02369186319823901,0.009189235893332991,0.015555354591877473,0.015000185491220345,0.02369186319823901
410,0,max_steps,1,0,0,6.646439475996889,2500,,,0.8146055528849124,0.1,0.0875433087348938,2.970378875732422,-1.438658595085144,160.25491333007812,0.0,31.646439475996637,1705,-25.00000000000111,0.0,0.0,0.0026585757903987554,"{2: 212, 3: 38}","{1: 9, 2: 135, 3: 106}",{1: 250},"{1: 230, 0: 19, 2: 1}",{1: 250},{1: 250},0.009426829790360823,0.011869452860920667,0.010376316391337168,0.010029334497949873,0.01848884889467936,0.02862274387460018,0.024040999448385954,0.022923907312887296,0.014570092114160323,0.02158575679493964,0.015705567423747832,0.018640852282792424
420,0,max_steps,1,0,0,13.104875785130679,2500,,,0.8105416772245603,0.1,0.09043794125318527,3.081411838531494,-1.4549399614334106,204.5260467529297,0.0,38.10487578513044,1438,-25.00000000000111,0.0,0.0,0.005241950314052272,"{2: 76, 1: 174}","{5: 13, 4: 19, 3: 187, 2: 31}",{1: 250},"{1: 213, 2: 37}",{1: 250},{1: 250},0.010599669688430137,0.009672952780377376,0.017808091235470187,0.023636459661979234,0.033463963227152754,0.06643054984700075,0.04406729448053423,0.045297550833871894,,,,
430,0,max_steps,1,0,0,8.97038980571134,2500,,,0.8064980752848135,0.1,0.08993587642908096,3.027334213256836,-1.4549399614334106,163.16258239746094,0.0,33.970389805711385,1565,-25.00000000000111,0.0,0.0,0.003588155922284536,"{2: 201, 3: 49}","{2: 64, 3: 186}",{1: 250},"{1: 247, 0: 3}",{1: 250},{1: 250},0.012627882727474449,0.009469307531644818,0.015051256606931393,0.014359492712152186,0.02752650179079038,0.023576253910298394,0.03242326764685381,0.031286470315790745,0.01937831351138888,0.021265810810789283,0.027041010507558555,0.02741581982623066
440,0,max_steps,1,0,0,27.43008555676698,2500,,,0.8024746459248447,0.1,0.09151668846607208,3.0550196170806885,-1.4068623781204224,161.1438446044922,0.0,52.430085556766784,1677,-25.00000000000111,0.0,0.0,0.010972034222706793,"{1: 231, 2: 19}","{3: 245, 2: 5}","{1: 230, 0: 20}","{1: 248, 2: 2}",{1: 250},{1: 250},0.008442035923830112,0.010976809575866043,0.01663519705578326,0.01628710162202409,0.03780533517076675,0.0211796133366047,0.042213535553515556,0.050668173316642647,,,,
450,0,max_steps,1,0,0,-0.9663540229359632,2500,,,0.7984712885083941,0.1,0.09541698545217514,3.1955089569091797,-1.4068623781204224,193.44573974609375,0.0,24.03364597706379,1541,-25.00000000000111,0.0,0.0,-0.00038654160917438526,{1: 250},"{5: 8, 4: 28, 3: 194, 2: 20}",{1: 250},"{1: 213, 2: 37}",{1: 250},{1: 250},0.006276177678471797,0.01346623594148585,0.008485181065201637,0.014521472023283964,0.02125899261047859,0.04612566026781238,0.029621396597151375,0.037051408750089825,,,,
460,0,max_steps,1,0,0,8.443682567096499,2500,,,0.7944879029012528,0.1,0.09615544974803925,3.221205711364746,-1.4112129211425781,193.44573974609375,0.0,33.44368256709662,1257,-25.00000000000111,0.0,0.0,0.0033774730268385992,"{4: 162, 5: 88}","{1: 20, 2: 51, 3: 179}",{1: 250},"{1: 210, 0: 40}",{1: 250},{1: 250},0.00891265673698307,0.010205037981582493,0.01340173990377196,0.016404978059565485,0.028441264122403387,0.06301064913285576,0.037798107226977615,0.037606416578024555,,,,
470,0,max_steps,1,0,0,0.7666842775675295,2500,,,0.7905243894687576,0.1,0.097882941365242,3.2541451454162598,-1.3815861940383911,193.44573974609375,0.0,25.76668427756722,866,-25.00000000000111,0.0,0.0,0.00030667371102701183,"{4: 134, 5: 116}","{1: 15, 2: 62, 3: 173}",{1: 250},"{1: 215, 0: 35}",{1: 250},{1: 250},0.012080993010357895,0.009705389655160886,0.014757090462483958,0.015783113139894858,0.027426775514197078,0.04159749718538607,0.03291595818654855,0.03924517983586086,,,,
480,0,max_steps,1,0,0,-15.222053772212456,2500,,,0.7865806490732993,0.1,0.09659436345100403,3.1101160049438477,-1.3815861940383911,161.69117736816406,0.0,9.777946227787188,1182,-25.00000000000111,0.0,0.0,-0.006088821508884982,"{4: 112, 5: 138}","{3: 231, 2: 19}",{1: 250},"{1: 247, 0: 3}",{1: 250},{1: 250},0.007715841871745633,0.008085021369371578,0.013448426527353396,0.015612390243701011,0.02215602713444256,0.019317827468417332,0.02941945848575259,0.03569735234388235,,,,
490,0,max_steps,1,0,0,16.97109695314563,2500,,,0.7826565830718433,0.1,0.09841212630271912,3.1614391803741455,-1.3605811595916748,185.73634338378906,0.0,41.97109695314683,1487,-25.00000000000111,0.0,0.0,0.006788438781258252,"{1: 80, 2: 170}","{1: 19, 2: 55, 3: 176}","{1: 233, 0: 17}","{1: 202, 0: 47, 2: 1}",{1: 250},"{1: 249, 2: 1}",0.007388254625070615,0.008762813866574395,0.012732405071234094,0.01606829279355485,0.03196412178951521,0.05406286844900599,0.042127883463764566,0.05500839143480994,,,,
500,0,max_steps,1,0,0,14.813217495901787,2500,,,0.7787520933134615,0.1,0.0993102639913559,3.169916868209839,-1.3403096199035645,180.47079467773438,0.0,39.81321749590249,1826,-25.00000000000111,0.0,0.0,0.0059252869983607145,"{5: 75, 4: 175}","{3: 228, 2: 22}","{1: 236, 2: 14}","{1: 248, 2: 1, 0: 1}",{1: 250},{1: 250},0.008293747502287393,0.00945219148866695,0.010496891802586186,0.011092241654400089,0.03763061245741434,0.01937809962001108,0.047532441243043316,0.038347747254636494,,,,
510,0,max_steps,1,0,0,-9.417838344262933,2500,,,0.7748670821368779,0.1,0.10302898287773132,3.2564384937286377,-1.3403096199035645,176.66636657714844,0.0,15.582161655736789,816,-25.00000000000111,0.0,0.0,-0.003767135337705173,{4: 250},"{2: 73, 3: 177}",{1: 250},"{1: 228, 0: 22}",{1: 250},{1: 250},0.008587211758908468,0.007176956078443344,0.008592953735903,0.008789284127155123,0.01631540183517877,0.024599164966070605,0.02159362222883151,0.021774499032790884,,,,
520,0,max_steps,1,1,0,526.4611127282267,2500,2418.0,2418.0,0.7710014523680259,0.1,0.10467225313186646,3.227102041244507,-1.3164864778518677,176.5146026611328,500.0,51.45111272822641,1681,-24.990000000001107,0.0,0.0,0.21058444509129068,"{2: 236, 1: 11, 3: 3}","{4: 18, 3: 183, 2: 40, 0: 9}",{1: 250},"{1: 221, 2: 21, 0: 8}",{1: 250},{1: 250},0.013177205858365352,0.009963878254014152,0.018142916845604526,0.016975637617721962,0.03601801635289247,0.0377643025087526,0.04683797357938441,0.04167300021894419,0.034857081079980604,0.021949823478531943,0.04133360586465775,0.028993035346090237
530,0,max_steps,1,0,0,-3.1604322470017268,2500,,,0.7671551073176169,0.1,0.10880666971206665,3.301849126815796,-1.3045061826705933,185.6072540283203,0.0,21.839567752998015,915,-25.00000000000111,0.0,0.0,-0.0012641728988006906,"{4: 52, 5: 75, 6: 123}","{2: 46, 3: 204}","{1: 214, 0: 36}","{1: 224, 0: 25, 2: 1}",{1: 250},{1: 250},0.015844265581464165,0.00940262565669196,0.019713796352621972,0.030044653755077838,0.05874659864230239,0.030531882144309852,0.07541777674191999,0.07278180575100969,,,,
540,0,max_steps,1,0,0,11.700747993743617,2500,,,0.7633279507787228,0.1,0.11049141734838486,3.304070472717285,-1.3045061826705933,180.69029235839844,0.0,36.70074799374329,1032,-25.00000000000111,0.0,0.0,0.004680299197497447,"{3: 30, 4: 220}","{5: 10, 4: 28, 3: 171, 2: 41}","{1: 245, 2: 5}","{1: 217, 2: 33}",{1: 250},"{1: 247, 0: 3}",0.006595482013824565,0.010972164111539659,0.009082649694328555,0.013745361175950689,0.03182736495727611,0.042055187222856096,0.046969746022911534,0.04496709082740606,0.026224732421676795,0.05027582013475384,0.03454096834219642,0.02882255583017066
550,0,max_steps,1,1,0,541.2216007957365,2500,1643.0,1643.0,0.7595198870243695,0.1,0.11578139662742615,3.45186710357666,-1.289015531539917,212.13009643554688,500.0,66.21160079573042,1885,-24.990000000001107,0.0,0.0,0.21648864031829462,"{0: 47, 1: 39, 2: 73, 3: 5, 6: 86}","{2: 41, 3: 209}","{1: 228, 0: 22}","{1: 220, 0: 30}",{1: 250},"{1: 249, 2: 1}",0.014196595668863717,0.009467432982424594,0.01444412183968356,0.014985672830971415,0.04802101092865097,0.04502490360778095,0.056279739921483884,0.060847676201016984,0.020456683039872112,0.026864240721041276,0.024530367100798204,0.022401868862844284
560,0,max_steps,1,0,0,6.155090731123361,2500,,,0.7557308208051414,0.1,0.11889613419771194,3.519076108932495,-1.3774183988571167,212.13009643554688,0.0,31.155090731123142,1290,-25.00000000000111,0.0,0.0,0.0024620362924493446,"{4: 130, 5: 92, 6: 28}","{5: 5, 4: 25, 3: 202, 2: 18}","{1: 232, 0: 18}","{1: 211, 2: 32, 0: 7}",{1: 250},{1: 250},0.009982595851933966,0.009076810423938642,0.011534577029416395,0.016434819395618416,0.03987812023641424,0.03879569443957319,0.051495409827681714,0.04792425467452431,,,,
570,0,max_steps,1,0,0,-14.78357010690101,2500,,,0.751960657346801,0.1,0.12178385257720947,3.581458568572998,-1.2992850542068481,200.99765014648438,0.0,10.216429893098743,1046,-25.00000000000111,0.0,0.0,-0.005913428042760404,{4: 250},"{4: 9, 3: 208, 2: 33}",{1: 250},"{1: 240, 2: 10}",{1: 250},{1: 250},0.005325849471908424,0.00906136800399539,0.007057775099867448,0.012246047445060873,0.022893861288315717,0.02292146929096641,0.029315176769577192,0.02806100395029595,0.019945573966738288,0.033533694818996186,0.03346738743155773,0.03242230104479156
580,0,max_steps,1,1,0,549.3552529778138,2500,1684.0,1684.0,0.748209302347916,0.1,0.12782099843025208,3.6889913082122803,-1.361183524131775,194.13145446777344,500.0,74.34525297780911,1771,-24.990000000001107,0.0,0.0,0.21974210119112553,"{0: 73, 1: 42, 2: 50, 3: 3, 6: 82}","{1: 5, 2: 52, 3: 155, 6: 8, 5: 16, 4: 14}","{1: 208, 0: 42}","{1: 162, 0: 38, 2: 50}",{1: 250},"{1: 249, 0: 1}",0.030188385658999804,0.022165113377113424,0.02829693624622841,0.02561074190867408,0.0554715043475731,0.08186569753188028,0.06822190985949682,0.06430394034951387,0.05767100243502414,0.00789426749541986,0.07282919088241753,0.04149693095349025
590,0,success,1,2,0,1041.2800312086815,2137,1068.5,1068.5,0.7444766619775032,0.1,0.13267776370048523,3.8020856380462646,-1.5195245742797852,212.93858337402344,1000.0,62.63003120867874,1927,-21.350000000000538,0.0,0.0,0.4872625321519333,"{3: 78, 2: 135}","{1: 12, 2: 79, 5: 18, 4: 19, 3: 85}",{1: 213},"{1: 159, 0: 19, 2: 35}",{1: 213},{1: 213},0.007742759676662799,0.01926851343832966,0.00916074367736285,0.010673660014079999,0.03763854256144895,0.05517851989302524,0.04536710439231022,0.030792446271437433,0.02553508176555405,0.026801283271029767,0.0321934137568134,0.02565047345607039
600,0,max_steps,1,0,0,-4.967583795453914,2500,,,0.7407626428726788,0.1,0.13664686679840088,3.8460609912872314,-1.417188286781311,212.93858337402344,0.0,20.0324162045458,842,-25.00000000000111,0.0,0.0,-0.0019870335181815654,"{4: 197, 5: 53}","{5: 15, 4: 21, 3: 184, 2: 30}",{1: 250},"{1: 208, 2: 40, 0: 2}",{1: 250},{1: 250},0.004957785028033896,0.010806856447763294,0.006319758809328375,0.00936104527440327,0.018726839895510976,0.055894163347043835,0.027331746862254216,0.03921279991162113,,,,
610,0,max_steps,1,0,0,-9.753388331750372,2500,,,0.737067152136325,0.1,0.1429082602262497,3.993314027786255,-1.3187116384506226,223.2534942626953,0.0,15.246611668249324,729,-25.00000000000111,0.0,0.0,-0.0039013553327001487,"{4: 38, 5: 205, 6: 7}","{5: 16, 4: 22, 3: 188, 2: 24}",{1: 250},"{1: 210, 2: 40}",{1: 250},{1: 250},0.010322107387198586,0.008108275426694364,0.011234888286561454,0.014067741722717842,0.021049193449128555,0.05505514888409979,0.02676917886051307,0.03644022467282,,,,
620,0,max_steps,1,0,0,2.5493550174805897,2500,,,0.7333900973347661,0.1,0.14461763203144073,3.959165573120117,-1.3636994361877441,202.79644775390625,0.0,27.54935501748032,1220,-25.00000000000111,0.0,0.0,0.001019742006992236,"{4: 33, 5: 217}","{4: 21, 3: 203, 2: 26}","{1: 245, 2: 5}","{1: 222, 2: 28}",{1: 250},{1: 250},0.01170501710414032,0.007014043454978068,0.014602810147262498,0.015711455237129305,0.040120504448272504,0.04002520259752915,0.048177120568692416,0.054030436662726083,,,,
630,0,max_steps,1,0,0,3.9186071474263553,2500,,,0.7297313864954562,0.1,0.14839604496955872,4.030945777893066,-1.3405201435089111,228.12713623046875,0.0,28.918607147426144,1330,-25.00000000000111,0.0,0.0,0.001567442858970542,"{6: 157, 5: 93}","{3: 187, 2: 52, 4: 11}",{1: 250},"{1: 189, 2: 28, 0: 33}",{1: 250},{1: 250},0.013496600331241365,0.018906570251821977,0.017848703666355596,0.017454800658900604,0.02842614212873183,0.03658113026623805,0.037820091379973664,0.04158597941744298,,,,
640,0,max_steps,1,0,0,14.697671147078248,2500,,,0.7260909281046787,0.1,0.15393869578838348,4.0880866050720215,-1.3373289108276367,231.3681640625,0.0,39.697671147077905,1277,-25.00000000000111,0.0,0.0,0.005879068458831299,"{5: 38, 6: 212}","{1: 19, 2: 43, 3: 188}","{1: 225, 0: 15, 2: 10}","{1: 195, 0: 52, 2: 3}","{1: 245, 0: 5}","{1: 249, 0: 1}",0.011564342057596086,0.012979573750078991,0.01668524292868369,0.01929717675144709,0.04936003451518785,0.06325654912747417,0.062199997092675846,0.05878935710650469,,,,
650,0,success,1,2,0,1046.9225085089206,866,433.0,433.0,0.7224686311052574,0.1,0.157453253865242,4.132712364196777,-1.3255811929702759,224.4131622314453,1000.0,55.5625085089206,850,-8.63999999999986,0.0,0.0,1.2089174463151509,"{2: 28, 3: 58}","{4: 23, 3: 10, 0: 15, 1: 13, 2: 25}",{1: 86},"{1: 16, 2: 21, 0: 49}",{1: 86},{1: 86},0.014180193415378736,0.04186051231074986,0.018032423121556587,0.017774739365589556,0.03542546681803116,0.08066332758135894,0.049775722556359744,0.02795011307051054,0.043079912744572756,0.050331483138785056,0.05432032714316522,0.02683186525468387
660,0,max_steps,1,1,0,536.3235772624964,2500,1892.0,1892.0,0.7188644048942786,0.1,0.15970678627490997,4.2050299644470215,-1.3255811929702759,229.93838500976562,500.0,61.31357726249506,2010,-24.990000000001107,0.0,0.0,0.21452943090499857,"{2: 190, 3: 38, 1: 22}","{1: 11, 2: 45, 3: 163, 5: 5, 4: 26}","{1: 229, 2: 9, 0: 12}","{1: 173, 0: 40, 2: 37}",{1: 250},{1: 250},0.011949360325682482,0.016883926005209944,0.016117256535344605,0.02109109953952825,0.04792987206819102,0.04932777005703523,0.05935549749616634,0.05107020295585688,0.018402804342932053,0.019890763619956432,0.011251073538732018,0.014332108159963962
670,0,max_steps,1,0,0,-21.639242939087172,2500,,,0.7152781593208262,0.1,0.1611018031835556,4.247609615325928,-1.3141523599624634,231.9451446533203,0.0,3.360757060913433,432,-25.00000000000111,0.0,0.0,-0.008655697175634868,"{4: 40, 5: 177, 6: 33}","{3: 208, 2: 42}",{1: 250},"{1: 249, 2: 1}",{1: 250},{1: 250},0.00714890632433045,0.007928666957832934,0.009953695851509878,0.012908133115820501,0.035846523639128894,0.018222404441768363,0.04470976803154213,0.04641490183436231,,,,
680,0,max_steps,1,1,0,501.48179469264034,2500,179.0,179.0,0.7117098046837247,0.1,0.16371530294418335,4.321549415588379,-1.3141523599624634,233.72825622558594,500.0,26.471794692625554,843,-24.990000000001107,0.0,0.0,0.20059271787705613,"{3: 17, 4: 32, 5: 42, 6: 159}","{4: 17, 0: 22, 1: 13, 2: 51, 3: 147}","{1: 234, 0: 16}","{1: 181, 2: 19, 0: 50}","{1: 249, 0: 1}","{1: 246, 0: 4}",0.006099779245180412,0.008864517618189327,0.007443379290643017,0.011267976700987694,0.03442072957865539,0.07090137601243252,0.050900063021249345,0.056601107608117304,0.0029366451836761983,0.07503838234189356,0.004881714220829789,0.01173223372770555
690,0,max_steps,1,1,0,527.5820056977312,2500,221.0,221.0,0.7081592517292976,0.1,0.16673652827739716,4.393758296966553,-1.3141523599624634,237.9774627685547,500.0,52.572005697717955,1056,-24.990000000001107,0.0,0.0,0.2110328022790925,"{3: 49, 2: 19, 4: 182}","{4: 22, 0: 22, 1: 13, 2: 49, 3: 144}","{1: 218, 0: 32}","{1: 175, 2: 21, 0: 54}","{1: 234, 0: 16}",{1: 250},0.003762275714108947,0.011497901360021184,0.004662919292847142,0.007729252962627658,0.06323369596335654,0.07438752006316024,0.07408744506215999,0.053950898261114266,0.0009028756403058021,0.07860806410751307,0.0031585946115096457,0.016630530631638864
700,0,max_steps,1,0,0,-13.320359343917257,2500,,,0.7046264116491338,0.1,0.17251849174499512,4.5087971687316895,-1.3141523599624634,256.3245849609375,0.0,11.679640656082402,976,-25.00000000000111,0.0,0.0,-0.005328143737566903,"{4: 190, 5: 60}","{3: 172, 2: 78}","{1: 233, 0: 17}","{1: 248, 0: 1, 2: 1}",{1: 250},{1: 250},0.011683373686211165,0.006937525527659203,0.015987213418757217,0.01825966399958657,0.04450142215192691,0.018144454024732186,0.05921239606286586,0.04963789842934194,0.01817657791532835,0.018864340692676722,0.03607962350798901,0.03160308589653309
710,0,max_steps,1,0,0,2.799607210926575,2500,,,0.7011111960778661,0.1,0.17376911640167236,4.5049214363098145,-1.3091459274291992,245.9636993408203,0.0,27.799607210926467,1221,-25.00000000000111,0.0,0.0,0.00111984288437063,"{5: 199, 6: 51}","{4: 16, 3: 151, 2: 83}",{1: 250},"{1: 190, 2: 43, 0: 17}",{1: 250},{1: 250},0.012678899574202436,0.01828269390671202,0.016987687618270922,0.016174908862008668,0.02021752725115573,0.04263837928387635,0.030664936132858332,0.03999679726405313,,,,
720,0,max_steps,1,0,0,11.482280266959426,2500,,,0.6976135170909614,0.1,0.17818796634674072,4.587075233459473,-1.3020071983337402,245.9636993408203,0.0,36.48228026695987,1501,-25.00000000000111,0.0,0.0,0.00459291210678377,"{0: 13, 1: 237}","{3: 229, 2: 21}","{1: 234, 0: 16}",{1: 250},{1: 250},{1: 250},0.008400953914443007,0.01020774293390508,0.013058614646581777,0.015251736121397349,0.029533618429180803,0.020888443844028215,0.036907062032211384,0.04984634401491086,,,,
730,0,max_steps,1,0,0,12.744929245636941,2500,,,0.6941332872025221,0.1,0.1852399706840515,4.76456880569458,-1.257655143737793,249.95925903320312,0.0,37.74492924563662,1503,-25.00000000000111,0.0,0.0,0.005097971698254777,"{5: 117, 6: 133}","{5: 13, 4: 13, 3: 146, 2: 78}","{1: 232, 0: 18}","{1: 204, 2: 39, 0: 7}","{1: 243, 0: 7}","{1: 247, 0: 3}",0.018617188843331772,0.010146694136760174,0.024568563367038443,0.02449799785428176,0.0354684151346541,0.0847553408573807,0.05329559566384051,0.07191715915011303,,,,
740,0,max_steps,1,0,0,6.335040296915044,2500,,,0.6906704193630966,0.1,0.18782374262809753,4.822995662689209,-1.2301360368728638,240.407958984375,0.0,31.335040296914894,1523,-25.00000000000111,0.0,0.0,0.0025340161187660175,"{5: 109, 4: 141}","{3: 206, 4: 1, 2: 43}",{1: 250},"{1: 245, 0: 1, 2: 4}",{1: 250},{1: 250},0.013147664187394086,0.011153238941392495,0.018939457689677416,0.02051785005964052,0.026420247160164598,0.026156617170666505,0.035487107504004446,0.03983031355208285,,,,
750,0,max_steps,1,0,0,-13.771986162979172,2500,,,0.6872248269575028,0.1,0.18831290304660797,4.842019557952881,-1.3975330591201782,240.407958984375,0.0,11.228013837020601,1145,-25.00000000000111,0.0,0.0,-0.005508794465191668,"{5: 24, 6: 226}","{5: 14, 4: 26, 3: 194, 2: 16}",{1: 250},"{1: 192, 2: 47, 0: 11}",{1: 250},{1: 250},0.004543885110561509,0.013663454397533303,0.006685083825001718,0.010708786875352656,0.02219498009964771,0.06451207187767842,0.02174744231330925,0.022679931028950825,,,,
760,0,max_steps,1,0,0,-2.08295214386754,2500,,,0.6837964238026608,0.1,0.1889670193195343,4.827062129974365,-1.3268482685089111,263.8819580078125,0.0,22.91704785613232,1493,-25.00000000000111,0.0,0.0,-0.0008331808575470159,"{1: 227, 0: 23}","{1: 10, 2: 58, 3: 182}",{1: 250},"{1: 215, 0: 33, 2: 2}",{1: 250},{1: 250},0.008854422555132399,0.00973318632527111,0.013100039741332186,0.016476426695712754,0.022820601541652802,0.05740555015311095,0.034834515584932155,0.04257881183213339,,,,
770,0,max_steps,1,0,0,-12.775009690969847,2500,,,0.6803851241454388,0.1,0.19144077599048615,4.859480857849121,-1.4329560995101929,238.53341674804688,0.0,12.224990309030073,772,-25.00000000000111,0.0,0.0,-0.005110003876387939,"{5: 11, 6: 239}","{1: 5, 2: 71, 3: 174}","{1: 239, 0: 11}","{1: 210, 0: 40}","{1: 242, 0: 8}","{1: 241, 0: 9}",0.008345611757612168,0.008257542812465261,0.011886887626712049,0.016927793541223483,0.028479409546296568,0.04253327585226894,0.05722090770492902,0.056267719702163245,,,,
780,0,max_steps,1,0,0,-15.649282209555944,2500,,,0.6769908426605066,0.1,0.19439029693603516,4.8810811042785645,-1.3786895275115967,238.53341674804688,0.0,9.3507177904438,766,-25.00000000000111,0.0,0.0,-0.006259712883822378,"{5: 60, 6: 190}","{1: 16, 2: 45, 3: 189}","{1: 235, 0: 15}","{1: 205, 0: 45}",{1: 250},{1: 250},0.00426411244879165,0.010014677908937477,0.005737074316678361,0.009848718690953821,0.027724374068748087,0.04852156876381177,0.03907310019903508,0.047644725106016576,,,,
790,0,max_steps,1,0,0,33.647335552914086,2500,,,0.673613494448202,0.1,0.2021847516298294,4.98462438583374,-1.4214272499084473,260.3141174316406,0.0,58.64733555291356,1589,-25.00000000000111,0.0,0.0,0.013458934221165635,"{0: 159, 1: 23, 2: 68}","{1: 10, 2: 46, 3: 194}","{1: 224, 0: 26}","{1: 219, 0: 31}",{1: 250},{1: 250},0.015323936367545088,0.01164008614558453,0.019232695086849036,0.021346255044839755,0.05072606030018386,0.05081530776259329,0.04456420545745291,0.04521928325919596,,,,
800,0,max_steps,1,0,0,-15.493283965591878,2500,,,0.6702529950324074,0.1,0.2058650702238083,5.01905632019043,-1.3704060316085815,265.5143737792969,0.0,9.506716034408461,737,-25.00000000000111,0.0,0.0,-0.006197313586236751,"{4: 159, 5: 91}","{3: 182, 2: 68}",{1: 250},"{1: 249, 2: 1}",{1: 250},{1: 250},0.007030890822149697,0.006921887008507877,0.010126034285814059,0.015611544446691154,0.022640069841894612,0.016983924462702405,0.031648813224038924,0.03328260166474111,,,,
810,0,max_steps,1,0,0,14.735677401638346,2500,,,0.6669092603584367,0.1,0.2082882523536682,5.032857418060303,-1.4347501993179321,262.1983337402344,0.0,39.735677401639215,1633,-25.00000000000111,0.0,0.0,0.005894270960655338,"{1: 19, 2: 231}","{2: 94, 3: 156}",{1: 250},"{1: 200, 0: 30, 2: 20}",{1: 250},{1: 250},0.008513491782507609,0.01213762202085267,0.013862801933865042,0.01905984050971337,0.02817210187291682,0.04187276725379704,0.03966925850432393,0.053356577101762524,0.01945191736672281,0.025853335481778015,0.03179264719445349,0.05311212115011632
820,0,max_steps,1,1,0,557.1027749208279,2500,359.0,359.0,0.6635822067909328,0.1,0.2087448686361313,5.024696350097656,-1.3517838716506958,239.07528686523438,500.0,82.0927749208204,1753,-24.990000000001107,0.0,0.0,0.22284110996833115,"{3: 35, 0: 5, 1: 52, 2: 158}","{1: 10, 2: 44, 6: 25, 5: 11, 4: 24, 3: 136}","{1: 230, 0: 20}","{1: 169, 0: 29, 2: 52}","{1: 245, 0: 5}",{1: 250},0.009548171022049978,0.014798682706228958,0.015366033023884399,0.014936277446368568,0.03902471106780425,0.052731082034558584,0.04464837640275428,0.0528615719489719,0.013730037410208593,0.05047083954040026,0.040374837300300295,0.049382608672383504
830,0,max_steps,1,1,0,527.3873510702218,2500,1379.0,1379.0,0.660271751111776,0.1,0.21140281856060028,5.104425430297852,-1.4138388633728027,261.67706298828125,500.0,52.377351070218,1871,-24.990000000001107,0.0,0.0,0.21095494042808874,"{5: 71, 4: 62, 3: 4, 1: 31, 0: 82}","{2: 15, 3: 178, 4: 48, 5: 9}","{1: 221, 2: 29}","{1: 173, 0: 30, 2: 47}",{1: 250},"{1: 249, 2: 1}",0.012698533752799671,0.016273484080308515,0.014826152729742349,0.013891544142870242,0.0512309334841475,0.0704378437289661,0.05506818027901591,0.04659350378086062,0.04360701267069675,0.006368709792891654,0.04637541481297975,0.03119131365602506
840,0,max_steps,1,0,0,13.57683893404292,2500,,,0.6569778105180021,0.1,0.21637266874313354,5.199631690979004,-1.568449854850769,267.7481994628906,0.0,38.57683893404302,1345,-25.00000000000111,0.0,0.0,0.0054307355736171676,"{1: 136, 2: 114}","{2: 58, 3: 192}","{1: 231, 0: 19}","{1: 249, 2: 1}","{1: 241, 0: 9}","{1: 249, 2: 1}",0.010567701478792747,0.007075539714484867,0.01616782503541487,0.022070972916719514,0.034934643733093865,0.018309891112849936,0.05490263351304245,0.06815777685260752,,,,
850,0,max_steps,1,1,0,548.9127940872454,2500,272.0,272.0,0.6537003026197313,0.1,0.22280190885066986,5.317836284637451,-1.4835580587387085,268.88909912109375,500.0,73.90279408724041,2057,-24.990000000001107,0.0,0.0,0.21956511763489817,"{3: 27, 1: 112, 0: 31, 2: 80}","{1: 13, 2: 54, 6: 35, 5: 19, 4: 25, 3: 104}","{1: 233, 0: 17}","{1: 114, 0: 34, 2: 102}",{1: 250},{1: 250},0.013669213873305091,0.030851312737929768,0.01698137960576552,0.022701115276375135,0.03211852666276956,0.07693683155538199,0.04153003331830652,0.05428011901327099,0.027582961885383762,0.10154759742329555,0.03441647054904003,0.03707262970463684
860,0,max_steps,1,0,0,11.689935771304281,2500,,,0.6504391454381077,0.1,0.2242218554019928,5.366334915161133,-1.4624533653259277,277.34124755859375,0.0,36.68993577130496,1404,-25.00000000000111,0.0,0.0,0.004675974308521713,"{5: 204, 4: 19, 6: 27}","{5: 10, 4: 18, 3: 192, 2: 30}","{1: 218, 2: 13, 0: 19}","{1: 206, 2: 35, 0: 9}","{1: 241, 0: 9}","{1: 247, 0: 3}",0.012869287848895426,0.011014540539950499,0.019307207979662674,0.03020929418717299,0.0563847304730566,0.04399795065462179,0.07048914961299753,0.08065173104355301,,,,
870,0,max_steps,1,0,0,-7.116330090565154,2500,,,0.6471942574032484,0.1,0.22783046960830688,5.462154865264893,-1.5073719024658203,287.2250671386719,0.0,17.883669909434506,636,-25.00000000000111,0.0,0.0,-0.002846532036226062,"{6: 193, 5: 57}","{1: 17, 2: 58, 3: 169, 4: 6}","{1: 238, 0: 12}","{1: 192, 0: 58}",{1: 250},{1: 250},0.012142015901459555,0.012137915080710037,0.013908298841679718,0.018728028502563727,0.0445082922855426,0.057682735590427074,0.054870974696702865,0.053158420437326485,,,,
880,0,max_steps,1,0,0,-5.409145598638214,2500,,,0.6439655573522038,0.1,0.2313302457332611,5.521713733673096,-1.5882419347763062,270.8834228515625,0.0,19.590854401361604,1220,-25.00000000000111,0.0,0.0,-0.0021636582394552856,{4: 250},"{3: 199, 2: 51}",{1: 250},{1: 250},{1: 250},{1: 250},0.010169322653368148,0.005735605571254396,0.012932853592506668,0.01053130252882616,0.020953296294145874,0.012473037235428842,0.02658344178898718,0.023611234294276126,,,,
890,0,max_steps,1,0,0,5.33195530628546,2500,,,0.6407529645269272,0.1,0.2343636453151703,5.5581841468811035,-1.4729111194610596,275.91534423828125,0.0,30.33195530628551,940,-25.00000000000111,0.0,0.0,0.002132782122514184,"{6: 211, 5: 39}","{1: 18, 2: 37, 3: 195}","{1: 234, 2: 16}","{1: 210, 0: 38, 2: 2}","{1: 249, 2: 1}",{1: 250},0.013591977889700457,0.009129152709081007,0.017064024689946278,0.027160072824542768,0.046238588195773915,0.05929678341680729,0.062406099156921725,0.06929410415784915,,,,
900,0,max_steps,1,0,0,6.543358604597021,2500,,,0.637556398572254,0.1,0.2374155968427658,5.608575820922852,-1.4333734512329102,275.91534423828125,0.0,31.543358604596797,1333,-25.00000000000111,0.0,0.0,0.0026173434418388084,{6: 250},"{4: 20, 3: 185, 2: 45}","{1: 234, 0: 16}","{1: 191, 2: 43, 0: 16}","{1: 249, 2: 1}","{1: 247, 0: 1, 2: 2}",0.014756143428053144,0.01600018114690996,0.020061153459918067,0.030889356358768313,0.04655007762012048,0.05286285431704331,0.06625097210148885,0.07531091155286986,,,,
910,0,success,1,2,0,1057.658912901203,1400,700.0,700.0,0.634375779533894,0.1,0.2442592978477478,5.650376796722412,-1.4326465129852295,262.0696716308594,1000.0,71.63891290119878,1120,-13.979999999999746,0.0,0.0,0.7554706520722878,"{3: 33, 4: 41, 5: 65, 2: 1}","{5: 12, 4: 22, 1: 22, 2: 47, 3: 37}","{1: 104, 0: 10, 2: 26}","{1: 58, 2: 30, 0: 52}","{1: 132, 2: 8}",{1: 140},0.0259060067242535,0.03309505551124649,0.03456811538276821,0.03372622351286529,0.07608547524526375,0.06687088342708583,0.09336208138884176,0.0682044570928273,0.08404880956929955,0.0909437243367171,0.06728748440676398,0.09906449285747232
920,0,max_steps,1,0,0,3.267818448474914,2500,,,0.6312110278564291,0.1,0.2457098811864853,5.643547058105469,-1.4326465129852295,262.0696716308594,0.0,28.267818448474653,1211,-25.00000000000111,0.0,0.0,0.0013071273793899658,"{4: 41, 5: 189, 6: 20}","{2: 72, 3: 178}","{1: 237, 0: 13}","{1: 240, 0: 9, 2: 1}",{1: 250},{1: 250},0.017839606371323202,0.006379234361666203,0.022122475314081475,0.0215602856177987,0.0449658158795278,0.020347062093340588,0.05976757210735428,0.05751717859586038,,,,
930,0,max_steps,1,0,0,20.070096337459244,2500,,,0.6280620643813251,0.1,0.24647200107574463,5.657688140869141,-1.4160940647125244,264.62359619140625,0.0,45.070096337460974,1357,-25.00000000000111,0.0,0.0,0.008028038534983697,"{5: 242, 4: 8}","{5: 13, 4: 17, 3: 203, 2: 17}",{1: 250},"{1: 218, 2: 31, 0: 1}",{1: 250},{1: 250},0.00997863233590513,0.010421449860901912,0.014848650333996297,0.020818364773687315,0.035061875987607946,0.03613102348993209,0.05174272064477036,0.07611069610235115,,,,
940,0,max_steps,1,1,0,594.4591901342958,2500,1189.0,1189.0,0.6249288103449504,0.1,0.25055330991744995,5.740859031677246,-1.3809096813201904,291.9638366699219,500.0,119.4491901342923,1821,-24.990000000001107,0.0,0.0,0.2377836760537183,"{0: 51, 1: 23, 2: 41, 3: 3, 4: 132}","{5: 14, 4: 14, 3: 142, 2: 40, 0: 31, 1: 9}","{1: 205, 0: 45}","{1: 129, 2: 47, 0: 74}",{1: 250},{1: 250},0.014978016669576915,0.027160378760188748,0.01596353710658216,0.014939354339752239,0.0679162207229802,0.11039197427225267,0.08388973128076037,0.05682561996402663,0.05429618146432092,0.018715732082646947,0.07003063821865327,0.051077724135656
950,0,max_steps,1,1,0,577.0993823707755,2500,1037.0,1037.0,0.6218111873766076,0.1,0.253705769777298,5.79206657409668,-1.3774709701538086,291.9638366699219,500.0,102.08938237077301,1921,-24.990000000001107,0.0,0.0,0.23083975294831022,"{5: 74, 4: 27, 3: 2, 0: 47, 1: 21, 2: 79}","{4: 19, 3: 191, 2: 40}","{1: 178, 2: 31, 0: 41}","{1: 215, 2: 33, 0: 2}","{1: 238, 2: 3, 0: 9}","{1: 248, 0: 1, 2: 1}",0.018776197823053054,0.008308322882334223,0.02430702361169822,0.026633290253434843,0.07756254424278385,0.04678640000978707,0.08371036067482343,0.06978417178067578,0.08536782139043268,0.005221534628919516,0.06905489798702344,0.09500106805235231
960,0,max_steps,1,0,0,-7.038914407546986,2500,,,0.6187091174965714,0.1,0.2553824484348297,5.824334144592285,-1.482280969619751,267.0751647949219,0.0,17.961085592452683,931,-25.00000000000111,0.0,0.0,-0.0028155657630187943,"{2: 198, 1: 52}","{3: 171, 2: 79}",{1: 250},"{1: 246, 2: 1, 0: 3}",{1: 250},{1: 250},0.010547365479841014,0.008558389462995773,0.014045091146453472,0.015450094205903049,0.0269757166041705,0.02293790933425389,0.0408330523861694,0.05331088156331921,,,,
970,0,max_steps,1,0,0,14.789332145865158,2500,,,0.6156225231141397,0.1,0.2580436170101166,5.753805637359619,-1.4660305976867676,242.65684509277344,0.0,39.789332145865345,1788,-25.00000000000111,0.0,0.0,0.005915732858346063,"{1: 144, 2: 106}","{5: 6, 4: 23, 3: 173, 2: 48}",{1: 250},"{1: 217, 2: 31, 0: 2}",{1: 250},{1: 250},0.007204840484707497,0.01220032723183817,0.010971668652398632,0.014677434195929852,0.02383186477562796,0.04054528753258131,0.03432074008199784,0.041788908980466395,,,,
980,0,max_steps,1,1,0,551.4867828645337,2500,1663.0,1663.0,0.6125513270256917,0.1,0.26331019401550293,5.847691535949707,-1.448157548904419,264.9443359375,500.0,76.47678286453254,1954,-24.990000000001107,0.0,0.0,0.22059471314581347,"{1: 41, 2: 122, 3: 3, 6: 84}","{4: 13, 3: 197, 2: 40}","{1: 230, 0: 14, 2: 6}","{1: 219, 2: 19, 0: 12}",{1: 250},{1: 250},0.024961344664275978,0.010067919694332874,0.026380715555236106,0.01727855737766593,0.047601784317433476,0.03682551793130062,0.060084763097712,0.04983485365972051,0.044926262744203777,0.01500388398282254,0.06104412410578864,0.04026640279295847
990,0,max_steps,1,0,0,15.540666039949357,2500,,,0.6094954524127577,0.1,0.26621103286743164,5.871219635009766,-1.4477481842041016,281.97406005859375,0.0,40.540666039950274,1592,-25.00000000000111,0.0,0.0,0.006216266415979743,"{1: 105, 2: 145}","{1: 19, 2: 68, 3: 163}",{1: 250},"{1: 228, 0: 22}",{1: 250},"{1: 249, 2: 1}",0.007860909484258227,0.01360682596908583,0.009565660486129347,0.015491757825186733,0.027285865531534715,0.02960347842540129,0.041954992903025616,0.047258138694657274,,,,
1000,0,max_steps,1,1,0,542.5937067354724,2500,1264.0,1264.0,0.606454822840097,0.1,0.27236494421958923,5.937662601470947,-1.6209429502487183,276.8417663574219,500.0,67.58370673546861,1660,-24.990000000001107,0.0,0.0,0.217037482694189,"{1: 20, 2: 100, 3: 6, 4: 124}","{5: 10, 4: 20, 3: 189, 2: 31}","{1: 243, 2: 7}","{1: 206, 2: 35, 0: 9}",{1: 250},{1: 250},0.012409838471720891,0.012095910732031572,0.013465609429365453,0.01789092455720593,0.044471446400706945,0.06490798766495218,0.04925762875189272,0.05532736915605112,0.02873601192218579,0.02068554342395163,0.04199798484207372,0.058759005883530745
1010,0,max_steps,1,0,0,-4.483351383557258,2500,,,0.6034293622537864,0.1,0.27526164054870605,6.001099586486816,-1.4437267780303955,276.8417663574219,0.0,20.516648616442566,1123,-25.00000000000111,0.0,0.0,-0.001793340553422903,{4: 250},"{4: 22, 3: 201, 2: 27}",{1: 250},"{1: 192, 2: 35, 0: 23}",{1: 250},"{1: 249, 0: 1}",0.011052498652445428,0.013837504151706308,0.018518191609113655,0.015560789066270047,0.0284338216664547,0.04622270889784747,0.03778322574084532,0.06657103882892443,,,,
1020,0,max_steps,1,0,0,-11.728026803375537,2500,,,0.6004189949793179,0.1,0.2820684611797333,6.138937950134277,-1.4404348134994507,316.4971923828125,0.0,13.271973196624279,1510,-25.00000000000111,0.0,0.0,-0.004691210721350214,"{5: 109, 4: 141}","{2: 37, 3: 213}",{1: 250},"{1: 248, 0: 2}",{1: 250},{1: 250},0.0059471799312176095,0.008615207490432923,0.006425304097932319,0.010455530374146402,0.02211882477123188,0.020649529753956796,0.022322893441692648,0.02978259542570425,,,,
1030,0,max_steps,1,0,0,-4.377244045087974,2500,,,0.5974236457197061,0.1,0.288117915391922,6.109141826629639,-1.4303679466247559,282.8544921875,0.0,20.622755954911703,732,-25.00000000000111,0.0,0.0,-0.0017508976180351898,"{5: 93, 6: 157}","{3: 217, 2: 33}","{1: 245, 2: 5}","{1: 244, 0: 4, 2: 2}",{1: 250},{1: 250},0.01299904953480955,0.008720847555350561,0.016594034250153024,0.016488763040088547,0.03719700124393394,0.023447368664145065,0.05081000001343764,0.06078709485956105,,,,
1040,0,max_steps,1,0,0,26.913422208207862,2500,,,0.594443239553604,0.1,0.293105810880661,6.156041622161865,-1.3772270679473877,282.8544921875,0.0,51.91342220820807,1642,-25.00000000000111,0.0,0.0,0.010765368883283145,"{5: 125, 4: 125}","{4: 29, 3: 180, 2: 41}","{1: 241, 2: 9}","{1: 212, 2: 36, 0: 2}",{1: 250},{1: 250},0.014474671165572862,0.012514210772832579,0.020021461683974257,0.030310539457921327,0.03818993193962663,0.040508392956761965,0.05065642676022528,0.05895567030894366,,,,
1050,0,max_steps,1,1,0,558.1180954459008,2500,410.0,410.0,0.5914777019334302,0.1,0.2963032126426697,6.197293758392334,-1.3105249404907227,282.8544921875,500.0,83.108095445888,1220,-24.990000000001107,0.0,0.0,0.22324723817836034,"{4: 32, 3: 8, 1: 96, 2: 4, 0: 110}","{1: 17, 2: 23, 6: 21, 5: 13, 4: 19, 3: 157}","{1: 210, 2: 39, 0: 1}","{1: 158, 0: 42, 2: 50}","{1: 233, 2: 17}","{1: 219, 0: 19, 2: 12}",0.02297339951051016,0.018697739110965617,0.028189407557978895,0.0313978507690648,0.06268827612255745,0.08830950924069128,0.08082986438259487,0.10939591935421969,0.05030641679493964,0.0602571535698975,0.05414054859806007,0.11549902005745573
1060,0,max_steps,1,1,0,528.2011215952876,2500,218.0,218.0,0.5885269586835032,0.1,0.29960665106773376,6.274118900299072,-1.3329681158065796,283.3812255859375,500.0,53.191121595278396,1344,-24.990000000001107,0.0,0.0,0.21128044863811507,"{2: 71, 3: 1, 1: 175, 0: 3}","{4: 32, 3: 205, 2: 13}","{1: 236, 0: 7, 2: 7}","{1: 218, 2: 32}",{1: 250},"{1: 249, 2: 1}",0.01201397673396405,0.010443233842138414,0.015354261755470711,0.020698323924725617,0.04665551268428491,0.03169808084336114,0.06532426831396525,0.06671894377370906,0.03795511827406708,0.07719822844588836,0.0742206290347335,0.07731018694533537
1070,0,max_steps,1,0,0,12.993645761922796,2500,,,0.5855909359981866,0.1,0.3027264475822449,6.2848968505859375,-1.3086150884628296,292.40362548828125,0.0,37.99364576192257,1069,-25.00000000000111,0.0,0.0,0.005197458304769118,"{4: 78, 5: 96, 6: 76}","{2: 54, 3: 196}","{1: 231, 2: 19}","{1: 221, 0: 21, 2: 8}",{1: 250},{1: 250},0.019954176041546624,0.01118605240481117,0.022259141453807335,0.023368506561891236,0.04787481498470143,0.030915643190035966,0.06127849187747223,0.058305973324255675,,,,
1080,0,max_steps,1,1,0,561.0749129640443,2500,549.0,549.0,0.582669560440043,0.1,0.3048112690448761,6.3110857009887695,-1.3098196983337402,280.6237487792969,500.0,86.06491296403556,1526,-24.990000000001107,0.0,0.0,0.22442996518561772,"{5: 30, 4: 21, 3: 3, 2: 185, 1: 11}","{3: 218, 4: 23, 2: 9}","{1: 212, 2: 37, 0: 1}","{1: 226, 2: 24}","{1: 229, 2: 21}","{1: 249, 0: 1}",0.01826152741834456,0.008278479622766287,0.023286426791152195,0.026048807550641734,0.07724208784872562,0.02910131450061749,0.0835788114268992,0.05616970656104301,0.06856050799338005,0.006958811681562406,0.04491427296286723,0.059684124899933744
1090,0,success,1,2,0,1039.867368008999,991,495.5,495.5,0.5797627589379976,0.1,0.3062945306301117,6.326371669769287,-1.5060502290725708,280.6237487792969,1000.0,49.75736800899837,966,-9.889999999999834,0.0,0.0,1.0493111685257306,"{4: 24, 3: 75}","{4: 18, 3: 7, 0: 9, 1: 16, 2: 49}",{1: 99},"{1: 48, 2: 24, 0: 27}",{1: 99},"{1: 98, 0: 1}",0.020256527125695447,0.03416406221897814,0.028647148113414917,0.02772066014274887,0.03819722667285817,0.08053209915023156,0.0530958809285634,0.07363494452857747,0.025599246350216934,0.09608948193229218,0.067161154147418,0.07667921301672595
1100,0,max_steps,1,0,0,27.68514117951219,2500,,,0.5768704587855094,0.1,0.31074708700180054,6.32479190826416,-1.3622761964797974,271.734130859375,0.0,52.68514117951223,1451,-25.00000000000111,0.0,0.0,0.011074056471804875,"{2: 37, 1: 156, 0: 57}","{4: 8, 3: 225, 2: 17}","{1: 200, 2: 31, 0: 19}","{1: 235, 2: 14, 0: 1}","{1: 241, 2: 8, 0: 1}","{1: 241, 0: 8, 2: 1}",0.02762331250823602,0.01139198571610237,0.0322220355040089,0.02237988674357439,0.06660137168417243,0.02430669119219891,0.08297328560575061,0.079371463038369,,,,
1110,0,max_steps,1,0,0,39.69790107233686,2500,,,0.5739925876387535,0.1,0.3152570426464081,6.398115158081055,-1.3027143478393555,292.66119384765625,0.0,64.69790107233436,1334,-25.00000000000111,0.0,0.0,0.015879160428934745,"{6: 143, 5: 59, 4: 48}","{1: 13, 2: 17, 3: 197, 4: 23}","{1: 186, 2: 31, 0: 33}","{1: 193, 0: 47, 2: 10}","{1: 232, 2: 18}",{1: 250},0.019336589593300306,0.01872600246282147,0.023028173290665283,0.024482937768915504,0.07108064814031989,0.0628053508907499,0.08830208871023258,0.07906235378906486,,,,
1120,0,max_steps,1,0,0,10.25380314990857,2500,,,0.5711290735148113,0.1,0.31597253680229187,6.319689750671387,-1.3015931844711304,269.75244140625,0.0,35.25380314990835,1522,-25.00000000000111,0.0,0.0,0.004101521259963428,"{1: 228, 2: 22}","{2: 125, 3: 125}",{1: 250},"{1: 245, 0: 5}",{1: 250},{1: 250},0.013983816128582904,0.013167350861287484,0.01889670638888633,0.018443121152961182,0.028678528877113856,0.025983406239968608,0.03684871659329457,0.03781969126155816,,,,
1130,0,max_steps,1,0,0,35.10962553555125,2500,,,0.5682798447898704,0.1,0.32166263461112976,6.371687412261963,-1.3015931844711304,294.7203674316406,0.0,60.10962553555061,1351,-25.00000000000111,0.0,0.0,0.0140438502142205,"{1: 173, 0: 24, 2: 53}","{2: 126, 3: 124}","{1: 217, 0: 33}","{1: 239, 0: 9, 2: 2}","{1: 245, 0: 5}",{1: 250},0.018982356215775476,0.012979742424873077,0.023923387706747727,0.02188612129268848,0.05522267263996345,0.02838614988618885,0.07032392009113725,0.0674109132650051,,,,
1140,0,max_steps,1,0,0,-13.022601022426308,2500,,,0.5654448301974317,0.1,0.3236254155635834,6.362044334411621,-1.3015931844711304,268.3177185058594,0.0,11.977398977573385,913,-25.00000000000111,0.0,0.0,-0.005209040408970523,"{4: 22, 5: 209, 6: 19}","{2: 58, 3: 192}",{1: 250},"{1: 226, 0: 22, 2: 2}",{1: 250},{1: 250},0.007709888337430474,0.009174796003348012,0.00919246005185598,0.01136010396323428,0.02313753694442369,0.02942788811242864,0.036160483827439485,0.04593089717860835,,,,
1150,0,success,1,2,0,1042.1884625786688,2056,1028.0,1028.0,0.5626239588265294,0.1,0.3293086886405945,6.398223876953125,-1.3015931844711304,265.6291198730469,1000.0,62.7284625786636,1572,-20.54000000000041,0.0,0.0,0.5069010031997416,"{3: 55, 4: 150}","{1: 18, 2: 35, 4: 19, 3: 133}","{1: 194, 2: 11}","{1: 154, 0: 30, 2: 21}",{1: 205},{1: 205},0.0138048502798204,0.019013904711642257,0.023621449345818616,0.024038360978850384,0.040635753029791236,0.06177058087512167,0.0580931939351993,0.05484619660516689,0.06769392241343945,0.028771142096845816,0.0814426015357309,0.04993760054215501
1160,0,max_steps,1,1,0,549.3332496796115,2500,1255.0,1255.0,0.5598171601199543,0.1,0.3343394994735718,6.430828094482422,-1.3015931844711304,271.07281494140625,500.0,74.32324967960211,1140,-24.990000000001107,0.0,0.0,0.21973329987184462,"{1: 14, 2: 87, 3: 24, 5: 49, 6: 76}","{5: 7, 4: 21, 3: 127, 2: 55, 0: 22, 1: 18}","{1: 189, 0: 61}","{1: 142, 2: 28, 0: 80}","{1: 242, 0: 8}","{1: 249, 0: 1}",0.024021839194523706,0.02210744708436932,0.027234398196257094,0.0328550007428122,0.06775369283492647,0.07389618765122907,0.08350877943069372,0.06930380717221672,0.04793986815251792,0.01706063805382068,0.06982064447141727,0.043903957857007125
1170,0,max_steps,1,0,0,-13.811396925069843,2500,,,0.557024363872492,0.1,0.338097482919693,6.480474472045898,-1.3015931844711304,289.1380920410156,0.0,11.188603074929821,998,-25.00000000000111,0.0,0.0,-0.005524558770027937,"{5: 71, 6: 179}","{2: 27, 3: 197, 4: 26}",{1: 250},"{1: 201, 0: 38, 2: 11}",{1: 250},{1: 250},0.008368580976881706,0.012635839541054168,0.008667547043605756,0.012863426872179146,0.021694670469293218,0.03862122989967544,0.03311472969369635,0.04158766292882194,,,,
1180,0,max_steps,1,0,0,-11.532578852609568,2500,,,0.5542455002291646,0.1,0.33945432305336,6.495498180389404,-1.3015931844711304,287.5944519042969,0.0,13.467421147390144,736,-25.00000000000111,0.0,0.0,-0.004613031541043827,"{4: 229, 5: 21}","{2: 80, 3: 170}",{1: 250},"{1: 247, 0: 1, 2: 2}",{1: 250},{1: 250},0.01050417048572514,0.011581047200895686,0.013629966917162008,0.010719780373924247,0.02199093948506368,0.02261339744621963,0.025304749822569195,0.02404757068289718,0.013292235001407256,0.017480406183643254,0.019198709890071736,0.026796943760847538
1190,0,max_steps,1,1,0,533.7655681128932,2500,520.0,520.0,0.5514804996834843,0.1,0.34142619371414185,6.50559139251709,-1.3015931844711304,290.30462646484375,500.0,58.75556811288497,1747,-24.990000000001107,0.0,0.0,0.21350622724515728,"{3: 34, 4: 55, 5: 161}","{1: 3, 2: 50, 3: 143, 5: 11, 4: 43}","{1: 235, 2: 15}","{1: 159, 0: 55, 2: 36}",{1: 250},"{1: 248, 0: 2}",0.010501982557659002,0.023468994722702537,0.013777806075773398,0.017609415716536764,0.031046303956229423,0.06142986491576143,0.035998774399273195,0.041695408249326694,0.00805648978541678,0.05079418780195844,0.009920704031241182,0.03641344439664836
1200,0,max_steps,1,0,0,-9.030764733469882,2500,,,0.548729293075715,0.1,0.3477959930896759,6.613151550292969,-1.3015931844711304,290.89044189453125,0.0,15.969235266529797,880,-25.00000000000111,0.0,0.0,-0.0036123058933879527,"{5: 126, 6: 124}","{1: 10, 2: 44, 3: 196}","{1: 225, 0: 25}","{1: 223, 0: 27}","{1: 247, 0: 3}",{1: 250},0.006627167845055971,0.004912335585776115,0.008416090140646974,0.010470103571004648,0.04652302260925509,0.031954585252680745,0.06003977695577596,0.06937247594920752,,,,
1210,0,max_steps,1,0,0,-6.268845632195556,2500,,,0.5459918115911422,0.1,0.3540858328342438,6.703247547149658,-1.3015931844711304,285.1377868652344,0.0,18.731154367804283,1482,-25.00000000000111,0.0,0.0,-0.0025075382528782224,{2: 250},"{2: 31, 3: 219}",{1: 250},"{1: 230, 0: 20}",{1: 250},{1: 250},0.003015020763575133,0.01099606953898764,0.0036738725263845886,0.005114634826426744,0.009922848677869665,0.01981647944955799,0.0120558451073793,0.01351527339633337,,,,
1220,0,max_steps,1,1,0,532.1408854351706,2500,1317.0,1317.0,0.5432679867583519,0.1,0.35811635851860046,6.698947906494141,-1.2897299528121948,277.12506103515625,500.0,57.13088543516552,1424,-24.990000000001107,0.0,0.0,0.21285635417406826,"{3: 12, 4: 119, 0: 119}","{2: 59, 3: 161, 5: 18, 4: 12}","{1: 224, 0: 10, 2: 16}","{1: 192, 0: 25, 2: 33}",{1: 250},"{1: 248, 0: 2}",0.018461705173801225,0.013682865519066528,0.027531776018168266,0.028616951291402102,0.050068545232385485,0.06853883886672364,0.06048821378810747,0.06868816228280153,0.0723562186443748,0.01207417898625443,0.08992802646440212,0.0983869218262034
1230,0,max_steps,1,0,0,15.37589647761663,2500,,,0.5405577504475175,0.1,0.36274969577789307,6.766298294067383,-1.2897299528121948,308.653564453125,0.0,40.37589647761746,1163,-25.00000000000111,0.0,0.0,0.006150358591046652,"{4: 62, 5: 176, 6: 12}","{1: 23, 2: 33, 3: 177, 4: 17}","{1: 228, 0: 22}","{1: 175, 0: 75}","{1: 241, 0: 9}","{1: 249, 2: 1}",0.015293304605424638,0.012881928910994992,0.02372350436042338,0.027976146250147473,0.042151028260541006,0.057853203075684076,0.05957336246515192,0.0642451477607158,,,,
1240,0,max_steps,1,0,0,-20.103923990986104,2500,,,0.537861034868697,0.1,0.36750859022140503,6.824758529663086,-1.2897299528121948,282.87335205078125,0.0,4.896076009014331,628,-25.00000000000111,0.0,0.0,-0.008041569596394441,"{5: 100, 6: 150}","{3: 214, 2: 36}",{1: 250},{1: 250},{1: 250},"{1: 249, 0: 1}",0.006288781994730009,0.007140017575810098,0.006774310217132368,0.010239164010813326,0.016996048159432325,0.017823030467099547,0.025370989351615282,0.03285172562644289,,,,
1250,0,max_steps,1,0,0,16.665466313122224,2500,,,0.5351777725701358,0.1,0.3699811100959778,6.8379364013671875,-1.3533360958099365,309.1100158691406,0.0,41.66546631312311,1332,-25.00000000000111,0.0,0.0,0.00666618652524889,"{1: 190, 2: 60}","{4: 7, 3: 240, 2: 3}","{1: 231, 2: 11, 0: 8}","{1: 246, 2: 4}",{1: 250},{1: 250},0.024716306886321093,0.008841316548507137,0.026956119029227427,0.03167410332872325,0.046235420526137314,0.019912022929573538,0.06097608783005446,0.05979822708735164,,,,
1260,0,max_steps,1,1,0,568.9565553820455,2500,980.0,980.0,0.5325078964365801,0.1,0.37605080008506775,6.900965690612793,-1.4047718048095703,286.0166320800781,500.0,93.94655538204034,1891,-24.990000000001107,0.0,0.0,0.22758262215281821,"{4: 128, 3: 7, 5: 59, 6: 56}","{4: 13, 3: 126, 2: 83, 0: 18, 1: 10}","{1: 188, 0: 17, 2: 45}","{1: 156, 2: 41, 0: 53}","{1: 219, 0: 10, 2: 21}","{1: 239, 0: 2, 2: 9}",0.020875897707292396,0.01953291149564331,0.023822245516315295,0.028933089253059343,0.07574967343371063,0.08360590362177248,0.1045762574277344,0.0949704358485276,0.032560433141603944,0.03241947610573797,0.035792280531397415,0.033783178899059296
1270,0,max_steps,1,0,0,-4.240442242860079,2500,,,0.5298513396875991,0.1,0.3832434117794037,6.964317321777344,-1.2905592918395996,286.0166320800781,0.0,20.759557757139596,753,-25.00000000000111,0.0,0.0,-0.0016961768971440318,"{2: 26, 1: 169, 0: 55}","{1: 14, 2: 72, 3: 164}","{1: 211, 2: 39}","{1: 208, 0: 42}","{1: 248, 2: 2}","{1: 249, 2: 1}",0.017520474018420697,0.010489949552766,0.024632248999310963,0.023477684530062423,0.06070997670311473,0.044618650873897804,0.07386717347747813,0.06926033694703373,,,,
1280,0,max_steps,1,1,0,567.9773475074505,2500,2490.0,2490.0,0.5272080358759129,0.1,0.39015620946884155,7.063361644744873,-1.286840796470642,306.25018310546875,500.0,92.96734750745034,1761,-24.990000000001107,0.0,0.0,0.2271909390029802,"{5: 101, 4: 130, 6: 14, 3: 3, 2: 2}","{1: 15, 2: 46, 3: 187, 6: 2}","{1: 199, 0: 20, 2: 31}","{1: 213, 0: 37}","{1: 236, 0: 7, 2: 7}","{1: 240, 0: 6, 2: 4}",0.029871286026864556,0.012486251463314956,0.034966949213656395,0.03863725683876028,0.06538950673595949,0.0391985468685788,0.08833149126437291,0.0918878880542933,0.04574671531146018,0.0239069201357858,0.06685713717243305,0.06626939441798933
1290,0,max_steps,1,0,0,19.098003418133832,2500,,,0.5245779188857322,0.1,0.3969055712223053,7.097661972045898,-1.286840796470642,286.5765380859375,0.0,44.09800341813383,1016,-25.00000000000111,0.0,0.0,0.007639201367253533,"{5: 207, 6: 14, 4: 29}","{3: 238, 2: 12}","{1: 225, 2: 25}","{1: 247, 0: 3}","{1: 243, 2: 7}","{1: 248, 0: 2}",0.017761785226096484,0.007734081502957819,0.025431467636272596,0.030145206791322765,0.048925246983048794,0.018702663833578048,0.06654958474542447,0.08523413361092029,,,,
1300,0,max_steps,1,0,0,-19.209925610865294,2500,,,0.5219609229311034,0.1,0.3983248174190521,7.101990222930908,-1.286840796470642,286.5765380859375,0.0,5.790074389134862,830,-25.00000000000111,0.0,0.0,-0.007683970244346118,{0: 250},"{3: 216, 2: 34}",{1: 250},"{1: 241, 2: 8, 0: 1}",{1: 250},{1: 250},0.004964337544319852,0.008062999192113684,0.006015757716919475,0.008360469035715254,0.012946772235562167,0.02199982879571687,0.02053641506541745,0.040298768073508545,,,,
1310,0,max_steps,1,0,0,14.070934632759252,2500,,,0.5193569825542639,0.1,0.398609459400177,7.113570690155029,-1.286840796470642,306.46502685546875,0.0,39.07093463275946,1253,-25.00000000000111,0.0,0.0,0.005628373853103701,"{5: 101, 6: 149}","{4: 16, 3: 209, 2: 25}","{1: 197, 0: 40, 2: 13}","{1: 208, 2: 18, 0: 24}","{1: 239, 2: 6, 0: 5}","{1: 247, 0: 3}",0.016543017431408374,0.011298476065600879,0.026402721220867988,0.0310111435331512,0.06474708360758259,0.0362825725091552,0.08717366335033945,0.07876537884975768,,,,
1320,0,max_steps,1,1,0,531.3167030462726,2500,2228.0,2228.0,0.5167660326240043,0.1,0.40036922693252563,7.104773044586182,-1.286840796470642,306.46502685546875,500.0,56.30670304627323,1625,-24.990000000001107,0.0,0.0,0.212526681218509,"{2: 218, 3: 14, 4: 18}","{4: 16, 3: 189, 2: 17, 0: 28}","{1: 230, 0: 20}","{1: 203, 2: 31, 0: 16}","{1: 245, 0: 5}","{1: 244, 0: 1, 2: 5}",0.011702535648242567,0.010899489319636161,0.017906378743981665,0.02283749033229751,0.04709850843095318,0.05903913699643159,0.06678084121599955,0.07693305602957315,0.03284726058217684,0.015506390275158575,0.04082355519371477,0.05156970135300862
1330,0,max_steps,1,0,0,-7.683559531513148,2500,,,0.5141880083340395,0.1,0.4069010019302368,7.193674564361572,-1.286840796470642,315.2078857421875,0.0,17.316440468486668,991,-25.00000000000111,0.0,0.0,-0.003073423812605259,"{4: 180, 5: 70}","{2: 51, 3: 199}",{1: 250},"{1: 232, 0: 18}",{1: 250},{1: 250},0.011180217576450734,0.007522107432659445,0.015902994955633565,0.01634055322229394,0.026490715402842573,0.023869516266206973,0.03491198634017888,0.04181891355329521,,,,
1340,0,max_steps,1,0,0,-1.9219687764642635,2500,,,0.511622845201388,0.1,0.41168487071990967,7.224580764770508,-1.286840796470642,289.841064453125,0.0,23.078031223535508,1076,-25.00000000000111,0.0,0.0,-0.0007687875105857054,{2: 250},"{2: 105, 3: 145}",{1: 250},"{1: 243, 0: 7}",{1: 250},{1: 250},0.007532276623579121,0.010899257932721923,0.009149360694842342,0.008855093226443587,0.01420259932440815,0.027145114178609167,0.018370770502382058,0.028182655126770623,0.008820216702367045,0.028652049875902183,0.01663321137264975,0.02123515884156497
1350,0,max_steps,1,1,0,550.3418541009205,2500,469.0,469.0,0.5090704790647583,0.1,0.4124695062637329,7.238579750061035,-1.286529541015625,308.5087585449219,500.0,75.33185410091465,1910,-24.990000000001107,0.0,0.0,0.2201367416403682,"{4: 36, 3: 10, 1: 188, 2: 16}","{5: 11, 4: 23, 3: 191, 2: 25}","{1: 231, 0: 19}","{1: 192, 2: 35, 0: 23}","{1: 240, 0: 10}",{1: 250},0.011199893886916366,0.012570716494050846,0.01638956790522178,0.017992616003259302,0.023711091220902862,0.06506460822173711,0.04085936669368772,0.05287118625092127,0.011931606983585029,0.07212479401992744,0.012087327888168905,0.022711279919118855
1360,0,max_steps,1,1,0,501.56045353243906,2500,393.0,393.0,0.5065308460829445,0.1,0.41807836294174194,7.293763160705566,-1.286529541015625,311.1062927246094,500.0,26.550453532424427,865,-24.990000000001107,0.0,0.0,0.2006241814129756,"{2: 30, 3: 9, 4: 44, 5: 167}","{1: 11, 2: 54, 3: 180, 4: 5}",{1: 250},"{1: 169, 0: 70, 2: 11}",{1: 250},{1: 250},0.006729268910772016,0.011798631396398274,0.008228762715539125,0.0137931908500102,0.03342656538718382,0.04427768622722901,0.04324475995763506,0.05685114325104144,0.02483386719112299,0.06805588302511942,0.04384492271533982,0.06704577698051062
1370,0,success,1,2,0,1088.9997901579297,939,469.5,469.5,0.50400388273323,0.1,0.4266534745693207,7.403721809387207,-1.2756474018096924,309.0972595214844,1000.0,98.36979015793007,936,-9.369999999999845,0.0,0.0,1.1597441854717037,"{4: 43, 3: 10, 2: 40}","{4: 16, 3: 32, 2: 16, 0: 21, 1: 8}","{1: 72, 2: 21}","{1: 27, 2: 23, 0: 43}",{1: 93},{1: 93},0.020910241993955622,0.08574931178847364,0.03171868606646977,0.03798194900911768,0.06546463969140147,0.1354946851306579,0.07952347746166798,0.07096130199481501,0.055276139116684934,0.10154496965585653,0.0534744939948527,0.08400093758659094
1380,0,max_steps,1,1,0,535.8895048350068,2500,257.0,257.0,0.5014895258097978,0.1,0.43299880623817444,7.4760518074035645,-1.2756474018096924,299.6014404296875,500.0,60.879504835001384,1926,-24.990000000001107,0.0,0.0,0.21435580193400275,"{3: 25, 2: 157, 1: 68}","{5: 12, 4: 35, 3: 163, 2: 40}","{1: 239, 2: 11}","{1: 211, 2: 37, 0: 2}",{1: 250},{1: 250},0.01091884521106239,0.013121317564316991,0.012265868055460774,0.020348754222537308,0.03736115055770513,0.0455899045824207,0.049418500067484716,0.05450864867804636,0.011946742964477697,0.02513468504375034,0.01843893111839899,0.029021921367932687
1390,0,max_steps,1,0,0,6.674742240059626,2500,,,0.49898771242214973,0.1,0.4364483058452606,7.496351718902588,-1.2756474018096924,293.7540588378906,0.0,31.674742240059455,1728,-25.00000000000111,0.0,0.0,0.0026698968960238503,"{2: 242, 3: 8}","{4: 4, 3: 205, 2: 41}",{1: 250},"{1: 245, 2: 5}",{1: 250},{1: 250},0.010867796561808243,0.010011060668977051,0.01478932897691901,0.017403383338569958,0.025661841877385294,0.019733733787893927,0.036450291653587485,0.042798869911272644,0.026242915034821523,0.015622256435047043,0.05923657884094601,0.05700422399609424
1400,0,max_steps,1,0,0,-1.274289614936086,2500,,,0.49649837999353363,0.1,0.44011491537094116,7.530468940734863,-1.2756474018096924,305.8177795410156,0.0,23.725710385063746,1114,-25.00000000000111,0.0,0.0,-0.0005097158459744344,"{3: 18, 4: 232}","{4: 25, 3: 147, 2: 78}","{1: 241, 0: 9}","{1: 216, 2: 28, 0: 6}",{1: 250},{1: 250},0.012797302345375877,0.01427559607326773,0.012326320608386964,0.010600886991312394,0.027057245194857592,0.035351200606996196,0.033774760843676345,0.03980592968926605,0.05411441364010652,0.054569111171530224,0.07271151316549807,0.05076623038809079
1410,0,max_steps,1,0,0,-4.656788661759054,2500,,,0.49402146625937815,0.1,0.4451245665550232,7.581284523010254,-1.2756474018096924,296.2807312011719,0.0,20.343211338240692,879,-25.00000000000111,0.0,0.0,-0.0018627154647036218,"{4: 239, 3: 11}","{4: 14, 3: 199, 2: 37}",{1: 250},"{1: 231, 2: 16, 0: 3}",{1: 250},{1: 250},0.008099569547550589,0.012249770419683873,0.01342706705900841,0.01719144419414249,0.029009213741656915,0.027026413895114426,0.0442261570040579,0.0518626376538843,0.018490201278578113,0.0693012708482701,0.03287315086627176,0.054140232216263254
1420,0,success,1,2,0,1039.950345709843,1495,747.5,747.5,0.49155690926573503,0.1,0.4476722478866577,7.612553596496582,-1.9080448150634766,295.4920959472656,1000.0,54.8803457098363,723,-14.929999999999726,0.0,0.0,0.6956189603410322,"{3: 59, 4: 90}","{2: 33, 6: 9, 5: 9, 4: 25, 3: 73}","{1: 138, 2: 11}","{1: 72, 0: 12, 2: 65}","{1: 145, 2: 4}",{1: 149},0.015784459698610746,0.030318333134355765,0.019567401900969478,0.01580982212854456,0.04607455726672196,0.0819475930380371,0.06648165063801781,0.053769682126184055,0.06745663187405886,0.07463589358748346,0.07177026334218357,0.046195199285094954
1430,0,max_steps,1,0,0,12.84583389704661,2500,,,0.48910464736773,0.1,0.4519772231578827,7.650441646575928,-1.9080448150634766,310.1859436035156,0.0,37.845833897046695,1088,-25.00000000000111,0.0,0.0,0.005138333558818644,"{2: 137, 1: 113}","{4: 13, 3: 216, 2: 21}","{1: 238, 0: 12}","{1: 195, 2: 31, 0: 24}",{1: 250},{1: 250},0.02064989604692924,0.016588807782163928,0.026891201333177794,0.032736848909833895,0.04398797316269954,0.0320263799404357,0.05608774054306479,0.0702200886849746,,,,
1440,0,max_steps,1,1,0,529.7772916975409,2500,369.0,369.0,0.4866646192280205,0.1,0.45819899439811707,7.760931491851807,-8.508479118347168,310.1859436035156,500.0,54.76729169753076,1101,-24.990000000001107,0.0,0.0,0.21191091667901638,"{2: 35, 3: 1, 5: 121, 6: 57, 4: 36}","{4: 24, 3: 167, 2: 59}","{1: 195, 0: 33, 2: 22}","{1: 204, 2: 28, 0: 18}","{1: 244, 2: 6}","{1: 247, 0: 3}",0.020179368801180517,0.012866316196787086,0.024599033060456375,0.027827383343813655,0.06276296004020554,0.042715449170554295,0.07959307122927867,0.08055411861167523,0.05131724393521421,0.07342664364035974,0.07944780900184634,0.07714239471355491
1450,0,max_steps,1,0,0,22.1543779090562,2500,,,0.4842367638152614,0.1,0.46169614791870117,7.771975994110107,-8.508479118347168,279.52166748046875,0.0,47.15437790905782,1073,-25.00000000000111,0.0,0.0,0.008861751163622481,"{1: 60, 2: 176, 3: 14}","{2: 99, 3: 151}","{1: 220, 0: 30}","{1: 248, 2: 1, 0: 1}",{1: 250},"{1: 249, 0: 1}",0.014951338786900874,0.006986533400485485,0.021684280005314777,0.019821488156656047,0.0607320683025612,0.017190806653452066,0.06802502168854757,0.057542920677056915,0.03202954288033125,0.026123725559114158,0.04183472077151896,0.06045068187555601
1460,0,max_steps,1,0,0,4.859829671475049,2500,,,0.48182102040257857,0.1,0.46502751111984253,7.823519229888916,-8.508479118347168,279.52166748046875,0.0,29.85982967147477,1498,-25.00000000000111,0.0,0.0,0.0019439318685900197,"{1: 93, 0: 157}","{2: 41, 3: 197, 4: 12}",{1: 250},"{1: 171, 0: 40, 2: 39}",{1: 250},{1: 250},0.011827549037260125,0.024438385049836565,0.01906601083000263,0.019167372429497884,0.0269475753294805,0.03959018716183294,0.04103117709832373,0.048621261259894494,,,,
1470,0,max_steps,1,0,0,-17.27193721233099,2500,,,0.4794173285660503,0.1,0.4727805554866791,7.902610778808594,-8.508479118347168,293.1863708496094,0.0,7.728062787668871,520,-25.00000000000111,0.0,0.0,-0.006908774884932396,{6: 250},"{4: 22, 3: 198, 2: 30}","{1: 224, 0: 26}","{1: 222, 2: 21, 0: 7}","{1: 238, 0: 12}","{1: 247, 0: 3}",0.014692547399191923,0.00848179654982124,0.01640629190642204,0.02460676962845752,0.05108645080678456,0.03206560413060243,0.05519109583271031,0.07055886137823061,,,,
1480,0,max_steps,1,0,0,37.990787171136674,2500,,,0.4770256281831953,0.1,0.4785235822200775,7.988288402557373,-8.508479118347168,302.783935546875,0.0,62.99078717113634,1368,-25.00000000000111,0.0,0.0,0.01519631486845467,"{4: 128, 5: 115, 6: 7}","{4: 20, 3: 184, 2: 46}","{1: 208, 0: 17, 2: 25}","{1: 189, 2: 41, 0: 20}","{1: 247, 2: 3}",{1: 250},0.029819517132015767,0.014711692395434468,0.038551966432682015,0.03980756987274765,0.061899342602782584,0.05720669008466528,0.07206768554381648,0.07022392681016418,,,,
1490,0,max_steps,1,0,0,-6.976244321818108,2500,,,0.47464585943146953,0.1,0.48282915353775024,8.058917045593262,-8.508479118347168,310.8630065917969,0.0,18.023755678181594,702,-25.00000000000111,0.0,0.0,-0.002790497728727243,"{5: 56, 6: 194}","{2: 26, 3: 170, 4: 54}","{1: 238, 0: 9, 2: 3}","{1: 201, 0: 34, 2: 15}",{1: 250},"{1: 247, 2: 3}",0.015503656907133394,0.013059583651651666,0.019308521409106542,0.023691715000883833,0.0402702830827206,0.05086030161846242,0.06089792856444966,0.06559147978350828,,,,
1500,0,max_steps,1,1,0,544.890835716625,2500,2089.0,2089.0,0.4722779627867691,0.1,0.4933686852455139,8.174384117126465,-8.508479118347168,315.982177734375,500.0,69.88083571662328,1527,-24.990000000001107,0.0,0.0,0.21795633428665,"{5: 18, 4: 189, 3: 1, 1: 42}","{4: 15, 3: 213, 2: 22}","{1: 197, 2: 45, 0: 8}","{1: 216, 2: 19, 0: 15}","{1: 244, 2: 6}","{1: 247, 0: 3}",0.019638928105050357,0.012387287318470544,0.031276982115961964,0.034673528276693726,0.06897704623409492,0.03891575051557193,0.08433742083170426,0.0778329497833216,0.07076244224078812,0.019575829335487935,0.08060585256909143,0.09447928700610138
1510,0,max_steps,1,1,0,562.2523087678488,2500,844.0,844.0,0.4699218790219424,0.1,0.5010303258895874,8.284886360168457,-8.508479118347168,329.669189453125,500.0,87.24230876784098,1567,-24.990000000001107,0.0,0.0,0.22490092350713953,"{6: 38, 5: 18, 4: 26, 3: 2, 2: 147, 1: 19}","{4: 29, 5: 4, 3: 90, 0: 9, 1: 9, 2: 109}","{1: 196, 2: 54}","{1: 200, 0: 30, 2: 20}","{1: 235, 2: 15}","{1: 246, 2: 3, 0: 1}",0.011826896626051454,0.01783667714595686,0.019207848959460518,0.015680716836050816,0.0804791624051042,0.08794918331828595,0.08207152181780493,0.056469118337846784,0.059552354880097205,0.011377050460585202,0.04965186990779716,0.0387408504018618
1520,0,max_steps,1,0,0,8.504120206596706,2500,,,0.4675775492053078,0.1,0.5023263096809387,8.30008316040039,-8.508479118347168,329.669189453125,0.0,33.50412020659655,1093,-25.00000000000111,0.0,0.0,0.0034016480826386825,"{2: 226, 1: 24}","{2: 86, 3: 164}","{1: 239, 0: 11}","{1: 249, 0: 1}",{1: 250},{1: 250},0.018698336164714793,0.009976365679198344,0.027350551529419696,0.02900907863501598,0.040378408862725125,0.023135167857730447,0.050100787987565495,0.05658324402160959,0.034459478599852086,0.013631753479010019,0.05712569645281642,0.08454825165597041
1530,0,max_steps,1,0,0,8.511931003739692,2500,,,0.46524491469918006,0.1,0.5056419372558594,8.312789916992188,-8.508479118347168,318.5439453125,0.0,33.511931003739456,1432,-25.00000000000111,0.0,0.0,0.003404772401495877,{4: 250},"{1: 13, 2: 71, 3: 166}",{1: 250},"{1: 232, 0: 18}",{1: 250},{1: 250},0.012300988838197562,0.012740314343844764,0.015465242960270879,0.01580160431997823,0.024477533388474262,0.029010373321883894,0.03353528813145521,0.044795141212894136,,,,
1540,0,max_steps,1,1,0,547.8216993734338,2500,1762.0,1762.0,0.4629239171584037,0.1,0.5117887854576111,8.392260551452637,-8.508479118347168,329.31781005859375,500.0,72.81169937343387,1852,-24.990000000001107,0.0,0.0,0.21912867974937353,"{2: 244, 3: 6}","{4: 17, 3: 118, 2: 93, 0: 15, 1: 7}",{1: 250},"{1: 204, 2: 17, 0: 29}",{1: 250},{1: 250},0.005978163868087653,0.015607116774524834,0.011005189736909452,0.013053180553537616,0.03169330613203989,0.07039427922002243,0.03886887955789352,0.04858638654124435,0.033339322670463495,0.0235777246808674,0.04683167173131566,0.03740005965859292
1550,0,max_steps,1,1,0,570.1261608838817,2500,537.0,537.0,0.46061449852889347,0.1,0.5182815194129944,8.394744873046875,-9.362061500549316,300.1217956542969,500.0,95.11616088387423,1475,-24.990000000001107,0.0,0.0,0.22805046435355267,"{2: 51, 3: 2, 5: 81, 6: 76, 4: 40}","{4: 37, 3: 175, 2: 38}","{1: 174, 0: 26, 2: 50}","{1: 189, 2: 35, 0: 26}","{1: 226, 0: 10, 2: 14}","{1: 241, 2: 8, 0: 1}",0.026931591412768012,0.018540533281549258,0.038602306273439704,0.044503846082301186,0.08045750046501698,0.05803138654680971,0.09982392269664779,0.0843082730777118,0.07619103533163536,0.031643017074036564,0.11025597557231596,0.04028364187253953
1560,0,max_steps,1,0,0,21.30841088164402,2500,,,0.4583166010461821,0.1,0.5222771167755127,8.404669761657715,-9.362061500549316,310.6701965332031,0.0,46.308410881644996,1758,-25.00000000000111,0.0,0.0,0.008523364352657608,"{1: 53, 2: 197}","{4: 15, 3: 213, 2: 22}","{1: 233, 0: 17}","{1: 217, 2: 33}","{1: 246, 0: 4}","{1: 249, 0: 1}",0.005189762907532203,0.012348371912545956,0.006659644373784218,0.008279327886178627,0.03200921685667887,0.04417221812427169,0.04502730924717286,0.05872780358295302,0.005907573236937748,0.0175962405025888,0.008978171679165323,0.007939137045290794
1570,0,max_steps,1,0,0,-24.150074985988066,2500,,,0.45603016723397605,0.1,0.5244580507278442,8.444853782653809,-9.362061500549316,328.4640197753906,0.0,0.8499250140128034,271,-25.00000000000111,0.0,0.0,-0.009660029994395226,"{5: 45, 6: 205}","{2: 50, 3: 200}","{1: 230, 0: 20}","{1: 232, 0: 17, 2: 1}","{1: 239, 0: 11}","{1: 239, 0: 2, 2: 9}",0.012814440777488459,0.009770358132874576,0.015786954873934514,0.017127978734798936,0.03587716189418023,0.027763002316256405,0.0423734518270647,0.06921596072106828,,,,
1580,0,success,1,2,0,1078.0868872272345,1198,599.0,599.0,0.4537551399027171,0.1,0.5307719111442566,8.533909797668457,-9.362061500549316,322.00799560546875,1000.0,90.04688722723527,1195,-11.95999999999979,0.0,0.0,0.8999055819926832,"{2: 71, 3: 48}","{1: 7, 2: 36, 3: 31, 6: 15, 5: 9, 4: 21}",{1: 119},"{1: 41, 0: 34, 2: 44}",{1: 119},{1: 119},0.021893259308383654,0.045082607145987205,0.020449035579574965,0.017371935324195707,0.03988557306686172,0.11211263543827531,0.04384030654525677,0.03751408686001352,0.042188019624162326,0.058759472109769874,0.05189101565017463,0.038701573097963224
1590,0,success,1,2,0,1068.6182138732268,2130,1065.0,1065.0,0.45149146214815256,0.1,0.5410164594650269,8.65796184539795,-9.362061500549316,315.4255676269531,1000.0,89.89821387322309,1605,-21.280000000000527,0.0,0.0,0.5016986919592614,"{2: 73, 3: 23, 4: 85, 5: 32}","{5: 8, 4: 14, 3: 146, 0: 22, 1: 10, 2: 13}","{1: 169, 0: 26, 2: 18}","{1: 144, 2: 23, 0: 46}",{1: 213},"{1: 210, 2: 3}",0.025387244676480795,0.01613408804775965,0.028628196611143727,0.02538787093440487,0.06513851594153547,0.10620064878694874,0.08515033128025837,0.0824430827610509,0.07198071086217983,0.05305002969184289,0.061122466796377006,0.09394411175023189
1600,0,max_steps,1,1,0,561.2917990089969,2500,858.0,858.0,0.44923907734991153,0.1,0.5448791980743408,8.70400333404541,-9.362061500549316,326.73028564453125,500.0,86.281799008989,1748,-24.990000000001107,0.0,0.0,0.22451671960359876,"{2: 82, 3: 3, 5: 28, 6: 137}","{1: 4, 2: 67, 3: 121, 6: 32, 5: 13, 4: 13}","{1: 172, 0: 44, 2: 34}","{1: 137, 0: 52, 2: 61}","{1: 228, 0: 10, 2: 12}","{1: 248, 0: 2}",0.03060618913344653,0.027922721185411014,0.03474194400880858,0.0420496208876838,0.07599106479426211,0.06636854223946355,0.09910972297981484,0.06796192593122191,0.029612997789957362,0.02274925175799899,0.06247193865564741,0.059877878256788995
1610,0,max_steps,1,1,0,553.3724772753461,2500,2270.0,2270.0,0.4469979291700889,0.1,0.5459505915641785,8.714449882507324,-9.362061500549316,337.32171630859375,500.0,78.36247727534382,1782,-24.990000000001107,0.0,0.0,0.22134899091013843,"{5: 39, 4: 185, 3: 26}","{5: 6, 4: 21, 3: 149, 2: 50, 0: 9, 1: 15}","{1: 202, 2: 48}","{1: 211, 2: 27, 0: 12}","{1: 247, 2: 3}",{1: 250},0.018670486017432802,0.011198756551962076,0.02818808614882501,0.03019562727644011,0.06454726505126444,0.04177854704962276,0.07472260470380779,0.07205823980010491,0.07296882065074778,0.021498361843253353,0.10164498765990519,0.04391231760944398
1620,0,success,1,2,0,1070.682830277236,1588,794.0,794.0,0.44476796155183623,0.1,0.5540850162506104,8.809991836547852,-9.362061500549316,328.9202880859375,1000.0,86.54283027723561,1476,-15.859999999999706,0.0,0.0,0.6742335203257154,"{2: 133, 3: 25}","{5: 7, 4: 12, 3: 70, 2: 45, 0: 15, 1: 9}","{1: 152, 0: 6}","{1: 72, 2: 32, 0: 54}",{1: 158},{1: 158},0.020468971052914085,0.033505534332209215,0.02893354508698264,0.025249166572416062,0.0474821604210822,0.11113825897078097,0.056849221836449235,0.06439343804390488,0.05062787177230246,0.02188156755052169,0.05640200958448487,0.03693190557588254
1630,0,max_steps,1,0,0,-3.70089091067991,2500,,,0.4425491187179594,0.1,0.5588147640228271,8.859479904174805,-9.362061500549316,349.23382568359375,0.0,21.29910908931998,1517,-25.00000000000111,0.0,0.0,-0.0014803563642719639,"{0: 191, 1: 59}","{2: 74, 3: 176}",{1: 250},"{1: 238, 0: 9, 2: 3}",{1: 250},{1: 250},0.007907164408726514,0.009707741761848925,0.012002813327159861,0.014157477289696267,0.028635621963812297,0.026239815785113106,0.0377557387945318,0.041946966557701464,,,,
1640,0,max_steps,1,1,0,522.8783056804231,2500,1153.0,1153.0,0.4403413451695236,0.1,0.5601598620414734,8.842141151428223,-9.362061500549316,326.694091796875,500.0,47.86830568041185,922,-24.990000000001107,0.0,0.0,0.20915132227216923,"{1: 73, 2: 41, 3: 1, 5: 13, 6: 122}","{4: 30, 3: 170, 1: 9, 2: 41}","{1: 189, 0: 61}","{1: 178, 2: 26, 0: 46}","{1: 242, 0: 8}","{1: 246, 0: 4}",0.029709997478849316,0.01847617396029281,0.031627318781205435,0.025778301145548854,0.07340207190682202,0.05324196054746048,0.08127763236277692,0.07236644526358353,0.09061531705262482,0.01608975377887958,0.09361858826694905,0.09462587711421519
1650,0,max_steps,1,1,0,524.0597926329025,2500,1464.0,1464.0,0.4381445856844652,0.1,0.5651925206184387,8.885298728942871,-9.362061500549316,341.2196960449219,500.0,49.04979263289767,1470,-24.990000000001107,0.0,0.0,0.209623917053161,"{2: 136, 1: 8, 3: 2, 5: 104}","{2: 120, 3: 127, 4: 3}","{1: 216, 2: 14, 0: 20}","{1: 205, 0: 37, 2: 8}","{1: 245, 0: 5}","{1: 246, 2: 3, 0: 1}",0.015341680620665064,0.01796521367856165,0.022326189937567045,0.025256704480129184,0.05497715566134275,0.036883330323775707,0.06244793398619058,0.06918019292004628,0.026619845153399175,0.02013390385523554,0.043411753431138775,0.04132260953488136
1660,0,max_steps,1,0,0,27.058503986842783,2500,,,0.43595878531621046,0.1,0.5711711049079895,8.953457832336426,-9.362061500549316,366.71533203125,0.0,52.058503986843654,1341,-25.00000000000111,0.0,0.0,0.010823401594737114,"{4: 230, 5: 20}","{5: 12, 4: 13, 3: 158, 2: 67}","{1: 221, 0: 13, 2: 16}","{1: 217, 2: 33}","{1: 244, 2: 6}","{1: 247, 0: 3}",0.009510517794886816,0.008764532550399374,0.016769682495989334,0.02140010368064539,0.05101084995585646,0.08995048330442972,0.06971711071514843,0.078924034364929,,,,
1670,0,max_steps,1,1,0,543.3450839577121,2500,2224.0,2224.0,0.4337838893923013,0.1,0.5715488195419312,8.924347877502441,-9.362061500549316,366.71533203125,500.0,68.3350839577121,1447,-24.990000000001107,0.0,0.0,0.21733803358308482,"{4: 204, 5: 12, 3: 34}","{3: 181, 2: 49, 0: 5, 1: 15}","{1: 220, 0: 12, 2: 18}","{1: 222, 0: 28}",{1: 250},"{1: 248, 0: 2}",0.014266209887901116,0.01019871426242951,0.02553896601897103,0.03218921290790193,0.05506804420673648,0.031155770510746063,0.06732857237725709,0.08149427418800126,0.06691562691835512,0.021068924355432762,0.05284913714187992,0.10095375225273387
1680,0,max_steps,1,0,0,3.3000803843646236,2500,,,0.43161984351302723,0.1,0.5716978907585144,8.924105644226074,-9.362061500549316,366.71533203125,0.0,28.300080384364414,1539,-25.00000000000111,0.0,0.0,0.0013200321537458494,"{0: 236, 1: 14}","{5: 2, 4: 20, 3: 160, 2: 68}",{1: 250},"{1: 209, 2: 36, 0: 5}",{1: 250},{1: 250},0.008833048931351346,0.006410179425714164,0.008772161063093423,0.013791573880934525,0.025646351352042202,0.04015514354557261,0.03527235845321475,0.041097531706643646,,,,
1690,0,success,1,2,0,1034.5012442677742,988,494.0,494.0,0.4294665935500658,0.1,0.5771032571792603,8.967864036560059,-9.362061500549316,359.6883850097656,1000.0,44.3612442677711,825,-9.859999999999834,0.0,0.0,1.0470660367082734,"{3: 32, 4: 66}","{1: 11, 2: 20, 3: 65, 4: 2}",{1: 98},"{1: 72, 0: 25, 2: 1}",{1: 98},{1: 98},0.013826865267400937,0.018340476052088363,0.018250631082466013,0.02473214499472658,0.04372980703832462,0.04808797957712565,0.05384601263706359,0.04910027470489194,0.03485374507880023,0.07487654703902528,0.050856735005603775,0.04065406951883775
1700,0,max_steps,1,0,0,6.468839398179137,2500,,,0.4273240856451275,0.1,0.5823123455047607,8.992487907409668,-9.362061500549316,347.95166015625,0.0,31.468839398178904,934,-25.00000000000111,0.0,0.0,0.002587535759271655,"{4: 37, 5: 36, 6: 177}","{5: 3, 4: 16, 3: 185, 2: 46}","{1: 249, 2: 1}","{1: 205, 2: 32, 0: 13}",{1: 250},"{1: 242, 2: 1, 0: 7}",0.021917096337632204,0.009303411514635786,0.02685505715186855,0.020764508712763398,0.04486827253735589,0.04157741475482298,0.054740379814088795,0.06740854113880511,,,,
1710,0,max_steps,1,0,0,15.390363944949529,2500,,,0.42519226620860967,0.1,0.5865122079849243,9.007983207702637,-9.362061500549316,359.65045166015625,0.0,40.39036394495122,1014,-25.00000000000111,0.0,0.0,0.006156145577979812,"{6: 20, 5: 78, 4: 152}","{2: 32, 3: 218}","{1: 224, 2: 26}",{1: 250},"{1: 246, 2: 4}","{1: 248, 0: 2}",0.004759829307935049,0.00946469551986667,0.008297716118450444,0.011110705883988653,0.0504058642112225,0.01901178499442394,0.06522519901595593,0.07716085279032588,,,,
1720,0,max_steps,1,0,0,0.32492300587880507,2500,,,0.423071081918255,0.1,0.5929743051528931,9.018484115600586,-9.362061500549316,343.1109924316406,0.0,25.324923005878638,1483,-25.00000000000111,0.0,0.0,0.00012996920235152203,"{6: 67, 5: 183}","{3: 233, 2: 17}",{1: 250},{1: 250},{1: 250},{1: 250},0.009682793101979587,0.007833963976223527,0.015866747848402175,0.022463749486173808,0.030771543218523396,0.01703370598810175,0.044273603154532506,0.059139475438079465,,,,
1730,0,max_steps,1,0,0,1.4349083523268313,2500,,,0.4209604797178188,0.1,0.5991566181182861,9.122430801391602,-9.362061500549316,343.1718444824219,0.0,26.434908352326804,1615,-25.00000000000111,0.0,0.0,0.0005739633409307326,{2: 250},"{4: 11, 3: 221, 2: 18}",{1: 250},"{1: 226, 2: 23, 0: 1}",{1: 250},{1: 250},0.009843285686810452,0.006567419340996104,0.012785704612043022,0.01588135283932029,0.025789742205466995,0.029799301406148383,0.032687378916331444,0.04182544128196404,0.028004061515361504,0.07067990797058829,0.047654733340825164,0.060867776329991935
1740,0,max_steps,1,0,0,-6.642871864237464,2500,,,0.4188604068157413,0.1,0.6004736423492432,9.155889511108398,-9.362061500549316,343.1718444824219,0.0,18.35712813576225,855,-25.00000000000111,0.0,0.0,-0.0026571487456949856,"{4: 28, 5: 222}","{2: 91, 3: 159}",{1: 250},"{1: 246, 0: 3, 2: 1}",{1: 250},{1: 250},0.017684166428120505,0.006041505672448217,0.02288635395135638,0.022764345627570126,0.03413000131043359,0.016890142656439167,0.045059668263926475,0.05211674777904081,,,,
1750,0,success,1,2,0,1067.5198999401991,1147,573.5,573.5,0.41677081068382765,0.1,0.6040129661560059,9.092901229858398,-9.362061500549316,308.23211669921875,1000.0,78.96989994019928,1069,-11.4499999999998,0.0,0.0,0.9307061028249338,"{3: 80, 4: 34}","{1: 10, 2: 61, 6: 27, 5: 9, 4: 7}","{1: 100, 2: 14}","{1: 61, 0: 15, 2: 38}",{1: 114},{1: 114},0.019533125549996505,0.02856969746927953,0.03081969439784222,0.02550505752299736,0.058305466540864555,0.11486252770163483,0.0737662978212104,0.05992368420736333,0.03638779106488985,0.0288689450014812,0.050340147251587315,0.036253459271496195
1760,0,max_steps,1,0,0,-13.840115001759331,2500,,,0.4146916390559336,0.1,0.606108546257019,9.1068754196167,-9.362061500549316,325.7225646972656,0.0,11.159884998240344,682,-25.00000000000111,0.0,0.0,-0.005536046000703732,"{4: 28, 5: 205, 6: 17}","{4: 22, 3: 176, 2: 52}","{1: 240, 0: 10}","{1: 178, 2: 47, 0: 25}",{1: 250},"{1: 245, 2: 4, 0: 1}",0.007795298521993463,0.012625049567600825,0.012113532884370904,0.01666660488123621,0.028453868032374232,0.06303819315514776,0.042222266708638025,0.04661491918228823,,,,
1770,0,max_steps,1,0,0,16.868499953886435,2500,,,0.41262283992665844,0.1,0.6111269593238831,9.168440818786621,-9.362061500549316,314.22076416015625,0.0,41.86849995388697,1340,-25.00000000000111,0.0,0.0,0.006747399981554574,"{5: 160, 4: 90}","{2: 44, 3: 206}","{1: 229, 2: 15, 0: 6}","{1: 226, 0: 22, 2: 2}","{1: 244, 2: 6}","{1: 246, 2: 1, 0: 3}",0.014703261337418191,0.012535493338162973,0.023298997335025072,0.03720276861405089,0.04839473970300721,0.02954274485783925,0.0692807231082128,0.08816571967075189,,,,
1780,0,success,1,2,0,1054.705459315005,2343,1171.5,1171.5,0.4105643615500444,0.1,0.6143596768379211,9.216754913330078,-9.362061500549316,321.60302734375,1000.0,78.11545931500292,1750,-23.41000000000086,0.0,0.0,0.4501517111886492,"{6: 7, 5: 27, 4: 111, 3: 29, 2: 60}","{4: 20, 3: 189, 2: 25}","{1: 189, 2: 45}","{1: 208, 2: 19, 0: 7}","{1: 227, 2: 7}",{1: 234},0.02436705264581739,0.014755726571880824,0.030416878460219756,0.028622270504086025,0.061759437138276634,0.030230990219288194,0.07287685132639216,0.06928921667834848,0.04476060344186582,0.026587687937636557,0.06606724001451733,0.050698561133264174
1790,0,max_steps,1,0,0,40.7337219271807,2500,,,0.4085161524382818,0.1,0.6152209043502808,9.240371704101562,-9.362061500549316,321.552490234375,0.0,65.73372192718094,1590,-25.00000000000111,0.0,0.0,0.01629348877087228,"{1: 178, 2: 72}","{1: 10, 2: 79, 3: 161}","{1: 239, 0: 11}","{1: 227, 0: 23}",{1: 250},{1: 250},0.018247054782208855,0.011385019168257482,0.0255978393992084,0.029850596361539264,0.046247934221431475,0.02839634360507635,0.0603120295794061,0.059551461718601637,,,,
1800,0,max_steps,1,1,0,531.7541894055536,2500,863.0,863.0,0.406478161360422,0.1,0.619539737701416,9.263991355895996,-9.362061500549316,314.22076416015625,500.0,56.744189405545534,1716,-24.990000000001107,0.0,0.0,0.21270167576222143,"{4: 74, 3: 12, 0: 164}","{1: 10, 2: 135, 3: 99, 4: 6}","{1: 249, 2: 1}","{1: 169, 0: 43, 2: 38}",{1: 250},"{1: 249, 0: 1}",0.018086895142931814,0.020519905725612797,0.025429690115017264,0.027407295384145356,0.03551676494358293,0.06628935148281653,0.05316140336885582,0.06536517112803367,0.03176582239339931,0.023389264479750337,0.04865267852134818,0.09428075724867786
1810,0,max_steps,1,1,0,542.8895415224248,2500,2286.0,2286.0,0.40445033734109476,0.1,0.6277716159820557,9.326020240783691,-9.362061500549316,337.26495361328125,500.0,67.87954152242304,1517,-24.990000000001107,0.0,0.0,0.2171558166089699,"{5: 142, 6: 59, 4: 25, 3: 2, 0: 22}","{2: 48, 3: 163, 4: 39}","{1: 206, 2: 44}","{1: 153, 0: 63, 2: 34}","{1: 245, 2: 5}",{1: 250},0.02243105879961763,0.02608334170676726,0.029733128254100044,0.026184928918345705,0.074280625099113,0.03894086432730094,0.07827666542561697,0.06167049370633775,0.08984100143210733,0.016868573835252074,0.10238190667249557,0.08660490415480503
1820,0,max_steps,1,0,0,37.71331132196558,2500,,,0.4024326296592347,0.1,0.6300137639045715,9.323039054870605,-9.362061500549316,319.51788330078125,0.0,62.713311321964106,1551,-25.00000000000111,0.0,0.0,0.01508532452878623,"{5: 53, 6: 32, 4: 165}","{4: 12, 3: 185, 2: 53}","{1: 213, 0: 3, 2: 34}","{1: 215, 2: 30, 0: 5}","{1: 244, 2: 6}","{1: 247, 2: 2, 0: 1}",0.01638998183013906,0.007849550701453009,0.019649787778296186,0.02018604059567969,0.05862598717603544,0.033563795230881655,0.06984988890155812,0.08588144880700636,,,,
1830,0,success,1,2,0,1047.6801929067956,1106,553.0,553.0,0.4004249878468118,0.1,0.6341806650161743,9.375565528869629,-9.362061500549316,338.69598388671875,1000.0,58.72019290679519,971,-11.039999999999809,0.0,0.0,0.947269613839779,"{4: 75, 3: 35}","{2: 52, 3: 27, 5: 8, 4: 23}","{1: 92, 2: 18}","{1: 63, 0: 19, 2: 28}",{1: 110},{1: 110},0.02073024685965994,0.029207329432636916,0.027123580030930624,0.032336841845897996,0.05318518777956679,0.053594880781552494,0.06790112543090822,0.0618878954933661,0.027403197057592588,0.04887142754528474,0.062342979244538625,0.05848916454013644
1840,0,max_steps,1,1,0,552.229546038357,2500,2395.0,2395.0,0.39842736168756887,0.1,0.6393229365348816,9.4594144821167,-9.362061500549316,337.44677734375,500.0,77.21954603835611,1760,-24.990000000001107,0.0,0.0,0.22089181841534278,"{1: 97, 2: 133, 3: 9, 4: 11}","{1: 9, 2: 147, 3: 94}","{1: 238, 0: 12}","{1: 218, 0: 24, 2: 8}",{1: 250},"{1: 249, 2: 1}",0.021142605256755202,0.015011854029237905,0.02607634430030469,0.021972273181138424,0.04793707300899967,0.032409360555863846,0.057369862487612784,0.077632144261833,0.03153315825493651,0.010701298577421098,0.035654862049709087,0.03771579145444716
1850,0,success,1,2,0,1079.3324032836767,1697,848.5,848.5,0.396439701215766,0.1,0.6456736922264099,9.48269271850586,-9.362061500549316,342.2952880859375,1000.0,96.282403283675,1260,-16.94999999999985,0.0,0.0,0.6360238086527265,"{4: 59, 5: 39, 3: 47, 2: 24}","{4: 30, 3: 84, 0: 21, 1: 9, 2: 25}","{1: 121, 0: 18, 2: 30}","{1: 96, 2: 26, 0: 47}","{1: 152, 2: 17}","{1: 162, 0: 7}",0.023531388196221026,0.02565297026379742,0.034540007541358636,0.04005911191296778,0.08625567351046351,0.08787627625904493,0.09841824963491556,0.08356049136980827,0.068072254711161,0.04859879762938688,0.03555244448932954,0.10047300604561656
1860,0,max_steps,1,1,0,559.4380031647206,2500,2346.0,2346.0,0.3944619567149307,0.1,0.6515482068061829,9.5548734664917,-9.362061500549316,341.6648864746094,500.0,84.42800316472169,1827,-24.990000000001107,0.0,0.0,0.22377520126588824,"{1: 22, 2: 205, 3: 7, 4: 16}","{5: 13, 4: 19, 3: 121, 2: 81, 0: 11, 1: 5}","{1: 243, 0: 7}","{1: 199, 2: 35, 0: 16}",{1: 250},{1: 250},0.013736005163127412,0.011678449330110828,0.015847720677335992,0.01505630917863349,0.029183969834854405,0.07919440787724906,0.03937019796660607,0.04094866056911607,0.023883526012130212,0.02285399030616829,0.029961083863721264,0.03570388780129106
1870,0,max_steps,1,0,0,18.217624139224135,2500,,,0.3924940787166141,0.1,0.6550098061561584,9.600422859191895,-9.362061500549316,343.87969970703125,0.0,43.2176241392255,1585,-25.00000000000111,0.0,0.0,0.007287049655689654,"{1: 20, 2: 230}","{4: 22, 3: 185, 2: 43}","{1: 239, 0: 11}","{1: 229, 2: 21}",{1: 250},{1: 250},0.008857474715731454,0.010688425718866676,0.010394836595010386,0.011577197793144601,0.028682791843418116,0.02850477015797647,0.03605643887667274,0.04642963990312612,0.015671404383817082,0.02178162837356032,0.02116004207822396,0.024563635456175518
1880,0,max_steps,1,0,0,19.964602047580094,2500,,,0.39053601799915405,0.1,0.6589367389678955,9.63177490234375,-9.362061500549316,359.56201171875,0.0,44.96460204758113,1051,-25.00000000000111,0.0,0.0,0.007985840819032038,"{4: 69, 5: 130, 6: 51}","{5: 10, 4: 37, 3: 171, 2: 32}","{1: 217, 0: 24, 2: 9}","{1: 194, 2: 38, 0: 18}","{1: 244, 0: 6}",{1: 250},0.009716300757645662,0.017678325619469616,0.013991596929448305,0.023735115768701142,0.06286977806361435,0.051783715393364675,0.08379088627736386,0.06783079180923923,,,,
1890,0,max_steps,1,0,0,27.018433099491766,2500,,,0.3885877255864434,0.1,0.6650123000144958,9.663673400878906,-9.362061500549316,337.0964050292969,0.0,52.018433099492455,1195,-25.00000000000111,0.0,0.0,0.010807373239796707,"{1: 159, 0: 91}","{1: 12, 2: 107, 3: 131}","{1: 230, 0: 15, 2: 5}","{1: 237, 0: 13}",{1: 250},"{1: 249, 0: 1}",0.022333236336069734,0.013707389553152649,0.027136044711289144,0.02455321904623843,0.04603147059155923,0.027755637310321064,0.06391824986862013,0.07102116871371278,,,,
1900,0,max_steps,1,0,0,-7.540298248962986,2500,,,0.3866491527467055,0.1,0.670648992061615,9.702408790588379,-9.362061500549316,359.1688232421875,0.0,17.459701751036807,1271,-25.00000000000111,0.0,0.0,-0.0030161192995851946,{2: 250},"{4: 6, 3: 200, 2: 44}",{1: 250},"{1: 245, 2: 5}",{1: 250},{1: 250},0.007823609326614656,0.008783162969637657,0.010547310550282251,0.009493914131680482,0.01633776624612167,0.020855990190044024,0.023900959699808773,0.029240997375420266,,,,
1910,0,max_steps,1,0,0,2.7228188167943705,2500,,,0.384720250991275,0.1,0.6758332848548889,9.72248363494873,-9.362061500549316,345.891357421875,0.0,27.72281881679418,987,-25.00000000000111,0.0,0.0,0.0010891275267177483,"{2: 46, 1: 204}","{2: 96, 3: 154}",{1: 250},"{1: 248, 0: 2}",{1: 250},{1: 250},0.01858239226828457,0.01291792083782704,0.02851026463706009,0.02990218903363659,0.03454939024528075,0.02687733339595343,0.04632110320450322,0.059547692361607785,,,,
1920,0,max_steps,1,0,0,18.44489090384085,2500,,,0.3828009720733851,0.1,0.6817370057106018,9.777840614318848,-9.362061500549316,358.18585205078125,0.0,43.44489090384235,1313,-25.00000000000111,0.0,0.0,0.00737795636153634,"{3: 32, 4: 218}","{1: 7, 2: 66, 3: 177}","{1: 234, 0: 16}","{1: 221, 0: 28, 2: 1}",{1: 250},"{1: 249, 0: 1}",0.010488761357334227,0.012960280291026496,0.015952018310749612,0.018377434419514192,0.04253015466596422,0.04619789847405695,0.058874988761015525,0.05170499411808912,0.06602650480249199,0.06381715803830454,0.09076206253752271,0.06825008744856906
1930,0,max_steps,1,0,0,7.767744104972641,2500,,,0.3808912679869608,0.1,0.6872909665107727,9.820704460144043,-9.362061500549316,362.2062072753906,0.0,32.76774410497246,1588,-25.00000000000111,0.0,0.0,0.003107097641989056,{2: 250},"{2: 50, 3: 200}","{1: 242, 0: 8}","{1: 238, 0: 9, 2: 3}",{1: 250},{1: 250},0.005140396246935628,0.011503197356007392,0.00806638632119474,0.011036396236913285,0.02885105569387306,0.024282781734479158,0.035722380010035616,0.033567567446623724,0.017198328971772703,0.017330372751262264,0.024713720641553232,0.025040361988688028
1940,0,success,1,2,0,1071.8455138558802,991,495.5,495.5,0.3789910909654182,0.1,0.6933339238166809,9.86933708190918,-9.362061500549316,349.19354248046875,1000.0,81.73551385587955,905,-9.889999999999834,0.0,0.0,1.0815797314388296,"{2: 55, 3: 44}","{5: 5, 4: 14, 3: 37, 0: 19, 1: 9, 2: 15}","{1: 86, 0: 13}","{1: 34, 2: 23, 0: 42}",{1: 99},{1: 99},0.016518388903849494,0.054249406214465,0.02709893149763135,0.055652453025037706,0.05640131270748112,0.11529363462634604,0.07543391172078057,0.08826657602923915,0.06654040571767886,0.06975495720656963,0.06922693461686978,0.08991544888350905
1950,0,max_steps,1,0,0,-21.52639262861575,2500,,,0.3771003934804696,0.1,0.6984584927558899,9.88701057434082,-9.362061500549316,363.7652587890625,0.0,3.47360737138475,712,-25.00000000000111,0.0,0.0,-0.0086105570514463,"{5: 214, 6: 36}","{2: 84, 3: 166}",{1: 250},"{1: 248, 0: 2}",{1: 250},{1: 250},0.005029629711074717,0.005980059317877522,0.0065775385456336675,0.010073798906311191,0.027639723742756736,0.01614959312305905,0.032116224674484745,0.03496421300576469,,,,
1960,0,max_steps,1,0,0,11.041332245877935,2500,,,0.3752191282409347,0.1,0.7009642124176025,9.917204856872559,-9.362061500549316,361.56805419921875,0.0,36.041332245877726,1189,-25.00000000000111,0.0,0.0,0.004416532898351175,"{5: 88, 6: 162}","{2: 61, 3: 189}","{1: 243, 2: 7}","{1: 237, 0: 10, 2: 3}","{1: 248, 2: 2}","{1: 247, 0: 3}",0.019795084779006992,0.01070476324249078,0.027999168992132412,0.030453501454652365,0.03855905666111606,0.027760609237240812,0.05473162646351215,0.0719009192216419,,,,
1970,0,max_steps,1,0,0,-4.033558358311987,2500,,,0.3733472481915578,0.1,0.7015143632888794,9.91849136352539,-9.362061500549316,356.2660217285156,0.0,20.9664416416877,1010,-25.00000000000111,0.0,0.0,-0.001613423343324795,{5: 250},"{5: 7, 4: 11, 3: 168, 2: 64}",{1: 250},"{1: 209, 2: 34, 0: 7}",{1: 250},"{1: 249, 0: 1}",0.005110540978055416,0.007849652822934006,0.0063333703052068525,0.011168900374940529,0.024074917406940434,0.04993733188243955,0.03591919601253614,0.041623112110454864,,,,
1980,0,max_steps,1,0,0,13.366192791272722,2500,,,0.37148470651183096,0.1,0.7023000717163086,9.941191673278809,-9.362061500549316,356.2660217285156,0.0,38.366192791274145,1256,-25.00000000000111,0.0,0.0,0.0053464771165090885,"{1: 102, 0: 148}","{1: 12, 2: 78, 3: 160}","{1: 234, 2: 16}","{1: 210, 0: 40}",{1: 250},{1: 250},0.015284700721205663,0.010245737675950044,0.02323822864295611,0.02770711872373502,0.045561860961727124,0.049085757360161075,0.06155722028001179,0.06903737978874223,,,,
1990,0,max_steps,1,0,0,12.821277839943212,2500,,,0.36963145661482244,0.1,0.70961993932724,10.00221061706543,-9.362061500549316,356.67236328125,0.0,37.821277839942994,1299,-25.00000000000111,0.0,0.0,0.005128511135977285,"{1: 46, 0: 204}","{5: 1, 4: 29, 3: 184, 2: 36}","{1: 243, 2: 7}","{1: 209, 2: 37, 0: 4}",{1: 250},"{1: 248, 0: 2}",0.019432036880037994,0.014910229240924375,0.030049869632077952,0.037457609721565595,0.04089557890974809,0.03251291304261908,0.05970347449533389,0.07189191170538434,,,,
2000,0,success,1,2,0,1026.091455991079,813,406.5,406.5,0.3677874521460121,0.1,0.7126749157905579,10.030577659606934,-9.362061500549316,363.83978271484375,1000.0,34.20145599107894,791,-8.109999999999872,0.0,0.0,1.2621051119201465,"{4: 36, 3: 13, 2: 32}","{2: 51, 3: 30}","{1: 76, 2: 5}","{1: 39, 0: 40, 2: 2}",{1: 81},{1: 81},0.020748261469568593,0.0312905652671581,0.029029645516001516,0.03202475124008125,0.04857796780003867,0.0616660513853706,0.061481610880237424,0.04984400745204393,0.050915665388083196,0.061764453126022745,0.04996763368784078,0.0537327451170934
2010,0,max_steps,1,1,0,532.7454710333448,2500,819.0,819.0,0.3659526469821314,0.1,0.717011570930481,10.017698287963867,-9.362061500549316,352.9901428222656,500.0,57.735471033336125,1357,-24.990000000001107,0.0,0.0,0.2130981884133379,"{3: 51, 2: 30, 0: 150, 1: 19}","{5: 9, 4: 36, 3: 173, 2: 32}","{1: 220, 0: 19, 2: 11}","{1: 207, 2: 43}","{1: 242, 0: 5, 2: 3}","{1: 245, 2: 1, 0: 4}",0.017923301967876684,0.012286835010248052,0.020804552291344553,0.023389830581333752,0.05444445189365009,0.04211228917099235,0.06585854787732802,0.0793472210971597,0.03187597388232671,0.05623198782337687,0.034263690028554984,0.048248205056438
2020,0,max_steps,1,1,0,546.8021989200115,2500,2373.0,2373.0,0.36412699523001,0.1,0.719530463218689,10.052943229675293,-9.362061500549316,336.28643798828125,500.0,71.79219892000886,1363,-24.990000000001107,0.0,0.0,0.2187208795680046,"{1: 35, 0: 32, 2: 168, 3: 2, 5: 11, 6: 2}","{2: 30, 3: 207, 5: 13}","{1: 193, 0: 57}","{1: 238, 0: 12}","{1: 233, 0: 17}",{1: 250},0.019234546537362243,0.011822705717449707,0.027312403484948643,0.027061364984567453,0.07773253840344467,0.026446042396364534,0.09261182385137999,0.05810681428486735,0.08407207000907688,0.008183865368470305,0.1085827286276974,0.040226429331280254
2030,0,max_steps,1,0,0,20.390525919917476,2500,,,0.36231045122542793,0.1,0.7225719094276428,10.080606460571289,-9.362061500549316,361.2663269042969,0.0,45.39052591991825,1224,-25.00000000000111,0.0,0.0,0.00815621036796699,"{5: 154, 6: 23, 4: 73}","{2: 10, 3: 228, 4: 12}","{1: 229, 0: 1, 2: 20}","{1: 239, 0: 8, 2: 3}","{1: 244, 2: 6}","{1: 246, 0: 4}",0.018637809911809453,0.014984407367248315,0.023710873043667324,0.027372183388457167,0.04915058685445622,0.026457573327621674,0.05899427400815195,0.07321562662384128,,,,
2040,0,max_steps,1,0,0,19.18623164984146,2500,,,0.3605029695319729,0.1,0.7267255187034607,10.102933883666992,-9.362061500549316,335.5341491699219,0.0,44.186231649841154,1031,-25.00000000000111,0.0,0.0,0.007674492659936584,"{5: 78, 6: 172}","{1: 6, 2: 64, 3: 155, 4: 25}","{1: 215, 0: 19, 2: 16}","{1: 122, 0: 68, 2: 60}",{1: 250},"{1: 238, 2: 12}",0.027033064428305123,0.030152756325484843,0.03453144079135444,0.033249308930990804,0.052614682558257186,0.06538331122123128,0.07283582807115616,0.0860284927444925,,,,
2050,0,max_steps,1,0,0,19.748769104347716,2500,,,0.3587045049399047,0.1,0.7335696220397949,10.165451049804688,-9.362061500549316,365.76776123046875,0.0,44.74876910434866,1549,-25.00000000000111,0.0,0.0,0.007899507641739086,"{1: 136, 2: 114}","{2: 66, 3: 184}","{1: 239, 0: 11}","{1: 235, 2: 10, 0: 5}",{1: 250},"{1: 249, 0: 1}",0.016409729182944588,0.011113516111810093,0.022750790575208894,0.023449647786608838,0.043497957944576504,0.026470690879663826,0.05507905190361958,0.06704207766768357,,,,
2060,0,max_steps,1,1,0,532.2526172956714,2500,1322.0,1322.0,0.35691501246502344,0.1,0.7430429458618164,10.22452449798584,-9.362061500549316,346.3027648925781,500.0,57.24261729566643,1711,-24.990000000001107,0.0,0.0,0.21290104691826855,"{2: 91, 3: 41, 4: 118}","{1: 14, 2: 105, 3: 129, 4: 2}","{1: 241, 0: 9}","{1: 207, 0: 43}",{1: 250},{1: 250},0.013689583110882579,0.013387657033659683,0.016205220958096622,0.01586935104320141,0.04143301222787568,0.03224644291258327,0.058534327154029224,0.058775505914594676,0.037546241829843195,0.032740773714602885,0.05237762397248446,0.048076520157114
2070,0,max_steps,1,1,0,547.2565215313799,2500,406.0,406.0,0.3551344473475453,0.1,0.750917911529541,10.305352210998535,-9.362061500549316,346.5729064941406,500.0,72.24652153136824,1198,-24.990000000001107,0.0,0.0,0.21890260861255198,"{1: 20, 2: 19, 3: 1, 4: 11, 5: 160, 6: 39}","{4: 8, 3: 131, 1: 23, 2: 88}","{1: 183, 0: 58, 2: 9}","{1: 199, 2: 11, 0: 40}","{1: 223, 0: 27}","{1: 243, 0: 1, 2: 6}",0.034773763158399175,0.015775995966917727,0.04722530696038296,0.0424876422079702,0.09137350277127351,0.06312943561571484,0.10324331542734287,0.08731230634229709,0.12862406396862663,0.022807766102917272,0.13149594116019261,0.02874753224458923
2080,1,max_steps,3,0,0,50.71612550863938,3000,,,0.599100449925,0.1,0.7571834325790405,10.384415626525879,-9.887003898620605,352.04840087890625,0.0,80.71612550863986,1631,-30.00000000000189,0.0,0.0,0.01690537516954646,"{6: 260, 5: 40}","{1: 17, 2: 35, 3: 246, 4: 2}","{1: 253, 0: 22, 2: 25}","{1: 267, 0: 32, 2: 1}",{1: 300},"{1: 297, 0: 2, 2: 1}",0.02674284573458113,0.01304865062377411,0.03528584871867506,0.034058635179070276,0.05713847816587366,0.03508961868495378,0.07368839996055009,0.07733516288878958,,,,
2090,1,max_steps,3,1,0,544.7681825739431,3000,2817.0,2817.0,0.5961116785767888,0.1,0.761925458908081,10.4115629196167,-8.132502555847168,365.0255126953125,500.0,85.75765291597433,2032,-29.99000000000189,-10.999470342031193,0.0,0.18158939419131437,"{1: 196, 2: 83, 3: 21}","{0: 9, 1: 11, 2: 54, 3: 190, 4: 33, 5: 3}","{1: 271, 0: 29}","{1: 195, 0: 71, 2: 34}",{1: 300},{1: 300},0.010434907955461639,0.01915809567746938,0.01703005470076535,0.020934820398859764,0.048878054103556064,0.057020146444172984,0.06103705959045955,0.05387610275373393,0.0452436406684229,0.024693131913476322,0.06669317096045918,0.0716108353438286
2100,1,max_steps,3,0,0,42.33696380408742,3000,,,0.5931378175064332,0.1,0.7617656588554382,10.377233505249023,-8.328128814697266,340.70880126953125,0.0,72.3369638040876,2081,-30.00000000000189,0.0,0.0,0.01411232126802914,"{0: 88, 1: 30, 2: 182}","{6: 5, 5: 8, 4: 10, 3: 255, 2: 22}","{1: 267, 0: 33}","{1: 253, 2: 39, 0: 8}","{1: 298, 0: 2}","{1: 295, 0: 5}",0.014410025791564765,0.013691646988513387,0.018243796142303127,0.025634989312214765,0.05149286383991054,0.05655404979668509,0.061253262713738564,0.06864689245250966,,,,
2110,1,max_steps,3,0,0,26.089878411912448,3000,,,0.5901787923300612,0.1,0.767916738986969,10.448651313781738,-8.328128814697266,353.3391418457031,0.0,56.08987841191312,1238,-30.00000000000189,0.0,0.0,0.00869662613730415,"{0: 295, 1: 5}","{5: 2, 4: 15, 3: 222, 2: 61}","{1: 232, 2: 39, 0: 29}","{1: 246, 2: 40, 0: 14}",{1: 300},"{1: 292, 0: 8}",0.028673213925050695,0.013813209920955605,0.030067203378691683,0.03787640544250384,0.06247292527632814,0.03971817630181123,0.08367126291445649,0.08723316257305284,,,,
2120,1,max_steps,3,2,0,1165.381566136934,3000,1121.5,1121.5,0.5872345290348845,0.1,0.7790616750717163,10.546606063842773,-8.328128814697266,365.2812805175781,1000.0,195.36156613693308,2363,-29.980000000001887,0.0,0.0,0.3884605220456447,"{2: 134, 3: 90, 1: 76}","{6: 39, 5: 15, 4: 29, 3: 132, 2: 32, 0: 42, 1: 11}","{1: 289, 0: 11}","{1: 148, 2: 85, 0: 67}",{1: 300},{1: 300},0.013377512223731985,0.03190806139002962,0.016306368702723374,0.023070465798652576,0.03467137005367875,0.14014136064546548,0.050033580131168556,0.06474314059981165,0.03546577814476004,0.046249290386999986,0.05117518068502568,0.07724029569429043
2130,1,max_steps,3,2,0,1096.2060983475003,3000,971.5,971.5,0.584304953977347,0.1,0.7847474217414856,10.593400001525879,-11.526128768920898,375.9013977050781,1000.0,126.18609834749743,2464,-29.980000000001887,0.0,0.0,0.3654020327825001,"{2: 85, 1: 18, 3: 37, 4: 54, 6: 106}","{2: 70, 3: 138, 6: 20, 5: 8, 4: 30, 0: 28, 1: 6}","{1: 267, 0: 31, 2: 2}","{1: 175, 0: 71, 2: 54}",{1: 300},"{1: 295, 2: 5}",0.013351110217566714,0.023667116880070904,0.018724590245868748,0.029484060133247673,0.05048291842196799,0.12223669990585166,0.06690273260382631,0.06941946432077718,0.06439332966371855,0.02070118930570761,0.06536858299717813,0.06997360097255959
2140,1,max_steps,3,0,0,16.262833344917787,3000,,,0.5813899938812829,0.1,0.7941721081733704,10.685164451599121,-11.526128768920898,363.4239196777344,0.0,64.17171533971938,1558,-30.00000000000189,-17.908881994801238,0.0,0.005420944448305929,"{5: 162, 6: 51, 4: 87}","{6: 10, 5: 11, 4: 41, 3: 218, 2: 20}","{1: 277, 0: 23}","{1: 190, 2: 75, 0: 35}","{1: 291, 0: 9}","{1: 298, 2: 1, 0: 1}",0.022559542437468993,0.0216648392233566,0.023492687293227878,0.0286818799922752,0.04665689175534501,0.06076115514652375,0.058977960904407385,0.0707800759843153,,,,
2150,1,max_steps,3,1,0,517.810876004905,3000,424.0,424.0,0.5784895758360843,0.1,0.7967099547386169,10.718076705932617,-11.526128768920898,363.4239196777344,500.0,47.80087600489093,1412,-29.99000000000189,0.0,0.0,0.17260362533496834,"{2: 24, 3: 18, 0: 258}","{2: 92, 3: 208}",{1: 300},"{1: 262, 0: 22, 2: 16}",{1: 300},"{1: 297, 2: 1, 0: 2}",0.014615127025145946,0.012647967938797057,0.018698678754983232,0.024333716707225814,0.0319896225693879,0.031942855063742254,0.04598160242717755,0.06377809941526012,0.01605259050536492,0.044249664723091574,0.01775141423930142,0.010769306064123668
2160,1,max_steps,3,1,0,606.9768813535272,3000,750.0,750.0,0.5756036272948768,0.1,0.8007757663726807,10.731268882751465,-11.526128768920898,368.89892578125,500.0,136.96688135352022,2026,-29.99000000000189,0.0,0.0,0.2023256271178424,"{1: 47, 2: 27, 6: 96, 5: 130}","{4: 26, 3: 228, 1: 16, 2: 30}","{1: 186, 0: 47, 2: 67}","{1: 241, 2: 18, 0: 41}","{1: 286, 0: 7, 2: 7}","{1: 295, 0: 5}",0.020606673573946542,0.017384344509933508,0.031116817386104383,0.029101780249647786,0.08230574481308456,0.04290449433000334,0.08736257729517002,0.06289832370891633,0.08983877283035129,0.026890111624077593,0.08284506305845003,0.04218837310344554
2170,1,max_steps,3,0,0,42.42514520635629,3000,,,0.5727320760727055,0.1,0.8015466332435608,10.732555389404297,-11.526128768920898,368.89892578125,0.0,72.42514520635665,1684,-30.00000000000189,0.0,0.0,0.01414171506878543,"{5: 168, 6: 39, 4: 93}","{5: 14, 4: 24, 3: 196, 2: 66}","{1: 254, 2: 38, 0: 8}","{1: 242, 2: 47, 0: 11}","{1: 289, 2: 11}","{1: 296, 2: 3, 0: 1}",0.01599768426667514,0.013988738605149077,0.02267688648455287,0.03227880785012152,0.059301656374941954,0.0466896452917444,0.0749802304133765,0.08481729408833402,,,,
2180,1,max_steps,3,1,0,541.9101831830444,3000,597.0,597.0,0.5698748503447295,0.1,0.8026119470596313,10.727104187011719,-11.526128768920898,368.89892578125,500.0,71.90018318303855,2259,-29.99000000000189,0.0,0.0,0.18063672772768147,"{2: 42, 3: 17, 6: 240, 5: 1}","{1: 5, 2: 64, 3: 200, 6: 11, 5: 8, 4: 12}","{1: 283, 2: 17}","{1: 236, 0: 33, 2: 31}",{1: 300},"{1: 299, 0: 1}",0.014992553946229068,0.014015236195426276,0.020595966459897398,0.023367071140660695,0.03569067048727577,0.04373725844718957,0.04788939467897871,0.0607956892980848,0.01421932018050113,0.04115440970582223,0.037132133447278615,0.04981284073809531
2190,1,max_steps,3,0,0,6.911325740415697,3000,,,0.5670318786444251,0.1,0.8070744276046753,10.775108337402344,-14.017342567443848,354.30670166015625,0.0,36.91132574041554,1333,-30.00000000000189,0.0,0.0,0.0023037752468052326,"{4: 111, 5: 189}","{3: 212, 2: 88}","{1: 289, 0: 11}","{1: 211, 2: 52, 0: 37}",{1: 300},"{1: 299, 0: 1}",0.017472601990327255,0.019023498572176417,0.025186265580734887,0.03312538228919064,0.041720838808523085,0.040329413560710514,0.05899378920329837,0.06778960492143446,,,,
2200,1,max_steps,3,0,0,-11.474053320018738,3000,,,0.5642030898617977,0.1,0.8157353401184082,10.830587387084961,-14.017342567443848,368.89544677734375,0.0,18.52594667998103,872,-30.00000000000189,0.0,0.0,-0.003824684440006246,{6: 300},"{2: 63, 3: 221, 4: 16}","{1: 290, 0: 10}","{1: 204, 0: 68, 2: 28}",{1: 300},"{1: 298, 0: 2}",0.016375043631028922,0.02067233062165763,0.01982311508726964,0.02498011656603589,0.03898420945249868,0.04707436462580526,0.04556589369473955,0.054706286025156085,,,,
2210,1,max_steps,3,0,0,-11.994020226974973,3000,,,0.5613884132416043,0.1,0.8172718286514282,10.868497848510742,-11.972016334533691,369.7181091308594,0.0,18.00597977302489,651,-30.00000000000189,0.0,0.0,-0.003998006742324991,"{4: 32, 5: 33, 6: 235}","{6: 4, 5: 14, 4: 40, 3: 237, 2: 5}","{1: 269, 0: 31}","{1: 158, 2: 78, 0: 64}",{1: 300},"{1: 299, 0: 1}",0.014217451176981838,0.028631789406693642,0.016747134391842885,0.018683047453968052,0.05016230846604587,0.05721108744624129,0.054374699758188844,0.04962255877726339,,,,
2220,1,max_steps,3,0,0,29.79430785353737,3000,,,0.5585877783815831,0.1,0.8217267990112305,10.924373626708984,-11.972016334533691,369.7181091308594,0.0,59.79430785353745,1812,-30.00000000000189,0.0,0.0,0.009931435951179122,"{3: 13, 2: 146, 1: 141}","{5: 15, 4: 22, 3: 157, 2: 106}","{1: 274, 2: 20, 0: 6}","{1: 235, 2: 57, 0: 8}",{1: 300},"{1: 297, 0: 2, 2: 1}",0.019209842520758826,0.015437295541075166,0.030470225638217198,0.040211500730256255,0.04862108652065857,0.05229844623366743,0.0660083590455466,0.07917232826300263,0.01698311054574435,0.006566631356424899,0.03412759204551697,0.04547552941671267
2230,1,max_steps,3,0,0,39.878224226771,3000,,,0.5558011152306928,0.1,0.8234848976135254,10.873344421386719,-11.972016334533691,369.7181091308594,0.0,69.87822422677138,1934,-30.00000000000189,0.0,0.0,0.013292741408923668,"{5: 207, 4: 57, 6: 36}","{2: 53, 3: 238, 4: 9}","{1: 249, 2: 34, 0: 17}","{1: 230, 0: 40, 2: 30}","{1: 293, 0: 7}","{1: 296, 0: 4}",0.019362735297978398,0.018333985898087837,0.024835087499578187,0.02853090156404,0.06072412921272488,0.037072942203065555,0.07610967538381525,0.08082837213694936,,,,
2240,1,max_steps,3,0,0,-4.490110023646839,3000,,,0.5530283540873597,0.1,0.8233400583267212,10.815929412841797,-11.972016334533691,369.7181091308594,0.0,25.509889976353115,1155,-30.00000000000189,0.0,0.0,-0.001496703341215613,"{5: 49, 6: 251}","{4: 4, 3: 227, 2: 69}","{1: 264, 0: 36}","{1: 278, 2: 17, 0: 5}","{1: 287, 0: 13}","{1: 285, 2: 11, 0: 4}",0.020188344084392754,0.010961554710103336,0.027986777852512783,0.025669656369370852,0.05656554456604756,0.02636933217555282,0.07071346567287105,0.07971433433332509,,,,
2250,1,max_steps,3,1,0,549.9434141628839,3000,711.0,711.0,0.5502694255977356,0.1,0.8285298943519592,10.8394193649292,-11.972016334533691,369.7181091308594,500.0,86.81918720506985,1869,-29.99000000000189,-6.88577304219285,0.0,0.18331447138762796,"{3: 62, 4: 9, 6: 214, 5: 15}","{0: 3, 1: 21, 2: 40, 3: 148, 6: 53, 5: 22, 4: 13}","{1: 267, 2: 15, 0: 18}","{1: 161, 0: 49, 2: 90}","{1: 283, 2: 7, 0: 10}","{1: 275, 0: 20, 2: 5}",0.0209887126935365,0.025692720864256294,0.028154318275284095,0.031178795612389,0.05331360286282962,0.07772776554736986,0.08405433305775312,0.09701273267520522,0.030915641684418616,0.07470079980856473,0.0878240420214845,0.07754802005001676
2260,1,max_steps,3,2,0,1086.4139900417474,3000,890.5,890.5,0.5475242607539618,0.1,0.8357882499694824,10.881668090820312,-12.108322143554688,366.4385681152344,1000.0,139.95599866283828,2286,-29.980000000001887,-23.56200862109875,0.0,0.3621379966805825,"{3: 21, 6: 94, 5: 22, 4: 41, 1: 81, 0: 41}","{4: 23, 3: 173, 1: 23, 2: 55, 6: 19, 5: 7}","{1: 222, 2: 78}","{1: 167, 2: 64, 0: 69}","{1: 289, 2: 11}","{1: 288, 2: 4, 0: 8}",0.022770135127389755,0.027104775277494546,0.03311932947599347,0.03766691539374303,0.07171650927638606,0.09102019143105054,0.08655747995428648,0.0875732053092046,0.07486205445829115,0.08468218062341472,0.1007334121595364,0.06997787196391361
2270,1,max_steps,3,1,0,515.2489362867697,3000,2382.0,2382.0,0.5447927908924439,0.1,0.8389871716499329,10.863622665405273,-11.972016334533691,339.7449951171875,500.0,45.238936286766354,2062,-29.99000000000189,0.0,0.0,0.1717496454289232,"{1: 19, 2: 212, 3: 7, 6: 62}","{4: 6, 3: 217, 2: 77}",{1: 300},"{1: 274, 2: 23, 0: 3}",{1: 300},{1: 300},0.013885503822340384,0.009967338473350601,0.0189766992941877,0.01897061582838506,0.02780652879655569,0.028068290396015588,0.037691129580616614,0.051162656576386766,0.02968982306383687,0.01286204594447189,0.03687859429195738,0.02648421642114686
2280,1,max_steps,3,0,0,40.92874217558289,3000,,,0.5420749476921338,0.1,0.8434872031211853,10.878944396972656,-11.972016334533691,339.7449951171875,0.0,70.92874217558334,1209,-30.00000000000189,0.0,0.0,0.01364291405852763,"{4: 35, 5: 141, 6: 124}","{3: 239, 2: 61}","{1: 187, 0: 66, 2: 47}","{1: 279, 2: 15, 0: 6}","{1: 277, 0: 7, 2: 16}","{1: 287, 2: 6, 0: 7}",0.03707584147864365,0.010610830819583998,0.046604162675613015,0.047936878598710986,0.07815586667029252,0.028977496364645798,0.09811785266880492,0.09547357663543783,,,,
2290,1,max_steps,3,0,0,18.336527741561312,3000,,,0.5393706631728212,0.1,0.8472525477409363,10.91370964050293,-11.972016334533691,348.1662292480469,0.0,48.33652774156128,1316,-30.00000000000189,0.0,0.0,0.0061121759138537705,"{2: 15, 1: 117, 0: 168}","{6: 2, 5: 15, 4: 14, 3: 171, 2: 98}","{1: 229, 2: 63, 0: 8}","{1: 242, 2: 47, 0: 11}","{1: 288, 2: 12}","{1: 292, 0: 8}",0.028719595441638844,0.018281087624939477,0.03458987981779965,0.037714318376200255,0.06745213546613929,0.04135132538311588,0.08515411299097166,0.08584120963751349,,,,
2300,1,max_steps,3,2,0,1071.722742150178,3000,1187.0,1187.0,0.5366798696934333,0.1,0.8573954105377197,11.005918502807617,-11.972016334533691,369.8487548828125,1000.0,165.65910436601092,2218,-29.980000000001887,-63.956362215836386,0.0,0.3572409140500593,"{0: 47, 1: 103, 2: 23, 3: 66, 4: 52, 5: 9}","{0: 11, 1: 9, 2: 96, 3: 118, 6: 46, 5: 10, 4: 10}","{1: 252, 0: 48}","{1: 156, 0: 78, 2: 66}","{1: 282, 0: 18}","{1: 296, 2: 4}",0.018488272233401007,0.029501002185777017,0.02073784141503484,0.027017257954614238,0.06538052937987913,0.11742038413879506,0.07869094309563454,0.07457379674788414,0.08980723821357826,0.12952385142800743,0.06119070627966426,0.08776897767627617
2310,1,max_steps,3,1,0,568.7572166605761,3000,1592.0,1592.0,0.5340024999503421,0.1,0.8592814803123474,11.025015830993652,-11.972016334533691,364.6200866699219,500.0,98.74721666057111,2124,-29.99000000000189,0.0,0.0,0.1895857388868587,"{0: 46, 1: 95, 2: 16, 3: 2, 5: 35, 6: 106}","{3: 188, 2: 90, 5: 7, 4: 15}","{1: 252, 0: 48}","{1: 241, 2: 44, 0: 15}","{1: 280, 0: 20}","{1: 292, 2: 8}",0.02106925771622031,0.01789150920356425,0.032288884643791024,0.041378225236056373,0.06456450895216832,0.040839356081896545,0.07931780011098313,0.08147397750726482,0.1300648581507357,0.022546813188273968,0.1036636734259003,0.1298800189734312
2320,1,max_steps,3,0,0,39.45608455417707,3000,,,0.5313384869756822,0.1,0.8628531098365784,11.042380332946777,-11.972016334533691,371.597412109375,0.0,69.45608455417748,1625,-30.00000000000189,0.0,0.0,0.01315202818472569,"{6: 170, 5: 108, 4: 22}","{4: 14, 3: 206, 2: 80}","{1: 242, 0: 38, 2: 20}","{1: 249, 2: 41, 0: 10}","{1: 292, 0: 8}","{1: 286, 0: 8, 2: 6}",0.024020968162280394,0.014252191651284517,0.02823496263411251,0.03179446950559555,0.061508157467282755,0.0347349923569086,0.08097325650142327,0.08703233869551703,,,,
2330,1,max_steps,3,0,0,46.3099199610988,3000,,,0.5286877641356749,0.1,0.8628398180007935,11.032064437866211,-11.972016334533691,364.6200866699219,0.0,76.30991996109906,1908,-30.00000000000189,0.0,0.0,0.015436639987032933,"{1: 202, 2: 98}","{0: 11, 1: 7, 2: 86, 3: 196}","{1: 257, 0: 27, 2: 16}","{1: 239, 0: 51, 2: 10}","{1: 290, 0: 10}","{1: 292, 0: 7, 2: 1}",0.011516968647647254,0.014422363914986702,0.016801347042103624,0.027002580010741663,0.06104549190887197,0.06747385571751559,0.07054502683781605,0.07493283746381135,,,,
2340,1,max_steps,3,1,0,544.5973856455822,3000,2288.0,2288.0,0.5260502651289617,0.1,0.8672859072685242,11.053580284118652,-11.972016334533691,353.3573913574219,500.0,74.58738564557767,1746,-29.99000000000189,0.0,0.0,0.18153246188186073,"{0: 99, 1: 29, 2: 82, 3: 18, 5: 54, 6: 18}","{4: 26, 3: 221, 2: 53}","{1: 246, 0: 54}","{1: 256, 2: 36, 0: 8}","{1: 290, 0: 10}","{1: 293, 0: 3, 2: 4}",0.014652342485113917,0.015272204988186757,0.019147778434142712,0.02716418109718695,0.06790593985379956,0.042212782714326526,0.0769667575639964,0.07914248727644775,0.055409575326083135,0.023878005676317014,0.08896877464125083,0.046033640508085484
2350,1,max_steps,3,0,0,57.79372048981442,3000,,,0.523425923984946,0.1,0.8720213770866394,11.067652702331543,-11.972016334533691,350.7931213378906,0.0,87.79372048981455,1421,-30.00000000000189,0.0,0.0,0.019264573496604806,"{6: 219, 5: 81}","{0: 2, 1: 19, 2: 65, 3: 214}","{1: 246, 0: 10, 2: 44}","{1: 249, 0: 44, 2: 7}","{1: 292, 2: 8}","{1: 294, 2: 2, 0: 4}",0.017623243849445518,0.01434882524034655,0.0234894417915463,0.023825367242707254,0.06884311534380358,0.03580173309653038,0.08539316393895467,0.07356741189711254,,,,
2360,1,max_steps,3,0,0,-4.306771559650277,3000,,,0.5208146750621435,0.1,0.8720883727073669,11.073077201843262,-11.972016334533691,354.1683654785156,0.0,25.6932284403496,947,-30.00000000000189,0.0,0.0,-0.0014355905198834256,"{2: 134, 1: 150, 0: 16}","{3: 160, 2: 140}","{1: 284, 2: 9, 0: 7}","{1: 260, 2: 26, 0: 14}",{1: 300},"{1: 297, 2: 1, 0: 2}",0.014958111353258599,0.01253230273439069,0.02172896628575484,0.023042095388556706,0.044833522196447914,0.03161582953540961,0.056840827653140816,0.07382408365160512,,,,
2370,1,max_steps,3,0,0,31.3278606309036,3000,,,0.5182164530465392,0.1,0.8751635551452637,11.082465171813965,-10.722088813781738,350.7931213378906,0.0,61.32786063090399,1515,-30.00000000000189,0.0,0.0,0.0104426202103012,"{0: 284, 1: 16}","{1: 14, 2: 159, 3: 127}","{1: 272, 0: 25, 2: 3}","{1: 266, 0: 29, 2: 5}","{1: 288, 0: 12}","{1: 297, 0: 3}",0.013979749008789153,0.012674990548403983,0.021892398792343705,0.0246003498329894,0.04889200170589847,0.0324936733370518,0.06154512699535547,0.07135469148459914,,,,
2380,1,max_steps,3,1,0,575.9533316467703,3000,221.0,221.0,0.5156311929499544,0.1,0.8835892081260681,11.131705284118652,-10.722088813781738,350.7931213378906,500.0,105.9433316467594,1899,-29.99000000000189,0.0,0.0,0.19198444388225674,"{3: 22, 6: 255, 5: 22, 4: 1}","{5: 12, 4: 10, 0: 27, 1: 7, 2: 56, 3: 188}","{1: 250, 2: 50}","{1: 228, 2: 29, 0: 43}","{1: 291, 2: 9}","{1: 287, 0: 11, 2: 2}",0.016781408753658307,0.013607802069724714,0.02257562586818812,0.023189158124525055,0.06228091256517936,0.1187950084962913,0.0790957529706888,0.07964256729122841,0.038752375288843136,0.11923029548949085,0.026608088926417337,0.09801135555634105
2390,1,max_steps,3,0,0,14.038974747857873,3000,,,0.5130588301084212,0.1,0.8888068795204163,11.179431915283203,-10.722088813781738,363.9490051269531,0.0,44.0389747478579,1355,-30.00000000000189,0.0,0.0,0.004679658249285958,"{4: 146, 5: 154}","{1: 2, 2: 229, 3: 69}","{1: 271, 0: 11, 2: 18}","{1: 277, 0: 19, 2: 4}","{1: 292, 2: 8}","{1: 292, 2: 2, 0: 6}",0.01710242617671657,0.014845991063611806,0.02437504554292602,0.02588386802640698,0.049492688246470545,0.029255196376856644,0.06247272687070855,0.08000184356374136,,,,
2400,1,max_steps,3,1,0,548.5088229473713,3000,456.0,456.0,0.5104993001805654,0.1,0.8980184197425842,11.276528358459473,-10.722088813781738,372.56982421875,500.0,78.49882294735896,1734,-29.99000000000189,0.0,0.0,0.18283627431579044,"{2: 42, 3: 3, 5: 137, 6: 106, 4: 12}","{1: 14, 2: 35, 6: 13, 5: 10, 4: 21, 3: 207}","{1: 261, 0: 27, 2: 12}","{1: 220, 0: 41, 2: 39}",{1: 300},"{1: 297, 0: 2, 2: 1}",0.014928397778646045,0.017878804142095757,0.020341217034786016,0.030094937385283054,0.05186901060613816,0.07700069907499055,0.07150676867615048,0.07888612043431084,0.07364518640873492,0.02689578864859844,0.08258024651690964,0.07063257204614425
2410,1,max_steps,3,2,0,1023.2805150491179,3000,214.0,214.0,0.5079525391459966,0.1,0.9040743112564087,11.31222152709961,-10.722088813781738,372.56982421875,1000.0,53.260515049103645,1384,-29.980000000001887,0.0,0.0,0.34109350501637264,"{3: 42, 4: 170, 5: 88}","{5: 13, 4: 14, 2: 111, 1: 9, 3: 153}","{1: 289, 2: 11}","{1: 230, 2: 28, 0: 42}",{1: 300},{1: 300},0.01069536654974669,0.013695491023611289,0.017772588675983657,0.022901970971386645,0.037929624319072215,0.05092450432799542,0.04929060864392408,0.05183957694737592,0.05712717664759432,0.10148936016947663,0.07786752823956955,0.05712712510429905
2420,1,max_steps,3,0,0,16.913440156836696,3000,,,0.5054184833037071,0.1,0.9101736545562744,11.401089668273926,-10.722088813781738,393.3729248046875,0.0,46.913440156836785,1477,-30.00000000000189,0.0,0.0,0.0056378133856122324,"{0: 272, 1: 28}","{4: 8, 3: 248, 2: 44}","{1: 281, 0: 13, 2: 6}","{1: 268, 2: 16, 0: 16}",{1: 300},"{1: 298, 2: 2}",0.016281207830482657,0.013482853034875293,0.016935507326039496,0.026454805266976363,0.04090137264794458,0.030867005052825167,0.054227220578227375,0.06589515848322809,,,,
2430,1,max_steps,3,0,0,16.093507918856766,3000,,,0.5028970692704786,0.1,0.9163964986801147,11.461313247680664,-10.722088813781738,393.3729248046875,0.0,46.093507918857185,1565,-30.00000000000189,0.0,0.0,0.005364502639618922,"{5: 196, 4: 89, 6: 15}","{2: 66, 3: 230, 4: 4}","{1: 284, 0: 16}","{1: 253, 0: 24, 2: 23}","{1: 293, 0: 7}","{1: 297, 0: 3}",0.016381750431141446,0.017743075755385564,0.026200080199444493,0.033562964868506295,0.04609895056000747,0.033278203152844195,0.059892837756043774,0.08138407973562625,,,,
2440,1,max_steps,3,0,0,35.45080889748007,3000,,,0.5003882339792963,0.1,0.922841489315033,11.47917652130127,-10.722088813781738,393.3729248046875,0.0,65.45080889747993,1880,-30.00000000000189,0.0,0.0,0.011816936299160025,"{1: 128, 0: 136, 2: 36}","{1: 4, 2: 75, 3: 207, 4: 14}","{1: 260, 2: 14, 0: 26}","{1: 199, 0: 68, 2: 33}","{1: 294, 0: 6}","{1: 299, 2: 1}",0.01429368344831248,0.022312806832899885,0.020246368838823886,0.02012886975990469,0.057427258383850134,0.04269721695885829,0.06612747755263726,0.06871544659529984,,,,
2450,1,max_steps,3,1,0,543.6369703327192,3000,2704.0,2704.0,0.4978919146777726,0.1,0.9262638092041016,11.471206665039062,-10.722088813781738,403.6535949707031,500.0,73.62697033271672,1528,-29.99000000000189,0.0,0.0,0.18121232344423974,"{1: 103, 2: 165, 3: 2, 6: 30}","{4: 32, 3: 209, 2: 59}","{1: 253, 0: 47}","{1: 211, 2: 57, 0: 32}","{1: 291, 0: 9}","{1: 294, 2: 5, 0: 1}",0.020060329706964624,0.0202840993764628,0.03096834093963393,0.03692375627890711,0.05679061956425778,0.04984733741658989,0.06849621947596106,0.08509213705019396,0.055792899092251394,0.019311959646395826,0.07255864639126988,0.034048848192292876
2460,1,max_steps,3,1,0,525.4870555433449,3000,490.0,490.0,0.49540804892657625,0.1,0.9327742457389832,11.527656555175781,-12.973899841308594,388.4090576171875,500.0,55.47705554333245,1635,-29.99000000000189,0.0,0.0,0.17516235184778164,"{5: 22, 4: 25, 3: 1, 0: 252}","{4: 28, 3: 260, 5: 6, 2: 6}","{1: 257, 2: 43}","{1: 261, 2: 37, 0: 2}",{1: 300},"{1: 299, 2: 1}",0.015178644916273885,0.012554897741731498,0.023161948980592418,0.02471934879302245,0.07183484884684715,0.03214257642026826,0.07208904605023027,0.0580978568269469,0.09250779332266038,0.026624008900731765,0.08863431544186193,0.03878337558240301
2470,1,max_steps,3,1,0,586.0354071114699,3000,470.0,470.0,0.4929365745978717,0.1,0.9401297569274902,11.578393936157227,-12.973899841308594,378.44439697265625,500.0,116.02540711146334,2291,-29.99000000000189,0.0,0.0,0.1953451357038233,"{1: 24, 2: 276}","{6: 6, 5: 10, 4: 13, 3: 138, 1: 20, 0: 9, 2: 104}","{1: 246, 0: 54}","{1: 185, 2: 54, 0: 61}","{1: 295, 0: 5}","{1: 289, 2: 11}",0.019495100604847423,0.021531331303551747,0.029343673722884153,0.028225873607295046,0.06963461069728753,0.08570828083076658,0.08335595665106975,0.07419526636367973,0.08810108561377787,0.07009853338587979,0.10562560997508744,0.04170771669814267
2480,1,max_steps,3,0,0,0.9425340775345212,3000,,,0.49047742987376414,0.1,0.9471373558044434,11.67078685760498,-13.681787490844727,398.3094787597656,0.0,30.942534077534464,1461,-30.00000000000189,0.0,0.0,0.0003141780258448404,"{2: 49, 1: 251}","{3: 276, 2: 24}","{1: 287, 2: 13}","{1: 291, 2: 5, 0: 4}",{1: 300},"{1: 298, 2: 1, 0: 1}",0.010991580108200972,0.012533484398270449,0.017877733310304338,0.023654222753741398,0.03232773800270202,0.024253794540353455,0.04845738586278062,0.06735688908347345,,,,
2490,1,max_steps,3,0,0,49.747103797457065,3000,,,0.48803055324475386,0.1,0.9479737281799316,11.658466339111328,-10.266419410705566,398.3094787597656,0.0,79.74710379745721,1725,-30.00000000000189,0.0,0.0,0.01658236793248569,"{6: 139, 5: 161}","{2: 56, 3: 236, 4: 8}","{1: 221, 0: 32, 2: 47}","{1: 240, 0: 41, 2: 19}","{1: 274, 0: 13, 2: 13}","{1: 278, 2: 7, 0: 15}",0.027666036350999634,0.020093284063480727,0.04119849660347995,0.05207681415170657,0.07098249859062745,0.0348552050317336,0.09807915729798136,0.09751111431302177,,,,
2500,1,crash,3,1,1,440.0849364195679,2363,1945.0,1945.0,0.4855958835081976,0.1,0.9551352262496948,11.698836326599121,-10.266419410705566,401.3735046386719,500.0,85.51810595816593,1827,-23.620000000000893,-41.81316953859943,-80.0,0.18623992231043923,"{0: 114, 1: 48, 2: 31, 3: 1, 6: 42}","{1: 8, 2: 14, 3: 198, 4: 16}","{1: 183, 0: 53}","{1: 179, 0: 34, 2: 23}","{1: 226, 0: 10}","{1: 226, 2: 2, 0: 8}",0.02444014703540781,0.01681061364852781,0.029736661723544094,0.03175926027227442,0.08506905139010768,0.044053144913882444,0.09269808490571778,0.07766050563717372,0.09045976351030532,0.007712788262794688,0.09199114415446771,0.02837421771270147
2510,1,max_steps,3,1,0,556.3201043492855,3000,286.0,286.0,0.48317335976677767,0.1,0.9642243385314941,11.748658180236816,-10.266419410705566,401.3735046386719,500.0,86.31010434927099,1316,-29.99000000000189,0.0,0.0,0.18544003478309518,"{3: 44, 5: 89, 6: 21, 4: 146}","{0: 2, 1: 15, 2: 53, 4: 15, 3: 215}","{1: 256, 2: 44}","{1: 217, 0: 43, 2: 40}","{1: 282, 2: 18}","{1: 292, 0: 8}",0.019529018691409473,0.017705240577779575,0.022727172459775898,0.028867834850542742,0.06484757654717076,0.07390346490264184,0.07940699119258875,0.0806194176273882,0.04792073662247521,0.10705452649768882,0.07827892285869106,0.08003027588817484
2520,1,max_steps,3,1,0,567.2482348342965,3000,2174.0,2174.0,0.4807629214269788,0.1,0.9716916084289551,11.788350105285645,-10.266419410705566,401.3735046386719,500.0,97.2382348342946,1916,-29.99000000000189,0.0,0.0,0.18908274494476549,"{2: 213, 3: 4, 5: 44, 6: 23, 4: 16}","{1: 4, 2: 150, 3: 146}","{1: 247, 0: 26, 2: 27}","{1: 283, 0: 11, 2: 6}","{1: 292, 2: 8}","{1: 296, 2: 2, 0: 2}",0.02499035714773705,0.014238745811271658,0.028821235834678077,0.027781812763008423,0.059879502830310974,0.026918542554948976,0.07010930476568782,0.08391304944719963,0.05772002933920331,0.018336475300867797,0.05173834476628365,0.022432186677978052
2530,1,crash,3,1,1,463.17975488839807,1937,1674.0,1674.0,0.4783645081975726,0.1,0.9752020835876465,11.822818756103516,-10.266419410705566,401.3735046386719,500.0,84.6723513306717,1251,-19.360000000000227,-22.132596442274814,-80.0,0.23912222761404134,"{0: 123, 1: 19, 2: 21, 3: 4, 4: 2, 5: 18, 6: 6}","{2: 27, 3: 118, 4: 40, 5: 8}","{1: 109, 0: 84}","{1: 113, 0: 29, 2: 51}","{1: 178, 0: 15}",{1: 193},0.03899626488366472,0.026449765567444893,0.04448508586449699,0.024330354593778525,0.08923264821743526,0.07513226523370238,0.09342662063327578,0.051805840489996695,0.08877730560595261,0.02861612979040688,0.09327454873797468,0.052981751755155
2540,1,max_steps,3,0,0,4.265536937665537,3000,,,0.47597806008810944,0.1,0.9790990948677063,11.8426513671875,-9.725065231323242,401.3735046386719,0.0,34.26553693766552,1092,-30.00000000000189,0.0,0.0,0.0014218456458885123,"{2: 140, 1: 144, 0: 16}","{5: 6, 4: 15, 3: 243, 2: 36}",{1: 300},"{1: 261, 2: 33, 0: 6}","{1: 299, 0: 1}",{1: 300},0.013080097152579965,0.014261102819623058,0.014599789981257213,0.01689543208831299,0.03123549374736271,0.03109924784933779,0.045698378105400964,0.06007557499960498,,,,
2550,1,max_steps,3,0,0,-33.47049186816314,3000,,,0.47360351740741774,0.1,0.9870226979255676,11.900303840637207,-9.725065231323242,400.0091857910156,0.0,29.61516583035507,929,-30.00000000000189,-33.08565769851814,0.0,-0.011156830622721046,"{2: 62, 1: 55, 0: 183}","{2: 35, 3: 260, 4: 5}","{1: 231, 2: 59, 0: 10}","{1: 246, 0: 33, 2: 21}","{1: 296, 2: 4}","{1: 295, 2: 2, 0: 3}",0.02551592956076184,0.01655905181762781,0.032891902830344134,0.0411190501344295,0.06840027235335626,0.03521015935734152,0.08442157344939424,0.0831889318964169,,,,
2560,1,max_steps,3,1,0,589.4190700864393,3000,1935.0,1935.0,0.4712408207621113,0.1,0.9908163547515869,11.8751859664917,-9.725065231323242,400.0091857910156,500.0,119.40907008643558,2448,-29.99000000000189,0.0,0.0,0.19647302336214645,"{6: 47, 5: 18, 4: 120, 3: 11, 2: 104}","{1: 6, 2: 139, 3: 151, 4: 4}","{1: 249, 2: 51}","{1: 171, 0: 84, 2: 45}","{1: 279, 2: 21}","{1: 293, 2: 1, 0: 6}",0.02337310756355098,0.02502966594904337,0.0321088488283985,0.02811954523328734,0.07837423027899582,0.06365155669175164,0.08046772328376826,0.08532894423097695,0.03719913631653192,0.02170399974960936,0.05022449780733265,0.07751557461507944
2570,1,max_steps,3,0,0,34.295037850022226,3000,,,0.4688899110551036,0.1,0.9928083419799805,11.897714614868164,-9.402244567871094,407.3592224121094,0.0,64.29503785002245,1576,-30.00000000000189,0.0,0.0,0.011431679283340742,"{6: 175, 5: 125}","{4: 39, 3: 261}","{1: 242, 2: 28, 0: 30}","{1: 266, 2: 23, 0: 11}","{1: 291, 0: 9}","{1: 289, 0: 7, 2: 4}",0.02170175626121043,0.01704652158770753,0.03503419655957235,0.04504859923890246,0.05858727450624242,0.03098583295585996,0.08284873070522,0.0883457454415142,,,,
2580,1,max_steps,3,0,0,33.91002680932966,3000,,,0.4665507294841295,0.1,0.9962741732597351,11.890539169311523,-9.402244567871094,407.3592224121094,0.0,65.65223419834297,1547,-30.00000000000189,-1.7422073890128393,0.0,0.011303342269776553,"{0: 223, 1: 77}","{6: 8, 5: 11, 4: 45, 3: 202, 2: 34}","{1: 289, 0: 11}","{1: 165, 2: 92, 0: 43}",{1: 300},"{1: 298, 0: 2}",0.021622409402941904,0.028020384897846064,0.02976598090450642,0.02838983025799414,0.042491536643186875,0.05253131808951216,0.0519759852540069,0.07170724371085994,,,,
2590,1,max_steps,3,0,0,21.111461533229324,3000,,,0.46422321754027474,0.1,1.0028724670410156,11.895973205566406,-11.321854591369629,407.3592224121094,0.0,51.11146153322943,1879,-30.00000000000189,0.0,0.0,0.007037153844409775,"{5: 163, 4: 137}","{2: 173, 3: 114, 4: 13}","{1: 294, 2: 6}","{1: 221, 0: 32, 2: 47}",{1: 300},"{1: 298, 0: 1, 2: 1}",0.013681192673600392,0.02022598843887047,0.020492585071675763,0.02377406796412359,0.031545851188795576,0.03515405937858593,0.04308891956692124,0.05844360880487149,,,,
2600,1,max_steps,3,0,0,-2.537552131947977,3000,,,0.461907317006512,0.1,1.0089013576507568,11.931282043457031,-10.097396850585938,407.3592224121094,0.0,27.46244786805202,1488,-30.00000000000189,0.0,0.0,-0.0008458507106493256,{0: 300},"{3: 221, 2: 76, 4: 3}",{1: 300},"{1: 239, 2: 31, 0: 30}",{1: 300},"{1: 297, 2: 3}",0.010355532728935805,0.014436073529097034,0.01692158898744229,0.02543539260443026,0.024598509587264814,0.03383014019101289,0.035533548167417876,0.05992271019047134,,,,
2610,1,max_steps,3,2,0,1120.5262598881595,3000,1486.0,1486.0,0.4596029699562452,0.1,1.0151411294937134,11.966022491455078,-10.097396850585938,407.3592224121094,1000.0,150.50625988815545,2143,-29.980000000001887,0.0,0.0,0.37350875329605315,"{5: 81, 6: 27, 4: 27, 3: 4, 1: 110, 0: 22, 2: 29}","{4: 27, 3: 193, 2: 64, 0: 1, 1: 15}","{1: 179, 2: 70, 0: 51}","{1: 213, 2: 46, 0: 41}","{1: 282, 2: 7, 0: 11}","{1: 291, 0: 8, 2: 1}",0.03887022230556352,0.018732213167918284,0.05018946953576664,0.04605592107829323,0.07609876969873987,0.0557365153632817,0.09369104968936805,0.08878991052640788,0.08979612376708282,0.013797133719284071,0.09350260969082903,0.06554355434686385
2620,1,max_steps,3,0,0,56.84984250012819,3000,,,0.45731011875186034,0.1,1.016784906387329,11.987679481506348,-10.097396850585938,407.3592224121094,0.0,86.84984250012877,1329,-30.00000000000189,0.0,0.0,0.01894994750004273,"{5: 210, 6: 56, 4: 34}","{3: 273, 2: 18, 4: 9}","{1: 223, 0: 25, 2: 52}","{1: 239, 2: 24, 0: 37}","{1: 282, 2: 18}","{1: 292, 0: 7, 2: 1}",0.03242812981959425,0.016972945366948204,0.0451045302955016,0.04671095274257815,0.06406299104854633,0.03388084264243559,0.08662684075410573,0.08657388882810606,,,,
2630,1,max_steps,3,0,0,10.581603820331939,3000,,,0.45502870604328405,0.1,1.018180251121521,11.954425811767578,-10.097396850585938,407.3592224121094,0.0,40.5816038203316,1538,-30.00000000000189,0.0,0.0,0.0035272012734439795,{2: 300},"{5: 9, 4: 53, 3: 196, 2: 42}",{1: 300},"{1: 189, 2: 73, 0: 38}",{1: 300},{1: 300},0.013257348768191592,0.021732457405857677,0.019563084266678965,0.022161372550753095,0.030766401676044476,0.06499337269664492,0.04291435937134377,0.04687038987119138,0.014885967379390025,0.03479267468235836,0.0417340134168585,0.04642335359514518
2640,1,max_steps,3,2,0,1088.6807774298488,3000,1470.5,1470.5,0.452758674766549,0.1,1.0241987705230713,11.994754791259766,-10.097396850585938,407.3592224121094,1000.0,118.66077742984203,1914,-29.980000000001887,0.0,0.0,0.3628935924766163,"{2: 109, 3: 11, 6: 146, 5: 13, 4: 15, 0: 6}","{2: 57, 3: 167, 6: 4, 5: 22, 4: 50}","{1: 241, 2: 59}","{1: 201, 0: 32, 2: 67}","{1: 269, 2: 31}","{1: 291, 0: 4, 2: 5}",0.017743218639985948,0.01908498494814448,0.02703835668721506,0.029190152778537336,0.10045490967740284,0.06448766650824088,0.10066556018889182,0.07945014960803332,0.03309467542486425,0.026793905703232035,0.04500563171073714,0.05743598207433081
2650,1,max_steps,3,0,0,-21.68975614321597,3000,,,0.4504999681423665,0.1,1.0231486558914185,11.973587989807129,-9.402244567871094,407.3592224121094,0.0,8.31024385678419,720,-30.00000000000189,0.0,0.0,-0.007229918714405323,"{4: 17, 5: 23, 6: 260}","{2: 10, 3: 275, 4: 15}","{1: 281, 0: 19}","{1: 265, 0: 33, 2: 2}","{1: 294, 0: 6}","{1: 295, 0: 5}",0.0110475483486454,0.011405906949730767,0.015163494627242214,0.025274855237689145,0.03948611162387251,0.031237296861236285,0.056680886700314494,0.07985709564507669,,,,
2660,1,max_steps,3,1,0,538.9502118872648,3000,2167.0,2167.0,0.4482525296747062,0.1,1.0306875705718994,12.060858726501465,-9.402244567871094,407.3592224121094,500.0,68.94021188726171,2611,-29.99000000000189,0.0,0.0,0.17965007062908828,"{0: 46, 1: 86, 2: 79, 3: 5, 4: 74, 5: 10}","{3: 145, 2: 147, 4: 8}","{1: 299, 0: 1}","{1: 221, 2: 57, 0: 22}",{1: 300},"{1: 299, 2: 1}",0.019544002042024246,0.02037062610920426,0.023139290765972313,0.02071264505555094,0.037677516981426525,0.041052847810364945,0.04814354997124645,0.053920941752204334,0.043106634130612345,0.02183609167830678,0.04876216514784514,0.015505285035548662
2670,1,max_steps,3,2,0,1031.57260207411,3000,1304.0,1304.0,0.44601630314938356,0.1,1.0336393117904663,12.09056282043457,-9.402244567871094,407.3592224121094,1000.0,88.0620024517547,1920,-29.980000000001887,-26.509400377651875,0.0,0.3438575340247033,"{1: 28, 2: 222, 3: 10, 5: 12, 6: 28}","{1: 4, 2: 100, 3: 147, 4: 34, 6: 5, 5: 10}","{1: 234, 0: 66}","{1: 224, 0: 30, 2: 46}","{1: 294, 0: 6}",{1: 300},0.024997128773582775,0.0176136614421942,0.028832810178668004,0.028247633814782482,0.07019813676044472,0.06388237793156457,0.08004245577896478,0.06260180150659417,0.058477680583996446,0.029934302520415533,0.10098791585421778,0.07302900185960534
2680,1,max_steps,3,0,0,20.188287425163423,3000,,,0.4437912326326532,0.1,1.0379650592803955,12.086849212646484,-9.402244567871094,385.8069763183594,0.0,50.18828742516357,1820,-30.00000000000189,0.0,0.0,0.006729429141721141,"{0: 198, 1: 102}","{2: 17, 3: 272, 4: 11}","{1: 292, 0: 8}","{1: 282, 0: 16, 2: 2}",{1: 300},{1: 300},0.014816615956337053,0.012160919609988287,0.02044654560665326,0.02360792293268428,0.04416761768970896,0.028202549438533713,0.054182589100743625,0.0575749325085223,,,,
2690,1,max_steps,3,0,0,-10.582843733507769,3000,,,0.4415772624698101,0.1,1.0398117303848267,12.10936450958252,-9.402244567871094,385.8069763183594,0.0,19.95980786708232,792,-30.00000000000189,-0.5426516005900806,0.0,-0.003527614577835923,{6: 300},"{4: 9, 3: 213, 2: 78}","{1: 252, 0: 48}","{1: 262, 2: 29, 0: 9}",{1: 300},{1: 300},0.029316665971119652,0.011343183459303297,0.02973894068942934,0.02745622478467203,0.05973543003397703,0.03104111797225261,0.07031406014730515,0.05731744839252607,,,,
2700,1,max_steps,3,0,0,-11.32598418239461,3000,,,0.4393743372837975,0.1,1.0421953201293945,12.136670112609863,-9.402244567871094,385.8069763183594,0.0,18.67401581760528,1119,-30.00000000000189,0.0,0.0,-0.0037753280607982034,"{5: 189, 4: 25, 6: 86}","{2: 72, 3: 223, 4: 5}",{1: 300},"{1: 257, 0: 32, 2: 11}",{1: 300},"{1: 299, 2: 1}",0.015769271393482154,0.01280083955071768,0.020494922057797696,0.026172280129302214,0.039020934391303955,0.03310039168059835,0.053547254804773556,0.056857948564979804,,,,
2710,1,max_steps,3,0,0,64.13905725165293,3000,,,0.43718240197382147,0.1,1.0436352491378784,12.153165817260742,-11.302774429321289,397.259521484375,0.0,94.13905725165284,1925,-30.00000000000189,0.0,0.0,0.021379685750550978,"{1: 122, 0: 124, 2: 54}","{1: 7, 2: 65, 3: 213, 4: 15}","{1: 248, 2: 27, 0: 25}","{1: 179, 0: 82, 2: 39}","{1: 291, 2: 9}","{1: 298, 0: 1, 2: 1}",0.02564272237983079,0.02371348766207499,0.032884623254441914,0.03472300042125287,0.06732253711381343,0.07525018306499473,0.07189584528769707,0.0808456242519737,,,,
2720,1,max_steps,3,1,0,609.8632214840156,3000,2343.0,2343.0,0.4350014017139734,0.1,1.049155831336975,12.191463470458984,-11.302774429321289,397.259521484375,500.0,139.85322148401391,2307,-29.99000000000189,0.0,0.0,0.20328774049467188,"{6: 81, 5: 35, 4: 112, 3: 6, 0: 66}","{2: 151, 3: 149}","{1: 220, 2: 39, 0: 41}","{1: 207, 0: 68, 2: 25}","{1: 277, 2: 5, 0: 18}","{1: 292, 2: 4, 0: 4}",0.0287606201499895,0.019208420786407086,0.040083204717675,0.03171703723928014,0.0771297393494597,0.0439008015316976,0.09624766899032113,0.08617990879282329,0.04037475241659291,0.02948718350440557,0.05033965691953494,0.025771536500424314
2730,1,max_steps,3,2,0,1086.6151093540177,3000,521.5,521.5,0.432831281951858,0.1,1.056684970855713,12.244629859924316,-11.302774429321289,401.6081237792969,1000.0,116.59510935400421,1618,-29.980000000001887,0.0,0.0,0.3622050364513392,"{2: 24, 3: 2, 6: 53, 5: 12, 4: 13, 0: 196}","{4: 52, 3: 207, 2: 32, 1: 9}","{1: 226, 0: 19, 2: 55}","{1: 186, 2: 49, 0: 65}","{1: 266, 2: 34}","{1: 280, 0: 16, 2: 4}",0.022127265198487345,0.022926264572211363,0.02837219559471319,0.039519426347131056,0.09302440298760505,0.06134726938184163,0.10932628435428282,0.08798888976992546,0.12180012791610796,0.07422585149164057,0.08035573943006792,0.1622462785584295
2740,1,max_steps,3,1,0,541.2590175142709,3000,1290.0,1290.0,0.4306719884072292,0.1,1.065190076828003,12.25723648071289,-10.629385948181152,407.1104736328125,500.0,71.24901751426168,1653,-29.99000000000189,0.0,0.0,0.18041967250475696,"{1: 62, 0: 25, 2: 36, 3: 5, 6: 172}","{1: 7, 2: 50, 3: 243}","{1: 260, 0: 40}","{1: 261, 0: 26, 2: 13}","{1: 298, 0: 2}",{1: 300},0.010867277997697263,0.009294954008326348,0.013655227153584101,0.019970345919546974,0.05804680888115587,0.03697572737577095,0.06385975394139151,0.06255805421814363,0.05796942214602058,0.025586837113693264,0.029892512592914672,0.052140009956613234
2750,1,max_steps,3,0,0,64.73423229075873,3000,,,0.4285234670706322,0.1,1.0753254890441895,12.336469650268555,-9.402244567871094,388.15087890625,0.0,94.73423229075897,1746,-30.00000000000189,0.0,0.0,0.021578077430252907,"{6: 89, 5: 185, 4: 26}","{2: 51, 3: 249}","{1: 219, 2: 57, 0: 24}","{1: 272, 0: 21, 2: 7}","{1: 274, 2: 21, 0: 5}","{1: 279, 2: 10, 0: 11}",0.02905097620677996,0.012833158082704018,0.041438008857134875,0.04523545730130231,0.07367871615377163,0.02901716017287065,0.09670575856200954,0.09700824964315596,,,,
2760,1,max_steps,3,1,0,558.2639465396759,3000,1398.0,1398.0,0.42638566420205287,0.1,1.083437442779541,12.408745765686035,-9.402244567871094,388.15087890625,500.0,185.6892703996225,2061,-29.99000000000189,-97.43532385994622,0.0,0.18608798217989198,"{1: 175, 2: 123, 3: 2}","{6: 11, 5: 8, 4: 33, 3: 191, 0: 42, 1: 5, 2: 10}","{1: 252, 2: 12, 0: 36}","{1: 177, 2: 41, 0: 82}","{1: 297, 2: 1, 0: 2}","{1: 295, 0: 5}",0.021927398350363454,0.024145972260606968,0.029504435640595107,0.029418213109797135,0.06340540077929589,0.15044638885422015,0.08027641529098369,0.08425991018611287,0.06346421126160949,0.009369939096213302,0.029136948815095806,0.07816646862616312
2770,1,success,3,3,0,1640.717191553365,2113,704.3333333333334,950.0,0.424258526329573,0.1,1.0893864631652832,12.456456184387207,-9.402244567871094,415.00421142578125,1500.0,161.817191553368,1977,-21.1000000000005,0.0,0.0,0.7764870759836086,"{1: 57, 2: 140, 3: 14}","{4: 27, 3: 119, 5: 6, 0: 40, 1: 7, 2: 12}","{1: 175, 0: 36}","{1: 109, 2: 41, 0: 61}","{1: 200, 0: 11}","{1: 207, 2: 4}",0.018919588402731745,0.02936709445476815,0.021307055390807676,0.04094080061618586,0.06568656520022345,0.1362265824704712,0.08139368347926294,0.08077961877802671,0.07356061299318709,0.10546048424273886,0.0650713394115063,0.10238805760199582
2780,1,max_steps,3,0,0,38.23176941982638,3000,,,0.42214200024803367,0.1,1.0937060117721558,12.512216567993164,-9.402244567871094,415.00421142578125,0.0,68.23176941982695,1595,-30.00000000000189,0.0,0.0,0.012743923139942126,"{0: 46, 1: 232, 2: 22}","{3: 270, 2: 30}","{1: 252, 0: 35, 2: 13}","{1: 288, 0: 6, 2: 6}","{1: 292, 0: 8}","{1: 296, 0: 3, 2: 1}",0.022037632783226152,0.015399132415495379,0.031425230151170006,0.035149799024069006,0.05655767672247898,0.027265904631984136,0.06747661553114125,0.0790943053351211,,,,
2790,1,max_steps,3,0,0,36.99931012869476,3000,,,0.42003603301770376,0.1,1.097222924232483,12.529206275939941,-9.402244567871094,411.12237548828125,0.0,130.4441915178143,1836,-30.00000000000189,-63.444881389119,0.0,0.012333103376231586,"{6: 163, 5: 125, 4: 12}","{0: 15, 1: 8, 2: 34, 3: 243}","{1: 172, 2: 82, 0: 46}","{1: 230, 0: 63, 2: 7}","{1: 234, 2: 38, 0: 28}","{1: 240, 2: 25, 0: 35}",0.04033974192579523,0.016354370854054806,0.05788919535752679,0.07653620120252497,0.0875107320499506,0.06008223303701234,0.12395732786921299,0.11407311505620399,,,,
2800,1,max_steps,3,0,0,25.37385282340921,3000,,,0.41794057196295603,0.1,1.1038893461227417,12.565847396850586,-9.402244567871094,408.3417053222656,0.0,55.373852823409266,1506,-30.00000000000189,0.0,0.0,0.008457950941136404,"{4: 204, 5: 96}","{2: 110, 3: 190}","{1: 273, 2: 20, 0: 7}","{1: 229, 0: 51, 2: 20}","{1: 289, 2: 4, 0: 7}","{1: 287, 2: 2, 0: 11}",0.02331367037887382,0.018724214332417412,0.02781164491060811,0.035140288001116675,0.04937910363332256,0.04074764208660176,0.0744240232122942,0.08932575848089945,,,,
2810,1,max_steps,3,0,0,18.409183251456863,3000,,,0.4158555646709497,0.1,1.1060776710510254,12.543014526367188,-9.402244567871094,399.57403564453125,0.0,48.409183251457186,1667,-30.00000000000189,0.0,0.0,0.006136394417152287,"{6: 180, 5: 120}","{2: 72, 3: 228}","{1: 266, 2: 14, 0: 20}","{1: 269, 0: 19, 2: 12}","{1: 290, 2: 4, 0: 6}","{1: 296, 2: 2, 0: 2}",0.017545854480714572,0.011511108148430736,0.023614741419329666,0.02470876518501349,0.05467197194681379,0.030250600029359545,0.06221254376650535,0.07331115860871165,,,,
2820,1,max_steps,3,1,0,548.9983557682426,3000,213.0,213.0,0.41378095899031897,0.1,1.1112635135650635,12.604876518249512,-9.402244567871094,393.45361328125,500.0,78.98835576823018,1578,-29.99000000000189,0.0,0.0,0.18299945192274755,"{3: 21, 0: 279}","{6: 4, 5: 9, 4: 16, 0: 16, 1: 8, 2: 34, 3: 213}","{1: 290, 2: 10}","{1: 223, 2: 30, 0: 47}",{1: 300},"{1: 298, 2: 2}",0.01835085509844598,0.01923164482145967,0.026903626613318098,0.029884019246393903,0.033676745150668014,0.09099562314398207,0.05500143020908727,0.0806731423944243,0.014732553901027172,0.1281255780236769,0.008632724323857907,0.07111880717452967
2830,1,max_steps,3,0,0,-4.20503324992824,3000,,,0.41171670302986957,0.1,1.1121723651885986,12.581302642822266,-9.402244567871094,393.45361328125,0.0,25.79496675007178,1390,-30.00000000000189,0.0,0.0,-0.00140167774997608,{6: 300},"{4: 11, 3: 232, 2: 57}","{1: 274, 0: 26}","{1: 278, 2: 14, 0: 8}","{1: 291, 0: 9}","{1: 299, 2: 1}",0.013402927293730344,0.011300374522476295,0.020345290053940004,0.02740162911861281,0.0460852059816856,0.026984073300070365,0.06106892175748511,0.0695380640964264,,,,
2840,1,max_steps,3,0,0,51.92577713008512,3000,,,0.4096627451572794,0.1,1.1170687675476074,12.623446464538574,-9.402244567871094,393.45361328125,0.0,81.92577713008534,1600,-30.00000000000189,0.0,0.0,0.01730859237669504,"{4: 159, 5: 107, 6: 34}","{2: 184, 3: 116}","{1: 229, 0: 32, 2: 39}","{1: 237, 0: 39, 2: 24}","{1: 290, 2: 5, 0: 5}","{1: 297, 0: 2, 2: 1}",0.03572236718386679,0.018908899044564866,0.03905080740966033,0.04006642082275713,0.06434386874963878,0.036405691437675296,0.08302533177981752,0.07663741421524968,,,,
2850,1,max_steps,3,0,0,30.901699246265856,3000,,,0.40761903399780874,0.1,1.1278806924819946,12.74234390258789,-9.402244567871094,429.0319519042969,0.0,60.90169924626644,1550,-30.00000000000189,0.0,0.0,0.010300566415421953,"{3: 30, 4: 270}","{0: 11, 1: 15, 2: 57, 3: 217}",{1: 300},"{1: 254, 0: 43, 2: 3}",{1: 300},"{1: 289, 0: 10, 2: 1}",0.013811234796265243,0.013900098604683383,0.021572207167840383,0.032058050064271454,0.04194353883444483,0.03886578902991489,0.061675230826323445,0.08283743434640915,0.04388593350858622,0.020095632540940347,0.06986994771848967,0.10051547271641331
2860,1,max_steps,3,1,0,571.2875976919731,3000,380.0,380.0,0.4055855184330137,0.1,1.1324416399002075,12.791693687438965,-9.402244567871094,429.0319519042969,500.0,101.27759769196138,1706,-29.99000000000189,0.0,0.0,0.1904291992306577,"{3: 37, 4: 181, 5: 82}","{1: 19, 2: 29, 5: 7, 4: 16, 3: 229}","{1: 247, 2: 40, 0: 13}","{1: 221, 0: 53, 2: 26}","{1: 282, 0: 6, 2: 12}","{1: 282, 2: 7, 0: 11}",0.026722796794681487,0.01614489468681122,0.03746050692081121,0.04023596324304649,0.060766501729195094,0.058469460616076406,0.08658133108027735,0.09529706772896895,0.007936703410171018,0.0730740830154547,0.010746786941093255,0.024457518831194822
2870,1,max_steps,3,1,0,626.6071666826576,3000,1181.0,1181.0,0.4035621475994687,0.1,1.1377853155136108,12.785743713378906,-11.307698249816895,392.609619140625,500.0,156.59716668264917,2062,-29.99000000000189,0.0,0.0,0.2088690555608859,"{0: 42, 1: 28, 2: 44, 3: 4, 6: 182}","{2: 33, 3: 228, 5: 11, 4: 28}","{1: 141, 0: 103, 2: 56}","{1: 249, 0: 8, 2: 43}","{1: 272, 0: 17, 2: 11}","{1: 291, 0: 4, 2: 5}",0.0522782711193974,0.01277482762987626,0.05956311239715905,0.04843991121090232,0.08443988280068354,0.03775131022305938,0.09827538533372626,0.08927470860250043,0.03725714695481638,0.010065784377010988,0.07447869636599931,0.0654517498075574
2880,1,max_steps,3,1,0,573.4876271462754,3000,585.0,585.0,0.40154887088749336,0.1,1.141888976097107,12.820974349975586,-11.307698249816895,409.22198486328125,500.0,103.47762714626596,1896,-29.99000000000189,0.0,0.0,0.1911625423820918,"{2: 57, 3: 1, 1: 178, 0: 64}","{0: 8, 1: 23, 2: 16, 3: 217, 6: 18, 5: 7, 4: 11}","{1: 294, 0: 6}","{1: 211, 0: 54, 2: 35}",{1: 300},{1: 300},0.01711237269029698,0.015949833594894894,0.02324235749495563,0.026482477304655964,0.03868319777823172,0.11033230588942716,0.05192150803694454,0.06274785646728315,0.04112666729311038,0.08101301707119642,0.06456813262153512,0.05748725429214658
2890,1,max_steps,3,0,0,60.33759332692306,3000,,,0.3995456379398876,0.1,1.1446503400802612,12.779191970825195,-11.307698249816895,409.22198486328125,0.0,90.33759332692358,1601,-30.00000000000189,0.0,0.0,0.020112531108974353,"{3: 23, 4: 86, 5: 162, 6: 29}","{6: 7, 5: 8, 4: 48, 3: 237}","{1: 221, 0: 47, 2: 32}","{1: 199, 2: 55, 0: 46}","{1: 284, 0: 12, 2: 4}","{1: 294, 0: 4, 2: 2}",0.02525459279142714,0.022924142631786264,0.030890267738166062,0.04126444218189271,0.06491661141173972,0.06072784433391352,0.09209434435745892,0.0907306736046935,0.06196643765196163,0.1372046714862124,0.08095004742590849,0.07128735006527323
2900,1,max_steps,3,0,0,29.38181138036204,3000,,,0.3975523986506715,0.1,1.1456493139266968,12.76794147491455,-13.934162139892578,406.28277587890625,0.0,59.38181138036219,1826,-30.00000000000189,0.0,0.0,0.009793937126787347,"{2: 29, 1: 143, 0: 128}","{1: 7, 2: 29, 3: 261, 4: 3}","{1: 265, 2: 27, 0: 8}","{1: 244, 0: 45, 2: 11}","{1: 291, 2: 9}","{1: 295, 0: 3, 2: 2}",0.019578700350336348,0.01715226712991054,0.028488522641442256,0.027355467324823322,0.05170176815602563,0.035205704559893386,0.06759255970339365,0.07039483183598157,,,,
2910,1,max_steps,3,0,0,3.241880504398061,3000,,,0.3955691031638319,0.1,1.1521748304367065,12.78808879852295,-13.934162139892578,415.5213623046875,0.0,33.24188050439799,1516,-30.00000000000189,0.0,0.0,0.0010806268347993537,{0: 300},"{1: 11, 2: 37, 3: 252}",{1: 300},"{1: 268, 0: 29, 2: 3}",{1: 300},"{1: 297, 2: 3}",0.007443446466995185,0.009525692750325537,0.009807080869620127,0.018760180615551705,0.029073563239726014,0.030944207528111868,0.04527158088187927,0.05852558546401125,,,,
2920,1,max_steps,3,0,0,64.1644823021224,3000,,,0.3935957018720758,0.1,1.1576690673828125,12.825456619262695,-13.934162139892578,423.51904296875,0.0,95.58945029696595,2109,-30.00000000000189,-1.424967994843407,0.0,0.021388160767374133,"{0: 108, 1: 84, 2: 108}","{6: 8, 5: 9, 4: 10, 3: 252, 2: 21}","{1: 253, 0: 47}","{1: 250, 2: 34, 0: 16}","{1: 294, 0: 6}","{1: 290, 0: 8, 2: 2}",0.015396799996454262,0.01340678571210992,0.0209520852094755,0.030010944952982996,0.06279882808183322,0.03960827389802261,0.07647322747519318,0.08532024614857785,0.02904539891222258,0.017067382799356764,0.04482881908113389,0.048533533285800276
2930,1,max_steps,3,2,0,1073.9021788653627,3000,1440.0,1440.0,0.39163214541558905,0.1,1.1642189025878906,12.869363784790039,-13.934162139892578,423.51904296875,1000.0,103.88217886536214,2396,-29.980000000001887,0.0,0.0,0.35796739295512087,"{2: 190, 1: 8, 3: 4, 4: 67, 5: 18, 0: 13}","{1: 6, 2: 55, 3: 186, 6: 10, 5: 10, 4: 33}","{1: 257, 2: 26, 0: 17}","{1: 208, 0: 26, 2: 66}","{1: 293, 0: 5, 2: 2}","{1: 298, 2: 1, 0: 1}",0.01986872843816351,0.01810297812564901,0.02825170712226234,0.02862167640335421,0.0557643614798907,0.0993493772235899,0.06867552848294463,0.08589344941464316,0.0685698555129105,0.022039681734085763,0.09633502500647848,0.09498577176539515
2940,1,max_steps,3,0,0,27.683246193092458,3000,,,0.3896783846808022,0.1,1.1696070432662964,12.883294105529785,-13.934162139892578,415.78729248046875,0.0,57.99400520479422,1794,-30.00000000000189,-0.3107590117013118,0.0,0.00922774873103082,"{2: 293, 3: 7}","{6: 10, 5: 9, 4: 15, 3: 182, 2: 84}",{1: 300},"{1: 220, 2: 45, 0: 35}",{1: 300},{1: 300},0.009072305739734625,0.014916196333526434,0.012644207681401804,0.017661915888975713,0.025486118822951296,0.04308320690468186,0.0374673957468136,0.04074338121260556,0.040137053180599465,0.03385703669317897,0.03141633595070279,0.04473307081745769
2950,1,max_steps,3,0,0,38.96893226080309,3000,,,0.38773437079916173,0.1,1.1753612756729126,12.922161102294922,-13.934162139892578,415.5397644042969,0.0,68.96893226080307,1729,-30.00000000000189,0.0,0.0,0.012989644086934364,"{6: 115, 5: 185}","{2: 47, 3: 253}","{1: 255, 2: 23, 0: 22}","{1: 276, 0: 17, 2: 7}","{1: 278, 2: 10, 0: 12}","{1: 273, 0: 18, 2: 9}",0.019238778305517873,0.009569827582063078,0.029519800264795407,0.03598839884873876,0.06291995789513409,0.02859470707762965,0.09100915409071446,0.09703749628018753,,,,
2960,1,max_steps,3,1,0,538.169662630412,3000,374.0,374.0,0.38580005514590804,0.1,1.1797163486480713,12.981289863586426,-13.934162139892578,411.7520751953125,500.0,68.1596626304004,1745,-29.99000000000189,0.0,0.0,0.17938988754347066,"{3: 37, 1: 199, 2: 64}","{4: 39, 1: 14, 0: 4, 2: 99, 3: 144}","{1: 285, 0: 14, 2: 1}","{1: 233, 2: 25, 0: 42}",{1: 300},"{1: 298, 2: 2}",0.012253834575327525,0.020954538640383345,0.016598747513651237,0.01899656279686061,0.04236937379765236,0.040150423645833384,0.06150941715752153,0.05572461494271116,0.006385718522930169,0.04513320444497478,0.010681579983272257,0.019261706935183483
2970,1,max_steps,3,0,0,24.92523822712879,3000,,,0.3838753893388589,0.1,1.1836183071136475,13.00861930847168,-13.934162139892578,411.7520751953125,0.0,54.92523822712915,1527,-30.00000000000189,0.0,0.0,0.008308412742376264,"{0: 226, 1: 74}","{2: 53, 3: 247}","{1: 258, 0: 14, 2: 28}","{1: 255, 0: 22, 2: 23}",{1: 300},{1: 300},0.02011687820424416,0.012466448408306293,0.02713043951282713,0.027326944743814027,0.05601198475940863,0.03354063363132181,0.06999104242230048,0.0582767827691175,,,,
2980,1,max_steps,3,0,0,66.30915595088567,3000,,,0.38196032523719936,0.1,1.1847065687179565,13.003236770629883,-13.934162139892578,411.7520751953125,0.0,96.30915595088625,1655,-30.00000000000189,0.0,0.0,0.022103051983628556,"{4: 86, 3: 6, 5: 52, 6: 156}","{5: 12, 4: 12, 3: 202, 2: 74}","{1: 201, 0: 64, 2: 35}","{1: 246, 2: 33, 0: 21}","{1: 279, 0: 12, 2: 9}","{1: 291, 0: 7, 2: 2}",0.030088622612355582,0.019010156419178113,0.04277936578282868,0.04429943139000627,0.07751615708667631,0.03802986966459275,0.09394386650918896,0.08529227695298142,0.036630542222934534,0.1065867258180429,0.08323188554021008,0.06884368048170905
2990,1,max_steps,3,0,0,30.75877899357571,3000,,,0.3800548149402779,0.1,1.1868804693222046,13.026248931884766,-13.934162139892578,413.3050842285156,0.0,60.75877899357611,1150,-30.00000000000189,0.0,0.0,0.010252926331191903,"{6: 230, 5: 44, 4: 26}","{1: 9, 2: 91, 3: 200}","{1: 232, 2: 28, 0: 40}","{1: 255, 0: 36, 2: 9}","{1: 273, 2: 13, 0: 14}","{1: 282, 0: 15, 2: 3}",0.02079728663245317,0.013759630957288865,0.026245144781146666,0.03197800965163347,0.07715550398634784,0.03819472369620139,0.0956635640120017,0.09212570684360796,,,,
3000,1,max_steps,3,1,0,547.3750242998165,3000,2099.0,2099.0,0.3781588107864079,0.1,1.1938698291778564,13.080620765686035,-13.934162139892578,427.8759765625,500.0,152.438759028306,2106,-29.99000000000189,-75.07373472849122,0.0,0.18245834143327216,"{1: 84, 2: 125, 4: 18, 5: 73}","{6: 9, 5: 8, 4: 9, 3: 166, 2: 66, 0: 36, 1: 6}","{1: 237, 0: 47, 2: 16}","{1: 177, 2: 44, 0: 79}","{1: 263, 0: 26, 2: 11}","{1: 270, 0: 17, 2: 13}",0.02020274677456766,0.024041725331061695,0.030620628976826075,0.03596506862256488,0.0741140640912567,0.13514148661133613,0.10575614508333675,0.09946867547719279,0.08979091345747872,0.03283112124317076,0.11742126748527654,0.17635212740426648
3010,1,max_steps,3,0,0,23.158354180013067,3000,,,0.3762722653516755,0.1,1.1985973119735718,13.102987289428711,-13.934162139892578,427.8759765625,0.0,53.15835418001308,1390,-30.00000000000189,0.0,0.0,0.007719451393337689,"{5: 241, 4: 59}","{3: 291, 4: 4, 2: 5}","{1: 255, 2: 35, 0: 10}","{1: 288, 0: 7, 2: 5}","{1: 288, 2: 12}","{1: 298, 2: 2}",0.010992459738791477,0.012160545792737792,0.01695376108580573,0.02362710042647652,0.05869229044285575,0.025787383042264342,0.08704793900220995,0.07395506943613028,,,,
3020,1,max_steps,3,0,0,12.36196268388169,3000,,,0.37439513144875414,0.1,1.2018682956695557,13.131970405578613,-13.934162139892578,427.8759765625,0.0,42.36196268388186,1023,-30.00000000000189,0.0,0.0,0.004120654227960563,"{1: 88, 2: 61, 0: 151}","{3: 242, 2: 58}","{1: 219, 2: 65, 0: 16}","{1: 259, 2: 28, 0: 13}","{1: 281, 2: 17, 0: 2}","{1: 286, 0: 10, 2: 4}",0.031140899242153675,0.01513516973075511,0.03678397692983091,0.03947940660069918,0.07126213056901441,0.03128769676240303,0.08963539519085482,0.09390585213339164,,,,
3030,1,max_steps,3,1,0,562.6082364827322,3000,2675.0,2675.0,0.3725273621257234,0.1,1.2050050497055054,13.132040023803711,-13.934162139892578,434.917724609375,500.0,92.5982364827293,1764,-29.99000000000189,0.0,0.0,0.1875360788275774,"{0: 59, 1: 156, 2: 50, 3: 2, 5: 14, 6: 19}","{3: 249, 2: 30, 1: 21}","{1: 213, 0: 70, 2: 17}","{1: 255, 2: 14, 0: 31}","{1: 279, 2: 4, 0: 17}","{1: 287, 0: 12, 2: 1}",0.03483715273232339,0.012695304436756413,0.04448040849562861,0.042211730673496484,0.07445645299584612,0.034310269359741276,0.09369316140113497,0.09100856561454039,0.05479808345376171,0.024885582777830394,0.10587244721578984,0.1026619621562991
3040,1,max_steps,3,1,0,575.6791395702141,3000,2743.0,2743.0,0.3706689106648949,0.1,1.2112457752227783,13.199941635131836,-13.934162139892578,436.8578796386719,500.0,105.6691395702132,2055,-29.99000000000189,0.0,0.0,0.19189304652340472,"{0: 197, 1: 21, 2: 53, 3: 3, 6: 26}","{3: 232, 2: 42, 5: 8, 4: 18}","{1: 229, 0: 60, 2: 11}","{1: 269, 2: 27, 0: 4}","{1: 279, 0: 12, 2: 9}","{1: 290, 0: 5, 2: 5}",0.01411531786059982,0.009973750986009295,0.02213933974604449,0.031984037898440044,0.07227565017092202,0.030109740206944412,0.09237273255134139,0.08860512730766039,0.08370813119432936,0.015778782972881895,0.05946493979506912,0.09624704567087365
3050,1,max_steps,3,0,0,3.947002896860763,3000,,,0.3688197305816441,0.1,1.2133862972259521,13.188385963439941,-13.934162139892578,436.8578796386719,0.0,33.94700289686092,1240,-30.00000000000189,0.0,0.0,0.001315667632286921,"{4: 77, 5: 223}","{5: 10, 4: 10, 3: 219, 2: 61}","{1: 283, 0: 17}","{1: 264, 2: 29, 0: 7}","{1: 294, 0: 6}","{1: 299, 0: 1}",0.007684695700469935,0.012047342066846455,0.009129483442078909,0.016211062639406866,0.0369472758089524,0.031339438510352154,0.039352067619511995,0.06609857158511961,,,,
3060,1,max_steps,3,0,0,-10.398562190145986,3000,,,0.3669797756232471,0.1,1.2172731161117554,13.212254524230957,-13.934162139892578,436.8578796386719,0.0,44.77625664040837,1235,-30.00000000000189,-25.174818830554614,0.0,-0.003466187396715329,{0: 300},"{0: 11, 1: 7, 2: 10, 3: 262, 4: 10}","{1: 279, 2: 21}","{1: 218, 0: 58, 2: 24}","{1: 289, 2: 11}","{1: 293, 2: 2, 0: 5}",0.015427742180539977,0.015088205745883258,0.024065415268660996,0.02719080454615814,0.04530952871415091,0.06747085220536708,0.06036766196474457,0.08086058477778948,,,,
3070,1,max_steps,3,2,0,1103.86562640421,3000,473.5,473.5,0.36514899976772386,0.1,1.2217198610305786,13.229472160339355,-13.934162139892578,397.95025634765625,1000.0,134.14406326574544,1768,-29.980000000001887,-0.2984368615456121,0.0,0.3679552088014033,"{3: 75, 2: 26, 4: 146, 5: 18, 6: 35}","{0: 10, 1: 19, 2: 66, 3: 167, 6: 24, 5: 6, 4: 8}","{1: 220, 0: 75, 2: 5}","{1: 188, 0: 69, 2: 43}","{1: 276, 0: 24}","{1: 289, 2: 7, 0: 4}",0.03882123023686497,0.02320295665246385,0.042537415936557015,0.03392366342645376,0.07881463021750328,0.11793648321508185,0.09586775064698826,0.08738043963090011,0.05107117949537126,0.049004117958177204,0.0846872703296494,0.07897747491573325
3080,1,max_steps,3,1,0,596.4072165149553,3000,202.0,202.0,0.3633273572226875,0.1,1.2253990173339844,13.24658489227295,-13.934162139892578,397.95025634765625,500.0,126.39721651494597,2007,-29.99000000000189,0.0,0.0,0.1988024055049851,"{3: 20, 6: 80, 5: 53, 4: 147}","{1: 5, 2: 41, 6: 18, 5: 11, 4: 12, 3: 213}","{1: 215, 2: 61, 0: 24}","{1: 235, 0: 25, 2: 40}","{1: 270, 2: 30}","{1: 288, 0: 9, 2: 3}",0.023864481637822656,0.013128689855747718,0.03726772950044614,0.045667449563943405,0.08225362449568632,0.084945720704996,0.09959121300369626,0.09195816019476101,0.019342680399836044,0.12787485194357653,0.0327150093674898,0.026488228278747288
3090,1,success,3,3,0,1603.60003239495,2104,701.3333333333334,803.0,0.36151480242419853,0.1,1.2332587242126465,13.326377868652344,-13.934162139892578,397.40386962890625,1500.0,124.61003239494659,1697,-21.010000000000485,0.0,0.0,0.7621673157770674,"{3: 24, 4: 78, 0: 45, 1: 12, 2: 51}","{1: 11, 2: 23, 4: 33, 3: 143}","{1: 168, 0: 42}","{1: 150, 0: 25, 2: 35}","{1: 187, 0: 23}","{1: 208, 2: 2}",0.02873426678724762,0.0193422801736876,0.03051920232788729,0.02726654553341513,0.0874167859467148,0.09149774131947522,0.10373864327160584,0.07283241011266138,0.050509514629875865,0.029874739938059718,0.08379833255815444,0.0502684990655852
3100,1,max_steps,3,1,0,602.8853361356234,3000,2413.0,2413.0,0.35971129003562496,0.1,1.2425141334533691,13.359179496765137,-13.934162139892578,406.85791015625,500.0,132.87533613562192,1950,-29.99000000000189,0.0,0.0,0.20096177871187448,"{0: 143, 1: 75, 2: 21, 3: 2, 6: 59}","{1: 10, 2: 59, 3: 231}","{1: 208, 0: 56, 2: 36}","{1: 258, 0: 32, 2: 10}","{1: 264, 0: 19, 2: 17}","{1: 294, 2: 6}",0.016654628854377664,0.01514582098141892,0.027827372281834652,0.03097216598513037,0.08792184169583117,0.034325444387360016,0.10333763191606661,0.08263803106526091,0.11178079242432987,0.023587204948184972,0.09246765769773087,0.07947401586845518
3110,1,max_steps,3,1,0,609.6417471729087,3000,2830.0,2830.0,0.357916774946509,0.1,1.2476450204849243,13.389567375183105,-13.934162139892578,413.4793701171875,500.0,139.63174717290724,2053,-29.99000000000189,0.0,0.0,0.2032139157243029,"{6: 199, 5: 59, 4: 24, 2: 2, 1: 16}","{5: 17, 4: 10, 3: 255, 2: 18}","{1: 175, 2: 94, 0: 31}","{1: 263, 2: 29, 0: 8}","{1: 249, 2: 28, 0: 23}","{1: 272, 0: 16, 2: 12}",0.036911403874798604,0.012792941215646524,0.05197325310861492,0.05078761479329697,0.08930222105225505,0.03467920471012224,0.11306696601780566,0.09816873905183227,0.091661015290948,0.016250617457302205,0.08778574391582823,0.02773829737922319
3120,1,max_steps,3,0,0,59.3641141600999,3000,,,0.356131212271438,0.1,1.2592233419418335,13.486939430236816,-13.934162139892578,418.62603759765625,0.0,89.36411416010043,1453,-30.00000000000189,0.0,0.0,0.019788038053366635,"{6: 159, 5: 83, 4: 58}","{2: 21, 3: 264, 4: 15}","{1: 189, 2: 59, 0: 52}","{1: 278, 0: 17, 2: 5}","{1: 265, 2: 16, 0: 19}","{1: 290, 0: 10}",0.02864363572237244,0.011926518425372257,0.03949914662058217,0.035472816661058754,0.08440150790649742,0.02789792905579345,0.10239954908472454,0.08841897870700378,,,,
3130,1,max_steps,3,0,0,-15.12482882650996,3000,,,0.35435455734892235,0.1,1.266317367553711,13.513882637023926,-13.934162139892578,420.2806701660156,0.0,14.875171173490006,1546,-30.00000000000189,0.0,0.0,-0.005041609608836654,{5: 300},"{3: 275, 2: 22, 4: 3}",{1: 300},"{1: 275, 2: 17, 0: 8}",{1: 300},{1: 300},0.004818859069505764,0.015140821989995116,0.007709267394026598,0.01528196238782082,0.014864129909729823,0.02948688185622017,0.024838187539017773,0.045561469569502404,,,,
3140,1,max_steps,3,1,0,532.3723731034095,3000,739.0,739.0,0.3525867657402778,0.1,1.2728430032730103,13.57026195526123,-13.934162139892578,418.62603759765625,500.0,62.36237310339955,1863,-29.99000000000189,0.0,0.0,0.1774574577011365,"{1: 45, 2: 27, 3: 1, 6: 227}","{5: 7, 4: 23, 3: 226, 2: 44}","{1: 261, 0: 39}","{1: 237, 2: 37, 0: 26}","{1: 294, 0: 6}","{1: 299, 0: 1}",0.008943708097181532,0.01529293108092907,0.011405625906025292,0.017365756951761256,0.06750266739890833,0.09204790375380408,0.07326735423302946,0.05702105150259958,0.08916527047406614,0.02614874633715019,0.10342394530424824,0.04395414172452372
3150,1,max_steps,3,2,0,973.7630228829858,3000,1375.0,1375.0,0.35082779322851465,0.1,1.2814385890960693,13.611873626708984,-13.934162139892578,426.5924072265625,1000.0,185.16689992844658,2372,-29.980000000001887,-181.42387704546172,0.0,0.3245876742943286,"{5: 76, 4: 30, 3: 3, 0: 64, 1: 47, 2: 54, 6: 26}","{6: 15, 5: 8, 4: 13, 3: 193, 2: 45, 0: 24, 1: 2}","{1: 189, 2: 34, 0: 77}","{1: 193, 2: 62, 0: 45}","{1: 268, 2: 18, 0: 14}","{1: 265, 0: 21, 2: 14}",0.03551685320878649,0.02033698536776235,0.04994364070853963,0.04680057100855911,0.08753238603642796,0.08520830997446004,0.10410094320937953,0.10434592117772606,0.0948209808132278,0.027361124761534256,0.07876084803512587,0.05744576735717904
3160,1,max_steps,3,1,0,622.0214324670947,3000,2069.0,2069.0,0.3490775958172311,0.1,1.2905912399291992,13.677337646484375,-13.934162139892578,426.5924072265625,500.0,152.3934649373176,2264,-29.99000000000189,-0.3820324702223259,0.0,0.20734047748903156,"{2: 200, 3: 6, 6: 83, 5: 11}","{6: 8, 5: 9, 4: 10, 3: 105, 2: 126, 0: 36, 1: 6}","{1: 262, 2: 26, 0: 12}","{1: 201, 2: 39, 0: 60}","{1: 297, 2: 3}","{1: 287, 0: 9, 2: 4}",0.020549586474462953,0.02003928172432856,0.028952699095691602,0.033036421558945483,0.05387450055883493,0.15075861477932434,0.07277698970553727,0.07587988863781812,0.05433581282252299,0.024572979310981617,0.07913416454713225,0.07920667055990951
3170,1,max_steps,3,0,0,43.263956741483085,3000,,,0.34733612972951305,0.1,1.2995251417160034,13.726247787475586,-13.934162139892578,420.8167724609375,0.0,73.26395674148343,1296,-30.00000000000189,0.0,0.0,0.014421318913827695,"{5: 224, 6: 53, 4: 23}","{5: 3, 4: 37, 3: 231, 2: 29}","{1: 231, 0: 34, 2: 35}","{1: 243, 2: 29, 0: 28}","{1: 286, 2: 13, 0: 1}","{1: 289, 2: 9, 0: 2}",0.03318520402113424,0.015565588114081663,0.03899771505544364,0.0424691973953045,0.0659918084937382,0.03476730806595413,0.09200872689314979,0.09062301147967386,,,,
3180,1,max_steps,3,2,0,1147.8861146223694,3000,1125.0,1125.0,0.3456033514068391,0.1,1.307370901107788,13.774619102478027,-13.934162139892578,430.8297119140625,1000.0,177.86611462236473,2319,-29.980000000001887,0.0,0.0,0.38262870487412315,"{1: 90, 0: 37, 2: 72, 3: 101}","{0: 22, 1: 22, 2: 70, 3: 90, 6: 68, 5: 11, 4: 17}","{1: 256, 0: 44}","{1: 111, 0: 91, 2: 98}","{1: 285, 0: 15}","{1: 292, 0: 7, 2: 1}",0.022128049580045925,0.03782178739283795,0.033094344911469,0.029264368357183462,0.06935524431293404,0.09581360777355807,0.07888541907729285,0.08398315419336831,0.051534321423138595,0.047900845518650925,0.06922805055112644,0.05878753921016419
3190,1,crash,3,1,1,477.8953574149938,891,704.0,704.0,0.34387921750799144,0.1,1.320541501045227,13.896484375,-13.934162139892578,437.8504638671875,500.0,82.24361999322,670,-8.899999999999855,-15.44826257822709,-80.0,0.5363584258305205,"{6: 47, 5: 10, 4: 12, 3: 1, 0: 19}","{2: 18, 3: 64, 4: 7}","{1: 33, 2: 56}","{1: 55, 0: 17, 2: 17}","{1: 50, 2: 39}",{1: 89},0.09928223286705694,0.019313531579789066,0.08932311322120959,0.031766795579213476,0.1611600071728604,0.10864840959738109,0.17597809220564073,0.08388637371584644,0.15860449507448876,0.019990606561372817,0.12765724330960163,0.08391857871366694
3200,1,max_steps,3,1,0,533.5854750819033,3000,1071.0,1071.0,0.34216368490797106,0.1,1.3281630277633667,13.946357727050781,-13.934162139892578,437.8504638671875,500.0,63.575475081894,1863,-29.99000000000189,0.0,0.0,0.17786182502730108,"{5: 72, 4: 32, 3: 3, 0: 193}","{2: 56, 3: 238, 4: 6}","{1: 267, 2: 33}","{1: 251, 0: 49}",{1: 300},"{1: 298, 2: 1, 0: 1}",0.013083571017553574,0.014276550999767424,0.015678817274397218,0.02129406989258237,0.05506709757524133,0.04106725660147034,0.06734491770920545,0.05337057005292642,0.07470058256744637,0.008881247876375682,0.07471774803765607,0.026108201204777786
3210,1,max_steps,3,2,0,1080.7898334278502,3000,1262.5,1262.5,0.34045671069691946,0.1,1.3333194255828857,13.954380989074707,-13.934162139892578,437.8504638671875,1000.0,110.76983342784806,1865,-29.980000000001887,0.0,0.0,0.3602632778092834,"{1: 128, 2: 79, 3: 45, 6: 48}","{2: 120, 3: 129, 4: 20, 1: 9, 5: 22}","{1: 214, 0: 66, 2: 20}","{1: 182, 0: 71, 2: 47}","{1: 286, 0: 4, 2: 10}","{1: 288, 0: 12}",0.027938053080886448,0.02437541833622243,0.03839499104496854,0.044719847591372035,0.06611038162346834,0.05992539241063244,0.08267466727402588,0.0806243240647647,0.07094460538257896,0.04793453319772571,0.10483138557566463,0.06795710863455799
3220,1,crash,3,1,1,495.86967117784104,2850,2055.0,2055.0,0.3387582521790454,0.1,1.335996389389038,13.961606979370117,-13.934162139892578,437.8504638671875,500.0,123.88589028726068,1361,-28.490000000001654,-19.526219109421955,-80.0,0.1739893583080144,"{2: 167, 1: 63, 3: 18, 4: 37}","{2: 95, 3: 141, 4: 26, 6: 16, 5: 7}","{1: 187, 2: 12, 0: 86}","{1: 200, 0: 27, 2: 58}","{1: 246, 0: 39}","{1: 276, 0: 1, 2: 8}",0.024032750477090963,0.02294835962547779,0.03435699238077417,0.030080668365330104,0.10872258193365324,0.06604431893592069,0.10947501533678622,0.08810475157236132,0.14237537326397032,0.071635900344443,0.10482654406764436,0.10994447145848457
3230,1,max_steps,3,0,0,-28.093626120310184,3000,,,0.33706826687155717,0.1,1.3404476642608643,13.996100425720215,-13.934162139892578,438.2284240722656,0.0,1.9063738796900709,719,-30.00000000000189,0.0,0.0,-0.009364542040103395,{6: 300},"{4: 2, 3: 266, 2: 32}",{1: 300},"{1: 284, 2: 7, 0: 9}",{1: 300},{1: 300},0.003117284739662023,0.012350029933202066,0.004124008435162403,0.009996153760411922,0.010493331977519438,0.025890771782282232,0.015192525153917827,0.027135097970801027,,,,
3240,1,max_steps,3,0,0,47.69343594469799,3000,,,0.33538671250359925,0.1,1.344353199005127,14.01432991027832,-13.934162139892578,438.2284240722656,0.0,77.69343594469836,1453,-30.00000000000189,0.0,0.0,0.015897811981565996,"{0: 133, 1: 110, 2: 57}","{5: 9, 4: 10, 3: 252, 2: 29}","{1: 242, 0: 48, 2: 10}","{1: 272, 2: 25, 0: 3}","{1: 293, 0: 7}","{1: 296, 2: 1, 0: 3}",0.020721131264291245,0.010082006611707009,0.03239103541522341,0.032189201495902486,0.06327789958062387,0.026123055004439254,0.06888532795210553,0.07901041495500717,,,,
3250,1,max_steps,3,1,0,586.5242549465693,3000,2819.0,2819.0,0.33371354701519573,0.1,1.3553152084350586,14.089524269104004,-13.257139205932617,436.5595397949219,500.0,116.51425494656883,2036,-29.99000000000189,0.0,0.0,0.19550808498218974,"{6: 80, 5: 115, 4: 84, 3: 2, 0: 19}","{1: 10, 2: 25, 3: 246, 5: 8, 4: 11}","{1: 213, 2: 74, 0: 13}","{1: 242, 0: 39, 2: 19}","{1: 276, 2: 20, 0: 4}","{1: 286, 0: 8, 2: 6}",0.027114767714109332,0.01374713900688207,0.03750846699914907,0.05702976502086879,0.06680531521267245,0.07624604477201857,0.09509691927833898,0.09464312680700414,0.06240230761226624,0.01777902610888026,0.07959531020079855,0.055008415469703593
3260,1,max_steps,3,0,0,35.589988227937525,3000,,,0.332048728556198,0.1,1.3693400621414185,14.1636962890625,-13.257139205932617,432.09039306640625,0.0,65.58998822793781,1905,-30.00000000000189,0.0,0.0,0.011863329409312508,"{6: 284, 5: 16}","{0: 2, 1: 9, 2: 95, 3: 188, 4: 6}","{1: 256, 0: 44}","{1: 229, 0: 51, 2: 20}","{1: 286, 0: 14}","{1: 278, 2: 14, 0: 8}",0.02012110169495389,0.016206657967806345,0.02848993060313398,0.030395319494141402,0.06375614168066226,0.05854693252714928,0.07007808929579487,0.09551830882696495,,,,
3270,1,max_steps,3,0,0,53.55423748551205,3000,,,0.330392215485238,0.1,1.3732856512069702,14.169574737548828,-13.257139205932617,425.3767395019531,0.0,83.55423748551199,1550,-30.00000000000189,0.0,0.0,0.017851412495170683,"{1: 113, 0: 187}","{3: 145, 2: 145, 4: 10}","{1: 246, 2: 5, 0: 49}","{1: 238, 2: 31, 0: 31}","{1: 283, 0: 17}","{1: 299, 0: 1}",0.035340696522027815,0.020811582073777903,0.03590702130523101,0.030862113685285325,0.07120802467990996,0.032463050657406976,0.0797304692082471,0.0756826637690527,,,,
3280,1,success,3,3,0,1620.7666936728838,2722,907.3333333333334,548.0,0.3287439663686868,0.1,1.3842979669570923,14.238389015197754,-13.257139205932617,414.7276916503906,1500.0,147.95669367287982,2222,-27.19000000000145,0.0,0.0,0.5954322901075988,"{2: 108, 3: 64, 1: 100}","{4: 35, 3: 105, 2: 69, 5: 24, 0: 33, 1: 6}","{1: 235, 0: 37}","{1: 105, 2: 88, 0: 79}","{1: 266, 0: 6}","{1: 265, 0: 7}",0.021684027035374382,0.03551799987887401,0.030410762119518854,0.033866339664875664,0.057375578126427795,0.10885338329144657,0.07143237138761102,0.08644711243380988,0.04830175519314524,0.06480803993700592,0.02814921023980493,0.05170660307699848
3290,1,max_steps,3,0,0,39.615043234073646,3000,,,0.32710393997961784,0.1,1.3895541429519653,14.264511108398438,-13.257139205932617,423.07257080078125,0.0,69.61504323407384,1513,-30.00000000000189,0.0,0.0,0.013205014411357881,"{1: 227, 0: 73}","{4: 18, 3: 280, 2: 2}","{1: 235, 2: 20, 0: 45}","{1: 260, 2: 25, 0: 15}","{1: 288, 0: 12}","{1: 297, 2: 1, 0: 2}",0.020403030141259604,0.01785402455407728,0.02792862043532231,0.02385841475253026,0.0609597018049513,0.03202279273977004,0.07805241841222198,0.08355546901660262,,,,
3300,1,max_steps,3,0,0,51.73015164471559,3000,,,0.3254720952967762,0.1,1.3978599309921265,14.312606811523438,-13.257139205932617,420.56317138671875,0.0,81.73015164471602,1798,-30.00000000000189,0.0,0.0,0.017243383881571865,"{5: 207, 4: 67, 6: 26}","{2: 67, 3: 233}","{1: 214, 2: 52, 0: 34}","{1: 277, 0: 22, 2: 1}","{1: 280, 2: 7, 0: 13}","{1: 288, 2: 3, 0: 9}",0.028375091269681976,0.01145279788225325,0.03568614611823549,0.030579409351116554,0.06954563722145186,0.028784791665492845,0.09186050927608032,0.09405963542730059,,,,
3310,1,max_steps,3,0,0,29.390243843712213,3000,,,0.3238483915035523,0.1,1.4044862985610962,14.342059135437012,-13.257139205932617,420.56317138671875,0.0,59.390243843712256,1738,-30.00000000000189,0.0,0.0,0.009796747947904071,"{1: 83, 2: 217}","{3: 238, 2: 60, 4: 2}","{1: 278, 2: 14, 0: 8}","{1: 276, 2: 13, 0: 11}",{1: 300},"{1: 297, 0: 3}",0.019839849533878108,0.012236074146523994,0.030029990514765792,0.03259745281550325,0.04667379010799778,0.028713576294305286,0.061654572845354694,0.07918126350172178,0.03668452864421904,0.031652066005080665,0.028597931484673433,0.05511821444312022
3320,1,max_steps,3,1,0,516.1888166963931,3000,1783.0,1783.0,0.3222327879869612,0.1,1.4130797386169434,14.424671173095703,-13.257139205932617,420.56317138671875,500.0,46.17881669638283,1464,-29.99000000000189,0.0,0.0,0.1720629388987977,"{5: 49, 4: 127, 3: 2, 0: 122}","{2: 37, 3: 236, 4: 27}","{1: 271, 2: 29}","{1: 226, 0: 37, 2: 37}","{1: 291, 2: 9}","{1: 291, 2: 4, 0: 5}",0.017052454069142596,0.020847422118792508,0.02243460086284331,0.031215246532405837,0.04813562438071139,0.03573009402658371,0.05896803116387568,0.08664900282074363,0.06850607436962075,0.0090584311797285,0.1070110222849759,0.0787723257639032
3330,1,max_steps,3,0,0,-47.05650324162219,3000,,,0.3206252443366263,0.1,1.417271614074707,14.455795288085938,-13.257139205932617,420.56317138671875,0.0,89.01924600305978,1564,-30.00000000000189,-106.07574924468173,0.0,-0.015685501080540728,"{1: 222, 0: 45, 2: 33}","{0: 10, 1: 6, 2: 15, 3: 255, 4: 14}","{1: 252, 0: 29, 2: 19}","{1: 229, 0: 66, 2: 5}","{1: 272, 0: 18, 2: 10}","{1: 291, 0: 8, 2: 1}",0.02092141582528543,0.016979950665296156,0.029260894887498883,0.029597914457486524,0.07557410852390346,0.06655105151054581,0.09569913372152714,0.09226644524676934,,,,
3340,1,max_steps,3,0,0,46.572582784985244,3000,,,0.3190257203437691,0.1,1.4238678216934204,14.496770858764648,-13.257139205932617,414.59893798828125,0.0,76.57258278498557,1838,-30.00000000000189,0.0,0.0,0.015524194261661748,"{6: 75, 5: 67, 4: 158}","{2: 83, 3: 217}","{1: 259, 2: 32, 0: 9}","{1: 264, 0: 29, 2: 7}","{1: 290, 0: 3, 2: 7}","{1: 293, 2: 2, 0: 5}",0.01874459941489489,0.01101993591800391,0.024651744291615957,0.03409508373108548,0.05565130405622372,0.03227082215925311,0.07476076560853459,0.09076877989459234,,,,
3350,1,max_steps,3,1,0,516.2563482302002,3000,462.0,462.0,0.3174341760002032,0.1,1.4288716316223145,14.530760765075684,-13.257139205932617,422.5937194824219,500.0,53.97755115732148,1103,-29.99000000000189,-7.731202927138532,0.0,0.17208544941006673,"{2: 45, 3: 1, 6: 254}","{5: 12, 4: 12, 3: 212, 2: 58, 1: 6}","{1: 241, 0: 59}","{1: 233, 2: 32, 0: 35}","{1: 261, 0: 39}","{1: 283, 2: 13, 0: 4}",0.017518366782408736,0.014806627086299567,0.020440280323751024,0.02921147963240063,0.09184492176608415,0.06623657408245631,0.10975275222957614,0.0825935882706598,0.0962409166700668,0.016552597812986087,0.12140727688129543,0.07812950720618034
3360,1,max_steps,3,0,0,70.89661619872892,3000,,,0.31585057149733353,0.1,1.4433780908584595,14.650875091552734,-13.257139205932617,436.7500305175781,0.0,100.89661619872903,1617,-30.00000000000189,0.0,0.0,0.023632205399576306,"{0: 179, 1: 99, 2: 22}","{2: 33, 3: 267}","{1: 212, 0: 62, 2: 26}","{1: 272, 0: 27, 2: 1}","{1: 274, 0: 22, 2: 4}","{1: 290, 0: 6, 2: 4}",0.034615857521233945,0.00932629247130591,0.04735115455431299,0.04538167771539942,0.07641350656393775,0.028771172693471365,0.09929321256277004,0.08839411723054466,,,,
3370,1,max_steps,3,0,0,56.633492773124345,3000,,,0.31427486722516085,0.1,1.4479622840881348,14.621180534362793,-13.257139205932617,436.7500305175781,0.0,86.63349277312479,1432,-30.00000000000189,0.0,0.0,0.018877830924374783,"{6: 27, 5: 92, 4: 169, 3: 12}","{2: 133, 3: 167}","{1: 210, 2: 50, 0: 40}","{1: 209, 0: 46, 2: 45}","{1: 274, 2: 26}","{1: 275, 2: 5, 0: 20}",0.029687288054706964,0.021501210360186276,0.039471421720726645,0.04259453667794637,0.07875159046677312,0.03634578337828026,0.09574885585845054,0.09458672659812667,0.038512805419218844,0.046607912107380474,0.04059991844489738,0.059071949369669044
3380,1,max_steps,3,1,0,582.7583711460587,3000,865.0,865.0,0.31270702377129084,0.1,1.4576075077056885,14.67197322845459,-13.257139205932617,436.8187255859375,500.0,112.74837114604956,1912,-29.99000000000189,0.0,0.0,0.19425279038201956,"{2: 84, 3: 2, 5: 177, 4: 37}","{5: 25, 4: 42, 3: 193, 0: 25, 1: 6, 2: 9}","{1: 273, 2: 12, 0: 15}","{1: 164, 2: 74, 0: 62}",{1: 300},{1: 300},0.019588848064841895,0.027886193598324997,0.026503636815527157,0.02817720903123167,0.048272939485188585,0.12595006162902078,0.06471647489234336,0.06839674068705284,0.04827045247878097,0.04346557861174779,0.06259597075182473,0.03225513589432982
3390,1,max_steps,3,0,0,41.4428432011204,3000,,,0.3111470019199485,0.1,1.4602679014205933,14.637707710266113,-15.293360710144043,434.5541076660156,0.0,71.44284320112065,1833,-30.00000000000189,0.0,0.0,0.013814281067040132,"{6: 100, 5: 147, 4: 53}","{1: 10, 2: 77, 3: 213}","{1: 241, 2: 40, 0: 19}","{1: 261, 0: 36, 2: 3}","{1: 279, 2: 21}","{1: 293, 2: 1, 0: 6}",0.007750500942374346,0.01427419189290883,0.013561709171368872,0.02348376100890471,0.07386974151352599,0.03386947786353813,0.09119472923787003,0.08373457540077024,0.00024287782941080416,0.010004450523253657,0.06914853814639776,0.08039169570229511
3400,1,max_steps,3,1,0,597.2602529008632,3000,458.0,458.0,0.30959476265099684,0.1,1.4685049057006836,14.680809020996094,-15.293360710144043,444.6414489746094,500.0,127.25025290085257,1737,-29.99000000000189,0.0,0.0,0.19908675096695438,"{4: 175, 3: 4, 5: 121}","{1: 8, 2: 34, 3: 209, 4: 16, 6: 28, 5: 5}","{1: 246, 0: 38, 2: 16}","{1: 149, 0: 75, 2: 76}","{1: 287, 0: 9, 2: 4}","{1: 289, 2: 3, 0: 8}",0.015518967082507105,0.030119974614075475,0.02174786827674574,0.026022624513456785,0.06679500252690053,0.13068072827277336,0.08246817067309369,0.08693347679317665,0.0375121494358525,0.1314785861384109,0.09028920189428569,0.08281129765670721
3410,1,success,3,3,0,1642.523538846251,2128,709.3333333333334,352.0,0.30805026713896144,0.1,1.4790682792663574,14.75828742980957,-15.293360710144043,444.6414489746094,1500.0,163.85223718675894,1945,-21.250000000000522,-0.07869834050824165,0.0,0.7718625652472985,"{3: 54, 0: 73, 1: 29, 2: 56}","{5: 14, 4: 21, 0: 18, 1: 6, 2: 11, 6: 19, 3: 123}","{1: 158, 0: 54}","{1: 124, 2: 58, 0: 30}","{1: 188, 0: 24}","{1: 207, 2: 4, 0: 1}",0.02354294366751214,0.02436655853151505,0.026658715127896547,0.03424890759328393,0.08886907172048976,0.14285328415721602,0.10236109773083585,0.08931248264252337,0.028933149432924972,0.11652221257840195,0.04323016331499816,0.05582179712916571
3420,1,max_steps,3,2,0,1112.106751608341,3000,1063.0,1063.0,0.3065134767520588,0.1,1.488986611366272,14.801517486572266,-14.671213150024414,458.1155700683594,1000.0,155.12283911949586,2016,-29.980000000001887,-13.036087511155564,0.0,0.37070225053611366,"{1: 105, 2: 104, 3: 3, 6: 88}","{0: 8, 1: 8, 2: 10, 3: 226, 4: 12, 6: 30, 5: 6}","{1: 234, 0: 66}","{1: 214, 0: 33, 2: 53}","{1: 287, 0: 13}","{1: 291, 2: 8, 0: 1}",0.026939039153326502,0.012838119829760023,0.035719680237991526,0.037154613133739925,0.0664980478029859,0.15341447565033553,0.0821560022475218,0.08993799626275631,0.07859614103111591,0.02474280562222786,0.10227651429111254,0.08086947331526895
3430,1,max_steps,3,0,0,57.68002807972024,3000,,,0.3049843530512306,0.1,1.496201992034912,14.85573673248291,-14.671213150024414,460.9127197265625,0.0,87.68002807972087,1655,-30.00000000000189,0.0,0.0,0.01922667602657341,"{6: 77, 5: 223}","{3: 278, 2: 22}","{1: 240, 2: 37, 0: 23}","{1: 291, 0: 6, 2: 3}","{1: 280, 2: 19, 0: 1}","{1: 268, 0: 26, 2: 6}",0.03026306352092454,0.013170695803920609,0.0442883056888938,0.05801505247576917,0.0617066403398344,0.02501286294378941,0.09292868259816887,0.10006756028329124,,,,
3440,1,max_steps,3,2,0,1057.088409435954,3000,1049.0,1049.0,0.30346285778918164,0.1,1.5080870389938354,14.955472946166992,-14.671213150024414,456.7464599609375,1000.0,87.06840943594958,2102,-29.980000000001887,0.0,0.0,0.352362803145318,"{2: 135, 3: 2, 4: 32, 5: 131}","{3: 210, 4: 22, 5: 11, 1: 11, 2: 46}","{1: 252, 0: 10, 2: 38}","{1: 237, 0: 31, 2: 32}","{1: 270, 2: 30}","{1: 287, 0: 12, 2: 1}",0.009061340262359743,0.01887040826236567,0.012631436655597374,0.016824306865803544,0.07918289039168899,0.06184024845486416,0.09620904051591041,0.07180651881115031,0.014535297118233675,0.023545068678089608,0.03680603355179196,0.044659850306096004
3450,1,max_steps,3,2,0,1165.4683905763397,3000,673.5,673.5,0.30194895290942375,0.1,1.5255292654037476,15.094460487365723,-14.671213150024414,456.7464599609375,1000.0,195.44839057633118,2030,-29.980000000001887,0.0,0.0,0.38848946352544655,"{2: 71, 3: 4, 6: 39, 5: 83, 4: 103}","{5: 10, 4: 15, 3: 164, 2: 75, 0: 29, 1: 7}","{1: 186, 0: 49, 2: 65}","{1: 192, 2: 31, 0: 77}","{1: 237, 0: 26, 2: 37}","{1: 272, 0: 23, 2: 5}",0.03608786019306298,0.022988307686470522,0.050876498371566624,0.05080951539746134,0.11833794722804411,0.10796993249480938,0.12549796180178036,0.09963667888019992,0.1513231393943902,0.018161586053920563,0.10312148629540026,0.08932859104089994
3460,1,max_steps,3,0,0,13.957481533184854,3000,,,0.3004426005453235,0.1,1.537105917930603,15.156668663024902,-16.596546173095703,460.3749694824219,0.0,43.957481533184755,1293,-30.00000000000189,0.0,0.0,0.004652493844394951,"{2: 220, 1: 51, 0: 29}","{2: 67, 3: 199, 4: 34}","{1: 253, 2: 27, 0: 20}","{1: 244, 0: 32, 2: 24}","{1: 294, 2: 2, 0: 4}","{1: 293, 0: 5, 2: 2}",0.016805389283003416,0.020373500041719936,0.02291323021295525,0.029957748818962737,0.06563711471992824,0.03558206553360625,0.07841383944715072,0.07950849539046971,,,,
3470,1,max_steps,3,1,0,612.180990342656,3000,291.0,291.0,0.29894376301915515,0.1,1.5491911172866821,15.204983711242676,-16.596546173095703,462.17547607421875,500.0,142.1709903426426,1462,-29.99000000000189,0.0,0.0,0.20406033011421865,"{3: 30, 2: 179, 1: 66, 0: 25}","{0: 14, 1: 8, 2: 53, 5: 18, 6: 2, 4: 19, 3: 186}","{1: 245, 2: 17, 0: 38}","{1: 158, 0: 81, 2: 61}","{1: 286, 2: 3, 0: 11}","{1: 286, 0: 9, 2: 5}",0.027159455429509243,0.028843696243983787,0.031127913276441842,0.03160481738880489,0.07238957351518112,0.11835101161333281,0.08616478219441537,0.08256367810009756,0.03695743786464723,0.1617938193962024,0.04364249240606673,0.0701353673856755
3480,1,max_steps,3,0,0,85.2280122615009,3000,,,0.2974524028411584,0.1,1.5637000799179077,15.280672073364258,-16.596546173095703,471.1759033203125,0.0,115.22801226150074,2033,-30.00000000000189,0.0,0.0,0.028409337420500298,"{6: 248, 5: 33, 4: 19}","{0: 12, 1: 9, 2: 103, 3: 176}","{1: 233, 0: 7, 2: 60}","{1: 256, 0: 44}","{1: 281, 2: 19}","{1: 292, 0: 2, 2: 6}",0.029641176771403002,0.01319237331325519,0.03468035900769366,0.03752035674231234,0.05958992020219165,0.03900342102116686,0.08962767253118986,0.09061781050073484,0.09704217371130514,0.01801157933160594,0.11100442434561504,0.0017443380285162408
3490,1,max_steps,3,1,0,599.9341913722287,3000,1476.0,1476.0,0.29596848270860043,0.1,1.5773851871490479,15.38724136352539,-16.596546173095703,476.7727355957031,500.0,129.92419137222353,1703,-29.99000000000189,0.0,0.0,0.1999780637907429,"{4: 172, 5: 128}","{6: 3, 5: 18, 4: 12, 3: 191, 2: 41, 0: 24, 1: 11}","{1: 245, 0: 23, 2: 32}","{1: 190, 2: 43, 0: 67}","{1: 271, 0: 8, 2: 21}","{1: 288, 0: 9, 2: 3}",0.018150936401911247,0.021569954918476894,0.02531740343771085,0.033020194977666485,0.07765651134661697,0.0932090338351632,0.09573534261837886,0.09285586556200269,0.11809616456598668,0.15680991712152692,0.07257624206742178,0.09756659080249802
3500,1,max_steps,3,1,0,565.7750085231573,3000,2530.0,2530.0,0.29449196550484313,0.1,1.5856612920761108,15.414548873901367,-16.596546173095703,476.7727355957031,500.0,95.76500852315736,1998,-29.99000000000189,0.0,0.0,0.1885916695077191,"{1: 71, 2: 179, 3: 2, 6: 48}","{4: 21, 3: 227, 2: 32, 0: 10, 1: 10}","{1: 245, 2: 13, 0: 42}","{1: 205, 2: 24, 0: 71}","{1: 289, 0: 11}","{1: 292, 0: 6, 2: 2}",0.022764992810054174,0.019407172685994012,0.03140011625456443,0.0348036934974538,0.057504036328456715,0.0571725305938637,0.07707021965310702,0.08189681971212345,0.059955144567756295,0.031473012810565915,0.053066604451662475,0.10061175758181687
3510,1,max_steps,3,1,0,571.5553127256812,3000,1442.0,1442.0,0.2930228142984144,0.1,1.5951038599014282,15.485281944274902,-16.596546173095703,468.66259765625,500.0,123.46279019177867,1658,-29.99000000000189,-21.917477466102234,0.0,0.19051843757522707,"{4: 63, 5: 61, 6: 18, 3: 4, 2: 125, 1: 29}","{0: 10, 1: 8, 2: 57, 3: 218, 4: 7}","{1: 211, 0: 41, 2: 48}","{1: 219, 0: 66, 2: 15}","{1: 278, 2: 18, 0: 4}","{1: 290, 0: 6, 2: 4}",0.030637723554864393,0.019754901163687714,0.041299820955170985,0.04105438183343536,0.07840264494951421,0.09217144904486059,0.09571528631485385,0.09181250374002575,0.1174443721892852,0.0593489355030156,0.08805207787546426,0.08944950025123569
3520,1,max_steps,3,1,0,613.1414796118497,3000,540.0,540.0,0.29156099234208477,0.1,1.6039376258850098,15.533851623535156,-16.596546173095703,467.5491027832031,500.0,143.13147961183859,1811,-29.99000000000189,0.0,0.0,0.2043804932039499,"{2: 44, 3: 22, 6: 125, 5: 64, 4: 45}","{1: 7, 2: 148, 3: 145}","{1: 164, 0: 62, 2: 74}","{1: 253, 0: 42, 2: 5}","{1: 242, 2: 45, 0: 13}","{1: 258, 2: 17, 0: 25}",0.04416824334835921,0.015812968199891322,0.06050020006227689,0.04764439616417904,0.09664208725895235,0.0351350054571088,0.11720185676898762,0.10295224581428698,0.07163205203485949,0.04118296913427631,0.11764961968440099,0.09670140674997232
3530,1,max_steps,3,0,0,30.11373242812796,3000,,,0.29010646307194793,0.1,1.6142243146896362,15.609686851501465,-16.596546173095703,483.52191162109375,0.0,60.11373242812793,1693,-30.00000000000189,0.0,0.0,0.010037910809375987,"{2: 199, 1: 101}","{4: 12, 3: 252, 2: 36}","{1: 277, 2: 13, 0: 10}","{1: 261, 2: 24, 0: 15}",{1: 300},"{1: 292, 2: 6, 0: 2}",0.02075228120737365,0.013677566254976598,0.029468998078681793,0.03782510366353502,0.044060012570399376,0.032175303732956545,0.07107471140747863,0.08940678367399735,,,,
3540,1,crash,3,1,1,466.7795459808416,1881,1208.0,1208.0,0.2886591901065063,0.1,1.6298785209655762,15.73631477355957,-16.596546173095703,481.5115966796875,500.0,112.3737094812578,1369,-18.80000000000014,-46.79416350041774,-80.0,0.24815499520512577,"{0: 71, 1: 17, 2: 31, 3: 1, 5: 7, 6: 61}","{1: 11, 2: 38, 3: 86, 6: 35, 5: 8, 4: 10}","{1: 97, 0: 91}","{1: 93, 0: 28, 2: 67}","{1: 167, 0: 21}","{1: 175, 0: 9, 2: 4}",0.04787146733299316,0.030093348782261824,0.05331760285475792,0.044698078554394546,0.08884155640540309,0.14405021848924712,0.10108247605465333,0.09652493295825504,0.06970777848348098,0.02178472985431095,0.10652804087896674,0.07116692829768577
3550,1,success,3,3,0,1630.9986812627562,2484,828.0,537.0,0.2872191372457612,0.1,1.645054817199707,15.805644035339355,-16.596546173095703,479.9224548339844,1500.0,155.80868126275178,2105,-24.81000000000108,0.0,0.0,0.6566017235357312,"{2: 24, 3: 30, 4: 64, 6: 22, 5: 108}","{2: 72, 6: 7, 5: 8, 4: 21, 3: 106, 0: 25, 1: 9}","{1: 152, 0: 40, 2: 56}","{1: 135, 0: 73, 2: 40}","{1: 212, 0: 25, 2: 11}","{1: 231, 0: 14, 2: 3}",0.036542515325292325,0.02903946139706392,0.04773153234365614,0.043324454475372434,0.09036842676179441,0.1217375835912954,0.11120150823727361,0.09230360544132328,0.09362075927525475,0.14081826019318247,0.13299693188128217,0.06454121462837974
3560,1,max_steps,3,1,0,571.0232164266931,3000,2876.0,2876.0,0.285786268470307,0.1,1.6518123149871826,15.838376998901367,-14.769908905029297,459.6307067871094,500.0,101.0132164266925,1776,-29.99000000000189,0.0,0.0,0.19034107214223103,"{1: 74, 2: 211, 3: 2, 6: 13}","{0: 3, 1: 9, 2: 13, 3: 264, 4: 11}","{1: 223, 0: 68, 2: 9}","{1: 268, 0: 31, 2: 1}","{1: 282, 0: 18}","{1: 292, 0: 7, 2: 1}",0.018084080338041823,0.0150116293640649,0.022977252801660977,0.024046817325459432,0.08286386622466275,0.030309960812636212,0.09739387830441718,0.08697209019172653,0.085727476728577,0.009422081763009037,0.09657037540950283,0.02963183084167292
3570,1,max_steps,3,2,0,1179.331120359144,3000,1162.0,1162.0,0.2843605479404305,0.1,1.666841983795166,15.951148986816406,-14.769908905029297,466.2253112792969,1000.0,209.34391452944135,2521,-29.980000000001887,-0.03279417030157805,0.0,0.393110373453048,"{3: 46, 0: 107, 1: 20, 2: 59, 6: 68}","{6: 4, 5: 13, 4: 9, 0: 34, 1: 5, 2: 45, 3: 190}","{1: 216, 0: 36, 2: 48}","{1: 213, 2: 39, 0: 48}","{1: 270, 0: 8, 2: 22}","{1: 278, 2: 17, 0: 5}",0.02247969489302825,0.020108540605802368,0.03550942352269691,0.03598362776590973,0.09399501654763788,0.15459673151414277,0.09993135774068472,0.09462306663787895,0.040333536128785055,0.12439640987510771,0.04136852163776351,0.08800265987911912
3580,1,max_steps,3,2,0,1120.7560047656211,3000,870.0,870.0,0.28294193999521455,0.1,1.6797547340393066,16.029516220092773,-14.769908905029297,471.6562805175781,1000.0,150.73600476561387,2048,-29.980000000001887,0.0,0.0,0.37358533492187374,"{0: 38, 1: 18, 2: 55, 3: 38, 4: 24, 6: 127}","{1: 9, 2: 114, 3: 122, 6: 35, 5: 10, 4: 10}","{1: 266, 0: 34}","{1: 173, 0: 54, 2: 73}","{1: 280, 0: 20}","{1: 290, 0: 3, 2: 7}",0.009795797468901492,0.02628312788992148,0.014223269753661002,0.018950517463093744,0.06280122142539228,0.12693233473897192,0.06653371917137403,0.06442828298281153,0.04340412623803164,0.14861638087557122,0.055684068623911544,0.045260799536814965
3590,1,max_steps,3,1,0,560.7494755767945,3000,630.0,630.0,0.2815304091516459,0.1,1.6876344680786133,16.079322814941406,-14.769908905029297,472.4993896484375,500.0,90.73947557678433,1759,-29.99000000000189,0.0,0.0,0.18691649185893147,"{3: 23, 4: 186, 6: 41, 5: 50}","{1: 9, 2: 71, 3: 209, 4: 11}","{1: 267, 0: 1, 2: 32}","{1: 228, 0: 40, 2: 32}","{1: 291, 2: 9}","{1: 291, 2: 8, 0: 1}",0.025212915916813988,0.017872491353775423,0.035858130106886967,0.03746324484196384,0.05193029146518548,0.047758094547994484,0.0703222282160633,0.0931591073380661,0.049723293502954194,0.08506552161122335,0.06803549991517671,0.0852760842343966
3600,1,max_steps,3,2,0,1213.2805886476544,3000,778.0,778.0,0.2801259201037275,0.1,1.6960872411727905,16.111656188964844,-14.570695877075195,472.4993896484375,1000.0,247.93273080505088,2321,-29.980000000001887,-4.6721421573989055,0.0,0.4044268628825515,"{5: 57, 6: 48, 4: 40, 3: 10, 0: 80, 1: 15, 2: 50}","{5: 19, 4: 42, 3: 192, 2: 47}","{1: 106, 0: 116, 2: 78}","{1: 214, 2: 71, 0: 15}","{1: 233, 2: 25, 0: 42}","{1: 294, 0: 3, 2: 3}",0.06910797673793193,0.01631434825206976,0.07703080858581743,0.03650867931363949,0.10045515414731346,0.06264196698863313,0.11084929380659135,0.07898666621367198,0.08341554902128656,0.08138399237440876,0.051466504528164723,0.07860733757593587
3610,1,max_steps,3,1,0,512.604211233341,3000,184.0,184.0,0.27872843772159583,0.1,1.7133405208587646,16.203115463256836,-14.570695877075195,466.2091979980469,500.0,42.5942112333266,1421,-29.99000000000189,0.0,0.0,0.17086807041111365,"{3: 18, 5: 3, 6: 279}","{4: 34, 3: 264, 2: 2}","{1: 276, 0: 24}","{1: 254, 2: 39, 0: 7}",{1: 300},{1: 300},0.017898121773309558,0.01118318661474265,0.02405398325828299,0.02664841963701481,0.048942791591509584,0.03973032612070422,0.0607289970955348,0.06044220942721049,0.04105235444948045,0.07133051002076687,0.0686098503258466,0.055254979552029904
3620,1,max_steps,3,1,0,565.2376398523295,3000,260.0,260.0,0.2773379270506418,0.1,1.7285587787628174,16.26163673400879,-14.570695877075195,466.2091979980469,500.0,95.227639852314,1297,-29.99000000000189,0.0,0.0,0.18841254661744317,"{4: 17, 3: 20, 2: 73, 1: 107, 0: 83}","{2: 33, 5: 16, 4: 25, 3: 226}","{1: 182, 2: 64, 0: 54}","{1: 259, 0: 6, 2: 35}","{1: 249, 2: 28, 0: 23}","{1: 293, 0: 5, 2: 2}",0.03788705020177945,0.011979878834121944,0.04706769978814049,0.04369706190030127,0.09927262054992735,0.036368163661622065,0.11710942529867592,0.09045923628889552,0.07722400309982515,0.028198990754562968,0.1212875847247014,0.0843273203444064
3630,1,max_steps,3,2,0,1184.2042759624944,3000,533.5,533.5,0.27595435331063706,0.1,1.7467373609542847,16.35954475402832,-14.570695877075195,466.7704772949219,1000.0,214.18427596249086,2587,-29.980000000001887,0.0,0.0,0.3947347586541648,"{2: 65, 3: 2, 6: 50, 5: 12, 4: 14, 0: 135, 1: 22}","{4: 25, 3: 180, 2: 71, 0: 18, 1: 6}","{1: 182, 2: 45, 0: 73}","{1: 212, 2: 33, 0: 55}","{1: 240, 2: 31, 0: 29}","{1: 283, 2: 4, 0: 13}",0.039003118864717246,0.01909074634303996,0.04067753064111933,0.04789653770244118,0.11509127119063134,0.10322337466506347,0.13113401812689063,0.09723521847242353,0.12720684299822838,0.1141236876053165,0.06701828580940236,0.09425632206125423
3640,2,crash,3,1,1,255.86393703133234,1564,893.0,893.0,0.3966127720391637,0.1,1.7604244947433472,16.40141487121582,-31.998313903808594,459.6408996582031,500.0,94.82276735077244,1129,-15.629999999999711,-23.328830319442332,-300.0,0.16359586766709228,"{0: 47, 1: 19, 2: 20, 3: 3, 6: 67}","{2: 32, 3: 92, 6: 16, 5: 6, 4: 10}","{1: 83, 0: 73}","{1: 95, 0: 15, 2: 46}","{1: 122, 0: 34}","{1: 144, 0: 9, 2: 3}",0.040487355502555715,0.02647855663108116,0.05844552111713949,0.04375077738161855,0.10148784080103165,0.1488903812647498,0.1313473943814944,0.09545718167409012,0.08763078922296738,0.027728057555271607,0.03869707240691754,0.07204473918159017
3650,2,max_steps,3,3,0,1595.1196442190105,3500,1066.6666666666667,951.0,0.39266444438317005,0.1,1.7765192985534668,16.49681854248047,-31.998313903808594,468.81732177734375,1500.0,130.08964421901072,2370,-34.97000000000161,0.0,0.0,0.4557484697768602,"{2: 256, 3: 52, 1: 11, 6: 31}","{4: 21, 3: 229, 2: 52, 0: 27, 1: 12, 5: 9}","{1: 308, 0: 42}","{1: 241, 2: 39, 0: 70}",{1: 350},"{1: 342, 0: 6, 2: 2}",0.0160259579151463,0.018238017222740904,0.023024794149595698,0.028125192375235714,0.05342674664048378,0.1115323840736054,0.06018864895025953,0.07180291542640167,0.040422513252018316,0.02155219569792247,0.04613348268349136,0.0602656749245843
3660,2,max_steps,3,1,0,683.5819609544586,3500,1253.0,1253.0,0.38875542280196285,0.1,1.7832902669906616,16.525127410888672,-33.36490249633789,456.4100341796875,500.0,218.57196095445016,2236,-34.99000000000161,0.0,0.0,0.1953091317012739,"{0: 91, 1: 14, 2: 17, 3: 3, 6: 132, 5: 38, 4: 55}","{5: 13, 4: 18, 3: 253, 2: 41, 0: 19, 1: 6}","{1: 187, 0: 91, 2: 72}","{1: 260, 2: 44, 0: 46}","{1: 291, 0: 24, 2: 35}","{1: 339, 2: 11}",0.04106082397981407,0.016289594448942443,0.05644574951726367,0.036988531110401304,0.10179120468476077,0.12208071242893696,0.10701490374029635,0.08682205156252291,0.10231784473426371,0.013511517041210591,0.0933447088366585,0.07350369100220282
3670,2,max_steps,3,0,0,29.551045857751053,3500,,,0.3848853159988593,0.1,1.7895644903182983,16.53544807434082,-33.36490249633789,443.3608703613281,0.0,64.55104585775088,1426,-35.000000000001606,0.0,0.0,0.008443155959357443,"{0: 299, 1: 51}","{2: 41, 3: 309}","{1: 311, 0: 39}","{1: 330, 0: 16, 2: 4}","{1: 342, 0: 8}","{1: 344, 2: 2, 0: 4}",0.015385886067868792,0.011988420090809953,0.020736684000919766,0.026681628710736798,0.058545830042922145,0.025758669204969744,0.05536692105166734,0.06566218490016064,,,,
3680,2,max_steps,3,0,0,54.87480010193464,3500,,,0.3810537365725816,0.1,1.7988758087158203,16.541610717773438,-33.36490249633789,443.3608703613281,0.0,89.87480010193497,1735,-35.000000000001606,0.0,0.0,0.01567851431483847,"{6: 346, 5: 4}","{2: 36, 3: 306, 4: 8}","{1: 296, 2: 54}","{1: 316, 0: 29, 2: 5}","{1: 323, 2: 27}","{1: 339, 2: 5, 0: 6}",0.02476083761292546,0.011721535542941378,0.03165963615992769,0.03615066384682418,0.0703413147497977,0.029791149382793935,0.08959318699668284,0.09069683730191275,,,,
3690,2,max_steps,3,1,0,584.6824702896963,3500,1582.0,1582.0,0.37726030097847857,0.1,1.8061789274215698,16.5251407623291,-33.36490249633789,450.50079345703125,500.0,119.67247028968826,2190,-34.99000000000161,0.0,0.0,0.16705213436848465,"{2: 56, 1: 100, 3: 2, 4: 23, 5: 84, 6: 85}","{1: 5, 2: 44, 3: 264, 6: 9, 5: 8, 4: 20}","{1: 253, 0: 59, 2: 38}","{1: 274, 0: 38, 2: 38}","{1: 324, 0: 18, 2: 8}","{1: 344, 2: 5, 0: 1}",0.029452730467132607,0.016554213621600266,0.03876862511431266,0.039636013920740565,0.0838172178001154,0.06528965194818392,0.09654872508629302,0.08923773379434073,0.0999628182643735,0.007892433122164146,0.11248439797669652,0.08779912297137522
3700,2,max_steps,3,1,0,456.0846151388107,3500,699.0,699.0,0.37350462949013136,0.1,1.8118513822555542,16.56876564025879,-31.998313903808594,459.482177734375,500.0,89.03397068056957,2162,-34.99000000000161,-97.9593555417651,0.0,0.1303098900396602,"{4: 121, 3: 3, 5: 155, 6: 71}","{3: 232, 2: 70, 6: 20, 5: 14, 4: 14}","{1: 302, 2: 33, 0: 15}","{1: 234, 2: 83, 0: 33}","{1: 327, 2: 10, 0: 13}","{1: 339, 2: 5, 0: 6}",0.0200470993732761,0.020059789041657984,0.03249376032856078,0.03598162777918526,0.06315858637453993,0.06627121587345089,0.08885457016576713,0.08621861987513749,0.04346342078247323,0.02473295327475082,0.056671378083256,0.0841254637911271
3710,2,max_steps,3,0,0,11.762222462922127,3500,,,0.3697863461613434,0.1,1.8213635683059692,16.570171356201172,-31.998313903808594,456.4930419921875,0.0,46.76222246292259,1436,-35.000000000001606,0.0,0.0,0.003360634989406322,"{1: 147, 2: 203}","{4: 7, 3: 287, 2: 56}","{1: 329, 0: 21}","{1: 311, 2: 31, 0: 8}","{1: 346, 0: 4}",{1: 350},0.01593382876803267,0.011860077944126877,0.022369834810188213,0.027543966953956747,0.04272615279489922,0.031225473304227497,0.05495293934211036,0.06383467418524592,,,,
3720,2,max_steps,3,0,0,73.68890070535707,3500,,,0.3661050787885076,0.1,1.8247859477996826,16.571914672851562,-31.998313903808594,456.4930419921875,0.0,108.68890070535737,2142,-35.000000000001606,0.0,0.0,0.02105397163010202,"{5: 141, 4: 63, 6: 146}","{0: 8, 1: 21, 2: 36, 3: 267, 4: 18}","{1: 265, 2: 51, 0: 34}","{1: 243, 0: 79, 2: 28}",{1: 350},"{1: 341, 2: 2, 0: 7}",0.033105325832289714,0.02314772392598554,0.04043197217393403,0.042974016071828755,0.05931172430195764,0.04175487196637697,0.07860894263634699,0.08826768734843812,,,,
3730,2,max_steps,3,1,0,578.492451291292,3500,791.0,791.0,0.3624604588733485,0.1,1.8370084762573242,16.668550491333008,-31.998313903808594,456.4930419921875,500.0,113.48245129128121,2288,-34.99000000000161,0.0,0.0,0.1652835575117977,"{5: 21, 4: 56, 3: 2, 0: 271}","{3: 239, 2: 85, 1: 19, 4: 7}","{1: 272, 2: 62, 0: 16}","{1: 284, 2: 10, 0: 56}","{1: 332, 2: 18}","{1: 345, 2: 3, 0: 2}",0.028961742739866396,0.014949662552909845,0.0353522107558647,0.028469638433009745,0.0727926325445856,0.04115898936939986,0.08212618349818841,0.07110377192809351,0.09289400840480927,0.013477734634887429,0.1122726218334174,0.0637300889210739
3740,2,max_steps,3,0,0,42.35941125661869,3500,,,0.35885212158603474,0.1,1.8437734842300415,16.711732864379883,-31.998313903808594,460.7021484375,0.0,77.35941125661887,2183,-35.000000000001606,0.0,0.0,0.012102688930462483,"{1: 131, 0: 27, 2: 192}","{1: 6, 2: 36, 3: 308}","{1: 305, 2: 18, 0: 27}","{1: 306, 0: 42, 2: 2}","{1: 330, 2: 4, 0: 16}","{1: 339, 0: 10, 2: 1}",0.010819748504232542,0.011381608618359115,0.016646679218302575,0.02679557616617981,0.06195832135034453,0.0325135677622612,0.08380585987203092,0.08884821951474178,,,,
3750,2,max_steps,3,1,0,597.7027794248515,3500,2064.0,2064.0,0.3552797057286598,0.1,1.852403998374939,16.72821807861328,-31.998313903808594,445.97467041015625,500.0,132.692779424848,2030,-34.99000000000161,0.0,0.0,0.17077222269281472,"{3: 27, 2: 208, 1: 74, 0: 41}","{5: 14, 4: 65, 3: 231, 2: 40}","{1: 260, 2: 45, 0: 45}","{1: 257, 2: 57, 0: 36}","{1: 312, 2: 9, 0: 29}","{1: 334, 2: 8, 0: 8}",0.024726365918291773,0.019840022033879134,0.03469466049529861,0.03965123321182257,0.07849168543561288,0.056497917080089076,0.10451802299300407,0.09493088089789188,0.06574118999266192,0.15674392486938596,0.043495364740395906,0.06803493032552112
3760,2,max_steps,3,2,0,1130.5565156891764,3500,697.5,697.5,0.3517428536990856,0.1,1.8589032888412476,16.74715805053711,-31.998313903808594,443.6817932128906,1000.0,187.10886743873914,2491,-34.98000000000161,-21.572351749569183,0.0,0.3230161473397647,"{2: 119, 3: 20, 4: 37, 0: 77, 1: 97}","{6: 9, 5: 7, 4: 36, 3: 219, 2: 41, 0: 31, 1: 7}","{1: 265, 2: 25, 0: 60}","{1: 228, 2: 46, 0: 76}","{1: 332, 0: 18}","{1: 330, 0: 16, 2: 4}",0.024720918932622172,0.023301977669117516,0.03566965976553846,0.05163467331034545,0.062324657161859275,0.14403296080587547,0.08702636099462581,0.0923194618554145,0.0631110891960821,0.03119468446155571,0.05791932019444455,0.08388841072665262
3770,2,crash,3,1,1,269.80038379766717,2023,1724.0,1724.0,0.3482412114551462,0.1,1.873177170753479,16.817298889160156,-35.7083740234375,454.9349060058594,500.0,109.09866230342482,1279,-20.22000000000036,-19.07827850575927,-300.0,0.13336647740863428,"{0: 135, 1: 16, 2: 19, 3: 2, 6: 30}","{0: 11, 1: 8, 2: 16, 3: 151, 4: 16}","{1: 101, 2: 12, 0: 89}","{1: 155, 0: 36, 2: 11}","{1: 174, 0: 28}","{1: 200, 0: 2}",0.050630193009860755,0.01813624362587416,0.05631303240404109,0.024384346461277084,0.09894667769916149,0.10910425536430467,0.10495859723357794,0.0654702395991472,0.09771860930783928,0.012040830125842332,0.09429379359116719,0.011443898682818896
3780,2,max_steps,3,0,0,-0.5336418874694235,3500,,,0.34477442847920775,0.1,1.8843153715133667,16.8282527923584,-35.7083740234375,454.9349060058594,0.0,52.74779955982778,1162,-35.000000000001606,-18.281441447297297,0.0,-0.0001524691107055496,"{5: 54, 6: 296}","{6: 10, 5: 14, 4: 44, 3: 252, 2: 30}","{1: 263, 2: 20, 0: 67}","{1: 252, 2: 78, 0: 20}","{1: 322, 2: 14, 0: 14}","{1: 331, 2: 5, 0: 14}",0.02302299427528522,0.0237855031481898,0.024838547589354693,0.026489178599214448,0.07141681264404254,0.03846666254957689,0.08730366424204457,0.08377045950323482,,,,
3790,2,max_steps,3,2,0,1163.6258069091004,3500,568.0,568.0,0.34134215774308163,0.1,1.8929719924926758,16.88294219970703,-35.7083740234375,462.47906494140625,1000.0,198.60580690909177,2456,-34.98000000000161,0.0,0.0,0.332464516259743,"{3: 25, 2: 67, 0: 2, 1: 19, 6: 119, 5: 98, 4: 20}","{1: 11, 2: 61, 3: 266, 4: 12}","{1: 199, 0: 77, 2: 74}","{1: 295, 0: 41, 2: 14}","{1: 287, 0: 28, 2: 35}","{1: 313, 0: 18, 2: 19}",0.04084334735137835,0.017504387273333796,0.04611215515528004,0.06252817673716103,0.08728313884782726,0.03567919958532395,0.11543437342943981,0.10021633311950319,0.08844740263358157,0.13347470294049046,0.1153339696596738,0.09468858613639888
3800,2,max_steps,3,3,0,1642.662234850546,3500,1091.3333333333333,1058.0,0.3379440556732862,0.1,1.909747838973999,16.936071395874023,-35.7083740234375,471.8924865722656,1500.0,177.63223485053717,2522,-34.97000000000161,0.0,0.0,0.46933206710015596,"{3: 17, 1: 49, 2: 56, 6: 74, 5: 31, 4: 100, 0: 23}","{4: 45, 2: 19, 3: 250, 5: 13, 0: 23}","{1: 240, 0: 39, 2: 71}","{1: 254, 2: 58, 0: 38}","{1: 332, 0: 7, 2: 11}","{1: 335, 2: 5, 0: 10}",0.02549683340910453,0.018335779220054263,0.034095161929824175,0.03122175177480331,0.0839659979632665,0.07255343721120225,0.09498318222155325,0.09003960916138437,0.0837467148502013,0.10106101565859824,0.10087137395562196,0.09654949760177851
3810,2,max_steps,3,0,0,59.94842500422524,3500,,,0.3345797821166552,0.1,1.9161049127578735,16.945093154907227,-35.7083740234375,464.7873840332031,0.0,94.94842500422554,1790,-35.000000000001606,0.0,0.0,0.01712812142977864,"{5: 241, 6: 104, 4: 5}","{0: 13, 1: 11, 2: 43, 3: 283}","{1: 301, 2: 49}","{1: 289, 0: 59, 2: 2}","{1: 322, 2: 28}","{1: 314, 0: 26, 2: 10}",0.02038275778916196,0.016170214023270985,0.028347151354728338,0.038512432778526146,0.06357854517334685,0.03483027585119324,0.09097933933716275,0.10020942672942423,,,,
3820,2,crash,3,1,1,214.45694283835485,1982,327.0,327.0,0.3312490003062875,0.1,1.9287948608398438,17.014141082763672,-35.7083740234375,468.17938232421875,500.0,44.9624168527285,972,-19.810000000000297,-10.695474014382834,-300.0,0.10820229204760588,"{3: 32, 0: 166}","{5: 23, 4: 9, 0: 29, 1: 15, 2: 24, 3: 98}","{1: 152, 2: 46}","{1: 101, 2: 37, 0: 60}","{1: 173, 2: 25}","{1: 193, 0: 5}",0.03337669855843638,0.029494209930363353,0.041395781723217964,0.020456347358444267,0.08506849282290144,0.11207395120436028,0.11077152958615695,0.0717498891568438,0.04390781871126312,0.13105075091536736,0.03672237453042493,0.040172990793492076
3830,2,max_steps,3,2,0,1126.4028795807367,3500,722.0,722.0,0.32795137682783726,0.1,1.9368770122528076,17.042112350463867,-35.7083740234375,471.3818664550781,1000.0,161.38287958072647,2356,-34.98000000000161,0.0,0.0,0.32182939416592476,"{3: 68, 0: 51, 1: 11, 2: 14, 5: 129, 6: 77}","{0: 9, 1: 20, 2: 55, 5: 20, 4: 40, 3: 203, 6: 3}","{1: 251, 0: 70, 2: 29}","{1: 213, 0: 67, 2: 70}","{1: 295, 0: 34, 2: 21}","{1: 327, 0: 13, 2: 10}",0.026994197915484523,0.026479244431407277,0.03712521996610618,0.049996627363169205,0.08500011415244589,0.07887103015758715,0.11498011316538327,0.09607565758834466,0.09711269933103144,0.041841526542880945,0.03426309705153384,0.08034801018311698
3840,2,max_steps,3,0,0,6.109365614856929,3500,,,0.3246865815861381,0.1,1.9432746171951294,17.0908203125,-35.7083740234375,474.2038879394531,0.0,41.10936561485673,1902,-35.000000000001606,0.0,0.0,0.0017455330328162656,{0: 350},"{5: 11, 4: 18, 3: 300, 2: 21}",{1: 350},"{1: 318, 2: 29, 0: 3}",{1: 350},"{1: 346, 0: 2, 2: 2}",0.011378216549751081,0.012624532547373921,0.016083535452600363,0.021995223884358487,0.031131014289416777,0.027933431068853747,0.043256536664434866,0.05231134373945183,,,,
3850,2,max_steps,3,0,0,54.999882878291444,3500,,,0.32145428777216073,0.1,1.958214282989502,17.196638107299805,-35.7083740234375,460.80474853515625,0.0,89.9998828782915,2088,-35.000000000001606,0.0,0.0,0.015714252250940412,"{6: 276, 5: 74}","{5: 12, 4: 9, 3: 263, 2: 66}","{1: 300, 0: 10, 2: 40}","{1: 279, 2: 41, 0: 30}","{1: 337, 2: 13}","{1: 339, 0: 6, 2: 5}",0.02192544910210582,0.01378771357794381,0.03041259576043111,0.03752508701394615,0.05620698934920786,0.039398528322090995,0.06828140534455265,0.08260027315378218,,,,
3860,2,max_steps,3,0,0,60.76646172513704,3500,,,0.3182541718302988,0.1,1.9675508737564087,17.232751846313477,-35.7083740234375,456.2164611816406,0.0,95.76646172513782,1621,-35.000000000001606,0.0,0.0,0.01736184620718201,"{4: 290, 5: 60}","{0: 7, 1: 8, 2: 52, 3: 283}","{1: 257, 0: 50, 2: 43}","{1: 309, 0: 38, 2: 3}","{1: 308, 0: 20, 2: 22}","{1: 305, 2: 26, 0: 19}",0.027655399515445697,0.008007479712053038,0.03783610937096006,0.05196611363672242,0.06985936987794923,0.031097015201402803,0.10444561566673642,0.1019463068495826,,,,
3870,2,max_steps,3,3,0,1663.5171054809537,3500,863.0,471.0,0.3150859134259808,0.1,1.9761213064193726,17.28369903564453,-36.816593170166016,453.9613037109375,1500.0,198.487105480946,2585,-34.97000000000161,0.0,0.0,0.47529060156598674,"{3: 70, 6: 10, 5: 49, 4: 129, 0: 44, 1: 30, 2: 18}","{2: 62, 6: 23, 5: 14, 4: 10, 3: 241}","{1: 255, 2: 51, 0: 44}","{1: 271, 0: 23, 2: 56}","{1: 312, 2: 16, 0: 22}","{1: 334, 0: 9, 2: 7}",0.03080574284921095,0.012838991785076938,0.03931546377171858,0.049752379276368136,0.08513607339526894,0.05850418307184432,0.10205571037538559,0.09652910540274624,0.03501120154248026,0.11354787820338362,0.06021497922010327,0.08678844919954633
3880,2,max_steps,3,1,0,542.5044269695982,3500,2111.0,2111.0,0.31194919541360416,0.1,1.996519684791565,17.416728973388672,-36.816593170166016,462.4586181640625,500.0,120.64459731867755,1745,-34.99000000000161,-43.15017034907989,0.0,0.1550012648484566,"{4: 83, 5: 126, 3: 2, 0: 139}","{2: 59, 3: 253, 0: 13, 1: 10, 4: 15}","{1: 219, 0: 62, 2: 69}","{1: 266, 0: 62, 2: 22}","{1: 290, 2: 38, 0: 22}","{1: 289, 0: 32, 2: 29}",0.037070907124005285,0.017163752468231475,0.05526515891524707,0.04942580460686754,0.09358868620395128,0.05062771433017792,0.11864330317112368,0.1183581426414715,0.12223342200564882,0.020377244437703213,0.12521242588687972,0.08264986140459243
3890,2,max_steps,3,2,0,1085.0530457034736,3500,1091.5,1091.5,0.3088437038047891,0.1,2.010727643966675,17.523361206054688,-36.816593170166016,467.61297607421875,1000.0,120.03304570346472,2487,-34.98000000000161,0.0,0.0,0.3100151559152782,"{3: 48, 4: 163, 5: 139}","{0: 9, 1: 7, 2: 6, 6: 30, 5: 17, 4: 33, 3: 248}","{1: 304, 0: 45, 2: 1}","{1: 249, 0: 28, 2: 73}","{1: 339, 0: 11}","{1: 347, 0: 1, 2: 2}",0.014478158408708978,0.013960525012430815,0.01982335329755948,0.025979073518646152,0.06150760866192672,0.08796030658983772,0.07467434345607692,0.07592275299181732,0.04130068743775446,0.16850967809851142,0.05476890244416051,0.03198184588961413
3900,2,max_steps,3,2,0,1119.4353501592486,3500,843.0,843.0,0.3057691277369474,0.1,2.0271613597869873,17.617942810058594,-36.816593170166016,453.19451904296875,1000.0,154.4153501592383,2220,-34.98000000000161,0.0,0.0,0.319838671474071,"{2: 35, 3: 6, 4: 169, 5: 112, 6: 28}","{3: 304, 1: 5, 2: 14, 4: 27}","{1: 250, 0: 20, 2: 80}","{1: 282, 2: 43, 0: 25}","{1: 316, 0: 7, 2: 27}","{1: 341, 0: 3, 2: 6}",0.03309076910981508,0.015333813753625298,0.04298524312225081,0.047108775065101964,0.08091816689105018,0.03892959178877666,0.09961330018452207,0.08743149436159513,0.04881636759896897,0.029097889957843875,0.08809826181952714,0.09297451039726805
3910,2,max_steps,3,2,0,1152.781980877631,3500,1221.5,1221.5,0.30272515944216527,0.1,2.0356318950653076,17.66733169555664,-41.05833435058594,451.720458984375,1000.0,187.76198087762407,2703,-34.98000000000161,0.0,0.0,0.3293662802507517,"{1: 80, 2: 51, 3: 4, 5: 11, 6: 88, 4: 10, 0: 106}","{6: 20, 5: 24, 4: 19, 3: 211, 2: 29, 0: 39, 1: 8}","{1: 243, 0: 52, 2: 55}","{1: 205, 2: 78, 0: 67}","{1: 291, 0: 18, 2: 41}","{1: 343, 0: 6, 2: 1}",0.023162445071213927,0.023527392154901516,0.02899845716080867,0.02927622431124471,0.12256165481823152,0.13967818932171516,0.12667301607092915,0.0867366547589543,0.04976085365388429,0.030962119820509292,0.09715374532516029,0.07907248056153961
3920,2,max_steps,3,3,0,1768.2216923375006,3500,487.3333333333333,414.0,0.2997114942163954,0.1,2.056835651397705,17.776695251464844,-41.05833435058594,455.41558837890625,1500.0,303.19169233749693,3142,-34.97000000000161,0.0,0.0,0.5052061978107144,"{4: 79, 3: 5, 5: 62, 0: 148, 1: 21, 2: 35}","{6: 11, 5: 6, 4: 46, 3: 207, 0: 25, 1: 16, 2: 39}","{1: 182, 2: 57, 0: 111}","{1: 206, 2: 72, 0: 72}","{1: 289, 2: 25, 0: 36}","{1: 343, 2: 3, 0: 4}",0.04252403872732774,0.025288676845385015,0.05028937025623695,0.03388823954862047,0.09589269084816748,0.15409104204150517,0.10657360809146545,0.08482065824233993,0.09935222256335005,0.11070330219648929,0.09428130323677146,0.060951802594616966
3930,2,max_steps,3,3,0,1721.7045766708427,3500,1016.6666666666666,1134.0,0.29672783038895595,0.1,2.071666717529297,17.88167381286621,-41.474647521972656,478.35516357421875,1500.0,256.6745766708384,2812,-34.97000000000161,0.0,0.0,0.4919155933345265,"{1: 87, 2: 94, 3: 10, 6: 96, 5: 7, 4: 10, 0: 46}","{4: 19, 3: 213, 2: 55, 0: 21, 1: 5, 6: 31, 5: 6}","{1: 257, 0: 29, 2: 64}","{1: 229, 2: 78, 0: 43}","{1: 279, 0: 20, 2: 51}","{1: 320, 0: 20, 2: 10}",0.024195516270503446,0.015925212547627486,0.033501136018942064,0.03815837108366223,0.1560996087721537,0.15200730288549372,0.16197520164993434,0.09630416366041825,0.12598161930986973,0.03723038562640578,0.0992268417013754,0.10273773612119212
3940,2,max_steps,3,2,0,1180.7170081709605,3500,1072.5,1072.5,0.29377386929233235,0.1,2.0929360389709473,17.97765350341797,-38.13520050048828,475.4774169921875,1000.0,244.03696432689668,2844,-34.98000000000161,-28.33995615593888,0.0,0.33734771662027446,"{2: 89, 3: 11, 6: 94, 5: 17, 4: 31, 0: 93, 1: 15}","{5: 1, 4: 44, 3: 252, 2: 53}","{1: 196, 2: 78, 0: 76}","{1: 265, 2: 65, 0: 20}","{1: 285, 2: 32, 0: 33}","{1: 303, 2: 18, 0: 29}",0.03850224589163384,0.01641676062670277,0.043275469656290394,0.04598923048982692,0.09946338702567935,0.06619166412785658,0.11258424898151437,0.10476081789528137,0.041346585781691314,0.07708913819015716,0.04889300413506927,0.07250868008055723
3950,2,max_steps,3,4,0,2218.181041803775,3500,728.5,772.0,0.29084931523228147,0.1,2.108639717102051,18.033042907714844,-39.25023651123047,474.6477355957031,2000.0,253.1410418037882,2784,-34.960000000001614,0.0,0.0,0.6337660119439357,"{1: 56, 2: 66, 3: 69, 5: 117, 4: 42}","{4: 52, 3: 168, 5: 16, 0: 53, 1: 16, 2: 31, 6: 14}","{1: 233, 0: 80, 2: 37}","{1: 197, 2: 75, 0: 78}","{1: 294, 0: 25, 2: 31}","{1: 315, 0: 15, 2: 20}",0.02927823336213797,0.02452520518738039,0.040130978910760035,0.03817804357424968,0.08867548090197792,0.1295365009292542,0.11989618605874959,0.09991628923442221,0.060137113351295374,0.08250699357472369,0.08160788435725483,0.08770715638521108
3960,2,crash,3,2,1,734.9638628307657,2343,872.0,872.0,0.2879538754582314,0.1,2.1209232807159424,18.077228546142578,-39.25023651123047,469.0915832519531,1000.0,118.61577868403303,1075,-23.41000000000086,-60.24191585327147,-300.0,0.31368496066187185,"{4: 86, 5: 85, 3: 8, 2: 15, 1: 36, 0: 4}","{2: 56, 3: 118, 4: 50, 5: 10}","{1: 92, 0: 50, 2: 92}","{1: 151, 0: 19, 2: 64}","{1: 148, 0: 15, 2: 71}","{1: 208, 2: 8, 0: 18}",0.06703586870577975,0.02559176733342105,0.0823960532815772,0.05410959996550382,0.15350844361677224,0.07272845759388817,0.1650127634955656,0.10045393839357294,0.16008688273752034,0.02000012851137179,0.14212807650928264,0.21998845943980852
3970,2,max_steps,3,1,0,566.0592984458993,3500,3295.0,3295.0,0.28508726013397756,0.1,2.136115074157715,18.1435546875,-39.25023651123047,475.17144775390625,500.0,101.04929844589748,2223,-34.99000000000161,0.0,0.0,0.16173122812739982,"{1: 218, 2: 37, 0: 72, 3: 2, 6: 21}","{2: 68, 3: 282}","{1: 255, 2: 25, 0: 70}","{1: 325, 0: 24, 2: 1}","{1: 325, 2: 8, 0: 17}","{1: 337, 0: 12, 2: 1}",0.022933722631508974,0.008919271997901077,0.03165603333892882,0.04233680831046002,0.07556356575722181,0.026343662473851073,0.09108791973540288,0.09026254629420659,0.08073713131864275,0.03317815487810295,0.06674192882024288,0.07199183249475136
3980,2,max_steps,3,2,0,1122.0969577538815,3500,1580.5,1580.5,0.28224918230866913,0.1,2.150319814682007,18.200252532958984,-52.610538482666016,475.91436767578125,1000.0,157.07695775387708,2368,-34.98000000000161,0.0,0.0,0.3205991307868233,"{6: 61, 5: 105, 4: 71, 3: 4, 2: 109}","{1: 10, 2: 16, 3: 292, 6: 13, 5: 8, 4: 11}","{1: 249, 0: 32, 2: 69}","{1: 264, 0: 27, 2: 59}","{1: 332, 0: 7, 2: 11}","{1: 332, 2: 6, 0: 12}",0.030726746892878964,0.016295122993974374,0.04016737128452023,0.0559923280724446,0.06746840730181422,0.09911991987291784,0.09310785789245517,0.09186702719345434,0.0723932236320125,0.02788598862606703,0.08833206183396088,0.0711490064303503
3990,2,max_steps,3,3,0,1610.6055144789113,3500,1157.0,1005.0,0.27943935788808566,0.1,2.1747262477874756,18.288789749145508,-52.610538482666016,462.03094482421875,1500.0,145.5755144789035,2428,-34.97000000000161,0.0,0.0,0.4601730041368318,"{3: 22, 4: 119, 2: 86, 1: 64, 6: 43, 5: 13, 0: 3}","{4: 16, 3: 220, 1: 11, 2: 103}","{1: 256, 2: 56, 0: 38}","{1: 276, 2: 30, 0: 44}","{1: 324, 0: 1, 2: 25}","{1: 341, 2: 3, 0: 6}",0.02671290812148691,0.018049780342809758,0.033440138796808086,0.038298476323625624,0.07557596316225779,0.05053860221968626,0.09642820771523246,0.08958468379719212,0.07262004099816591,0.06489915160541393,0.06562323465073906,0.08440318672507259
4000,2,crash,3,2,1,782.840173167078,1270,535.5,535.5,0.27665750560619873,0.1,2.1864004135131836,18.36417579650879,-52.610538482666016,466.7557067871094,1000.0,113.19390280245536,1023,-12.679999999999774,-17.673729635377676,-300.0,0.6164095851709276,"{4: 21, 3: 11, 0: 39, 1: 16, 2: 20, 5: 14, 6: 6}","{5: 6, 4: 24, 3: 62, 2: 15, 0: 20}","{1: 43, 0: 84}","{1: 75, 2: 32, 0: 20}","{1: 85, 0: 42}","{1: 123, 0: 1, 2: 3}",0.08940117584457015,0.024616483451855426,0.09021630837677182,0.038794041031805206,0.10028181629580131,0.0702985768870762,0.1138513601952242,0.08645055131289393,0.09844779738409198,0.09300543429851421,0.10010509643793868,0.04513227685929811
4010,2,max_steps,3,2,0,1135.5994192359026,3500,1663.0,1663.0,0.2739033469970168,0.1,2.1925089359283447,18.405609130859375,-44.916717529296875,466.7557067871094,1000.0,170.5794192358963,2270,-34.98000000000161,0.0,0.0,0.3244569769245436,"{2: 62, 1: 56, 0: 20, 3: 17, 6: 51, 5: 34, 4: 110}","{4: 42, 3: 265, 2: 25, 0: 18}","{1: 201, 2: 95, 0: 54}","{1: 284, 2: 36, 0: 30}","{1: 311, 0: 13, 2: 26}","{1: 314, 2: 11, 0: 25}",0.040133978849490236,0.020123303137740484,0.044852330789314734,0.03809231657894069,0.08163029002417713,0.03600031453219162,0.10130559505058492,0.10004859379787345,0.08225184244576873,0.028412729930171198,0.10579157164618173,0.07404208090900216
4020,2,max_steps,3,0,0,35.552306370883606,3500,,,0.2711766063667107,0.1,2.205659866333008,18.459415435791016,-41.00654220581055,469.8249816894531,0.0,70.55230637088356,1580,-35.000000000001606,0.0,0.0,0.010157801820252459,"{4: 290, 5: 60}","{2: 87, 3: 259, 4: 4}","{1: 304, 2: 34, 0: 12}","{1: 299, 0: 38, 2: 13}","{1: 332, 2: 14, 0: 4}","{1: 331, 2: 2, 0: 17}",0.023146512802490332,0.017894271454119703,0.03080148606254704,0.032519284848572645,0.05589987166543723,0.03161364664481333,0.08097895592223872,0.08723909308528394,,,,
4030,2,max_steps,3,0,0,106.28740289767079,3500,,,0.26847701076601616,0.1,2.2161900997161865,18.497182846069336,-41.00654220581055,465.516845703125,0.0,141.2874028976713,1948,-35.000000000001606,0.0,0.0,0.030367829399334512,"{6: 33, 5: 88, 4: 229}","{3: 255, 2: 95}","{1: 210, 2: 91, 0: 49}","{1: 330, 2: 9, 0: 11}","{1: 289, 2: 48, 0: 13}","{1: 292, 0: 36, 2: 22}",0.04136045646689679,0.014295442114653216,0.054617134718346484,0.0719593798700216,0.08083466265704811,0.028111122499357672,0.11223921897796667,0.10994378124368355,,,,
4040,2,max_steps,3,1,0,591.3904797488879,3500,2935.0,2935.0,0.2658042899629118,0.1,2.228088855743408,18.524272918701172,-41.00654220581055,478.7201843261719,500.0,126.38047974888636,1883,-34.99000000000161,0.0,0.0,0.16896870849968224,"{2: 255, 1: 52, 0: 18, 3: 25}","{3: 280, 2: 47, 1: 23}","{1: 240, 2: 40, 0: 70}","{1: 281, 2: 23, 0: 46}","{1: 323, 2: 12, 0: 15}","{1: 329, 2: 6, 0: 15}",0.028196533500893364,0.018266192446870153,0.041956080881762316,0.04177402540917126,0.07961573464712043,0.041042705649121575,0.09673618878507878,0.09640172704334625,0.05774820590173035,0.08349057606623672,0.08159044735571741,0.056657786162635615
4050,2,max_steps,3,1,0,576.9746210437787,3500,839.0,839.0,0.26315817641556816,0.1,2.237504005432129,18.596195220947266,-41.00654220581055,464.2896728515625,500.0,122.40517785291918,1785,-34.99000000000161,-10.44055680915285,0.0,0.16484989172679393,"{5: 149, 4: 188, 3: 1, 6: 12}","{6: 9, 5: 11, 4: 21, 3: 304, 2: 5}","{1: 235, 2: 68, 0: 47}","{1: 276, 2: 54, 0: 20}","{1: 313, 2: 30, 0: 7}","{1: 317, 2: 17, 0: 16}",0.03052771048565059,0.017527386927020674,0.03767513105502711,0.047114837502606276,0.0743638775762238,0.04810244640509319,0.10045637559482838,0.09936061961271839,0.07743038486533939,0.014729165837299326,0.05614618802825478,0.04962584688846719
4060,2,max_steps,3,1,0,568.9254510282103,3500,3471.0,3471.0,0.26053840524556693,0.1,2.2559070587158203,18.704404830932617,-41.00654220581055,464.56646728515625,500.0,103.9154510282103,2179,-34.99000000000161,0.0,0.0,0.16255012886520295,"{0: 138, 1: 107, 2: 100, 3: 2, 6: 3}","{2: 109, 3: 241}","{1: 301, 0: 49}","{1: 335, 0: 14, 2: 1}","{1: 333, 0: 17}","{1: 341, 0: 6, 2: 3}",0.017086431967209197,0.014206519850804455,0.024111799796573262,0.03405008547985419,0.05847614273110495,0.026686292650126453,0.07435110967612288,0.08908707418570685,0.04356632024444054,0.02211247962202494,0.06163955309287117,0.030056232172353342
4070,2,max_steps,3,0,0,17.127107651164483,3500,,,0.2579447142113861,0.1,2.2719154357910156,18.810972213745117,-41.00654220581055,455.8546142578125,0.0,52.127107651164785,2161,-35.000000000001606,0.0,0.0,0.004893459328904138,"{0: 344, 1: 6}","{4: 6, 3: 300, 2: 44}","{1: 343, 0: 7}","{1: 346, 2: 4}",{1: 350},"{1: 349, 0: 1}",0.009299764627821413,0.009319463606141325,0.014757984449270779,0.022804468947011904,0.03046367979805036,0.022882784733830746,0.04346584460572815,0.05297489066511919,,,,
4080,2,max_steps,3,1,0,651.4755087319807,3500,536.0,536.0,0.25537684368214947,0.1,2.290517568588257,18.90441131591797,-41.00654220581055,465.6042785644531,500.0,186.46550873196838,2334,-34.99000000000161,0.0,0.0,0.18613585963770876,"{2: 42, 3: 11, 6: 78, 5: 63, 4: 156}","{0: 9, 1: 7, 2: 50, 3: 284}","{1: 186, 0: 76, 2: 88}","{1: 319, 0: 31}","{1: 287, 0: 22, 2: 41}","{1: 319, 2: 13, 0: 18}",0.04716812173576844,0.01433551000964461,0.062055652773449294,0.06391215471842299,0.0856126998960311,0.029310149187133275,0.10551266027691775,0.09966719050667913,0.07876783582935212,0.02304174437288536,0.07959173769097594,0.09422826893521993
4090,2,max_steps,3,1,0,565.4437958266615,3500,2418.0,2418.0,0.25283453661163724,0.1,2.3030600547790527,18.94553565979004,-41.00654220581055,465.6042785644531,500.0,100.43379582665823,2530,-34.99000000000161,0.0,0.0,0.161555370236189,"{1: 50, 2: 165, 3: 26, 6: 109}","{4: 26, 3: 214, 2: 94, 0: 5, 1: 11}","{1: 332, 0: 18}","{1: 244, 2: 56, 0: 50}",{1: 350},"{1: 343, 2: 5, 0: 2}",0.01569635812848321,0.024704513559402827,0.022407215887347155,0.035027673788778246,0.0457028035560426,0.038401061820433104,0.06268237427563043,0.08275090485914859,0.037048549871359034,0.033503917577956524,0.04155070135241219,0.060757737306683275
4100,2,max_steps,3,1,0,594.2150510561822,3500,725.0,725.0,0.2503175385125556,0.1,2.3160829544067383,18.961341857910156,-41.00654220581055,459.87615966796875,500.0,129.20505105617175,2223,-34.99000000000161,0.0,0.0,0.16977572887319492,"{2: 226, 3: 3, 0: 40, 1: 81}","{0: 10, 1: 7, 2: 23, 3: 310}","{1: 231, 0: 62, 2: 57}","{1: 317, 0: 31, 2: 2}","{1: 292, 0: 26, 2: 32}","{1: 324, 0: 24, 2: 2}",0.02646165313927424,0.013011316130638974,0.03191137236383577,0.05358792909776659,0.08735205468097083,0.028883903174240864,0.11401137623923531,0.09698144035734585,0.043661643942561,0.02266473780984328,0.07973057317133786,0.09744783626284952
4110,2,max_steps,3,0,0,49.26429567445747,3500,,,0.24782559743106214,0.1,2.3282387256622314,19.009658813476562,-41.00654220581055,465.35223388671875,0.0,84.2642956744582,1695,-35.000000000001606,0.0,0.0,0.014075513049844992,"{5: 273, 6: 44, 4: 33}","{4: 4, 3: 337, 2: 9}","{1: 299, 0: 15, 2: 36}","{1: 328, 2: 12, 0: 10}","{1: 325, 2: 22, 0: 3}","{1: 326, 2: 5, 0: 19}",0.027826775201959537,0.012242266270177573,0.03754794145376894,0.03969532296409288,0.06434773599831975,0.027625238876433183,0.09059322803524225,0.09592916280891202,,,,
4120,2,max_steps,3,2,0,1227.5779946057999,3500,1581.5,1581.5,0.24535846392154523,0.1,2.3361198902130127,19.03769302368164,-41.00654220581055,468.7763671875,1000.0,265.4197063230685,2732,-34.98000000000161,-2.8617117172700546,0.0,0.3507365698873714,"{6: 88, 5: 38, 4: 13, 3: 3, 0: 135, 1: 27, 2: 46}","{1: 12, 2: 101, 3: 203, 6: 24, 5: 9, 4: 1}","{1: 178, 2: 44, 0: 128}","{1: 264, 0: 54, 2: 32}","{1: 270, 2: 32, 0: 48}","{1: 317, 0: 32, 2: 1}",0.04940305082593492,0.015301938976731736,0.048320636715754414,0.050719947657685144,0.10221718074022482,0.05907746070781196,0.11736332229771616,0.09823082727224092,0.1091331724588838,0.02633780859236179,0.04151987020537633,0.10668409838817078
4130,2,max_steps,3,2,0,1134.9297663225952,3500,1618.5,1618.5,0.24291589102165406,0.1,2.3455536365509033,19.08737564086914,-41.00654220581055,471.22320556640625,1000.0,169.90976632259157,2780,-34.98000000000161,0.0,0.0,0.3242656475207415,"{0: 43, 1: 18, 2: 102, 3: 4, 6: 55, 5: 39, 4: 89}","{3: 241, 2: 109}","{1: 238, 0: 31, 2: 81}","{1: 329, 0: 12, 2: 9}","{1: 310, 0: 11, 2: 29}","{1: 310, 0: 34, 2: 6}",0.03177433838365126,0.009601069892798419,0.034656716782393404,0.042126218245836185,0.08363500668430154,0.026216850084490696,0.1043469243282392,0.10124247523446515,0.05507404558809296,0.016359497959159974,0.09804447217184717,0.09284980339603491
4140,2,max_steps,3,1,0,650.4657124848807,3500,1312.0,1312.0,0.2404976342275777,0.1,2.3491621017456055,19.11859130859375,-41.00654220581055,471.22320556640625,500.0,185.4557124848712,2460,-34.99000000000161,0.0,0.0,0.18584734642425163,"{0: 69, 1: 19, 2: 41, 3: 2, 4: 70, 5: 149}","{0: 8, 1: 7, 2: 56, 3: 229, 6: 30, 5: 9, 4: 11}","{1: 224, 0: 82, 2: 44}","{1: 250, 0: 36, 2: 64}","{1: 310, 0: 29, 2: 11}","{1: 330, 2: 7, 0: 13}",0.030695144823778442,0.015782419248511575,0.03643143519317726,0.0476781635538735,0.08341305590857136,0.10262819799116443,0.10143369958084196,0.09678621398290456,0.09036169737542231,0.007576023517777387,0.0893717837345966,0.03469991109429469
4150,2,crash,3,2,1,787.425606563815,2270,767.5,767.5,0.23810345146957,0.1,2.3755979537963867,19.256227493286133,-41.00654220581055,475.443359375,1000.0,137.67283742749365,1733,-22.680000000000746,-27.56723086368336,-300.0,0.34688352712062337,"{0: 23, 1: 18, 2: 34, 3: 17, 4: 96, 5: 36, 6: 3}","{4: 28, 3: 120, 2: 19, 0: 19, 1: 8, 6: 24, 5: 9}","{1: 129, 0: 85, 2: 13}","{1: 120, 2: 67, 0: 40}","{1: 185, 0: 36, 2: 6}","{1: 194, 0: 23, 2: 10}",0.041374573717604515,0.027614157075300502,0.04685789580911048,0.05191810682695395,0.08837592665536696,0.1446541496881622,0.1154282050174649,0.1029965450285499,0.10010830100387097,0.018613150038708323,0.13341841941272087,0.10379220372762184
4160,2,max_steps,3,2,0,1181.0907758133983,3500,1584.5,1584.5,0.23573310308771797,0.1,2.388974905014038,19.28173828125,-41.00654220581055,475.1744079589844,1000.0,216.07077581339527,2972,-34.98000000000161,0.0,0.0,0.3374545073752567,"{5: 111, 4: 71, 3: 3, 0: 86, 1: 46, 2: 33}","{0: 7, 1: 7, 2: 88, 3: 228, 5: 11, 4: 9}","{1: 207, 2: 46, 0: 97}","{1: 265, 0: 50, 2: 35}","{1: 301, 2: 12, 0: 37}","{1: 307, 0: 28, 2: 15}",0.04052451547356638,0.01669277579133003,0.04032107422313096,0.06632550117352162,0.08389486213058878,0.09611951418013367,0.1073634520223469,0.10088629562733371,0.08395354325197799,0.02343021002497912,0.09241698400174675,0.09868929768986998
4170,2,max_steps,3,0,0,49.32177389146399,3500,,,0.23338635180795195,0.1,2.400542736053467,19.293716430664062,-41.00654220581055,466.94219970703125,0.0,84.32177389146437,1987,-35.000000000001606,0.0,0.0,0.01409193539756114,"{5: 48, 4: 272, 3: 30}","{1: 8, 2: 239, 3: 103}","{1: 306, 2: 44}","{1: 321, 0: 25, 2: 4}","{1: 328, 2: 22}","{1: 328, 2: 13, 0: 9}",0.01184011692036667,0.01080638785952543,0.020105224011779867,0.02884135006436512,0.0629550586838019,0.028537890685301492,0.07883677138409119,0.09485949453347299,0.03747091327712754,0.023737617189578904,0.054368747514547996,0.0882196630133858
4180,2,max_steps,3,2,0,1153.4262648467525,3500,1101.0,1101.0,0.23106296271829396,0.1,2.4128925800323486,19.285110473632812,-41.00654220581055,471.86480712890625,1000.0,188.40626484674152,2186,-34.98000000000161,0.0,0.0,0.32955036138478644,"{5: 79, 4: 126, 3: 15, 0: 130}","{5: 1, 4: 13, 3: 224, 2: 91, 0: 14, 1: 7}","{1: 220, 2: 68, 0: 62}","{1: 291, 2: 20, 0: 39}","{1: 283, 2: 46, 0: 21}","{1: 330, 2: 3, 0: 17}",0.032616851410865635,0.014720576293994035,0.03921011896382759,0.048122097706878655,0.10592811807468802,0.06270636419919891,0.12172747576792153,0.09586148197326382,0.13424592148936626,0.051108731196421515,0.09278598469299679,0.1281570941119045
4190,2,max_steps,3,2,0,1106.9060336051402,3500,1474.5,1474.5,0.22876270324534287,0.1,2.4189364910125732,19.28122329711914,-41.00654220581055,463.89300537109375,1000.0,143.9689972365441,2367,-34.98000000000161,-2.0829636314070026,0.0,0.3162588667443258,"{2: 223, 3: 5, 0: 52, 1: 14, 6: 56}","{2: 57, 3: 209, 4: 48, 1: 5, 6: 25, 5: 6}","{1: 291, 0: 59}","{1: 236, 2: 66, 0: 48}","{1: 324, 0: 26}","{1: 336, 2: 10, 0: 4}",0.011283509256240732,0.02369603141981476,0.014899651004001119,0.019701510282684943,0.07062612075557557,0.1353905609322683,0.08695281570173904,0.09322546628098641,0.03080973710052697,0.04002983948065211,0.0309167943202433,0.04710915422269188
4200,2,max_steps,3,1,0,563.4403332208982,3500,503.0,503.0,0.22648534313099367,0.1,2.4315669536590576,19.367616653442383,-41.00654220581055,463.74395751953125,500.0,98.4303332208836,1988,-34.99000000000161,0.0,0.0,0.16098295234882806,"{2: 329, 3: 3, 1: 18}","{2: 169, 4: 17, 3: 152, 1: 12}","{1: 301, 0: 49}","{1: 296, 0: 32, 2: 22}","{1: 340, 0: 10}",{1: 350},0.016935943945557926,0.021976000632679064,0.022704849673593236,0.02813225260469167,0.06283996336712144,0.033239250967881905,0.06574350327186287,0.06141584501311463,0.07192459567480287,0.02738477803076975,0.10000284080280095,0.06258967991996173
4210,2,crash,3,2,1,782.2402092609467,1814,799.0,799.0,0.22423065440938833,0.1,2.446277141571045,19.46094512939453,-41.00654220581055,462.82672119140625,1000.0,107.96045362912562,1512,-18.120000000000033,-7.600244368177795,-300.0,0.43122393013282617,"{4: 138, 5: 18, 3: 3, 2: 6, 1: 11, 0: 5}","{0: 19, 1: 8, 2: 19, 3: 101, 4: 12, 6: 21, 5: 1}","{1: 112, 2: 69}","{1: 109, 0: 42, 2: 30}","{1: 130, 2: 51}","{1: 161, 2: 6, 0: 14}",0.034401039631348135,0.025235262793457756,0.042919807285143524,0.0723661777595204,0.12884251168471522,0.12415847619744694,0.15789500127115635,0.1006961846339628,0.07214946657586525,0.026492603891452176,0.13405997708817805,0.08988728103804852
4220,2,max_steps,3,1,0,565.6620295127055,3500,437.0,437.0,0.22199841138409634,0.1,2.4625561237335205,19.54289436340332,-41.217681884765625,471.1671142578125,500.0,100.65202951269262,1994,-34.99000000000161,0.0,0.0,0.16161772271791586,"{2: 40, 3: 3, 4: 114, 5: 181, 6: 12}","{2: 86, 3: 225, 6: 12, 5: 14, 4: 13}","{1: 250, 0: 45, 2: 55}","{1: 302, 2: 46, 0: 2}","{1: 319, 0: 18, 2: 13}","{1: 331, 0: 14, 2: 5}",0.027120674042470073,0.013258488239090364,0.03204530994119835,0.04570474596221136,0.0753606462309532,0.04592713348086448,0.09762891321750744,0.09645550012818827,0.03438662126021711,0.026331142200160355,0.09049763680121027,0.09641637342915133
4230,2,crash,3,2,1,777.3073969320865,1013,441.0,441.0,0.21978839060552208,0.1,2.4792988300323486,19.620471954345703,-41.217681884765625,473.2626037597656,1000.0,98.31808227345373,783,-10.109999999999829,-10.900685341367787,-300.0,0.7673320798934713,"{3: 35, 6: 36, 5: 7, 4: 10, 1: 3, 0: 10}","{2: 34, 4: 12, 3: 55}","{1: 52, 2: 49}","{1: 71, 0: 20, 2: 10}","{1: 56, 2: 45}","{1: 87, 2: 5, 0: 9}",0.039272255724022605,0.025345668498811296,0.07388876422723556,0.051116189227856,0.20128915356078186,0.03889814390892706,0.2198494643643219,0.10039434529393074,0.10662893390518578,0.03584500669660191,0.09629420919309468,0.020575703603202947
4240,2,max_steps,3,2,0,1166.410011735742,3500,1658.5,1658.5,0.21760037084853745,0.1,2.4969749450683594,19.709657669067383,-41.217681884765625,472.2599182128906,1000.0,201.39001173573573,2396,-34.98000000000161,0.0,0.0,0.33326000335306916,"{5: 111, 6: 13, 4: 13, 3: 2, 0: 88, 1: 31, 2: 92}","{0: 27, 1: 10, 2: 27, 3: 232, 6: 25, 5: 6, 4: 23}","{1: 212, 2: 59, 0: 79}","{1: 238, 0: 52, 2: 60}","{1: 290, 2: 32, 0: 28}","{1: 317, 2: 14, 0: 19}",0.030892497547144765,0.019031060684438633,0.03669135095173706,0.04458130570114195,0.10389518534637895,0.1297771227512414,0.12491900236711165,0.09953105426546194,0.14123987501222998,0.027148798991950086,0.10973077202848065,0.10406700304886093
4250,2,crash,3,2,1,829.6836863490081,2509,1146.5,1146.5,0.21543413309033702,0.1,2.5073273181915283,19.735755920410156,-41.217681884765625,466.1107177734375,1000.0,168.19284869623417,1959,-25.07000000000112,-13.43916234723117,-300.0,0.3306830156831439,"{4: 42, 3: 4, 0: 114, 1: 55, 2: 14, 5: 12, 6: 9}","{5: 19, 4: 47, 0: 29, 1: 6, 2: 23, 3: 126}","{1: 141, 2: 22, 0: 87}","{1: 151, 2: 52, 0: 47}","{1: 194, 2: 7, 0: 49}","{1: 238, 0: 9, 2: 3}",0.03876283627983659,0.022153375786907847,0.051640935007321906,0.04870752737798155,0.11886909276157187,0.11198626530330055,0.11530060134725223,0.09381304253943888,0.14061124212758164,0.07057704806583383,0.11018693054566063,0.06963189136525123
4260,2,max_steps,3,2,0,1126.0556893135888,3500,790.5,790.5,0.2132894604885137,0.1,2.515181541442871,19.73461151123047,-41.217681884765625,470.2583923339844,1000.0,161.03568931358095,2443,-34.98000000000161,0.0,0.0,0.32173019694673965,"{2: 152, 3: 6, 4: 140, 5: 52}","{0: 6, 1: 18, 2: 67, 3: 166, 4: 65, 6: 17, 5: 11}","{1: 254, 0: 55, 2: 41}","{1: 233, 0: 49, 2: 68}","{1: 330, 0: 11, 2: 9}","{1: 334, 2: 6, 0: 10}",0.029919788087607268,0.024952507362005265,0.03881530521278629,0.03745161271402874,0.07220576778106583,0.07641250980245755,0.09095987465058325,0.09167101625955476,0.07634206422950114,0.02990654729192959,0.09751090787153588,0.09313310334912667
4270,2,max_steps,3,1,0,577.4219259373705,3500,1798.0,1798.0,0.21116613835935236,0.1,2.5272862911224365,19.783864974975586,-41.217681884765625,479.02484130859375,500.0,155.4228385756175,2393,-34.99000000000161,-43.01091263825028,0.0,0.164977693124963,"{1: 83, 2: 96, 6: 162, 5: 9}","{1: 10, 2: 90, 3: 239, 4: 11}","{1: 241, 0: 50, 2: 59}","{1: 283, 0: 53, 2: 14}","{1: 290, 0: 17, 2: 43}","{1: 317, 2: 10, 0: 23}",0.01964017996650343,0.016049046317730804,0.0283034786775476,0.03562989483707492,0.08676057241712191,0.0347646973927306,0.10935356648229579,0.09765844234316955,0.08568882833248312,0.015548199829978649,0.0711490138121405,0.0962011021620683
4280,2,max_steps,3,3,0,1665.1962040629285,3500,1014.0,423.0,0.20906395415634008,0.1,2.5549581050872803,19.936519622802734,-41.217681884765625,496.581787109375,1500.0,200.1662040629166,2259,-34.97000000000161,0.0,0.0,0.4757703440179796,"{4: 86, 3: 27, 0: 52, 1: 76, 2: 109}","{2: 53, 3: 273, 6: 8, 5: 10, 4: 6}","{1: 231, 2: 38, 0: 81}","{1: 297, 0: 24, 2: 29}","{1: 301, 2: 12, 0: 37}","{1: 323, 0: 12, 2: 15}",0.036064344093835965,0.01250652929363709,0.04191176401319291,0.05077075961501719,0.08988015214327598,0.05184983030582399,0.11667751722837733,0.09684090301058697,0.13542266934848554,0.14535730434790767,0.1201346798866786,0.10159447639741348
4290,2,crash,3,1,1,264.59761971541553,658,485.0,485.0,0.20698269744889003,0.1,2.565398931503296,19.98819923400879,-41.217681884765625,494.15728759765625,500.0,79.69538014157182,606,-6.569999999999904,-8.527760426156332,-300.0,0.4021240421206923,"{0: 24, 1: 13, 2: 15, 3: 11, 4: 2}","{2: 14, 3: 41, 1: 10}","{1: 23, 0: 42}","{1: 43, 0: 22}","{1: 22, 0: 43}","{1: 46, 0: 8, 2: 11}",0.12799118584141259,0.014169054016997189,0.16593189158450122,0.06852471038463316,0.22222622766080513,0.08269593945558273,0.25566934424037263,0.12977839801622829,0.2200850465571389,0.004995711223761045,0.27076260215429654,0.042547548057964575
4300,2,max_steps,3,2,0,1202.6566320784982,3500,1563.0,1563.0,0.20492215990127688,0.1,2.5957751274108887,20.197734832763672,-41.217681884765625,488.1442565917969,1000.0,237.63663207849314,1848,-34.98000000000161,0.0,0.0,0.3436161805938566,"{6: 191, 5: 9, 4: 9, 3: 1, 0: 87, 1: 42, 2: 11}","{5: 10, 4: 31, 3: 254, 2: 33, 0: 16, 1: 6}","{1: 190, 0: 90, 2: 70}","{1: 252, 2: 53, 0: 45}","{1: 240, 0: 58, 2: 52}","{1: 295, 0: 32, 2: 23}",0.04387322037443056,0.014685355697137342,0.054073570764710116,0.04689727767701368,0.1856745485721538,0.12884075638897652,0.2047537460485324,0.12339688472678483,0.2010218731738591,0.018788850336727038,0.22478360459275457,0.17672878806102446
4310,2,max_steps,3,2,0,1159.073295429407,3500,1612.0,1612.0,0.20288213525178256,0.1,2.609851360321045,20.298173904418945,-41.3924560546875,487.7884521484375,1000.0,194.05329542939916,2704,-34.98000000000161,0.0,0.0,0.3311637986941163,"{1: 23, 2: 17, 3: 3, 6: 176, 5: 61, 4: 42, 0: 28}","{4: 12, 3: 277, 2: 33, 0: 24, 1: 4}","{1: 205, 0: 56, 2: 89}","{1: 312, 2: 8, 0: 30}","{1: 296, 0: 26, 2: 28}","{1: 331, 0: 12, 2: 7}",0.0384220768589818,0.015403441083830556,0.04758159288444076,0.03666429919804863,0.09946048204963276,0.031969754003487075,0.11647188556755182,0.09314384029667871,0.14897397319348396,0.011060830885850534,0.15712104444349062,0.0990353150224609
4320,2,max_steps,3,2,0,1179.1955335821383,3500,1421.0,1421.0,0.20086241929204898,0.1,2.6246821880340576,20.42131805419922,-41.3924560546875,481.8445129394531,1000.0,214.17553358213524,2950,-34.98000000000161,0.0,0.0,0.3369130095948967,"{6: 109, 5: 38, 4: 39, 3: 5, 0: 104, 1: 19, 2: 36}","{5: 18, 4: 33, 3: 233, 2: 25, 0: 35, 1: 6}","{1: 206, 2: 81, 0: 63}","{1: 249, 2: 54, 0: 47}","{1: 300, 2: 28, 0: 22}","{1: 342, 2: 2, 0: 6}",0.04127590888053027,0.022579335034406053,0.042310069351597854,0.03932603307195692,0.08619862009674306,0.15209803043718292,0.11058803858859102,0.09298254559640919,0.09922283596532781,0.02679586530835043,0.10952132569869887,0.09913838574453333
4330,2,crash,3,1,1,346.9210623587567,3493,2809.0,2809.0,0.19886280984663685,0.1,2.635469436645508,20.489450454711914,-41.3924560546875,481.8445129394531,500.0,202.38347447587026,2541,-34.92000000000162,-20.542412117113997,-300.0,0.09931894141390116,"{0: 98, 1: 91, 2: 88, 3: 17, 4: 55}","{5: 15, 4: 10, 3: 200, 2: 92, 0: 27, 1: 5}","{1: 258, 0: 76, 2: 15}","{1: 254, 2: 36, 0: 59}","{1: 321, 0: 28}","{1: 338, 0: 7, 2: 4}",0.0279531407847527,0.017820982705041677,0.03320363884629669,0.03596911734689365,0.06979806297884515,0.13375985972947607,0.09335979195696008,0.08875569919005433,0.0440993032157528,0.05101450567564095,0.057964811286975094,0.06232631447043612
4340,2,crash,3,3,1,1393.5123625792912,2738,843.6666666666666,1061.0,0.19688310675278753,0.1,2.6454856395721436,20.545642852783203,-41.3924560546875,481.8445129394531,1500.0,259.1705674003088,2097,-27.350000000001476,-38.308204821018215,-300.0,0.5089526525125242,"{1: 53, 2: 87, 3: 3, 6: 112, 5: 8, 4: 10}","{5: 4, 4: 12, 3: 202, 2: 35, 0: 13, 1: 7}","{1: 92, 0: 60, 2: 121}","{1: 210, 2: 21, 0: 42}","{1: 151, 0: 40, 2: 82}","{1: 244, 0: 15, 2: 14}",0.08734267442602343,0.01732147855088992,0.0944232165520594,0.05113477509549173,0.15312803841287903,0.08545892618150952,0.17613691395546935,0.10026502375582894,0.19751791086172493,0.028253179640913402,0.17627698440892933,0.09998527992375177
4350,2,max_steps,3,0,0,58.0998003299156,3500,,,0.19492311184038658,0.1,2.6720082759857178,20.67455291748047,-41.3924560546875,474.1178283691406,0.0,93.09980032991598,1833,-35.000000000001606,0.0,0.0,0.016599942951404458,"{4: 110, 5: 194, 6: 46}","{4: 25, 3: 297, 2: 28}","{1: 238, 0: 58, 2: 54}","{1: 300, 2: 43, 0: 7}","{1: 332, 0: 3, 2: 15}","{1: 331, 0: 6, 2: 13}",0.03139751774861062,0.014443782494059618,0.042269101032624753,0.03980564878115542,0.06575028047590159,0.03239068503949278,0.08832382381856152,0.0931496288230423,,,,
4360,2,max_steps,3,1,0,585.6703107447133,3500,1699.0,1699.0,0.1929826289121269,0.1,2.675879955291748,20.692068099975586,-41.3924560546875,474.1178283691406,500.0,180.0013539410703,2650,-34.99000000000161,-59.34104319636045,0.0,0.16733437449848954,"{2: 130, 1: 38, 3: 1, 5: 74, 6: 98, 4: 9}","{6: 11, 5: 7, 4: 8, 3: 273, 2: 20, 0: 26, 1: 5}","{1: 256, 0: 38, 2: 56}","{1: 243, 2: 38, 0: 69}","{1: 319, 2: 24, 0: 7}","{1: 340, 0: 5, 2: 5}",0.020485863085451136,0.021471150199993176,0.02630686256854671,0.02629637695893683,0.07958839417903325,0.14007921951220678,0.0969758208825723,0.0859713420949645,0.02332864400576571,0.023186254561266155,0.044860801368995395,0.03281053822511923
4370,2,max_steps,3,4,0,2262.3886173335795,3500,656.5,526.5,0.19106146372386895,0.1,2.6920006275177,20.77933120727539,-41.3924560546875,477.87921142578125,2000.0,297.34861733359645,2836,-34.960000000001614,0.0,0.0,0.6463967478095941,"{3: 62, 4: 15, 1: 74, 2: 65, 6: 95, 5: 16, 0: 23}","{0: 44, 1: 17, 2: 38, 3: 200, 4: 34, 6: 11, 5: 6}","{1: 174, 0: 71, 2: 105}","{1: 189, 0: 89, 2: 72}","{1: 266, 0: 24, 2: 60}","{1: 314, 2: 18, 0: 18}",0.050367541716373435,0.02794693210508925,0.059950736937439145,0.05319649418589638,0.13792074404168148,0.1267366194789766,0.1597095734128146,0.10002418082646695,0.12768665673928847,0.11278975489943897,0.08475394886688359,0.10462409020123348
4380,2,crash,3,2,1,738.8462662198488,3268,1399.5,1399.5,0.189159423965197,0.1,2.7078425884246826,20.900392532348633,-43.03419494628906,487.7256774902344,1000.0,118.84079684567625,1842,-32.66000000000207,-47.33453062583293,-300.0,0.22608514878208347,"{1: 96, 2: 178, 3: 5, 6: 47}","{4: 46, 3: 245, 2: 20, 5: 15}","{1: 204, 0: 94, 2: 28}","{1: 231, 2: 65, 0: 30}","{1: 277, 0: 41, 2: 8}","{1: 281, 0: 34, 2: 11}",0.0408529845987788,0.018130624231242235,0.04827622166495791,0.06730395601349645,0.08036469794331128,0.06145365374707629,0.10605389883857103,0.1019162158794856,0.08818234474064802,0.027347653441471692,0.09046300317972651,0.09298721566077363
4390,2,crash,3,1,1,260.37336767310114,1401,958.0,958.0,0.18727631924016844,0.1,2.724102258682251,20.989826202392578,-43.03419494628906,477.3748474121094,500.0,91.3975133781421,1123,-13.999999999999746,-17.02414570504131,-300.0,0.18584822817494728,"{1: 24, 0: 41, 2: 27, 3: 3, 4: 13, 5: 17, 6: 15}","{0: 11, 1: 6, 2: 10, 3: 72, 6: 27, 5: 5, 4: 9}","{1: 48, 0: 92}","{1: 71, 0: 28, 2: 41}","{1: 115, 0: 25}","{1: 131, 0: 5, 2: 4}",0.07053318534699322,0.027506916041689634,0.06646808717755932,0.036565569347952284,0.10123890894360231,0.18874153628223903,0.10844801752977921,0.09622075533062553,0.05844708049259666,0.023567077637244423,0.0689664736555694,0.06994725231831678
4400,2,crash,3,1,1,269.6253348136742,3055,2902.0,2902.0,0.18541196104825514,0.1,2.7403597831726074,21.007383346557617,-43.03419494628906,484.6101379394531,500.0,110.10102484282298,1463,-30.540000000001974,-9.93569002914949,-300.0,0.08825706540545801,"{6: 273, 5: 7, 4: 9, 3: 1, 0: 15}","{3: 184, 2: 112, 4: 9}","{1: 236, 0: 15, 2: 54}","{1: 277, 2: 20, 0: 8}","{1: 253, 0: 2, 2: 50}","{1: 290, 0: 11, 2: 4}",0.014988291598473633,0.009163395081971084,0.019064971783939396,0.023349167855838245,0.17251808753891545,0.028262931818207337,0.1741970322563322,0.08823347452983833,0.21714683259719192,0.001421702713502087,0.19940270187666037,0.033904946967989555
4410,2,max_steps,3,3,0,1682.8495903591972,3500,1156.6666666666667,1506.0,0.18356616276547422,0.1,2.766932964324951,21.127737045288086,-43.03419494628906,493.228515625,1500.0,219.83177278427465,2834,-34.97000000000161,-2.0121824250784353,0.0,0.48081416867405635,"{2: 91, 1: 61, 3: 31, 6: 122, 5: 14, 4: 31}","{6: 8, 5: 13, 4: 12, 3: 196, 2: 91, 1: 20, 0: 10}","{1: 227, 2: 91, 0: 32}","{1: 247, 2: 42, 0: 61}","{1: 305, 0: 12, 2: 33}","{1: 344, 0: 4, 2: 2}",0.035753863434692085,0.01703965162099441,0.034927700707217194,0.031785300904856026,0.08998057240187687,0.0923303518418078,0.10713656886849741,0.0928997236321921,0.09021965844355408,0.09162967769262942,0.07913028107240007,0.09642173239155627
4420,2,max_steps,3,3,0,1742.5940516259252,3500,980.3333333333334,949.0,0.18173873962570708,0.1,2.7827775478363037,21.173791885375977,-57.84495544433594,494.7916564941406,1500.0,277.56405162592296,3289,-34.97000000000161,0.0,0.0,0.49788401475026434,"{0: 87, 1: 28, 2: 34, 3: 5, 4: 149, 6: 40, 5: 7}","{0: 3, 1: 8, 2: 9, 3: 244, 6: 13, 5: 14, 4: 59}","{1: 192, 0: 87, 2: 71}","{1: 242, 0: 25, 2: 83}","{1: 270, 0: 37, 2: 43}","{1: 303, 0: 42, 2: 5}",0.04252842935525658,0.01624416909631036,0.03938669898194708,0.039605345147160534,0.13728923401191345,0.083591218381586,0.1367346881712571,0.1014817298038005,0.16275928080338944,0.017282752376417198,0.10087432061977912,0.10880159096126604
4430,2,max_steps,3,0,0,-22.492657407421937,3500,,,0.17992950870220384,0.1,2.7912940979003906,21.219013214111328,-57.84495544433594,497.0427551269531,0.0,12.507342592577988,1325,-35.000000000001606,0.0,0.0,-0.006426473544977696,{0: 350},"{2: 15, 3: 335}","{1: 319, 2: 31}","{1: 323, 0: 24, 2: 3}","{1: 348, 2: 2}","{1: 349, 0: 1}",0.0076509504828198545,0.015109151732762548,0.010265685281608514,0.01758131253508591,0.04791404637675192,0.02879835920054977,0.05903306733825119,0.07372028300627892,,,,
4440,2,crash,3,2,1,834.8403450036899,2933,1351.0,1351.0,0.17813828888927222,0.1,2.806509494781494,21.34105682373047,-57.84495544433594,497.2255859375,1000.0,173.83646106754142,1767,-29.310000000001782,-9.686116063859265,-300.0,0.2846370081840061,"{3: 84, 2: 70, 5: 8, 6: 119, 4: 12}","{6: 6, 5: 7, 4: 61, 3: 131, 0: 27, 1: 17, 2: 44}","{1: 166, 2: 78, 0: 49}","{1: 217, 2: 31, 0: 45}","{1: 205, 0: 19, 2: 69}","{1: 278, 2: 5, 0: 10}",0.03932281565665284,0.019304535871264267,0.05589517812692762,0.04525338683614583,0.1713797184494332,0.06822147900635593,0.1745250228768855,0.09502530387682837,0.0592165692422536,0.032139262290884714,0.09424051003231594,0.09501078198986568
4450,2,max_steps,3,0,0,-5.988915985508541,3500,,,0.17636490088414905,0.1,2.822873592376709,21.388736724853516,-57.84495544433594,497.5885925292969,0.0,29.01108401449131,986,-35.000000000001606,0.0,0.0,-0.0017111188530024404,"{5: 28, 6: 322}","{2: 84, 3: 261, 4: 5}","{1: 307, 0: 43}","{1: 332, 0: 15, 2: 3}","{1: 347, 0: 3}","{1: 342, 2: 8}",0.0233134603981072,0.01218245329376258,0.030651102230397763,0.03587363096796007,0.051889666070293876,0.027113608411921213,0.06864082798037739,0.08868927047539091,,,,
4460,2,max_steps,3,3,0,1700.2436824675513,3500,1023.0,1151.0,0.1746091671690515,0.1,2.844198703765869,21.470794677734375,-57.84495544433594,499.52947998046875,1500.0,253.83090510295997,2885,-34.97000000000161,-18.61722263541629,0.0,0.4857839092764432,"{5: 57, 4: 153, 3: 16, 1: 54, 0: 53, 2: 17}","{1: 15, 2: 36, 3: 210, 5: 15, 4: 24, 6: 17, 0: 33}","{1: 194, 2: 74, 0: 82}","{1: 205, 0: 78, 2: 67}","{1: 290, 2: 16, 0: 44}","{1: 309, 2: 16, 0: 25}",0.0439169580727308,0.026315353045949244,0.056994915919764313,0.04267038803959268,0.09600583892171452,0.14751868457065104,0.1129709236024863,0.1019736132162165,0.1276716894205372,0.013736329070497842,0.1215832082849177,0.060497819860519136
4470,2,crash,3,0,1,-340.51546065429693,2074,,,0.17287091199340748,0.1,2.8631973266601562,21.541269302368164,-57.84495544433594,511.1705017089844,0.0,46.116723801421884,736,-20.740000000000443,-65.8921844557184,-300.0,-0.16418296077834954,"{3: 50, 4: 107, 5: 19, 6: 31}","{6: 9, 5: 6, 4: 41, 3: 120, 2: 31}","{1: 168, 0: 39}","{1: 120, 2: 66, 0: 21}","{1: 199, 0: 8}",{1: 207},0.006623658148081739,0.027795281271720974,0.008783326744934176,0.011006969775722134,0.08275502154288998,0.07992319159095287,0.0872449036046214,0.05370540008965545,0.014609599554563653,0.03371976916175881,0.021330155589479538,0.05104898062074786
4480,2,max_steps,3,2,0,1191.6472282120717,3500,1544.5,1544.5,0.17114996135626304,0.1,2.8867640495300293,21.679100036621094,-57.84495544433594,503.6498718261719,1000.0,250.61262506841976,2598,-34.98000000000161,-23.985396856351404,0.0,0.3404706366320205,"{5: 91, 4: 69, 3: 3, 0: 103, 1: 17, 2: 38, 6: 29}","{1: 4, 2: 83, 3: 224, 6: 7, 5: 9, 4: 23}","{1: 150, 2: 62, 0: 138}","{1: 267, 0: 34, 2: 49}","{1: 248, 2: 44, 0: 58}","{1: 310, 0: 33, 2: 7}",0.059681875080991084,0.016763198192288456,0.07695428990248332,0.059172109270736475,0.10828461728028604,0.08471301103973924,0.14442275156601025,0.10205073381961403,0.1737400884542696,0.009223925890859524,0.22248166759668425,0.04628640793422064
4490,2,max_steps,3,1,0,619.0650206337863,3500,792.0,792.0,0.16944614298886448,0.1,2.901953935623169,21.77423858642578,-57.84495544433594,487.9470520019531,500.0,154.05502063378074,2765,-34.99000000000161,0.0,0.0,0.1768757201810818,"{0: 27, 1: 20, 2: 30, 3: 2, 5: 86, 6: 114, 4: 71}","{4: 12, 3: 177, 2: 132, 0: 22, 1: 7}","{1: 211, 0: 87, 2: 52}","{1: 279, 2: 25, 0: 46}","{1: 300, 0: 39, 2: 11}","{1: 318, 0: 15, 2: 17}",0.038485790870431164,0.01716504928629546,0.038786044101796154,0.05508208481705382,0.08403787899458244,0.08748908233801711,0.11798088400627939,0.0989733734454131,0.07286600978877927,0.01475062246029124,0.1217434265074936,0.09860471715137245
4500,2,crash,3,1,1,176.9156129294438,869,306.0,306.0,0.1677592863374142,0.1,2.9228460788726807,21.864913940429688,-57.84495544433594,487.9470520019531,500.0,33.1947016853715,305,-8.67999999999986,-47.59908875592971,-300.0,0.20358528530430817,"{1: 12, 2: 18, 6: 56}","{3: 42, 5: 18, 4: 13, 2: 13}","{1: 39, 0: 47}","{1: 53, 2: 32, 0: 1}","{1: 51, 0: 35}","{1: 66, 0: 7, 2: 13}",0.057698240017584265,0.026881529193520853,0.06776924029542797,0.0866518982749109,0.20244458982076144,0.11906809041060462,0.23162403884949917,0.13179214560343133,0.1787642603423237,0.010510828148569231,0.2553431763751501,0.07385231105988696
4510,2,max_steps,3,3,0,1723.5146834139118,3500,679.3333333333334,811.0,0.16608922254599812,0.1,2.9332075119018555,21.916351318359375,-57.84495544433594,484.6475524902344,1500.0,273.5308407587873,2472,-34.97000000000161,-15.046157344882358,0.0,0.4924327666896891,"{6: 52, 5: 54, 4: 151, 3: 14, 0: 21, 1: 14, 2: 44}","{3: 195, 2: 88, 6: 11, 5: 7, 4: 7, 0: 33, 1: 9}","{1: 208, 0: 83, 2: 59}","{1: 240, 2: 35, 0: 75}","{1: 302, 2: 34, 0: 14}","{1: 328, 2: 6, 0: 16}",0.043385149088150846,0.02541404782448562,0.05350083474531201,0.0550075658221069,0.10019887282439302,0.1527442392454878,0.11766953924055225,0.0964877130226854,0.14813564675063662,0.1734738700899949,0.12355606506820302,0.07964680324351514
4520,2,max_steps,3,4,0,2122.4649707520734,3500,594.75,476.0,0.1644357844396829,0.1,2.954009532928467,21.997440338134766,-57.84495544433594,492.774658203125,2000.0,157.42497075210957,2685,-34.960000000001614,0.0,0.0,0.606418563072021,"{3: 61, 1: 19, 2: 73, 4: 84, 6: 88, 5: 25}","{2: 70, 3: 200, 6: 19, 5: 8, 4: 53}","{1: 281, 0: 69}","{1: 258, 0: 33, 2: 59}","{1: 329, 0: 21}","{1: 338, 2: 4, 0: 8}",0.01976135973156421,0.022210506882451086,0.02053857442970279,0.025930620183923794,0.06596301630091261,0.03943279683989176,0.07994162770631452,0.08538310158138745,0.08344105379946973,0.04072416914494985,0.060803386036002424,0.07724486280151939
4530,2,crash,3,1,1,205.36014366922234,3019,769.0,769.0,0.16279880650778183,0.1,2.965186595916748,22.04915428161621,-57.84495544433594,492.774658203125,500.0,86.44359137253984,1400,-30.180000000001918,-50.90344770332852,-300.0,0.06802257160292227,"{1: 51, 2: 23, 3: 2, 6: 225}","{6: 8, 5: 6, 4: 8, 3: 117, 2: 139, 0: 15, 1: 8}","{1: 227, 0: 74}","{1: 233, 2: 31, 0: 37}","{1: 269, 0: 32}","{1: 270, 0: 18, 2: 13}",0.026616579508608115,0.014138421774702528,0.03651025083264183,0.03740359709516126,0.07889578948803408,0.10921249905488031,0.10191244390543715,0.10024922156446543,0.09745042323406206,0.025442426502666857,0.11467993391806233,0.06275516404437947
4540,2,crash,3,1,1,259.5956221427756,759,628.0,628.0,0.16117812488728686,0.1,2.981118679046631,22.186870574951172,-57.84495544433594,492.774658203125,500.0,75.22286103567139,552,-7.579999999999883,-8.047238892896397,-300.0,0.3420232175794145,"{0: 43, 1: 10, 2: 9, 6: 13}","{1: 9, 2: 9, 3: 44, 5: 13}","{1: 35, 0: 40}","{1: 47, 0: 22, 2: 6}","{1: 35, 0: 40}","{1: 54, 0: 8, 2: 13}",0.07072267005868159,0.01993618141685297,0.12805493526015052,0.06519833207390927,0.2462197904635402,0.14714119999902886,0.2704124786343826,0.20130393379695857,0.24754692263354894,0.0008916414773871972,0.2863259774355628,0.1023421143141439
4550,2,max_steps,3,3,0,1660.4019356245,3500,754.6666666666666,613.0,0.15957357734646574,0.1,2.996401786804199,22.271068572998047,-57.84495544433594,488.64312744140625,1500.0,244.31799863029678,2726,-34.97000000000161,-48.9460630057972,0.0,0.47440055303557144,"{4: 128, 3: 49, 6: 35, 5: 14, 0: 124}","{0: 8, 1: 19, 2: 12, 3: 197, 4: 74, 6: 27, 5: 13}","{1: 285, 2: 41, 0: 24}","{1: 196, 0: 68, 2: 86}","{1: 306, 2: 26, 0: 18}","{1: 295, 2: 17, 0: 38}",0.026978073076420764,0.024908615794959732,0.0368678583354881,0.0417736250733637,0.09911139176597614,0.13230948835421266,0.11963095115354451,0.11028603539598038,0.040341358071655814,0.13034317652354033,0.052807960778426984,0.0741518053750192
4560,2,max_steps,3,2,0,985.0897606278048,3500,756.5,756.5,0.15798500326862266,0.1,3.013524293899536,22.348167419433594,-57.84495544433594,491.0215759277344,1000.0,132.5207252599895,2395,-34.98000000000161,-112.45096463219174,0.0,0.28145421732222997,"{2: 25, 3: 3, 6: 95, 5: 12, 4: 16, 1: 6, 0: 193}","{2: 76, 3: 185, 1: 13, 6: 34, 5: 13, 4: 29}","{1: 257, 0: 22, 2: 71}","{1: 221, 0: 44, 2: 85}","{1: 298, 0: 11, 2: 41}","{1: 327, 0: 9, 2: 14}",0.020366326427428874,0.023944882356657766,0.027056538282883076,0.03333825917378001,0.12000855421568618,0.07864789759294384,0.12321300191961343,0.09867351726134813,0.13002980815900148,0.11378433731267096,0.1643214240421785,0.09946287227276858
4570,2,max_steps,3,1,0,617.7431112995549,3500,3082.0,3082.0,0.15641224363602016,0.1,3.0249531269073486,22.406856536865234,-57.84495544433594,491.00469970703125,500.0,152.73311129955502,2121,-34.99000000000161,0.0,0.0,0.17649803179987283,"{6: 83, 5: 77, 4: 146, 3: 2, 2: 17, 1: 25}","{1: 9, 2: 86, 3: 221, 6: 21, 5: 5, 4: 8}","{1: 252, 2: 77, 0: 21}","{1: 276, 0: 27, 2: 47}","{1: 310, 2: 28, 0: 12}","{1: 331, 2: 8, 0: 11}",0.029647618084469095,0.017837854151442845,0.029534804703089924,0.03195436116107728,0.07888010375513986,0.07329038142033895,0.10151370424949813,0.09670838195314246,0.0687700748704067,0.02296105596245325,0.10323873232396334,0.05565833073393937
4580,2,max_steps,3,3,0,1590.5781240982146,3500,771.0,985.0,0.15485514101396153,0.1,3.0440125465393066,22.51249122619629,-57.84495544433594,490.28509521484375,1500.0,242.13479940737716,2596,-34.97000000000161,-116.58667530916416,0.0,0.4544508925994899,"{4: 40, 3: 2, 1: 68, 0: 137, 2: 14, 6: 81, 5: 8}","{5: 27, 4: 32, 3: 153, 0: 19, 1: 6, 2: 99, 6: 14}","{1: 206, 2: 105, 0: 39}","{1: 174, 2: 117, 0: 59}","{1: 275, 2: 45, 0: 30}","{1: 310, 0: 32, 2: 8}",0.0371425231031868,0.030076453348816916,0.047047750142400625,0.052666889390194704,0.14440326895551317,0.1143518159818933,0.16234711984436337,0.10172629822046496,0.21314856199879692,0.12502490026692703,0.17883238073421018,0.10463985535746288
4590,2,max_steps,3,3,0,1752.2632999855803,3500,786.3333333333334,718.0,0.1533135395350312,0.1,3.0716161727905273,22.661415100097656,-57.84495544433594,491.2213439941406,1500.0,287.2332999855753,2609,-34.97000000000161,0.0,0.0,0.5006466571387372,"{2: 52, 1: 19, 5: 44, 6: 88, 4: 30, 3: 2, 0: 115}","{5: 8, 4: 31, 3: 218, 2: 68, 0: 4, 1: 21}","{1: 171, 0: 92, 2: 87}","{1: 249, 2: 36, 0: 65}","{1: 241, 0: 46, 2: 63}","{1: 286, 0: 37, 2: 27}",0.05121002799005001,0.020080676763065783,0.056927147497216446,0.07726112410648955,0.17287866542862085,0.06605131847135454,0.1796128696628573,0.1062199806432497,0.17249973257441542,0.03262986554335652,0.24986366491069534,0.11829522555119136
4600,2,max_steps,3,3,0,1721.1401839994994,3500,951.3333333333334,1063.0,0.15178728488349247,0.1,3.0862174034118652,22.723302841186523,-57.84495544433594,489.3398132324219,1500.0,256.1101839994922,2799,-34.97000000000161,0.0,0.0,0.49175433828557125,"{6: 94, 5: 31, 4: 12, 1: 54, 0: 36, 2: 119, 3: 4}","{1: 29, 2: 30, 3: 141, 6: 18, 5: 25, 4: 107}","{1: 156, 2: 93, 0: 101}","{1: 215, 0: 59, 2: 76}","{1: 240, 2: 59, 0: 51}","{1: 327, 0: 21, 2: 2}",0.05782037281472427,0.025257389703477705,0.06982498535784143,0.04763438448049867,0.10662433075069018,0.09620366392484199,0.12909221348875036,0.0958376500712162,0.17424410616928826,0.03840867317074964,0.14425821328706262,0.14823010381367574
4610,2,crash,3,2,1,732.4242251167327,1743,676.0,676.0,0.15027622427984025,0.1,3.104464530944824,22.841772079467773,-57.84495544433594,491.6903076171875,1000.0,82.47118867422405,973,-17.409999999999922,-32.63696355749278,-300.0,0.42020896449611744,"{1: 72, 2: 57, 3: 6, 6: 39}","{4: 3, 3: 95, 2: 51, 0: 14, 1: 11}","{1: 80, 0: 94}","{1: 131, 2: 8, 0: 35}","{1: 149, 0: 25}","{1: 166, 0: 6, 2: 2}",0.05846822158547112,0.015066911714634026,0.05759599814954065,0.04027658363180894,0.08364729432660284,0.08482562150393815,0.10298069327976246,0.09355456994619547,0.0919941765803635,0.02162978223419688,0.09531856917823744,0.06045806457629979
4620,2,crash,3,2,1,795.3617242073394,1201,539.5,539.5,0.1487802064655077,0.1,3.1136536598205566,22.91705322265625,-57.84495544433594,487.0226745605469,1000.0,115.05686088248906,967,-11.989999999999789,-7.705136675151556,-300.0,0.6622495622042793,"{4: 31, 3: 2, 0: 61, 1: 7, 2: 8, 5: 6, 6: 5}","{4: 28, 3: 52, 0: 12, 1: 7, 2: 8, 6: 13}","{1: 56, 2: 17, 0: 47}","{1: 78, 2: 13, 0: 29}","{1: 66, 2: 7, 0: 47}","{1: 102, 0: 8, 2: 10}",0.05748764348914818,0.026599877914212977,0.08525982544189267,0.07076367963955586,0.2394832184951284,0.15247967425983788,0.24744125235338588,0.1058009716721918,0.24087079264116512,0.02907699846538514,0.22161430357900902,0.06384293894048279
4630,2,crash,3,1,1,272.2316565477098,1721,1587.0,1587.0,0.14729908168772515,0.1,3.1260485649108887,22.978822708129883,-57.84495544433594,495.4002685546875,500.0,98.16648122866054,1079,-17.19999999999989,-8.734824680951203,-300.0,0.15818225249721662,"{0: 30, 1: 110, 2: 17, 3: 3, 4: 10, 5: 2}","{3: 139, 2: 19, 1: 14}","{1: 82, 0: 76, 2: 14}","{1: 150, 2: 6, 0: 16}","{1: 111, 0: 58, 2: 3}","{1: 147, 0: 17, 2: 8}",0.05351920135377823,0.017057588913614752,0.07423648622012205,0.07484141359029163,0.14833998709804408,0.030537364804582176,0.17985452304188793,0.10604195626319961,0.17043813676034145,0.01291869484179232,0.24179525100838012,0.09122917975022612
4640,2,max_steps,3,4,0,2234.9846302343462,3500,857.75,753.0,0.14583270168452975,0.1,3.1437432765960693,23.056655883789062,-67.08668518066406,484.2210388183594,2000.0,273.16601888573894,2680,-34.960000000001614,-3.2213886513921266,0.0,0.6385670372098132,"{2: 204, 3: 19, 5: 17, 4: 17, 1: 17, 0: 69, 6: 7}","{6: 37, 5: 12, 4: 30, 3: 183, 0: 27, 1: 5, 2: 56}","{1: 239, 0: 76, 2: 35}","{1: 217, 2: 80, 0: 53}","{1: 276, 0: 50, 2: 24}","{1: 303, 0: 28, 2: 19}",0.028546240752377806,0.023580754275071683,0.039893650104931275,0.043128843606083836,0.12834158644276708,0.16309731347798848,0.155763959294967,0.10332970184074458,0.07871997095978153,0.022103465841381682,0.09118632142544304,0.09586354719241756
4650,2,crash,3,1,1,181.9117681604285,2325,1506.0,1506.0,0.1443809196699242,0.1,3.159313201904297,23.130895614624023,-64.37027740478516,483.6579284667969,500.0,68.13035773126948,1424,-23.240000000000833,-62.9785895708423,-300.0,0.0782416207141628,"{2: 118, 3: 54, 4: 16, 5: 44}","{1: 1, 2: 120, 3: 52, 6: 24, 5: 12, 4: 23}","{1: 177, 0: 55}","{1: 162, 0: 16, 2: 54}","{1: 207, 0: 25}","{1: 211, 0: 10, 2: 11}",0.01613458071122608,0.020022782143684435,0.024427214853425742,0.0304851523944626,0.11147107908576809,0.09692807912439247,0.1108372007474299,0.09534558515246395,0.02035311895384911,0.025077825511374247,0.03900163590913759,0.09802274795691329
4660,2,max_steps,3,3,0,1702.5228717555626,3500,827.3333333333334,865.0,0.1429435903191834,0.1,3.1881701946258545,23.24705696105957,-64.37027740478516,487.46844482421875,1500.0,237.8711501689954,1947,-34.97000000000161,-0.37827841344286517,0.0,0.48643510621587505,"{4: 67, 5: 110, 3: 43, 6: 28, 0: 102}","{6: 22, 5: 30, 4: 70, 3: 172, 2: 25, 0: 26, 1: 5}","{1: 236, 0: 24, 2: 90}","{1: 192, 2: 114, 0: 44}","{1: 294, 2: 46, 0: 10}","{1: 306, 0: 24, 2: 20}",0.03281600925452043,0.028454964790038215,0.036557968395566506,0.05210746721836365,0.09909192728786591,0.14627255614003204,0.1286076261152594,0.101856487616549,0.16493534286695843,0.13258949068564244,0.1282581286212564,0.10009628484372714
4670,2,max_steps,3,4,0,2221.7387675317545,3500,626.25,745.5,0.14152056975430724,0.1,3.206181287765503,23.3789119720459,-63.65507507324219,491.88055419921875,2000.0,256.6987675317781,2421,-34.960000000001614,0.0,0.0,0.6347825050090727,"{3: 11, 0: 75, 1: 75, 2: 30, 6: 142, 5: 8, 4: 9}","{4: 34, 1: 36, 2: 103, 3: 177}","{1: 182, 0: 109, 2: 59}","{1: 252, 2: 24, 0: 74}","{1: 235, 0: 65, 2: 50}","{1: 300, 0: 29, 2: 21}",0.04565169464188937,0.02068683100122723,0.04913484878829622,0.056516311331727104,0.1562806132275665,0.04549259508017136,0.16683755974007064,0.10248760767143185,0.20874024317726797,0.11957777433876515,0.18810699175919954,0.10110649845538558
4680,2,max_steps,3,4,0,2267.8229503996904,3500,819.5,843.5,0.14011171552961843,0.1,3.230614185333252,23.50422477722168,-63.65507507324219,497.94659423828125,2000.0,302.7829503996894,3233,-34.960000000001614,0.0,0.0,0.6479494143999115,"{0: 53, 1: 110, 2: 107, 6: 30, 5: 13, 4: 16, 3: 21}","{5: 10, 4: 38, 3: 237, 2: 16, 0: 44, 1: 5}","{1: 146, 0: 126, 2: 78}","{1: 241, 2: 40, 0: 69}","{1: 235, 0: 51, 2: 64}","{1: 323, 0: 19, 2: 8}",0.06159424630565598,0.0219325617755227,0.06433599219599784,0.0531579729590027,0.12334618108519559,0.13282597311058633,0.13954594952219604,0.09861603053063529,0.17901787528765187,0.0302255480533932,0.15359256088642237,0.09965744216999618
4690,2,crash,3,2,1,750.8005512899595,3134,1062.0,1062.0,0.1387168866175034,0.1,3.2461957931518555,23.5589656829834,-84.96195220947266,495.0845642089844,1000.0,117.17942019364443,1839,-31.320000000002096,-35.05886890369196,-300.0,0.23956622568282052,"{1: 37, 2: 36, 3: 22, 4: 117, 6: 101}","{2: 40, 3: 212, 5: 8, 4: 28, 0: 19, 1: 6}","{1: 224, 0: 89}","{1: 221, 0: 54, 2: 38}","{1: 280, 0: 33}","{1: 282, 0: 16, 2: 15}",0.03250527207123264,0.022216514680461825,0.04198114077867254,0.050314230317916625,0.08207279840299395,0.08883797951208157,0.10546561218286067,0.099726811881715,0.04401488072213986,0.02545087782734391,0.0845822744618316,0.09599681351790032
4700,2,max_steps,3,2,0,1233.7196335216418,3500,1272.5,1272.5,0.13733594339429533,0.1,3.2697460651397705,23.627893447875977,-84.96195220947266,489.6541748046875,1000.0,272.76574408474517,2750,-34.98000000000161,-4.066110563107435,0.0,0.3524913238633262,"{5: 57, 4: 23, 3: 4, 0: 126, 1: 25, 2: 19, 6: 96}","{4: 40, 3: 259, 2: 27, 0: 13, 1: 11}","{1: 139, 2: 109, 0: 102}","{1: 265, 2: 49, 0: 36}","{1: 255, 2: 60, 0: 35}","{1: 331, 0: 8, 2: 11}",0.06478388411949519,0.011027598638818754,0.07938122083154413,0.048359680400311564,0.10154020206125146,0.10139458494803313,0.11701023413233178,0.09299373391395706,0.09955485367707684,0.016263467719300487,0.09838499938612712,0.047923295758144434
4710,2,max_steps,3,2,0,1146.3153412361153,3500,1211.0,1211.0,0.13596874762629785,0.1,3.285797595977783,23.737634658813477,-84.96195220947266,499.7095642089844,1000.0,181.29534123610946,2431,-34.98000000000161,0.0,0.0,0.32751866892460435,"{1: 24, 2: 19, 3: 2, 6: 101, 5: 16, 4: 80, 0: 108}","{4: 9, 3: 294, 2: 25, 0: 17, 1: 5}","{1: 186, 0: 62, 2: 102}","{1: 299, 2: 16, 0: 35}","{1: 272, 0: 41, 2: 37}","{1: 301, 0: 22, 2: 27}",0.045171288910842725,0.012677298792570247,0.04578479311408497,0.06086706809887068,0.09528197906391773,0.06600084079652897,0.12676183522428167,0.10301689038617592,0.06894819177145876,0.02100529239979816,0.11564208257485302,0.08790026002105385
4720,2,max_steps,3,4,0,2305.682875372257,3500,649.25,637.5,0.1346151624559475,0.1,3.308833122253418,23.807214736938477,-84.96195220947266,492.2406005859375,2000.0,340.64287537226335,2833,-34.960000000001614,0.0,0.0,0.6587665358206449,"{4: 53, 3: 8, 0: 116, 1: 38, 2: 48, 6: 81, 5: 6}","{2: 41, 3: 247, 4: 26, 1: 13, 6: 12, 5: 11}","{1: 159, 2: 85, 0: 106}","{1: 250, 0: 48, 2: 52}","{1: 240, 2: 59, 0: 51}","{1: 315, 0: 20, 2: 15}",0.05683703142046235,0.018977010997793305,0.06469922295114312,0.05036054833777209,0.1974659747550055,0.0889440090432306,0.2242752878265204,0.09982807232489789,0.07577418002658919,0.028785721037818613,0.10504369275917218,0.10060541807827234
4730,2,crash,3,1,1,262.8926941090105,801,679.0,679.0,0.13327505238811435,0.1,3.331336736679077,23.94635581970215,-84.96195220947266,501.54986572265625,500.0,79.38092041933204,678,-7.999999999999874,-8.48822631032207,-300.0,0.3282056106229844,"{0: 30, 1: 19, 2: 18, 6: 13}","{3: 67, 1: 3, 2: 10}","{1: 12, 0: 68}","{1: 71, 0: 9}","{1: 32, 0: 48}","{1: 60, 0: 11, 2: 9}",0.09102435805947062,0.009558303548928022,0.11129534272372074,0.08995110368218258,0.17479529184120024,0.03039583685056955,0.2117810084722552,0.10589974273682666,0.15247248745585987,0.011949429295586626,0.2185241463228417,0.09933166961697416
4740,2,max_steps,3,3,0,1659.3129658938135,3500,679.0,700.0,0.1319482832765386,0.1,3.35060715675354,24.011211395263672,-84.96195220947266,479.15936279296875,1500.0,241.2914578696489,2820,-34.97000000000161,-47.00849197583786,0.0,0.47408941882680383,"{2: 131, 1: 84, 3: 36, 6: 75, 5: 8, 4: 16}","{1: 7, 2: 44, 3: 190, 5: 11, 4: 73, 0: 25}","{1: 237, 0: 53, 2: 60}","{1: 186, 0: 87, 2: 77}","{1: 290, 0: 21, 2: 39}","{1: 328, 0: 17, 2: 5}",0.02142888248002897,0.028225824160758868,0.02751307720428619,0.04343512922485132,0.0923144683326102,0.11189250144469244,0.11798767071392365,0.09697149314604266,0.07171773022232823,0.03698194823927721,0.05093418032324042,0.08761997791898614
4750,2,max_steps,3,2,0,1109.5285932929369,3500,1254.0,1254.0,0.1306347223104026,0.1,3.3670096397399902,24.04299545288086,-84.96195220947266,479.0004577636719,1000.0,144.50859329292774,2258,-34.98000000000161,0.0,0.0,0.3170081695122677,"{3: 18, 4: 57, 2: 210, 1: 65}","{5: 4, 4: 28, 3: 293, 2: 22, 1: 3}","{1: 247, 0: 75, 2: 28}","{1: 284, 2: 38, 0: 28}","{1: 307, 2: 11, 0: 32}","{1: 311, 2: 16, 0: 23}",0.027522165231713507,0.017597423552669127,0.04155952550930039,0.0528868005404782,0.0719706160091901,0.07339913292581655,0.10427585366602067,0.10076198694322716,0.07560830123260112,0.06465157952411567,0.09654054623779083,0.0995844947825944
4760,2,max_steps,3,2,0,1154.0523745113385,3500,861.5,861.5,0.12933423800103627,0.1,3.389169692993164,24.1661376953125,-84.96195220947266,485.3248596191406,1000.0,189.03237451132745,2135,-34.98000000000161,0.0,0.0,0.32972924986038243,"{6: 55, 5: 115, 4: 81, 3: 4, 1: 19, 0: 56, 2: 20}","{2: 43, 3: 273, 6: 17, 5: 8, 4: 9}","{1: 233, 2: 50, 0: 67}","{1: 289, 0: 21, 2: 40}","{1: 294, 2: 37, 0: 19}","{1: 327, 2: 4, 0: 19}",0.03427825233191438,0.012753246453486201,0.04600187044653767,0.044744277339852104,0.10287141185449133,0.07540433662057322,0.1127299422045655,0.09472092725658418,0.167551095389647,0.027018361634221985,0.0976950840975197,0.09714527531790744
4770,2,max_steps,3,4,0,2249.1935150459317,3500,755.25,894.5,0.12804670016875502,0.1,3.4100849628448486,24.269886016845703,-84.96195220947266,488.10968017578125,2000.0,284.1535150459448,2693,-34.960000000001614,0.0,0.0,0.6426267185845519,"{3: 27, 1: 79, 2: 65, 6: 83, 5: 28, 4: 35, 0: 33}","{6: 19, 5: 18, 4: 20, 2: 28, 3: 234, 0: 25, 1: 6}","{1: 158, 0: 119, 2: 73}","{1: 217, 2: 63, 0: 70}","{1: 246, 0: 52, 2: 52}","{1: 313, 0: 28, 2: 9}",0.056672487264744956,0.0244711259552549,0.05549526864455527,0.06269592305980531,0.14417204906730774,0.13581360074744372,0.1589568011696164,0.10016637282068663,0.09203315688620001,0.07242482000320483,0.12450016313102634,0.09626153067051543
4780,2,max_steps,3,1,0,620.7040401212812,3500,2343.0,2343.0,0.12677197992982858,0.1,3.4288902282714844,24.348037719726562,-84.96195220947266,491.88128662109375,500.0,155.69404012127754,2164,-34.99000000000161,0.0,0.0,0.1773440114632232,"{5: 155, 4: 77, 3: 2, 0: 116}","{0: 10, 1: 6, 2: 135, 3: 199}","{1: 223, 2: 68, 0: 59}","{1: 311, 0: 36, 2: 3}","{1: 311, 2: 15, 0: 24}","{1: 331, 0: 18, 2: 1}",0.03129855515520751,0.013036655306986188,0.036808784136904096,0.03594463444025217,0.0856817235222623,0.030700718101059215,0.10190870054570049,0.09528810559653987,0.09692818845514303,0.007561460078921178,0.10244210146894309,0.039208365760506625
4790,2,max_steps,3,2,0,1284.3235326353931,3500,961.0,961.0,0.12550994968357973,0.1,3.454719066619873,24.485904693603516,-84.96195220947266,486.2559509277344,1000.0,319.3035326353894,2968,-34.98000000000161,0.0,0.0,0.36694958075296946,"{0: 137, 1: 39, 2: 43, 3: 3, 6: 96, 5: 12, 4: 20}","{3: 255, 0: 12, 1: 7, 2: 32, 6: 31, 5: 5, 4: 8}","{1: 132, 0: 131, 2: 87}","{1: 259, 0: 41, 2: 50}","{1: 223, 0: 76, 2: 51}","{1: 305, 0: 42, 2: 3}",0.07305820565978016,0.01727527071773173,0.07422418441053044,0.0595667446453578,0.12455898407420807,0.12633260688171954,0.137101230261962,0.1028630325602254,0.10647723468388112,0.015993477821517436,0.12426889299808488,0.10700542773285503
4800,2,max_steps,3,3,0,1746.4543168994812,3500,876.6666666666666,737.0,0.1242604830996112,0.1,3.4799225330352783,24.58734130859375,-84.96195220947266,488.2752685546875,1500.0,281.424316899479,2412,-34.97000000000161,0.0,0.0,0.49898694768556606,"{2: 161, 1: 86, 3: 31, 6: 45, 5: 8, 4: 18, 0: 1}","{0: 21, 1: 28, 2: 31, 3: 243, 6: 13, 5: 9, 4: 5}","{1: 180, 2: 79, 0: 91}","{1: 248, 0: 66, 2: 36}","{1: 269, 2: 46, 0: 35}","{1: 300, 2: 23, 0: 27}",0.047167297818729206,0.016611036040044755,0.05542914283822646,0.06620817141029538,0.09824393790919823,0.1380225769392298,0.12326126500037433,0.10590467985285959,0.07778904140356145,0.09729699204530812,0.1207803162976826,0.09658221241795285
4810,2,max_steps,3,2,0,1171.2204364992026,3500,1037.5,1037.5,0.12302345510516001,0.1,3.5001509189605713,24.66286277770996,-84.96195220947266,485.20697021484375,1000.0,206.2004364991949,2495,-34.98000000000161,0.0,0.0,0.3346344104283436,"{6: 217, 5: 24, 4: 28, 3: 4, 0: 53, 1: 11, 2: 13}","{3: 229, 2: 46, 0: 16, 1: 6, 6: 39, 5: 7, 4: 7}","{1: 215, 2: 72, 0: 63}","{1: 244, 2: 69, 0: 37}","{1: 271, 2: 28, 0: 51}","{1: 318, 2: 23, 0: 9}",0.02711569372765881,0.02196835834236243,0.035515477732079484,0.04506716921891572,0.14365661849727124,0.14081314601379413,0.14686804858050437,0.09859243938351181,0.17574310781427316,0.017275951450841095,0.2251951134922916,0.09346600926442873
4820,2,max_steps,3,3,0,1655.7552322964484,3500,762.3333333333334,809.0,0.12179874187257748,0.1,3.5193307399749756,24.742443084716797,-84.96195220947266,503.4482116699219,1500.0,190.72523229644025,2703,-34.97000000000161,0.0,0.0,0.47307292351327096,"{5: 57, 4: 89, 3: 20, 2: 82, 0: 21, 1: 81}","{2: 58, 3: 193, 4: 36, 0: 42, 1: 21}","{1: 215, 2: 73, 0: 62}","{1: 219, 0: 93, 2: 38}","{1: 266, 2: 38, 0: 46}","{1: 283, 2: 39, 0: 28}",0.032669663727281,0.023777990169029373,0.046521634649673606,0.05563370712724446,0.09466372266813326,0.0874169251504235,0.13706780102242316,0.10500624429353812,0.08356589667837626,0.026838365721639678,0.11610143351849457,0.10295039913246996
4830,2,crash,3,1,1,238.3077733902884,682,476.0,476.0,0.12058622080693404,0.1,3.537748336791992,24.88187599182129,-84.96195220947266,513.3643798828125,500.0,57.33027762083906,475,-6.809999999999899,-12.212504230552113,-300.0,0.34942488766904456,"{0: 22, 1: 14, 2: 10, 3: 1, 6: 21}","{2: 9, 3: 38, 5: 21}","{1: 21, 0: 47}","{1: 47, 0: 10, 2: 11}","{1: 28, 0: 40}","{1: 51, 0: 7, 2: 10}",0.1294448509137614,0.021464491348418525,0.14111274238928598,0.059040239305628246,0.20579360767520408,0.06653455289634287,0.22095690873853305,0.16762721701530897,0.1997756115911193,0.0066320958784458145,0.22420485255811903,0.02373458539870473
4840,2,crash,3,1,1,256.6758578588181,1382,1164.0,1164.0,0.11938577053374724,0.1,3.562284231185913,24.99913787841797,-84.96195220947266,534.8810424804688,500.0,89.08224292465482,1005,-13.80999999999975,-18.596385065837516,-300.0,0.18572782768366,"{0: 59, 1: 23, 2: 32, 3: 6, 4: 18}","{5: 6, 4: 9, 3: 99, 2: 24}","{1: 55, 0: 83}","{1: 101, 2: 20, 0: 17}","{1: 94, 0: 44}","{1: 113, 0: 18, 2: 7}",0.07461213154362424,0.01590510099936726,0.07893116037580267,0.05907641104667611,0.10007072723712333,0.10026083437876648,0.13675106391584146,0.12771582506703538,0.09438865489757436,0.01905146533092205,0.11421288879706014,0.07417892543718817
4850,2,max_steps,3,1,0,550.061523991401,3500,418.0,418.0,0.11819727088683228,0.1,3.577547550201416,25.025728225708008,-84.96195220947266,509.3158264160156,500.0,85.05152399138281,1590,-34.99000000000161,0.0,0.0,0.15716043542611458,"{5: 59, 4: 85, 3: 1, 6: 205}","{3: 303, 2: 26, 1: 19, 4: 2}","{1: 277, 2: 35, 0: 38}","{1: 301, 0: 42, 2: 7}","{1: 340, 2: 10}","{1: 339, 2: 5, 0: 6}",0.03359124654400612,0.016666473843752878,0.0421693139598364,0.046946819551033775,0.06216362920729695,0.03196798005199754,0.08276850657607562,0.09150139796844432,0.0780400152723451,0.027943527310677854,0.05757426928893028,0.08607634512744626
4860,2,max_steps,3,4,0,2300.8761992940827,3500,842.75,785.0,0.11702060289627303,0.1,3.6146023273468018,25.13972282409668,-84.96195220947266,508.55841064453125,2000.0,335.8361992940749,2643,-34.960000000001614,0.0,0.0,0.6573931997983093,"{6: 53, 5: 59, 4: 43, 3: 9, 2: 38, 1: 58, 0: 90}","{1: 30, 2: 31, 3: 234, 6: 23, 5: 6, 4: 7, 0: 19}","{1: 167, 2: 76, 0: 107}","{1: 234, 0: 73, 2: 43}","{1: 213, 2: 51, 0: 86}","{1: 281, 2: 21, 0: 48}",0.057618523526343446,0.019904562011345855,0.05903279084776179,0.07108082344080699,0.16975507464103656,0.1643539716589523,0.20207311997189653,0.10755016592441473,0.20667049757161468,0.011726783817747796,0.22795418984695165,0.10850798093453463
4870,2,crash,3,1,1,257.3029079545917,1196,926.0,926.0,0.11585564877651315,0.1,3.6286001205444336,25.2181453704834,-84.96195220947266,506.68212890625,500.0,94.05505280048236,868,-11.94999999999979,-24.802144845891448,-300.0,0.21513621066437436,"{6: 65, 5: 14, 4: 12, 3: 1, 1: 7, 0: 20}","{6: 8, 5: 6, 4: 9, 3: 74, 2: 22}","{1: 42, 2: 77}","{1: 74, 2: 27, 0: 18}","{1: 80, 2: 39}","{1: 104, 2: 4, 0: 11}",0.06626090467289791,0.022023771566917216,0.06994439461951628,0.051772980586151124,0.1415429408761893,0.15212725053834908,0.15123005509165646,0.10176441692551326,0.15194087338076154,0.013631874823626206,0.11349684110136914,0.10413399195700057
4880,2,max_steps,3,3,0,1738.0502340493028,3500,923.6666666666666,487.0,0.11470229191456562,0.1,3.6429312229156494,25.307327270507812,-84.96195220947266,503.27099609375,1500.0,276.01233811981655,2382,-34.97000000000161,-2.992104070523235,0.0,0.4965857811569437,"{6: 106, 5: 99, 4: 25, 3: 3, 2: 28, 1: 31, 0: 58}","{4: 7, 3: 295, 2: 28, 0: 10, 1: 10}","{1: 131, 2: 108, 0: 111}","{1: 305, 2: 11, 0: 34}","{1: 197, 2: 71, 0: 82}","{1: 303, 2: 13, 0: 34}",0.06952547667629552,0.011953015559984941,0.08915474007876831,0.06782339971533585,0.14873770378693446,0.06535475265283557,0.17822017136752735,0.10425947160981994,0.1672311777219456,0.013033632851670248,0.17535137528564224,0.2112195476013935
4890,2,crash,3,1,1,274.11837942066006,902,812.0,812.0,0.11356041685833969,0.1,3.6571507453918457,25.402786254882812,-84.96195220947266,504.5445861816406,500.0,90.14341812823454,626,-9.009999999999852,-7.015038707574699,-300.0,0.30390064237323733,"{0: 57, 1: 13, 2: 10, 3: 1, 4: 6, 5: 3}","{4: 21, 3: 60, 2: 9}","{1: 33, 0: 57}","{1: 60, 2: 22, 0: 8}","{1: 35, 0: 55}","{1: 77, 0: 7, 2: 6}",0.09664836100626154,0.014190198147118424,0.11803915368715862,0.06824561946516078,0.21515112397800276,0.0696202263125426,0.25236612249553286,0.14700909989306143,0.22023529111591938,0.009637014235208118,0.2816163141946155,0.06091909082179946
4900,2,crash,3,4,1,2050.7976300699665,3173,765.0,756.5,0.11242990930508398,0.1,3.6789135932922363,25.56131935119629,-84.96195220947266,508.0011901855469,2000.0,393.4194011995117,2979,-31.690000000002154,-10.931771129542348,-300.0,0.6463276489347515,"{4: 82, 3: 37, 0: 74, 1: 23, 2: 33, 6: 62, 5: 6}","{0: 29, 1: 26, 2: 27, 3: 185, 6: 13, 5: 6, 4: 31}","{1: 151, 2: 87, 0: 79}","{1: 202, 0: 78, 2: 37}","{1: 224, 2: 72, 0: 21}","{1: 281, 2: 8, 0: 28}",0.054323837870771115,0.02073508191598459,0.05757044406620963,0.045093011167722734,0.2254316144346656,0.13943202959910464,0.22433511731614386,0.10058210543595593,0.1284776804988273,0.16822442057841405,0.11804805922773039,0.09931271028681392
4910,2,max_steps,3,3,0,1786.22369903281,3500,975.3333333333334,664.0,0.11131065608994473,0.1,3.6998472213745117,25.62955665588379,-84.96195220947266,504.2254638671875,1500.0,335.8233869704136,2815,-34.97000000000161,-14.62968793760857,0.0,0.5103496282950886,"{1: 80, 2: 46, 3: 33, 4: 88, 6: 60, 5: 41, 0: 2}","{5: 11, 4: 19, 3: 233, 2: 42, 0: 40, 1: 5}","{1: 163, 0: 90, 2: 97}","{1: 270, 2: 38, 0: 42}","{1: 230, 0: 63, 2: 57}","{1: 274, 0: 46, 2: 30}",0.057787020784782414,0.01888579856134484,0.06981104818883528,0.0800594088816052,0.13493976506709576,0.12401373495184312,0.16578514515832052,0.11137268867509388,0.13365523355020756,0.01838383708274541,0.1803962295951395,0.13180259397913394
4920,2,crash,3,1,1,238.43225738558505,1147,859.0,859.0,0.1102025451746378,0.1,3.7195115089416504,25.696258544921875,-84.96195220947266,503.3287658691406,500.0,67.29738758256627,858,-11.4599999999998,-17.405130196982736,-300.0,0.2078746794992023,"{0: 31, 1: 19, 2: 35, 4: 4, 5: 9, 6: 16}","{1: 10, 2: 9, 3: 83, 4: 12}","{1: 51, 0: 63}","{1: 66, 0: 26, 2: 22}","{1: 76, 0: 38}","{1: 83, 0: 20, 2: 11}",0.0628659066523132,0.025365503206359788,0.05688738004767223,0.08565595781512697,0.14721489280221486,0.12691808508501107,0.16709648892147083,0.12576432276389768,0.10519955370248438,0.02220898976798195,0.17996525969102858,0.09512703183582744
4930,2,crash,3,3,1,1382.7403838858718,2770,872.6666666666666,818.0,0.10910546563623366,0.1,3.7436954975128174,25.816272735595703,-84.96195220947266,502.69403076171875,1500.0,218.2952731595704,1967,-27.670000000001526,-7.88488927370368,-300.0,0.499184254110423,"{2: 80, 3: 2, 5: 25, 6: 63, 4: 10, 0: 77, 1: 20}","{4: 14, 3: 198, 5: 25, 2: 9, 0: 26, 1: 5}","{1: 117, 0: 114, 2: 46}","{1: 189, 2: 45, 0: 43}","{1: 170, 0: 68, 2: 39}","{1: 235, 0: 24, 2: 18}",0.06230602923262607,0.02229203820023031,0.07018300771626439,0.05759339674654077,0.18193205300685814,0.14665354167261774,0.2002833396999238,0.1209661588764297,0.17900294969599748,0.030758932160942002,0.11260393175910738,0.08220323830582543
4940,2,max_steps,3,4,0,2224.5627081250846,3500,782.25,827.5,0.10801930765605373,0.1,3.766664981842041,25.952167510986328,-84.96195220947266,523.8062133789062,2000.0,259.52270812509283,2705,-34.960000000001614,0.0,0.0,0.6355893451785956,"{4: 61, 3: 5, 1: 51, 2: 71, 5: 45, 6: 76, 0: 41}","{5: 6, 4: 16, 3: 275, 0: 18, 1: 8, 2: 27}","{1: 158, 2: 65, 0: 127}","{1: 275, 2: 26, 0: 49}","{1: 234, 2: 51, 0: 65}","{1: 296, 2: 29, 0: 25}",0.05806295838930085,0.015661739736236368,0.06861936661337531,0.06849688789802515,0.11154577998471028,0.09186267433220519,0.1472207776906451,0.10342609281631626,0.1544389779721128,0.027907924448958215,0.1411454859968065,0.2428221043318271
4950,2,max_steps,3,3,0,1619.8848935507112,3500,1106.6666666666667,1264.0,0.10694396250867766,0.1,3.7834296226501465,26.080732345581055,-84.96195220947266,523.8062133789062,1500.0,277.9305948664941,2955,-34.97000000000161,-123.07570131578827,0.0,0.4628242553002032,"{2: 55, 3: 16, 6: 82, 5: 30, 4: 23, 0: 117, 1: 27}","{4: 20, 3: 205, 1: 5, 2: 59, 6: 33, 5: 9, 0: 19}","{1: 208, 0: 76, 2: 66}","{1: 207, 2: 87, 0: 56}","{1: 272, 2: 37, 0: 41}","{1: 266, 2: 46, 0: 38}",0.039190865384669066,0.024233822616501706,0.046661971420257395,0.07426919204280139,0.11379043542429855,0.1264166237474878,0.1457636324333436,0.1258891224506581,0.13773982991129133,0.13501981745344077,0.09810458289734994,0.20573097313282382
4960,2,crash,3,1,1,225.70738663338915,1136,677.0,677.0,0.10587932255105957,0.1,3.8039352893829346,26.221771240234375,-84.96195220947266,523.1718139648438,500.0,57.641702369050535,610,-11.349999999999802,-20.584315735664145,-300.0,0.19868607978291297,"{1: 50, 2: 17, 6: 46}","{0: 7, 1: 8, 2: 7, 3: 45, 6: 45, 5: 1}","{1: 42, 0: 71}","{1: 51, 0: 26, 2: 36}","{1: 74, 0: 39}","{1: 92, 0: 9, 2: 12}",0.08204022389398542,0.036190775650789424,0.06627146781964913,0.05163907285887982,0.16681363527421472,0.16775510156380494,0.18137478420574446,0.10427914923007156,0.1504456326507485,0.01914477011505047,0.21589867975670524,0.09894205821937499
4970,2,crash,3,1,1,260.08804496059855,1056,943.0,943.0,0.10482528121175305,0.1,3.8194327354431152,26.30600929260254,-84.96195220947266,516.2256469726562,500.0,78.24509909945873,942,-10.54999999999982,-7.60705413886095,-300.0,0.24629549712177892,"{6: 72, 5: 11, 4: 10, 3: 1, 0: 11}","{1: 1, 2: 49, 3: 44, 5: 11}","{1: 59, 2: 46}","{1: 53, 0: 44, 2: 8}","{1: 60, 2: 45}","{1: 91, 2: 4, 0: 10}",0.013332351392254608,0.02939363550657384,0.04660487785847956,0.01725053026789123,0.21322698149632036,0.03660783534049278,0.23016844522231353,0.10503087713875814,0.2192281151090374,0.004890055634836443,0.24748898949986253,0.03055472980542888
4980,2,success,3,5,0,2753.136542943071,3393,678.6,635.0,0.10378173298024321,0.1,3.8479223251342773,26.46038055419922,-84.96195220947266,514.6821899414062,2500.0,287.0165429430739,2709,-33.88000000000183,0.0,0.0,0.8114166056419307,"{5: 54, 4: 121, 3: 21, 0: 63, 1: 20, 2: 60}","{1: 22, 2: 34, 3: 226, 6: 17, 5: 23, 4: 17}","{1: 175, 2: 84, 0: 80}","{1: 220, 0: 58, 2: 61}","{1: 248, 2: 41, 0: 50}","{1: 284, 2: 29, 0: 26}",0.047585466401205825,0.02276120832439395,0.052228831710019276,0.07039919845389231,0.10276393130890871,0.14311024955298393,0.12801817260754145,0.10254473085504646,0.07628410432218476,0.07724127372401778,0.11253634703655369,0.10137187753660323
4990,2,max_steps,3,1,0,691.8444971576432,3500,706.0,706.0,0.10274857339638495,0.1,3.865802526473999,26.50406837463379,-84.96195220947266,505.950927734375,500.0,226.83449715763706,2744,-34.99000000000161,0.0,0.0,0.1976698563307552,"{1: 45, 2: 23, 3: 14, 6: 117, 5: 41, 4: 110}","{6: 5, 5: 7, 4: 8, 3: 242, 2: 52, 0: 31, 1: 5}","{1: 224, 0: 36, 2: 90}","{1: 269, 2: 27, 0: 54}","{1: 301, 0: 11, 2: 38}","{1: 299, 0: 26, 2: 25}",0.034507835230502035,0.016157703004126896,0.04858501093443962,0.05047014416132206,0.09426285427060478,0.16062163193879075,0.10205670668151567,0.10190489465777483,0.0944653845243504,0.022782863868587088,0.08364050681221463,0.10163797379031207
5000,2,crash,3,4,1,1948.3158308058537,3405,765.5,716.0,0.10172569903994645,0.1,3.892653703689575,26.631591796875,-84.96195220947266,508.7480163574219,2000.0,308.76526038582756,1932,-34.0100000000018,-26.439429579970618,-300.0,0.5721926081661832,"{2: 69, 3: 35, 6: 121, 5: 34, 4: 47, 0: 34}","{4: 47, 3: 196, 5: 28, 2: 33, 0: 31, 1: 5}","{1: 98, 0: 106, 2: 136}","{1: 205, 2: 62, 0: 73}","{1: 212, 0: 46, 2: 82}","{1: 292, 0: 36, 2: 12}",0.08438232965860817,0.025624235676190467,0.08540547302067095,0.05703185405288264,0.15693459912745025,0.1276690125769813,0.17940766502096386,0.10264387014612787,0.16197303900257437,0.15069771625149506,0.1119784601509758,0.08647494108148895
5010,2,crash,3,2,1,778.4874000630431,1211,506.5,506.5,0.10071300752025668,0.1,3.9164674282073975,26.77586555480957,-84.96195220947266,500.55322265625,1000.0,107.4448410684224,976,-12.089999999999787,-16.867441005380364,-300.0,0.6428467382849241,"{3: 42, 0: 24, 1: 18, 2: 17, 6: 20}","{6: 5, 5: 20, 4: 16, 3: 57, 2: 3, 0: 20}","{1: 51, 0: 70}","{1: 62, 2: 43, 0: 16}","{1: 72, 0: 49}","{1: 102, 0: 9, 2: 10}",0.0749481183063205,0.026660367912824993,0.06191280793321691,0.0578439899665433,0.14567946791077258,0.08987014153052472,0.1665973253193823,0.11799439392980254,0.14781843730642757,0.10860227596817515,0.20356977549206007,0.09548876889408504
5020,2,max_steps,3,2,0,1220.9932797818744,3500,1056.0,1056.0,0.099710397465956,0.1,3.9369990825653076,26.883691787719727,-84.96195220947266,499.8859558105469,1000.0,260.9303432225293,2967,-34.98000000000161,-4.957063440658208,0.0,0.3488552227948213,"{0: 48, 1: 29, 2: 128, 3: 6, 6: 139}","{6: 7, 5: 6, 4: 8, 3: 212, 2: 73, 0: 35, 1: 9}","{1: 216, 0: 80, 2: 54}","{1: 255, 2: 28, 0: 67}","{1: 287, 0: 37, 2: 26}","{1: 296, 0: 31, 2: 23}",0.035788135820873174,0.01690133700420863,0.04467443684120808,0.06737286987622651,0.08664044390673527,0.13311636499070298,0.11998443083039703,0.10444084908685448,0.07879590666344839,0.021963416581361493,0.12368062226238358,0.09926183151858993
5030,2,success,3,5,0,2752.2241692797047,2508,501.6,474.0,0.09871776851484879,0.1,3.971308469772339,27.022470474243164,-84.96195220947266,510.6239929199219,2500.0,277.6569511168816,1941,-25.030000000001113,-0.40278183716707405,0.0,1.097378057926517,"{3: 48, 4: 164, 2: 38}","{0: 36, 1: 13, 2: 15, 6: 40, 5: 4, 4: 19, 3: 123}","{1: 200, 2: 29, 0: 21}","{1: 112, 0: 73, 2: 65}","{1: 216, 2: 22, 0: 12}","{1: 231, 0: 10, 2: 9}",0.03152835238666116,0.041780628337933653,0.03274680747701482,0.04155309993918288,0.07602226954958757,0.1939702661702707,0.108562310278836,0.09907131717584287,0.08479700935679826,0.15678102764770885,0.11284516169116224,0.09784354048790057
5040,2,max_steps,3,4,0,2248.673692074414,3500,662.5,677.0,0.09773502130385713,0.1,3.9942071437835693,27.095352172851562,-84.96195220947266,498.8404541015625,2000.0,289.5440748330572,3082,-34.960000000001614,-5.91038275862406,0.0,0.6424781977355468,"{2: 87, 3: 63, 4: 105, 5: 9, 0: 41, 1: 45}","{6: 33, 5: 22, 4: 29, 3: 189, 0: 30, 1: 7, 2: 40}","{1: 196, 0: 93, 2: 61}","{1: 186, 2: 87, 0: 77}","{1: 288, 0: 39, 2: 23}","{1: 316, 0: 25, 2: 9}",0.038719836602658195,0.02617215801059642,0.04102442300602318,0.0391961473271364,0.09197259627699951,0.14459933707287578,0.1151197762292702,0.09952831200383266,0.09197282935865611,0.13696910745064894,0.10218472483010207,0.06630307427802964
5050,2,crash,3,2,1,799.9284117860766,2292,1071.0,1071.0,0.09676205745907442,0.1,4.013866424560547,27.097360610961914,-84.96195220947266,492.28961181640625,1000.0,132.73337903537504,1705,-22.90000000000078,-9.904967249303319,-300.0,0.3490089056658275,"{4: 35, 3: 3, 0: 87, 1: 15, 2: 74, 6: 15}","{1: 1, 2: 33, 3: 146, 5: 25, 4: 24}","{1: 123, 2: 23, 0: 83}","{1: 161, 0: 21, 2: 47}","{1: 172, 2: 8, 0: 49}","{1: 211, 2: 3, 0: 15}",0.043283154003410595,0.01788804693141771,0.04977241846669744,0.05297915759427323,0.12204568407345141,0.10755255959080828,0.14457209096559834,0.09838961556538062,0.10035804405156092,0.09796535958711904,0.14438310643462354,0.09388895471825529
5060,2,crash,3,1,1,234.85044739167284,895,593.0,593.0,0.0957987795859181,0.1,4.03967809677124,27.204147338867188,-84.96195220947266,492.9364013671875,500.0,59.41085332345077,566,-8.939999999999854,-15.62040593177958,-300.0,0.26240273451583557,"{1: 44, 2: 14, 3: 1, 5: 2, 6: 28}","{0: 11, 1: 6, 2: 16, 3: 42, 4: 14}","{1: 39, 0: 50}","{1: 36, 0: 29, 2: 24}","{1: 50, 0: 39}","{1: 73, 0: 1, 2: 15}",0.0818311530931632,0.03403660807708087,0.07499591536960862,0.08171953580690455,0.21965657529148744,0.1595453512275881,0.23053484941928032,0.10812193008978524,0.18722950070456035,0.00805052467309186,0.24511397105761024,0.0433029114288883
5070,2,crash,3,3,1,1410.9963425012943,3104,999.3333333333334,1276.0,0.09484509125938038,0.1,4.067248344421387,27.275060653686523,-84.96195220947266,502.24395751953125,1500.0,252.09570470220524,2648,-31.010000000002048,-10.08936220091417,-300.0,0.45457356395015924,"{1: 96, 2: 41, 3: 4, 4: 47, 6: 113, 5: 6, 0: 3}","{2: 77, 3: 167, 1: 8, 6: 35, 5: 14, 4: 9}","{1: 174, 0: 58, 2: 78}","{1: 205, 0: 38, 2: 67}","{1: 224, 0: 25, 2: 61}","{1: 251, 0: 40, 2: 19}",0.037034909804349266,0.01927113271301293,0.044089960266742334,0.050923418264332415,0.19114081133975758,0.11860910754625216,0.207921936769855,0.1177843691988924,0.11379455327783052,0.025076085629901868,0.13461985701245538,0.12068938683458241
5080,2,success,3,5,0,2792.8888088728845,2797,559.4,626.0,0.0939008970143759,0.1,4.091134071350098,27.371864318847656,-84.96195220947266,493.92437744140625,2500.0,324.86765319357767,2104,-27.920000000001565,-4.058844320698453,0.0,0.9985301426073953,"{3: 127, 2: 31, 1: 31, 6: 65, 5: 8, 4: 17}","{6: 32, 5: 22, 4: 77, 0: 21, 1: 5, 2: 29, 3: 93}","{1: 172, 0: 47, 2: 60}","{1: 105, 2: 117, 0: 57}","{1: 196, 0: 36, 2: 47}","{1: 242, 2: 23, 0: 14}",0.034974213634885655,0.036812975037906426,0.0458281147245021,0.042942399678799315,0.20352950868934586,0.12695236269857657,0.23740785363834646,0.10640984236449606,0.18285501798654366,0.06698749714797622,0.19491046099703516,0.05409100442511353
5090,2,max_steps,3,3,0,1719.3991422400838,3500,856.3333333333334,779.0,0.09296610233618571,0.1,4.111293315887451,27.46366310119629,-84.96195220947266,499.71429443359375,1500.0,254.36914224007657,2810,-34.97000000000161,0.0,0.0,0.4912568977828811,"{6: 29, 5: 36, 4: 143, 3: 16, 0: 73, 1: 17, 2: 36}","{3: 259, 2: 34, 4: 20, 0: 31, 1: 6}","{1: 166, 2: 76, 0: 108}","{1: 286, 2: 19, 0: 45}","{1: 265, 2: 40, 0: 45}","{1: 300, 0: 29, 2: 21}",0.05321758350755176,0.019345709837536588,0.059088238209039246,0.06264413635071567,0.1321931301300156,0.08243287389345484,0.14683443615975694,0.1038301170245466,0.1474906365968047,0.026508010925123775,0.23888001147256724,0.09820619664581177
5100,2,max_steps,3,3,0,1640.7389972342298,3500,868.0,539.0,0.09204061365099617,0.1,4.1274638175964355,27.519060134887695,-84.96195220947266,492.204833984375,1500.0,175.70899723422437,2726,-34.97000000000161,0.0,0.0,0.4687825706383514,"{3: 33, 5: 81, 4: 134, 2: 51, 6: 51}","{4: 38, 3: 235, 2: 35, 5: 10, 0: 28, 1: 4}","{1: 249, 2: 71, 0: 30}","{1: 254, 2: 51, 0: 45}","{1: 305, 2: 27, 0: 18}","{1: 312, 2: 5, 0: 33}",0.025038635125128286,0.011531075986752093,0.032754585372733125,0.05017425961180172,0.07364954965078452,0.1385345344338316,0.10528699498527332,0.10036362562145983,0.0758027318115876,0.03412494476058424,0.12638611483751022,0.0995617025082759
5110,2,max_steps,3,3,0,1801.5143133982367,3500,1066.3333333333333,999.0,0.09112433831653222,0.1,4.1527419090271,27.638324737548828,-84.96195220947266,492.5097351074219,1500.0,395.90779513805177,2612,-34.97000000000161,-59.423481739820815,0.0,0.5147183752566391,"{0: 128, 1: 26, 2: 23, 3: 1, 6: 159, 5: 6, 4: 7}","{5: 8, 4: 31, 3: 276, 0: 14, 1: 6, 2: 15}","{1: 108, 0: 156, 2: 86}","{1: 251, 2: 55, 0: 44}","{1: 178, 0: 103, 2: 69}","{1: 297, 0: 24, 2: 29}",0.08881377785572582,0.01789172196516536,0.09919281363742286,0.06850841581816444,0.17703851861371492,0.12963773372138537,0.21296103231672295,0.10202769938892584,0.2444222207938536,0.010346191957341468,0.160966094650318,0.30127281382124627
5120,2,crash,3,1,1,256.7122825942533,753,624.0,624.0,0.09021718461278372,0.1,4.172731399536133,27.74512481689453,-84.96195220947266,500.11846923828125,500.0,71.16467908613616,553,-7.519999999999884,-6.932396491883618,-300.0,0.34091936599502426,"{0: 40, 1: 11, 2: 10, 3: 1, 4: 9, 5: 4}","{4: 13, 3: 48, 2: 1, 1: 13}","{1: 31, 0: 44}","{1: 47, 2: 16, 0: 12}","{1: 29, 0: 46}","{1: 65, 0: 7, 2: 3}",0.09387745949041718,0.020419985378882344,0.15945460520895893,0.048763328878586074,0.22966029419056558,0.11645635744625617,0.26533350536224065,0.10350833369431132,0.2251529428843892,0.006231725160407136,0.27721159113364297,0.04814518675359525
5130,2,max_steps,3,3,0,1719.8495138387566,3500,1128.3333333333333,933.0,0.08931906173282418,0.1,4.191193103790283,27.76988983154297,-84.96195220947266,493.83819580078125,1500.0,261.89511869823133,3150,-34.97000000000161,-7.0756048594806815,0.0,0.4913855753825019,"{0: 44, 1: 23, 2: 37, 3: 24, 6: 179, 5: 29, 4: 14}","{6: 18, 5: 9, 4: 28, 3: 204, 2: 56, 0: 30, 1: 5}","{1: 197, 0: 53, 2: 100}","{1: 242, 2: 54, 0: 54}","{1: 277, 0: 29, 2: 44}","{1: 291, 0: 27, 2: 32}",0.040435843231582905,0.015245259710404989,0.04098542817243489,0.0722440761708833,0.09901023668675657,0.16857674152955524,0.12194843435255799,0.10404372739380312,0.14084975393356441,0.07245857816819111,0.1599539666643292,0.12198073053866483
5140,2,crash,3,1,1,257.61856437155666,787,662.0,662.0,0.08842987977372102,0.1,4.208065032958984,27.899520874023438,-84.96195220947266,521.7741088867188,500.0,72.0605286819356,661,-7.859999999999877,-6.581964310379843,-300.0,0.32734252143781023,"{0: 40, 1: 13, 2: 12, 3: 1, 6: 12}","{1: 5, 2: 11, 3: 54, 4: 8}","{1: 32, 0: 46}","{1: 47, 0: 20, 2: 11}","{1: 29, 0: 49}","{1: 60, 0: 8, 2: 10}",0.09620119683900127,0.018013433896338873,0.12823994066256583,0.06322240619778877,0.23940156088799006,0.12972283065642437,0.25316112189326884,0.11897813253414859,0.21404041672891624,0.011149469565062789,0.28060264797416967,0.06461435701915522
5150,2,max_steps,3,4,0,2200.7944439852563,3500,654.75,679.5,0.08754954972753605,0.1,4.236873149871826,28.03365135192871,-84.96195220947266,491.3873596191406,2000.0,235.75444398527222,2937,-34.960000000001614,0.0,0.0,0.6287984125672161,"{3: 15, 6: 122, 5: 14, 4: 20, 1: 129, 2: 40, 0: 10}","{5: 2, 4: 35, 3: 148, 2: 135, 0: 25, 1: 5}","{1: 202, 2: 70, 0: 78}","{1: 272, 2: 34, 0: 44}","{1: 271, 2: 38, 0: 41}","{1: 329, 2: 12, 0: 9}",0.035153849524172304,0.015146306988492455,0.04279293256945881,0.0348952007679922,0.10660480244121928,0.11576878897918728,0.11956979358385875,0.0957418209681664,0.15053180312412906,0.14209479190478516,0.13552599026833598,0.09404194212266143
5160,2,max_steps,3,2,0,1180.2432515366256,3500,1050.5,1050.5,0.08667798347241583,0.1,4.268606662750244,28.163848876953125,-84.96195220947266,492.2588195800781,1000.0,218.79511417814186,2745,-34.98000000000161,-3.5718626415203247,0.0,0.33721235758189305,"{6: 59, 5: 133, 4: 51, 3: 4, 0: 53, 1: 15, 2: 35}","{6: 8, 5: 8, 4: 8, 3: 284, 2: 14, 0: 23, 1: 5}","{1: 207, 2: 67, 0: 76}","{1: 276, 2: 31, 0: 43}","{1: 273, 2: 33, 0: 44}","{1: 316, 2: 14, 0: 20}",0.03955613547000392,0.015578669933007114,0.04696713886828749,0.041908230675306364,0.10361112419074102,0.1352570172435164,0.11888251955573118,0.09947597438695244,0.062167781124283034,0.02271193078886129,0.11686553738476,0.10321891148115014
5170,2,max_steps,3,4,0,2407.0079414277598,3500,844.75,847.0,0.08581509376377047,0.1,4.2994608879089355,28.272212982177734,-84.96195220947266,488.9927978515625,2000.0,489.9604277715782,2828,-34.960000000001614,-47.99248634381252,0.0,0.6877165546936457,"{4: 38, 3: 4, 0: 176, 1: 18, 2: 29, 6: 80, 5: 5}","{0: 10, 1: 7, 2: 23, 3: 239, 5: 30, 4: 41}","{1: 107, 2: 79, 0: 164}","{1: 248, 0: 34, 2: 68}","{1: 178, 0: 111, 2: 61}","{1: 309, 2: 23, 0: 18}",0.09673876532381599,0.014443003264170702,0.09849856393513472,0.04681832644954405,0.21069025445730635,0.12613362640413806,0.2405352259169409,0.10092086139241421,0.2250741808652128,0.17476654770497718,0.13862697615339997,0.18423452925424477
5180,2,crash,3,2,1,822.1137968634403,1759,721.5,721.5,0.08496079422554047,0.1,4.3216633796691895,28.381633758544922,-84.96195220947266,511.555419921875,1000.0,153.99444865863597,1503,-17.569999999999947,-14.310651795196547,-300.0,0.4673756662100286,"{5: 36, 4: 42, 3: 10, 0: 64, 1: 12, 2: 11}","{2: 38, 3: 107, 6: 11, 5: 7, 4: 12}","{1: 48, 2: 36, 0: 91}","{1: 115, 0: 31, 2: 29}","{1: 103, 2: 15, 0: 57}","{1: 157, 2: 5, 0: 13}",0.08625872161342094,0.015622005590279394,0.09018706393411277,0.05656876691314153,0.15008248010965913,0.13539896768627713,0.14461657720086982,0.10007105796530591,0.17732852388982784,0.011340577364445338,0.15342796552244958,0.10236614141713701
5190,2,crash,3,2,1,893.4416809789334,3259,1374.0,1374.0,0.08411499934155028,0.1,4.343042850494385,28.499292373657227,-84.96195220947266,508.431396484375,1000.0,243.79126299396228,2634,-32.57000000000209,-17.77958201503372,-300.0,0.27414595918347145,"{6: 50, 5: 33, 4: 46, 3: 16, 0: 107, 1: 15, 2: 58}","{5: 18, 4: 23, 3: 212, 0: 29, 1: 6, 2: 23, 6: 14}","{1: 125, 2: 62, 0: 138}","{1: 220, 2: 61, 0: 44}","{1: 236, 2: 19, 0: 70}","{1: 306, 2: 8, 0: 11}",0.07484572105014746,0.02094830905625042,0.07923615142473493,0.03917568200719128,0.10442732151881463,0.1562022901888007,0.11755122211924782,0.09510031867340775,0.09818187036446178,0.02539958828011109,0.13946903356640186,0.03437195493581349
5200,2,crash,3,4,1,2056.486736834348,3431,826.75,754.0,0.08327762444694821,0.1,4.366005897521973,28.622304916381836,-84.96195220947266,507.4502258300781,2000.0,424.0550195882467,2930,-34.27000000000175,-33.298282753894135,-300.0,0.5993840678619493,"{3: 19, 0: 152, 1: 34, 2: 25, 6: 97, 5: 6, 4: 10}","{5: 11, 4: 26, 3: 248, 2: 34, 0: 19, 1: 5}","{1: 112, 0: 164, 2: 67}","{1: 253, 2: 33, 0: 57}","{1: 195, 0: 93, 2: 55}","{1: 285, 0: 36, 2: 22}",0.07435890013395251,0.013863549584182299,0.08828646082774765,0.06005285633762014,0.234060778307907,0.1286213266512593,0.25022821388585903,0.1063574760993459,0.21072312743672003,0.17534667186729638,0.2868724314988148,0.1752333913030074
5210,2,max_steps,3,4,0,2243.6674219430893,3500,861.5,596.5,0.08244858571973125,0.1,4.380238056182861,28.735124588012695,-84.96195220947266,507.4502258300781,2000.0,283.2986954321791,2853,-34.960000000001614,-4.671273489091127,0.0,0.6410478348408827,"{5: 28, 4: 32, 3: 21, 2: 106, 0: 144, 1: 13, 6: 6}","{4: 23, 3: 218, 2: 30, 0: 27, 1: 8, 5: 12, 6: 32}","{1: 181, 2: 68, 0: 101}","{1: 240, 2: 60, 0: 50}","{1: 271, 2: 26, 0: 53}","{1: 296, 2: 28, 0: 26}",0.04815792594503486,0.019956230659735362,0.06058977903901229,0.06315011130299486,0.09740222576070813,0.15559838705656104,0.12289211345968516,0.10386345048558586,0.10154986812246737,0.13013241666180173,0.11621292519140103,0.0971545274397503
5220,2,max_steps,3,4,0,2183.7910454865473,3500,724.5,456.5,0.08162780017235449,0.1,4.405222415924072,28.826438903808594,-84.96195220947266,507.4502258300781,2000.0,250.72775561070128,2275,-34.960000000001614,-31.97671012415373,0.0,0.6239402987104421,"{4: 86, 3: 18, 1: 38, 2: 36, 6: 166, 5: 6}","{5: 17, 4: 37, 3: 259, 2: 25, 1: 11, 6: 1}","{1: 233, 0: 56, 2: 61}","{1: 233, 2: 75, 0: 42}","{1: 283, 0: 21, 2: 46}","{1: 324, 0: 22, 2: 4}",0.0403359622198209,0.02402392093424954,0.04135939419622811,0.03630249998593196,0.10363013375609795,0.1321194978228484,0.1240946383662768,0.0991122514714391,0.1601434649278858,0.16742368566061833,0.10517087572260912,0.2570262374383646
5230,2,crash,3,2,1,843.3335895210353,2432,704.0,704.0,0.08081518564342396,0.1,4.432590961456299,28.925344467163086,-84.96195220947266,507.4502258300781,1000.0,193.10130648456217,1460,-24.300000000001,-25.467716963534105,-300.0,0.34676545621753097,"{2: 80, 3: 11, 5: 22, 6: 111, 4: 19}","{5: 7, 4: 21, 3: 119, 2: 16, 0: 25, 1: 5, 6: 50}","{1: 80, 0: 120, 2: 43}","{1: 91, 2: 97, 0: 55}","{1: 133, 0: 74, 2: 36}","{1: 202, 0: 19, 2: 22}",0.08769887535282232,0.04787873620340148,0.08458998229203867,0.05751324987652126,0.2063390067894849,0.18050210753337803,0.23580475306878768,0.1547960211901123,0.23029536678282755,0.011282242113258702,0.2323218256552749,0.35395130622555004
5240,2,crash,3,1,1,254.04139052514262,940,684.0,684.0,0.08001066078947226,0.1,4.449440956115723,29.024127960205078,-84.96195220947266,507.4502258300781,500.0,89.9173064714524,650,-9.389999999999844,-26.485915946310712,-300.0,0.2702567984310028,"{6: 50, 5: 8, 4: 10, 0: 26}","{6: 6, 5: 7, 4: 8, 3: 72, 2: 1}","{1: 42, 2: 52}","{1: 68, 2: 25, 0: 1}","{1: 54, 2: 40}","{1: 66, 2: 15, 0: 13}",0.05896770122271906,0.021666294133655596,0.05429526000394877,0.06369594661417649,0.20344590357894193,0.16710519087775358,0.2402229345459179,0.16590088643942114,0.2122868170530492,0.02839517701181721,0.16496243380144918,0.22924692901302443
5250,2,max_steps,3,4,0,2323.784253503255,3500,632.5,624.5,0.07921414507681587,0.1,4.474218368530273,29.15071678161621,-84.96195220947266,507.4502258300781,2000.0,358.74425350325953,2631,-34.960000000001614,0.0,0.0,0.6639383581437872,"{4: 55, 3: 4, 2: 28, 1: 25, 0: 160, 5: 13, 6: 65}","{6: 1, 5: 22, 4: 23, 3: 226, 0: 33, 1: 12, 2: 33}","{1: 139, 2: 98, 0: 113}","{1: 221, 2: 59, 0: 70}","{1: 188, 2: 76, 0: 86}","{1: 286, 0: 41, 2: 23}",0.08558075968228088,0.023363416839091176,0.08859101939472883,0.05770752281703015,0.2299282905428658,0.12172846435647564,0.25490261208157605,0.10698026202846811,0.15790627544574368,0.15807963629352972,0.1213410181294404,0.09974178276715345
5260,2,max_steps,3,3,0,1789.4717218821268,3500,1086.3333333333333,857.0,0.07842555877349378,0.1,4.490086555480957,29.252635955810547,-84.96195220947266,529.606201171875,1500.0,362.96501706817827,2747,-34.97000000000161,-38.52329518605811,0.0,0.5112776348234648,"{6: 118, 5: 16, 4: 18, 0: 170, 1: 16, 2: 11, 3: 1}","{0: 9, 1: 6, 2: 35, 3: 206, 5: 37, 4: 36, 6: 21}","{1: 122, 2: 108, 0: 120}","{1: 239, 0: 33, 2: 78}","{1: 185, 2: 86, 0: 79}","{1: 265, 2: 31, 0: 54}",0.07436825003182074,0.022092444591603574,0.09356188021977294,0.07702688774000116,0.20471483598946077,0.10337780647010447,0.2288492674230721,0.16306283293088641,0.2289796323710591,0.010037846737213104,0.25878528957441077,0.21004405010243624
5270,2,crash,3,3,1,1385.6246281764347,2211,696.6666666666666,573.0,0.07764482294128622,0.1,4.508976936340332,29.328895568847656,-84.96195220947266,507.4502258300781,1500.0,217.01858736126218,1755,-22.080000000000652,-9.313959184830786,-300.0,0.6266958969590388,"{5: 33, 4: 32, 3: 6, 0: 53, 1: 61, 2: 36}","{2: 63, 3: 105, 4: 14, 0: 14, 1: 12, 6: 6, 5: 7}","{1: 80, 2: 49, 0: 92}","{1: 150, 0: 45, 2: 26}","{1: 96, 2: 37, 0: 88}","{1: 144, 2: 37, 0: 40}",0.09148670607339994,0.025077941449256614,0.11992130012426666,0.08139490710219643,0.16987695556311241,0.09943703666803093,0.19515417741618502,0.18091823592455258,0.17514926451695498,0.02964597617121108,0.18186835015514,0.09972804833474593
5280,2,crash,3,1,1,190.23571377040844,1053,418.0,418.0,0.07687185942781283,0.1,4.53421688079834,29.420726776123047,-84.96195220947266,507.609375,500.0,65.8039580068543,616,-10.51999999999982,-65.04824423644733,-300.0,0.1806606968379947,"{0: 16, 1: 14, 2: 11, 3: 4, 4: 17, 5: 43}","{3: 57, 0: 11, 1: 7, 2: 9, 4: 21}","{1: 55, 0: 50}","{1: 63, 0: 38, 2: 4}","{1: 67, 0: 38}","{1: 81, 0: 14, 2: 10}",0.041136303452883785,0.017233824778646493,0.050318303595805844,0.06909378201074938,0.17261628969165982,0.15622079554046978,0.1988612009392808,0.10569542717565701,0.1917648721650763,0.007877582115128696,0.1884310045319918,0.10005514465834184
5290,2,max_steps,3,3,0,1783.7451397426216,3500,937.3333333333334,976.0,0.07610659085870955,0.1,4.5671820640563965,29.59752655029297,-84.96195220947266,507.6373291015625,1500.0,318.7151397426161,2869,-34.97000000000161,0.0,0.0,0.5096414684978919,"{1: 33, 2: 48, 3: 2, 6: 116, 5: 41, 4: 9, 0: 101}","{4: 26, 3: 256, 2: 22, 1: 19, 6: 20, 5: 7}","{1: 147, 0: 125, 2: 78}","{1: 241, 2: 70, 0: 39}","{1: 216, 0: 79, 2: 55}","{1: 275, 0: 38, 2: 37}",0.06271976743446905,0.02024923578366675,0.06654614048783788,0.07376187653952555,0.1569521821708561,0.08794896985763274,0.18441808640009635,0.13858473486050402,0.17583559014477426,0.012863185627088772,0.15439891757179333,0.18830778563407205
5300,2,max_steps,3,2,0,1203.1394638857155,3500,1629.5,1629.5,0.07534894062988341,0.1,4.593940258026123,29.671796798706055,-84.96195220947266,528.43994140625,1000.0,263.9390841070613,3082,-34.98000000000161,-25.819620221350174,0.0,0.34375413253877585,"{6: 68, 5: 23, 4: 35, 3: 3, 0: 127, 1: 28, 2: 66}","{5: 7, 4: 44, 3: 272, 2: 2, 0: 25}","{1: 197, 2: 43, 0: 110}","{1: 274, 2: 46, 0: 30}","{1: 278, 2: 24, 0: 48}","{1: 269, 2: 28, 0: 53}",0.04267998839354251,0.017131369664566118,0.04707144435435147,0.07363558711923421,0.09987101764666663,0.06681894149141382,0.1302171871904053,0.11125728259090012,0.09569828913301497,0.027388392104263498,0.15829750962192524,0.10332733882490297
5310,2,max_steps,3,1,0,599.1085320953757,3500,2894.0,2894.0,0.07459883289984436,0.1,4.618257999420166,29.769916534423828,-84.96195220947266,514.4992065429688,500.0,134.09853209537604,2083,-34.99000000000161,0.0,0.0,0.1711738663129645,"{5: 67, 4: 219, 3: 3, 0: 61}","{6: 2, 5: 9, 4: 8, 3: 259, 2: 54, 0: 13, 1: 5}","{1: 288, 2: 62}","{1: 275, 2: 28, 0: 47}","{1: 329, 2: 21}","{1: 343, 0: 5, 2: 2}",0.017689697108645725,0.013495867199352928,0.021808501507308592,0.02886204993658841,0.06510317645651396,0.09491269348452179,0.08732882797547516,0.09245282597771222,0.06154380601299697,0.03038748890807433,0.06571014795951365,0.09253214089680895
5320,2,max_steps,3,4,0,2232.0038068745853,3500,812.0,726.0,0.07385619258211344,0.1,4.6413774490356445,29.880813598632812,-84.96195220947266,529.0584716796875,2000.0,266.9638068745989,2795,-34.960000000001614,0.0,0.0,0.6377153733927386,"{1: 98, 2: 146, 6: 60, 5: 27, 4: 16, 3: 3}","{1: 11, 2: 96, 3: 170, 6: 29, 5: 13, 4: 16, 0: 15}","{1: 220, 0: 85, 2: 45}","{1: 221, 0: 69, 2: 60}","{1: 277, 0: 40, 2: 33}","{1: 311, 0: 28, 2: 11}",0.03342181790938621,0.021643538383047528,0.03144884517868694,0.04858012882286185,0.11497902569292108,0.17497099664771706,0.13035785366527783,0.10056826794570264,0.14367765072989191,0.023853504422374685,0.15041539589979372,0.12834344363270728
5330,2,max_steps,3,4,0,2274.995792272565,3500,697.0,645.5,0.07312094533770659,0.1,4.658172607421875,29.977108001708984,-84.96195220947266,515.4955444335938,2000.0,371.77299944436857,3011,-34.960000000001614,-61.81720717178937,0.0,0.6499987977921614,"{0: 46, 1: 45, 2: 34, 3: 12, 4: 86, 6: 116, 5: 11}","{4: 36, 3: 258, 0: 18, 1: 8, 2: 27, 5: 3}","{1: 112, 0: 125, 2: 113}","{1: 244, 2: 52, 0: 54}","{1: 176, 0: 81, 2: 93}","{1: 287, 0: 32, 2: 31}",0.07382403617927388,0.022836491942114942,0.09883365032792168,0.07549096799547464,0.1822091929672016,0.1006173157477068,0.2246287539154266,0.1150446008351949,0.15499410936337346,0.017199061617752233,0.2130319119717548,0.1217017552637583
5340,2,crash,3,1,1,258.76412564849886,824,489.0,489.0,0.07239301756769324,0.1,4.6734747886657715,30.098234176635742,-84.96195220947266,518.7459716796875,500.0,77.58093823536672,684,-8.229999999999869,-10.586812586868405,-300.0,0.3140341330685666,"{2: 57, 3: 9, 4: 9, 5: 7}","{0: 9, 1: 6, 2: 8, 3: 25, 6: 34}","{1: 40, 0: 42}","{1: 22, 0: 27, 2: 33}","{1: 47, 0: 35}","{1: 61, 0: 5, 2: 16}",0.05596858561586931,0.09406384683959897,0.06698722450299768,0.08376260988378209,0.23413273708203383,0.17472463429899285,0.24961811451330662,0.13441186801709895,0.10078189537447506,0.026869954594199663,0.17675487314421515,0.09890444796965148
5350,2,crash,3,1,1,150.70180169139167,1751,1044.0,1044.0,0.07167233640582907,0.1,4.680049896240234,30.16191291809082,-84.96195220947266,518.7459716796875,500.0,57.54710051330373,836,-17.499999999999936,-89.34529882191418,-300.0,0.08606613460387874,"{1: 80, 2: 23, 3: 1, 5: 3, 6: 68}","{2: 62, 3: 53, 5: 9, 4: 51}","{1: 110, 0: 65}","{1: 143, 2: 30, 0: 2}","{1: 145, 0: 30}","{1: 148, 0: 13, 2: 14}",0.03863015619114547,0.008319568643715834,0.05341985899988113,0.05603215433651752,0.14668782777483425,0.04197525927312747,0.154594586934404,0.10419222192548631,0.16034005219324288,0.005388150408225701,0.239929412949497,0.09410533922982545
5360,2,crash,3,2,1,916.5455176301851,1958,939.5,939.5,0.07095882971126181,0.1,4.700392723083496,30.30638885498047,-84.96195220947266,518.7459716796875,1000.0,242.4543505338324,1653,-19.560000000000258,-6.348832903648217,-300.0,0.4681029201379904,"{5: 57, 4: 18, 3: 1, 0: 99, 1: 5, 2: 7, 6: 8}","{0: 13, 1: 8, 2: 10, 3: 118, 6: 34, 5: 5, 4: 7}","{1: 91, 2: 50, 0: 54}","{1: 115, 0: 31, 2: 49}","{1: 110, 2: 30, 0: 55}","{1: 186, 0: 3, 2: 6}",0.061388688985110004,0.022948301997886916,0.07947930596452714,0.02979750455661606,0.26388776036416794,0.1852379944672833,0.285827777648169,0.09510030230734116,0.20127782905867428,0.00814606011416627,0.19614594370770952,0.04310398136150641
5370,2,crash,3,2,1,705.6185727307843,2301,621.5,621.5,0.0702524260613101,0.1,4.720093727111816,30.43638038635254,-84.96195220947266,536.7572631835938,1000.0,112.37078801128723,1449,-22.990000000000794,-83.76221528050456,-300.0,0.306657354511423,"{4: 41, 3: 3, 1: 48, 0: 21, 2: 11, 6: 106}","{4: 50, 3: 146, 0: 14, 1: 6, 2: 14}","{1: 159, 2: 16, 0: 55}","{1: 124, 2: 37, 0: 69}","{1: 187, 2: 7, 0: 36}","{1: 191, 2: 21, 0: 18}",0.03109945317397131,0.028412669000124964,0.0527804846238275,0.06479426409681455,0.1605465961547753,0.13346950828508425,0.1682558564670169,0.10716317866433686,0.20877953753115985,0.017729726706832222,0.27475448533126756,0.10528485532106799
5380,2,crash,3,3,1,1395.1062804757134,2556,807.3333333333334,859.0,0.06955305474431396,0.1,4.7365264892578125,30.498794555664062,-84.96195220947266,524.049072265625,1500.0,229.0400605492381,1699,-25.53000000000119,-8.403780073529672,-300.0,0.5458162286681195,"{1: 79, 2: 34, 5: 10, 6: 78, 4: 11, 0: 42, 3: 1}","{2: 90, 3: 148, 1: 4, 4: 13}","{1: 99, 0: 108, 2: 48}","{1: 214, 0: 29, 2: 12}","{1: 140, 0: 80, 2: 35}","{1: 213, 0: 23, 2: 19}",0.06491886165675198,0.01334322140391226,0.08718003737912279,0.0607578498943091,0.20036011991433417,0.039935802090696124,0.21988747733827285,0.10438202798177973,0.22349569503250558,0.011427071787550258,0.19346636859835223,0.11638272217595488
5390,2,max_steps,3,3,0,1659.5335229097177,3500,781.6666666666666,867.0,0.06886064575255636,0.1,4.7591166496276855,30.578645706176758,-84.96195220947266,519.7896728515625,1500.0,271.9552523608564,2587,-34.97000000000161,-77.45172945113852,0.0,0.4741524351170622,"{4: 69, 3: 5, 6: 25, 5: 51, 1: 26, 0: 146, 2: 28}","{6: 50, 5: 10, 4: 14, 3: 182, 0: 29, 1: 5, 2: 60}","{1: 198, 2: 81, 0: 71}","{1: 198, 2: 84, 0: 68}","{1: 272, 2: 55, 0: 23}","{1: 292, 2: 22, 0: 36}",0.04002249206741978,0.02418227518547339,0.04704248033632865,0.048632240681621274,0.1006060699540059,0.19210522596243038,0.12466219412206564,0.1100349632705447,0.17020237664029483,0.03112654094987065,0.14045790133189343,0.13132710199097244
5400,2,crash,3,1,1,228.59607581623362,2433,1919.0,1919.0,0.06817512977525558,0.1,4.781716823577881,30.662952423095703,-84.96195220947266,520.9584350585938,500.0,87.49659541426065,1262,-24.320000000001002,-34.580519598029184,-300.0,0.09395646354962335,"{1: 156, 0: 25, 2: 10, 6: 52}","{0: 4, 1: 8, 2: 92, 3: 87, 6: 37, 5: 12, 4: 3}","{1: 171, 2: 13, 0: 59}","{1: 176, 0: 26, 2: 41}","{1: 198, 2: 3, 0: 42}","{1: 220, 0: 12, 2: 11}",0.023704830162380727,0.00952915044447555,0.03216316434301847,0.04915867254192183,0.1594737802546807,0.08387911987373897,0.1757129483645723,0.09829800629959486,0.2218501755207824,0.0007371882021973568,0.2501122188274819,0.006375492175117335
5410,2,crash,3,2,1,818.1507457690205,1763,774.0,774.0,0.06749643819162694,0.1,4.799835205078125,30.789140701293945,-84.96195220947266,518.7923583984375,1000.0,144.60749840399095,1347,-17.609999999999953,-8.846752634973596,-300.0,0.46406735437834407,"{5: 46, 4: 48, 3: 8, 0: 53, 1: 10, 2: 9, 6: 2}","{0: 9, 1: 6, 2: 13, 3: 103, 4: 33, 5: 12}","{1: 78, 2: 36, 0: 62}","{1: 117, 0: 26, 2: 33}","{1: 107, 2: 14, 0: 55}","{1: 153, 2: 21, 0: 2}",0.060730083831760026,0.024324895606921797,0.07474879388845643,0.07146859616006604,0.22623024099871408,0.157834250491494,0.22566214154890574,0.10236289262702797,0.10855274174786586,0.023136912040751374,0.15054907682925728,0.10256894426555527
5420,2,crash,3,3,1,1449.1084226746116,2724,863.3333333333334,941.0,0.06682450306401397,0.1,4.822793483734131,30.90128517150879,-84.96195220947266,535.6633911132812,1500.0,289.64096092804306,1919,-27.210000000001454,-13.32253825343755,-300.0,0.5319781287351731,"{6: 154, 5: 19, 4: 25, 3: 4, 1: 43, 2: 13, 0: 14}","{0: 8, 1: 16, 2: 59, 3: 175, 4: 14}","{1: 89, 2: 119, 0: 64}","{1: 201, 0: 45, 2: 26}","{1: 137, 2: 86, 0: 49}","{1: 231, 2: 15, 0: 26}",0.10531048091144245,0.01815605433250296,0.09761069703883678,0.05870657572736718,0.22765386510715152,0.11518367122904388,0.23762702248357623,0.10369081769407507,0.20132627048995028,0.0275894486539545,0.25018706181748523,0.10394689448534469
5430,2,crash,3,3,1,1520.010699691523,3487,1123.6666666666667,1270.0,0.06615925713108767,0.1,4.842791557312012,31.01007652282715,-84.96195220947266,515.9354248046875,1500.0,363.973139645695,3028,-34.84000000000164,-9.122439954177151,-300.0,0.4359078576689197,"{1: 32, 2: 34, 3: 11, 6: 109, 5: 9, 4: 11, 0: 142}","{3: 274, 2: 50, 1: 13, 6: 11}","{1: 81, 0: 169, 2: 98}","{1: 301, 0: 38, 2: 9}","{1: 171, 0: 108, 2: 69}","{1: 313, 0: 20, 2: 15}",0.08199685619213612,0.00856995769415699,0.10017876501589992,0.07192122040164174,0.18310938572014882,0.043252668711140904,0.20613737146497726,0.1000579316343251,0.19625813902014227,0.027057496733258454,0.2611646695869417,0.3656828886968172
5440,2,max_steps,3,4,0,2220.5736415972074,3500,821.0,895.0,0.06550063380111361,0.1,4.856498718261719,31.066370010375977,-84.96195220947266,505.9454650878906,2000.0,301.1736136257848,2792,-34.960000000001614,-45.63997202858,0.0,0.6344496118849164,"{1: 78, 2: 57, 3: 4, 5: 96, 6: 68, 4: 47}","{6: 22, 5: 12, 4: 38, 3: 206, 2: 22, 0: 42, 1: 8}","{1: 155, 0: 100, 2: 95}","{1: 200, 2: 78, 0: 72}","{1: 253, 0: 36, 2: 61}","{1: 310, 0: 31, 2: 9}",0.057202693592979054,0.02469173821262174,0.0673295232665213,0.046658185007609584,0.11028456313838203,0.18212905044022012,0.12950944806463258,0.10077372085309035,0.11454693114833712,0.02157578941284036,0.1112486838009493,0.09443380490442042
5450,2,max_steps,3,4,0,2358.3611314996792,3500,800.0,812.0,0.0648485671452861,0.1,4.872828960418701,31.15293312072754,-84.96195220947266,515.6436157226562,2000.0,393.32113149966915,2744,-34.960000000001614,0.0,0.0,0.6738174661427655,"{2: 53, 3: 2, 6: 128, 5: 32, 4: 32, 0: 89, 1: 14}","{2: 20, 3: 278, 4: 28, 0: 16, 1: 8}","{1: 123, 0: 130, 2: 97}","{1: 284, 0: 44, 2: 22}","{1: 201, 0: 69, 2: 80}","{1: 301, 0: 36, 2: 13}",0.07321490506547572,0.013876090702787388,0.08851806892872893,0.06567668377660982,0.19782952093196532,0.0777053995702657,0.2230475003833013,0.10270166463595333,0.17542238190305265,0.010885427201444576,0.1397907910659464,0.22715914540798035
5460,2,max_steps,3,4,0,2268.557103793171,3500,800.5,656.5,0.06420299189112859,0.1,4.9031853675842285,31.31904411315918,-84.96195220947266,518.1056518554688,2000.0,303.6147557738608,2674,-34.960000000001614,-0.09765198068262007,0.0,0.6481591725123346,"{2: 76, 3: 4, 4: 92, 5: 20, 1: 6, 6: 122, 0: 30}","{0: 31, 1: 16, 2: 66, 3: 187, 6: 34, 5: 5, 4: 11}","{1: 182, 0: 67, 2: 101}","{1: 185, 0: 111, 2: 54}","{1: 255, 0: 45, 2: 50}","{1: 320, 0: 15, 2: 15}",0.044914148684418786,0.028567257097571797,0.04986631169529182,0.05479969510998252,0.15678618113331275,0.16584422137286647,0.18072480764240284,0.09961482231022983,0.09750308611161437,0.11273051410683128,0.10858391968798738,0.09892210919728252
5470,2,crash,3,2,1,886.4928082400927,2281,1030.5,1030.5,0.06356384341595984,0.1,4.913625717163086,31.398727416992188,-84.96195220947266,515.6436157226562,1000.0,255.94600348711876,1740,-22.790000000000763,-46.66319524702805,-300.0,0.3886421780973664,"{6: 90, 5: 15, 4: 19, 3: 2, 0: 90, 1: 5, 2: 7}","{4: 13, 3: 159, 2: 34, 0: 14, 1: 8}","{1: 66, 2: 68, 0: 94}","{1: 175, 2: 21, 0: 32}","{1: 133, 2: 32, 0: 63}","{1: 200, 2: 14, 0: 14}",0.08365173947419698,0.01900812671889017,0.09310753168594967,0.05635370668424768,0.23958641016478338,0.0977930392127978,0.25233897922601306,0.10076207645379233,0.2637300839493528,0.013588016985176407,0.2070111092863843,0.09594728273142482
5480,2,crash,3,3,1,1393.9189661439434,2375,734.3333333333334,564.0,0.06293105774042516,0.1,4.934063911437988,31.535099029541016,-84.96195220947266,515.6436157226562,1500.0,230.08528412601095,2046,-23.72000000000091,-12.44631798207096,-300.0,0.586913248902713,"{4: 55, 3: 12, 2: 57, 0: 82, 1: 14, 6: 17}","{6: 41, 5: 13, 4: 24, 3: 99, 0: 25, 1: 5, 2: 30}","{1: 123, 2: 28, 0: 86}","{1: 124, 2: 66, 0: 47}","{1: 161, 2: 9, 0: 67}","{1: 210, 2: 21, 0: 6}",0.046073565126635525,0.028761773361670257,0.05521388462452943,0.046459049140615626,0.14018193439376475,0.175936273025664,0.14851679956373767,0.10086894691186954,0.1663002517010122,0.01740053732942466,0.20397135343215753,0.09985704740384353
5490,2,success,3,5,0,2736.5770273724693,3167,633.4,572.0,0.06230457152209198,0.1,4.960319519042969,31.64337158203125,-84.96195220947266,515.6436157226562,2500.0,282.5362707294122,2819,-31.620000000002143,-14.339243356931494,0.0,0.8640912621952855,"{3: 29, 2: 135, 0: 8, 1: 45, 6: 83, 5: 7, 4: 9}","{2: 75, 6: 22, 5: 16, 4: 27, 3: 154, 0: 9, 1: 13}","{1: 177, 2: 59, 0: 80}","{1: 187, 0: 59, 2: 70}","{1: 239, 0: 30, 2: 47}","{1: 266, 2: 30, 0: 20}",0.04262527352034716,0.026477237174617915,0.05398246003540971,0.0629470459686059,0.09382183403854766,0.14199812008515633,0.127962974057542,0.1063648725037181,0.08758366194234904,0.07095934416504468,0.1287847718189373,0.10253578548397431
5500,2,max_steps,3,4,0,2146.121228749021,3500,853.0,420.5,0.06168432204910925,0.1,4.989536285400391,31.810832977294922,-84.96195220947266,551.0308837890625,2000.0,181.0812287490156,2407,-34.960000000001614,0.0,0.0,0.6131774939282918,"{4: 27, 3: 24, 2: 103, 0: 4, 1: 183, 6: 9}","{4: 18, 3: 101, 5: 7, 2: 149, 0: 48, 1: 18, 6: 9}","{1: 211, 2: 63, 0: 76}","{1: 272, 2: 31, 0: 47}","{1: 248, 2: 33, 0: 69}","{1: 298, 2: 30, 0: 22}",0.029311621557192448,0.01346520327790603,0.043643179519998576,0.044548418388580924,0.156125289083707,0.06324869334750877,0.1950558136604291,0.10376646745287278,0.17994177638511277,0.1559460602499724,0.23304099323825028,0.09678049534686259
5510,2,max_steps,3,3,0,1761.8722104163783,3500,998.6666666666666,855.0,0.06107024723392989,0.1,5.015570640563965,31.913543701171875,-84.96195220947266,542.0416259765625,1500.0,296.8422104163719,2660,-34.97000000000161,0.0,0.0,0.5033920601189652,"{6: 67, 5: 48, 4: 29, 0: 133, 1: 33, 2: 39, 3: 1}","{5: 16, 4: 37, 3: 232, 0: 30, 1: 5, 2: 7, 6: 23}","{1: 163, 2: 85, 0: 102}","{1: 224, 2: 81, 0: 45}","{1: 241, 2: 63, 0: 46}","{1: 304, 2: 4, 0: 42}",0.05680621663927425,0.02419358524726435,0.0590597339814478,0.06405120754491259,0.15210035464047378,0.17393970479112558,0.17247596495208367,0.10158447983113299,0.20289005487447404,0.013783013459445721,0.16924628568366534,0.2507222654087532
5520,2,max_steps,3,4,0,2313.6373008123924,3500,761.5,668.0,0.06046228560709583,0.1,5.045896530151367,32.036376953125,-84.96195220947266,542.7865600585938,2000.0,348.59730081239337,2652,-34.960000000001614,0.0,0.0,0.6610392288035407,"{2: 95, 3: 4, 6: 123, 5: 6, 4: 7, 1: 40, 0: 75}","{1: 18, 2: 43, 3: 246, 5: 4, 4: 39}","{1: 138, 0: 136, 2: 76}","{1: 255, 0: 60, 2: 35}","{1: 204, 0: 77, 2: 69}","{1: 286, 0: 37, 2: 27}",0.06303498092822124,0.01714656345675454,0.08577520723311305,0.08048629482084556,0.19361751021912701,0.11457457204801222,0.2338437867672741,0.11078782230172267,0.2219679988089676,0.03888013809684862,0.17618982120470006,0.1916043733693097
5530,2,crash,3,2,1,900.9776519342173,2452,1146.5,1146.5,0.05986037631108477,0.1,5.058006286621094,32.113914489746094,-84.96195220947266,542.7865600585938,1000.0,234.20552590062806,2107,-24.50000000000103,-8.727873966412238,-300.0,0.3674460244429924,"{6: 34, 5: 19, 4: 43, 3: 2, 0: 109, 1: 25, 2: 13}","{3: 196, 4: 24, 2: 9, 0: 16}","{1: 63, 2: 62, 0: 120}","{1: 205, 0: 16, 2: 24}","{1: 158, 2: 35, 0: 52}","{1: 205, 2: 19, 0: 21}",0.08387827903891694,0.015806473078485945,0.09041773469493891,0.0682419858825043,0.13969868240764413,0.03588235160337511,0.16654085909603486,0.10386578379045992,0.16608436726801007,0.028365085430142555,0.2396312574474176,0.10034622147138322
5540,2,max_steps,3,3,0,1657.0539832917675,3500,504.3333333333333,471.0,0.05926445909421837,0.1,5.080188751220703,32.18955993652344,-84.96195220947266,539.754150390625,1500.0,192.0239832917563,2250,-34.97000000000161,0.0,0.0,0.47344399522621927,"{2: 25, 3: 45, 4: 81, 0: 199}","{2: 27, 3: 181, 6: 60, 5: 11, 4: 29, 0: 36, 1: 6}","{1: 254, 0: 40, 2: 56}","{1: 209, 0: 52, 2: 89}","{1: 313, 0: 12, 2: 25}","{1: 327, 2: 11, 0: 12}",0.029171865115170503,0.024247013861728096,0.040395547229242317,0.04527568903466825,0.07833768695749498,0.162162827902486,0.10207135242909737,0.09690172125270943,0.09033022040916489,0.20277771591578617,0.11812801551151488,0.08028535614335242
5550,2,success,3,5,0,2800.8616005148524,2640,528.0,568.0,0.05867447430463093,0.1,5.091802597045898,32.18034362792969,-84.96195220947266,534.4869384765625,2500.0,327.5257191757954,2224,-26.35000000000132,-0.31411866093785257,0.0,1.060932424437444,"{0: 14, 1: 16, 2: 126, 6: 63, 5: 8, 4: 34, 3: 3}","{3: 193, 4: 41, 0: 18, 1: 5, 2: 7}","{1: 125, 0: 83, 2: 56}","{1: 183, 2: 44, 0: 37}","{1: 167, 0: 49, 2: 48}","{1: 216, 0: 26, 2: 22}",0.05654406793017559,0.02357708078566807,0.05221544592068375,0.07016112819890377,0.20444871241076099,0.1249716422612018,0.2398429058032195,0.10618258949464016,0.1922026010525495,0.029165165317706392,0.17052135306926067,0.10657224787609547
5560,2,max_steps,3,3,0,1694.3680206860877,3500,780.0,932.0,0.05809036288429827,0.1,5.110779762268066,32.30795669555664,-84.96195220947266,534.4869384765625,1500.0,229.33802068607818,2508,-34.97000000000161,0.0,0.0,0.48410514876745364,"{5: 16, 4: 121, 3: 4, 0: 68, 1: 13, 2: 11, 6: 117}","{3: 220, 2: 46, 4: 35, 0: 18, 1: 8, 6: 3, 5: 20}","{1: 189, 2: 74, 0: 87}","{1: 231, 0: 70, 2: 49}","{1: 273, 2: 29, 0: 48}","{1: 323, 2: 13, 0: 14}",0.04629514398590674,0.022322494061474202,0.05639838360179972,0.03718509363373877,0.10566418654520064,0.11225762313028148,0.11648258679665822,0.09760598984592876,0.1630550009148782,0.017784971098612254,0.12620847117731213,0.09888937910420532
5570,2,crash,3,2,1,822.3933838525155,1128,495.5,495.5,0.057512066363125884,0.1,5.14327335357666,32.42591857910156,-84.96195220947266,532.9441528320312,1000.0,141.4033235157391,809,-11.259999999999804,-7.749939663225214,-300.0,0.7290721488054216,"{5: 15, 4: 32, 3: 2, 0: 50, 1: 6, 2: 6, 6: 1}","{3: 91, 4: 8, 0: 13}","{1: 25, 2: 35, 0: 52}","{1: 102, 2: 1, 0: 9}","{1: 42, 2: 17, 0: 53}","{1: 88, 2: 16, 0: 8}",0.09222748152634845,0.015680380662155415,0.1144531638571564,0.08233890949823708,0.27871913307169227,0.028431758386744374,0.3035689040678346,0.12396369046193151,0.29288300121079236,0.01474322725273407,0.29461072821351636,0.07980870483976626
5580,2,success,3,5,0,2812.701820678448,3225,645.0,599.0,0.056939526853096056,0.1,5.165574073791504,32.55659103393555,-84.96195220947266,524.2342529296875,2500.0,348.72694934538396,2482,-32.20000000000216,-3.825128666916479,0.0,0.8721556033111466,"{2: 68, 3: 17, 4: 110, 5: 45, 0: 75, 1: 7}","{6: 10, 5: 38, 4: 52, 3: 171, 0: 19, 1: 7, 2: 25}","{1: 166, 0: 71, 2: 85}","{1: 174, 2: 88, 0: 60}","{1: 237, 0: 56, 2: 29}","{1: 302, 0: 12, 2: 8}",0.04523739024424335,0.028114340567504663,0.06433779605061754,0.039862108091517176,0.15367863002856363,0.16240960626420267,0.20720368094655117,0.09710184779809315,0.09213336855398999,0.16570399409385864,0.10626938907954375,0.09281385593423926
5590,2,max_steps,3,3,0,1720.2228339221028,3500,1149.3333333333333,836.0,0.056372687042473224,0.1,5.181093215942383,32.644508361816406,-84.96195220947266,517.64453125,1500.0,255.192833922095,2909,-34.97000000000161,0.0,0.0,0.49149223826345795,"{6: 51, 5: 16, 4: 20, 3: 3, 2: 96, 1: 161, 0: 3}","{0: 51, 1: 23, 2: 54, 3: 183, 6: 27, 5: 5, 4: 7}","{1: 196, 2: 86, 0: 68}","{1: 207, 0: 99, 2: 44}","{1: 254, 2: 41, 0: 55}","{1: 315, 2: 25, 0: 10}",0.03909637500663975,0.026163139043595508,0.04924404307069112,0.03265098507709363,0.10866013085170113,0.15448719995280652,0.13845126808161506,0.09996584811993205,0.14897397449302097,0.02204078823801194,0.22039418933846547,0.052784549939917796
5600,2,crash,3,1,1,176.31981424396452,1268,656.0,656.0,0.05581149019006703,0.1,5.196254730224609,32.7591667175293,-84.96195220947266,510.1279602050781,500.0,81.64985789562832,816,-12.669999999999774,-92.66004365166522,-300.0,0.13905348126495623,"{0: 43, 1: 12, 2: 9, 3: 1, 6: 61}","{5: 10, 4: 8, 3: 46, 2: 5, 0: 44, 1: 13}","{1: 74, 0: 52}","{1: 44, 2: 22, 0: 60}","{1: 80, 0: 46}","{1: 102, 0: 12, 2: 12}",0.028356579984281104,0.06500151060301468,0.050956632769657645,0.04682112176899704,0.20892330976570422,0.1315975034628541,0.24663961204972135,0.1068021104080788,0.23121492338734878,0.0005075117004237359,0.2763859801990545,0.03713425899430967
5610,2,crash,3,2,1,747.0423313390227,1498,476.5,476.5,0.055255880119552445,0.1,5.214522838592529,32.809547424316406,-84.96195220947266,513.6516723632812,1000.0,95.58696367999849,708,-14.959999999999726,-33.58463234097942,-300.0,0.49869314508612994,"{4: 27, 3: 2, 1: 16, 0: 42, 2: 8, 6: 54}","{2: 38, 3: 77, 6: 6, 5: 8, 4: 20}","{1: 60, 2: 25, 0: 64}","{1: 59, 0: 51, 2: 39}","{1: 76, 2: 16, 0: 57}","{1: 108, 2: 17, 0: 24}",0.07484764363956403,0.03358343709318797,0.09934008005206464,0.09006804913999479,0.23115377403121493,0.11647666382692869,0.2552140094716512,0.16929934846433564,0.040571452749161796,0.12702940071569352,0.10579612697690849,0.10065660014721889
5620,2,success,3,5,0,2808.7437026950256,3333,666.6,667.0,0.05470580121384651,0.1,5.241053104400635,32.893428802490234,-84.96195220947266,511.3697204589844,2500.0,342.0237026950316,2870,-33.28000000000195,0.0,0.0,0.8427073815466624,"{2: 154, 1: 68, 3: 36, 6: 61, 5: 6, 4: 8}","{5: 19, 4: 57, 3: 162, 2: 39, 0: 25, 1: 14, 6: 17}","{1: 173, 0: 111, 2: 49}","{1: 168, 2: 97, 0: 68}","{1: 231, 0: 64, 2: 38}","{1: 304, 0: 21, 2: 8}",0.04622000546699802,0.02989020085416969,0.06124954849011669,0.05178173553665574,0.12337476564955525,0.14513911645903185,0.1518534605307463,0.0986343104766608,0.09628038669334532,0.04948681972705207,0.1009934124179688,0.08325633901116805
5630,2,crash,3,1,1,227.76136997180737,1192,928.0,928.0,0.054161198409540964,0.1,5.260240077972412,32.9847526550293,-84.96195220947266,511.3697204589844,500.0,52.640043846194615,845,-11.90999999999979,-12.968673874388836,-300.0,0.19107497480856322,"{1: 79, 2: 12, 3: 1, 6: 27}","{1: 5, 2: 51, 3: 63}","{1: 70, 0: 49}","{1: 88, 0: 26, 2: 5}","{1: 78, 0: 41}","{1: 114, 0: 4, 2: 1}",0.006068085651486462,0.023668582267187824,0.02142442391552951,0.01563840356703978,0.1897700250138057,0.034145926482747786,0.20612493569669352,0.09860234912584281,0.18511049173401942,0.0042662731198590455,0.22451657923812202,0.047798557458422875
5640,2,success,3,5,0,2737.1387964838445,2930,586.0,507.0,0.05362201719139038,0.1,5.271153450012207,33.0526008605957,-84.96195220947266,515.8513793945312,2500.0,305.79923378606765,2542,-29.250000000001773,-39.41043730222517,0.0,0.9341770636463633,"{3: 32, 0: 69, 1: 16, 2: 11, 4: 95, 5: 60, 6: 10}","{4: 41, 0: 34, 1: 11, 2: 18, 3: 156, 6: 25, 5: 8}","{1: 145, 0: 54, 2: 94}","{1: 161, 2: 66, 0: 66}","{1: 185, 0: 37, 2: 71}","{1: 241, 2: 23, 0: 29}",0.05063594053342324,0.02705397152393908,0.05178712413263654,0.06681331772049923,0.15127886977876656,0.17138097206255762,0.18833426229883266,0.10460471182276085,0.142947598346694,0.03350537402706387,0.21274685559314904,0.09862567936461966
5650,2,max_steps,3,3,0,1746.1659324669217,3500,883.6666666666666,853.0,0.053088203586855155,0.1,5.297536849975586,33.12800979614258,-84.96195220947266,536.5619506835938,1500.0,316.3882523066497,2874,-34.97000000000161,-35.252319839729516,0.0,0.49890455213340623,"{6: 44, 5: 10, 4: 94, 3: 7, 0: 113, 1: 64, 2: 18}","{2: 54, 3: 199, 6: 33, 5: 8, 4: 9, 0: 18, 1: 29}","{1: 129, 2: 107, 0: 114}","{1: 220, 0: 81, 2: 49}","{1: 249, 2: 39, 0: 62}","{1: 294, 2: 26, 0: 30}",0.06772700696118988,0.019207980362104988,0.06197608207099406,0.057653749557964845,0.12117207399855448,0.15134633668455513,0.1343371098967672,0.10342842520549309,0.12063640854038664,0.016372058022208567,0.13433710989676717,0.09827034735218614
5660,2,max_steps,3,4,0,2253.425900878828,3500,849.25,817.0,0.05255970416069873,0.1,5.3255743980407715,33.177467346191406,-84.96195220947266,524.5357055664062,2000.0,288.38590087882375,3113,-34.960000000001614,0.0,0.0,0.6438359716796652,"{4: 203, 3: 10, 5: 59, 0: 56, 1: 7, 2: 8, 6: 7}","{0: 22, 1: 31, 2: 21, 3: 189, 6: 46, 5: 12, 4: 29}","{1: 218, 2: 77, 0: 55}","{1: 184, 0: 80, 2: 86}","{1: 278, 2: 32, 0: 40}","{1: 300, 2: 36, 0: 14}",0.036457182357251317,0.02896370403125022,0.04711666454859328,0.06250824904958419,0.134527082734953,0.1505070952819767,0.13300073251239505,0.1014937567235822,0.07695536158397609,0.02844839757244376,0.10510546536060894,0.10374951374921323
5670,2,max_steps,3,4,0,2293.7924012749186,3500,802.0,747.0,0.05203646600963878,0.1,5.352653503417969,33.269683837890625,-84.96195220947266,517.0953369140625,2000.0,328.75240127492185,3125,-34.960000000001614,0.0,0.0,0.6553692575071196,"{3: 25, 0: 100, 1: 20, 2: 27, 6: 77, 5: 29, 4: 72}","{1: 6, 2: 33, 4: 39, 3: 233, 0: 19, 6: 12, 5: 8}","{1: 158, 0: 106, 2: 86}","{1: 236, 0: 54, 2: 60}","{1: 241, 0: 71, 2: 38}","{1: 287, 0: 37, 2: 26}",0.06081726803698756,0.019990524066457287,0.07148926835355297,0.059691994750572984,0.13497305834688467,0.1490071881740738,0.1401590867082314,0.1031066746843886,0.12389396607726952,0.0937592113951733,0.08943777714427183,0.15026582967795685
5680,2,max_steps,3,3,0,1730.9981231073396,3500,1029.0,610.0,0.05151843675705146,0.1,5.368654251098633,33.26469421386719,-84.96195220947266,512.9923706054688,1500.0,266.35771909011896,2113,-34.97000000000161,-0.3895959827923924,0.0,0.49457089231638274,"{2: 80, 6: 56, 5: 43, 4: 120, 3: 13, 1: 21, 0: 17}","{6: 8, 5: 6, 4: 8, 3: 269, 1: 9, 2: 33, 0: 17}","{1: 182, 0: 100, 2: 68}","{1: 261, 2: 29, 0: 60}","{1: 269, 0: 29, 2: 52}","{1: 316, 0: 24, 2: 10}",0.04839204057395255,0.018141774640730288,0.05492170690505716,0.03453420504441945,0.11384512198431455,0.15594403260072848,0.1334836299195231,0.09994638445327937,0.11122840246246286,0.027652970793849117,0.09412176785436208,0.11711495993228262
5690,2,max_steps,3,3,0,1704.1051557314179,3500,987.3333333333334,1038.0,0.05100556454772849,0.1,5.381739616394043,33.33902359008789,-84.96195220947266,505.7371520996094,1500.0,239.07515573141322,3058,-34.97000000000161,0.0,0.0,0.4868871873518337,"{5: 49, 4: 15, 1: 158, 2: 118, 3: 10}","{0: 9, 1: 24, 2: 93, 3: 189, 6: 24, 5: 5, 4: 6}","{1: 256, 2: 38, 0: 56}","{1: 230, 0: 80, 2: 40}","{1: 310, 2: 22, 0: 18}","{1: 318, 2: 11, 0: 21}",0.02754476438595085,0.016373707588705093,0.025628221767752354,0.033036283839061556,0.08009914648349456,0.16793179251515064,0.10477749033451703,0.09925840898200837,0.1350683803621988,0.019324843055973116,0.11846899710505651,0.12959494888717746
5700,2,max_steps,3,2,0,1150.3599596902532,3500,1650.0,1650.0,0.05049779804268644,0.1,5.401614665985107,33.41847229003906,-84.96195220947266,502.9754943847656,1000.0,185.3399596902501,2027,-34.98000000000161,0.0,0.0,0.3286742741972152,"{5: 55, 4: 161, 3: 9, 0: 95, 1: 17, 2: 13}","{2: 50, 3: 277, 4: 3, 6: 15, 5: 5}","{1: 212, 2: 48, 0: 90}","{1: 291, 0: 39, 2: 20}","{1: 281, 2: 23, 0: 46}","{1: 328, 0: 17, 2: 5}",0.03245814566222511,0.01558196491000215,0.03285173043837032,0.041462143628827455,0.10780281292815923,0.07949372254486767,0.12232786835306371,0.09564461900362686,0.15659862703291277,0.01845326844807693,0.14123441689689528,0.0980464218270468
5710,2,crash,3,1,1,246.17524342552736,690,521.0,521.0,0.05,0.1,5.4120306968688965,33.51271438598633,-84.96195220947266,529.536376953125,500.0,61.27605682544962,520,-6.8899999999998975,-8.210813399923136,-300.0,0.35677571510945993,"{0: 24, 1: 15, 2: 12, 3: 1, 6: 17}","{2: 4, 3: 65}","{1: 19, 0: 50}","{1: 62, 0: 6, 2: 1}","{1: 17, 0: 52}","{1: 54, 0: 9, 2: 6}",0.11237292645448224,0.007407797450823098,0.13511220335452204,0.059105655663534026,0.20814492384272237,0.030454240075372837,0.22590639374640034,0.10321580098863094,0.19079040617737897,0.003091846586463824,0.23287574637194064,0.06507699792910372
5720,2,success,3,5,0,2831.8535122768553,3303,660.6,700.0,0.05,0.1,5.426443099975586,33.61681365966797,-84.96195220947266,514.0823974609375,2500.0,364.833512276867,2777,-32.98000000000201,0.0,0.0,0.8573580115885121,"{5: 43, 4: 70, 3: 33, 1: 29, 0: 82, 2: 24, 6: 49}","{2: 31, 3: 241, 5: 15, 4: 21, 0: 11, 1: 11}","{1: 151, 2: 94, 0: 85}","{1: 248, 0: 44, 2: 38}","{1: 194, 2: 57, 0: 79}","{1: 263, 0: 37, 2: 30}",0.060983352467784226,0.014318064237791648,0.08080615098225591,0.0788933543895724,0.21269379312365028,0.10863806844311262,0.2427268265582574,0.10735095578669596,0.1854453924908853,0.03235525507733861,0.11845987518056973,0.1014023689634719
5730,2,crash,3,4,1,1886.0583843584136,2847,570.25,393.0,0.05,0.1,5.440089225769043,33.683467864990234,-84.96195220947266,521.2125244140625,2000.0,257.7112238014587,2107,-28.430000000001645,-43.22283944302554,-300.0,0.6624722108740476,"{3: 41, 6: 74, 5: 72, 4: 39, 0: 38, 1: 11, 2: 9}","{0: 10, 1: 23, 2: 22, 6: 47, 5: 4, 4: 15, 3: 163}","{1: 173, 2: 50, 0: 61}","{1: 158, 0: 67, 2: 59}","{1: 216, 2: 21, 0: 47}","{1: 222, 2: 31, 0: 31}",0.0388740952145267,0.02518480175135525,0.04735344896800993,0.06604117912002218,0.18323322929521876,0.19617274973945859,0.187377274303155,0.10823735212405121,0.23223561897213235,0.18327732606270514,0.27206385152900225,0.10636110738654407
5740,2,max_steps,3,3,0,1798.5700592919732,3500,936.3333333333334,908.0,0.05,0.1,5.451251983642578,33.72795486450195,-84.96195220947266,520.0714721679688,1500.0,401.86787388732614,2758,-34.97000000000161,-68.32781459535866,0.0,0.5138771597977067,"{3: 24, 6: 184, 5: 17, 4: 35, 0: 75, 1: 7, 2: 8}","{0: 39, 1: 11, 2: 22, 6: 77, 5: 5, 4: 21, 3: 175}","{1: 199, 2: 93, 0: 58}","{1: 199, 0: 91, 2: 60}","{1: 242, 2: 66, 0: 42}","{1: 301, 2: 29, 0: 20}",0.042282527740534495,0.025915169488503653,0.05015021378827891,0.05335024079122304,0.1996576880293273,0.21064905830548233,0.22980282245491465,0.10377519714382676,0.21697127821775605,0.2103367459334136,0.17366050733478489,0.10692799342859936
5750,2,crash,3,1,1,256.5563210762704,853,660.0,660.0,0.05,0.1,5.471930980682373,33.75727462768555,-84.96195220947266,512.7299194335938,500.0,86.98083738945468,629,-8.519999999999863,-21.90451631318509,-300.0,0.3007694268186054,"{0: 48, 1: 8, 2: 9, 4: 4, 5: 12, 6: 4}","{1: 8, 2: 9, 3: 48, 6: 20}","{1: 36, 0: 49}","{1: 54, 0: 23, 2: 8}","{1: 48, 0: 37}","{1: 65, 0: 7, 2: 13}",0.07653108099461181,0.023867626544624185,0.05659825762683808,0.07387077407035614,0.20290271245853095,0.14797815447847218,0.2377520972287397,0.11879330576733357,0.1985534489675386,0.011162424230324633,0.15041019371131262,0.10359836421321823
5760,2,max_steps,3,3,0,1664.3827032769968,3500,1160.0,842.0,0.05,0.1,5.495757579803467,33.85549545288086,-84.96195220947266,512.4246826171875,1500.0,295.7038036282968,2922,-34.97000000000161,-96.3511003513048,0.0,0.4755379152219991,"{6: 62, 5: 9, 4: 10, 0: 154, 1: 73, 2: 39, 3: 3}","{6: 22, 5: 15, 4: 17, 3: 175, 0: 96, 1: 4, 2: 21}","{1: 187, 2: 48, 0: 115}","{1: 209, 2: 80, 0: 61}","{1: 259, 2: 39, 0: 52}","{1: 304, 2: 12, 0: 34}",0.045417184325156124,0.025420328778372775,0.05867021230966261,0.050698879776916346,0.12153435262395088,0.17681133019825135,0.13735713021007315,0.10371764572116318,0.18243693905079506,0.026917413699511575,0.12805074613345133,0.1887793103261417
5770,2,crash,3,1,1,158.86993531470114,1627,1013.0,1013.0,0.05,0.1,5.5172319412231445,33.95159912109375,-83.88251495361328,517.5433349609375,500.0,85.61914842958224,1185,-16.259999999999742,-110.48921311488203,-300.0,0.09764593442821214,"{0: 47, 1: 15, 2: 37, 3: 2, 5: 17, 6: 44}","{2: 55, 3: 107}","{1: 87, 0: 75}","{1: 128, 0: 24, 2: 10}","{1: 124, 0: 38}","{1: 143, 0: 15, 2: 4}",0.039196907117956856,0.017609699931243457,0.046020671921591164,0.04945366986807615,0.09867169863964423,0.04875925441439621,0.12070379872888451,0.101535522813446,0.08160112625523146,0.02690050539163124,0.12515360407922083,0.040069965503513605
5780,2,max_steps,3,4,0,2272.388890395842,3500,703.0,711.0,0.05,0.1,5.54364013671875,34.03547286987305,-83.88251495361328,517.2869873046875,2000.0,307.3488903958566,2979,-34.960000000001614,0.0,0.0,0.6492539686845262,"{1: 52, 2: 27, 3: 11, 5: 26, 6: 91, 4: 64, 0: 79}","{5: 6, 4: 18, 3: 289, 2: 15, 0: 17, 1: 5}","{1: 140, 0: 109, 2: 101}","{1: 286, 2: 23, 0: 41}","{1: 224, 0: 70, 2: 56}","{1: 313, 0: 9, 2: 28}",0.07039720561077253,0.01609713498306139,0.08548958277690659,0.054996898513964734,0.12039531611354001,0.11567801993073112,0.13132977374641944,0.10015933731805769,0.1265262379846422,0.02683131687992437,0.08783382850218671,0.09893379710143133
5790,2,max_steps,3,3,0,1753.5641148493967,3500,776.3333333333334,672.0,0.05,0.1,5.568831443786621,34.144500732421875,-83.88251495361328,517.8545532226562,1500.0,302.7844911497192,2844,-34.97000000000161,-14.250376300328629,0.0,0.5010183185283991,"{2: 28, 3: 8, 4: 81, 6: 83, 5: 32, 0: 118}","{3: 237, 0: 15, 1: 10, 2: 63, 5: 12, 4: 13}","{1: 123, 0: 115, 2: 112}","{1: 274, 2: 21, 0: 55}","{1: 230, 0: 70, 2: 50}","{1: 306, 0: 26, 2: 18}",0.07561892528321382,0.014533316206182232,0.08905181846086646,0.04683991955571348,0.10557824993388591,0.09526233415509294,0.11680042663091146,0.10126440899293995,0.10371642204448071,0.02869143649235254,0.11043752878154596,0.06824515563540215
5800,2,max_steps,3,4,0,2219.3934443061407,3500,786.25,800.0,0.05,0.1,5.592064380645752,34.28406524658203,-83.88251495361328,520.74267578125,2000.0,288.995885040406,2737,-34.960000000001614,-34.64244073426716,0.0,0.6341124126588974,"{0: 60, 1: 55, 2: 33, 3: 20, 5: 16, 6: 74, 4: 92}","{2: 110, 3: 182, 6: 15, 5: 5, 4: 38}","{1: 146, 0: 125, 2: 79}","{1: 252, 0: 63, 2: 35}","{1: 227, 0: 75, 2: 48}","{1: 306, 0: 31, 2: 13}",0.06259560892977387,0.019448633738438473,0.06823906274045138,0.06740485932025032,0.16114855215180293,0.09640207179576261,0.1822926506609834,0.10291070532607921,0.14966356419354335,0.02927978148016056,0.1146373212342875,0.10229583498061576
5810,2,max_steps,3,4,0,2334.3002458898623,3500,750.25,784.5,0.05,0.1,5.616870403289795,34.405189514160156,-83.88251495361328,518.2656860351562,2000.0,374.5612212800791,2762,-34.960000000001614,-5.300975390206666,0.0,0.6669429273971035,"{2: 107, 1: 57, 3: 54, 6: 66, 5: 7, 4: 9, 0: 50}","{1: 15, 2: 60, 3: 141, 6: 70, 5: 9, 4: 8, 0: 47}","{1: 168, 0: 97, 2: 85}","{1: 179, 0: 102, 2: 69}","{1: 239, 0: 52, 2: 59}","{1: 307, 0: 24, 2: 19}",0.05385949816324845,0.02911645829122496,0.061244815431834805,0.03895637145059222,0.18278314920413316,0.17044788341683098,0.2029555480021595,0.10195073760671072,0.12859764281446864,0.19740358152675444,0.11892008504722656,0.08354107085464557
5820,2,success,3,5,0,2844.9083475893776,2931,586.2,534.0,0.05,0.1,5.633780479431152,34.5008659362793,-83.88251495361328,594.9835205078125,2500.0,374.4427162266623,2735,-29.260000000001774,-0.2743686372870413,0.0,0.9706272083211797,"{0: 57, 1: 45, 2: 65, 3: 59, 6: 48, 5: 6, 4: 13}","{6: 7, 5: 7, 4: 18, 3: 166, 2: 43, 0: 32, 1: 20}","{1: 144, 0: 89, 2: 60}","{1: 177, 2: 35, 0: 81}","{1: 190, 0: 57, 2: 46}","{1: 258, 0: 25, 2: 10}",0.05369740609292702,0.023028677402157582,0.05615673612099734,0.037012482006149865,0.18634184500640258,0.1831442230085672,0.19659321153900025,0.10105449926813413,0.14117408227091513,0.0978506463787331,0.09800127824167104,0.09769509788857192
5830,2,max_steps,3,4,0,2142.4447713830523,3500,803.5,829.5,0.05,0.1,5.651347637176514,34.597286224365234,-83.88251495361328,563.9244384765625,2000.0,177.4047713830415,2544,-34.960000000001614,0.0,0.0,0.612127077538015,"{5: 31, 4: 87, 3: 30, 2: 107, 1: 66, 0: 29}","{2: 109, 3: 211, 4: 22, 1: 8}","{1: 182, 2: 93, 0: 75}","{1: 264, 0: 63, 2: 23}","{1: 284, 2: 41, 0: 25}","{1: 334, 2: 2, 0: 14}",0.044923100301061294,0.019011771888615903,0.05371569962558654,0.03987307490140399,0.10211705035022106,0.06230856745321308,0.10847088556847713,0.09530902513225181,0.10715870273025124,0.07951921399252782,0.10471020968072693,0.09180407935905764
5840,2,crash,3,2,1,782.3981932371682,1581,681.0,681.0,0.05,0.1,5.673054218292236,34.72275161743164,-83.88251495361328,535.1897583007812,1000.0,117.27633576611173,1153,-15.789999999999708,-19.088142528945326,-300.0,0.49487551754406595,"{4: 35, 3: 7, 0: 61, 1: 14, 2: 19, 5: 16, 6: 6}","{4: 11, 3: 118, 2: 7, 0: 12, 1: 10}","{1: 56, 2: 11, 0: 91}","{1: 115, 2: 22, 0: 21}","{1: 102, 0: 56}","{1: 151, 2: 1, 0: 6}",0.0821100485709233,0.013756305059164895,0.09496987539263092,0.0347487508862753,0.10247338934924757,0.10815640578759465,0.11283214980546921,0.09514118184068004,0.10129535723324994,0.12421985733827252,0.09747614298116987,0.09098548161588815
5850,2,crash,3,3,1,1407.3017104695189,2354,699.3333333333334,705.0,0.05,0.1,5.700838565826416,34.83938980102539,-83.88251495361328,531.734130859375,1500.0,248.82144792780167,1628,-23.510000000000876,-18.009737458289017,-300.0,0.597834201558844,"{1: 75, 2: 77, 3: 3, 6: 57, 5: 5, 4: 8, 0: 10}","{4: 18, 3: 166, 0: 9, 1: 11, 2: 31}","{1: 53, 0: 89, 2: 93}","{1: 176, 2: 18, 0: 41}","{1: 111, 0: 45, 2: 79}","{1: 180, 0: 27, 2: 28}",0.09356880851795445,0.017649885262910333,0.10209579747969899,0.06391965361221827,0.23656694074417786,0.07877203096589411,0.2427628704897607,0.15121034899806277,0.20145353186300446,0.02401831997649915,0.17219427032444892,0.04541024453818078
5860,2,crash,3,1,1,69.79594869764537,1950,765.0,765.0,0.05,0.1,5.715356349945068,34.9255485534668,-83.88251495361328,529.5296020507812,500.0,102.48713669678207,1381,-19.490000000000247,-213.20118799913644,-300.0,0.0357927942039207,"{0: 42, 1: 16, 2: 17, 3: 4, 4: 21, 5: 95}","{1: 3, 2: 11, 3: 136, 6: 14, 5: 6, 4: 25}","{1: 123, 0: 72}","{1: 128, 0: 24, 2: 43}","{1: 153, 0: 42}","{1: 181, 0: 13, 2: 1}",0.035168566136385235,0.019391424657561277,0.04416896165557149,0.03842781130680372,0.1099054554088807,0.13215981523375145,0.11588694599721978,0.08842237819206335,0.12153997674008148,0.008256369030774662,0.13000298458613382,0.04983112836216534
5870,2,crash,3,4,1,1950.4066476757516,3044,714.25,711.5,0.05,0.1,5.740025043487549,34.9951286315918,-83.88251495361328,526.13525390625,2000.0,291.5996302767161,2208,-30.400000000001953,-10.792982600958682,-300.0,0.6407380577121392,"{4: 59, 3: 8, 6: 59, 5: 43, 2: 47, 0: 76, 1: 12}","{0: 38, 1: 16, 2: 39, 3: 159, 6: 18, 5: 5, 4: 29}","{1: 121, 2: 70, 0: 113}","{1: 184, 0: 62, 2: 58}","{1: 185, 2: 35, 0: 84}","{1: 239, 2: 37, 0: 28}",0.06185280640718123,0.025580915672468684,0.07893595118847856,0.06726715417884685,0.1778232133600472,0.17110452078197655,0.20254180346726014,0.1171676595377693,0.12539876196882493,0.07715298364239352,0.19422560484657436,0.09918811191177113
5880,2,success,3,5,0,2758.474098154763,2621,524.2,450.0,0.05,0.1,5.762487888336182,35.087310791015625,-94.18115997314453,527.9584350585938,2500.0,285.1246979016261,2235,-26.16000000000129,-0.49059974686611263,0.0,1.052451010360459,"{3: 52, 2: 94, 4: 71, 5: 40, 6: 5}","{0: 36, 1: 12, 2: 31, 4: 43, 3: 122, 6: 12, 5: 6}","{1: 144, 0: 40, 2: 78}","{1: 130, 0: 69, 2: 63}","{1: 224, 2: 28, 0: 10}","{1: 241, 2: 4, 0: 17}",0.044594134189176196,0.03010116614608569,0.0526692929517099,0.04160875281429467,0.09363000351554927,0.18925255053414047,0.10737546190042886,0.09726829329436158,0.09718993757591908,0.04949755037601818,0.1476966481728412,0.09161585446428622
5890,2,max_steps,3,3,0,1722.3498613249938,3500,1110.0,1107.0,0.05,0.1,5.779004096984863,35.108924865722656,-94.18115997314453,527.0341186523438,1500.0,257.3198613249875,2725,-34.97000000000161,0.0,0.0,0.4920999603785696,"{1: 51, 0: 160, 2: 36, 3: 2, 5: 15, 6: 74, 4: 12}","{0: 10, 1: 7, 2: 30, 3: 265, 4: 28, 5: 10}","{1: 165, 0: 116, 2: 69}","{1: 272, 0: 41, 2: 37}","{1: 246, 0: 63, 2: 41}","{1: 321, 0: 14, 2: 15}",0.05709859552143974,0.017712445870045467,0.06138491653898732,0.056226614659318205,0.14599049764858402,0.08217078633096223,0.1467387378603321,0.09818835140885829,0.18527660558637746,0.01310352825281902,0.1664787341970649,0.10809930004382884
5900,2,crash,3,1,1,231.78815587665196,1059,779.0,779.0,0.05,0.1,5.7972517013549805,35.19647979736328,-92.2164077758789,523.527587890625,500.0,67.61794095864859,778,-10.579999999999819,-25.24978508199768,-300.0,0.21887455701289135,"{0: 33, 1: 26, 2: 17, 3: 1, 6: 28}","{2: 10, 3: 67, 6: 9, 5: 11, 4: 8}","{1: 33, 0: 72}","{1: 73, 0: 8, 2: 24}","{1: 68, 0: 37}","{1: 91, 0: 6, 2: 8}",0.06547165022556854,0.01702932903221483,0.0650902704248173,0.08443779414110247,0.1395929784705166,0.08936677632100554,0.154767688740616,0.1014876736773896,0.14126839903707694,0.011649327952926421,0.19072809183917888,0.07475886540483015
5910,2,success,3,5,0,2878.257430409722,3253,650.6,626.0,0.05,0.1,5.823797225952148,35.27695083618164,-92.2164077758789,534.79638671875,2500.0,413.69162768070714,2537,-32.48000000000211,-2.9541972709638094,0.0,0.8848009315738463,"{4: 80, 3: 48, 5: 10, 0: 59, 1: 6, 2: 12, 6: 110}","{3: 173, 2: 45, 4: 18, 0: 25, 1: 5, 6: 43, 5: 16}","{1: 114, 2: 127, 0: 84}","{1: 217, 2: 66, 0: 42}","{1: 185, 2: 74, 0: 66}","{1: 260, 0: 36, 2: 29}",0.07463083925332956,0.020047156782518286,0.08663660368495447,0.07219174261956425,0.22510453254880686,0.14146446006012395,0.2447189215368231,0.11142143668885617,0.15852894089309805,0.04703803489370313,0.12386556293585989,0.15010682517450652
5920,2,max_steps,3,4,0,2327.313418379556,3500,716.75,758.5,0.05,0.1,5.842478275299072,35.330284118652344,-98.312744140625,529.3228149414062,2000.0,362.2734183795557,3040,-34.960000000001614,0.0,0.0,0.6649466909655875,"{6: 67, 5: 7, 4: 28, 3: 120, 0: 50, 1: 43, 2: 35}","{0: 38, 1: 39, 2: 35, 3: 193, 4: 26, 6: 13, 5: 6}","{1: 191, 2: 52, 0: 107}","{1: 203, 0: 104, 2: 43}","{1: 252, 2: 37, 0: 61}","{1: 303, 2: 17, 0: 30}",0.03775291655972801,0.026987097885307267,0.04177569975263888,0.04787335923766358,0.18266378326418783,0.13415424651996044,0.204153081755302,0.10261010858236846,0.14575877799229758,0.09106226536716533,0.11392445338644026,0.09944665775933687
5930,2,crash,3,1,1,252.63455391158516,669,546.0,546.0,0.05,0.1,5.861122131347656,35.41305160522461,-98.312744140625,529.3228149414062,500.0,65.45039769121729,545,-6.679999999999902,-6.1358437796329595,-300.0,0.3776301254283784,"{0: 28, 1: 14, 2: 11, 3: 3, 4: 8, 5: 2}","{2: 6, 3: 48, 4: 12}","{1: 20, 0: 46}","{1: 51, 0: 6, 2: 9}","{1: 18, 0: 48}","{1: 56, 0: 7, 2: 3}",0.0981102608651211,0.0095954268582424,0.12410209428494105,0.07447965428108666,0.25211619085303727,0.05956056165911677,0.2618174183735259,0.10053588250279388,0.21411497469469468,0.008828339922726908,0.2835455590012299,0.06339779528186694
5940,2,success,3,5,0,2719.5203834910967,2789,557.8,609.0,0.05,0.1,5.887757778167725,35.505741119384766,-98.312744140625,528.7081909179688,2500.0,247.36038349111135,2241,-27.840000000001552,0.0,0.0,0.9750879826070623,"{2: 109, 3: 33, 6: 43, 5: 22, 4: 71}","{1: 20, 2: 75, 3: 156, 6: 16, 5: 5, 4: 6}","{1: 134, 0: 79, 2: 65}","{1: 175, 0: 71, 2: 32}","{1: 206, 0: 26, 2: 46}","{1: 248, 0: 21, 2: 9}",0.054600299840670975,0.02245086959456216,0.05047887050334193,0.05059424221723282,0.11591801297014859,0.11602427187633368,0.12812531071523128,0.10060479435516995,0.1012119151930897,0.041821304371874535,0.12131296388875096,0.11293637281541835
5950,2,max_steps,3,1,0,606.6320277342612,3500,271.0,271.0,0.05,0.1,5.906589031219482,35.57006072998047,-98.312744140625,532.792236328125,500.0,141.62202773424437,1570,-34.99000000000161,0.0,0.0,0.1733234364955032,"{3: 27, 0: 309, 1: 14}","{4: 30, 3: 290, 2: 30}","{1: 241, 2: 28, 0: 81}","{1: 305, 2: 34, 0: 11}","{1: 290, 2: 2, 0: 58}","{1: 340, 0: 10}",0.02603707703652574,0.014054426442475383,0.03350694360119207,0.027813307184388337,0.10132722730664567,0.031133773564750576,0.10418462801544266,0.08250300963434583,0.0022524718729352994,0.03413116865051971,0.007606657515829517,0.01197958509118903
5960,2,crash,3,3,1,1317.7146264651496,3418,726.3333333333334,680.0,0.05,0.1,5.932886123657227,35.65988540649414,-98.312744140625,539.7925415039062,1500.0,213.4174589393132,2264,-34.150000000001775,-61.552832474168135,-300.0,0.3855221259406523,"{1: 88, 2: 27, 3: 3, 5: 18, 6: 186, 4: 19}","{2: 28, 3: 217, 0: 30, 1: 19, 6: 16, 5: 5, 4: 26}","{1: 156, 0: 120, 2: 65}","{1: 181, 0: 102, 2: 58}","{1: 236, 0: 73, 2: 32}","{1: 294, 0: 22, 2: 25}",0.05856227712491787,0.028193658509014615,0.06065325416539752,0.054871447496091866,0.12061803652754798,0.17814696424374088,0.14279279657450208,0.10186189888549163,0.15913115796836527,0.01835722394741413,0.12513238685258554,0.10303934369800702
5970,2,max_steps,3,4,0,2328.5811589571936,3500,812.75,863.0,0.05,0.1,5.962106704711914,35.797523498535156,-98.312744140625,526.9276733398438,2000.0,418.3106296363254,2648,-34.960000000001614,-54.76947067913149,0.0,0.6653089025591982,"{2: 47, 3: 4, 5: 27, 6: 120, 4: 24, 0: 115, 1: 13}","{2: 35, 3: 262, 5: 11, 4: 20, 0: 14, 1: 8}","{1: 90, 0: 125, 2: 135}","{1: 252, 0: 72, 2: 26}","{1: 168, 0: 79, 2: 103}","{1: 284, 0: 41, 2: 25}",0.09878484931363624,0.01878396102995549,0.10114783598335901,0.05739660868309098,0.1752801489738023,0.10795561020744172,0.20149793155424198,0.10811476448620062,0.206461329283237,0.024156066072237865,0.15469615572063325,0.3446923993710431
5980,2,max_steps,3,3,0,1736.7147312530346,3500,887.3333333333334,840.0,0.05,0.1,5.981694221496582,35.861976623535156,-98.312744140625,550.7125854492188,1500.0,271.68473125302785,3055,-34.97000000000161,0.0,0.0,0.49620420892943845,"{5: 119, 4: 113, 0: 94, 1: 9, 2: 11, 3: 3, 6: 1}","{2: 62, 3: 251, 6: 24, 5: 6, 4: 7}","{1: 182, 2: 105, 0: 63}","{1: 256, 0: 51, 2: 43}","{1: 263, 2: 51, 0: 36}","{1: 303, 2: 31, 0: 16}",0.049287469141790385,0.01838195959686618,0.05495341710293464,0.08155566257682356,0.09679517125785915,0.11762837364019194,0.12318235350257031,0.1013129237287737,0.1269969805165075,0.02743076594532239,0.11563505724942595,0.09996761307937915
5990,2,crash,3,1,1,255.05183032502333,1078,732.0,732.0,0.05,0.1,6.006100654602051,35.94767379760742,-98.312744140625,541.41796875,500.0,99.26983553084212,846,-10.769999999999815,-33.448005205819356,-300.0,0.23659724519946507,"{0: 53, 1: 8, 2: 11, 3: 1, 5: 7, 6: 27}","{5: 7, 4: 9, 3: 52, 2: 5, 0: 29, 1: 5}","{1: 50, 0: 57}","{1: 52, 2: 21, 0: 34}","{1: 63, 0: 44}","{1: 86, 0: 17, 2: 4}",0.05704826663037081,0.033518987816008795,0.07005882943576684,0.0663945303115328,0.18672770902946198,0.14746124069038904,0.20337138290127144,0.1056782239368313,0.17585117365761682,0.008454648562194939,0.12532377815215295,0.09694182974254399
6000,2,crash,3,4,1,1967.4495837349739,2959,681.0,758.0,0.05,0.1,6.025580406188965,36.02495574951172,-98.312744140625,530.790771484375,2000.0,318.5883068217722,2422,-29.55000000000182,-21.588723086802887,-300.0,0.6649035429993153,"{3: 24, 0: 69, 1: 16, 2: 36, 6: 58, 5: 64, 4: 28}","{5: 24, 4: 20, 0: 45, 1: 5, 2: 14, 3: 180, 6: 7}","{1: 114, 0: 73, 2: 108}","{1: 187, 2: 60, 0: 48}","{1: 171, 0: 42, 2: 82}","{1: 252, 2: 14, 0: 29}",0.08227060605741096,0.02103105903059779,0.09276247392695346,0.046729710988059954,0.17027325257472747,0.1547874530847703,0.1775132904293745,0.10275362984635014,0.18963105879526082,0.17424500497598655,0.21569653042538128,0.09228201398333885
6010,2,crash,3,3,1,1396.8637513582808,2167,681.3333333333334,729.0,0.05,0.1,6.047607421875,36.1409797668457,-98.312744140625,528.5437622070312,1500.0,228.89006109913277,1512,-21.640000000000583,-10.386309740855307,-300.0,0.6446071764459071,"{4: 62, 3: 3, 1: 34, 0: 28, 2: 21, 6: 62, 5: 6}","{0: 1, 1: 10, 2: 29, 3: 155, 4: 9, 6: 12}","{1: 69, 2: 86, 0: 61}","{1: 168, 0: 30, 2: 18}","{1: 123, 2: 66, 0: 27}","{1: 189, 2: 9, 0: 18}",0.08349590725241551,0.013675033809134252,0.09343013505950891,0.05279298981583122,0.21847942008610793,0.08843459820763105,0.23078229294168812,0.10128325815677225,0.2073387084635389,0.022853449303621782,0.1553739979702777,0.09728276846383396
6020,2,max_steps,3,2,0,1112.9859225486598,3500,1403.0,1403.0,0.05,0.1,6.070746898651123,36.15764617919922,-98.312744140625,528.2599487304688,1000.0,224.29071868480037,2608,-34.98000000000161,-76.32479613614544,0.0,0.31799597787104567,"{5: 82, 4: 128, 3: 22, 0: 62, 1: 22, 2: 34}","{0: 9, 1: 6, 2: 15, 3: 251, 4: 42, 6: 22, 5: 5}","{1: 160, 2: 64, 0: 126}","{1: 263, 0: 34, 2: 53}","{1: 268, 2: 35, 0: 47}","{1: 295, 0: 43, 2: 12}",0.056392511157057276,0.017668528546229773,0.06370842716380604,0.06930146285090932,0.09045143576532658,0.15281189675798307,0.1110980952637811,0.10220462876583965,0.08948251461403324,0.030051244167135293,0.10727008321212052,0.1339606255255082
6030,2,crash,3,2,1,790.158374864656,1953,774.5,774.5,0.05,0.1,6.095949172973633,36.27027893066406,-98.312744140625,529.3328857421875,1000.0,144.16930228631577,1198,-19.51000000000025,-34.50092742166392,-300.0,0.4045869814975197,"{4: 36, 3: 3, 0: 90, 1: 13, 2: 12, 5: 1, 6: 40}","{2: 30, 3: 125, 5: 17, 4: 23}","{1: 69, 2: 31, 0: 95}","{1: 123, 0: 17, 2: 55}","{1: 124, 2: 8, 0: 63}","{1: 161, 2: 15, 0: 19}",0.07546513661524741,0.024017102050705386,0.08311577396224981,0.05332297983883924,0.12661965661637822,0.10430693971497484,0.12777383344753832,0.10382352751374792,0.1612873668918298,0.00706891320159589,0.12784861875934514,0.10430327264445316
6040,2,success,3,5,0,2847.6386874925424,3421,684.2,714.0,0.05,0.1,6.115444183349609,36.31488800048828,-98.312744140625,527.8038940429688,2500.0,381.7986874925622,2692,-34.16000000000177,0.0,0.0,0.8323994994131957,"{3: 20, 1: 21, 2: 126, 6: 91, 5: 59, 4: 25}","{1: 6, 2: 32, 6: 35, 5: 15, 4: 46, 3: 182, 0: 26}","{1: 160, 0: 87, 2: 95}","{1: 203, 0: 61, 2: 78}","{1: 243, 0: 24, 2: 75}","{1: 277, 0: 42, 2: 23}",0.0545553361120948,0.025337030048129774,0.06823262011043807,0.05627351960648364,0.15382337474394522,0.14475772529283823,0.1721522095073693,0.10367376594956366,0.12410317130607222,0.13131835227171795,0.11820250141869883,0.09853049930154818
6050,2,max_steps,3,4,0,2276.4574627849074,3500,700.5,859.0,0.05,0.1,6.144411087036133,36.402793884277344,-98.312744140625,532.2304077148438,2000.0,333.0160257302619,2990,-34.960000000001614,-21.59856294534099,0.0,0.650416417938545,"{2: 118, 3: 27, 6: 79, 5: 34, 4: 18, 0: 25, 1: 49}","{4: 47, 3: 185, 2: 38, 0: 39, 1: 11, 5: 27, 6: 3}","{1: 162, 0: 123, 2: 65}","{1: 202, 2: 68, 0: 80}","{1: 239, 0: 57, 2: 54}","{1: 280, 0: 47, 2: 23}",0.057600580677755565,0.025676990954419332,0.05989590846069273,0.06316877297233287,0.19840392609396773,0.14673372739862448,0.23292038732396597,0.11685606012555769,0.08994158056168826,0.13681306989467054,0.1100698974305284,0.10553570761742567
6060,2,max_steps,3,3,0,1642.1969034376916,3500,1112.6666666666667,963.0,0.05,0.1,6.160273551940918,36.44370651245117,-98.312744140625,527.54345703125,1500.0,177.16690343768678,2736,-34.97000000000161,0.0,0.0,0.4691991152679119,"{2: 183, 3: 6, 6: 84, 5: 24, 4: 36, 0: 17}","{5: 8, 4: 31, 3: 205, 2: 92, 1: 14}","{1: 227, 0: 52, 2: 71}","{1: 229, 2: 47, 0: 74}","{1: 309, 0: 14, 2: 27}","{1: 322, 2: 9, 0: 19}",0.03258441241649372,0.022725458934702306,0.035977631594051124,0.04423608734951985,0.0768923073658168,0.07054530023370428,0.10589199057848031,0.09939817585015702,0.07675556993331623,0.023782610373111752,0.10319144520005091,0.09701095687567964
6070,2,max_steps,3,2,0,1178.620354815978,3500,1449.5,1449.5,0.05,0.1,6.180102825164795,36.473724365234375,-98.312744140625,529.4625244140625,1000.0,213.6003548159716,2576,-34.98000000000161,0.0,0.0,0.33674867280456516,"{5: 51, 4: 121, 3: 5, 0: 90, 1: 9, 2: 13, 6: 61}","{0: 8, 1: 6, 2: 28, 3: 267, 5: 22, 4: 16, 6: 3}","{1: 224, 2: 34, 0: 92}","{1: 253, 0: 39, 2: 58}","{1: 262, 2: 29, 0: 59}","{1: 307, 2: 16, 0: 27}",0.032917727381687384,0.019629268159579244,0.033909385957905484,0.033468375361654465,0.12292945702482432,0.14878028339589874,0.1367074698300497,0.10153939552038647,0.12455030620993496,0.028978001390491996,0.12861432166225975,0.08715174235310978
6080,2,crash,3,4,1,1971.747791643863,2767,670.5,682.0,0.05,0.1,6.190187454223633,36.47959899902344,-98.312744140625,540.38671875,2000.0,309.0124532323643,2249,-27.63000000000152,-9.634661588497721,-300.0,0.712594069983326,"{4: 93, 2: 45, 3: 5, 5: 61, 0: 66, 1: 6}","{0: 8, 1: 16, 2: 21, 3: 181, 6: 31, 5: 4, 4: 15}","{1: 156, 2: 50, 0: 70}","{1: 163, 0: 60, 2: 53}","{1: 187, 2: 25, 0: 64}","{1: 237, 2: 25, 0: 14}",0.03419050929059832,0.02404171905677976,0.03463266467875854,0.042889965693575866,0.20862885597761632,0.19325433277769494,0.20919626367841007,0.10159311062111952,0.09052815251184426,0.03123973191655331,0.08803572038666115,0.09474973778518289
6090,2,success,3,5,0,2864.74822327449,3357,671.4,582.0,0.05,0.1,6.213179588317871,36.505489349365234,-98.312744140625,533.8794555664062,2500.0,398.26822327449804,3010,-33.5200000000019,0.0,0.0,0.853365571425228,"{1: 34, 2: 37, 3: 18, 4: 83, 5: 54, 6: 20, 0: 89}","{4: 9, 3: 230, 1: 45, 2: 35, 6: 10, 5: 6}","{1: 125, 0: 112, 2: 98}","{1: 236, 2: 35, 0: 64}","{1: 202, 0: 80, 2: 53}","{1: 278, 0: 35, 2: 22}",0.0652504258651962,0.018996031349379425,0.08057144628795242,0.07447361751917099,0.16981871813630023,0.12763975554854687,0.21060847816388975,0.10617355461371873,0.1315416609270924,0.16132249982771008,0.19206084392833436,0.09116838746394235
6100,2,max_steps,3,3,0,1707.2444998019332,3500,1095.6666666666667,750.0,0.05,0.1,6.238410949707031,36.630435943603516,-98.312744140625,534.5825805664062,1500.0,242.21449980192892,2162,-34.97000000000161,0.0,0.0,0.4877841428005523,"{0: 58, 1: 73, 2: 147, 3: 5, 6: 49, 5: 8, 4: 10}","{2: 41, 3: 263, 1: 10, 4: 36}","{1: 161, 0: 122, 2: 67}","{1: 278, 0: 37, 2: 35}","{1: 252, 0: 51, 2: 47}","{1: 323, 0: 16, 2: 11}",0.05857916474188039,0.014998096630720527,0.0662812205466248,0.06025374898630006,0.14272583057436092,0.0819899525486275,0.16761007992860538,0.09818405746925131,0.0939632753462871,0.020937187296114337,0.10814561022394345,0.08741450393820127
6110,2,max_steps,3,4,0,2375.2741144138613,3500,829.25,847.0,0.05,0.1,6.255843639373779,36.66804885864258,-98.312744140625,531.19287109375,2000.0,413.3699415982373,2946,-34.960000000001614,-3.1358271843750067,0.0,0.6786497469753889,"{0: 47, 1: 8, 2: 28, 4: 52, 5: 79, 3: 51, 6: 85}","{0: 57, 1: 13, 2: 17, 3: 174, 6: 54, 5: 20, 4: 15}","{1: 216, 0: 48, 2: 86}","{1: 183, 0: 81, 2: 86}","{1: 253, 0: 44, 2: 53}","{1: 281, 0: 43, 2: 26}",0.031537321165529514,0.02594491899567053,0.04631509818025232,0.04691492955393006,0.17676307980012876,0.18701581661589628,0.20584656151972597,0.11602020952659017,0.15869486671132574,0.1549612241040191,0.10311992801114314,0.21366501132686916
6120,2,crash,3,3,1,1389.7426952730027,3325,890.0,743.0,0.05,0.1,6.272682189941406,36.751224517822266,-98.312744140625,554.2469482421875,1500.0,283.278773784353,2323,-33.22000000000196,-60.31607851135511,-300.0,0.41796772790165493,"{5: 87, 4: 104, 3: 1, 0: 59, 1: 7, 2: 8, 6: 66}","{6: 37, 5: 22, 4: 37, 3: 176, 2: 33, 0: 23, 1: 4}","{1: 189, 2: 72, 0: 71}","{1: 168, 2: 110, 0: 54}","{1: 222, 2: 46, 0: 64}","{1: 254, 2: 36, 0: 42}",0.03742092017484114,0.029287867335669078,0.056417670619607695,0.0631057889672909,0.15094594028615585,0.19371708444761787,0.16823778425353503,0.10930072876822691,0.2060667105361805,0.01631992832629706,0.17629623338785694,0.1307071968490392
6130,2,crash,3,3,1,1399.890737896996,2400,767.0,787.0,0.05,0.1,6.289231300354004,36.813106536865234,-98.312744140625,559.0619506835938,1500.0,232.49568588175586,1962,-23.970000000000947,-8.634947984758924,-300.0,0.5832878074570816,"{1: 87, 0: 33, 2: 22, 3: 20, 6: 65, 5: 6, 4: 7}","{1: 3, 2: 48, 3: 156, 4: 26, 5: 7}","{1: 129, 0: 54, 2: 57}","{1: 162, 0: 42, 2: 36}","{1: 162, 0: 24, 2: 54}","{1: 217, 0: 15, 2: 8}",0.04681508293582514,0.015000396424675787,0.05938186512972064,0.03499420717507531,0.2317817293103608,0.055145381436151976,0.24224073030332519,0.09935266948818482,0.17186789913896466,0.07952427748705536,0.15366275887492198,0.07301676930558126
6140,2,crash,3,1,1,244.10066988885268,2466,2199.0,2199.0,0.05,0.1,6.301729679107666,36.886680603027344,-98.312744140625,560.8981323242188,500.0,143.9852751313474,922,-24.650000000001054,-75.23460524249644,-300.0,0.09898648413984293,"{4: 65, 5: 48, 6: 106, 2: 6, 1: 6, 0: 15}","{0: 8, 1: 7, 2: 8, 3: 142, 4: 81}","{1: 121, 0: 59, 2: 66}","{1: 165, 0: 39, 2: 42}","{1: 157, 0: 30, 2: 59}","{1: 204, 0: 28, 2: 14}",0.05102792162046728,0.02376215646257481,0.06273426841758865,0.05764262082676922,0.24897572352290753,0.10423580891685578,0.25491934411850203,0.10931332559169621,0.28114575234345807,0.002984536970870098,0.28295462153216244,0.034242614274942546
6150,2,crash,3,2,1,793.0750773298178,1486,640.5,640.5,0.05,0.1,6.314402103424072,36.891319274902344,-98.312744140625,523.7876586914062,1000.0,118.52314136155584,1245,-14.839999999999728,-10.60806403174075,-300.0,0.533697898606876,"{2: 108, 3: 4, 0: 3, 1: 13, 6: 20}","{1: 6, 2: 36, 3: 38, 6: 31, 5: 4, 4: 13, 0: 20}","{1: 89, 0: 59}","{1: 45, 0: 57, 2: 46}","{1: 100, 0: 48}","{1: 120, 0: 17, 2: 11}",0.016295705298871338,0.03508891839178694,0.020982764229801314,0.04747846529873378,0.15319837676356368,0.1494104035107323,0.18376940922044335,0.10764452689080031,0.11421531427203763,0.03417126717190493,0.19954474368940336,0.14066797801007316
6160,2,crash,3,3,1,1358.9486086759373,2561,678.0,740.0,0.05,0.1,6.328262805938721,36.93893814086914,-98.312744140625,530.7683715820312,1500.0,211.38910888022653,1892,-25.5800000000012,-26.860500204294347,-300.0,0.5306320221303933,"{4: 131, 3: 2, 5: 8, 0: 60, 1: 6, 2: 8, 6: 41}","{6: 8, 5: 6, 4: 26, 3: 138, 2: 41, 0: 31, 1: 6}","{1: 118, 2: 58, 0: 80}","{1: 157, 2: 34, 0: 65}","{1: 165, 2: 30, 0: 61}","{1: 198, 2: 31, 0: 27}",0.05598917152691597,0.025831061345788338,0.06667944775263146,0.07895666063901832,0.1972421271028779,0.16517664019573958,0.21409790536187867,0.11569359528975452,0.09640088736235963,0.02443439048556863,0.1483106721771376,0.10101846083962235
6170,2,crash,3,2,1,769.5535770235058,1186,517.5,517.5,0.05,0.1,6.339881420135498,37.02848434448242,-104.92558288574219,549.5764770507812,1000.0,90.51750116134883,798,-11.839999999999792,-9.123924137845254,-300.0,0.648864736107509,"{3: 20, 4: 29, 0: 35, 1: 10, 2: 9, 6: 15}","{1: 2, 2: 44, 3: 72}","{1: 58, 2: 15, 0: 45}","{1: 80, 0: 37, 2: 1}","{1: 71, 2: 9, 0: 38}","{1: 81, 0: 15, 2: 22}",0.05049397976699935,0.021238068377803107,0.07823395861980016,0.08131684623593242,0.2399785914676479,0.08996760252571934,0.2770112636531298,0.17029576650645906,0.08298343997521918,0.11552196761234737,0.13420427592403425,0.10541341533397329
6180,2,max_steps,3,3,0,1710.7957922529502,3500,1129.6666666666667,895.0,0.05,0.1,6.365678310394287,37.10506057739258,-104.92558288574219,522.5384521484375,1500.0,245.76579225294827,2796,-34.97000000000161,0.0,0.0,0.48879879778655716,"{2: 173, 3: 8, 4: 122, 5: 35, 1: 12}","{0: 29, 1: 11, 2: 65, 3: 195, 6: 38, 5: 5, 4: 7}","{1: 266, 2: 52, 0: 32}","{1: 210, 0: 84, 2: 56}","{1: 313, 2: 18, 0: 19}","{1: 326, 0: 12, 2: 12}",0.0211084538374909,0.02006049356701052,0.027017392773983955,0.03241554619599757,0.07614349833483432,0.179468658094859,0.10099421784055439,0.09705848444437781,0.10116006095407441,0.04426098736206367,0.11939462308402352,0.11069571232486337
6190,2,crash,3,3,1,1388.5899335857648,1798,553.3333333333334,675.0,0.05,0.1,6.372011184692383,37.129364013671875,-104.92558288574219,516.9099731445312,1500.0,218.84097263021894,1478,-17.950000000000006,-12.30103904445606,-300.0,0.7722969597251195,"{5: 42, 4: 40, 3: 15, 0: 55, 1: 11, 2: 16}","{4: 17, 3: 127, 2: 28, 5: 7}","{1: 59, 2: 55, 0: 65}","{1: 131, 2: 20, 0: 28}","{1: 85, 2: 33, 0: 61}","{1: 125, 2: 32, 0: 22}",0.08557318475938167,0.013611982170571312,0.10460859750341525,0.08428758824791424,0.26332694167672727,0.07911270260419373,0.2816932681685846,0.11775460685108691,0.2596020255763467,0.033120263409429966,0.20542887605787258,0.1014182977227602
6200,2,crash,3,2,1,729.5018618309248,2080,635.5,635.5,0.05,0.1,6.3852643966674805,37.181339263916016,-104.92558288574219,525.7933959960938,1000.0,120.62597521825526,1177,-20.78000000000045,-70.34411338733572,-300.0,0.3507220489571754,"{4: 47, 3: 6, 0: 70, 1: 7, 2: 7, 5: 8, 6: 63}","{2: 33, 3: 81, 1: 13, 6: 24, 5: 49, 4: 8}","{1: 105, 2: 46, 0: 57}","{1: 139, 0: 33, 2: 36}","{1: 153, 2: 10, 0: 45}","{1: 185, 2: 15, 0: 8}",0.04854057850120281,0.021706273559686316,0.05463064978231838,0.03654280455844886,0.23203567326572366,0.08141827059532099,0.2547397992193542,0.10059894324611014,0.2742930524720888,0.012438337123553704,0.28800684773765467,0.04969848370795804
6210,2,crash,3,1,1,245.17155513225572,639,432.0,432.0,0.05,0.1,6.393549919128418,37.228004455566406,-104.92558288574219,524.9469604492188,500.0,71.30787358155146,416,-6.379999999999908,-19.756318449296636,-300.0,0.3836800549800559,"{6: 24, 5: 9, 4: 9, 3: 1, 0: 20}","{3: 41, 2: 2, 4: 20}","{1: 14, 2: 49}","{1: 60, 0: 3}","{1: 26, 2: 37}","{1: 45, 2: 8, 0: 10}",0.12867766403292277,0.014720951813185617,0.13559283111425885,0.09711439637956751,0.20370778442193835,0.026911734729025846,0.23333245849174802,0.11761277440198126,0.2095458390417464,0.02444523989733059,0.1967773131618049,0.10635242352881442
6220,2,crash,3,2,1,813.2002624689366,970,433.5,433.5,0.05,0.1,6.403716564178467,37.31843566894531,-104.92558288574219,545.4022827148438,1000.0,131.62945747496408,968,-9.679999999999838,-8.749195006027183,-300.0,0.8383507860504501,"{2: 64, 0: 12, 1: 10, 3: 8, 4: 3}","{6: 9, 5: 6, 4: 22, 3: 41, 2: 8, 0: 11}","{1: 47, 0: 50}","{1: 48, 2: 36, 0: 13}","{1: 49, 0: 48}","{1: 83, 0: 4, 2: 10}",0.058155179067799614,0.03060183874438036,0.09963947434424615,0.04779236579797834,0.2010748506869786,0.14053542513840428,0.23545700482492266,0.10469425216031347,0.2157633392842908,0.026647849616035748,0.254364905995127,0.09702822834276949
6230,2,crash,3,2,1,900.0047347436328,1958,908.5,908.5,0.05,0.1,6.413506984710693,37.380374908447266,-104.92558288574219,529.9918823242188,1000.0,226.70432260529725,1610,-19.560000000000258,-7.1395878616666675,-300.0,0.4596551249967481,"{6: 46, 5: 21, 4: 18, 3: 2, 0: 96, 1: 5, 2: 7}","{6: 6, 5: 21, 4: 8, 3: 107, 2: 11, 0: 38, 1: 4}","{1: 95, 2: 47, 0: 53}","{1: 115, 2: 36, 0: 44}","{1: 115, 2: 27, 0: 53}","{1: 172, 2: 15, 0: 8}",0.05461149415893931,0.0201620080934119,0.07234200289827242,0.046345857183632856,0.27277628017284145,0.196671625576308,0.2887088205802565,0.10068587678332784,0.2997090142770475,0.0068578087961822815,0.29121798832102824,0.03970664876573744
6240,2,crash,3,2,1,734.4956965421163,1513,515.0,515.0,0.05,0.1,6.429560661315918,37.46900939941406,-105.60845947265625,517.2403564453125,1000.0,78.6456077932418,965,-15.109999999999722,-29.039911251127617,-300.0,0.48545650795909867,"{4: 32, 3: 2, 1: 52, 2: 16, 6: 49}","{4: 25, 3: 62, 0: 11, 1: 7, 2: 30, 5: 16}","{1: 84, 2: 12, 0: 55}","{1: 60, 2: 54, 0: 37}","{1: 106, 2: 5, 0: 40}","{1: 115, 2: 15, 0: 21}",0.041319589380343295,0.03745492834319167,0.054703990126702254,0.07415330347476037,0.18074449152538288,0.14725153236195523,0.20034193918471976,0.11767257925540392,0.12292145470799296,0.134953157521934,0.19050242535432152,0.10796970294079831
6250,2,crash,3,4,1,1953.563969124292,2625,628.5,581.0,0.05,0.1,6.45192813873291,37.591033935546875,-105.60845947265625,524.394775390625,2000.0,289.44288904801016,2279,-26.210000000001298,-9.668919923716105,-300.0,0.7442148453806827,"{2: 63, 3: 14, 4: 48, 5: 38, 0: 92, 1: 7}","{0: 4, 1: 22, 2: 75, 3: 133, 6: 14, 5: 8, 4: 6}","{1: 114, 0: 92, 2: 56}","{1: 157, 0: 72, 2: 33}","{1: 170, 0: 64, 2: 28}","{1: 230, 0: 14, 2: 18}",0.06167954122222041,0.02268158357681208,0.08041373123859988,0.05687090269218933,0.18611013625673728,0.1305916114189328,0.20528434141842541,0.10142661915430229,0.11101727887069443,0.16526991632122834,0.13609611855727344,0.09785320537985263
6260,2,crash,3,1,1,222.55942924553432,1181,675.0,675.0,0.05,0.1,6.467336177825928,37.67241668701172,-105.60845947265625,524.4042358398438,500.0,60.47602659258456,535,-11.799999999999793,-26.11659734705267,-300.0,0.18844998242636268,"{1: 54, 2: 12, 3: 1, 5: 4, 6: 47}","{0: 9, 1: 6, 2: 32, 3: 71}","{1: 63, 0: 55}","{1: 70, 0: 40, 2: 8}","{1: 72, 0: 46}","{1: 87, 0: 17, 2: 14}",0.038585925574687,0.02268707894832006,0.051872211492484055,0.07424491817240256,0.2002795895012193,0.12145363318069721,0.22994869297668505,0.14932833403041482,0.2042058647637311,0.0018604585283665276,0.2759852808543976,0.07337530778801435
6270,2,crash,3,2,1,794.4946624650843,781,346.0,346.0,0.05,0.1,6.485544204711914,37.74795913696289,-105.60845947265625,526.293212890625,1000.0,109.81524179995779,690,-7.789999999999878,-7.530579334873684,-300.0,1.0172786971383923,"{3: 16, 0: 38, 1: 7, 2: 8, 6: 9}","{1: 9, 2: 10, 3: 59}","{1: 37, 0: 41}","{1: 54, 0: 24}","{1: 39, 0: 39}","{1: 62, 0: 4, 2: 12}",0.06216009943727832,0.0180022160172022,0.10271626742841072,0.07713030837159011,0.24923711981041347,0.16905372018168044,0.2837469381101659,0.1758203396261897,0.261344770871809,0.18131880280363233,0.26498209883884793,0.10545038491249493
6280,2,crash,3,2,1,839.3006190024364,1439,663.5,663.5,0.05,0.1,6.509533405303955,37.87698745727539,-105.60845947265625,528.10400390625,1000.0,161.29755743749493,981,-14.369999999999738,-7.626938435061218,-300.0,0.5832526886743825,"{4: 35, 3: 4, 0: 81, 1: 5, 2: 7, 6: 11}","{5: 10, 4: 19, 3: 73, 1: 14, 2: 27}","{1: 60, 2: 31, 0: 52}","{1: 88, 2: 28, 0: 27}","{1: 76, 2: 18, 0: 49}","{1: 126, 2: 14, 0: 3}",0.06756662552936527,0.02300289473588662,0.08708766251404106,0.05742081438290048,0.27171256944483624,0.14370222778862482,0.2899618711714456,0.10283233691061296,0.05652007483231975,0.08240187188776885,0.11010370487713461,0.10105945379844258
6290,2,success,3,5,0,2802.485367514366,3008,601.6,635.0,0.05,0.1,6.538758277893066,38.03127670288086,-105.60845947265625,544.4356689453125,2500.0,332.5153675143633,2706,-30.030000000001895,0.0,0.0,0.9316773163279142,"{5: 51, 4: 20, 3: 39, 2: 174, 1: 16}","{6: 29, 5: 12, 4: 14, 3: 129, 2: 68, 0: 36, 1: 12}","{1: 171, 2: 46, 0: 83}","{1: 139, 2: 65, 0: 96}","{1: 232, 2: 25, 0: 43}","{1: 265, 2: 12, 0: 23}",0.0328528580637837,0.03166890426547858,0.03684633545433468,0.04601351766693533,0.09740385285763999,0.19278112830973004,0.12368085934238915,0.10074869585524843,0.1049635341364707,0.1883531958791273,0.14178325846312784,0.08185335666164142
6300,2,crash,3,2,1,831.4596392041234,1552,708.5,708.5,0.05,0.1,6.563997268676758,38.16166687011719,-105.60845947265625,542.7586669921875,1000.0,159.94753859087498,1191,-15.499999999999714,-12.987899386754057,-300.0,0.5357343036109042,"{4: 38, 3: 3, 0: 84, 1: 7, 2: 9, 6: 14}","{6: 2, 5: 9, 4: 8, 3: 81, 0: 34, 1: 5, 2: 16}","{1: 91, 2: 14, 0: 50}","{1: 86, 2: 23, 0: 46}","{1: 114, 0: 41}","{1: 142, 0: 3, 2: 10}",0.02912638620093889,0.024889115627930038,0.05039623286734269,0.06118428523134871,0.20593361641533034,0.19406258003719884,0.2211510256947692,0.09909125278629106,0.03944646589584918,0.15044282847481497,0.09107594413577473,0.08019202572463088
6310,2,success,3,5,0,2725.4174362786093,2581,516.2,474.0,0.05,0.1,6.585788726806641,38.26512145996094,-105.60845947265625,530.63134765625,2500.0,251.41030412904527,2123,-25.760000000001227,-0.23286785042958996,0.0,1.0559540628743158,"{2: 68, 3: 41, 6: 61, 5: 14, 4: 20, 1: 54}","{5: 9, 4: 30, 3: 176, 2: 16, 1: 25, 0: 2}","{1: 131, 0: 53, 2: 74}","{1: 186, 2: 30, 0: 42}","{1: 191, 0: 26, 2: 41}","{1: 241, 0: 9, 2: 8}",0.04859649891278996,0.018401514848567408,0.05753669305904581,0.03877287781677663,0.104073485921643,0.17144442747711514,0.12559994679536912,0.0953097134431056,0.09993779569925487,0.22178585135625847,0.1395437702376658,0.06619561717120208
6320,2,crash,3,3,1,1480.3723444124473,3128,1010.6666666666666,1229.0,0.05,0.1,6.607530117034912,38.35854721069336,-105.60845947265625,531.6658935546875,1500.0,317.6125740932444,2649,-31.250000000002085,-5.990229680801145,-300.0,0.47326481598863407,"{4: 93, 3: 5, 6: 45, 5: 40, 0: 108, 1: 11, 2: 10}","{0: 28, 1: 11, 2: 28, 3: 201, 6: 33, 5: 4, 4: 7}","{1: 157, 2: 64, 0: 91}","{1: 206, 0: 59, 2: 47}","{1: 205, 2: 37, 0: 70}","{1: 279, 2: 12, 0: 21}",0.04976272564600099,0.017820908440439535,0.0664505782197632,0.04817647512089958,0.1134578161791572,0.19873497261175327,0.13687653221792187,0.10053682025407915,0.22156573100209032,0.017487827219357124,0.2891683804269591,0.10381017208467314
6330,2,crash,3,3,1,1376.7510775007117,2045,647.6666666666666,680.0,0.05,0.1,6.620178699493408,38.41935348510742,-105.60845947265625,528.0889282226562,1500.0,203.48998855871662,1940,-20.420000000000393,-6.318911058002971,-300.0,0.6732279107582942,"{5: 29, 4: 49, 3: 27, 0: 77, 1: 12, 2: 10}","{4: 10, 3: 137, 2: 20, 1: 23, 0: 4, 6: 10}","{1: 91, 2: 37, 0: 76}","{1: 137, 2: 23, 0: 44}","{1: 126, 2: 17, 0: 61}","{1: 183, 2: 18, 0: 3}",0.06171433887788109,0.01696184672608097,0.08271447229860815,0.05979305904456116,0.15314721457658492,0.1474954103379793,0.18700805156715672,0.09993296126789614,0.21750116407593914,0.14268628505070607,0.2884181881823847,0.10014471215310454
6340,2,crash,3,2,1,877.1197828128852,1469,628.0,628.0,0.05,0.1,6.633237838745117,38.493309020996094,-105.60845947265625,528.0889282226562,1000.0,204.37724083720084,1091,-14.669999999999732,-12.5874580243183,-300.0,0.5970863055227265,"{6: 39, 5: 20, 4: 19, 0: 55, 1: 5, 2: 7, 3: 1}","{5: 5, 4: 10, 3: 108, 2: 4, 0: 6, 1: 13}","{1: 40, 2: 41, 0: 65}","{1: 105, 2: 20, 0: 21}","{1: 59, 2: 27, 0: 60}","{1: 115, 2: 17, 0: 14}",0.12126359370827369,0.01810074666685759,0.11897192438581172,0.08274281650397175,0.28160301208452165,0.09874597811465624,0.3011619002118428,0.11608804825016425,0.29787446895035613,0.024079710348337616,0.2901499984117505,0.2233391560813615
6350,2,crash,3,1,1,264.44947060556245,704,572.0,572.0,0.05,0.1,6.644659996032715,38.5699462890625,-116.70358276367188,528.0889282226562,500.0,78.21724031103116,672,-7.0299999999998946,-6.737769705468564,-300.0,0.3756384525647194,"{0: 35, 1: 11, 2: 13, 3: 10, 4: 1}","{2: 13, 3: 44, 6: 13}","{1: 29, 0: 41}","{1: 46, 0: 15, 2: 9}","{1: 28, 0: 42}","{1: 61, 0: 2, 2: 7}",0.08768233574213083,0.022800349573119286,0.14648138605363648,0.06465996998378226,0.2528675220644472,0.11011219210972197,0.2641823004925123,0.10735826873852819,0.23059248960397502,0.007792621847975368,0.2784550155258098,0.04040839737437103
6360,2,crash,3,3,1,1347.7765364253587,2556,764.3333333333334,612.0,0.05,0.1,6.662774085998535,38.60442352294922,-122.83729553222656,532.7265625,1500.0,189.7107122039798,1861,-25.53000000000119,-16.40417577862809,-300.0,0.5272991144074173,"{1: 32, 2: 28, 3: 14, 4: 87, 6: 74, 5: 10, 0: 10}","{4: 21, 3: 155, 2: 35, 1: 31, 0: 8, 5: 5}","{1: 101, 0: 51, 2: 103}","{1: 173, 0: 57, 2: 25}","{1: 168, 0: 13, 2: 74}","{1: 212, 0: 36, 2: 7}",0.07145530221111165,0.024402536221753042,0.0762878783474778,0.075311318029564,0.14961322570739416,0.09990502306953762,0.17837302654313592,0.10631823057092818,0.11686857773676441,0.028210429021928225,0.1880695917057832,0.09815987671772994
6370,2,success,3,5,0,2810.9854406039185,3296,659.2,733.0,0.05,0.1,6.685357093811035,38.659515380859375,-122.83729553222656,544.5140380859375,2500.0,347.23210943917746,2814,-32.91000000000202,-3.3366688352436658,0.0,0.8528475244550724,"{0: 41, 1: 14, 2: 96, 3: 35, 5: 35, 4: 60, 6: 48}","{5: 6, 4: 19, 3: 215, 2: 32, 0: 6, 1: 11, 6: 40}","{1: 174, 0: 69, 2: 86}","{1: 206, 2: 73, 0: 50}","{1: 220, 0: 41, 2: 68}","{1: 280, 0: 36, 2: 13}",0.04711209444602312,0.021666159384214876,0.06232635400505825,0.06232498512577822,0.13869319177909892,0.1732111148527264,0.1544452266057851,0.1035639101285659,0.12577525113001187,0.10153270000888132,0.1260919292668703,0.09628496025214178
6380,2,max_steps,3,4,0,2253.5244252737943,3500,837.75,827.5,0.05,0.1,6.714745044708252,38.712310791015625,-122.83729553222656,520.8744506835938,2000.0,288.4844252738013,3000,-34.960000000001614,0.0,0.0,0.6438641215067984,"{5: 38, 4: 114, 3: 8, 0: 55, 1: 29, 2: 91, 6: 15}","{6: 5, 5: 14, 4: 30, 3: 182, 1: 14, 2: 63, 0: 42}","{1: 163, 2: 82, 0: 105}","{1: 196, 2: 51, 0: 103}","{1: 254, 2: 38, 0: 58}","{1: 310, 2: 25, 0: 15}",0.05572227706622776,0.026441329144262907,0.0666139389304813,0.057295357144123066,0.10292905218957253,0.1441314376736604,0.11798675269538889,0.1005313988324931,0.11055795212244257,0.026975455446618772,0.11323716946734402,0.1000079915222289
6390,2,max_steps,3,1,0,600.466834051571,3500,2487.0,2487.0,0.05,0.1,6.733523368835449,38.76015853881836,-122.83729553222656,519.3589477539062,500.0,135.71092089988582,2045,-34.99000000000161,-0.2540868483177683,0.0,0.17156195258616316,"{4: 261, 5: 45, 3: 23, 2: 21}","{4: 14, 3: 230, 2: 60, 0: 40, 1: 6}","{1: 255, 2: 57, 0: 38}","{1: 265, 2: 26, 0: 59}","{1: 275, 2: 42, 0: 33}","{1: 303, 2: 25, 0: 22}",0.004958427789996886,0.022509755370372798,0.008197244836908275,0.020511767732826987,0.15150787340663865,0.08246915174382781,0.1974527677515678,0.10199760034620696,0.17355489798134746,0.015689296590730286,0.24506136938417988,0.06657323843207931
6400,2,crash,3,4,1,1898.8363123774807,2477,586.0,589.5,0.05,0.1,6.753712177276611,38.851463317871094,-122.83729553222656,538.6884765625,2000.0,234.87228599219168,2129,-24.730000000001066,-11.30597361470729,-300.0,0.7665871265149297,"{2: 93, 3: 22, 5: 43, 4: 20, 0: 45, 1: 13, 6: 11}","{4: 14, 3: 169, 2: 31, 1: 20, 0: 13}","{1: 68, 0: 117, 2: 62}","{1: 185, 2: 20, 0: 42}","{1: 130, 0: 87, 2: 30}","{1: 223, 0: 16, 2: 8}",0.09075804601889732,0.01283936725444009,0.09822283813506891,0.053723676472535994,0.139868279562944,0.06843097139005071,0.1630446464687224,0.09957912896146151,0.1780586955547109,0.015161004591152449,0.17980689229449318,0.09696976482949451
6410,2,max_steps,3,3,0,1726.5200441746003,3500,871.3333333333334,782.0,0.05,0.1,6.775681018829346,38.91121292114258,-122.83729553222656,533.42822265625,1500.0,269.6145944316635,3017,-34.97000000000161,-8.124550257065348,0.0,0.49329144119274293,"{2: 188, 3: 3, 4: 31, 5: 20, 1: 27, 0: 81}","{4: 21, 3: 235, 2: 10, 0: 44, 1: 5, 6: 31, 5: 4}","{1: 212, 0: 89, 2: 49}","{1: 224, 2: 68, 0: 58}","{1: 274, 0: 37, 2: 39}","{1: 330, 2: 7, 0: 13}",0.02633560177645283,0.020513220807621545,0.03703857221026406,0.0348173564362092,0.10588077274376591,0.19054135152899632,0.12516906961690405,0.09431802356161019,0.15536104290244052,0.019825587313983047,0.22631699879135295,0.09039025245385304
6420,2,success,3,5,0,2771.083059301297,3114,622.8,574.0,0.05,0.1,6.798328876495361,38.99232864379883,-122.83729553222656,549.6790161132812,2500.0,307.9720507757517,2629,-31.09000000000206,-5.798991474459146,0.0,0.8898789528905899,"{5: 52, 4: 75, 3: 37, 1: 42, 0: 74, 2: 31}","{0: 25, 1: 15, 2: 47, 3: 173, 6: 33, 5: 7, 4: 11}","{1: 93, 2: 96, 0: 122}","{1: 199, 0: 58, 2: 54}","{1: 197, 2: 51, 0: 63}","{1: 273, 2: 16, 0: 22}",0.07949569399072916,0.018804867485927055,0.08586142379266806,0.060373946046747236,0.12983653274744786,0.13840441353517008,0.13476975524516302,0.10226569390347053,0.1534720737630097,0.150617903510407,0.12020265825699429,0.09311664789031429
6430,2,crash,3,2,1,706.7336099624231,1559,436.5,436.5,0.05,0.1,6.815207004547119,39.026309967041016,-122.83729553222656,535.9913330078125,1000.0,105.9563786660275,1050,-15.569999999999713,-83.65276870360294,-300.0,0.4533249582825036,"{3: 26, 0: 41, 1: 14, 2: 20, 4: 27, 5: 27}","{4: 34, 2: 18, 3: 86, 6: 11, 5: 6}","{1: 76, 0: 79}","{1: 70, 2: 50, 0: 35}","{1: 137, 0: 18}","{1: 145, 0: 10}",0.054266117783263144,0.036271267822896525,0.05096204426761619,0.03473810076925028,0.10376400981139823,0.1555418444843098,0.10849115726340416,0.09319226334435422,0.07965602205676535,0.12807063331339857,0.04815612843336299,0.01647289122652252
6440,2,success,3,5,0,2763.765929217495,2747,549.4,531.0,0.05,0.1,6.840114593505859,39.10039520263672,-122.83729553222656,556.2965698242188,2500.0,291.18592921749473,2431,-27.420000000001487,0.0,0.0,1.0061033597442646,"{5: 41, 4: 64, 3: 31, 2: 53, 0: 78, 1: 7}","{4: 16, 3: 179, 2: 35, 6: 8, 5: 6, 0: 25, 1: 5}","{1: 146, 2: 46, 0: 82}","{1: 177, 2: 38, 0: 59}","{1: 191, 2: 31, 0: 52}","{1: 234, 2: 20, 0: 20}",0.04076582421533862,0.01985420236019604,0.048429671965162235,0.060788742607744,0.18156800935645273,0.15565260753613944,0.2065140360713896,0.10213368356809313,0.1904826814917596,0.17186775294234768,0.14404828132320394,0.2207725150221464
6450,2,success,3,5,0,2718.412888041451,2774,554.8,507.0,0.05,0.1,6.863107204437256,39.197021484375,-122.83729553222656,546.6793823242188,2500.0,246.10288804146657,2167,-27.69000000000153,0.0,0.0,0.9799613871814892,"{4: 203, 3: 7, 2: 30, 5: 37}","{5: 17, 4: 51, 3: 151, 2: 15, 0: 32, 1: 5, 6: 6}","{1: 147, 2: 84, 0: 46}","{1: 158, 2: 72, 0: 47}","{1: 211, 2: 56, 0: 10}","{1: 239, 0: 30, 2: 8}",0.0440662296757788,0.026106796196440636,0.0578856879966218,0.06266143375206332,0.08519406036684134,0.18246302186189384,0.11844960038799346,0.10343754967172743,0.12924883219573144,0.02387029471272155,0.11840623875861754,0.17324629719542703
6460,2,crash,3,1,1,256.0201277405135,1077,708.0,708.0,0.05,0.1,6.882981300354004,39.31088638305664,-122.83729553222656,539.4405517578125,500.0,94.09214369687945,856,-10.759999999999815,-27.312015956367613,-300.0,0.237715996045045,"{6: 52, 5: 9, 4: 9, 0: 37}","{0: 9, 1: 6, 2: 8, 3: 47, 6: 37}","{1: 58, 2: 49}","{1: 48, 0: 27, 2: 32}","{1: 66, 2: 41}","{1: 76, 2: 19, 0: 12}",0.03787093794241317,0.05960297245735575,0.052475836449343075,0.08245396907413277,0.2026935974625354,0.1785877283735551,0.24025949919931613,0.20005716577436805,0.22969625052627435,0.011672963348678103,0.22325601567259773,0.24313341013000514
6470,2,crash,3,4,1,1929.5870561149718,2347,558.25,570.5,0.05,0.1,6.903964519500732,39.40993118286133,-122.83729553222656,532.1403198242188,2000.0,263.78248159755447,1871,-23.430000000000863,-10.76542548258427,-300.0,0.8221504286812833,"{2: 63, 3: 4, 5: 13, 6: 73, 4: 20, 0: 44, 1: 17}","{1: 13, 2: 23, 3: 146, 6: 31, 5: 5, 4: 8, 0: 8}","{1: 92, 0: 101, 2: 41}","{1: 152, 0: 34, 2: 48}","{1: 117, 0: 85, 2: 32}","{1: 179, 0: 19, 2: 36}",0.08263279361768819,0.023382960898758395,0.0997751237140716,0.07093307635423625,0.2067025330937707,0.15918601055352516,0.2330928756352742,0.15085970169854787,0.23179610455207256,0.027758173789790144,0.2557812639166557,0.2621596339462613
6480,2,crash,3,2,1,846.7196629939226,2277,1083.0,1083.0,0.05,0.1,6.919766426086426,39.498878479003906,-122.83729553222656,527.9442138671875,1000.0,222.53498579328465,1413,-22.750000000000757,-53.0653227993633,-300.0,0.3718575595054557,"{5: 80, 6: 49, 4: 9, 3: 1, 0: 74, 1: 6, 2: 8}","{0: 9, 1: 6, 2: 8, 3: 134, 4: 70}","{1: 109, 0: 81, 2: 37}","{1: 160, 0: 43, 2: 24}","{1: 132, 2: 32, 0: 63}","{1: 175, 0: 30, 2: 22}",0.053920502149290096,0.021019192244557113,0.0707901229204091,0.07993966701873945,0.21864420069164245,0.08703222693929383,0.24442656597070211,0.11165948857751926,0.2494445116771783,0.005470420249123689,0.21843981439679944,0.34395855839040007
6490,2,max_steps,3,3,0,1781.062029131039,3500,946.6666666666666,768.0,0.05,0.1,6.941559314727783,39.578338623046875,-122.83729553222656,549.726806640625,1500.0,316.03202913103513,3036,-34.97000000000161,0.0,0.0,0.5088748654660111,"{6: 80, 5: 72, 4: 44, 0: 84, 1: 15, 2: 35, 3: 20}","{6: 22, 5: 15, 4: 16, 3: 189, 2: 28, 0: 69, 1: 11}","{1: 181, 2: 73, 0: 96}","{1: 195, 2: 63, 0: 92}","{1: 243, 2: 55, 0: 52}","{1: 295, 2: 21, 0: 34}",0.04503279435561173,0.023170897669995128,0.05856739280008893,0.05909929535117675,0.13097760761745397,0.18110118784435225,0.17402693591665522,0.1137640140637436,0.15511618961542006,0.012520276366229495,0.11783828679030292,0.25432777327153516
6500,2,crash,3,2,1,782.5447234675623,2109,772.0,772.0,0.05,0.1,6.965330123901367,39.67973327636719,-122.83729553222656,541.5086059570312,1000.0,152.40667987792318,1389,-21.070000000000494,-48.79195641036379,-300.0,0.3710501296669333,"{4: 56, 3: 3, 1: 13, 0: 72, 2: 10, 6: 56}","{5: 10, 4: 10, 3: 113, 2: 37, 0: 35, 1: 5}","{1: 115, 2: 31, 0: 64}","{1: 132, 2: 26, 0: 52}","{1: 146, 2: 10, 0: 54}","{1: 177, 2: 19, 0: 14}",0.038234082943001284,0.02334960615723992,0.05156757689248691,0.062163548458392566,0.1960086811291925,0.16711967461066174,0.2105877546113983,0.10433244294265769,0.22801501068113636,0.007864116794212934,0.281150441475354,0.05331910729019841
6510,2,success,3,5,0,2746.581189122797,2882,576.4,348.0,0.05,0.1,6.982532024383545,39.767791748046875,-122.83729553222656,535.9508666992188,2500.0,275.35118912280353,2371,-28.770000000001698,0.0,0.0,0.9530122099662723,"{3: 13, 4: 54, 5: 7, 0: 97, 1: 69, 2: 48}","{2: 57, 5: 11, 4: 27, 3: 131, 0: 46, 1: 16}","{1: 87, 2: 81, 0: 120}","{1: 166, 0: 83, 2: 39}","{1: 190, 2: 26, 0: 72}","{1: 260, 0: 11, 2: 17}",0.08367885212524617,0.026121381960039488,0.09208930172884439,0.031676398564680505,0.1099783220844713,0.12321327948512709,0.12544206352994924,0.09961419726331604,0.10202199689351105,0.10729401963229465,0.09989763311589643,0.06516184588260622
6520,2,crash,3,3,1,1354.3836922607356,1268,321.3333333333333,180.0,0.05,0.1,6.9938507080078125,39.81708526611328,-122.83729553222656,530.5731201171875,1500.0,175.41549116856743,1177,-12.649999999999775,-8.38179890783285,-300.0,1.0681259402687189,"{3: 28, 2: 88, 1: 3, 4: 7}","{4: 20, 5: 13, 0: 27, 1: 5, 2: 16, 3: 20, 6: 25}","{1: 77, 0: 49}","{1: 26, 2: 59, 0: 41}","{1: 88, 0: 38}","{1: 113, 0: 3, 2: 10}",0.035294656844868585,0.10918937765749637,0.06193889740813953,0.04962807295041516,0.20725261570486547,0.1856575489448959,0.19414064611535514,0.10010693484231603,0.10306536690377785,0.12205675210238094,0.16997899658991528,0.09978218727487001
6530,2,crash,3,2,1,747.6846684849861,1716,614.0,614.0,0.05,0.1,7.00466251373291,39.87487030029297,-124.71625518798828,520.7457275390625,1000.0,110.50437143992384,1240,-17.13999999999988,-45.67970295494017,-300.0,0.43571367627330193,"{5: 35, 4: 34, 3: 7, 0: 39, 1: 15, 2: 13, 6: 28}","{4: 27, 3: 100, 2: 30, 5: 14}","{1: 70, 2: 31, 0: 70}","{1: 96, 2: 59, 0: 16}","{1: 109, 2: 13, 0: 49}","{1: 146, 2: 15, 0: 10}",0.07112396079079818,0.027134223733915736,0.06630850188601184,0.06365778605298425,0.18845790904289803,0.13453648179614688,0.17981444875233996,0.10381324843540807,0.1848910310997162,0.023780550411883504,0.24112818040823797,0.10196592709825443
6540,2,success,3,5,0,2719.4757126476597,2680,536.0,574.0,0.05,0.1,7.028075218200684,39.9720344543457,-124.71625518798828,538.3907470703125,2500.0,246.22571264765486,2170,-26.750000000001382,0.0,0.0,1.0147297435252463,"{2: 75, 3: 7, 4: 53, 5: 80, 0: 23, 1: 29, 6: 1}","{3: 169, 2: 64, 4: 10, 0: 17, 1: 7, 6: 1}","{1: 94, 0: 109, 2: 65}","{1: 207, 2: 13, 0: 48}","{1: 160, 0: 65, 2: 43}","{1: 228, 0: 26, 2: 14}",0.0772533952223518,0.016713798189499647,0.08863865209135535,0.06088947111648506,0.10889047403975131,0.0936835076435567,0.1333094068196756,0.10360220594855954,0.1146361140347493,0.025444026100476465,0.13585311520615534,0.14687972235659846
6550,2,crash,3,1,1,256.17398110506724,1202,1012.0,1012.0,0.05,0.1,7.051567554473877,40.007381439208984,-125.29981994628906,533.9789428710938,500.0,79.5016081562053,962,-12.009999999999788,-11.317627051139306,-300.0,0.21312311240022233,"{0: 48, 1: 16, 2: 36, 3: 1, 4: 2, 5: 10, 6: 7}","{1: 10, 2: 8, 3: 102}","{1: 55, 0: 65}","{1: 91, 0: 29}","{1: 75, 0: 45}","{1: 107, 0: 6, 2: 7}",0.06129025265845327,0.019432786927363634,0.07737642586521878,0.06158289527176833,0.1472136112224748,0.13344850558088464,0.17105580103222784,0.10007504107664451,0.13628669394830747,0.024607290703326394,0.2135064511690252,0.09635451298706821
6560,2,crash,3,2,1,805.4191690600519,2026,951.0,951.0,0.05,0.1,7.063918590545654,39.999359130859375,-125.29981994628906,531.178466796875,1000.0,134.14226903830505,1496,-20.240000000000364,-8.48309997825745,-300.0,0.397541544452148,"{4: 34, 3: 4, 0: 108, 1: 21, 2: 23, 6: 12}","{2: 44, 3: 123, 1: 23, 6: 12}","{1: 75, 2: 33, 0: 94}","{1: 136, 0: 59, 2: 7}","{1: 129, 2: 17, 0: 56}","{1: 184, 2: 12, 0: 6}",0.07337954195448207,0.022928429085990354,0.08823559384998975,0.04367680065876238,0.10451132126302498,0.037958979346737434,0.13584111777396643,0.09751591340134112,0.1440751690717479,0.034143991274411145,0.21861187196504164,0.09760809122603124
6570,2,max_steps,3,3,0,1841.419421981034,3500,1070.0,1069.0,0.05,0.1,7.081422805786133,40.030860900878906,-125.29981994628906,531.178466796875,1500.0,398.7711638341522,2687,-34.97000000000161,-22.381741853123366,0.0,0.526119834851724,"{4: 53, 5: 26, 3: 3, 0: 131, 1: 32, 2: 16, 6: 89}","{0: 8, 1: 6, 2: 17, 3: 244, 5: 34, 4: 21, 6: 20}","{1: 105, 2: 123, 0: 122}","{1: 248, 0: 43, 2: 59}","{1: 193, 2: 84, 0: 73}","{1: 298, 2: 30, 0: 22}",0.07998822470584477,0.018976388131135086,0.09134022254407914,0.06767358591609252,0.2118672492704737,0.10843133592964839,0.2303838438688445,0.11775556061385607,0.17217852485971874,0.017931792936867277,0.24457348515185248,0.2546763091534103
6580,2,crash,3,3,1,1352.463888270905,2369,741.0,621.0,0.05,0.1,7.091101169586182,40.0491943359375,-125.29981994628906,531.178466796875,1500.0,190.28629398933268,1627,-23.6600000000009,-14.162405718434648,-300.0,0.5709007548631934,"{4: 63, 3: 9, 2: 97, 6: 46, 5: 7, 0: 14}","{1: 9, 2: 74, 3: 92, 6: 25, 5: 6, 4: 30}","{1: 121, 2: 83, 0: 32}","{1: 121, 0: 52, 2: 63}","{1: 145, 2: 67, 0: 24}","{1: 184, 0: 34, 2: 18}",0.04412739796295603,0.02965117937237241,0.050435257482409734,0.05093169163510975,0.20032004069977652,0.12649228958496417,0.2133170895576555,0.1310027378968323,0.2118941436769937,0.009157969403389594,0.2350554331790745,0.09698636763554044
6590,2,max_steps,3,4,0,2290.388482874665,3500,866.25,761.5,0.05,0.1,7.1052727699279785,40.125770568847656,-125.29981994628906,534.1795654296875,2000.0,325.34848287465826,2696,-34.960000000001614,0.0,0.0,0.6543967093927614,"{0: 123, 1: 34, 2: 118, 3: 5, 6: 54, 5: 8, 4: 8}","{2: 54, 3: 250, 1: 4, 4: 36, 5: 6}","{1: 116, 0: 172, 2: 62}","{1: 237, 0: 47, 2: 66}","{1: 207, 0: 90, 2: 53}","{1: 317, 0: 29, 2: 4}",0.07692024888863819,0.020119022195820874,0.09053163265269942,0.04558189137224472,0.18823367769294108,0.09068017572474166,0.18512624902013175,0.09976834501801943,0.08445364142409377,0.03089388604755978,0.11430882548537975,0.09466124328767314
6600,2,max_steps,3,1,0,576.4196841806701,3500,559.0,559.0,0.05,0.1,7.114187240600586,40.16022872924805,-125.29981994628906,554.3485717773438,500.0,111.40968418066339,2713,-34.99000000000161,0.0,0.0,0.1646913383373343,"{5: 44, 4: 11, 0: 295}","{5: 1, 4: 14, 3: 297, 1: 20, 2: 18}","{1: 281, 2: 53, 0: 16}","{1: 288, 2: 25, 0: 37}","{1: 307, 2: 32, 0: 11}","{1: 334, 2: 5, 0: 11}",0.01145164336210298,0.01891815540615325,0.01525861750080102,0.024944332516900678,0.08966249821333916,0.06234196478314042,0.11747352507376672,0.09471563091219233,0.1866927327610689,0.0007494452622488259,0.16561334208610212,0.10065555852422944
6610,2,max_steps,3,3,0,1632.8162006037674,3500,1099.3333333333333,1155.0,0.05,0.1,7.130929946899414,40.21492385864258,-125.29981994628906,533.5257568359375,1500.0,167.78620060376085,2694,-34.97000000000161,0.0,0.0,0.46651891445821925,"{5: 26, 4: 59, 3: 4, 1: 41, 0: 30, 2: 169, 6: 21}","{6: 4, 5: 8, 4: 8, 3: 220, 2: 68, 1: 42}","{1: 242, 2: 34, 0: 74}","{1: 232, 2: 34, 0: 84}","{1: 298, 2: 14, 0: 38}","{1: 315, 0: 21, 2: 14}",0.027738237108927737,0.01902683831619393,0.033155954953295784,0.05106768755037208,0.08394507646678688,0.08876730443021516,0.11342805015988705,0.09959802711823053,0.0837639502777972,0.027712279180968007,0.138722361984792,0.07905040510379979
6620,2,crash,3,4,1,1914.2935850943304,3311,673.25,555.5,0.05,0.1,7.143064022064209,40.23421859741211,-125.29981994628906,554.9815673828125,2000.0,299.00100503631273,2705,-33.07000000000199,-51.637419941983275,-300.0,0.5781617593157145,"{2: 105, 3: 54, 1: 31, 6: 120, 5: 5, 4: 16}","{2: 42, 3: 160, 1: 26, 4: 24, 6: 23, 5: 18, 0: 38}","{1: 169, 0: 72, 2: 90}","{1: 185, 0: 87, 2: 59}","{1: 216, 0: 36, 2: 79}","{1: 268, 0: 39, 2: 24}",0.04904028019785122,0.028921081197835694,0.0638880555276602,0.06490034882046275,0.16330947287930972,0.11044396032797313,0.15798405077222236,0.12975284265842285,0.11153260259918432,0.10756689709707064,0.12357082237135839,0.1425488701322598
6630,2,max_steps,3,4,0,2277.163280174505,3500,498.5,529.0,0.05,0.1,7.156935214996338,40.281856536865234,-125.29981994628906,567.5634765625,2000.0,312.1232801745232,2972,-34.960000000001614,0.0,0.0,0.6506180800498585,"{5: 53, 4: 34, 3: 47, 1: 20, 0: 31, 2: 30, 6: 135}","{1: 10, 2: 12, 3: 266, 6: 15, 5: 18, 4: 29}","{1: 195, 2: 94, 0: 61}","{1: 259, 0: 30, 2: 61}","{1: 267, 2: 40, 0: 43}","{1: 297, 2: 37, 0: 16}",0.0414593401110358,0.01551018659251576,0.05118555030403932,0.061662286052330685,0.10544968916100557,0.11310489745145544,0.12270722846529335,0.10329797717446565,0.10376495273541626,0.10539766987429267,0.14692182301155976,0.08290552024190256
6640,2,success,3,5,0,2760.092583826424,3245,649.0,615.0,0.05,0.1,7.17819356918335,40.38053512573242,-125.29981994628906,535.3649291992188,2500.0,292.49258382641904,2758,-32.40000000000212,0.0,0.0,0.8505678224426576,"{5: 73, 4: 113, 3: 31, 1: 37, 0: 32, 2: 38}","{5: 10, 4: 33, 3: 187, 1: 13, 2: 72, 0: 9}","{1: 174, 2: 69, 0: 81}","{1: 222, 2: 50, 0: 52}","{1: 251, 2: 28, 0: 45}","{1: 297, 0: 10, 2: 17}",0.04189269999974459,0.022764884785305514,0.04875670973052092,0.045118232344155317,0.10800259444965106,0.11514964154805678,0.14499447175053795,0.0993453134465791,0.08782362551629284,0.03545750441444545,0.1440187456731304,0.10096102638425575
6650,2,max_steps,3,3,0,1755.600407467321,3500,1092.6666666666667,1175.0,0.05,0.1,7.1981024742126465,40.43666076660156,-125.29981994628906,548.3384399414062,1500.0,290.5704074673208,2790,-34.97000000000161,0.0,0.0,0.5016001164192346,"{5: 144, 4: 42, 3: 6, 0: 71, 1: 15, 2: 27, 6: 45}","{3: 261, 4: 25, 2: 22, 0: 15, 1: 5, 6: 17, 5: 5}","{1: 160, 2: 103, 0: 87}","{1: 281, 2: 37, 0: 32}","{1: 264, 2: 53, 0: 33}","{1: 320, 2: 11, 0: 19}",0.05732862258579105,0.012949238328687983,0.0631435687307948,0.04581741138732638,0.10194405128719777,0.1294612498854581,0.11672685584136987,0.09906515783033094,0.10551246004912097,0.015698449575700813,0.12447867292416445,0.09650022694229458
6660,2,max_steps,3,4,0,2261.6351883298607,3500,763.5,687.0,0.05,0.1,7.223068714141846,40.51323699951172,-125.29981994628906,588.8015747070312,2000.0,322.1121846701894,3155,-34.960000000001614,-25.516996340330998,0.0,0.6461814823799602,"{1: 62, 2: 40, 3: 52, 5: 20, 6: 90, 4: 17, 0: 69}","{4: 35, 3: 230, 2: 14, 0: 36, 1: 8, 6: 22, 5: 5}","{1: 167, 0: 120, 2: 63}","{1: 222, 2: 67, 0: 61}","{1: 231, 0: 65, 2: 54}","{1: 298, 0: 33, 2: 19}",0.05586718410486308,0.02560464397628786,0.05402736800990092,0.04475734377272743,0.15097734966124052,0.14954468885265987,0.15935696273821665,0.10200418523543198,0.1919108023241463,0.13832779114378418,0.20948276381777783,0.09886609628218078
6670,2,max_steps,3,3,0,1781.9974186174134,3500,546.3333333333334,599.0,0.05,0.1,7.244236469268799,40.535587310791016,-125.29981994628906,550.7923583984375,1500.0,316.9674186174059,2518,-34.97000000000161,0.0,0.0,0.5091421196049752,"{6: 87, 5: 66, 4: 92, 3: 44, 0: 47, 1: 6, 2: 8}","{5: 6, 4: 19, 3: 240, 2: 24, 0: 27, 1: 8, 6: 26}","{1: 185, 2: 83, 0: 82}","{1: 236, 2: 63, 0: 51}","{1: 253, 2: 52, 0: 45}","{1: 283, 2: 30, 0: 37}",0.04495852627685486,0.019398958561602626,0.05237045353478302,0.06409407024509264,0.17344904374619255,0.15699311014641998,0.19241404261863046,0.10684149645337714,0.16371700973751904,0.10616234060982374,0.10598409038950889,0.10592813563742348
6680,2,crash,3,1,1,215.638406708925,991,638.0,638.0,0.05,0.1,7.259930610656738,40.56938934326172,-125.29981994628906,531.1520385742188,500.0,68.80053624268481,637,-9.899999999999833,-43.26212953376079,-300.0,0.2175967777082997,"{0: 36, 1: 11, 2: 15, 3: 1, 6: 36}","{2: 13, 3: 50, 4: 36}","{1: 40, 0: 59}","{1: 64, 0: 27, 2: 8}","{1: 54, 0: 45}","{1: 76, 0: 12, 2: 11}",0.07951013381787417,0.021157242082173153,0.07808887385785865,0.07053610249591288,0.14551899182214603,0.07240489121377233,0.17283903323603458,0.10731888274079125,0.13564868623482088,0.026558742984457838,0.17590817077828286,0.09320013997346695
6690,2,max_steps,3,4,0,2162.6549683369517,3500,746.5,782.5,0.05,0.1,7.280679702758789,40.637939453125,-125.29981994628906,536.6427001953125,2000.0,295.7674552553601,2530,-34.960000000001614,-98.15248691840539,0.0,0.6179014195248433,"{0: 145, 1: 26, 2: 30, 3: 2, 4: 73, 6: 61, 5: 13}","{6: 12, 5: 47, 4: 23, 3: 199, 2: 38, 1: 31}","{1: 125, 0: 129, 2: 96}","{1: 224, 2: 48, 0: 78}","{1: 222, 0: 73, 2: 55}","{1: 318, 0: 13, 2: 19}",0.07923259889767642,0.025983885947455987,0.07798824296652836,0.04957391466187657,0.15884619130684177,0.1068415790290893,0.16520000932675638,0.09879011339513992,0.13493409652308702,0.030118280154213046,0.13753685809640268,0.09109612366270725
6700,2,max_steps,3,4,0,2328.181706010289,3500,819.5,818.5,0.05,0.1,7.307298183441162,40.69816589355469,-125.29981994628906,539.6672973632812,2000.0,367.4759563378188,2883,-34.960000000001614,-4.334250327534435,0.0,0.6651947731457969,"{2: 69, 1: 31, 3: 21, 4: 41, 5: 57, 6: 64, 0: 67}","{6: 25, 5: 23, 4: 32, 3: 207, 2: 19, 0: 24, 1: 20}","{1: 171, 0: 99, 2: 80}","{1: 196, 2: 80, 0: 74}","{1: 242, 0: 54, 2: 54}","{1: 284, 0: 35, 2: 31}",0.050695112407050255,0.023342384544582737,0.0619073254551185,0.06468042225953992,0.1995512072402303,0.16986520336151487,0.225629033105265,0.10671267327020652,0.229551116257197,0.11491418964719216,0.1786791348002307,0.15559892893389335
6710,2,max_steps,3,4,0,2276.423016749565,3500,835.75,777.0,0.05,0.1,7.3376994132995605,40.774444580078125,-125.29981994628906,571.53515625,2000.0,312.30599022785856,2740,-34.960000000001614,-0.9229734782885932,0.0,0.6504065762141614,"{1: 68, 0: 30, 2: 31, 3: 32, 4: 100, 6: 45, 5: 44}","{5: 17, 4: 16, 3: 226, 0: 34, 1: 21, 2: 24, 6: 12}","{1: 191, 0: 51, 2: 108}","{1: 216, 2: 64, 0: 70}","{1: 249, 0: 26, 2: 75}","{1: 299, 0: 36, 2: 15}",0.047279426762781226,0.025631622939262695,0.06254007879744229,0.04798532945691322,0.1043711569558809,0.16289224902193,0.12121505750203589,0.10268855637651007,0.13449184839302342,0.030409419200268465,0.10805068043352563,0.14218313364484972
6720,2,success,3,5,0,2812.143605155018,2967,593.4,657.0,0.05,0.1,7.3643670082092285,40.8597297668457,-125.29981994628906,552.5944213867188,2500.0,341.7636051550127,2620,-29.62000000000183,0.0,0.0,0.947807079593872,"{5: 49, 4: 46, 3: 62, 0: 45, 1: 14, 2: 13, 6: 67}","{2: 22, 3: 193, 5: 13, 4: 26, 0: 15, 1: 5, 6: 22}","{1: 133, 2: 90, 0: 73}","{1: 191, 0: 44, 2: 61}","{1: 206, 2: 55, 0: 35}","{1: 254, 2: 21, 0: 21}",0.060903572708522306,0.017053012831726007,0.07717063687119147,0.05484405039598305,0.1510761201478945,0.16527523470221062,0.16956235744431136,0.10266790734411538,0.13483441941829255,0.10194948687063242,0.0971446920486414,0.10055436031573856
6730,2,max_steps,3,2,0,1238.742429142326,3500,854.5,854.5,0.05,0.1,7.384376049041748,40.9145622253418,-125.29981994628906,544.0723266601562,1000.0,275.51078125558206,2983,-34.98000000000161,-1.788352113257647,0.0,0.3539264083263789,"{6: 163, 5: 36, 4: 78, 3: 4, 0: 51, 1: 7, 2: 11}","{6: 9, 5: 6, 4: 8, 3: 287, 0: 5, 1: 8, 2: 27}","{1: 178, 2: 114, 0: 58}","{1: 282, 2: 36, 0: 32}","{1: 261, 2: 46, 0: 43}","{1: 308, 2: 29, 0: 13}",0.04827517619385838,0.01285131889185524,0.051640121538013325,0.056863603607131934,0.12249880139807189,0.11370350625108329,0.1285744079902601,0.10072675606584312,0.13658735666468982,0.027562371257349397,0.1248855460638592,0.09798848866232227
6740,2,max_steps,3,3,0,1770.2922707885655,3500,957.0,791.0,0.05,0.1,7.401533603668213,40.96028518676758,-125.29981994628906,569.828125,1500.0,317.8687207488038,3093,-34.97000000000161,-12.606449960242402,0.0,0.5057977916538758,"{0: 46, 1: 18, 2: 75, 6: 106, 5: 9, 4: 15, 3: 81}","{0: 42, 1: 39, 2: 25, 3: 164, 6: 54, 5: 11, 4: 15}","{1: 241, 0: 51, 2: 58}","{1: 193, 0: 86, 2: 71}","{1: 285, 0: 30, 2: 35}","{1: 305, 0: 26, 2: 19}",0.022085634038487616,0.0291177294752029,0.0259191572658486,0.0381267776646148,0.12226990751437496,0.1862792764039303,0.13462056906584577,0.1015406517994548,0.13972476719557214,0.15298620736063245,0.09453634500081741,0.12141972748039108
6750,2,max_steps,3,1,0,623.840536776854,3500,308.0,308.0,0.05,0.1,7.409754276275635,40.96539306640625,-125.29981994628906,569.828125,500.0,158.83053677684197,2269,-34.99000000000161,0.0,0.0,0.17824015336481544,"{2: 28, 3: 2, 6: 149, 5: 125, 4: 46}","{2: 9, 3: 318, 4: 23}","{1: 202, 0: 50, 2: 98}","{1: 318, 2: 27, 0: 5}","{1: 284, 0: 16, 2: 50}","{1: 303, 0: 12, 2: 35}",0.0403083413561231,0.009932789498592061,0.053506621808045315,0.07797648557535777,0.07936014467806017,0.029463848499766816,0.11059811955418138,0.10097212993885604,0.07859499080268598,0.014039314954418744,0.10236237285720973,0.06899173775387155
6760,2,max_steps,3,4,0,2251.342141355724,3500,756.75,745.0,0.05,0.1,7.425092697143555,40.95461654663086,-125.29981994628906,576.8343505859375,2000.0,317.67945448951554,2764,-34.960000000001614,-31.37731313377375,0.0,0.6432406118159211,"{5: 94, 4: 122, 3: 5, 0: 91, 1: 24, 2: 14}","{4: 31, 3: 192, 2: 57, 0: 29, 1: 17, 6: 16, 5: 8}","{1: 176, 2: 113, 0: 61}","{1: 198, 2: 65, 0: 87}","{1: 246, 2: 52, 0: 52}","{1: 294, 2: 29, 0: 27}",0.04957308792498988,0.0245587880658262,0.05508304212414608,0.0635742154727906,0.15325799690936262,0.17297742108476064,0.18813020431999006,0.1047397382491898,0.14033642973201477,0.0756130715417461,0.1959882102321891,0.10010799987820174
6770,2,max_steps,3,4,0,2251.7660421212154,3500,697.75,342.0,0.05,0.1,7.4410786628723145,40.97603988647461,-125.29981994628906,552.7017211914062,2000.0,286.72604212122616,2582,-34.960000000001614,0.0,0.0,0.6433617263203473,"{2: 74, 3: 6, 1: 1, 6: 94, 5: 83, 4: 92}","{4: 8, 3: 309, 2: 33}","{1: 164, 0: 88, 2: 98}","{1: 290, 2: 25, 0: 35}","{1: 217, 0: 64, 2: 69}","{1: 274, 0: 50, 2: 26}",0.0548724006840922,0.019714309213053463,0.061989819886914196,0.07262994241662044,0.17779256564965995,0.03392447233268415,0.2061783614506926,0.1484077863903281,0.1754151995674899,0.03199596623479482,0.21911494809701246,0.12576295385804348
6780,2,crash,3,2,1,875.9893462178879,1940,805.0,805.0,0.05,0.1,7.454790115356445,40.952972412109375,-125.29981994628906,548.3761596679688,1000.0,226.40023377548752,1411,-19.38000000000023,-31.030887557601684,-300.0,0.45154090011231335,"{6: 67, 5: 18, 4: 19, 3: 1, 0: 75, 1: 6, 2: 8}","{2: 15, 3: 118, 4: 51, 5: 10}","{1: 68, 2: 56, 0: 70}","{1: 137, 0: 17, 2: 40}","{1: 112, 2: 26, 0: 56}","{1: 158, 2: 16, 0: 20}",0.0799434446242883,0.0195651629220365,0.08936116708934952,0.05528993549238998,0.24379854303088533,0.10830313704596667,0.27185826383647593,0.10985191863880076,0.1992353841893556,0.022070037415661804,0.1038936224132593,0.20366812345424723
6790,2,success,3,5,0,2780.4354154021726,3233,646.6,633.0,0.05,0.1,7.47537899017334,40.960880279541016,-125.29981994628906,540.2318115234375,2500.0,316.70383914651677,2982,-32.28000000000215,-3.9884237443470525,0.0,0.8600171405512442,"{6: 41, 5: 27, 4: 17, 3: 21, 2: 124, 1: 87, 0: 6}","{0: 28, 1: 25, 2: 25, 3: 180, 6: 19, 5: 6, 4: 40}","{1: 131, 2: 72, 0: 120}","{1: 185, 0: 75, 2: 63}","{1: 218, 2: 45, 0: 60}","{1: 254, 2: 29, 0: 40}",0.06430378460169432,0.025224767693153554,0.07558953991067495,0.06703222458563299,0.10480947384009762,0.15737223080084747,0.13715144505049048,0.13917548896812929,0.14225251436794684,0.0409688826178849,0.17781151564517333,0.0732343411590203
6800,2,max_steps,3,4,0,2239.6566140258806,3500,759.25,819.5,0.05,0.1,7.498420715332031,40.9327507019043,-125.29981994628906,544.6774291992188,2000.0,274.61661402588027,2835,-34.960000000001614,0.0,0.0,0.6399018897216802,"{2: 110, 3: 23, 4: 64, 5: 43, 6: 63, 1: 10, 0: 37}","{2: 110, 3: 198, 1: 16, 6: 14, 5: 5, 4: 7}","{1: 148, 0: 89, 2: 113}","{1: 227, 0: 91, 2: 32}","{1: 249, 0: 31, 2: 70}","{1: 291, 0: 38, 2: 21}",0.058472782781679826,0.022702523772276613,0.0605010481296706,0.06335763693673475,0.103509129144535,0.12280213738389188,0.13622410856139966,0.11091299908080562,0.10429463629865425,0.043321821581506444,0.14105716825757014,0.14744826521765916
6810,2,max_steps,3,3,0,1733.7382891426555,3500,1009.3333333333334,1246.0,0.05,0.1,7.522751808166504,41.01039123535156,-125.29981994628906,548.7797241210938,1500.0,268.70828914265195,2758,-34.97000000000161,0.0,0.0,0.4953537968979016,"{2: 80, 3: 6, 6: 55, 5: 22, 4: 45, 1: 103, 0: 39}","{5: 6, 4: 26, 3: 263, 2: 20, 0: 30, 1: 5}","{1: 168, 0: 108, 2: 74}","{1: 266, 2: 27, 0: 57}","{1: 258, 0: 52, 2: 40}","{1: 301, 0: 35, 2: 14}",0.05361678589804149,0.017592228603742648,0.06549858944199946,0.06421936681576494,0.09514600723477991,0.12891784611034907,0.12046441736084042,0.1017559191288408,0.09454487828545675,0.017245591352560447,0.128126357106749,0.0939702765304053
6820,2,crash,3,2,1,854.0254534981073,2575,1193.0,1193.0,0.05,0.1,7.531911373138428,40.99861526489258,-125.29981994628906,575.50244140625,1000.0,198.93461440580637,2234,-25.730000000001223,-19.179160907702894,-300.0,0.3316603702905271,"{1: 47, 2: 36, 3: 1, 6: 112, 5: 25, 4: 17, 0: 19}","{6: 8, 5: 6, 4: 8, 3: 205, 2: 11, 0: 19}","{1: 118, 0: 33, 2: 106}","{1: 197, 2: 27, 0: 33}","{1: 178, 0: 17, 2: 62}","{1: 213, 0: 25, 2: 19}",0.05485183048497107,0.013884519243671541,0.06036613295034392,0.0778538836644752,0.10454205944367438,0.11476119675692795,0.12327675620182012,0.10322908501651142,0.1428339638964732,0.01306664580467484,0.19951732491201896,0.1005979878861451
6830,2,max_steps,3,4,0,2287.2071809134604,3500,821.25,839.0,0.05,0.1,7.5499773025512695,41.04182815551758,-125.29981994628906,562.656494140625,2000.0,325.04462951838866,2790,-34.960000000001614,-2.877448604919463,0.0,0.6534877659752744,"{0: 62, 1: 17, 2: 30, 3: 46, 6: 58, 5: 26, 4: 111}","{4: 19, 3: 190, 2: 25, 0: 59, 1: 13, 6: 39, 5: 5}","{1: 166, 0: 57, 2: 127}","{1: 198, 2: 67, 0: 85}","{1: 252, 0: 24, 2: 74}","{1: 306, 0: 29, 2: 15}",0.05300019832439474,0.0277571451328716,0.06209586348498146,0.05289088467066984,0.1068341308312477,0.17600003815847545,0.13813528708849937,0.1014574457688758,0.15262816043349794,0.14025565468623988,0.10271315997842062,0.14010650129811852
6840,2,max_steps,3,1,0,558.3542648612781,3500,626.0,626.0,0.05,0.1,7.567071914672852,41.09384536743164,-125.29981994628906,557.5584716796875,500.0,170.79520011742062,2225,-34.99000000000161,-77.4509352561499,0.0,0.15952978996036518,"{1: 37, 2: 24, 3: 1, 6: 288}","{1: 9, 2: 31, 3: 294, 4: 16}","{1: 187, 0: 79, 2: 84}","{1: 304, 0: 27, 2: 19}","{1: 295, 0: 21, 2: 34}","{1: 309, 0: 7, 2: 34}",0.04531776762271894,0.017535881049053563,0.053543490431051666,0.06407993657755283,0.08716593661475776,0.03390111802490532,0.10863046155935493,0.1007457656605084,0.09554925509348952,0.022856108013224213,0.10597069992127807,0.05897311627061466
6850,2,crash,3,0,1,-357.4899854191859,797,,,0.05,0.1,7.589047431945801,41.15830993652344,-125.29981994628906,561.975830078125,0.0,25.659840418312395,262,-7.9699999999998745,-75.17982583749823,-300.0,-0.4485445237379999,"{5: 64, 6: 15}","{0: 11, 1: 6, 2: 7, 3: 24, 4: 31}","{1: 59, 0: 20}","{1: 26, 0: 47, 2: 6}","{1: 69, 0: 10}",{1: 79},0.009457036363495562,0.04760967054261177,0.017035511805506373,0.02565613492692547,0.08015332304755148,0.18495414548857478,0.10478784883779532,0.08406760692464688,,,,
6860,2,crash,3,3,1,1337.1243611737,2638,780.3333333333334,674.0,0.05,0.1,7.604068756103516,41.18568801879883,-125.29981994628906,562.3447875976562,1500.0,196.87366786115825,1844,-26.35000000000132,-33.399306687462136,-300.0,0.5068704932424943,"{3: 37, 4: 85, 6: 62, 5: 50, 2: 14, 1: 15}","{0: 10, 1: 27, 2: 25, 6: 18, 5: 6, 4: 18, 3: 159}","{1: 148, 2: 94, 0: 21}","{1: 153, 0: 74, 2: 36}","{1: 220, 2: 43}","{1: 241, 2: 14, 0: 8}",0.04345568856653192,0.025877624286051757,0.04296180806755005,0.03638242869300522,0.09488711362350781,0.15852310198179806,0.1100681245383505,0.0986414192179865,0.09569728361002175,0.1334191756163575,0.10509020378830217,0.07962178783215693
6870,2,max_steps,3,3,0,1708.145196659944,3500,1165.6666666666667,1033.0,0.05,0.1,7.625572204589844,41.21476745605469,-125.29981994628906,566.7215576171875,1500.0,243.11519665994172,3037,-34.97000000000161,0.0,0.0,0.48804148475998405,"{4: 139, 3: 7, 0: 55, 1: 9, 2: 9, 6: 101, 5: 30}","{1: 6, 2: 60, 3: 253, 6: 15, 5: 7, 4: 9}","{1: 201, 2: 104, 0: 45}","{1: 282, 0: 34, 2: 34}","{1: 273, 2: 47, 0: 30}","{1: 318, 2: 25, 0: 7}",0.04081394994771333,0.014141076607457705,0.04477626885682257,0.07674914438045084,0.0882454668927328,0.03756831764758275,0.11852071998387245,0.0998110063316776,0.06517104383511521,0.02311242489849006,0.11692718759167427,0.09906532729862993
6880,2,max_steps,3,3,0,1757.4021289105735,3500,992.6666666666666,472.0,0.05,0.1,7.644596099853516,41.26681137084961,-125.29981994628906,556.068603515625,1500.0,292.3721289105719,1827,-34.97000000000161,0.0,0.0,0.5021148939744495,"{6: 212, 5: 5, 4: 33, 3: 27, 2: 20, 0: 49, 1: 4}","{0: 4, 1: 8, 2: 13, 3: 278, 4: 32, 6: 9, 5: 6}","{1: 199, 0: 96, 2: 55}","{1: 259, 0: 26, 2: 65}","{1: 257, 0: 47, 2: 46}","{1: 320, 0: 23, 2: 7}",0.04129995525160115,0.018358926348942112,0.05041035207318111,0.035318690524073756,0.2106371934452271,0.11724114439114798,0.2606559516280768,0.09848561988913214,0.090588611179386,0.09170060542287715,0.09903385093097984,0.07917642802312853
6890,2,max_steps,3,4,0,2296.227794227484,3500,717.75,638.0,0.05,0.1,7.6741437911987305,41.376495361328125,-125.29981994628906,553.981201171875,2000.0,331.1877942275039,2739,-34.960000000001614,0.0,0.0,0.6560650840649954,"{2: 52, 3: 5, 5: 84, 4: 42, 0: 99, 1: 5, 6: 63}","{4: 60, 3: 191, 1: 19, 2: 24, 5: 20, 6: 36}","{1: 173, 0: 84, 2: 93}","{1: 207, 2: 92, 0: 51}","{1: 251, 0: 56, 2: 43}","{1: 294, 0: 21, 2: 35}",0.05103824978256974,0.024821560759457545,0.06157955997153482,0.055705829498238726,0.1557933166587615,0.12505824210188649,0.16422142848131968,0.11296362230129176,0.1934293216102613,0.021142364660596415,0.10832304449112694,0.19181591007824045
6900,2,crash,3,3,1,1315.9789271265188,1862,571.0,531.0,0.05,0.1,7.688790798187256,41.44342803955078,-125.29981994628906,553.981201171875,1500.0,141.81850302038237,1542,-18.590000000000106,-7.249575893866945,-300.0,0.7067555999605364,"{4: 52, 3: 73, 2: 26, 5: 34, 1: 1}","{5: 8, 4: 29, 3: 67, 0: 32, 1: 8, 2: 42}","{1: 124, 2: 62}","{1: 91, 2: 41, 0: 54}","{1: 135, 2: 51}","{1: 163, 0: 15, 2: 8}",0.022296563765438517,0.030059773405129032,0.03415843218904737,0.03631375304604399,0.13770498466816822,0.13584943183687476,0.1725147135984922,0.10722809066833928,0.11169565094831925,0.03197169741130837,0.17929975181589985,0.09376243195271582
6910,2,max_steps,3,2,0,1004.6279591449118,3500,1496.0,1496.0,0.05,0.1,7.712794303894043,41.49457931518555,-125.29981994628906,554.1356201171875,1000.0,236.02409142585105,2611,-34.98000000000161,-196.4161322809428,0.0,0.2870365597556891,"{3: 23, 6: 78, 5: 57, 4: 141, 2: 51}","{6: 29, 5: 12, 4: 77, 0: 36, 1: 4, 2: 7, 3: 185}","{1: 297, 2: 51, 0: 2}","{1: 213, 2: 73, 0: 64}","{1: 330, 2: 20}","{1: 292, 2: 28, 0: 30}",0.018476997620448878,0.025651843007338904,0.032725990523178365,0.03969601395067947,0.05732248244272852,0.19333474365244216,0.08447969052827028,0.10416390081430801,0.04968799303943099,0.02710502944889041,0.08318775297817094,0.13356892441786822
6920,2,max_steps,3,4,0,2288.2521166354554,3500,782.5,729.5,0.05,0.1,7.738041400909424,41.55998611450195,-125.29981994628906,551.358642578125,2000.0,324.10912230566043,2547,-34.960000000001614,-0.8970056702025627,0.0,0.6537863190387015,"{2: 50, 3: 22, 6: 98, 5: 7, 4: 99, 0: 69, 1: 5}","{0: 7, 1: 13, 2: 36, 3: 204, 4: 62, 5: 9, 6: 19}","{1: 181, 0: 89, 2: 80}","{1: 207, 0: 51, 2: 92}","{1: 253, 0: 49, 2: 48}","{1: 301, 0: 27, 2: 22}",0.048220367126036986,0.02278108819332692,0.0564263622112606,0.06676798335470821,0.20065277832584058,0.13614057696338983,0.22871791479943718,0.10330366549927884,0.07985835938175384,0.03165207140485569,0.11745032350180636,0.10253680007944307
6930,2,success,3,5,0,2765.6751153334108,2908,581.6,578.0,0.05,0.1,7.761623859405518,41.649871826171875,-125.29981994628906,547.099853515625,2500.0,294.7051153334203,2480,-29.03000000000174,0.0,0.0,0.9510574674461523,"{2: 118, 3: 33, 1: 65, 6: 43, 5: 10, 4: 21}","{4: 18, 3: 179, 2: 30, 0: 31, 1: 11, 6: 16, 5: 5}","{1: 150, 0: 78, 2: 62}","{1: 183, 2: 45, 0: 62}","{1: 211, 0: 46, 2: 33}","{1: 234, 0: 32, 2: 24}",0.04580396526800523,0.02000510014830854,0.04662128149764756,0.05374969558702696,0.11887302866598105,0.1802295422225147,0.1481978999073357,0.10652820973897836,0.11792302867247771,0.1009881380165083,0.13103146892758963,0.08254643299452319
6940,2,max_steps,3,4,0,2249.5088301673973,3500,795.5,667.5,0.05,0.1,7.790469169616699,41.744239807128906,-125.29981994628906,547.099853515625,2000.0,284.46883016739406,3114,-34.960000000001614,0.0,0.0,0.6427168086192564,"{2: 55, 5: 40, 6: 51, 4: 142, 3: 62}","{1: 37, 2: 51, 3: 174, 6: 47, 5: 10, 4: 20, 0: 11}","{1: 218, 0: 51, 2: 81}","{1: 183, 0: 85, 2: 82}","{1: 293, 0: 19, 2: 38}","{1: 320, 0: 18, 2: 12}",0.03115208186683318,0.028034519313592014,0.03455680291811175,0.04722673025351352,0.08805503558686344,0.17923390536790781,0.110776913852735,0.09907269774105278,0.0918753103858658,0.026125741777686517,0.11203602114318653,0.09939475230793489
6950,2,max_steps,3,3,0,1663.9473587850612,3500,834.3333333333334,873.0,0.05,0.1,7.812948703765869,41.825809478759766,-125.29981994628906,551.7693481445312,1500.0,198.9173587850543,2404,-34.97000000000161,0.0,0.0,0.4754135310814461,"{5: 71, 6: 129, 4: 27, 2: 54, 3: 2, 1: 67}","{1: 14, 2: 37, 3: 232, 4: 18, 6: 26, 5: 6, 0: 17}","{1: 205, 0: 105, 2: 40}","{1: 221, 0: 85, 2: 44}","{1: 299, 2: 13, 0: 38}","{1: 320, 2: 19, 0: 11}",0.04045776178943506,0.01712599872915195,0.0506176193330809,0.05171689895312788,0.08890093607445104,0.14441228524860455,0.1098764959531805,0.09908526985041248,0.1213622882406318,0.013044588047638334,0.11816489421071336,0.09785842408058598
6960,2,success,3,5,0,2745.0316246645298,2747,549.4,626.0,0.05,0.1,7.828165531158447,41.84920883178711,-125.29981994628906,541.1033935546875,2500.0,272.45162466452996,2637,-27.420000000001487,0.0,0.0,0.9992834454548707,"{3: 136, 5: 53, 4: 22, 2: 43, 1: 20}","{5: 18, 4: 20, 0: 76, 1: 15, 2: 21, 6: 40, 3: 84}","{1: 185, 2: 50, 0: 39}","{1: 112, 2: 78, 0: 84}","{1: 244, 2: 18, 0: 12}","{1: 264, 2: 7, 0: 3}",0.021710704082586248,0.03401928255649232,0.025885706540203713,0.02738649284949484,0.09232040686422649,0.18657120518405138,0.10193446558229324,0.08364624008793606,0.09951891006552992,0.1728569935982925,0.09412383228264704,0.02747447442720825
6970,2,max_steps,3,4,0,2252.130699060635,3500,589.5,593.0,0.05,0.1,7.853955268859863,41.956485748291016,-125.29981994628906,553.7757568359375,2000.0,287.0906990606703,2534,-34.960000000001614,0.0,0.0,0.6434659140173242,"{3: 25, 6: 66, 5: 63, 4: 79, 0: 78, 1: 7, 2: 32}","{6: 8, 5: 11, 4: 35, 0: 15, 1: 27, 2: 42, 3: 212}","{1: 190, 2: 95, 0: 65}","{1: 224, 2: 57, 0: 69}","{1: 286, 2: 33, 0: 31}","{1: 307, 0: 16, 2: 27}",0.04384937963523611,0.021197642741456364,0.0463714365195918,0.0417137173508991,0.10878700810649546,0.13730424625538173,0.12452023773310046,0.1014753236543599,0.1367632471726105,0.1968424875298034,0.1083507077054331,0.07144154709315914
6980,2,max_steps,3,4,0,2356.7848640840193,3500,617.0,645.5,0.05,0.1,7.871840000152588,41.998931884765625,-125.29981994628906,546.9238891601562,2000.0,396.3826116182443,2351,-34.960000000001614,-4.637747534184132,0.0,0.6733671040240056,"{0: 88, 1: 16, 2: 23, 3: 3, 6: 172, 5: 6, 4: 42}","{3: 243, 2: 38, 4: 35, 0: 28, 1: 6}","{1: 143, 0: 119, 2: 88}","{1: 230, 2: 46, 0: 74}","{1: 197, 0: 86, 2: 67}","{1: 291, 0: 27, 2: 32}",0.07403673252115966,0.020349306790619054,0.08506739443051792,0.0706392901507082,0.2334569462691237,0.09322903376882463,0.25617693234039474,0.10329325664544589,0.21072194927609178,0.031066682726872363,0.13937114472176768,0.22077519419406577
6990,2,max_steps,3,4,0,2284.711868821807,3500,557.0,551.0,0.05,0.1,7.892853260040283,42.076324462890625,-125.29981994628906,546.4236450195312,2000.0,319.67186882184455,2838,-34.960000000001614,0.0,0.0,0.6527748196633735,"{5: 40, 4: 116, 3: 22, 0: 34, 1: 14, 2: 72, 6: 52}","{3: 251, 2: 44, 4: 22, 5: 8, 0: 20, 1: 5}","{1: 148, 2: 87, 0: 115}","{1: 274, 0: 49, 2: 27}","{1: 234, 2: 58, 0: 58}","{1: 289, 2: 31, 0: 30}",0.06375277390287623,0.013174741052260006,0.0748055798719036,0.07368005334238059,0.1029572308871757,0.10534135536419971,0.13590072602422407,0.10194261414166293,0.09100672966697146,0.0240320054243683,0.1195709162275386,0.0990297892122994
7000,2,max_steps,3,2,0,1151.6310846804927,3500,1105.0,1105.0,0.05,0.1,7.908857345581055,42.10976791381836,-125.29981994628906,567.0523071289062,1000.0,205.6916467567186,2012,-34.98000000000161,-19.08056207623877,0.0,0.32903745276585505,"{2: 36, 3: 5, 4: 23, 5: 213, 6: 73}","{1: 9, 2: 34, 3: 227, 6: 32, 5: 5, 4: 24, 0: 19}","{1: 239, 0: 66, 2: 45}","{1: 199, 0: 82, 2: 69}","{1: 280, 0: 32, 2: 38}","{1: 315, 0: 12, 2: 23}",0.018658220480795903,0.024329399268420135,0.02689874975599474,0.03991708044344239,0.11591182417716023,0.17438782117207188,0.14109122697230245,0.09990450541596621,0.06315993932666004,0.04864500708248932,0.11163617134824506,0.10177119455157756
7010,2,max_steps,3,4,0,2206.7244884649244,3500,704.0,690.5,0.05,0.1,7.927740097045898,42.17556381225586,-125.29981994628906,557.543212890625,2000.0,254.852235889964,2328,-34.960000000001614,-13.167747425031639,0.0,0.6304927109899784,"{3: 40, 2: 77, 6: 106, 5: 42, 4: 27, 1: 58}","{2: 60, 4: 25, 3: 233, 1: 15, 6: 11, 5: 6}","{1: 159, 0: 115, 2: 76}","{1: 224, 0: 81, 2: 45}","{1: 238, 0: 50, 2: 62}","{1: 308, 0: 32, 2: 10}",0.06162037727463719,0.020406167276040107,0.07135760557969045,0.05248175728741855,0.1643610956944647,0.12388166404511662,0.17094187108723263,0.10135563865456274,0.09916271774225686,0.0336010816743506,0.10648509344431717,0.03521196654936152
7020,2,max_steps,3,3,0,1733.6882308914085,3500,1079.3333333333333,709.0,0.05,0.1,7.949481010437012,42.2620735168457,-125.29981994628906,572.5047607421875,1500.0,268.6582308914003,2556,-34.97000000000161,0.0,0.0,0.49533949454040244,"{1: 45, 2: 77, 3: 27, 6: 82, 5: 6, 4: 9, 0: 104}","{4: 12, 3: 239, 2: 80, 1: 19}","{1: 184, 0: 114, 2: 52}","{1: 250, 2: 15, 0: 85}","{1: 245, 0: 61, 2: 44}","{1: 292, 0: 37, 2: 21}",0.045570340943153806,0.01602314383396312,0.055079501419767446,0.05918278407653494,0.15839517418698365,0.07987665400728888,0.17030356342219757,0.10227498468341284,0.07163325725556742,0.02287841269187649,0.118369021383943,0.10183617907940505
7030,2,max_steps,3,4,0,2324.361929968157,3500,857.0,842.5,0.05,0.1,7.97057580947876,42.325950622558594,-125.29981994628906,548.048828125,2000.0,359.3219299681569,3001,-34.960000000001614,0.0,0.0,0.6641034085623305,"{6: 66, 5: 56, 4: 48, 3: 12, 0: 76, 1: 11, 2: 81}","{3: 250, 5: 9, 4: 34, 0: 42, 1: 5, 2: 10}","{1: 113, 2: 152, 0: 85}","{1: 267, 2: 28, 0: 55}","{1: 237, 2: 66, 0: 47}","{1: 292, 2: 39, 0: 19}",0.07385497934412985,0.018691401057018407,0.08487798940189917,0.07604930244055738,0.12825330152520684,0.10346907144700422,0.1645106700070005,0.10226900774212518,0.10650028698148548,0.022913791394681613,0.10777528755493063,0.07023040874500973
7040,2,max_steps,3,3,0,1749.5765745488648,3500,1076.3333333333333,1145.0,0.05,0.1,7.991879940032959,42.39754104614258,-125.29981994628906,543.3616943359375,1500.0,284.5465745488581,2567,-34.97000000000161,0.0,0.0,0.49987902129967565,"{5: 96, 4: 31, 3: 4, 0: 126, 1: 6, 2: 10, 6: 77}","{2: 106, 3: 221, 1: 8, 4: 15}","{1: 156, 2: 140, 0: 54}","{1: 260, 0: 76, 2: 14}","{1: 228, 2: 77, 0: 45}","{1: 288, 2: 32, 0: 30}",0.0646416864840372,0.014819648977997557,0.061157784281958574,0.060148256429170224,0.15022870516834141,0.033767351973574646,0.17994642125536106,0.11136609826450193,0.16467353446975097,0.007946765750150886,0.1201807545211658,0.10538079465227933
7050,2,success,3,5,0,2786.7499127601445,3352,670.4,688.0,0.05,0.1,8.012360572814941,42.435279846191406,-125.29981994628906,538.5958862304688,2500.0,320.7776161916919,2946,-33.47000000000191,-0.5577034315425446,0.0,0.8313693057160336,"{2: 154, 3: 57, 5: 33, 6: 41, 4: 11, 0: 11, 1: 28}","{4: 46, 3: 192, 2: 19, 0: 38, 1: 10, 6: 24, 5: 6}","{1: 170, 0: 112, 2: 53}","{1: 219, 2: 62, 0: 54}","{1: 241, 0: 58, 2: 36}","{1: 279, 0: 29, 2: 27}",0.04835443640327902,0.02563308201259115,0.048216933777400994,0.06820710500572315,0.14347141101225772,0.13545287181543608,0.1575674565800296,0.10399500999862615,0.1450290221306477,0.12643486381941263,0.17468792503288008,0.09847725341300553
7060,2,max_steps,3,3,0,1675.8052462875746,3500,1075.6666666666667,1165.0,0.05,0.1,8.03056526184082,42.495628356933594,-125.29981994628906,539.9464111328125,1500.0,247.38806210535145,2559,-34.97000000000161,-36.612815817782064,0.0,0.478801498939307,"{4: 174, 5: 25, 3: 7, 0: 46, 1: 29, 2: 41, 6: 28}","{5: 8, 4: 32, 3: 215, 2: 63, 0: 27, 1: 5}","{1: 245, 2: 45, 0: 60}","{1: 240, 2: 50, 0: 60}","{1: 310, 2: 22, 0: 18}","{1: 321, 2: 13, 0: 16}",0.026130375464821075,0.022491235437982857,0.028645687612287023,0.04038045933112604,0.08967089180771452,0.16392173258366072,0.10809167023087866,0.09811996576636774,0.068494838363982,0.07531851729678223,0.07874069850315972,0.05511015063713672
7070,2,crash,3,1,1,237.33621794393082,1171,970.0,970.0,0.05,0.1,8.044939041137695,42.53342056274414,-125.29981994628906,537.1351318359375,500.0,58.84243714542503,745,-11.699999999999795,-9.806219201495258,-300.0,0.20267823906398874,"{5: 56, 4: 40, 0: 21}","{4: 17, 3: 82, 2: 9, 5: 9}","{1: 60, 2: 57}","{1: 97, 2: 20}","{1: 72, 2: 45}","{1: 97, 0: 18, 2: 2}",0.046890373418139744,0.0173961642802099,0.06773788347022239,0.08235549771957248,0.1925963020997031,0.06761861931691791,0.2024094835622188,0.1057997965292127,0.1743285496534843,0.005366326133646105,0.24763030217107676,0.08170227348445767
7080,2,crash,3,2,1,902.481334883452,1985,918.5,918.5,0.05,0.1,8.057632446289062,42.59516143798828,-125.29981994628906,529.940185546875,1000.0,233.22136212518262,1527,-19.8300000000003,-10.910027241735099,-300.0,0.45465054654078185,"{0: 70, 1: 16, 2: 20, 3: 2, 6: 77, 5: 5, 4: 8}","{1: 9, 2: 36, 3: 129, 6: 5, 5: 8, 4: 11}","{1: 72, 0: 60, 2: 66}","{1: 135, 0: 37, 2: 26}","{1: 107, 0: 31, 2: 60}","{1: 183, 2: 4, 0: 11}",0.09270410868644643,0.016002984616810358,0.09488182581100396,0.03281577257233349,0.25933908021650176,0.12002422534706636,0.26213252956454486,0.0967668474297258,0.2586304739595448,0.011795401061876648,0.24330223181107266,0.040452413200495585
7090,2,max_steps,3,2,0,1110.3836042745866,3500,1098.5,1098.5,0.05,0.1,8.068891525268555,42.63449478149414,-125.29981994628906,548.7830810546875,1000.0,189.9328646690864,2022,-34.98000000000161,-44.56926039450608,0.0,0.3172524583641676,"{4: 120, 3: 4, 1: 19, 0: 83, 2: 15, 5: 91, 6: 18}","{2: 83, 3: 194, 4: 26, 1: 14, 6: 28, 5: 5}","{1: 222, 2: 55, 0: 73}","{1: 170, 0: 93, 2: 87}","{1: 274, 2: 40, 0: 36}","{1: 292, 2: 27, 0: 31}",0.034428130597597875,0.03034260345534121,0.04528926259663893,0.04852138621924594,0.12612498590097884,0.13822577918303816,0.14201855782645936,0.10502677055717248,0.1150795069019557,0.13525613590250044,0.11478636765397747,0.08188844671740216
7100,2,crash,3,4,1,1872.9401262453807,2313,555.5,619.0,0.05,0.1,8.0824556350708,42.68356704711914,-125.29981994628906,558.6353759765625,2000.0,203.16442284960712,1807,-23.09000000000081,-7.134296604226343,-300.0,0.8097449745980894,"{4: 91, 3: 4, 5: 36, 1: 37, 2: 45, 6: 9, 0: 9}","{5: 4, 4: 45, 3: 115, 0: 8, 1: 11, 2: 48}","{1: 111, 2: 74, 0: 46}","{1: 132, 2: 50, 0: 49}","{1: 140, 2: 69, 0: 22}","{1: 204, 0: 24, 2: 3}",0.05356466732035968,0.027502470788061485,0.07899630880504878,0.06240548293131663,0.2007028576519116,0.08333194058296195,0.23556208881784188,0.10089380281324133,0.22797510729032627,0.039249196945281006,0.290851115395992,0.2619810566265608
7110,2,max_steps,3,4,0,2167.957260804147,3500,808.25,821.5,0.05,0.1,8.094361305236816,42.748863220214844,-125.29981994628906,565.1490478515625,2000.0,202.91726080415341,2541,-34.960000000001614,0.0,0.0,0.6194163602297563,"{4: 199, 3: 36, 2: 42, 5: 37, 6: 9, 0: 27}","{1: 40, 2: 185, 3: 94, 4: 17, 6: 4, 5: 10}","{1: 236, 2: 63, 0: 51}","{1: 229, 0: 84, 2: 37}","{1: 293, 0: 19, 2: 38}","{1: 327, 0: 17, 2: 6}",0.03227755648828158,0.022611492828871545,0.03466817146937617,0.03662859401445491,0.11287380716827214,0.06575681395570519,0.11796602199471817,0.0923438340980041,0.09460471748177317,0.03494144388666776,0.1007522815349531,0.09136489127906419
7120,2,success,3,5,0,2932.968816547775,3403,680.6,678.0,0.05,0.1,8.112791061401367,42.83429718017578,-125.29981994628906,558.998291015625,2500.0,468.5029265937707,2744,-33.98000000000181,-1.55411004598857,0.0,0.8618774071547972,"{5: 20, 4: 26, 3: 14, 0: 113, 1: 69, 2: 43, 6: 55}","{3: 196, 5: 11, 4: 27, 0: 75, 1: 18, 2: 13}","{1: 76, 2: 112, 0: 152}","{1: 223, 2: 61, 0: 56}","{1: 140, 2: 84, 0: 116}","{1: 255, 2: 45, 0: 40}",0.09257722839015123,0.02197988088161329,0.11368616762912771,0.08118111207279138,0.24505836611879406,0.10972648279985457,0.26836592306171325,0.1538666361765968,0.2535974052515276,0.1619771944927681,0.17576913585570136,0.20782691487796653
7130,2,max_steps,3,4,0,2319.4417796737976,3500,707.25,853.5,0.05,0.1,8.129486083984375,42.91896057128906,-125.29981994628906,554.181396484375,2000.0,357.84070339572907,2313,-34.960000000001614,-3.438923721927259,0.0,0.6626976513353707,"{3: 29, 5: 58, 4: 95, 0: 67, 1: 5, 2: 56, 6: 40}","{1: 30, 2: 60, 6: 43, 5: 13, 4: 31, 3: 164, 0: 9}","{1: 127, 2: 129, 0: 94}","{1: 186, 0: 87, 2: 77}","{1: 203, 2: 87, 0: 60}","{1: 284, 2: 31, 0: 35}",0.07285192001041774,0.028973499414669063,0.08162543509130968,0.07037210920410726,0.22200386834495447,0.14880440602607162,0.24548034509589692,0.10771854412682173,0.25336616954700203,0.1784214393694499,0.27034053478661363,0.2611751417844593
7140,2,crash,3,4,1,1878.3734141546693,3398,783.25,793.5,0.05,0.1,8.147147178649902,43.0046272277832,-125.29981994628906,577.6561279296875,2000.0,228.40044578686732,1924,-33.94000000000182,-16.087031632199388,-300.0,0.5527879382444583,"{1: 36, 2: 122, 3: 23, 4: 75, 5: 32, 6: 43, 0: 8}","{3: 198, 1: 7, 2: 70, 6: 7, 5: 23, 4: 16, 0: 18}","{1: 125, 0: 103, 2: 111}","{1: 259, 0: 43, 2: 37}","{1: 206, 0: 47, 2: 86}","{1: 268, 0: 50, 2: 21}",0.07092345788478115,0.0215235203924768,0.08452705975799672,0.06857833880769905,0.20161403567567354,0.08993155272940599,0.2287541692637844,0.11052216798184651,0.22918683269007195,0.018653857575635494,0.27364000416766354,0.0629784604567431
7150,2,max_steps,3,3,0,1870.7593301356767,3500,780.3333333333334,771.0,0.05,0.1,8.158416748046875,43.0580940246582,-125.29981994628906,563.642578125,1500.0,416.4253703871598,2661,-34.97000000000161,-10.696040251488428,0.0,0.5345026657530505,"{0: 198, 1: 15, 2: 20, 3: 32, 6: 64, 5: 6, 4: 15}","{0: 26, 1: 13, 2: 35, 3: 217, 4: 28, 6: 25, 5: 6}","{1: 187, 0: 99, 2: 64}","{1: 223, 0: 68, 2: 59}","{1: 236, 0: 63, 2: 51}","{1: 300, 0: 21, 2: 29}",0.042831654796035706,0.022075943173082535,0.050394050599535424,0.0345613180615791,0.23273550258945636,0.14909732953630614,0.2527631678684106,0.10410933017672146,0.2671478513318302,0.17473487857373604,0.2312658155258055,0.10850239775768597
7160,2,success,3,5,0,2795.5275187461802,3065,613.0,593.0,0.05,0.1,8.177395820617676,43.14958953857422,-125.29981994628906,555.4039916992188,2500.0,335.53218626881653,2708,-30.600000000001984,-9.404667522629426,0.0,0.9120807565240392,"{3: 16, 2: 49, 4: 39, 5: 110, 0: 87, 1: 5}","{2: 55, 1: 16, 3: 164, 4: 12, 6: 37, 5: 4, 0: 18}","{1: 188, 0: 59, 2: 59}","{1: 166, 0: 81, 2: 59}","{1: 221, 0: 48, 2: 37}","{1: 271, 0: 10, 2: 25}",0.03361067862052698,0.027208199841796447,0.04699836384961338,0.05514557684195205,0.13929619229753443,0.1756126056123929,0.17950468296117644,0.10054135794753837,0.12616030828815591,0.13890681370249972,0.0861361009824845,0.09972917285294347
7170,2,max_steps,3,4,0,2256.2885639208052,3500,828.0,920.0,0.05,0.1,8.196861267089844,43.16731262207031,-125.29981994628906,565.6967163085938,2000.0,291.24856392079926,2788,-34.960000000001614,0.0,0.0,0.6446538754059443,"{0: 47, 1: 19, 2: 41, 3: 24, 4: 53, 6: 141, 5: 25}","{2: 71, 3: 178, 5: 18, 4: 27, 0: 22, 1: 13, 6: 21}","{1: 178, 0: 78, 2: 94}","{1: 206, 0: 83, 2: 61}","{1: 242, 0: 37, 2: 71}","{1: 282, 2: 25, 0: 43}",0.04892155963698001,0.025165783692823157,0.06810439949204634,0.07162865827192927,0.17375562035257786,0.12733689581768654,0.20464770334150387,0.12270079604497039,0.20507907247736382,0.028926632553594057,0.11622923828909282,0.34114318588407494
7180,2,success,3,5,0,2716.2079072054094,2465,493.0,266.0,0.05,0.1,8.21649169921875,43.22615051269531,-125.29981994628906,577.1145629882812,2500.0,240.80790720543348,1742,-24.600000000001046,0.0,0.0,1.1019099015032086,"{3: 47, 2: 65, 6: 110, 5: 13, 4: 11}","{0: 8, 1: 6, 2: 49, 5: 17, 6: 39, 4: 28, 3: 99}","{1: 148, 0: 43, 2: 55}","{1: 119, 0: 57, 2: 70}","{1: 183, 0: 19, 2: 44}","{1: 210, 0: 22, 2: 14}",0.030620104168967193,0.0315047103761868,0.03999765865676061,0.046084697480397674,0.11722627060413038,0.16327695602883235,0.15529080823675326,0.10364132157443182,0.16064607433620057,0.20115405789634627,0.13366774994469505,0.10258701328473464
7190,2,max_steps,3,2,0,1112.8844319958728,3500,1355.0,1355.0,0.05,0.1,8.2247953414917,43.20479202270508,-125.29981994628906,562.1663208007812,1000.0,160.7163375140703,1735,-34.98000000000161,-12.851905518198343,0.0,0.31796698057024936,"{4: 156, 5: 68, 6: 25, 3: 21, 0: 80}","{2: 83, 3: 178, 1: 10, 6: 65, 5: 6, 4: 8}","{1: 228, 2: 73, 0: 49}","{1: 250, 0: 45, 2: 55}","{1: 303, 2: 37, 0: 10}","{1: 310, 2: 21, 0: 19}",0.033909444844349004,0.020903892820169023,0.04572504399844912,0.04681714061714421,0.08411577440980701,0.12649316380224448,0.11218840105906387,0.10063859168518002,0.10157916085383023,0.1838487322487142,0.06604079865730933,0.11960260541884077
7200,2,max_steps,3,3,0,1755.6390032447966,3500,962.0,1094.0,0.05,0.1,8.243034362792969,43.2397346496582,-125.29981994628906,562.1663208007812,1500.0,345.6435607791746,2762,-34.97000000000161,-55.03455753438111,0.0,0.5016111437842277,"{5: 34, 4: 136, 3: 29, 0: 96, 1: 9, 2: 46}","{4: 66, 3: 161, 2: 54, 0: 33, 1: 5, 6: 27, 5: 4}","{1: 201, 2: 66, 0: 83}","{1: 173, 2: 102, 0: 75}","{1: 265, 2: 43, 0: 42}","{1: 283, 2: 37, 0: 30}",0.04105231612317145,0.030630134447166384,0.057528124867189695,0.060116165302806814,0.1500601772638587,0.19293737154902219,0.16287106476644952,0.10886987706028746,0.1541423428408996,0.10000712540727623,0.2184277307238991,0.07122128241006156
7210,2,max_steps,3,3,0,1752.2475406446779,3500,1127.0,1253.0,0.05,0.1,8.264073371887207,43.2667236328125,-125.29981994628906,543.7697143554688,1500.0,305.31906376178546,2719,-34.97000000000161,-18.101523117113512,0.0,0.500642154469908,"{0: 80, 1: 30, 2: 25, 3: 4, 6: 117, 5: 35, 4: 59}","{1: 15, 2: 62, 3: 183, 6: 24, 5: 19, 4: 27, 0: 20}","{1: 152, 0: 93, 2: 105}","{1: 217, 0: 71, 2: 62}","{1: 216, 0: 42, 2: 92}","{1: 257, 0: 55, 2: 38}",0.061995011901479775,0.021290390376903293,0.0766361990312284,0.0783739698005787,0.18051065801677016,0.10645353921835765,0.1930708724471742,0.14286332460516932,0.20481951082190752,0.015130108228575904,0.22906344349486477,0.08918687867727014
7220,2,max_steps,3,3,0,1779.7614143007388,3500,1118.0,606.0,0.05,0.1,8.277795791625977,43.25837326049805,-125.29981994628906,546.7424926757812,1500.0,314.73141430073633,3117,-34.97000000000161,0.0,0.0,0.5085032612287825,"{2: 100, 3: 12, 6: 26, 5: 8, 4: 9, 0: 165, 1: 30}","{5: 8, 4: 9, 3: 239, 2: 36, 0: 38, 1: 5, 6: 15}","{1: 163, 0: 140, 2: 47}","{1: 274, 2: 37, 0: 39}","{1: 254, 0: 61, 2: 35}","{1: 294, 0: 41, 2: 15}",0.054293534993737555,0.014167651877578437,0.05760749615478858,0.06671746269265708,0.12905266768786489,0.14190573947801588,0.1425342713443935,0.10292504540906633,0.14120003325966254,0.029605892162136764,0.12242631922569219,0.10772415667853269
7230,2,max_steps,3,3,0,1781.2578216655174,3500,926.6666666666666,740.0,0.05,0.1,8.290922164916992,43.21139907836914,-125.29981994628906,538.6653442382812,1500.0,316.227821665514,3093,-34.97000000000161,0.0,0.0,0.5089308061901479,"{6: 55, 5: 8, 4: 10, 2: 146, 1: 36, 3: 3, 0: 92}","{2: 71, 3: 199, 6: 20, 5: 8, 4: 8, 0: 39, 1: 5}","{1: 168, 2: 57, 0: 125}","{1: 243, 0: 79, 2: 28}","{1: 253, 2: 42, 0: 55}","{1: 277, 2: 28, 0: 45}",0.05391575124979013,0.01710333812320973,0.06466210651953841,0.06653907612720128,0.10372143873690212,0.12144338740482988,0.12688363170537373,0.1077037639997613,0.16249197322025058,0.015856572468690103,0.12344642027360983,0.13905039520920282
7240,2,crash,3,1,1,232.14563398039252,637,404.0,404.0,0.05,0.1,8.307876586914062,43.21963119506836,-125.29981994628906,540.8604736328125,500.0,47.921425704131096,403,-6.359999999999909,-9.415791723740224,-300.0,0.3644358461230652,"{5: 24, 4: 15, 3: 4, 2: 10, 1: 8, 0: 2}","{3: 41, 5: 7, 4: 15}","{1: 13, 2: 50}","{1: 41, 2: 22}","{1: 14, 2: 49}","{1: 51, 2: 4, 0: 8}",0.12562992078198787,0.02568037912407985,0.13296764455753346,0.08445929127184304,0.19847219909231129,0.1057235299377032,0.20021264214200324,0.10204244390977421,0.13736819804320927,0.027016862216417775,0.16876697327182297,0.0863260035694931
7250,2,max_steps,3,4,0,2297.717339361424,3500,528.0,543.0,0.05,0.1,8.329352378845215,43.27588653564453,-125.29981994628906,551.3779296875,2000.0,332.67733936143054,3182,-34.960000000001614,0.0,0.0,0.6564906683889783,"{2: 155, 3: 37, 6: 37, 5: 7, 4: 10, 0: 87, 1: 17}","{2: 56, 3: 213, 5: 13, 4: 27, 0: 16, 1: 5, 6: 20}","{1: 195, 0: 111, 2: 44}","{1: 216, 0: 58, 2: 76}","{1: 273, 0: 45, 2: 32}","{1: 281, 0: 53, 2: 16}",0.04457149295373296,0.021546879272350564,0.04787009343717136,0.07374888666730062,0.09496114335298343,0.1502761187706271,0.1188602055550622,0.10403544415578565,0.08460076425797744,0.14067709080133894,0.11860263684621067,0.10501712913882648
7260,2,max_steps,3,4,0,2260.260959774227,3500,863.5,767.0,0.05,0.1,8.355063438415527,43.33352279663086,-125.29981994628906,559.0263061523438,2000.0,317.81383451879515,2901,-34.960000000001614,-22.592874744568704,0.0,0.6457888456497791,"{6: 60, 5: 54, 4: 92, 0: 108, 1: 12, 2: 18, 3: 6}","{0: 12, 1: 18, 2: 20, 3: 240, 6: 3, 5: 9, 4: 48}","{1: 138, 2: 92, 0: 120}","{1: 232, 0: 53, 2: 65}","{1: 232, 2: 56, 0: 62}","{1: 308, 2: 20, 0: 22}",0.07269514842237994,0.019911169530640593,0.08485243239004595,0.051577237033027606,0.12735513937682247,0.1179514578406578,0.14932187753008538,0.1007121382162578,0.18328050696208636,0.020989820963388455,0.10776446923297205,0.21141270352123603
7270,2,crash,3,2,1,914.350248286559,1468,663.5,663.5,0.05,0.1,8.38016128540039,43.438297271728516,-125.29981994628906,558.8915405273438,1000.0,242.1012919646449,1184,-14.659999999999732,-13.091043678088148,-300.0,0.6228543925657759,"{6: 39, 5: 20, 4: 11, 0: 63, 1: 5, 2: 8}","{4: 13, 3: 118, 2: 1, 0: 14}","{1: 39, 2: 40, 0: 67}","{1: 116, 2: 18, 0: 12}","{1: 55, 2: 28, 0: 63}","{1: 115, 2: 15, 0: 16}",0.12866455079543446,0.011199315323885933,0.12909433273986315,0.08548774187745309,0.27762296804893016,0.09512293478969175,0.2969697766560935,0.1277228530284728,0.23418829941501726,0.007318901241470788,0.13774054236471486,0.21732328197204887
7280,2,max_steps,3,2,0,1204.0761787808015,3500,1596.5,1596.5,0.05,0.1,8.406383514404297,43.51667404174805,-125.29981994628906,552.31494140625,1000.0,239.05617878079238,2389,-34.98000000000161,0.0,0.0,0.34402176536594326,"{6: 29, 5: 10, 4: 9, 3: 2, 0: 42, 1: 58, 2: 200}","{4: 12, 3: 237, 2: 88, 0: 5, 1: 8}","{1: 216, 2: 47, 0: 87}","{1: 286, 2: 11, 0: 53}","{1: 266, 2: 30, 0: 54}","{1: 282, 2: 32, 0: 36}",0.031542576052308945,0.013169835192431568,0.0376416665684145,0.058044216383568395,0.13015880938512794,0.0644318676645611,0.16797773462701118,0.11741588779422284,0.19607596782589493,0.014274857083770062,0.07733878170383869,0.38154644035785806
7290,2,max_steps,3,4,0,2304.0427761341107,3500,798.0,691.5,0.05,0.1,8.435343742370605,43.6192741394043,-125.29981994628906,558.2607421875,2000.0,339.0027761341133,2682,-34.960000000001614,0.0,0.0,0.6582979360383173,"{1: 35, 2: 71, 3: 7, 6: 66, 5: 27, 4: 18, 0: 126}","{5: 7, 4: 30, 3: 188, 2: 79, 0: 33, 1: 13}","{1: 174, 0: 89, 2: 87}","{1: 245, 2: 37, 0: 68}","{1: 232, 0: 52, 2: 66}","{1: 277, 0: 42, 2: 31}",0.05090806277296148,0.018246006096919128,0.05007312451659772,0.06224077727755237,0.21751655914697599,0.13459017452078423,0.25226369315561226,0.16185068250721157,0.23210273259443331,0.026454369440237702,0.19468110118997867,0.2628986968021808
7300,2,max_steps,3,3,0,1787.4326509922757,3500,967.6666666666666,1028.0,0.05,0.1,8.456192970275879,43.66828155517578,-125.29981994628906,549.0712890625,1500.0,322.4026509922664,2432,-34.97000000000161,0.0,0.0,0.5106950431406502,"{2: 55, 1: 43, 3: 6, 6: 106, 5: 42, 4: 29, 0: 69}","{5: 18, 4: 27, 3: 236, 2: 23, 0: 36, 1: 10}","{1: 130, 0: 141, 2: 79}","{1: 250, 2: 47, 0: 53}","{1: 223, 0: 67, 2: 60}","{1: 306, 0: 33, 2: 11}",0.06613932494199606,0.020385036565162645,0.07483212058441768,0.06431680087907787,0.15214041805127296,0.12599421579284703,0.17166248659123093,0.10548834629230287,0.13720640881667018,0.012067834297158594,0.12923294476087493,0.12696890309982728
7310,2,max_steps,3,4,0,2258.87887415835,3500,677.75,569.0,0.05,0.1,8.482950210571289,43.751686096191406,-125.29981994628906,553.9738159179688,2000.0,304.5834504349967,2690,-34.960000000001614,-10.744576276636725,0.0,0.6453939640452429,"{5: 38, 4: 30, 3: 12, 1: 54, 0: 62, 2: 84, 6: 70}","{3: 214, 2: 78, 6: 9, 5: 7, 4: 20, 0: 12, 1: 10}","{1: 99, 2: 113, 0: 138}","{1: 252, 2: 39, 0: 59}","{1: 239, 2: 42, 0: 69}","{1: 319, 2: 5, 0: 26}",0.07620157412736822,0.023907053002552726,0.08780109004086083,0.0562065509248812,0.1023536969358231,0.1189139063843219,0.11619082774501593,0.09749508343768504,0.10733254486654123,0.18065386986979476,0.11450423521943948,0.1126829716533517
7320,2,max_steps,3,4,0,2242.1106162926426,3500,741.25,763.0,0.05,0.1,8.501569747924805,43.739471435546875,-125.29981994628906,545.6546630859375,2000.0,281.66586124005045,2684,-34.960000000001614,-4.595244947398353,0.0,0.6406030332264693,"{2: 83, 3: 5, 1: 48, 6: 77, 5: 57, 4: 26, 0: 54}","{5: 2, 4: 39, 3: 202, 2: 67, 0: 27, 1: 13}","{1: 175, 0: 89, 2: 86}","{1: 235, 2: 43, 0: 72}","{1: 252, 0: 33, 2: 65}","{1: 270, 0: 58, 2: 22}",0.04995971391914961,0.02560618390861632,0.05718114539048106,0.06277456657728754,0.1302606273274827,0.11737742082996622,0.1523900840793293,0.14323629685511188,0.16952155069117603,0.015325688290350368,0.15636214406504514,0.21570396963642072
7330,2,success,3,5,0,2810.7606221733204,2825,565.0,582.0,0.05,0.1,8.530022621154785,43.83602523803711,-125.29981994628906,558.8906860351562,2500.0,338.9606221733236,2458,-28.20000000000161,0.0,0.0,0.9949595122737417,"{2: 70, 3: 43, 6: 49, 5: 15, 4: 69, 0: 27, 1: 9}","{5: 16, 4: 26, 3: 185, 2: 6, 0: 29, 1: 5, 6: 15}","{1: 171, 0: 51, 2: 60}","{1: 178, 2: 61, 0: 43}","{1: 204, 0: 32, 2: 46}","{1: 211, 0: 33, 2: 38}",0.029468455453201918,0.023074047600260963,0.04271381357191095,0.07099923896294161,0.1505255031417713,0.17580343528916897,0.17850427008557362,0.16763641384191427,0.1036319693857849,0.04870874657040888,0.10151494745690161,0.1014261080150843
7340,2,success,3,5,0,2782.4193302397744,3455,691.0,592.0,0.05,0.1,8.549901962280273,43.88984298706055,-125.29981994628906,567.1123046875,2500.0,316.9193302397713,3109,-34.500000000001705,0.0,0.0,0.8053312099102097,"{1: 52, 2: 75, 3: 7, 6: 33, 5: 72, 4: 59, 0: 47}","{2: 34, 3: 285, 6: 9, 5: 6, 4: 11}","{1: 157, 0: 95, 2: 93}","{1: 277, 0: 40, 2: 28}","{1: 233, 0: 43, 2: 69}","{1: 263, 0: 48, 2: 34}",0.056941403457853236,0.01708186153592589,0.05919306059927792,0.08353948107037079,0.12515212586982438,0.10872227283509005,0.15485986819474068,0.12480543430739675,0.09922636361638675,0.030584717912836384,0.10739349681505166,0.0998340165494748
7350,2,max_steps,3,3,0,1682.0341637177044,3500,1038.0,1025.0,0.05,0.1,8.570786476135254,43.936100006103516,-125.29981994628906,560.505859375,1500.0,309.2163862499952,2427,-34.97000000000161,-92.21222253229041,0.0,0.48058118963362984,"{0: 73, 1: 19, 2: 110, 3: 5, 6: 130, 5: 6, 4: 7}","{6: 1, 5: 24, 4: 36, 3: 210, 2: 11, 0: 61, 1: 7}","{1: 180, 0: 77, 2: 93}","{1: 217, 2: 67, 0: 66}","{1: 237, 0: 37, 2: 76}","{1: 254, 0: 46, 2: 50}",0.047512889445671724,0.022158476332446844,0.0689654929839762,0.0834684690276912,0.1581287635105066,0.14226632384699317,0.18109398123189607,0.13543094200134276,0.07853230232422338,0.01732392541163318,0.09375346257686591,0.1987713665479559
7360,2,max_steps,3,3,0,1835.0002223860533,3500,638.0,830.0,0.05,0.1,8.594766616821289,44.012569427490234,-125.29981994628906,551.47705078125,1500.0,375.42447440932375,2507,-34.97000000000161,-5.45425202327841,0.0,0.5242857778245866,"{3: 15, 0: 177, 1: 30, 2: 33, 6: 81, 5: 5, 4: 9}","{5: 10, 4: 18, 1: 17, 2: 68, 3: 226, 6: 11}","{1: 173, 0: 101, 2: 76}","{1: 251, 2: 63, 0: 36}","{1: 219, 0: 75, 2: 56}","{1: 293, 0: 45, 2: 12}",0.05179629685719918,0.018088740922241872,0.06636746059735553,0.053669638226924186,0.22838109875633367,0.1243420009057972,0.2565782859389519,0.10531555939259286,0.2016442978187448,0.13871101414429127,0.1277212110990423,0.12332242240270475
7370,2,max_steps,3,1,0,584.9081323679324,3500,3170.0,3170.0,0.05,0.1,8.607861518859863,44.02043533325195,-125.29981994628906,558.4810791015625,500.0,119.89813236792966,1392,-34.99000000000161,0.0,0.0,0.16711660924798066,"{4: 243, 5: 72, 3: 1, 1: 28, 0: 6}","{4: 12, 3: 308, 2: 30}","{1: 216, 0: 49, 2: 85}","{1: 317, 2: 19, 0: 14}","{1: 268, 2: 55, 0: 27}","{1: 280, 2: 34, 0: 36}",0.03771349208013862,0.010951935190873074,0.03912717423464249,0.04876599677053807,0.10453798492952374,0.029145846342121008,0.14816953194279223,0.13530526851954267,0.08652752459825916,0.028415902739542486,0.18897626007234739,0.287503195827793
7380,2,max_steps,3,0,0,39.49716365770215,3500,,,0.05,0.1,8.611144065856934,43.988983154296875,-125.29981994628906,548.611083984375,0.0,74.49716365770253,1528,-35.000000000001606,0.0,0.0,0.011284903902200615,"{4: 285, 5: 65}","{4: 48, 3: 300, 2: 2}","{1: 303, 0: 4, 2: 43}","{1: 277, 2: 29, 0: 44}","{1: 331, 2: 19}","{1: 306, 0: 27, 2: 17}",0.025989877575872213,0.01722626660964868,0.034144533018659384,0.0408488660942377,0.05651780696529495,0.03561837857510413,0.0806281049680674,0.10209116719150134,0.03874730686358489,0.032350681718035505,0.04796970806504366,0.08932811646002689
7390,2,success,3,5,0,2761.7349329462218,2703,540.6,583.0,0.05,0.1,8.626862525939941,44.017845153808594,-125.29981994628906,545.0889892578125,2500.0,288.71493294622746,2425,-26.980000000001418,0.0,0.0,1.0217295349412585,"{6: 47, 5: 45, 4: 43, 3: 17, 2: 46, 1: 33, 0: 39}","{5: 9, 4: 27, 3: 187, 2: 31, 0: 10, 1: 6}","{1: 124, 2: 76, 0: 70}","{1: 179, 2: 41, 0: 50}","{1: 168, 2: 50, 0: 52}","{1: 229, 2: 26, 0: 15}",0.060800559867619924,0.02277766897337015,0.07108394758819461,0.050230023621494035,0.1368734358526801,0.14263440993008653,0.16534183972809588,0.11328901046244738,0.11189868849979204,0.1262739179983878,0.1050495697403767,0.10159186019161728
7400,2,crash,3,3,1,1298.5142580803058,1475,428.3333333333333,487.0,0.05,0.1,8.649285316467285,44.06092071533203,-125.29981994628906,551.2298583984375,1500.0,129.83899975388627,1075,-14.71999999999973,-16.60474167358183,-300.0,0.88034864954597,"{4: 119, 3: 2, 5: 7, 0: 19}","{2: 37, 3: 58, 6: 18, 5: 5, 4: 12, 0: 10, 1: 7}","{1: 80, 2: 67}","{1: 63, 0: 46, 2: 38}","{1: 98, 2: 49}","{1: 116, 2: 11, 0: 20}",0.04160873669105011,0.03339639348010375,0.052556532036809156,0.056840244197009546,0.1417413186523223,0.1563822888261463,0.18338530298384223,0.15400086099665591,0.13304907841167204,0.020392430660062487,0.2032550907048196,0.09748611164119689
7410,2,crash,3,2,1,872.5858471074168,1264,532.0,532.0,0.05,0.1,8.663457870483398,44.12254333496094,-125.29981994628906,557.845947265625,1000.0,198.76672663662853,978,-12.619999999999775,-13.560879529213915,-300.0,0.6903369043571336,"{0: 33, 1: 17, 2: 20, 3: 3, 6: 40, 5: 6, 4: 7}","{3: 89, 2: 23, 1: 14}","{1: 27, 0: 38, 2: 61}","{1: 105, 2: 1, 0: 20}","{1: 47, 0: 25, 2: 54}","{1: 91, 0: 19, 2: 16}",0.13251085084842368,0.007088413073388209,0.14591883984372991,0.09300527205772531,0.27295755715347103,0.06707882412630797,0.2867173464672043,0.1107448764082834,0.27759802574835074,0.02760872600411492,0.25676764069046454,0.0794111132683343
7420,2,crash,3,4,1,1976.3318987696362,3220,776.25,699.0,0.05,0.1,8.686056137084961,44.21094512939453,-125.29981994628906,549.5277099609375,2000.0,316.314634656506,2274,-32.16000000000217,-7.822735886873148,-300.0,0.6137676704253529,"{1: 33, 2: 71, 3: 8, 5: 18, 6: 104, 4: 16, 0: 72}","{3: 207, 2: 41, 0: 22, 1: 10, 6: 28, 5: 6, 4: 8}","{1: 112, 0: 107, 2: 103}","{1: 222, 2: 47, 0: 53}","{1: 171, 0: 59, 2: 92}","{1: 247, 0: 55, 2: 20}",0.07495598058920123,0.018421691439520924,0.09239470971111466,0.08876780365135706,0.23930749163609233,0.13453030090313417,0.2671012605671733,0.10692036396928063,0.06639198510037257,0.024594719043721732,0.12226934310294581,0.10513922492310684
7430,2,crash,3,1,1,231.18845000071207,757,537.0,537.0,0.05,0.1,8.699289321899414,44.26968765258789,-125.29981994628906,563.3182983398438,500.0,48.231289314425865,480,-7.559999999999883,-9.482839313715665,-300.0,0.3054008586535166,"{5: 40, 4: 13, 0: 22}","{2: 14, 3: 39, 5: 8, 4: 14}","{1: 33, 2: 42}","{1: 40, 0: 17, 2: 18}","{1: 35, 2: 40}","{1: 57, 2: 5, 0: 13}",0.08235369816075186,0.022014969119875778,0.11216778190717952,0.0872575222274764,0.23307282407076202,0.11565127628589933,0.25050124732902446,0.11475050026310281,0.20352090716449192,0.009894802711861259,0.2756403372564201,0.06254080620206215
7440,2,max_steps,3,3,0,1786.96701139639,3500,825.6666666666666,950.0,0.05,0.1,8.719015121459961,44.30169677734375,-125.29981994628906,550.2826538085938,1500.0,324.24401940725977,2839,-34.97000000000161,-2.3070080108748297,0.0,0.5105620032561115,"{3: 32, 6: 149, 5: 27, 4: 47, 0: 80, 1: 6, 2: 9}","{0: 5, 1: 7, 2: 58, 3: 228, 6: 36, 5: 6, 4: 10}","{1: 191, 2: 89, 0: 70}","{1: 258, 0: 43, 2: 49}","{1: 257, 2: 44, 0: 49}","{1: 262, 2: 55, 0: 33}",0.04313567533194562,0.015623354937298231,0.046759927159210096,0.08240088586311281,0.12541499600023603,0.14556756100199464,0.1461852572516447,0.12961387467238916,0.06332056162694456,0.06945057299459836,0.10774391678601421,0.10233409653545655
7450,2,crash,3,4,1,1933.2042045188382,3154,742.25,708.5,0.05,0.1,8.732487678527832,44.327980041503906,-125.29981994628906,566.7168579101562,2000.0,278.7500283843253,2555,-31.500000000002125,-14.045823865483763,-300.0,0.612937287418782,"{5: 52, 4: 20, 3: 6, 2: 93, 1: 57, 0: 34, 6: 53}","{4: 58, 3: 211, 0: 22, 1: 14, 2: 10}","{1: 146, 2: 95, 0: 74}","{1: 217, 2: 51, 0: 47}","{1: 213, 2: 75, 0: 27}","{1: 229, 0: 48, 2: 38}",0.05633018895898055,0.02201044119083871,0.06261853431583798,0.07991317944134399,0.17050676320842403,0.11839481695393185,0.20197758299747073,0.11824304470637305,0.15866681606763222,0.01896853278237579,0.13798419118788313,0.12379929240486587
7460,2,max_steps,3,4,0,2264.0884795418588,3500,688.0,654.0,0.05,0.1,8.752084732055664,44.40342712402344,-125.29981994628906,561.52978515625,2000.0,299.04847954186033,3031,-34.960000000001614,0.0,0.0,0.6468824227262454,"{5: 57, 4: 71, 0: 170, 1: 12, 2: 19, 3: 21}","{6: 14, 5: 14, 4: 47, 3: 180, 0: 62, 1: 10, 2: 23}","{1: 223, 2: 58, 0: 69}","{1: 183, 2: 83, 0: 84}","{1: 279, 2: 32, 0: 39}","{1: 304, 2: 19, 0: 27}",0.028537691958650385,0.029256808118548548,0.03754817316357284,0.049372111870194545,0.1100055567499433,0.19299760393207713,0.1337370832494791,0.10261036758228108,0.08004192101817172,0.13742023870998651,0.10774003191079597,0.09392076721761035
7470,2,success,3,5,0,2785.8477213736373,3044,608.8,601.0,0.05,0.1,8.768795013427734,44.51326370239258,-125.29981994628906,584.408203125,2500.0,316.2377213736475,2408,-30.39000000000195,0.0,0.0,0.9151930753527061,"{1: 53, 2: 36, 3: 23, 5: 30, 6: 41, 4: 77, 0: 44}","{4: 20, 3: 202, 2: 31, 0: 20, 1: 6, 6: 20, 5: 5}","{1: 111, 0: 115, 2: 78}","{1: 202, 2: 56, 0: 46}","{1: 191, 0: 57, 2: 56}","{1: 268, 0: 26, 2: 10}",0.07101924069585228,0.020041888931779387,0.07253559991884473,0.0591744257484564,0.14944848224061072,0.17035089945446086,0.16639918746509727,0.10081980143843104,0.16925514892025792,0.01391104698600147,0.12610707948184352,0.09970466577132206
7480,2,success,3,5,0,2804.762145189636,3422,684.4,686.0,0.05,0.1,8.790209770202637,44.607913970947266,-125.29981994628906,591.1220092773438,2500.0,339.24090571242925,2724,-34.17000000000177,-0.30876052278105093,0.0,0.81962657661883,"{1: 93, 2: 45, 3: 5, 4: 52, 5: 82, 6: 65}","{6: 7, 5: 7, 4: 8, 3: 227, 2: 49, 1: 28, 0: 16}","{1: 132, 0: 106, 2: 104}","{1: 240, 2: 30, 0: 72}","{1: 211, 0: 51, 2: 80}","{1: 281, 0: 44, 2: 17}",0.06833909927062282,0.01928415920830054,0.07023030897977459,0.07910359193538571,0.14345532724003154,0.1455615980718447,0.18611190865770783,0.10529211856552385,0.17458515934146399,0.023790942785898734,0.15342566607733635,0.13872826012156472
7490,2,crash,3,1,1,266.8025377370935,944,796.0,796.0,0.05,0.1,8.805395126342773,44.64794158935547,-125.29981994628906,579.3773193359375,500.0,89.27002589105618,718,-9.429999999999843,-13.037488153963206,-300.0,0.28262980692488715,"{0: 54, 1: 13, 2: 12, 4: 5, 5: 10}","{1: 9, 2: 9, 3: 61, 5: 7, 4: 8}","{1: 35, 0: 59}","{1: 59, 0: 22, 2: 13}","{1: 48, 0: 46}","{1: 77, 0: 8, 2: 9}",0.09436350749406039,0.017158956753893256,0.09863703431776123,0.06317611383438293,0.1719509171444216,0.14936586463325807,0.1861803592400942,0.14287201233616628,0.1774532496097543,0.006852715263017784,0.17674579106979882,0.09903771552245474
7500,2,max_steps,3,4,0,2400.1201779522644,3500,833.0,792.0,0.05,0.1,8.821710586547852,44.736061096191406,-125.29981994628906,579.3773193359375,2000.0,479.5799306356175,2724,-34.960000000001614,-44.49975268336156,0.0,0.6857486222720756,"{6: 129, 5: 23, 4: 22, 3: 2, 0: 124, 1: 23, 2: 27}","{4: 16, 3: 209, 0: 22, 1: 23, 2: 42, 6: 30, 5: 8}","{1: 110, 2: 124, 0: 116}","{1: 235, 2: 61, 0: 54}","{1: 164, 2: 87, 0: 99}","{1: 257, 2: 49, 0: 44}",0.10008126136268211,0.01939684205951266,0.11020279774952654,0.07227184542948886,0.2482260384035462,0.1268198404357131,0.2659608250148843,0.15269985969318123,0.2641205263263464,0.017484231096858108,0.22473500170785002,0.10362520642158923
7510,2,crash,3,2,1,766.0892590072137,921,245.5,245.5,0.05,0.1,8.837295532226562,44.8248291015625,-125.29981994628906,581.2838134765625,1000.0,107.44659013409319,794,-9.189999999999849,-32.167331126879915,-300.0,0.8318015841554981,"{3: 26, 4: 47, 5: 6, 2: 13}","{2: 15, 3: 43, 6: 12, 5: 13, 4: 9}","{1: 44, 2: 48}","{1: 35, 0: 20, 2: 37}","{1: 59, 2: 33}","{1: 73, 2: 7, 0: 12}",0.054830842195150165,0.06320074178560967,0.025370377973816957,0.053745760027065166,0.21473308804870903,0.16138356770849407,0.22880451751724273,0.11817238344207473,0.1378472195852229,0.16401080189709724,0.2168919852828815,0.08738262051342731
7520,2,crash,3,4,1,1859.247103016516,1996,447.5,449.5,0.05,0.1,8.84345531463623,44.89595031738281,-125.29981994628906,581.2838134765625,2000.0,245.6943929861414,1564,-19.920000000000314,-66.5272899696186,-300.0,0.9314865245573727,"{6: 30, 5: 21, 4: 10, 2: 38, 1: 39, 0: 61}","{4: 15, 3: 149, 2: 32, 5: 3}","{1: 43, 2: 44, 0: 112}","{1: 134, 2: 32, 0: 33}","{1: 88, 2: 36, 0: 75}","{1: 149, 2: 21, 0: 29}",0.11116886994794989,0.016090573586818487,0.11066043994224835,0.0824997334483724,0.20112509343181015,0.09711603905580056,0.23892467361405814,0.18853688127886387,0.22211805342542199,0.014800618304106708,0.27981996740113935,0.10028256540971694
7530,2,crash,3,4,1,1976.9223175957827,2187,500.75,493.0,0.05,0.1,8.853589057922363,44.96596908569336,-125.29981994628906,581.2838134765625,2000.0,310.67570248588913,1634,-21.830000000000613,-11.923384890101843,-300.0,0.9039425320511123,"{4: 35, 2: 25, 1: 20, 0: 69, 3: 14, 6: 49, 5: 6}","{4: 43, 3: 128, 5: 4, 1: 1, 2: 42}","{1: 54, 2: 103, 0: 61}","{1: 161, 2: 28, 0: 29}","{1: 87, 2: 82, 0: 49}","{1: 172, 2: 20, 0: 26}",0.13261577666449187,0.019933872627121523,0.1357730475192569,0.08826537887935984,0.2660636232933501,0.07909601890802527,0.28507185599615187,0.11463131870214043,0.27614759107228937,0.059851456711657224,0.26235712687935503,0.09696424932108573
7540,2,crash,3,2,1,799.85216414221,1089,494.5,494.5,0.05,0.1,8.869538307189941,45.02790451049805,-125.29981994628906,581.2838134765625,1000.0,117.44999856475533,692,-10.869999999999813,-6.7278344225479305,-300.0,0.7344831626650229,"{2: 34, 3: 1, 6: 50, 5: 6, 4: 7, 0: 10}","{4: 11, 3: 78, 2: 19}","{1: 44, 0: 20, 2: 44}","{1: 76, 2: 15, 0: 17}","{1: 50, 0: 10, 2: 48}","{1: 86, 0: 13, 2: 9}",0.07225784104519518,0.011322259491587824,0.11289591644735858,0.08468863037838698,0.26322284266145446,0.09991548240545176,0.2923145364181572,0.10310723343160248,0.06971159197943846,0.07769629675482449,0.12249999815373036,0.10308810534215464
7550,2,crash,3,1,1,227.25097864973736,632,405.0,405.0,0.05,0.1,8.8726167678833,45.0785026550293,-125.29981994628906,581.2838134765625,500.0,44.17253116832214,404,-6.30999999999991,-10.611552518586402,-300.0,0.3595743333065465,"{1: 27, 2: 12, 3: 1, 5: 1, 6: 22}","{4: 4, 3: 36, 1: 10, 2: 13}","{1: 19, 0: 44}","{1: 41, 2: 5, 0: 17}","{1: 24, 0: 39}","{1: 44, 0: 8, 2: 11}",0.13622509713528366,0.02378782900285403,0.13058061451367556,0.09504844408926563,0.22710814785975306,0.0894142329060624,0.2882200500881841,0.1552031511404999,0.21340459319529734,0.01487163121738655,0.2950194597822337,0.08944681189572173
7560,2,crash,3,4,1,2028.2715016792504,3146,759.75,716.0,0.05,0.1,8.877795219421387,45.14210891723633,-125.29981994628906,581.2838134765625,2000.0,391.7587827848198,2822,-31.420000000002112,-32.06728110556956,-300.0,0.6447143997708997,"{2: 96, 5: 11, 6: 76, 4: 22, 3: 44, 0: 60, 1: 5}","{0: 68, 1: 11, 2: 16, 3: 150, 6: 37, 5: 11, 4: 21}","{1: 161, 0: 99, 2: 54}","{1: 162, 0: 87, 2: 65}","{1: 186, 0: 85, 2: 43}","{1: 248, 0: 34, 2: 32}",0.04747720648754325,0.028334490364140843,0.05168853210038727,0.043833636595661404,0.2475251682767681,0.16812556604105336,0.26734977514072755,0.10942520407164444,0.2420941263596336,0.12908117492039156,0.2505262719771863,0.10597525089400653
7570,2,crash,3,1,1,245.86499617560634,523,381.0,381.0,0.05,0.1,8.887557983398438,45.207740783691406,-125.29981994628906,581.2838134765625,500.0,58.129917610105494,360,-5.219999999999933,-7.044921434499927,-300.0,0.4701051552114844,"{6: 15, 5: 13, 4: 9, 3: 1, 2: 1, 1: 6, 0: 7}","{3: 37, 2: 1, 6: 10, 5: 4}","{1: 13, 2: 39}","{1: 40, 2: 12}","{1: 13, 2: 39}","{1: 37, 2: 4, 0: 11}",0.1594586048447813,0.011134059453933167,0.18827204369969314,0.0950776615992481,0.2599273695788392,0.08415512262748671,0.2759231201290704,0.15899720978185847,0.24083949472599128,0.0015884593382412058,0.27953123714603273,0.015467271706573861
7580,2,crash,3,2,1,775.1796148526123,670,284.5,284.5,0.05,0.1,8.891858100891113,45.24378967285156,-125.29981994628906,581.2838134765625,1000.0,88.05262208565438,567,-6.679999999999902,-6.193007233042044,-300.0,1.1569844997800183,"{3: 11, 6: 28, 5: 9, 4: 8, 2: 2, 1: 6, 0: 3}","{2: 11, 3: 45, 6: 11}","{1: 28, 2: 39}","{1: 45, 0: 15, 2: 7}","{1: 26, 2: 41}","{1: 51, 2: 6, 0: 10}",0.09122195596038597,0.016541536483532487,0.15748368083111774,0.07702808756542703,0.2597232533377529,0.11910652447303152,0.27712310380905325,0.12553936050009457,0.24927576026787007,0.15518516397415416,0.2784895098196657,0.006446610361985775
7590,2,crash,3,2,1,882.1657704498275,1613,701.5,701.5,0.05,0.1,8.90852165222168,45.344993591308594,-125.29981994628906,597.4124145507812,1000.0,214.07217866916045,1244,-16.10999999999972,-15.796408219334308,-300.0,0.5469099630811082,"{0: 18, 1: 15, 2: 23, 3: 9, 6: 83, 5: 6, 4: 7}","{4: 3, 3: 106, 0: 18, 1: 5, 2: 8, 6: 6, 5: 15}","{1: 45, 0: 46, 2: 70}","{1: 114, 2: 12, 0: 35}","{1: 69, 0: 34, 2: 58}","{1: 132, 0: 17, 2: 12}",0.12525045750122119,0.016239345427558,0.1279472082874522,0.0764379757538162,0.25996927506036155,0.1460957503320188,0.2702762862374781,0.10474790488902383,0.2555551840137848,0.005282438242262865,0.2250297934931841,0.11103599794997719
7600,2,crash,3,1,1,248.80210270175712,692,515.0,515.0,0.05,0.1,8.917756080627441,45.39495849609375,-122.69612121582031,597.4124145507812,500.0,69.00218248848142,514,-6.909999999999897,-13.29007978672526,-300.0,0.3595406108406895,"{0: 32, 1: 9, 2: 9, 3: 1, 4: 7, 5: 11}","{2: 7, 3: 44, 6: 12, 5: 6}","{1: 23, 0: 46}","{1: 43, 0: 10, 2: 16}","{1: 32, 0: 37}","{1: 46, 0: 6, 2: 17}",0.11719601507994483,0.01750457765248947,0.11227215965155377,0.09211647957529567,0.21738951401383494,0.10747640043972458,0.24481072035741952,0.11571598452823903,0.2211121228743475,0.000717148510974001,0.20250674282363298,0.11080474949193302
7610,2,max_steps,3,3,0,1771.1460770439394,3500,780.6666666666666,630.0,0.05,0.1,8.940122604370117,45.50197219848633,-122.69612121582031,580.9125366210938,1500.0,344.5987552681005,2508,-34.97000000000161,-38.48267822417168,0.0,0.5060417362982684,"{2: 54, 3: 2, 6: 160, 5: 10, 4: 9, 0: 109, 1: 6}","{5: 15, 4: 23, 3: 177, 2: 56, 0: 14, 1: 27, 6: 38}","{1: 154, 0: 99, 2: 97}","{1: 200, 2: 80, 0: 70}","{1: 209, 0: 59, 2: 82}","{1: 276, 0: 38, 2: 36}",0.06285385130467043,0.025200189209470123,0.08092121410304394,0.06633278189902966,0.2333063578653385,0.14372868089895774,0.26231161325960023,0.14000375226423645,0.28179406910562116,0.025759418076534552,0.2924400031242704,0.0829819152193042
7620,2,max_steps,3,4,0,2322.4010914031596,3500,695.75,696.5,0.05,0.1,8.948023796081543,45.55183792114258,-122.69612121582031,558.6627807617188,2000.0,365.5599928888927,2904,-34.960000000001614,-8.19890148572141,0.0,0.6635431689723313,"{2: 171, 3: 5, 1: 57, 6: 61, 5: 13, 4: 14, 0: 29}","{6: 20, 5: 12, 4: 15, 3: 225, 2: 59, 0: 14, 1: 5}","{1: 179, 0: 107, 2: 64}","{1: 210, 2: 71, 0: 69}","{1: 234, 0: 73, 2: 43}","{1: 312, 0: 25, 2: 13}",0.04705533543754243,0.018208850358539627,0.05928651802142006,0.05814773142514762,0.1331023180507386,0.1774086378326937,0.15082591274379473,0.10063359726192868,0.1461587973211774,0.015293328169536852,0.07927977547672152,0.14839453295304444
7630,2,crash,3,4,1,2000.4510351555512,3354,737.5,746.0,0.05,0.1,8.961525917053223,45.61800765991211,-122.69612121582031,551.1777954101562,2000.0,370.308796478573,2459,-33.500000000001904,-36.35776132301129,-300.0,0.5964373986748811,"{1: 27, 2: 19, 3: 3, 4: 41, 5: 51, 6: 152, 0: 42}","{3: 186, 0: 34, 1: 17, 2: 52, 6: 35, 5: 4, 4: 7}","{1: 90, 0: 137, 2: 108}","{1: 210, 0: 74, 2: 51}","{1: 171, 0: 93, 2: 71}","{1: 265, 0: 35, 2: 35}",0.08275099629754973,0.02111937379042518,0.09620755384539613,0.06738461855715211,0.2332649352831258,0.14770312780887937,0.26523912537891,0.11305343272860828,0.2082064191511765,0.012087351952464093,0.2665570925948641,0.24460741368063982
7640,2,crash,3,1,1,269.1651165379182,698,616.0,616.0,0.05,0.1,8.97400188446045,45.701019287109375,-122.69612121582031,582.7349243164062,500.0,81.6055983893434,615,-6.969999999999896,-5.470481851425591,-300.0,0.38562337612882264,"{0: 45, 1: 8, 2: 8, 6: 8}","{1: 3, 2: 11, 3: 49, 4: 6}","{1: 32, 0: 37}","{1: 49, 0: 18, 2: 2}","{1: 30, 0: 39}","{1: 55, 0: 8, 2: 6}",0.06564353351251141,0.0064486732333989445,0.13629248260888602,0.07582522939154565,0.28243104133888636,0.1346484082687887,0.3133023301832701,0.1059888192333171,0.2759847632991819,0.008338720224673055,0.32123134511148377,0.008116558478532746
7650,2,success,3,5,0,2644.9614349511558,2190,438.0,402.0,0.05,0.1,8.98694133758545,45.75721740722656,-122.69612121582031,577.8406372070312,2500.0,201.73154070111212,1842,-21.850000000000616,-34.920105749957614,0.0,1.2077449474662811,"{3: 77, 4: 36, 1: 59, 2: 36, 0: 10, 6: 1}","{5: 14, 4: 75, 0: 37, 1: 7, 2: 19, 3: 67}","{1: 111, 2: 30, 0: 78}","{1: 104, 2: 76, 0: 39}","{1: 148, 2: 16, 0: 55}","{1: 161, 2: 25, 0: 33}",0.04859947351983093,0.031011213720050425,0.058533666314975724,0.07534046161425734,0.142805620792582,0.10803737195722517,0.16848599424978705,0.13602595598988415,0.14981835692825923,0.10056919556599328,0.16634851634437486,0.13526123569246323
7660,2,crash,3,1,1,278.8971550492404,852,777.0,777.0,0.05,0.1,8.997468948364258,45.80465316772461,-122.69612121582031,581.9937133789062,500.0,93.62157053424463,536,-8.509999999999863,-6.2144154850047615,-300.0,0.3273440786962915,"{0: 63, 1: 6, 2: 8, 6: 8}","{5: 4, 4: 11, 3: 61, 2: 5, 1: 4}","{1: 44, 0: 41}","{1: 59, 2: 19, 0: 7}","{1: 41, 0: 44}","{1: 75, 0: 4, 2: 6}",0.041411549422491124,0.013642709208442376,0.11142821172635489,0.052856528098754706,0.26703866843919216,0.11960189377554965,0.30271728514854807,0.10006796083664364,0.2829297106094197,0.007152008231882914,0.30916243890401696,0.01394038311614846
7670,2,crash,3,1,1,259.42122627580784,1274,1068.0,1068.0,0.05,0.1,9.008502006530762,45.85483932495117,-122.69612121582031,568.4892578125,500.0,95.21740162525347,1067,-12.729999999999773,-23.066175349446358,-300.0,0.2036273361662542,"{0: 59, 1: 16, 2: 30, 3: 1, 6: 21}","{6: 8, 5: 7, 4: 7, 3: 85, 2: 14, 1: 6}","{1: 50, 0: 77}","{1: 77, 2: 28, 0: 22}","{1: 83, 0: 44}","{1: 90, 0: 19, 2: 18}",0.07157134808121898,0.022453216938947196,0.059595841893835814,0.07175269566130041,0.11131939991953571,0.15524907277854544,0.14961327364025828,0.1507497762452996,0.07910575294596908,0.022989257784288723,0.16575387066192235,0.1942478541326527
7680,2,crash,3,1,1,275.6072656165397,840,715.0,715.0,0.05,0.1,9.024503707885742,45.901981353759766,-122.69612121582031,560.4690551757812,500.0,93.72083810738214,839,-8.389999999999866,-9.723572490842688,-300.0,0.3281038876387377,"{6: 45, 5: 14, 4: 12, 3: 10, 2: 3}","{2: 13, 3: 58, 6: 13}","{1: 29, 2: 55}","{1: 57, 0: 16, 2: 11}","{1: 42, 2: 42}","{1: 65, 2: 6, 0: 13}",0.09600627530229239,0.006993648747807666,0.10142281883523158,0.07127789372739743,0.1932310050194998,0.13455095560568495,0.21666187579055912,0.1463357539491952,0.19721875572905057,0.0034896818454166314,0.22522614582870149,0.05196683913656684
7690,2,crash,3,2,1,842.693231226187,1677,780.0,780.0,0.05,0.1,9.042149543762207,45.97160339355469,-122.69612121582031,566.8325805664062,1000.0,167.2100170953127,1229,-16.74999999999982,-7.766785869128968,-300.0,0.5025004360323119,"{2: 45, 3: 2, 6: 90, 5: 9, 4: 9, 0: 12}","{2: 35, 3: 129, 4: 3}","{1: 44, 0: 42, 2: 81}","{1: 135, 0: 31, 2: 1}","{1: 84, 0: 16, 2: 67}","{1: 144, 0: 15, 2: 8}",0.08657482522164059,0.019070984302559848,0.09799156060695431,0.0691427336611239,0.20658757003854036,0.03334540155266813,0.2344775134119395,0.10369506339118188,0.21693637284547596,0.025973630923072245,0.247684415560575,0.1681267788799212
7700,2,crash,3,4,1,1854.5702851427927,2546,516.25,555.0,0.05,0.1,9.061164855957031,46.032928466796875,-122.69612121582031,566.8325805664062,2000.0,245.8921223295109,1625,-25.420000000001174,-65.9018371867112,-300.0,0.7284250923577348,"{3: 26, 2: 61, 5: 34, 6: 61, 4: 9, 0: 58, 1: 5}","{1: 17, 2: 25, 6: 3, 5: 9, 4: 35, 3: 141, 0: 24}","{1: 114, 0: 96, 2: 44}","{1: 135, 0: 69, 2: 50}","{1: 151, 0: 68, 2: 35}","{1: 204, 0: 29, 2: 21}",0.06235721071877379,0.02466991408406955,0.0654200783957491,0.058137658812191365,0.2445759204025611,0.13527093726873837,0.27067220320943997,0.1144897888750248,0.24670898373158986,0.0754618875701986,0.2163762323037061,0.052822322469618904
7710,2,crash,3,3,1,1285.6411058871583,847,251.66666666666666,167.0,0.05,0.1,9.08254337310791,46.13903045654297,-122.69612121582031,595.19189453125,1500.0,101.81244384930007,729,-8.439999999999864,-7.731337962142678,-300.0,1.5178761580722058,"{3: 20, 0: 10, 1: 24, 2: 21, 6: 9}","{5: 9, 4: 15, 3: 47, 2: 4, 0: 9}","{1: 34, 0: 50}","{1: 52, 2: 31, 0: 1}","{1: 41, 0: 43}","{1: 66, 0: 8, 2: 10}",0.08409357849246188,0.025967527683740447,0.10279662504698331,0.06300734302979742,0.23031886625712966,0.12588358645088257,0.24752782439890664,0.1192854524851511,0.2518389004625741,0.1650420410882809,0.2533413928943194,0.09584094412415241
7720,2,crash,3,3,1,1386.661779974966,1826,565.3333333333334,576.0,0.05,0.1,9.097580909729004,46.1785888671875,-122.69612121582031,595.19189453125,1500.0,279.62191107284445,1481,-18.23000000000005,-74.7301310978807,-300.0,0.7593985651560603,"{6: 45, 5: 11, 4: 13, 3: 4, 0: 89, 1: 5, 2: 15}","{4: 29, 3: 140, 2: 13}","{1: 41, 2: 59, 0: 82}","{1: 139, 2: 33, 0: 10}","{1: 68, 2: 47, 0: 67}","{1: 128, 0: 26, 2: 28}",0.1184795226898714,0.016703527347749873,0.12079665034438823,0.08331961272584514,0.2549027241411085,0.05727358534594446,0.2609060963083336,0.15991259183128592,0.26532292810341446,0.12935683380415444,0.2348879452026794,0.10239025782406269
7730,2,crash,3,4,1,1822.463249407999,1898,420.5,476.5,0.05,0.1,9.116477966308594,46.27542495727539,-122.69612121582031,583.067626953125,2000.0,157.72395895761773,1674,-18.94000000000016,-16.320709549609905,-300.0,0.9602019227650153,"{2: 46, 3: 19, 4: 88, 5: 15, 0: 21}","{4: 44, 3: 82, 0: 27, 1: 14, 2: 8, 5: 14}","{1: 97, 0: 23, 2: 69}","{1: 87, 2: 52, 0: 50}","{1: 126, 0: 13, 2: 50}","{1: 143, 0: 31, 2: 15}",0.046203565242118716,0.032916051571476077,0.040655203822141155,0.056799873789338894,0.16806864133538588,0.14659668180839183,0.19307959358690174,0.13256694400946398,0.08271392659748776,0.02529232871668647,0.14831132117548212,0.10406916735671291
7740,2,crash,3,2,1,856.8773321276637,1638,741.5,741.5,0.05,0.1,9.13243293762207,46.33710479736328,-122.69612121582031,565.1635131835938,1000.0,182.00614244517055,1339,-16.359999999999758,-8.76881031750856,-300.0,0.5231241343880731,"{1: 40, 2: 20, 3: 2, 6: 73, 5: 6, 4: 7, 0: 15}","{4: 24, 3: 109, 0: 16, 1: 6, 2: 8}","{1: 63, 0: 46, 2: 54}","{1: 113, 2: 16, 0: 34}","{1: 89, 0: 23, 2: 51}","{1: 135, 0: 18, 2: 10}",0.08100949822917954,0.013048586388255883,0.09602534667951824,0.036163521140492864,0.2682060496987701,0.13637858330862498,0.28604831030996625,0.13039292076547362,0.28445410806631805,0.008729027739034667,0.28245717501182677,0.03354243718720954
7750,2,crash,3,2,1,830.4601144129915,1581,709.5,709.5,0.05,0.1,9.146718978881836,46.403289794921875,-122.69612121582031,565.1635131835938,1000.0,157.33305848409026,1196,-15.789999999999708,-11.082944071102153,-300.0,0.5252752146824741,"{4: 54, 3: 4, 0: 82, 1: 6, 2: 8, 5: 4}","{0: 18, 1: 9, 2: 12, 3: 76, 6: 30, 5: 6, 4: 7}","{1: 80, 2: 26, 0: 52}","{1: 75, 0: 35, 2: 48}","{1: 98, 2: 15, 0: 45}","{1: 118, 2: 26, 0: 14}",0.047453082318210826,0.03974634902118218,0.05229997508173839,0.06360579482554068,0.22912420038702927,0.1842096820304793,0.2560603872468844,0.12012422052582163,0.26121002881673533,0.016341285840436696,0.24731751404622276,0.10754234085168375
7760,2,max_steps,3,3,0,1747.2079087254278,3500,897.3333333333334,691.0,0.05,0.1,9.164011001586914,46.446327209472656,-122.69612121582031,564.3605346679688,1500.0,290.0426220950829,2974,-34.97000000000161,-7.8647133696605485,0.0,0.49920225963583653,"{2: 50, 3: 5, 6: 95, 5: 36, 4: 29, 1: 54, 0: 81}","{2: 30, 3: 280, 6: 27, 5: 5, 4: 8}","{1: 155, 0: 100, 2: 95}","{1: 286, 0: 33, 2: 31}","{1: 255, 0: 52, 2: 43}","{1: 299, 2: 29, 0: 22}",0.06027183941852357,0.014134632985375543,0.0630446429128191,0.06411114084382429,0.11472222947471866,0.03362582531096207,0.1564037657832902,0.10503428070187225,0.13362415881440293,0.01828560599863297,0.11264320672619127,0.06955248510023236
7770,2,max_steps,3,1,0,632.5028117301991,3500,2456.0,2456.0,0.05,0.1,9.170656204223633,46.441009521484375,-122.69612121582031,565.1445922851562,500.0,202.0066014196947,2726,-34.99000000000161,-34.51378968949478,0.0,0.1807150890657712,"{6: 56, 5: 16, 4: 170, 3: 3, 0: 105}","{0: 9, 1: 6, 2: 16, 3: 266, 4: 24, 6: 24, 5: 5}","{1: 230, 2: 72, 0: 48}","{1: 264, 0: 37, 2: 49}","{1: 298, 2: 33, 0: 19}","{1: 294, 2: 19, 0: 37}",0.03722159382587055,0.016922072274721908,0.042846846284421446,0.05441083857290305,0.08647057158444407,0.16805216158370573,0.11230090772937998,0.1115659876893291,0.0676869168694179,0.05271519886583198,0.1550916444526248,0.2061814615083159
7780,2,crash,3,1,1,234.6053059665299,980,754.0,754.0,0.05,0.1,9.180196762084961,46.41874313354492,-122.69612121582031,564.6688232421875,500.0,57.08122135601419,753,-9.789999999999836,-12.685915389485782,-300.0,0.23939316935360194,"{0: 23, 1: 20, 2: 31, 3: 1, 6: 23}","{2: 9, 3: 66, 6: 9, 5: 8, 4: 6}","{1: 40, 0: 58}","{1: 61, 0: 15, 2: 22}","{1: 61, 0: 37}","{1: 68, 0: 16, 2: 14}",0.06786174297711531,0.022085098765635566,0.06917185715242444,0.0925277331237987,0.18399158967122312,0.12316981524279902,0.1947196470727094,0.14614945144718133,0.1466681736146576,0.012664747894128681,0.2275935854394736,0.09668510114743664
7790,2,max_steps,3,3,0,1725.7690659636341,3500,1001.3333333333334,1052.0,0.05,0.1,9.190878868103027,46.4204216003418,-122.69612121582031,560.567626953125,1500.0,260.73906596362855,3006,-34.97000000000161,0.0,0.0,0.49307687598960975,"{6: 85, 5: 30, 4: 58, 3: 8, 0: 123, 1: 12, 2: 34}","{2: 76, 3: 203, 6: 14, 5: 16, 4: 14, 0: 21, 1: 6}","{1: 190, 2: 91, 0: 69}","{1: 239, 0: 64, 2: 47}","{1: 275, 2: 42, 0: 33}","{1: 290, 2: 25, 0: 35}",0.04184532723211799,0.018239741470440607,0.04054748050065066,0.062209873592635856,0.10764379405555449,0.13065472204110457,0.13754358112938306,0.11414152662748714,0.07596835707890165,0.028114110051540325,0.10644792930353199,0.0991714797804871
7800,2,max_steps,3,4,0,2234.3978528748153,3500,756.75,852.5,0.05,0.1,9.208231925964355,46.484622955322266,-122.69612121582031,578.1508178710938,2000.0,330.95038746398205,3238,-34.960000000001614,-61.592534589169766,0.0,0.6383993865356615,"{6: 61, 5: 9, 4: 46, 3: 33, 0: 120, 1: 54, 2: 27}","{6: 44, 5: 22, 4: 28, 3: 176, 0: 34, 1: 19, 2: 27}","{1: 181, 2: 53, 0: 116}","{1: 180, 2: 96, 0: 74}","{1: 257, 2: 38, 0: 55}","{1: 303, 2: 23, 0: 24}",0.04831940942483725,0.028153319576728113,0.05615331623542344,0.06857863913379245,0.13960025949321037,0.13849441775516666,0.15984132135747434,0.10173545051501938,0.14715192074816716,0.11959595865438523,0.10954821905055745,0.10099721094835241
7810,2,crash,3,2,1,818.6208389911737,1709,778.0,778.0,0.05,0.1,9.219918251037598,46.4897575378418,-122.69612121582031,561.8750610351562,1000.0,147.12689534290013,1296,-17.06999999999987,-11.436056351727624,-300.0,0.4790057571627699,"{2: 101, 1: 38, 0: 1, 3: 15, 4: 8, 5: 7}","{5: 9, 4: 17, 3: 78, 0: 48, 1: 6, 2: 12}","{1: 88, 0: 65, 2: 17}","{1: 71, 2: 36, 0: 63}","{1: 106, 0: 52, 2: 12}","{1: 136, 0: 12, 2: 22}",0.043791259523064646,0.04095656936175557,0.058025601210496894,0.07930472063429791,0.16509277706591174,0.16700147912837493,0.18474445654964552,0.1653402457842773,0.1673658499204809,0.015491771625089192,0.24928243041722886,0.10027232354981644
7820,2,crash,3,1,1,261.782023181273,881,720.0,720.0,0.05,0.1,9.243633270263672,46.52933883666992,-122.69612121582031,555.5740966796875,500.0,88.46130630955626,519,-8.799999999999857,-17.879283128283742,-300.0,0.29714191053492967,"{6: 55, 5: 7, 4: 9, 0: 17}","{4: 22, 3: 49, 0: 9, 1: 8}","{1: 38, 2: 50}","{1: 67, 2: 19, 0: 2}","{1: 50, 2: 38}","{1: 69, 2: 9, 0: 10}",0.07650056248366124,0.02150457713804433,0.06993558009106554,0.09033606484360208,0.21409943669105286,0.049507826153856155,0.23993943956655595,0.10586483168380649,0.19979838326448288,0.013187104462229659,0.14079877084909712,0.10711301149552659
7830,2,crash,3,2,1,814.1518351567911,1203,529.0,529.0,0.05,0.1,9.252355575561523,46.575828552246094,-122.69612121582031,547.4996948242188,1000.0,138.3965947628271,818,-12.009999999999788,-12.234759606037787,-300.0,0.676767942773725,"{2: 53, 3: 2, 6: 36, 5: 6, 4: 8, 0: 15}","{5: 6, 4: 10, 3: 77, 2: 12, 0: 15}","{1: 47, 0: 24, 2: 49}","{1: 87, 2: 20, 0: 13}","{1: 59, 0: 15, 2: 46}","{1: 84, 0: 27, 2: 9}",0.07740925948508673,0.01981924613140741,0.103239229324947,0.08945305746133013,0.2377080543438374,0.11597802915675662,0.26297892784844124,0.14678609555885855,0.23464216404718166,0.033858277533031236,0.19093975604120403,0.09977287195025922
7840,2,crash,3,3,1,1337.7030996548838,2199,492.6666666666667,506.0,0.05,0.1,9.263862609863281,46.65754699707031,-122.69612121582031,576.7021484375,1500.0,261.90568118021594,1495,-21.960000000000633,-102.24258152533633,-300.0,0.6083233741040854,"{3: 14, 0: 55, 1: 48, 2: 19, 6: 69, 5: 6, 4: 8}","{5: 32, 4: 25, 3: 130, 1: 5, 2: 16, 6: 11}","{1: 105, 0: 45, 2: 69}","{1: 125, 2: 63, 0: 31}","{1: 132, 0: 30, 2: 57}","{1: 178, 0: 23, 2: 18}",0.05684803728997662,0.02374356107385129,0.06440741560020535,0.06756800650577985,0.24456058500363473,0.12187287271825041,0.25743995945473347,0.11556290088989259,0.2360209443203794,0.15471264890246886,0.18282844876872564,0.10208340615642202
7850,2,max_steps,3,4,0,2172.536949875985,3500,583.75,675.5,0.05,0.1,9.290055274963379,46.71458435058594,-122.69612121582031,576.7021484375,2000.0,288.0968216447883,2709,-34.960000000001614,-80.59987176879629,0.0,0.62072484282171,"{3: 135, 2: 20, 4: 74, 5: 4, 0: 117}","{0: 80, 1: 27, 2: 34, 3: 59, 6: 127, 5: 9, 4: 14}","{1: 244, 0: 43, 2: 63}","{1: 138, 0: 136, 2: 76}","{1: 314, 2: 36}","{1: 328, 0: 9, 2: 13}",0.016665589192246782,0.03290902673525295,0.022194326646354335,0.026534649220797783,0.08974089706920663,0.19313543677111672,0.10245312815057372,0.09097187298288217,0.07142637010870338,0.19836826746091965,0.12801461286965693,0.09539121656920976
7860,2,success,3,5,0,2799.230255559274,3185,637.0,512.0,0.05,0.1,9.303924560546875,46.689300537109375,-122.69612121582031,550.0450439453125,2500.0,344.471537790039,2742,-31.80000000000217,-13.44128223075923,0.0,0.8788792011175115,"{3: 18, 2: 85, 6: 54, 5: 9, 4: 29, 0: 111, 1: 12}","{2: 20, 5: 31, 4: 52, 3: 191, 0: 11, 1: 7, 6: 6}","{1: 143, 0: 109, 2: 66}","{1: 190, 0: 52, 2: 76}","{1: 216, 0: 67, 2: 35}","{1: 250, 0: 45, 2: 23}",0.05641327613890397,0.026272421453252988,0.056706345964153054,0.06149311799716609,0.1427799207023106,0.15016153384688666,0.16216381933184348,0.10573791328537176,0.08601754797287883,0.1538533537901431,0.12204331196075029,0.1034197008853597
7870,2,max_steps,3,2,0,1153.2419498008899,3500,1410.5,1410.5,0.05,0.1,9.320351600646973,46.71757888793945,-122.69612121582031,558.2835693359375,1000.0,188.22194980087463,2145,-34.98000000000161,0.0,0.0,0.3294976999431114,"{3: 28, 0: 57, 1: 40, 2: 157, 6: 68}","{0: 6, 1: 10, 2: 18, 4: 48, 3: 244, 6: 18, 5: 6}","{1: 255, 0: 70, 2: 25}","{1: 247, 0: 34, 2: 69}","{1: 292, 0: 38, 2: 20}","{1: 323, 0: 19, 2: 8}",0.024454737357045377,0.02320469684602028,0.02703503688077287,0.033080595725547876,0.0954955008051225,0.10198344741488694,0.12368881678964483,0.09676709258284785,0.0445699221601369,0.030445837508209547,0.05434233156239864,0.05032462624400062
7880,2,success,3,5,0,2941.530587247949,3112,622.4,634.0,0.05,0.1,9.326610565185547,46.72726821899414,-122.69612121582031,565.3616943359375,2500.0,472.60058724795044,2669,-31.070000000002057,0.0,0.0,0.9452219110693924,"{6: 64, 5: 32, 4: 42, 3: 43, 0: 103, 1: 11, 2: 16}","{4: 27, 3: 214, 2: 20, 0: 39, 1: 11}","{1: 106, 2: 113, 0: 92}","{1: 217, 2: 28, 0: 66}","{1: 157, 2: 71, 0: 83}","{1: 239, 2: 35, 0: 37}",0.08880412257489124,0.01906352551589884,0.09832992055907017,0.08098498967317636,0.2430964479429867,0.1220028979228979,0.27117636432678976,0.12945212694990907,0.23100379973258972,0.14965696780855006,0.20033260036842832,0.28459980946353025
7890,2,success,3,5,0,2790.5496492324005,3013,602.6,743.0,0.05,0.1,9.350998878479004,46.811668395996094,-122.69612121582031,562.830810546875,2500.0,322.653387559288,2365,-30.080000000001903,-2.023738326892606,0.0,0.9261698138839697,"{3: 49, 5: 66, 4: 80, 0: 93, 1: 6, 2: 7}","{6: 7, 5: 7, 4: 19, 3: 207, 2: 53, 1: 8}","{1: 145, 2: 91, 0: 65}","{1: 221, 2: 39, 0: 41}","{1: 197, 2: 47, 0: 57}","{1: 255, 2: 32, 0: 14}",0.051496897695450065,0.01680799496323989,0.05509562655677638,0.061098555332341896,0.22304173998320337,0.10486376710001173,0.2447636531875391,0.10234461455747701,0.09684946211988432,0.1708243103701506,0.13091993700147322,0.11491570521851097
7900,2,crash,3,2,1,734.2040169083587,1247,404.5,404.5,0.05,0.1,9.366533279418945,46.80800247192383,-122.69612121582031,561.7744140625,1000.0,62.31233054920719,621,-12.449999999999779,-15.658313640853041,-300.0,0.5887762765905041,"{2: 16, 3: 4, 5: 40, 4: 20, 0: 44}","{4: 22, 3: 49, 2: 38, 1: 15}","{1: 36, 0: 8, 2: 80}","{1: 82, 2: 24, 0: 18}","{1: 74, 2: 50}","{1: 114, 2: 8, 0: 2}",0.08957233589944608,0.02574878054643967,0.08968250355341822,0.04861783485333742,0.13731188171021858,0.0616524501211648,0.15446551954546056,0.09677771688300758,0.11910608652301248,0.059917017325404484,0.15322284702965408,0.04568327950065039
7910,2,max_steps,3,3,0,1708.8876381803598,3500,981.0,942.0,0.05,0.1,9.390461921691895,46.85492706298828,-122.69612121582031,567.5887451171875,1500.0,243.97468987421385,2723,-34.97000000000161,-0.11705169385868766,0.0,0.4882536109086742,"{0: 70, 1: 23, 2: 30, 3: 52, 4: 141, 5: 34}","{6: 8, 5: 16, 4: 25, 3: 208, 0: 28, 1: 5, 2: 60}","{1: 217, 0: 67, 2: 66}","{1: 231, 2: 59, 0: 60}","{1: 263, 0: 39, 2: 48}","{1: 281, 0: 40, 2: 29}",0.026697924679395482,0.02336207093093874,0.03603947237222516,0.03866028762819652,0.12261655820338206,0.14325334732195402,0.15680719923472386,0.10610483980564496,0.07048680155913796,0.030435038174648373,0.10039167709992651,0.09212357369489871
7920,2,success,3,5,0,2724.734971360066,3490,698.0,749.0,0.05,0.1,9.404633522033691,46.84575271606445,-122.69612121582031,562.1075439453125,2500.0,259.58497136007344,2648,-34.850000000001636,0.0,0.0,0.7807263528252338,"{3: 35, 5: 50, 6: 37, 4: 86, 2: 74, 0: 61, 1: 6}","{5: 15, 4: 25, 0: 26, 1: 6, 2: 84, 3: 193}","{1: 201, 0: 82, 2: 66}","{1: 212, 2: 56, 0: 81}","{1: 263, 0: 56, 2: 30}","{1: 290, 0: 30, 2: 29}",0.03812226858394075,0.024781735244334357,0.051412251544634635,0.06205475078324041,0.11426339784425892,0.1422759176953334,0.1624687206330732,0.14922981725826334,0.09579157090381621,0.07917407717274615,0.1014810314951069,0.07764589425250112
7930,2,max_steps,3,3,0,1710.3392394424081,3500,1130.0,1192.0,0.05,0.1,9.421016693115234,46.846099853515625,-122.69612121582031,559.5593872070312,1500.0,250.7031800760847,2510,-34.97000000000161,-5.393940633681905,0.0,0.4886683541264023,"{6: 85, 5: 11, 4: 20, 3: 15, 0: 109, 1: 73, 2: 37}","{6: 7, 5: 14, 4: 12, 3: 186, 2: 106, 1: 25}","{1: 171, 2: 73, 0: 106}","{1: 218, 2: 41, 0: 91}","{1: 249, 2: 41, 0: 60}","{1: 315, 0: 20, 2: 15}",0.053646162318400054,0.027529123155236514,0.06182445265983666,0.050130727918403846,0.10769370816960969,0.061941355240062224,0.13786146262675827,0.09959642914705799,0.10297128548012041,0.028927244173869125,0.09676814855721154,0.0646083939692782
7940,2,success,3,5,0,2809.80907167273,3273,654.6,756.0,0.05,0.1,9.44612979888916,46.912689208984375,-122.69612121582031,597.9459228515625,2500.0,342.48907167273586,2960,-32.68000000000207,0.0,0.0,0.8584812317973511,"{6: 107, 5: 18, 4: 27, 3: 62, 2: 74, 1: 35, 0: 4}","{6: 1, 5: 9, 4: 14, 3: 150, 2: 81, 0: 59, 1: 13}","{1: 179, 2: 92, 0: 56}","{1: 202, 2: 41, 0: 84}","{1: 217, 2: 68, 0: 42}","{1: 261, 2: 28, 0: 38}",0.04131428540537812,0.0248519554735067,0.061786069627602545,0.04726570420794961,0.19139593168488625,0.14350345119944435,0.2077806157170331,0.12250102700359518,0.16374864832809613,0.03345408716854707,0.08830868249734844,0.09254306380962775
7950,2,max_steps,3,4,0,2284.4123391375037,3500,783.0,869.5,0.05,0.1,9.470136642456055,46.981544494628906,-122.69612121582031,572.7611694335938,2000.0,337.6982749297162,2920,-34.960000000001614,-18.325935792210863,0.0,0.6526892397535725,"{5: 90, 4: 50, 3: 5, 0: 24, 1: 14, 2: 99, 6: 68}","{5: 7, 4: 10, 3: 216, 2: 71, 0: 26, 1: 20}","{1: 172, 2: 96, 0: 82}","{1: 246, 2: 21, 0: 83}","{1: 242, 2: 57, 0: 51}","{1: 262, 2: 42, 0: 46}",0.051623961452473305,0.02032424075744238,0.06165827914560959,0.07325986855139016,0.17695780047868642,0.11456406075545895,0.20335869968497175,0.14557548730137226,0.16891995874872598,0.01838517820240876,0.1787226114604982,0.18955966012015918
7960,2,crash,3,1,1,166.67299669631507,1349,638.0,638.0,0.05,0.1,9.481660842895508,46.99168014526367,-122.69612121582031,571.5723876953125,500.0,66.21545852707364,839,-13.479999999999757,-86.06246183075966,-300.0,0.12355299977488145,"{0: 10, 1: 16, 2: 36, 3: 7, 4: 14, 5: 51}","{3: 79, 2: 49, 1: 6}","{1: 56, 0: 72, 2: 6}","{1: 81, 0: 43, 2: 10}","{1: 77, 0: 54, 2: 3}","{1: 90, 0: 28, 2: 16}",0.05597782542892732,0.02106937172052617,0.08134546319672578,0.0923733200234512,0.1278603902877189,0.07271600216423943,0.17551414114574068,0.19181102890698615,0.10558431474605742,0.015117715769437082,0.18010304339104904,0.09777916152285124
7970,2,crash,3,2,1,778.7670746044698,2976,1114.0,1114.0,0.05,0.1,9.4924898147583,47.01545715332031,-122.69612121582031,569.774169921875,1000.0,180.0385086780989,2019,-29.74000000000185,-71.53143407363346,-300.0,0.2616824847461256,"{2: 48, 3: 2, 6: 118, 5: 16, 4: 38, 1: 7, 0: 68}","{5: 2, 4: 27, 3: 199, 2: 69}","{1: 132, 0: 40, 2: 125}","{1: 220, 2: 49, 0: 28}","{1: 200, 0: 28, 2: 69}","{1: 251, 0: 15, 2: 31}",0.06154494956052087,0.01844207503794861,0.06952083736035758,0.0747396997422106,0.10849249444865164,0.057064682550634974,0.13551182669985584,0.10225420790307269,0.12769270238863253,0.014834502016039901,0.19076473568706898,0.08574589649212226
7980,2,success,3,5,0,2732.583950548809,3133,626.6,726.0,0.05,0.1,9.503618240356445,47.03901672363281,-122.69612121582031,582.4402465820312,2500.0,263.86395054881075,2812,-31.28000000000209,0.0,0.0,0.8721940474142383,"{4: 139, 3: 26, 2: 84, 1: 2, 5: 62}","{3: 147, 0: 47, 1: 11, 2: 65, 6: 32, 5: 4, 4: 7}","{1: 189, 2: 73, 0: 51}","{1: 181, 0: 86, 2: 46}","{1: 232, 2: 43, 0: 38}","{1: 255, 2: 33, 0: 25}",0.034564915233450226,0.024854895146267948,0.04454949843025476,0.0452947651226458,0.12038943125917803,0.17878153215908402,0.12935846050445904,0.10390501089945324,0.09628457359356088,0.015571805239816001,0.16138849128515415,0.10116716823570768
7990,2,crash,3,2,1,844.6700595993054,2035,966.5,966.5,0.05,0.1,9.510727882385254,47.00693130493164,-122.69612121582031,563.476806640625,1000.0,170.53984547199428,1732,-20.33000000000038,-5.539785872690795,-300.0,0.41507128235838103,"{4: 75, 3: 10, 0: 91, 1: 15, 2: 12}","{0: 10, 1: 6, 2: 41, 3: 91, 4: 45, 6: 10}","{1: 105, 2: 25, 0: 73}","{1: 127, 0: 35, 2: 41}","{1: 130, 2: 14, 0: 59}","{1: 187, 2: 6, 0: 10}",0.040312419111764905,0.026031455393090732,0.05687603147427309,0.03695309528577179,0.12711343002246983,0.07858304480711542,0.1762511747829162,0.09839184849401854,0.19030816175513374,0.013587600678661995,0.26042248593116313,0.09266775231469343
8000,2,crash,3,2,1,896.3125905961858,3119,1446.0,1446.0,0.05,0.1,9.524112701416016,47.06135940551758,-122.69612121582031,579.677734375,1000.0,234.84829003585642,2691,-31.170000000002073,-7.365699439672344,-300.0,0.28737178281378195,"{6: 131, 5: 29, 4: 46, 3: 10, 0: 64, 1: 13, 2: 18}","{2: 24, 3: 265, 6: 12, 5: 10}","{1: 165, 2: 58, 0: 88}","{1: 286, 0: 3, 2: 22}","{1: 213, 2: 17, 0: 81}","{1: 282, 2: 15, 0: 14}",0.04533833590178749,0.009230550498585021,0.053838011880820505,0.0360015722671628,0.158654487525329,0.024813839811548426,0.17484703298882315,0.09953457592652444,0.2125094360275967,0.01926817884691817,0.2696668997275565,0.04931995793140099
8010,2,max_steps,3,3,0,1773.571111123718,3500,773.3333333333334,557.0,0.05,0.1,9.534070014953613,47.099491119384766,-122.69612121582031,570.44189453125,1500.0,392.3854153757075,2911,-34.97000000000161,-83.84430425199342,0.0,0.5067346031782052,"{1: 52, 2: 32, 3: 33, 6: 129, 5: 6, 4: 9, 0: 89}","{6: 19, 5: 16, 4: 26, 3: 208, 2: 34, 0: 34, 1: 13}","{1: 148, 0: 118, 2: 84}","{1: 195, 2: 69, 0: 86}","{1: 219, 0: 77, 2: 54}","{1: 308, 0: 25, 2: 17}",0.0695831014471747,0.0252408011775575,0.06587558926000271,0.05264149130866462,0.1827003195920293,0.16340109457007546,0.216687540596113,0.10177289362600823,0.1829131070351283,0.15186958614211052,0.24155559576580055,0.08430038599350718
8020,2,max_steps,3,4,0,2335.740272761044,3500,818.25,838.0,0.05,0.1,9.560272216796875,47.16371154785156,-122.69612121582031,565.5526733398438,2000.0,370.7002727610471,3063,-34.960000000001614,0.0,0.0,0.6673543636460125,"{6: 85, 5: 24, 4: 101, 3: 4, 0: 100, 1: 15, 2: 21}","{5: 8, 4: 21, 3: 261, 2: 38, 0: 15, 1: 7}","{1: 157, 2: 113, 0: 80}","{1: 275, 2: 35, 0: 40}","{1: 221, 2: 67, 0: 62}","{1: 287, 0: 24, 2: 39}",0.05952177016843643,0.015045163195489262,0.07331775753400077,0.07927454692969702,0.17433339988024182,0.1107812203674373,0.2030094061740511,0.12288420595583276,0.161203499055231,0.010761069683673118,0.11172603806652089,0.2629286893606189
8030,2,success,3,5,0,2718.4182844274605,3158,631.6,891.0,0.05,0.1,9.58166217803955,47.192718505859375,-122.69612121582031,565.663330078125,2500.0,249.94828442747487,2755,-31.53000000000213,0.0,0.0,0.8608037632765866,"{2: 127, 1: 6, 3: 12, 4: 85, 5: 47, 6: 38}","{3: 228, 5: 2, 4: 19, 2: 30, 0: 29, 1: 7}","{1: 154, 0: 70, 2: 91}","{1: 232, 2: 26, 0: 57}","{1: 232, 0: 44, 2: 39}","{1: 256, 0: 35, 2: 24}",0.05154690202463948,0.021986132500076243,0.0591360257542496,0.07292601369498201,0.11580993316345442,0.1122639578774147,0.1352657525763542,0.10755230767281443,0.10384572027110188,0.02500514226616878,0.11854687251231666,0.10403345610954723
8040,2,max_steps,3,3,0,1724.7473259753958,3500,856.3333333333334,804.0,0.05,0.1,9.598280906677246,47.16904830932617,-122.69612121582031,570.4790649414062,1500.0,259.7173259753912,2928,-34.97000000000161,0.0,0.0,0.4927849502786845,"{5: 119, 4: 94, 3: 8, 0: 55, 1: 17, 2: 25, 6: 32}","{5: 29, 4: 18, 3: 239, 2: 29, 0: 25, 1: 10}","{1: 180, 2: 107, 0: 63}","{1: 248, 2: 48, 0: 54}","{1: 250, 2: 61, 0: 39}","{1: 281, 2: 36, 0: 33}",0.04766245779143215,0.020029457575692987,0.05788251708834199,0.07685449745723996,0.1008605366857716,0.1552686676637074,0.13086954167870304,0.10636509596129227,0.13126585543727784,0.016687208426253586,0.19780538339633452,0.10001029750773309
8050,2,crash,3,1,1,227.0375862826296,1399,726.0,726.0,0.05,0.1,9.613733291625977,47.1906623840332,-122.69612121582031,577.1016845703125,500.0,98.49181019956808,1088,-13.979999999999746,-57.47422391693847,-300.0,0.16228562278958514,"{0: 47, 1: 9, 2: 15, 3: 1, 4: 16, 5: 51}","{0: 7, 1: 6, 2: 8, 3: 60, 6: 15, 5: 6, 4: 37}","{1: 82, 0: 57}","{1: 55, 0: 27, 2: 57}","{1: 106, 0: 33}","{1: 123, 0: 7, 2: 9}",0.035070835180674435,0.03244529466991398,0.04704815531542214,0.031982170220999306,0.13682041568956888,0.1619327498264756,0.15465826570837565,0.10683449543677434,0.11979874878899814,0.034811794428582045,0.12141679493372289,0.05774624432900398
8060,2,max_steps,3,4,0,2261.478708696391,3500,766.25,701.5,0.05,0.1,9.63962459564209,47.2595329284668,-122.69612121582031,572.3301391601562,2000.0,296.43870869639534,2877,-34.960000000001614,0.0,0.0,0.6461367739132546,"{2: 112, 3: 6, 1: 11, 6: 84, 5: 14, 4: 79, 0: 44}","{1: 5, 2: 32, 3: 261, 4: 34, 6: 11, 5: 7}","{1: 165, 0: 75, 2: 110}","{1: 280, 0: 27, 2: 43}","{1: 252, 0: 45, 2: 53}","{1: 293, 0: 39, 2: 18}",0.05523214632835052,0.017245358910594796,0.0654064432306205,0.06183974651161385,0.11057505588598569,0.10804115882561457,0.14053601024937024,0.1028408778706285,0.09638661685651825,0.017231330491158322,0.08782463647449971,0.09566573174758643
8070,2,max_steps,3,2,0,1211.7458005698911,3500,1348.5,1348.5,0.05,0.1,9.653507232666016,47.257591247558594,-122.69612121582031,572.3301391601562,1000.0,254.63743850307128,3012,-34.98000000000161,-7.911637933184834,0.0,0.34621308587711175,"{6: 40, 5: 89, 4: 33, 3: 11, 0: 128, 1: 26, 2: 23}","{5: 1, 4: 38, 3: 262, 2: 42, 1: 7}","{1: 174, 2: 82, 0: 94}","{1: 265, 2: 39, 0: 46}","{1: 273, 2: 35, 0: 42}","{1: 293, 2: 27, 0: 30}",0.05003475578056645,0.021813759036960808,0.06259379892937031,0.06746240264025483,0.0957010542475591,0.08838647769347051,0.12143510375312641,0.10324622453827746,0.10300481768408243,0.029914070821611228,0.09320878881630446,0.10318030017606417
8080,2,crash,3,3,1,1397.6516019701246,2185,649.6666666666666,542.0,0.05,0.1,9.665977478027344,47.27181625366211,-122.69612121582031,570.8575439453125,1500.0,242.71997576013945,1759,-21.82000000000061,-23.24837379001693,-300.0,0.6396574837391875,"{5: 42, 4: 32, 3: 32, 0: 89, 1: 5, 2: 8, 6: 10}","{2: 33, 3: 112, 0: 2, 1: 14, 5: 23, 6: 16, 4: 18}","{1: 79, 2: 61, 0: 78}","{1: 135, 0: 36, 2: 47}","{1: 140, 2: 24, 0: 54}","{1: 174, 2: 23, 0: 21}",0.07452491975257527,0.02064874123933897,0.08022591786796461,0.0584513389077637,0.22716220375287607,0.14043109733287065,0.23986046536510705,0.11237529081043744,0.2136494204857381,0.13881608657643404,0.14077900372331226,0.09143870328486678
8090,2,max_steps,3,3,0,1713.9467200828171,3500,1093.3333333333333,927.0,0.05,0.1,9.682046890258789,47.29052734375,-122.69612121582031,564.3056640625,1500.0,249.20410610348407,2505,-34.97000000000161,-0.28738602067437047,0.0,0.4896990628808049,"{6: 42, 5: 55, 4: 165, 3: 4, 0: 70, 1: 6, 2: 8}","{5: 10, 4: 18, 3: 287, 2: 12, 1: 23}","{1: 178, 2: 117, 0: 55}","{1: 281, 2: 33, 0: 36}","{1: 267, 2: 43, 0: 40}","{1: 287, 2: 30, 0: 33}",0.04770933790680444,0.01882515376532177,0.0444652731142239,0.05149654934373159,0.12941641739703233,0.03368770458698953,0.14887292836539137,0.1159638805373132,0.14620071321387723,0.03121624286833012,0.11008839495845335,0.07965669331877788
8100,2,max_steps,3,3,0,1780.3061555488418,3500,1004.3333333333334,980.0,0.05,0.1,9.707075119018555,47.373416900634766,-122.69612121582031,594.6350708007812,1500.0,315.27615554883107,2695,-34.97000000000161,0.0,0.0,0.5086589015853834,"{1: 49, 2: 43, 3: 4, 6: 110, 5: 52, 4: 11, 0: 81}","{5: 9, 4: 9, 3: 197, 2: 118, 0: 11, 1: 6}","{1: 198, 0: 89, 2: 63}","{1: 254, 2: 24, 0: 72}","{1: 248, 0: 55, 2: 47}","{1: 283, 0: 33, 2: 34}",0.041075206727594224,0.014119451035469233,0.059203556681423845,0.06305880811404248,0.19657941646087645,0.10232128036923172,0.22421352754191504,0.10843514941287974,0.19627114645354451,0.005119139380843702,0.10654619196151757,0.2842848417419129
8110,2,max_steps,3,2,0,1141.750232059442,3500,1450.5,1450.5,0.05,0.1,9.73058795928955,47.45918273925781,-118.69884490966797,599.9761962890625,1000.0,176.73023205943312,2601,-34.98000000000161,0.0,0.0,0.3262143520169834,"{3: 38, 6: 200, 5: 30, 4: 22, 0: 60}","{6: 8, 5: 17, 4: 11, 1: 25, 2: 169, 3: 112, 0: 8}","{1: 283, 2: 58, 0: 9}","{1: 249, 2: 40, 0: 61}","{1: 316, 2: 24, 0: 10}","{1: 315, 2: 16, 0: 19}",0.025871070106921988,0.01706148506148823,0.031559575983532276,0.04108956816460416,0.07050569131360539,0.08970474783131831,0.09962493947505387,0.09980210611146724,0.12873075788794675,0.14491682780672582,0.1011353757582024,0.19559402888643077
8120,2,crash,3,1,1,258.5033934561666,836,693.0,693.0,0.05,0.1,9.7308349609375,47.44108581542969,-118.69884490966797,589.0889892578125,500.0,80.55535606189409,678,-8.349999999999866,-13.70196260572815,-300.0,0.3092145854738835,"{0: 40, 1: 17, 2: 11, 3: 1, 6: 14}","{3: 66, 2: 3, 4: 14}","{1: 23, 0: 60}","{1: 79, 2: 3, 0: 1}","{1: 44, 0: 39}","{1: 50, 0: 17, 2: 16}",0.07466647320779096,0.011374981766923484,0.09156738096657764,0.09085396303380142,0.1798970983809667,0.025950565675715815,0.2059787221957442,0.10753037299982454,0.1868828273173973,0.007033591340973919,0.17186942571717004,0.1042905255530034
8130,2,max_steps,3,4,0,2194.1921090572473,3500,734.5,761.5,0.05,0.1,9.740286827087402,47.3990364074707,-118.69884490966797,566.1546630859375,2000.0,302.0789921890969,2839,-34.960000000001614,-72.92688313184466,0.0,0.6269120311592136,"{1: 20, 2: 44, 3: 101, 6: 52, 5: 6, 4: 70, 0: 57}","{3: 200, 2: 32, 6: 4, 5: 22, 4: 31, 0: 55, 1: 6}","{1: 195, 0: 74, 2: 81}","{1: 216, 2: 70, 0: 64}","{1: 243, 0: 42, 2: 65}","{1: 286, 0: 47, 2: 17}",0.043514060326762895,0.025745015172665132,0.05461930448796144,0.06316745283232615,0.13804258560177332,0.11662447540751539,0.16347053384711646,0.10551194685346156,0.09650699370928556,0.08531873544956765,0.09106572556924358,0.09305645815790799
8140,2,max_steps,3,4,0,2204.5334599036237,3500,775.75,874.5,0.05,0.1,9.762177467346191,47.4654655456543,-118.5287094116211,554.8059692382812,2000.0,239.49345990362062,2336,-34.960000000001614,0.0,0.0,0.6298667028296068,"{2: 49, 3: 8, 4: 100, 5: 23, 1: 15, 0: 66, 6: 89}","{2: 86, 3: 203, 0: 19, 1: 7, 4: 13, 6: 16, 5: 6}","{1: 178, 0: 89, 2: 83}","{1: 234, 0: 72, 2: 44}","{1: 267, 0: 40, 2: 43}","{1: 291, 0: 34, 2: 25}",0.04712475335102646,0.02306434585225625,0.057219054019205386,0.05037169234492955,0.12236451668028009,0.10711294430087509,0.15209708495006,0.10750662344093158,0.11422957528687962,0.02050436097701,0.12143063091111739,0.13149862392580147
8150,2,max_steps,3,3,0,1661.7533264214283,3500,1016.3333333333334,1027.0,0.05,0.1,9.77757453918457,47.50286865234375,-118.5287094116211,566.1220703125,1500.0,196.72332642142516,2824,-34.97000000000161,0.0,0.0,0.47478666469183667,"{6: 59, 5: 15, 4: 119, 3: 42, 2: 22, 1: 47, 0: 46}","{2: 26, 3: 245, 4: 49, 5: 6, 0: 17, 1: 7}","{1: 216, 2: 74, 0: 60}","{1: 221, 0: 54, 2: 75}","{1: 284, 2: 38, 0: 28}","{1: 302, 2: 26, 0: 22}",0.03506152750901817,0.022576465864848894,0.04420205607724548,0.06480718501245111,0.09511032250158755,0.11257794401947764,0.12124097899939813,0.1014260757445132,0.0918177993209625,0.09063882067374808,0.13044900886519342,0.0965510234263112
8160,2,max_steps,3,4,0,2249.422887179679,3500,771.75,849.5,0.05,0.1,9.78922176361084,47.482872009277344,-118.5287094116211,571.9737548828125,2000.0,284.3828871796755,2938,-34.960000000001614,0.0,0.0,0.6426922534799083,"{4: 124, 3: 38, 0: 72, 1: 14, 2: 71, 6: 13, 5: 18}","{1: 9, 2: 45, 3: 251, 4: 21, 6: 19, 5: 5}","{1: 185, 2: 74, 0: 91}","{1: 276, 0: 27, 2: 47}","{1: 268, 2: 33, 0: 49}","{1: 293, 2: 17, 0: 40}",0.04582119894458416,0.012385547942914124,0.04938877853719319,0.05715304194429205,0.08949944874064694,0.12304369099884545,0.12182745432115102,0.1029614362819295,0.07961119150697582,0.055764590025584405,0.1284421231135891,0.11035229467541532
8170,2,crash,3,2,1,813.9728628703392,1174,530.5,530.5,0.05,0.1,9.80180835723877,47.52265930175781,-118.5287094116211,573.7393798828125,1000.0,134.71145218663875,784,-11.719999999999795,-9.018589316302698,-300.0,0.6933329325982447,"{4: 21, 3: 2, 0: 71, 1: 5, 2: 7, 6: 11}","{3: 72, 2: 14, 6: 7, 5: 9, 4: 15}","{1: 36, 2: 29, 0: 52}","{1: 74, 0: 11, 2: 32}","{1: 53, 2: 17, 0: 47}","{1: 92, 2: 16, 0: 9}",0.09687215510194393,0.02507563360720542,0.11481977252860302,0.08621314791554524,0.26353936750723983,0.11337951080662749,0.2935157495531018,0.11944392542723024,0.2738723482158406,0.028202771902970138,0.23394849409852222,0.10976621361622083
8180,2,max_steps,3,4,0,2308.87251280009,3500,866.0,918.0,0.05,0.1,9.81449031829834,47.58955764770508,-118.5287094116211,573.7393798828125,2000.0,343.8325128000899,2803,-34.960000000001614,0.0,0.0,0.6596778608000258,"{1: 120, 2: 36, 3: 7, 6: 79, 5: 30, 4: 74, 0: 4}","{5: 8, 4: 18, 3: 225, 2: 37, 0: 26, 1: 5, 6: 31}","{1: 178, 2: 108, 0: 64}","{1: 233, 2: 71, 0: 46}","{1: 255, 0: 31, 2: 64}","{1: 305, 0: 27, 2: 18}",0.04827881905684353,0.0221369824748896,0.05882655815159049,0.05456320378146358,0.1585925253743763,0.17471175970685737,0.1715558153406481,0.10439173953967472,0.17877775698996298,0.02944718516374368,0.18792241994251255,0.12189027919315493
8190,2,crash,3,2,1,885.1337525755766,1630,772.5,772.5,0.05,0.1,9.83312702178955,47.68781661987305,-118.5287094116211,574.6568603515625,1000.0,207.5282519655274,1280,-16.279999999999745,-6.114499389952943,-300.0,0.5430268420709059,"{1: 35, 0: 23, 2: 36, 6: 54, 5: 5, 4: 7, 3: 3}","{0: 6, 1: 7, 2: 8, 3: 133, 6: 9}","{1: 62, 0: 47, 2: 54}","{1: 124, 0: 34, 2: 5}","{1: 81, 0: 25, 2: 57}","{1: 137, 0: 18, 2: 8}",0.07523684687742056,0.016600518565075977,0.10039014973377067,0.06212733638843555,0.2750803557184623,0.12137168739052684,0.2866064149188392,0.14043992303837655,0.2866227931660627,0.02837043860038902,0.2799431446567113,0.09685048307064772
8200,2,crash,3,2,1,872.5139729689424,1472,665.0,665.0,0.05,0.1,9.845582962036133,47.74567794799805,-118.5287094116211,576.2274780273438,1000.0,200.11427095247828,1041,-14.699999999999731,-12.900297983538822,-300.0,0.5927404707669446,"{5: 33, 4: 22, 3: 1, 0: 73, 1: 5, 2: 8, 6: 5}","{4: 36, 3: 94, 2: 2, 0: 15}","{1: 41, 2: 40, 0: 66}","{1: 113, 2: 23, 0: 11}","{1: 59, 2: 29, 0: 59}","{1: 120, 2: 14, 0: 13}",0.12697264369646546,0.021450011916358886,0.12966378689825162,0.08437165899216888,0.2694516784533515,0.0679428156718773,0.28613274278716333,0.10562618879134647,0.23672948020070664,0.012223598491339435,0.2340004910688916,0.10881613705591234
8210,2,crash,3,1,1,255.88616645561683,496,383.0,383.0,0.05,0.1,9.857613563537598,47.79465103149414,-118.5287094116211,569.7962646484375,500.0,67.7791101930502,382,-4.949999999999939,-6.942943737433978,-300.0,0.5158995291443887,"{6: 20, 5: 9, 4: 8, 3: 1, 2: 3, 1: 6, 0: 2}","{3: 38, 2: 11}","{1: 11, 2: 38}","{1: 46, 2: 1, 0: 2}","{1: 10, 2: 39}","{1: 33, 2: 7, 0: 9}",0.16720656899095135,0.01975501400979694,0.20163111147738205,0.0815370293379562,0.26587713778235883,0.027080848383240406,0.2980005784680858,0.31091272103798373,0.2604849841500644,0.0042012979388028025,0.3026331581631039,0.013699872506652822
8220,2,max_steps,3,4,0,2430.702037269157,3500,869.75,775.0,0.05,0.1,9.884201049804688,47.888214111328125,-118.5287094116211,577.5587768554688,2000.0,465.6620372691554,3151,-34.960000000001614,0.0,0.0,0.6944862963626163,"{6: 113, 5: 16, 4: 18, 0: 125, 1: 25, 2: 51, 3: 2}","{4: 12, 3: 262, 0: 13, 1: 11, 2: 20, 6: 27, 5: 5}","{1: 137, 2: 90, 0: 123}","{1: 278, 2: 43, 0: 29}","{1: 194, 2: 74, 0: 82}","{1: 258, 2: 33, 0: 59}",0.07407109586782987,0.01905619172970973,0.07648323978154126,0.08021378950106359,0.21599382591941643,0.1420962861294461,0.2527652140873753,0.18348511138313223,0.21312821233750456,0.028351673390818125,0.11318294818836154,0.33860774862046167
8230,2,success,3,5,0,2763.998704487391,3409,681.8,624.0,0.05,0.1,9.900434494018555,47.907203674316406,-118.5287094116211,587.9431762695312,2500.0,298.03870448739156,3129,-34.0400000000018,0.0,0.0,0.8107945745049548,"{1: 81, 2: 58, 3: 31, 4: 102, 5: 68}","{6: 20, 5: 13, 4: 34, 3: 198, 2: 38, 0: 32, 1: 5}","{1: 206, 0: 70, 2: 64}","{1: 205, 2: 68, 0: 67}","{1: 269, 0: 43, 2: 28}","{1: 281, 0: 33, 2: 26}",0.034914808263107985,0.024081182556016132,0.040929314135410164,0.06401177576700576,0.09019941638453215,0.18762679730920376,0.11836123342101577,0.10487716607484908,0.0737720069098306,0.12754904298872088,0.1222969520878854,0.1335723042989424
8240,2,crash,3,2,1,869.5275596247418,2172,1020.0,1020.0,0.05,0.1,9.91796875,47.94660186767578,-118.5287094116211,572.609619140625,1000.0,200.28324637903435,1786,-21.700000000000593,-9.055686754292308,-300.0,0.4003349722029198,"{6: 26, 5: 20, 4: 89, 3: 5, 0: 63, 1: 6, 2: 8}","{3: 195, 2: 5, 4: 17}","{1: 120, 2: 38, 0: 59}","{1: 193, 0: 3, 2: 21}","{1: 146, 2: 15, 0: 56}","{1: 181, 2: 13, 0: 23}",0.04454173916931389,0.01410517383707374,0.056947600736776856,0.05159636876696715,0.2297151078716321,0.030665345373911735,0.22932715451730487,0.11387952726056778,0.18554174020892195,0.012620820437885783,0.168017860401901,0.10720017193135534
8250,2,max_steps,3,4,0,2312.2713017245874,3500,660.5,679.5,0.05,0.1,9.939583778381348,48.015769958496094,-118.5287094116211,582.3489990234375,2000.0,349.2366920860767,2921,-34.960000000001614,-2.00539036147308,0.0,0.6606489433498821,"{1: 63, 2: 26, 3: 24, 4: 57, 5: 26, 6: 92, 0: 62}","{6: 23, 5: 12, 4: 31, 3: 171, 0: 24, 1: 17, 2: 72}","{1: 167, 0: 92, 2: 91}","{1: 192, 2: 81, 0: 77}","{1: 238, 0: 67, 2: 45}","{1: 284, 0: 32, 2: 34}",0.056043881513117406,0.026700876999425138,0.05210536396537027,0.06305759959913435,0.15693661484050195,0.14874097383789225,0.19278154459210453,0.12420303509571168,0.15869354686345877,0.07494771680523983,0.24127621921112083,0.09970000402378253
8260,2,success,3,5,0,2712.347060679175,2111,422.2,453.0,0.05,0.1,9.966063499450684,48.09546661376953,-118.5287094116211,573.102783203125,2500.0,233.40706067919425,1771,-21.060000000000493,0.0,0.0,1.284863600511215,"{3: 38, 1: 35, 2: 56, 4: 32, 6: 14, 5: 15, 0: 21}","{2: 25, 3: 151, 6: 11, 5: 6, 4: 18}","{1: 59, 0: 82, 2: 70}","{1: 138, 0: 23, 2: 50}","{1: 134, 0: 30, 2: 47}","{1: 169, 0: 29, 2: 13}",0.07315419505359588,0.02419171427012909,0.07600611846530762,0.05242470295700772,0.16613460550909073,0.15830973083786717,0.19445968699279312,0.12037382208717007,0.13706169370832524,0.1409030521323413,0.11178701902016173,0.08897747652173617
8270,2,max_steps,3,3,0,1732.2309130401015,3500,1074.6666666666667,976.0,0.05,0.1,9.983691215515137,48.14988327026367,-118.5287094116211,582.552734375,1500.0,315.3186634889238,2761,-34.97000000000161,-48.117750448825674,0.0,0.4949231180114576,"{5: 90, 4: 56, 3: 2, 0: 108, 1: 6, 2: 8, 6: 80}","{5: 8, 4: 44, 3: 253, 2: 9, 0: 31, 1: 5}","{1: 146, 2: 130, 0: 74}","{1: 237, 2: 61, 0: 52}","{1: 209, 2: 83, 0: 58}","{1: 267, 2: 41, 0: 42}",0.06786331817206906,0.021530724753770988,0.07844111178661364,0.08725786439099731,0.19420321730700615,0.12125677422199524,0.21731258332933212,0.1157811148786509,0.22818219294451564,0.012419063932871913,0.2330402107688122,0.17810592160541158
8280,2,max_steps,3,3,0,1684.3639080972243,3500,850.0,871.0,0.05,0.1,9.99491024017334,48.159366607666016,-118.5287094116211,597.1422119140625,1500.0,256.30648948047224,3292,-34.97000000000161,-36.972581383250116,0.0,0.48124683088492126,"{0: 38, 1: 19, 2: 29, 3: 116, 4: 38, 6: 94, 5: 16}","{0: 61, 1: 40, 2: 19, 3: 173, 5: 20, 4: 24, 6: 13}","{1: 218, 0: 59, 2: 73}","{1: 171, 0: 118, 2: 61}","{1: 299, 0: 26, 2: 25}","{1: 320, 0: 15, 2: 15}",0.034374936694825456,0.030271988553259632,0.04147287455918917,0.03647680689472191,0.09433419534183177,0.1392098152692604,0.1119933562658304,0.09807604210929338,0.07533843264725731,0.05219275080206449,0.10883533386457804,0.09445799927920447
8290,2,crash,3,4,1,1912.484732110236,2619,606.25,621.5,0.05,0.1,10.007295608520508,48.21992874145508,-118.5287094116211,590.35791015625,2000.0,255.2912398360302,1976,-26.150000000001288,-16.65650772579208,-300.0,0.7302347201642749,"{2: 47, 3: 5, 4: 35, 5: 23, 6: 75, 0: 71, 1: 5}","{2: 48, 3: 148, 6: 16, 5: 8, 4: 15, 0: 20, 1: 6}","{1: 113, 0: 90, 2: 58}","{1: 153, 0: 65, 2: 43}","{1: 148, 0: 67, 2: 46}","{1: 195, 0: 34, 2: 32}",0.07537640180494103,0.021761130230705413,0.07380588410714303,0.07924223082926607,0.20602394581910038,0.1588637365642783,0.2243444326283749,0.15939470908567127,0.2281498598996351,0.02504975774097884,0.22375284554961145,0.22934209921528675
8300,2,max_steps,3,4,0,2292.0707893189347,3500,760.25,693.5,0.05,0.1,10.02543830871582,48.283687591552734,-118.5287094116211,584.2527465820312,2000.0,406.3703402423739,2638,-34.960000000001614,-79.33955092344165,0.0,0.6548773683768385,"{1: 56, 2: 28, 3: 7, 6: 140, 5: 21, 4: 27, 0: 71}","{4: 37, 3: 227, 2: 36, 1: 10, 0: 40}","{1: 120, 0: 81, 2: 149}","{1: 231, 2: 44, 0: 75}","{1: 199, 0: 58, 2: 93}","{1: 278, 0: 31, 2: 41}",0.08767410788906228,0.01959664072271397,0.08952929442921673,0.06650756743540102,0.23851213748907674,0.10204384894528959,0.2639077173137698,0.13095320438761407,0.2608589868025841,0.01452772729464072,0.2104037246661399,0.2526584894229944
8310,2,max_steps,3,4,0,2347.5633279998265,3500,675.75,613.5,0.05,0.1,10.053512573242188,48.37516403198242,-118.5287094116211,564.3300170898438,2000.0,393.18098232685816,2740,-34.960000000001614,-10.65765432702311,0.0,0.6707323794285218,"{6: 66, 5: 26, 4: 93, 3: 15, 0: 126, 1: 8, 2: 16}","{2: 51, 3: 246, 4: 40, 5: 13}","{1: 133, 2: 123, 0: 94}","{1: 295, 2: 50, 0: 5}","{1: 210, 2: 57, 0: 83}","{1: 280, 2: 35, 0: 35}",0.07704819036427113,0.013301245319849785,0.08098807798391672,0.06850116673819256,0.19483137280765,0.04203182744657056,0.2299782253703712,0.13868365195663296,0.08688988659094728,0.04075062279211565,0.12238080337531053,0.09938734383601945
8320,2,success,3,5,0,2722.6266426230804,3348,669.6,600.0,0.05,0.1,10.075756072998047,48.40672302246094,-118.5287094116211,578.1719970703125,2500.0,258.4527631094924,2810,-33.43000000000192,-2.3961204864055845,0.0,0.8132098693617326,"{2: 90, 1: 63, 3: 10, 5: 77, 6: 49, 4: 45}","{5: 9, 4: 9, 3: 184, 2: 105, 0: 10, 1: 17}","{1: 165, 0: 76, 2: 93}","{1: 225, 2: 22, 0: 87}","{1: 245, 0: 44, 2: 45}","{1: 263, 0: 33, 2: 38}",0.05174081975111607,0.02120081625806404,0.053979528879520094,0.06440527353247988,0.10926796827609778,0.10058297948747795,0.1432009641770426,0.12972659739009065,0.11629530649390407,0.021079759098187205,0.06865294138492438,0.0938608763520982
8330,2,crash,3,1,1,274.9683185605853,768,683.0,683.0,0.05,0.1,10.089597702026367,48.469566345214844,-118.5287094116211,588.9850463867188,500.0,88.28666365712718,556,-7.669999999999881,-5.648345096542424,-300.0,0.3580316647924288,"{0: 53, 1: 7, 2: 7, 3: 1, 6: 8}","{5: 10, 4: 9, 3: 47, 2: 2, 0: 8}","{1: 37, 0: 39}","{1: 43, 2: 25, 0: 8}","{1: 33, 0: 43}","{1: 63, 0: 8, 2: 5}",0.06173727919972842,0.026590925369568273,0.14361001347283908,0.056183467979752474,0.27317729490215026,0.1674273157240983,0.31492938578986107,0.12212566366368124,0.2857711683014344,0.008215455892750632,0.3202634323716706,0.014562240741420755
8340,2,max_steps,3,4,0,2231.55914391191,3500,678.25,535.0,0.05,0.1,10.102373123168945,48.4945182800293,-118.5287094116211,578.9610595703125,2000.0,266.5191439119379,2639,-34.960000000001614,0.0,0.0,0.6375883268319742,"{2: 122, 3: 10, 1: 11, 6: 73, 5: 28, 4: 106}","{2: 46, 3: 235, 6: 21, 5: 6, 4: 8, 0: 30, 1: 4}","{1: 209, 0: 75, 2: 66}","{1: 258, 2: 33, 0: 59}","{1: 269, 0: 38, 2: 43}","{1: 284, 0: 35, 2: 31}",0.034341161369144974,0.010564278404530707,0.04609659060377641,0.06356433268178976,0.09563689375117217,0.16704937531460665,0.12749556972565837,0.10875334731099702,0.1007004817642136,0.033407658559372354,0.12751009512103226,0.10007432597829907
8350,2,max_steps,3,3,0,1717.9377579715667,3500,927.6666666666666,1011.0,0.05,0.1,10.11827278137207,48.50168228149414,-118.5287094116211,582.8974609375,1500.0,252.90775797156053,3025,-34.97000000000161,0.0,0.0,0.49083935942044765,"{6: 100, 5: 23, 4: 22, 3: 3, 0: 81, 1: 17, 2: 104}","{4: 20, 3: 168, 2: 104, 0: 11, 1: 21, 6: 18, 5: 8}","{1: 196, 2: 61, 0: 93}","{1: 201, 2: 51, 0: 98}","{1: 257, 2: 36, 0: 57}","{1: 301, 2: 26, 0: 23}",0.03556299113251088,0.021937789598205675,0.04974790078230268,0.05148089844015904,0.10779300439658995,0.09214219351340945,0.13261984018887277,0.10301385454330213,0.1889114842246615,0.007784458490605241,0.17456480145701658,0.09792533993191901
8360,2,success,3,5,0,2726.9055386748814,2780,556.0,537.0,0.05,0.1,10.134943962097168,48.55006408691406,-118.5287094116211,578.9220581054688,2500.0,254.65571633526275,2250,-27.75000000000154,-0.00017766038348757118,0.0,0.9809012729046336,"{4: 97, 3: 6, 6: 41, 5: 29, 2: 87, 1: 18}","{0: 10, 1: 6, 2: 14, 3: 186, 4: 34, 6: 13, 5: 15}","{1: 125, 2: 82, 0: 71}","{1: 190, 0: 27, 2: 61}","{1: 181, 2: 56, 0: 41}","{1: 220, 2: 27, 0: 31}",0.05950003413091286,0.021411230034950633,0.06713910511058341,0.08481510854317101,0.15631736915148314,0.14713521316314837,0.18418330122113635,0.11161977374874905,0.11156932954902493,0.0720408756206127,0.17709408983854955,0.12671196346979877
8370,2,crash,3,2,1,804.3572936692813,1218,523.5,523.5,0.05,0.1,10.147445678710938,48.61743927001953,-118.5287094116211,575.9220581054688,1000.0,126.42818194764644,970,-12.159999999999785,-9.910888278368287,-300.0,0.6603918667235479,"{3: 29, 0: 27, 1: 44, 2: 12, 4: 9}","{6: 8, 5: 6, 4: 6, 2: 26, 1: 13, 3: 45, 0: 17}","{1: 77, 0: 44}","{1: 50, 2: 25, 0: 46}","{1: 78, 0: 43}","{1: 99, 0: 9, 2: 13}",0.03280367035339878,0.047701301029042624,0.05516537418714091,0.06622112404657994,0.1833399825390059,0.152586213903312,0.21465353639661,0.11041559808050475,0.18705111161742366,0.20349789790167433,0.2537384733775867,0.06568928141416693
8380,2,max_steps,3,4,0,2369.69680039786,3500,677.75,711.0,0.05,0.1,10.155606269836426,48.62106704711914,-118.5287094116211,577.4094848632812,2000.0,404.6568003978638,2984,-34.960000000001614,0.0,0.0,0.6770562286851028,"{4: 55, 3: 5, 1: 68, 2: 104, 6: 61, 5: 6, 0: 51}","{6: 17, 5: 14, 4: 29, 3: 235, 2: 19, 0: 26, 1: 10}","{1: 156, 2: 61, 0: 133}","{1: 223, 2: 64, 0: 63}","{1: 228, 2: 46, 0: 76}","{1: 297, 2: 12, 0: 41}",0.05877549745073388,0.018146802836800015,0.07192692425559168,0.057258157660679335,0.11831874422284443,0.17598528722566525,0.17592093980390913,0.10236911014386167,0.16731233311621793,0.022859275153245248,0.11272913222089241,0.25906165433011963
8390,2,crash,3,2,1,757.9922467608176,639,266.0,266.0,0.05,0.1,10.17016315460205,48.661556243896484,-118.5287094116211,581.8665771484375,1000.0,70.65805238964417,530,-6.369999999999909,-6.295805628826931,-300.0,1.1862163486084782,"{2: 47, 3: 2, 1: 4, 6: 10}","{4: 11, 3: 41, 2: 6, 1: 5}","{1: 24, 0: 39}","{1: 46, 2: 9, 0: 8}","{1: 23, 0: 40}","{1: 48, 0: 8, 2: 7}",0.10036103858805388,0.02348953922953106,0.16829299984201146,0.08448625899257442,0.2632564667714772,0.0385882925194896,0.30879070826894905,0.1323726048178843,0.2622628047423171,0.019169831025602154,0.3170488414761912,0.09496264773926215
8400,2,crash,3,1,1,260.3473314212551,1288,1156.0,1156.0,0.05,0.1,10.178810119628906,48.670597076416016,-118.5287094116211,581.8665771484375,500.0,83.04067362540957,1155,-12.86999999999977,-9.823342204155363,-300.0,0.20213302128979432,"{6: 65, 5: 13, 4: 36, 3: 1, 2: 6, 1: 7}","{2: 37, 3: 78, 1: 13}","{1: 62, 2: 66}","{1: 89, 0: 38, 2: 1}","{1: 83, 2: 45}","{1: 102, 2: 9, 0: 17}",0.055162373686425056,0.013907169562833412,0.0687667307111012,0.08617331957761445,0.13043064574347085,0.03367547743996362,0.17050172533555316,0.10494189130635041,0.12564852792774217,0.003656626827485865,0.20791037785605296,0.09780121246828172
8410,2,max_steps,3,4,0,2181.003488243856,3500,833.75,538.5,0.05,0.1,10.181690216064453,48.6972541809082,-118.5287094116211,581.8665771484375,2000.0,259.8633899459604,2539,-34.960000000001614,-43.899901702098255,0.0,0.6231438537839588,"{2: 72, 3: 19, 5: 104, 6: 70, 4: 44, 0: 35, 1: 6}","{4: 45, 3: 213, 1: 28, 2: 18, 6: 23, 5: 14, 0: 9}","{1: 168, 0: 99, 2: 83}","{1: 231, 2: 81, 0: 38}","{1: 217, 0: 78, 2: 55}","{1: 287, 0: 35, 2: 28}",0.053350039262741844,0.020007834475135815,0.05890189861183225,0.06330749663476543,0.2017168992661276,0.10528387342504349,0.2304002152383926,0.11975278235512996,0.15020560497879304,0.06365051754509457,0.20989289460506644,0.10019013096514469
8420,2,crash,3,1,1,255.12597809796256,675,537.0,537.0,0.05,0.1,10.195220947265625,48.73707580566406,-118.5287094116211,581.8665771484375,500.0,69.57909687123686,536,-6.739999999999901,-7.713118773275096,-300.0,0.37796441199698155,"{0: 28, 1: 14, 2: 10, 3: 1, 6: 14}","{2: 25, 3: 42}","{1: 20, 0: 47}","{1: 41, 0: 26}","{1: 22, 0: 45}","{1: 55, 0: 1, 2: 11}",0.09728045814655632,0.01905265168260082,0.13210924059553994,0.06731844005899115,0.2194401303084923,0.11792740366706128,0.2640110775102383,0.10983590421074012,0.21888938141554218,0.012176775914848706,0.2803024513669628,0.0645233875089404
8430,2,crash,3,3,1,1295.5658869232848,1404,432.3333333333333,421.0,0.05,0.1,10.20333194732666,48.723487854003906,-118.5287094116211,589.5816040039062,1500.0,117.0871933784653,1036,-14.009999999999746,-7.511306455183211,-300.0,0.9227677257288354,"{4: 40, 3: 3, 1: 33, 0: 25, 2: 28, 6: 11}","{4: 16, 3: 98, 2: 21, 5: 5}","{1: 61, 2: 16, 0: 63}","{1: 107, 2: 29, 0: 4}","{1: 79, 2: 6, 0: 55}","{1: 119, 0: 15, 2: 6}",0.060174116655397486,0.017099202732705744,0.08312678167273632,0.06829240414503096,0.21010327028240702,0.08312501652763521,0.21461822150574866,0.10333336648139615,0.18589332986072296,0.01304088913202412,0.2360475377800525,0.09554455655107831
8440,2,max_steps,3,4,0,2183.3337980896254,3500,798.5,725.5,0.05,0.1,10.212749481201172,48.77817153930664,-118.5287094116211,586.2764892578125,2000.0,247.1443105303813,2946,-34.960000000001614,-28.85051244075277,0.0,0.6238096565970358,"{5: 46, 4: 131, 3: 28, 2: 142, 1: 3}","{2: 73, 3: 134, 1: 49, 6: 50, 5: 37, 4: 7}","{1: 216, 2: 53, 0: 81}","{1: 172, 0: 99, 2: 79}","{1: 271, 2: 21, 0: 58}","{1: 284, 0: 35, 2: 31}",0.03638682356874276,0.030163751727323947,0.05067076510940785,0.05899664853477171,0.151371902060444,0.13950311751689937,0.16961131097193333,0.10485760697684778,0.11325639068900523,0.025879928952783134,0.19384555162190087,0.11329402280389832
8450,2,max_steps,3,2,0,1067.2250970022253,3500,779.5,779.5,0.05,0.1,10.228313446044922,48.77101135253906,-118.5287094116211,589.3301391601562,1000.0,150.2353158811031,2439,-34.98000000000161,-48.03021887888482,0.0,0.3049214562863501,"{0: 18, 1: 27, 2: 215, 3: 5, 4: 85}","{4: 34, 3: 223, 1: 9, 2: 56, 6: 13, 5: 15}","{1: 257, 0: 56, 2: 37}","{1: 230, 2: 65, 0: 55}","{1: 327, 0: 14, 2: 9}","{1: 319, 0: 22, 2: 9}",0.03131057469418701,0.023265378466223577,0.03483276724458026,0.03506486442087962,0.07281190312057027,0.08558976721035344,0.08024797028876278,0.09881541484343805,0.09315148842017536,0.017389846648086738,0.07089852143588782,0.07345163806914565
8460,2,crash,3,3,1,1406.9039741539216,2021,623.6666666666666,650.0,0.05,0.1,10.241477966308594,48.826927185058594,-118.5287094116211,605.134521484375,1500.0,240.40148108831715,1567,-20.180000000000355,-13.317506934399555,-300.0,0.6961424909222769,"{3: 55, 4: 44, 5: 20, 0: 56, 1: 5, 2: 7, 6: 15}","{0: 8, 1: 12, 2: 38, 6: 13, 5: 6, 4: 7, 3: 118}","{1: 103, 2: 39, 0: 60}","{1: 119, 0: 54, 2: 29}","{1: 112, 2: 33, 0: 57}","{1: 165, 2: 22, 0: 15}",0.04322967065928508,0.02485296701429257,0.06293007930431321,0.03562346498975208,0.25603383835351845,0.12525649998705937,0.27482896208089225,0.19818012458979475,0.1514720152712975,0.03505404017228705,0.21644369282764303,0.07960332064620378
8470,2,success,3,5,0,2823.3913382335127,3260,652.0,717.0,0.05,0.1,10.257241249084473,48.880645751953125,-118.5287094116211,605.134521484375,2500.0,356.97321673419054,2707,-32.55000000000209,-1.0318785006678242,0.0,0.8660709626483167,"{4: 99, 3: 22, 1: 31, 0: 43, 2: 130, 6: 1}","{5: 15, 4: 16, 3: 132, 0: 40, 1: 20, 2: 67, 6: 36}","{1: 188, 2: 59, 0: 79}","{1: 142, 2: 74, 0: 110}","{1: 255, 2: 17, 0: 54}","{1: 288, 2: 30, 0: 8}",0.040871143656047146,0.03496359407408485,0.052247617869685015,0.049443216475441365,0.11652511392717609,0.17963085961066305,0.12905419502577933,0.10245045521852056,0.08767403073106095,0.02871566717262323,0.1315608840311935,0.07902601276185438
8480,2,crash,3,3,1,1345.884436102714,1635,495.0,608.0,0.05,0.1,10.27340030670166,48.960025787353516,-118.5287094116211,605.134521484375,1500.0,175.71741800384947,1407,-16.31999999999975,-13.512981901136683,-300.0,0.8231709089313236,"{2: 131, 3: 14, 1: 3, 6: 15}","{0: 29, 1: 11, 2: 42, 3: 40, 6: 16, 5: 5, 4: 20}","{1: 102, 0: 61}","{1: 60, 0: 70, 2: 33}","{1: 120, 0: 43}","{1: 128, 0: 13, 2: 22}",0.03377508318701657,0.04705947088125849,0.04426343486096939,0.06059979973681817,0.14267475798155285,0.17991823949792574,0.18187600687739439,0.15029859292089043,0.15110969503397156,0.20934723799226956,0.22952173065056033,0.08833684263372346
8490,2,success,3,5,0,2796.8025843336204,3270,654.0,558.0,0.05,0.1,10.27680778503418,49.00021743774414,-118.5287094116211,605.134521484375,2500.0,344.6945609397707,2993,-32.65000000000207,-15.241976606151454,0.0,0.8552913101937677,"{1: 38, 2: 14, 4: 129, 5: 29, 6: 40, 3: 77}","{4: 42, 3: 126, 2: 31, 0: 65, 1: 19, 6: 29, 5: 15}","{1: 179, 0: 46, 2: 102}","{1: 131, 2: 92, 0: 104}","{1: 232, 0: 34, 2: 61}","{1: 264, 0: 29, 2: 34}",0.038180864957772176,0.04363872758721736,0.05145246293256141,0.07165064387732559,0.15055708744443463,0.16272300961924996,0.17026854120071205,0.1054204828089083,0.14545010739208025,0.10359683547353629,0.2208287193177386,0.11573219123098501
8500,2,crash,3,1,1,265.0462795089228,1422,1227.0,1227.0,0.05,0.1,10.290831565856934,49.05665588378906,-118.5287094116211,621.3737182617188,500.0,89.11044028651463,966,-14.209999999999742,-9.85416077759284,-300.0,0.18638978868419326,"{0: 38, 1: 31, 2: 53, 4: 1, 5: 8, 6: 11}","{6: 8, 5: 6, 4: 7, 3: 101, 0: 20}","{1: 71, 0: 63, 2: 8}","{1: 98, 2: 26, 0: 18}","{1: 87, 0: 55}","{1: 111, 0: 17, 2: 14}",0.04933933814865403,0.016452540096111065,0.0722103618345464,0.08000406943831473,0.1800013608996084,0.15975920218257988,0.21624376443427654,0.10664887042347317,0.1791659358796885,0.010851568212402461,0.2562045495652151,0.08510801711008183
8510,2,max_steps,3,3,0,1841.63409052262,3500,780.3333333333334,789.0,0.05,0.1,10.30295181274414,49.133811950683594,-118.5287094116211,621.3737182617188,1500.0,376.60409052260724,2430,-34.97000000000161,0.0,0.0,0.5261811687207486,"{2: 51, 4: 18, 5: 22, 6: 155, 1: 19, 0: 84, 3: 1}","{3: 254, 4: 35, 2: 33, 0: 22, 1: 6}","{1: 91, 0: 150, 2: 109}","{1: 286, 2: 15, 0: 49}","{1: 170, 0: 81, 2: 99}","{1: 283, 0: 32, 2: 35}",0.09582472700101063,0.014463076862458922,0.10198477605626682,0.06654979589594467,0.2508173576663237,0.0398156563294635,0.2690899077111001,0.11272250279149328,0.27579992622516597,0.0243636374045528,0.29178514594036564,0.09704109800394038
8520,2,crash,3,1,1,235.91632824307106,742,511.0,511.0,0.05,0.1,10.311756134033203,49.196327209472656,-118.5287094116211,639.3560180664062,500.0,58.00944616891696,591,-7.4099999999998865,-14.683117925846638,-300.0,0.3179465340203114,"{1: 39, 2: 11, 3: 8, 4: 10, 5: 6}","{4: 10, 3: 44, 2: 12, 1: 8}","{1: 27, 0: 47}","{1: 39, 2: 13, 0: 22}","{1: 35, 0: 39}","{1: 50, 0: 7, 2: 17}",0.09744524102003932,0.026017370760451648,0.11165571935460783,0.0825819774377688,0.2143359401740099,0.1339855335721673,0.26997266843791434,0.21044134836887732,0.21881753728647388,0.012816088980761335,0.28072531231170994,0.02967030974039333
8530,2,crash,3,1,1,248.6277778529382,856,632.0,632.0,0.05,0.1,10.316740989685059,49.20048141479492,-118.80773162841797,621.3737182617188,500.0,71.69844259473363,704,-8.549999999999862,-14.520664741796386,-300.0,0.29045301151044184,"{0: 30, 1: 21, 2: 11, 3: 6, 4: 10, 5: 7}","{6: 1, 5: 9, 4: 8, 3: 45, 0: 22}","{1: 37, 0: 48}","{1: 45, 2: 23, 0: 17}","{1: 46, 0: 39}","{1: 63, 0: 5, 2: 17}",0.07918173252379859,0.02693422315910281,0.07780997340221735,0.06698305582293045,0.20682689208948513,0.16542305130346172,0.23768507084119075,0.1410816776382776,0.20752488279412246,0.005173468460349097,0.2666852468772402,0.06846946635656595
8540,2,crash,3,2,1,872.6142465523078,2213,1045.5,1045.5,0.05,0.1,10.325233459472656,49.21139907836914,-125.27201080322266,607.81396484375,1000.0,225.2973714593877,1355,-22.110000000000657,-30.573124907081805,-300.0,0.39431280910632976,"{1: 91, 2: 15, 3: 2, 6: 88, 5: 6, 4: 7, 0: 12}","{1: 8, 2: 19, 3: 146, 6: 5, 5: 24, 4: 19}","{1: 93, 0: 52, 2: 76}","{1: 151, 0: 21, 2: 49}","{1: 108, 0: 38, 2: 75}","{1: 191, 0: 15, 2: 15}",0.08527480947062667,0.023357250604900983,0.10460502880570606,0.048128417552579135,0.2564260183932569,0.11602630275660557,0.25679244081693836,0.1054243467105822,0.2795413675586865,0.01255239298713071,0.28479612808573485,0.08245566226632793
8550,2,max_steps,3,1,0,553.8824729567549,3500,797.0,797.0,0.05,0.1,10.339646339416504,49.236331939697266,-125.27201080322266,603.675537109375,500.0,258.87514185561184,2707,-34.99000000000161,-170.0026688988613,0.0,0.1582521351305014,"{5: 68, 4: 10, 3: 1, 0: 158, 1: 61, 2: 52}","{0: 5, 1: 20, 2: 40, 3: 270, 4: 15}","{1: 150, 2: 72, 0: 128}","{1: 263, 0: 71, 2: 16}","{1: 225, 2: 51, 0: 74}","{1: 266, 2: 32, 0: 52}",0.06278644482485869,0.021087772086134854,0.0714731469876344,0.07842968425764546,0.10873330768497406,0.05403678923049963,0.13632705918649365,0.10585597430724618,0.1914251080525747,0.012969280112659414,0.17009080558393697,0.10451194759613315
8560,2,crash,3,4,1,1956.1517953877533,2927,694.0,577.5,0.05,0.1,10.3560209274292,49.27983856201172,-125.27201080322266,601.7520751953125,2000.0,299.2889272988299,2825,-29.23000000000177,-13.907131911080159,-300.0,0.6683128785062362,"{4: 107, 3: 50, 2: 24, 0: 96, 1: 15}","{2: 32, 3: 151, 6: 17, 5: 21, 4: 17, 0: 32, 1: 22}","{1: 135, 2: 56, 0: 101}","{1: 166, 0: 63, 2: 63}","{1: 195, 2: 35, 0: 62}","{1: 262, 2: 15, 0: 15}",0.06277282046277519,0.023470747918009134,0.07395155031275048,0.042528182539767964,0.13718896409235484,0.14799746769524375,0.1561151325345368,0.10105089999571835,0.16918266647856892,0.16624856585079512,0.23371186822909198,0.09718842006415475
8570,2,crash,3,1,1,192.30774822804648,2667,299.0,299.0,0.05,0.1,10.364283561706543,49.30413055419922,-125.27201080322266,601.50634765625,500.0,39.50494990659793,1194,-26.660000000001368,-20.537201678564806,-300.0,0.07210639228648162,"{2: 28, 3: 1, 5: 2, 6: 235}","{2: 25, 3: 226, 4: 15}","{1: 190, 0: 76}","{1: 194, 0: 54, 2: 18}","{1: 219, 0: 47}","{1: 242, 0: 7, 2: 17}",0.02613673263292325,0.023760797754435025,0.03478404310774488,0.04217930366821383,0.10522931124581378,0.03487610902371796,0.1290832996160663,0.09789575679336332,0.10593766683430551,0.022477009556241802,0.17402297598979308,0.06672857554696943
8580,2,crash,3,1,1,261.8943109980051,1133,586.0,586.0,0.05,0.1,10.383401870727539,49.377342224121094,-121.97900390625,607.7669067382812,500.0,92.14941358783283,772,-11.319999999999803,-18.93510258982935,-300.0,0.23115120123389682,"{0: 41, 1: 8, 2: 9, 6: 55}","{2: 19, 3: 50, 6: 22, 5: 7, 4: 15}","{1: 58, 0: 55}","{1: 51, 0: 21, 2: 41}","{1: 70, 0: 43}","{1: 90, 2: 16, 0: 7}",0.046651100344539294,0.050805486896734565,0.07201445657782247,0.07132465182614425,0.21018648585504005,0.12209933359194108,0.24250491486754217,0.1667909518947341,0.2358898478565273,0.011258052621053052,0.17609372954271596,0.3136644588063305
8590,2,success,3,5,0,2795.396013059727,3143,628.6,561.0,0.05,0.1,10.403441429138184,49.453453063964844,-121.97900390625,609.5410766601562,2500.0,326.77601305972934,2818,-31.380000000002106,0.0,0.0,0.88940375852998,"{5: 59, 4: 59, 3: 64, 0: 16, 1: 21, 2: 18, 6: 77}","{2: 47, 3: 204, 6: 11, 5: 6, 4: 10, 1: 13, 0: 23}","{1: 120, 2: 136, 0: 58}","{1: 205, 0: 76, 2: 33}","{1: 216, 2: 66, 0: 32}","{1: 284, 2: 20, 0: 10}",0.07302014737015272,0.02001027091764601,0.08416289643533222,0.04461862511012888,0.11017320042620034,0.13518153915915346,0.12374555166105615,0.09966659656433857,0.1410737671218599,0.18783418464256918,0.2058389775080823,0.062118221797846554
8600,2,max_steps,3,3,0,1738.5542231678564,3500,645.6666666666666,794.0,0.05,0.1,10.423666000366211,49.505218505859375,-121.97900390625,602.77783203125,1500.0,276.6337686739855,3169,-34.97000000000161,-3.1095455061341464,0.0,0.496729778047959,"{3: 62, 4: 85, 6: 14, 5: 32, 0: 116, 1: 20, 2: 21}","{0: 9, 1: 11, 2: 26, 4: 56, 3: 248}","{1: 175, 2: 67, 0: 108}","{1: 277, 0: 34, 2: 39}","{1: 284, 2: 24, 0: 42}","{1: 294, 2: 20, 0: 36}",0.050159757493473574,0.019831689555334337,0.045990070378347736,0.04728721294190832,0.09118431155027595,0.06520942629419514,0.11674730484923596,0.10977115101110178,0.056015288721126995,0.02322199920846083,0.0758357500900356,0.10791425459933131
8610,2,max_steps,3,2,0,1103.5631652427207,3500,662.5,662.5,0.05,0.1,10.446505546569824,49.57627487182617,-121.97900390625,602.77783203125,1000.0,318.0594410126552,2564,-34.98000000000161,-179.5162757699375,0.0,0.3153037614979202,"{0: 252, 1: 13, 2: 10, 3: 1, 6: 60, 5: 6, 4: 8}","{1: 17, 2: 19, 3: 262, 4: 43, 0: 9}","{1: 158, 0: 130, 2: 62}","{1: 234, 0: 78, 2: 38}","{1: 221, 0: 77, 2: 52}","{1: 219, 0: 70, 2: 61}",0.05594110879281903,0.026494528550941088,0.07645683575890058,0.08757580205191909,0.19849157164200637,0.10653048742063828,0.2304443168720353,0.1343288992034038,0.2558761393615377,0.02495827328893052,0.20683610076729383,0.21358861324661474
8620,2,success,3,5,0,2864.274923907743,3169,633.8,660.0,0.05,0.1,10.47324275970459,49.626312255859375,-121.97900390625,590.1734619140625,2500.0,428.06596527749684,2455,-31.640000000002146,-32.15104136972487,0.0,0.9038418819525853,"{3: 44, 6: 144, 5: 14, 4: 16, 2: 61, 0: 31, 1: 6}","{6: 31, 5: 13, 4: 29, 2: 33, 1: 12, 3: 164, 0: 34}","{1: 146, 2: 82, 0: 88}","{1: 183, 2: 70, 0: 63}","{1: 178, 2: 76, 0: 62}","{1: 230, 2: 43, 0: 43}",0.05714743332631431,0.02135464278509594,0.09077534224266648,0.06649858048787878,0.23055507463184977,0.1515815195323994,0.26887800962899794,0.17523918115412834,0.18209418493364637,0.18949781185478842,0.14851344594066201,0.16245205270757054
8630,2,max_steps,3,3,0,1734.4310813126804,3500,886.0,839.0,0.05,0.1,10.495694160461426,49.63945770263672,-121.97900390625,578.27783203125,1500.0,269.8995271841087,2799,-34.97000000000161,-0.49844587143387,0.0,0.49555173751790865,"{2: 61, 3: 32, 4: 81, 6: 54, 5: 122}","{1: 11, 2: 37, 3: 178, 4: 51, 5: 44, 0: 29}","{1: 190, 0: 60, 2: 100}","{1: 207, 0: 69, 2: 74}","{1: 282, 0: 15, 2: 53}","{1: 264, 0: 61, 2: 25}",0.04473783579324746,0.02648941309084339,0.06113287095637304,0.0743204830315913,0.08902782222343045,0.15861803936506913,0.11748335177957525,0.12472252660750524,0.08593138171934281,0.16493644213032627,0.09127611272641911,0.10365071331737014
8640,2,max_steps,3,4,0,2328.8568383346587,3500,713.75,622.5,0.05,0.1,10.517257690429688,49.65715026855469,-121.97900390625,590.4378662109375,2000.0,363.8168383346718,2814,-34.960000000001614,0.0,0.0,0.6653876680956168,"{1: 53, 2: 44, 3: 28, 6: 63, 5: 21, 4: 46, 0: 95}","{4: 32, 3: 268, 5: 3, 0: 25, 1: 6, 2: 16}","{1: 106, 0: 164, 2: 80}","{1: 268, 2: 49, 0: 33}","{1: 219, 0: 64, 2: 67}","{1: 288, 0: 45, 2: 17}",0.08371568460641757,0.017203596171238147,0.08514593299348938,0.0602223283994061,0.18120366726438952,0.12549734544227237,0.19799237282853654,0.1042580408497271,0.10293482685773717,0.12993613016828193,0.11528256938405469,0.13239698377208434
8650,2,crash,3,3,1,1398.0326087928706,2567,791.6666666666666,746.0,0.05,0.1,10.523002624511719,49.62582778930664,-121.97900390625,620.7186889648438,1500.0,247.03283032076192,2315,-25.64000000000121,-23.36022152789225,-300.0,0.5446172998803548,"{2: 160, 3: 2, 0: 39, 1: 36, 4: 11, 5: 8}","{0: 44, 1: 12, 2: 15, 3: 128, 6: 28, 5: 14, 4: 15}","{1: 163, 0: 90, 2: 3}","{1: 119, 0: 78, 2: 59}","{1: 206, 0: 43, 2: 7}","{1: 209, 0: 25, 2: 22}",0.03372521637620181,0.041876347158346545,0.04448532703983593,0.05487866470729684,0.0952182404771797,0.21073024305052776,0.11795881548654658,0.10807568100348791,0.0849387424205822,0.014490475193635246,0.13796304955100927,0.0958890793746845
8660,2,crash,3,1,1,94.50938231320845,1592,252.0,252.0,0.05,0.1,10.534852027893066,49.62861251831055,-121.97900390625,602.5010986328125,500.0,77.19361918475596,951,-15.909999999999705,-166.77423687154734,-300.0,0.059365189895231436,"{2: 32, 3: 16, 1: 2, 4: 109}","{3: 128, 5: 16, 4: 11, 2: 4}","{1: 110, 0: 49}","{1: 121, 2: 32, 0: 6}","{1: 128, 0: 31}","{1: 136, 0: 9, 2: 14}",0.014312791443895887,0.017651158096192412,0.01870332341520938,0.023419813733463902,0.17691560604449713,0.09323188432331952,0.19914025670321275,0.13991126722648894,0.16814043184827124,0.1630662527589519,0.25132167555926516,0.09517749262798234
8670,2,crash,3,4,1,1894.492353724085,3020,690.75,733.0,0.05,0.1,10.558218002319336,49.69273376464844,-121.97900390625,595.6553955078125,2000.0,252.48620877328193,2550,-30.160000000001915,-27.833855049190035,-300.0,0.62731534891526,"{6: 39, 5: 41, 4: 37, 3: 6, 2: 101, 1: 18, 0: 60}","{5: 22, 4: 28, 3: 171, 2: 25, 0: 30, 1: 26}","{1: 158, 2: 37, 0: 107}","{1: 178, 2: 62, 0: 62}","{1: 227, 2: 18, 0: 57}","{1: 249, 2: 28, 0: 25}",0.047111352980652416,0.026884169155287286,0.04831972044986786,0.07184914529514261,0.11168855992979573,0.12938465139570351,0.13892616141710312,0.10932243258566411,0.08505614251233293,0.08381901374473869,0.1092384277276931,0.1265040250443256
8680,2,max_steps,3,2,0,1178.4055784845157,3500,696.5,696.5,0.05,0.1,10.57441234588623,49.73600387573242,-121.97900390625,584.2802734375,1000.0,213.38557848450932,2529,-34.98000000000161,0.0,0.0,0.33668730813843306,"{6: 43, 5: 20, 4: 203, 2: 37, 1: 35, 3: 12}","{5: 13, 4: 24, 3: 222, 2: 33, 0: 15, 1: 5, 6: 38}","{1: 250, 2: 43, 0: 57}","{1: 204, 2: 97, 0: 49}","{1: 298, 2: 29, 0: 23}","{1: 334, 2: 3, 0: 13}",0.03129654887201331,0.025090500833351674,0.039635307040711575,0.034583866363895335,0.11681897273559744,0.14265215533844394,0.12141237686149357,0.09390023291157142,0.11638793029952647,0.010915145497786412,0.09829968193516692,0.09142630940912076
8690,2,max_steps,3,3,0,1750.1774616884209,3500,1008.6666666666666,1109.0,0.05,0.1,10.59611701965332,49.77062225341797,-121.97900390625,589.1636962890625,1500.0,285.1509054637305,2939,-34.97000000000161,-0.0034437753148608696,0.0,0.5000507033395488,"{4: 111, 5: 56, 3: 6, 2: 80, 1: 30, 6: 67}","{6: 15, 5: 29, 4: 40, 3: 226, 2: 14, 0: 22, 1: 4}","{1: 180, 0: 63, 2: 107}","{1: 206, 2: 101, 0: 43}","{1: 259, 2: 58, 0: 33}","{1: 297, 0: 24, 2: 29}",0.04816939233510523,0.026635915585660752,0.05761260598749846,0.06658687908797253,0.10235452500214914,0.15746872725923483,0.13132715239159273,0.1036857004842422,0.13293931906346257,0.0247960990884352,0.2048184209046732,0.09096580172897607
8700,2,crash,3,4,1,1925.6056595534205,3384,813.75,765.5,0.05,0.1,10.613277435302734,49.79277801513672,-121.97900390625,586.6985473632812,2000.0,268.9044921946889,2818,-33.800000000001845,-9.498832641267999,-300.0,0.5690324053053843,"{6: 25, 5: 94, 4: 89, 3: 16, 1: 31, 2: 35, 0: 48}","{4: 26, 3: 220, 2: 35, 0: 38, 1: 6, 6: 13}","{1: 166, 2: 68, 0: 104}","{1: 220, 2: 57, 0: 61}","{1: 229, 2: 30, 0: 79}","{1: 274, 2: 42, 0: 22}",0.052500683131021006,0.019499402129707143,0.06433679276395687,0.0855862767583559,0.14789726388482896,0.12928701318712774,0.16714512474650353,0.1080494737578557,0.1411251159057405,0.012682198528075499,0.2018068556025785,0.10034991290646364
8710,2,success,3,5,0,2863.9065333124354,3348,669.6,602.0,0.05,0.1,10.627098083496094,49.86383056640625,-121.97900390625,583.5848388671875,2500.0,399.40692043793314,2642,-33.43000000000192,-2.0703871254938897,0.0,0.8554081640718146,"{4: 40, 3: 15, 2: 87, 1: 7, 6: 71, 5: 6, 0: 108}","{3: 191, 5: 18, 4: 30, 1: 37, 2: 26, 0: 32}","{1: 141, 2: 82, 0: 111}","{1: 210, 2: 51, 0: 73}","{1: 189, 2: 60, 0: 85}","{1: 254, 2: 36, 0: 44}",0.06589286653872328,0.023310225251739605,0.07831498437994766,0.07442565667507972,0.23897136092655802,0.13018911325690566,0.2572260448045512,0.11047533425658113,0.09258925655574615,0.10834703823374514,0.15913238810802238,0.16398868299535788
8720,2,crash,3,3,1,1313.5261564557723,2084,656.6666666666666,508.0,0.05,0.1,10.637425422668457,49.913360595703125,-121.97900390625,584.6848754882812,1500.0,145.79211950210097,1391,-20.810000000000453,-11.455963046334219,-300.0,0.6302908620229234,"{2: 67, 3: 8, 4: 52, 5: 33, 6: 17, 1: 31}","{1: 9, 2: 19, 3: 148, 5: 9, 4: 23}","{1: 84, 0: 87, 2: 37}","{1: 151, 0: 30, 2: 27}","{1: 123, 0: 65, 2: 20}","{1: 168, 0: 22, 2: 18}",0.06624643378452957,0.018936686076731074,0.08733766254436151,0.07750302765977234,0.18002975063952587,0.1246034050912177,0.19541664639111567,0.11209154731939705,0.15789809676994832,0.04803220230530292,0.2359817081420605,0.08045473060563216
8730,2,crash,3,4,1,1968.0707817264852,3270,770.0,577.0,0.05,0.1,10.65600299835205,49.952369689941406,-121.97900390625,591.3892211914062,2000.0,318.4664349496809,2623,-32.66000000000207,-17.735653223196934,-300.0,0.6018565081732371,"{6: 22, 5: 38, 4: 142, 3: 23, 0: 70, 1: 10, 2: 22}","{5: 19, 4: 30, 3: 171, 2: 86, 1: 12, 0: 9}","{1: 184, 2: 60, 0: 83}","{1: 218, 2: 63, 0: 46}","{1: 244, 2: 16, 0: 67}","{1: 273, 2: 35, 0: 19}",0.04292374021742056,0.0205777790706556,0.059953460345857974,0.0613823325017046,0.17587402026841875,0.1375419869235079,0.17660371097710761,0.10579477126629484,0.13486239222076035,0.09724449239949577,0.1413181804100364,0.09697108597687158
8740,2,max_steps,3,3,0,1749.8057531994993,3500,1043.6666666666667,1065.0,0.05,0.1,10.677452087402344,49.97871780395508,-121.97900390625,606.6795654296875,1500.0,284.7757531994986,3165,-34.97000000000161,0.0,0.0,0.49994450091414266,"{6: 69, 5: 69, 4: 67, 3: 3, 0: 95, 1: 21, 2: 26}","{4: 14, 3: 255, 2: 20, 0: 22, 1: 5, 6: 28, 5: 6}","{1: 152, 2: 110, 0: 88}","{1: 244, 2: 61, 0: 45}","{1: 244, 2: 49, 0: 57}","{1: 262, 2: 47, 0: 41}",0.058179576002986,0.021101420376077984,0.060011472888937295,0.08076179807230949,0.1295231898691672,0.147848177400421,0.16739992981328336,0.14274886206307988,0.14085203427652926,0.03315001972684059,0.20530354800119438,0.11351274193355979
8750,2,max_steps,3,3,0,1767.7233717716604,3500,999.6666666666666,1021.0,0.05,0.1,10.68751335144043,50.005550384521484,-121.97900390625,613.7128295898438,1500.0,303.6751933485298,2872,-34.97000000000161,-0.9818215768727226,0.0,0.5050638205061887,"{3: 66, 0: 133, 1: 8, 2: 12, 6: 78, 5: 28, 4: 25}","{0: 44, 1: 35, 2: 41, 5: 15, 4: 53, 3: 157, 6: 5}","{1: 201, 2: 108, 0: 41}","{1: 192, 0: 97, 2: 61}","{1: 279, 0: 30, 2: 41}","{1: 310, 0: 17, 2: 23}",0.03403387477806148,0.027816443072670897,0.045084620467567504,0.04585333189608831,0.11399547283995441,0.1486924503348968,0.14250865738289686,0.10169299480398296,0.11997384366040251,0.039493208230078375,0.14499755290676147,0.08093800764440803
8760,2,max_steps,3,2,0,1273.355366758663,3500,1130.0,1130.0,0.05,0.1,10.700758934020996,50.0272102355957,-121.97900390625,615.7936401367188,1000.0,308.33536675866054,2738,-34.98000000000161,0.0,0.0,0.3638158190739037,"{6: 50, 5: 62, 4: 102, 3: 3, 0: 119, 1: 5, 2: 9}","{2: 74, 3: 218, 0: 11, 1: 7, 6: 22, 5: 5, 4: 13}","{1: 226, 2: 68, 0: 56}","{1: 262, 0: 41, 2: 47}","{1: 268, 2: 37, 0: 45}","{1: 293, 2: 36, 0: 21}",0.031015850606107526,0.019469819119514776,0.04144295233456661,0.05300644405510632,0.16061396679950457,0.10482041209724188,0.20165674956944155,0.12229091451043214,0.18489565119546414,0.030905863533584956,0.09578533450426116,0.18313405093179386
8770,2,max_steps,3,1,0,562.7834448911857,3500,1980.0,1980.0,0.05,0.1,10.717977523803711,50.02729415893555,-121.97900390625,601.9118041992188,500.0,181.77017684157204,2360,-34.99000000000161,-83.99673195038685,0.0,0.1607952699689102,"{5: 60, 4: 133, 3: 10, 2: 86, 1: 28, 0: 33}","{4: 40, 3: 202, 2: 78, 0: 25, 1: 5}","{1: 207, 2: 88, 0: 55}","{1: 256, 2: 42, 0: 52}","{1: 287, 2: 41, 0: 22}","{1: 315, 2: 10, 0: 25}",0.037310849298468514,0.0234186901345832,0.045541864397587284,0.0478684954726714,0.08875926917722916,0.05820953719565558,0.11615752120583364,0.09967780214109961,0.051480646685005745,0.031798413120764334,0.07992998976859045,0.08689821756543496
8780,2,crash,3,3,1,1358.3802349404054,2680,819.0,863.0,0.05,0.1,10.729842185974121,50.03910827636719,-121.97900390625,601.9118041992188,1500.0,205.5603376764607,1965,-26.770000000001385,-20.41010273605974,-300.0,0.5068582966195543,"{6: 47, 5: 64, 4: 70, 3: 12, 2: 52, 0: 23}","{6: 8, 5: 21, 4: 17, 3: 175, 2: 20, 0: 22, 1: 5}","{1: 118, 2: 105, 0: 45}","{1: 160, 2: 54, 0: 54}","{1: 185, 2: 66, 0: 17}","{1: 206, 2: 14, 0: 48}",0.062074155410157386,0.024031774544177854,0.058749168146107006,0.07799424356214557,0.12268943690168561,0.1855896505464215,0.16718526988018648,0.13768809409061813,0.1452487921914219,0.0229432036480941,0.21497468660227553,0.15385756137241288
8790,2,max_steps,3,3,0,1743.6949834424117,3500,739.3333333333334,703.0,0.05,0.1,10.741347312927246,50.037044525146484,-121.97900390625,601.9118041992188,1500.0,278.6649834424061,2798,-34.97000000000161,0.0,0.0,0.4981985666978319,"{4: 67, 5: 57, 3: 4, 2: 57, 1: 25, 6: 29, 0: 111}","{1: 10, 2: 83, 3: 223, 6: 22, 5: 5, 4: 7}","{1: 148, 2: 102, 0: 100}","{1: 244, 0: 72, 2: 34}","{1: 247, 2: 50, 0: 53}","{1: 287, 2: 25, 0: 38}",0.06256591619030533,0.02363898370871824,0.06603871268904918,0.07152064946355216,0.09784721617372777,0.12351058303409501,0.126129670711641,0.1074861337043928,0.10479478408562568,0.03200451015089085,0.13318931572328285,0.08128050398787863
8800,2,max_steps,3,3,0,1765.8978367294844,3500,980.6666666666666,857.0,0.05,0.1,10.75568962097168,50.03453063964844,-121.97900390625,592.9061279296875,1500.0,300.8678367294796,2857,-34.97000000000161,0.0,0.0,0.5045422390655669,"{2: 91, 3: 5, 6: 117, 5: 16, 4: 19, 1: 65, 0: 37}","{0: 3, 1: 8, 2: 69, 3: 224, 6: 34, 5: 5, 4: 7}","{1: 135, 0: 119, 2: 96}","{1: 271, 0: 42, 2: 37}","{1: 246, 0: 60, 2: 44}","{1: 303, 0: 34, 2: 13}",0.07007547531426525,0.013444862288200745,0.07559492557572485,0.050182952345910636,0.10640064227510046,0.13207404134692313,0.12883345336192017,0.10343171754566488,0.11571877456311283,0.017945962240181572,0.14701315952126912,0.04626444561850392
8810,2,max_steps,3,4,0,2281.5500088073854,3500,711.25,700.5,0.05,0.1,10.777454376220703,50.069766998291016,-121.97900390625,576.618408203125,2000.0,316.51000880739616,2755,-34.960000000001614,0.0,0.0,0.6518714310878244,"{4: 105, 3: 52, 1: 18, 0: 31, 2: 42, 6: 86, 5: 16}","{2: 22, 3: 219, 6: 22, 5: 16, 4: 34, 0: 32, 1: 5}","{1: 178, 2: 106, 0: 66}","{1: 226, 0: 48, 2: 76}","{1: 262, 2: 52, 0: 36}","{1: 287, 2: 35, 0: 28}",0.048825538335030325,0.023330223450581174,0.05903955360349241,0.07024890983410692,0.11132747757709295,0.15515043610975476,0.1352765230475357,0.11240467853793695,0.10352257246467886,0.10815645096226507,0.1349472989501467,0.09764102672939115
8820,2,max_steps,3,4,0,2266.2224691699553,3500,733.5,642.5,0.05,0.1,10.79148006439209,50.076560974121094,-121.97900390625,582.0377197265625,2000.0,301.18246916996594,3068,-34.960000000001614,0.0,0.0,0.6474921340485587,"{6: 56, 5: 35, 4: 90, 3: 41, 0: 65, 1: 23, 2: 40}","{2: 40, 3: 252, 4: 28, 5: 9, 1: 21}","{1: 174, 2: 99, 0: 77}","{1: 244, 0: 66, 2: 40}","{1: 263, 2: 44, 0: 43}","{1: 260, 2: 38, 0: 52}",0.0506406329923639,0.017882984125403196,0.05728502079948773,0.08569060436876455,0.10076913301342567,0.07836023577819994,0.1363258923262906,0.12189338585880517,0.08940958294747656,0.049524940036305,0.11630929207883971,0.10314271820597351
8830,2,max_steps,3,1,0,585.9341480642992,3500,646.0,646.0,0.05,0.1,10.801323890686035,50.032958984375,-121.97900390625,574.7644653320312,500.0,120.92414806428769,2018,-34.99000000000161,0.0,0.0,0.16740975658979976,"{3: 29, 4: 253, 6: 54, 5: 14}","{4: 50, 3: 240, 2: 43, 0: 11, 1: 6}","{1: 304, 2: 34, 0: 12}","{1: 174, 2: 91, 0: 85}","{1: 330, 2: 20}","{1: 341, 2: 3, 0: 6}",0.019432937641317004,0.030050989976554743,0.029593454735007036,0.03508760632180753,0.05735588617102502,0.06315902611478774,0.07759630796324923,0.08258078788506461,0.0329401641344998,0.050798094055932656,0.0465626259055935,0.058176911460203505
8840,2,max_steps,3,2,0,1148.43161542782,3500,973.5,973.5,0.05,0.1,10.809133529663086,50.004512786865234,-121.97900390625,559.4041748046875,1000.0,183.4116154278128,2457,-34.98000000000161,0.0,0.0,0.32812331869366285,"{2: 52, 3: 9, 5: 143, 6: 13, 4: 133}","{5: 15, 4: 65, 3: 228, 2: 21, 0: 16, 1: 5}","{1: 247, 0: 44, 2: 59}","{1: 193, 2: 74, 0: 83}","{1: 310, 0: 14, 2: 26}","{1: 291, 0: 45, 2: 14}",0.03011720991553274,0.028331670565252036,0.04396098304174463,0.050085037583827485,0.07623199547224359,0.12973148233804907,0.1028753599335637,0.1265478778847449,0.07855529947078206,0.0492469695321061,0.03137184598923374,0.09545001064509101
8850,2,max_steps,3,2,0,1159.9240368435626,3500,1095.0,1095.0,0.05,0.1,10.830362319946289,50.0697135925293,-121.97900390625,574.246826171875,1000.0,228.61853840443828,2802,-34.98000000000161,-33.714501560881864,0.0,0.3314068676695893,"{4: 17, 3: 22, 0: 134, 1: 10, 2: 35, 6: 132}","{5: 19, 4: 42, 0: 3, 1: 17, 2: 29, 3: 240}","{1: 193, 2: 72, 0: 85}","{1: 241, 2: 68, 0: 41}","{1: 281, 0: 35, 2: 34}","{1: 291, 0: 36, 2: 23}",0.04381763910673501,0.01973099376744789,0.04653718831430646,0.062368316541715506,0.09750225432506796,0.08745224463530937,0.12248401638639822,0.10448928858670056,0.05758072111164919,0.03353502440583964,0.12249416683722987,0.10048619517939728
8860,2,max_steps,3,4,0,2228.7615206407772,3500,834.0,856.5,0.05,0.1,10.842437744140625,50.07039260864258,-121.97900390625,575.7504272460938,2000.0,273.0599856289481,2987,-34.960000000001614,-9.338464988177726,0.0,0.636789005897365,"{5: 80, 4: 84, 1: 48, 0: 76, 2: 58, 3: 4}","{2: 67, 3: 224, 6: 16, 5: 5, 4: 12, 0: 19, 1: 7}","{1: 171, 2: 85, 0: 94}","{1: 226, 0: 92, 2: 32}","{1: 255, 2: 47, 0: 48}","{1: 302, 2: 23, 0: 25}",0.05307802809341282,0.023092947249223433,0.05643445817992104,0.061063366133798785,0.10170724966495616,0.13930953706181554,0.12726365414378205,0.10465777422699332,0.11193685906063744,0.030788370342470162,0.1322331563992245,0.11134440216255578
8870,2,crash,3,1,1,262.58938854017094,1242,922.0,922.0,0.05,0.1,10.8649320602417,50.13322448730469,-121.97900390625,573.5166015625,500.0,97.43516983052919,1127,-12.40999999999978,-22.435781290358506,-300.0,0.21142462845424392,"{0: 64, 1: 11, 2: 22, 3: 17, 4: 10}","{1: 3, 2: 46, 3: 43, 6: 11, 5: 17, 4: 4}","{1: 61, 0: 63}","{1: 66, 0: 28, 2: 30}","{1: 78, 0: 46}","{1: 98, 0: 11, 2: 15}",0.05506778047412421,0.02938562095712964,0.03138641970244564,0.022399235299000505,0.1377743391505665,0.07901777142776621,0.16035575125728066,0.12248595698303685,0.11892202726711362,0.005734748808614949,0.12686131165108697,0.03048168487599389
8880,2,crash,3,4,1,1936.7355107202914,2405,546.25,567.5,0.05,0.1,10.883221626281738,50.207176208496094,-121.97900390625,562.9808349609375,2000.0,276.05533359728446,1867,-24.010000000000954,-15.30982287698755,-300.0,0.8052954306529277,"{5: 53, 4: 12, 3: 32, 0: 27, 1: 34, 2: 60, 6: 22}","{6: 6, 5: 24, 4: 35, 3: 116, 2: 31, 0: 23, 1: 5}","{1: 106, 2: 34, 0: 100}","{1: 118, 2: 70, 0: 52}","{1: 161, 2: 23, 0: 56}","{1: 191, 2: 20, 0: 29}",0.06241857912608332,0.030672059382566647,0.0617324727197361,0.06294561966489595,0.15960119862140787,0.17326473571557882,0.19236823041709794,0.14154924949472128,0.15484096877390288,0.15569986548192652,0.1672302990541059,0.1524368392749834
8890,2,max_steps,3,4,0,2233.0508957871475,3500,765.25,715.5,0.05,0.1,10.898804664611816,50.254798889160156,-121.97900390625,576.0390014648438,2000.0,268.0108957871399,2695,-34.960000000001614,0.0,0.0,0.6380145416534707,"{2: 84, 3: 8, 5: 39, 6: 57, 4: 96, 1: 22, 0: 44}","{5: 8, 4: 46, 3: 201, 2: 57, 0: 32, 1: 6}","{1: 155, 0: 84, 2: 111}","{1: 245, 2: 39, 0: 66}","{1: 252, 0: 45, 2: 53}","{1: 275, 0: 40, 2: 35}",0.06049554293350996,0.01917935725106112,0.06708404585414353,0.06866508710805898,0.10148766458803216,0.08172543043717638,0.1409105653892991,0.11756768556680249,0.11762426465043814,0.02259929263266853,0.19426215436903063,0.10355920948794682
8900,2,max_steps,3,3,0,1736.558929550321,3500,833.3333333333334,907.0,0.05,0.1,10.921651840209961,50.327354431152344,-121.97900390625,577.0745239257812,1500.0,271.5289295503152,2771,-34.97000000000161,0.0,0.0,0.49615969415723454,"{5: 33, 4: 32, 3: 2, 2: 37, 1: 40, 0: 105, 6: 101}","{2: 61, 3: 209, 1: 3, 5: 9, 4: 68}","{1: 145, 2: 105, 0: 100}","{1: 243, 0: 50, 2: 57}","{1: 257, 2: 39, 0: 54}","{1: 297, 2: 35, 0: 18}",0.05708218742756306,0.025402053412895635,0.06427428613456265,0.05633035528104208,0.11934411816507655,0.04640738332586657,0.14271589395489132,0.10834672905263174,0.12162275238554973,0.026287849242436507,0.10970125915725877,0.07544169785926132
8910,2,max_steps,3,4,0,2306.906118017115,3500,733.75,761.5,0.05,0.1,10.942219734191895,50.40732192993164,-121.97900390625,594.302734375,2000.0,377.3319195939347,2789,-34.960000000001614,-35.465801576820446,0.0,0.6591160337191758,"{6: 30, 5: 47, 4: 93, 2: 56, 1: 48, 3: 2, 0: 74}","{4: 25, 3: 206, 2: 66, 6: 10, 5: 6, 0: 30, 1: 7}","{1: 152, 2: 92, 0: 106}","{1: 217, 2: 50, 0: 83}","{1: 236, 2: 48, 0: 66}","{1: 286, 2: 37, 0: 27}",0.05988924440670541,0.02572688448959931,0.06379984172869255,0.07531880990515065,0.17848986903230402,0.12923234548438886,0.21605094518831294,0.10363283300674955,0.1890548902675063,0.009296038458386863,0.1465042542528592,0.12253909860467332
8920,2,max_steps,3,4,0,2438.3802276599663,3500,833.0,802.5,0.05,0.1,10.950831413269043,50.36921310424805,-121.97900390625,591.3728637695312,2000.0,473.3553439928388,2724,-34.960000000001614,-0.015116332868575694,0.0,0.6966800650457047,"{1: 34, 2: 47, 3: 4, 6: 140, 5: 14, 4: 20, 0: 91}","{1: 15, 2: 48, 3: 218, 5: 11, 4: 41, 6: 17}","{1: 133, 0: 89, 2: 128}","{1: 236, 0: 55, 2: 59}","{1: 191, 0: 57, 2: 102}","{1: 269, 2: 43, 0: 38}",0.08409851100475263,0.020395973707740163,0.07831587858513087,0.06632536935445821,0.2300278463037513,0.09233745898653932,0.24656423331413582,0.1221212829336335,0.19157618449569397,0.02025637998396894,0.1262087063170729,0.13969992727868516
8930,2,max_steps,3,2,0,1161.3021827530872,3500,1369.5,1369.5,0.05,0.1,10.970787048339844,50.409210205078125,-121.97900390625,583.5003051757812,1000.0,196.28218275308515,2560,-34.98000000000161,0.0,0.0,0.3318006236437392,"{1: 59, 2: 187, 3: 3, 5: 19, 6: 59, 4: 23}","{3: 234, 2: 64, 0: 13, 1: 6, 6: 15, 5: 9, 4: 9}","{1: 173, 0: 91, 2: 86}","{1: 275, 0: 39, 2: 36}","{1: 260, 0: 48, 2: 42}","{1: 263, 0: 57, 2: 30}",0.050701808603165956,0.015014597579892482,0.057650416229601285,0.08558156776983772,0.1031723316753384,0.10829420759826504,0.12869822436245434,0.11227568796854379,0.10310659831347768,0.02645901247714821,0.16484694077890516,0.10069322502312002
8940,2,max_steps,3,3,0,1676.3247909328136,3500,948.0,570.0,0.05,0.1,10.992223739624023,50.431270599365234,-121.97900390625,611.1237182617188,1500.0,211.29479093281194,3200,-34.97000000000161,0.0,0.0,0.47894994026651816,"{1: 7, 2: 83, 3: 11, 6: 125, 5: 60, 4: 64}","{3: 194, 0: 32, 1: 10, 2: 60, 5: 19, 4: 35}","{1: 217, 0: 43, 2: 90}","{1: 230, 0: 63, 2: 57}","{1: 290, 0: 24, 2: 36}","{1: 283, 0: 29, 2: 38}",0.03459911905757726,0.025412940839042334,0.031218045011202157,0.03726196186660862,0.09093486722546097,0.08850042905779912,0.11969507687726108,0.1289548302150425,0.0931531799507282,0.02804679306354398,0.08700487465719009,0.10050128737748924
8950,2,max_steps,3,2,0,1131.8693628501426,3500,1358.0,1358.0,0.05,0.1,11.006619453430176,50.45914840698242,-121.97900390625,577.4375,1000.0,166.84936285013666,2803,-34.98000000000161,0.0,0.0,0.3233912465286122,"{2: 37, 3: 5, 6: 106, 5: 27, 4: 96, 0: 79}","{2: 106, 3: 218, 6: 12, 5: 6, 4: 8}","{1: 225, 0: 29, 2: 96}","{1: 278, 0: 34, 2: 38}","{1: 301, 0: 18, 2: 31}","{1: 300, 0: 22, 2: 28}",0.036117882103784645,0.014100637978488047,0.034119863487984146,0.05795890974802981,0.08741762997391815,0.045135952128165874,0.11286810857093135,0.10613025238717537,0.03818326987680958,0.023605510693702432,0.09691269951250012,0.09251001101261294
8960,2,crash,3,1,1,207.25855918025007,593,290.0,290.0,0.05,0.1,11.01837158203125,50.479576110839844,-121.97900390625,570.9928588867188,500.0,29.699107726935782,289,-5.919999999999918,-16.52054854668779,-300.0,0.3495085315012649,"{2: 28, 4: 4, 5: 6, 6: 21}","{4: 12, 3: 47}","{1: 13, 0: 46}","{1: 39, 2: 19, 0: 1}","{1: 23, 0: 36}","{1: 35, 0: 7, 2: 17}",0.1295930184818806,0.029137057676061773,0.138727880574198,0.09540970253063467,0.23911571462659495,0.07674731303431533,0.2559970688841879,0.1555466696681019,0.16997637995305565,0.004767673486036295,0.25564879255131,0.08740152472264746
8970,2,max_steps,3,4,0,2233.048471743383,3500,779.25,729.5,0.05,0.1,11.036123275756836,50.522220611572266,-121.97900390625,569.924560546875,2000.0,268.0084717433945,2830,-34.960000000001614,0.0,0.0,0.638013849069538,"{5: 58, 4: 23, 3: 5, 2: 110, 1: 19, 0: 109, 6: 26}","{3: 197, 0: 18, 1: 18, 2: 45, 6: 28, 5: 11, 4: 33}","{1: 170, 2: 85, 0: 95}","{1: 220, 0: 70, 2: 60}","{1: 237, 2: 59, 0: 54}","{1: 294, 2: 26, 0: 30}",0.05388389093603854,0.01937573044202212,0.06311947198853335,0.07278446862235519,0.15768686267486284,0.1401103253472827,0.1832815063917367,0.10393503573310232,0.1760030611646287,0.013174331228739192,0.1500218893926042,0.1053347886798281
8980,2,crash,3,2,1,881.7888160630175,1773,812.0,812.0,0.05,0.1,11.049429893493652,50.55281448364258,-121.97900390625,566.0211181640625,1000.0,258.31220249223196,1287,-17.70999999999997,-58.813386429216386,-300.0,0.4973428178584419,"{0: 48, 1: 9, 2: 14, 3: 1, 6: 92, 5: 5, 4: 8}","{4: 7, 3: 130, 2: 32, 1: 8}","{1: 43, 0: 54, 2: 80}","{1: 112, 2: 19, 0: 46}","{1: 64, 0: 43, 2: 70}","{1: 141, 0: 15, 2: 21}",0.1174370770400378,0.01740733734122187,0.12942488916982958,0.07531637817877758,0.2644770905572694,0.08355541578568479,0.2786294675859741,0.11548525467826212,0.24985629723815006,0.029315643801426608,0.17474675877426588,0.20481548808710964
8990,2,max_steps,3,4,0,2268.568971936701,3500,749.25,734.5,0.05,0.1,11.065428733825684,50.59020233154297,-121.97900390625,561.7392578125,2000.0,306.23074746472736,2593,-34.960000000001614,-2.7017755280140183,0.0,0.6481625634104861,"{4: 79, 3: 6, 0: 58, 1: 73, 2: 87, 6: 38, 5: 9}","{1: 7, 2: 69, 3: 202, 4: 49, 6: 17, 5: 6}","{1: 173, 2: 89, 0: 88}","{1: 222, 0: 64, 2: 64}","{1: 232, 2: 57, 0: 61}","{1: 278, 0: 43, 2: 29}",0.05017650863685143,0.022994487521909007,0.05755466229582647,0.06743684307440137,0.1567179216924377,0.12442319809610744,0.18624844723331382,0.1657464410748454,0.13855717960673486,0.028206740848549294,0.18114017224655612,0.09966510759849771
9000,2,max_steps,3,2,0,1206.0303908572655,3500,688.5,688.5,0.05,0.1,11.085380554199219,50.63569641113281,-121.97900390625,578.0504760742188,1000.0,266.321688102262,2129,-34.98000000000161,-25.31129724500851,0.0,0.34458011167350444,"{0: 27, 1: 15, 2: 16, 3: 14, 6: 65, 5: 21, 4: 192}","{3: 285, 2: 65}","{1: 177, 0: 87, 2: 86}","{1: 309, 0: 37, 2: 4}","{1: 221, 0: 62, 2: 67}","{1: 300, 0: 25, 2: 25}",0.04673922725520277,0.006309716953991989,0.04677208792457961,0.028241819958727158,0.1449400098455293,0.031027164910792795,0.1767414356328048,0.11898486740339959,0.022103856157337398,0.026743240655774034,0.01885589067469651,0.028693011205429962
9010,2,max_steps,3,2,0,1125.9452327318343,3500,1381.0,1381.0,0.05,0.1,11.103575706481934,50.70017623901367,-121.97900390625,601.9931030273438,1000.0,160.92523273182465,2133,-34.98000000000161,0.0,0.0,0.3216986379233812,"{6: 136, 5: 8, 4: 107, 3: 25, 0: 74}","{2: 53, 3: 227, 5: 11, 4: 15, 0: 33, 1: 11}","{1: 250, 0: 34, 2: 66}","{1: 240, 0: 81, 2: 29}","{1: 299, 2: 41, 0: 10}","{1: 307, 2: 28, 0: 15}",0.024428121067498407,0.014582682658765948,0.0409067398835779,0.042488625889334025,0.08499028656420946,0.09320422588841556,0.13030578729845116,0.10554935967913409,0.15577396089022777,0.14419559127128792,0.11028946433859435,0.2786015881394974
9020,2,crash,3,2,1,802.2125854041435,3192,1529.5,1529.5,0.05,0.1,11.10618782043457,50.680763244628906,-121.97900390625,596.13037109375,1000.0,142.33701380589824,2239,-31.900000000002187,-8.224428401755862,-300.0,0.2513197322694685,"{4: 198, 3: 5, 0: 59, 1: 14, 2: 29, 6: 14}","{4: 20, 3: 231, 2: 54, 6: 5, 5: 9}","{1: 224, 2: 15, 0: 80}","{1: 255, 2: 44, 0: 20}","{1: 260, 0: 59}","{1: 299, 0: 10, 2: 10}",0.024456550769057492,0.014055155057345853,0.03129405025886111,0.03228140470138153,0.102882823334446,0.03505214293663625,0.11882784587995615,0.09420178220291942,0.03918091438800448,0.022155414655306436,0.06777736507428035,0.08967953761530856
9030,2,max_steps,3,3,0,1773.7516857117998,3500,930.6666666666666,1056.0,0.05,0.1,11.129749298095703,50.701011657714844,-121.97900390625,585.2579956054688,1500.0,308.72168571179594,2690,-34.97000000000161,0.0,0.0,0.5067861959176571,"{4: 125, 3: 16, 5: 21, 0: 71, 1: 32, 2: 17, 6: 68}","{4: 34, 3: 190, 2: 103, 0: 14, 1: 9}","{1: 148, 2: 94, 0: 108}","{1: 263, 2: 23, 0: 64}","{1: 233, 2: 54, 0: 63}","{1: 309, 2: 10, 0: 31}",0.06374017698610754,0.014639238689730815,0.07470180771183152,0.06194482178047353,0.12083145021906191,0.0802883459123862,0.16010039417154742,0.10126564946854431,0.11776941955164809,0.06589877680632182,0.12184970281609522,0.10441830502603416
9040,2,success,3,5,0,2764.2473233777278,2681,536.2,615.0,0.05,0.1,11.144129753112793,50.711429595947266,-121.97900390625,585.2579956054688,2500.0,315.5495437494091,2597,-26.760000000001384,-24.542220371679747,0.0,1.031050847958869,"{4: 86, 3: 28, 5: 21, 2: 96, 0: 27, 1: 10}","{6: 9, 5: 7, 4: 19, 3: 78, 2: 118, 0: 27, 1: 10}","{1: 124, 2: 65, 0: 79}","{1: 132, 2: 41, 0: 95}","{1: 188, 2: 22, 0: 58}","{1: 253, 2: 1, 0: 14}",0.0600629650252142,0.03014293012133025,0.06920833449540098,0.040730105610545686,0.1436272219658762,0.12243212080023114,0.1679811715842217,0.09591379419966108,0.10874384587630642,0.09622074085702767,0.15464854629584818,0.11033935641535056
9050,2,max_steps,3,2,0,1090.566051445276,3500,1585.5,1585.5,0.05,0.1,11.154037475585938,50.71504211425781,-121.97900390625,585.2579956054688,1000.0,138.82460863835527,2630,-34.98000000000161,-13.278557193082799,0.0,0.31159030041293595,"{2: 141, 3: 12, 4: 132, 5: 32, 1: 33}","{6: 9, 5: 6, 4: 45, 3: 191, 2: 41, 0: 35, 1: 23}","{1: 317, 2: 33}","{1: 197, 2: 59, 0: 94}","{1: 335, 2: 15}","{1: 333, 2: 13, 0: 4}",0.021373817894782522,0.027372456089031737,0.027560408558280094,0.0385074059842427,0.04837572310654085,0.08050673495576008,0.06793229136114919,0.09595352205666208,0.04099443520795003,0.027676771562120703,0.10480794911076581,0.10156529963415516
9060,2,crash,3,1,1,258.39353147744976,562,443.0,443.0,0.05,0.1,11.159906387329102,50.76271438598633,-121.97900390625,576.7188720703125,500.0,70.91121743149107,442,-5.609999999999925,-6.907685954041905,-300.0,0.45977496704172555,"{0: 21, 1: 11, 2: 11, 3: 1, 6: 12}",{3: 56},"{1: 10, 0: 46}","{1: 51, 0: 5}","{1: 8, 0: 48}","{1: 43, 0: 9, 2: 4}",0.14002958339895022,0.014922383875927276,0.1786821531249638,0.08004228081235762,0.22749723978850475,0.027925301251754624,0.2613470496844643,0.15250757565217066,0.21122297497905557,0.014951079795503152,0.2687165108520157,0.06778360718246237
9070,2,crash,3,4,1,1991.8552896672954,3197,776.25,695.0,0.05,0.1,11.180778503417969,50.8060188293457,-121.97900390625,576.7188720703125,2000.0,330.0418288141529,2913,-31.93000000000219,-6.256539146856923,-300.0,0.6230388769681875,"{3: 38, 6: 103, 5: 15, 4: 42, 0: 101, 1: 10, 2: 10}","{6: 2, 5: 22, 4: 15, 0: 25, 1: 8, 2: 92, 3: 155}","{1: 155, 2: 62, 0: 102}","{1: 204, 2: 42, 0: 73}","{1: 202, 2: 29, 0: 88}","{1: 263, 2: 28, 0: 28}",0.05487406679405155,0.017924501130964922,0.06913931388801824,0.050185413070337484,0.14616577256628732,0.13070547058427515,0.18112220890177871,0.12527780720508613,0.07371517166917307,0.15244122309856642,0.12002433291675026,0.20567987798409026
9080,2,crash,3,3,1,1383.7932591429926,2531,799.6666666666666,801.0,0.05,0.1,11.187387466430664,50.8089485168457,-121.97900390625,576.7188720703125,1500.0,217.87446306884394,2264,-25.280000000001152,-8.801203925854153,-300.0,0.5467377554891318,"{5: 43, 4: 37, 3: 3, 1: 47, 0: 84, 2: 25, 6: 14}","{4: 51, 3: 139, 2: 9, 5: 6, 0: 29, 1: 5, 6: 14}","{1: 144, 2: 41, 0: 68}","{1: 144, 2: 68, 0: 41}","{1: 179, 2: 18, 0: 56}","{1: 191, 2: 36, 0: 26}",0.04280774418601647,0.025223642112910113,0.05597963934727744,0.04942555714153907,0.16522356963841286,0.16147772105245448,0.20226050989561267,0.15388692612293853,0.1835525305894157,0.021382698533236138,0.20644921510402253,0.15833527063860361
9090,2,crash,3,2,1,835.0525124941133,1247,548.5,548.5,0.05,0.1,11.197900772094727,50.859676361083984,-121.97900390625,576.7188720703125,1000.0,155.25923454100928,876,-12.449999999999779,-7.756722046898828,-300.0,0.6696491679984871,"{5: 23, 4: 34, 3: 3, 0: 47, 1: 5, 2: 7, 6: 5}","{3: 90, 2: 9, 4: 22, 5: 3}","{1: 33, 2: 42, 0: 49}","{1: 107, 2: 17}","{1: 57, 2: 16, 0: 51}","{1: 77, 2: 20, 0: 27}",0.0782253615846066,0.015343231667452006,0.1083294103973742,0.09053245770459711,0.2823662714559699,0.033646107192578434,0.3094340021949917,0.15139548110885456,0.22077098828827826,0.022845612379001495,0.1970281391908506,0.10115012456057561
9100,2,crash,3,2,1,758.7116513597153,661,263.5,263.5,0.05,0.1,11.204935073852539,50.90496826171875,-121.97900390625,576.718994140625,1000.0,75.24391850974513,525,-6.589999999999904,-9.942267150030167,-300.0,1.1478239808770279,"{2: 43, 1: 9, 4: 7, 5: 7}","{4: 12, 3: 40, 2: 14}","{1: 22, 0: 44}","{1: 48, 2: 8, 0: 10}","{1: 25, 0: 41}","{1: 46, 0: 9, 2: 11}",0.1338254338546767,0.02050462018634056,0.15500666814563763,0.08603019954487975,0.21431412940056693,0.07056230390985738,0.23218663033454195,0.20866305585883188,0.2184737540512017,0.015306194845573677,0.23170276505759554,0.08777716510196609
9110,2,crash,3,2,1,799.104669132666,1351,585.0,585.0,0.05,0.1,11.211812973022461,50.939083099365234,-121.97900390625,576.7188720703125,1000.0,122.768687507362,1129,-13.489999999999757,-10.174018374697658,-300.0,0.5914912428813219,"{3: 41, 0: 58, 1: 8, 2: 9, 5: 5, 6: 14}","{0: 5, 1: 9, 2: 34, 6: 18, 5: 5, 4: 12, 3: 52}","{1: 69, 2: 17, 0: 49}","{1: 60, 0: 37, 2: 38}","{1: 91, 0: 44}","{1: 108, 0: 13, 2: 14}",0.04587667286365465,0.031853579759443675,0.05251519305449663,0.04034330598220907,0.22269191785488687,0.18857909080768215,0.24298871173668343,0.1636249975925461,0.10561453161300348,0.03604904279514407,0.1353928273695351,0.05506246541762879
9120,2,crash,3,3,1,1392.4921455655629,3236,894.0,915.0,0.05,0.1,11.225628852844238,50.96628189086914,-121.97900390625,580.9482421875,1500.0,278.8237884368302,2619,-32.33000000000214,-54.00164287127246,-300.0,0.430312776750792,"{6: 21, 5: 54, 4: 28, 3: 10, 2: 29, 1: 63, 0: 118}","{4: 17, 3: 118, 2: 56, 0: 58, 1: 39, 6: 31, 5: 4}","{1: 135, 2: 62, 0: 126}","{1: 162, 2: 51, 0: 110}","{1: 188, 2: 44, 0: 91}","{1: 253, 2: 30, 0: 40}",0.06456473415348775,0.029953703424198647,0.07943152186390205,0.06288958456773612,0.14717475883816486,0.1336831536084249,0.18606761553911,0.15284060983222258,0.19424184686026924,0.005816827651185204,0.2564061356971323,0.11578922515319613
9130,2,max_steps,3,4,0,2283.343011744265,3500,745.75,703.5,0.05,0.1,11.244898796081543,51.03817367553711,-121.97900390625,588.7115478515625,2000.0,319.0844836381496,2744,-34.960000000001614,-0.7814718938599682,0.0,0.6523837176412185,"{6: 106, 5: 52, 4: 52, 3: 9, 2: 50, 1: 50, 0: 31}","{4: 32, 3: 212, 0: 16, 1: 18, 2: 46, 6: 22, 5: 4}","{1: 124, 2: 128, 0: 98}","{1: 212, 2: 65, 0: 73}","{1: 203, 2: 74, 0: 73}","{1: 308, 2: 32, 0: 10}",0.08480465282458147,0.02705108612565541,0.09122542601323573,0.050125660095185084,0.16625677947744288,0.1757295378549711,0.18181056252058558,0.10349758594164132,0.1921171791732148,0.02670767936360814,0.2527736654492258,0.09213655872947327
9140,2,crash,3,3,1,1413.2590349358745,2869,901.6666666666666,648.0,0.05,0.1,11.267807006835938,51.064884185791016,-121.97900390625,573.5564575195312,1500.0,254.66612879602738,2109,-28.66000000000168,-12.747093860156557,-300.0,0.4925963872205906,"{2: 60, 3: 23, 4: 55, 6: 117, 5: 15, 0: 16}","{1: 38, 2: 32, 3: 163, 6: 15, 5: 5, 4: 23, 0: 10}","{1: 105, 0: 56, 2: 125}","{1: 175, 0: 69, 2: 42}","{1: 189, 0: 21, 2: 76}","{1: 237, 0: 28, 2: 21}",0.07623649599522943,0.023528317893637962,0.08487259982381523,0.05573060242659804,0.11858096227008645,0.1613133852214566,0.1411053862663985,0.10427792053852517,0.15323803139203734,0.19154639904983284,0.2173098850037441,0.06306579497617974
9150,2,crash,3,2,1,881.67825603231,2897,1361.0,1361.0,0.05,0.1,11.275236129760742,51.041481018066406,-121.97900390625,573.5564575195312,1000.0,221.83565016738592,1886,-28.950000000001726,-11.207394135079538,-300.0,0.30434182120549186,"{6: 50, 5: 20, 4: 132, 3: 11, 0: 64, 1: 5, 2: 7}","{0: 6, 1: 7, 2: 21, 3: 211, 4: 22, 5: 15, 6: 7}","{1: 185, 2: 44, 0: 60}","{1: 221, 0: 27, 2: 41}","{1: 211, 2: 20, 0: 58}","{1: 241, 2: 31, 0: 17}",0.03849966505379358,0.015858319583741294,0.04714832188213002,0.04341990299440546,0.2171810120504482,0.11754420703841147,0.21697086720553052,0.10767054156513822,0.05095335649645244,0.028601250499468808,0.06675649625718567,0.09686339517123485
9160,2,max_steps,3,4,0,2273.3195388207632,3500,823.0,783.5,0.05,0.1,11.295183181762695,51.08735275268555,-121.97900390625,582.3809204101562,2000.0,308.2795388207581,2907,-34.960000000001614,0.0,0.0,0.6495198682345038,"{0: 33, 1: 50, 2: 41, 3: 66, 6: 71, 5: 20, 4: 69}","{4: 18, 3: 170, 2: 131, 1: 17, 6: 7, 5: 7}","{1: 94, 0: 129, 2: 127}","{1: 246, 2: 45, 0: 59}","{1: 214, 0: 65, 2: 71}","{1: 290, 0: 42, 2: 18}",0.0819536224586826,0.020576784494594144,0.08736501325364751,0.0608126039128379,0.12026644690126878,0.09156932476053202,0.1513918199253144,0.12138300099824016,0.10038641009700862,0.03134157667697357,0.13721240124827033,0.11598169616136314
9170,2,max_steps,3,3,0,1738.0129812248026,3500,683.3333333333334,703.0,0.05,0.1,11.30532455444336,51.10786437988281,-121.97900390625,575.896728515625,1500.0,272.98298122479804,2670,-34.97000000000161,0.0,0.0,0.49657513749280074,"{2: 78, 3: 6, 1: 50, 4: 53, 5: 53, 6: 110}","{5: 11, 4: 8, 3: 206, 2: 90, 1: 24, 0: 11}","{1: 142, 0: 98, 2: 110}","{1: 241, 2: 31, 0: 78}","{1: 245, 0: 42, 2: 63}","{1: 293, 0: 25, 2: 32}",0.06431869218614734,0.02452695541577186,0.08116092448686452,0.05679406027168163,0.10323101983736813,0.11540132889243636,0.12096147165673547,0.13760265886751025,0.09522064133267948,0.020076603509360785,0.1031634396693045,0.09264209441448015
9180,2,crash,3,1,1,266.20403849941266,856,710.0,710.0,0.05,0.1,11.320796012878418,51.17573165893555,-121.97900390625,568.8585205078125,500.0,88.02264186337247,562,-8.549999999999862,-13.268603363960194,-300.0,0.31098602628436056,"{0: 55, 1: 7, 2: 8, 4: 3, 5: 8, 6: 4}","{5: 10, 4: 8, 3: 49, 2: 3, 0: 15}","{1: 38, 0: 47}","{1: 55, 2: 22, 0: 8}","{1: 46, 0: 39}","{1: 60, 0: 4, 2: 21}",0.08085282774113993,0.02419495775758681,0.0785987292424824,0.08371432333553866,0.23611013587943527,0.15490175672394874,0.26810198806250646,0.15852849369669078,0.25209184846571986,0.014078260626913754,0.23457964276772036,0.17095175340605123
9190,2,crash,3,1,1,265.7924183424869,999,818.0,818.0,0.05,0.1,11.337488174438477,51.25510025024414,-121.97900390625,578.38427734375,500.0,88.09171119755771,501,-9.979999999999832,-12.319292855071522,-300.0,0.26605847681930617,"{0: 67, 1: 6, 2: 8, 6: 18}","{5: 10, 4: 25, 3: 46, 0: 18}","{1: 35, 2: 14, 0: 50}","{1: 62, 2: 25, 0: 12}","{1: 59, 0: 40}","{1: 77, 0: 7, 2: 15}",0.05855610756044208,0.023132685528747747,0.08103888762173783,0.06603403964147461,0.23742461702944248,0.08974057187915255,0.2734335174740646,0.1306868792852299,0.2520524080932688,0.007779970978613137,0.21270901978722248,0.1761625496990916
9200,2,success,3,5,0,2807.620738114907,3327,665.4,588.0,0.05,0.1,11.352988243103027,51.30179214477539,-121.97900390625,574.8663330078125,2500.0,371.4440809648489,2742,-33.22000000000196,-30.60334284993884,0.0,0.8438896116966959,"{2: 148, 3: 26, 6: 100, 5: 7, 4: 19, 1: 32}","{5: 16, 4: 47, 3: 171, 0: 30, 1: 17, 2: 22, 6: 29}","{1: 176, 0: 92, 2: 64}","{1: 155, 2: 97, 0: 80}","{1: 220, 0: 55, 2: 57}","{1: 276, 0: 29, 2: 27}",0.04310697381667107,0.033088474632075066,0.05795559331924893,0.05893764615170799,0.17903498685242328,0.1706701660805433,0.1883820429745631,0.10743812927969607,0.080575983944988,0.032327728693735576,0.10086735009713735,0.10191703559161848
9210,2,crash,3,2,1,803.0433751324603,1331,419.0,419.0,0.05,0.1,11.368681907653809,51.35198211669922,-121.97900390625,570.6760864257812,1000.0,128.30466970345907,1094,-13.289999999999761,-11.971294571000428,-300.0,0.6033383735029754,"{0: 25, 1: 13, 2: 23, 3: 22, 6: 50}","{2: 33, 3: 37, 0: 3, 1: 10, 6: 31, 5: 19}","{1: 52, 0: 76, 2: 5}","{1: 62, 0: 35, 2: 36}","{1: 87, 0: 46}","{1: 96, 0: 23, 2: 14}",0.06836434466828004,0.03558639812440219,0.08112360129253242,0.053641015086330485,0.12568947877443684,0.13007647467909111,0.1683995833952231,0.12021106712384733,0.09835189345423165,0.11728077866067965,0.1010727828041046,0.032469589483331736
9220,2,success,3,5,0,2769.2560859368255,2992,598.4,581.0,0.05,0.1,11.391744613647461,51.42655944824219,-121.97900390625,600.152587890625,2500.0,299.12608593682296,2406,-29.87000000000187,0.0,0.0,0.9255535046580299,"{4: 116, 3: 36, 5: 4, 1: 69, 2: 74}","{1: 37, 2: 70, 3: 123, 6: 10, 5: 6, 4: 28, 0: 25}","{1: 125, 2: 76, 0: 98}","{1: 136, 0: 113, 2: 50}","{1: 175, 2: 45, 0: 79}","{1: 211, 2: 59, 0: 29}",0.06905588694132837,0.034671301876084026,0.08687246485390178,0.07243188151202165,0.1613555535650436,0.10179068487727834,0.20424521028111392,0.1679094412014038,0.16506628322702505,0.14479184708180728,0.23440513723110548,0.0931963334386304
9230,2,max_steps,3,4,0,2347.5773034109848,3500,705.25,750.0,0.05,0.1,11.41055965423584,51.490997314453125,-121.97900390625,593.384765625,2000.0,418.33481046688973,3205,-34.960000000001614,-35.79750705589987,0.0,0.6707363724031385,"{0: 90, 1: 41, 2: 39, 3: 18, 4: 58, 5: 17, 6: 87}","{0: 29, 1: 12, 2: 53, 3: 211, 6: 29, 5: 5, 4: 11}","{1: 150, 0: 107, 2: 93}","{1: 209, 0: 93, 2: 48}","{1: 223, 0: 61, 2: 66}","{1: 297, 0: 42, 2: 11}",0.06461291080565337,0.018017923397394442,0.07835929999886598,0.05089622227098038,0.14754071011094244,0.15924861345772823,0.18910838472595717,0.10543138997852705,0.16846975480594287,0.12318839825835672,0.0966575461036287,0.24783400199004202
9240,2,max_steps,3,4,0,2273.1935738312773,3500,475.75,492.5,0.05,0.1,11.430845260620117,51.538177490234375,-121.97900390625,601.9884033203125,2000.0,308.15357383130635,2991,-34.960000000001614,0.0,0.0,0.6494838782375078,"{3: 20, 2: 170, 6: 80, 5: 28, 4: 52}","{5: 16, 4: 17, 3: 161, 2: 83, 0: 39, 1: 14, 6: 20}","{1: 236, 0: 64, 2: 50}","{1: 183, 2: 62, 0: 105}","{1: 303, 0: 31, 2: 16}","{1: 317, 0: 10, 2: 23}",0.030336119117490866,0.028586250059540273,0.04122433910916695,0.045550773472855445,0.08485759006678448,0.1817322166801776,0.10607213380973726,0.09952573159565818,0.09407427613746572,0.1641797695661743,0.13776874140649475,0.10485061912535891
9250,2,crash,3,4,1,1983.9855978480514,3357,799.0,830.5,0.05,0.1,11.442825317382812,51.57364273071289,-121.97900390625,599.3148193359375,2000.0,333.7953668898532,2396,-33.5300000000019,-16.27976904180622,-300.0,0.5909995823199438,"{6: 62, 5: 50, 4: 37, 3: 8, 0: 142, 1: 14, 2: 22}","{4: 67, 3: 230, 2: 22, 1: 9, 5: 7}","{1: 147, 0: 104, 2: 84}","{1: 239, 2: 63, 0: 33}","{1: 205, 2: 54, 0: 76}","{1: 256, 2: 40, 0: 39}",0.06322032479864954,0.015326232514366139,0.06731427913914419,0.07981494333117971,0.190587277638011,0.08139841860727615,0.21261563537517383,0.11061209542061667,0.1912463739179554,0.017809812863075637,0.12976692470358567,0.1604876791133285
9260,2,crash,3,2,1,787.9187273297824,1730,660.5,660.5,0.05,0.1,11.45684814453125,51.62998580932617,-121.97900390625,599.3148193359375,1000.0,128.17494316322677,1125,-17.2799999999999,-22.97621583344932,-300.0,0.4554443510576777,"{5: 42, 4: 21, 3: 3, 0: 35, 1: 15, 2: 16, 6: 41}","{0: 3, 1: 8, 2: 12, 3: 114, 6: 10, 5: 8, 4: 18}","{1: 48, 2: 38, 0: 87}","{1: 108, 0: 24, 2: 41}","{1: 99, 2: 18, 0: 56}","{1: 117, 2: 29, 0: 27}",0.08890419988360815,0.023290322106063056,0.08751979820402733,0.08801306644623386,0.188553975094615,0.13249436734607237,0.18114033453259687,0.12224326682432715,0.17515835312654024,0.02746442775846219,0.24333540051216318,0.09971352030067313
9270,2,max_steps,3,3,0,1729.8258214398024,3500,1113.0,938.0,0.05,0.1,11.470836639404297,51.683868408203125,-121.97900390625,599.2169799804688,1500.0,328.83241288945885,2817,-34.97000000000161,-64.03659144966208,0.0,0.4942359489828007,"{5: 68, 4: 28, 3: 5, 0: 123, 1: 32, 2: 32, 6: 62}","{6: 8, 5: 6, 4: 66, 3: 221, 1: 11, 2: 21, 0: 17}","{1: 141, 2: 89, 0: 120}","{1: 235, 2: 56, 0: 59}","{1: 235, 2: 57, 0: 58}","{1: 285, 2: 18, 0: 47}",0.07337694263146272,0.024583749040396417,0.0732307649048918,0.04863184989754073,0.11293327357074645,0.14612322390214216,0.14055344072732462,0.11619416008879402,0.12464419665535777,0.009555912518871015,0.15471414944617504,0.1751969889300607
9280,2,max_steps,3,4,0,2252.3884187237795,3500,796.5,724.0,0.05,0.1,11.488231658935547,51.69890213012695,-121.97900390625,592.4896850585938,2000.0,290.21048384258285,3002,-34.960000000001614,-2.8620651188095465,0.0,0.6435395482067942,"{4: 78, 3: 21, 5: 36, 2: 63, 1: 48, 0: 104}","{4: 9, 3: 168, 0: 34, 1: 11, 2: 58, 6: 61, 5: 9}","{1: 193, 2: 54, 0: 103}","{1: 218, 2: 60, 0: 72}","{1: 263, 2: 22, 0: 65}","{1: 284, 2: 28, 0: 38}",0.04566026756556534,0.025701581257274963,0.05302873511576845,0.06692356969717726,0.10570375006581136,0.14946601594093598,0.13588570880753004,0.11685582591468487,0.13298127004727647,0.02708488645478534,0.10800886819781412,0.10741534065966814
9290,2,max_steps,3,3,0,1704.3737673625542,3500,1144.3333333333333,906.0,0.05,0.1,11.501449584960938,51.71528625488281,-121.97900390625,581.7828979492188,1500.0,252.12590624757286,3130,-34.97000000000161,-12.782138885020872,0.0,0.48696393353215833,"{3: 38, 0: 29, 1: 29, 2: 38, 6: 128, 5: 28, 4: 60}","{6: 9, 5: 6, 4: 7, 3: 208, 2: 83, 0: 24, 1: 13}","{1: 211, 0: 54, 2: 85}","{1: 248, 2: 31, 0: 71}","{1: 283, 0: 22, 2: 45}","{1: 304, 0: 26, 2: 20}",0.033569021168158866,0.016272894985557736,0.0362451950436912,0.04982060650775935,0.1008633581588243,0.09584302562921106,0.11110259669509863,0.10216624559535487,0.044849374924301126,0.04694535714072222,0.10311480906818736,0.09790143238300751
9300,2,max_steps,3,2,0,1190.9057001593178,3500,928.0,928.0,0.05,0.1,11.50621223449707,51.710548400878906,-121.97900390625,596.5298461914062,1000.0,231.1122701925451,2464,-34.98000000000161,-5.226570033234699,0.0,0.3402587714740908,"{6: 61, 5: 178, 4: 34, 3: 6, 0: 57, 1: 6, 2: 8}","{1: 5, 2: 41, 3: 260, 6: 29, 5: 7, 4: 8}","{1: 216, 2: 65, 0: 69}","{1: 245, 0: 54, 2: 51}","{1: 264, 2: 29, 0: 57}","{1: 319, 2: 18, 0: 13}",0.025161871308880757,0.0172621289519558,0.028109399525139956,0.022985943301736495,0.17299492109256973,0.0640908610246002,0.17101131211300824,0.098081170683781,0.2572693535257045,0.02960061939900714,0.21442386496520024,0.10100330684170179
9310,2,crash,3,1,1,269.4452893997502,494,412.0,412.0,0.05,0.1,11.5137939453125,51.71992874145508,-121.97900390625,587.835205078125,500.0,81.25654518676993,404,-4.929999999999939,-6.88125578702002,-300.0,0.5454358085015186,"{0: 26, 1: 7, 2: 7, 3: 1, 6: 8}","{3: 39, 2: 2, 4: 8}","{1: 10, 0: 39}","{1: 47, 2: 2}","{1: 7, 0: 42}","{1: 26, 0: 8, 2: 15}",0.17273087279003113,0.004560004330193123,0.2012749922760529,0.09734406592347411,0.2628068253704701,0.02299874169954592,0.29663131138795484,0.16193221318969256,0.2656610883401558,0.0029723447400036725,0.24962012082251123,0.11352109685481286
9320,2,max_steps,3,4,0,2397.5465383841056,3500,800.5,885.0,0.05,0.1,11.532059669494629,51.783931732177734,-121.97900390625,578.198974609375,2000.0,432.5065383841065,2949,-34.960000000001614,0.0,0.0,0.6850132966811731,"{1: 53, 2: 46, 3: 4, 6: 150, 5: 13, 4: 16, 0: 68}","{6: 2, 5: 9, 4: 80, 3: 230, 0: 16, 1: 5, 2: 8}","{1: 153, 0: 96, 2: 101}","{1: 255, 2: 57, 0: 38}","{1: 203, 0: 70, 2: 77}","{1: 260, 0: 49, 2: 41}",0.06587566175676994,0.016343452071059975,0.07570807815395164,0.06452377224437465,0.23780416519222747,0.1465366761168915,0.2600921295416132,0.13159656347911353,0.24019681015081046,0.018251237610876533,0.18468312299743084,0.29868789509919014
9330,2,crash,3,2,1,897.8004768473356,2620,1171.0,1171.0,0.05,0.1,11.548070907592773,51.80926513671875,-121.97900390625,583.3587036132812,1000.0,248.4358503684709,2087,-26.180000000001293,-24.455373521139133,-300.0,0.3426719377279907,"{6: 50, 5: 8, 4: 11, 3: 2, 0: 137, 1: 24, 2: 30}","{3: 203, 6: 14, 5: 7, 4: 25, 2: 13}","{1: 80, 2: 41, 0: 141}","{1: 192, 0: 17, 2: 53}","{1: 178, 2: 28, 0: 56}","{1: 218, 2: 18, 0: 26}",0.08344650613765374,0.01792417108232159,0.08592137710220557,0.061518930568214204,0.11599208678349761,0.0661331308056793,0.13830482308707248,0.1169956455451839,0.14905848228799295,0.015048193515860737,0.09728284952440966,0.09669503811475243
9340,2,max_steps,3,4,0,2253.2280306934977,3500,715.75,863.5,0.05,0.1,11.568655967712402,51.86560821533203,-121.97900390625,570.208984375,2000.0,329.3737866133051,2914,-34.960000000001614,-41.185755919810575,0.0,0.6437794373409993,"{3: 36, 2: 152, 5: 8, 4: 154}","{5: 12, 4: 13, 3: 97, 2: 111, 0: 74, 1: 14, 6: 29}","{1: 245, 0: 66, 2: 39}","{1: 147, 2: 71, 0: 132}","{1: 311, 0: 27, 2: 12}","{1: 319, 0: 14, 2: 17}",0.024450243242377927,0.033309125335708956,0.03872225049473918,0.039455435182039325,0.07823674209462848,0.20032408202120536,0.1012846202591551,0.09868051409299525,0.09262721452339254,0.08441838544911097,0.08539203172620136,0.10000546860871086
9350,2,success,3,5,0,2856.7027832612457,3301,660.2,718.0,0.05,0.1,11.581133842468262,51.9248161315918,-121.97900390625,572.9236450195312,2500.0,412.7157866412643,2481,-32.96000000000201,-23.053003380000405,0.0,0.8654052660591475,"{6: 130, 5: 30, 4: 42, 3: 14, 0: 60, 1: 5, 2: 49}","{3: 247, 2: 44, 0: 7, 1: 7, 5: 15, 4: 10}","{1: 106, 2: 131, 0: 93}","{1: 257, 0: 40, 2: 33}","{1: 188, 2: 88, 0: 54}","{1: 257, 2: 28, 0: 45}",0.07548968976437563,0.013367011088301494,0.07411129683725802,0.07214855334216272,0.20108518106262943,0.10830165869868598,0.24235744662793846,0.1473353599517891,0.12450704812943929,0.02436442752571377,0.10957856152812512,0.09992649778171768
9360,2,max_steps,3,3,0,1724.7558797494805,3500,618.0,792.0,0.05,0.1,11.591558456420898,51.93625259399414,-121.97900390625,570.4196166992188,1500.0,264.47439794412935,2594,-34.97000000000161,-4.74851819465629,0.0,0.4927873942141373,"{4: 180, 3: 16, 0: 59, 1: 10, 2: 9, 5: 76}","{1: 24, 2: 161, 3: 145, 6: 8, 5: 6, 4: 6}","{1: 173, 2: 72, 0: 105}","{1: 229, 0: 77, 2: 44}","{1: 250, 2: 32, 0: 68}","{1: 307, 0: 15, 2: 28}",0.050527556852063726,0.023765705802685527,0.06447764590872865,0.07133970142241207,0.10580722550676992,0.08943903285994582,0.11835373438320688,0.10130854439280569,0.07083152342261916,0.03357228911651319,0.1145639256922056,0.10201591849284383
9370,2,max_steps,3,0,0,95.3975763207524,3500,,,0.05,0.1,11.598549842834473,51.91230392456055,-121.97900390625,565.6160888671875,0.0,130.39757632075288,1996,-35.000000000001606,0.0,0.0,0.02725645037735783,"{5: 129, 4: 221}","{0: 3, 1: 8, 2: 64, 3: 267, 4: 8}","{1: 233, 2: 72, 0: 45}","{1: 266, 0: 61, 2: 23}","{1: 300, 2: 35, 0: 15}","{1: 305, 2: 20, 0: 25}",0.03329357988461229,0.013406665476198818,0.045158190467897194,0.05915278873763691,0.07466807661017755,0.05523417546158029,0.10774399171548477,0.10085755799575709,0.023934313830452775,0.06723299486861552,0.07398508926297535,0.09788436848408776
9380,2,max_steps,3,4,0,2289.261712683845,3500,794.0,772.5,0.05,0.1,11.614459037780762,51.956058502197266,-121.97900390625,573.0390625,2000.0,324.2217126838552,2853,-34.960000000001614,0.0,0.0,0.6540747750525271,"{0: 101, 1: 37, 2: 24, 3: 45, 6: 100, 5: 15, 4: 28}","{2: 84, 3: 136, 4: 30, 6: 60, 5: 16, 0: 10, 1: 14}","{1: 171, 0: 118, 2: 61}","{1: 165, 0: 87, 2: 98}","{1: 236, 0: 73, 2: 41}","{1: 293, 2: 26, 0: 31}",0.05086737102627423,0.030244497419603975,0.06239080800218961,0.06654555693859115,0.1792853009011759,0.11595580541044101,0.207006011613508,0.11714198048789498,0.1967007533043295,0.027985711267970434,0.17071065630418583,0.21042163288660193
9390,2,crash,3,4,1,1990.3207574284495,3315,807.25,706.5,0.05,0.1,11.624159812927246,51.97319793701172,-121.97900390625,579.5883178710938,2000.0,339.1950026736874,2513,-33.11000000000198,-15.764245245241348,-300.0,0.6003984185304523,"{2: 45, 3: 5, 6: 98, 5: 17, 4: 78, 0: 83, 1: 5}","{4: 3, 3: 174, 1: 16, 2: 129, 6: 9}","{1: 139, 0: 106, 2: 86}","{1: 255, 2: 17, 0: 59}","{1: 183, 0: 92, 2: 56}","{1: 262, 0: 42, 2: 27}",0.0694678275359266,0.019521505097106606,0.08456207211040943,0.06749660405076255,0.22293411850131295,0.04407267323342404,0.2344528413598059,0.10986644589126265,0.09547062703766156,0.02222085098290978,0.1472799492048635,0.10845314582065138
9400,2,max_steps,3,4,0,2210.965368803107,3500,793.5,678.5,0.05,0.1,11.637836456298828,52.006614685058594,-121.97900390625,582.2122802734375,2000.0,245.92536880311295,2867,-34.960000000001614,0.0,0.0,0.631704391086602,"{4: 143, 3: 22, 2: 78, 5: 43, 6: 64}","{1: 36, 2: 140, 3: 140, 6: 21, 5: 5, 4: 8}","{1: 185, 2: 121, 0: 44}","{1: 179, 0: 132, 2: 39}","{1: 263, 2: 56, 0: 31}","{1: 327, 2: 13, 0: 10}",0.041689543648986416,0.029827907552958253,0.051117188004885995,0.04359509915218336,0.10338481141103051,0.0965847942983693,0.12130734411318306,0.09757814906569237,0.10886887714680013,0.028872678243289453,0.17831816238069426,0.08005139008678627
9410,2,crash,3,1,1,182.31129200545917,1642,807.0,807.0,0.05,0.1,11.646523475646973,52.04042434692383,-121.97900390625,597.2382202148438,500.0,85.79991910290275,968,-16.409999999999766,-87.07862709744599,-300.0,0.11103001949175345,"{0: 14, 1: 20, 2: 45, 3: 1, 5: 5, 6: 79}","{2: 65, 3: 99}","{1: 68, 0: 78, 2: 18}","{1: 94, 0: 43, 2: 27}","{1: 109, 0: 40, 2: 15}","{1: 119, 0: 19, 2: 26}",0.059071980916997086,0.025836355099153635,0.08073177114489292,0.09080041772550354,0.15500223778367228,0.0630920970193202,0.1850709145181777,0.12443856761965615,0.17851675599838976,0.012268353276917575,0.2603569149107807,0.09611079502837397
9420,2,crash,3,2,1,813.4031174706976,2191,846.0,846.0,0.05,0.1,11.668988227844238,52.109615325927734,-121.97900390625,617.4325561523438,1000.0,221.73464567794312,1571,-21.890000000000622,-86.44152820724717,-300.0,0.37124742924267345,"{5: 31, 6: 66, 4: 20, 3: 2, 0: 84, 1: 7, 2: 9}","{2: 40, 3: 139, 6: 26, 5: 7, 4: 7}","{1: 72, 2: 50, 0: 97}","{1: 141, 0: 41, 2: 37}","{1: 114, 2: 29, 0: 76}","{1: 185, 2: 19, 0: 15}",0.08860777313353244,0.019820034264313228,0.09765818870663553,0.06706177177972054,0.17896335697314567,0.12025665028759695,0.1881452431608202,0.13669431551549796,0.20918805111662825,0.011241698052723646,0.16088625636877255,0.09815862334836216
9430,2,max_steps,3,3,0,1682.0744082327121,3500,1021.3333333333334,742.0,0.05,0.1,11.685528755187988,52.13276672363281,-121.97900390625,598.4732666015625,1500.0,272.60503291171466,2729,-34.97000000000161,-55.560624679005436,0.0,0.4805926880664892,"{2: 113, 1: 41, 3: 22, 4: 101, 5: 29, 6: 44}","{6: 37, 5: 11, 4: 68, 3: 135, 0: 41, 1: 15, 2: 43}","{1: 193, 0: 109, 2: 48}","{1: 173, 2: 84, 0: 93}","{1: 296, 0: 41, 2: 13}","{1: 299, 0: 29, 2: 22}",0.044604971543571764,0.03039166879776872,0.057215863228994905,0.05097019517053842,0.08762357407173546,0.18330130466451683,0.11408266695419902,0.10483249585942861,0.09162893065245763,0.025823492082769472,0.10203438029890899,0.08982320877383186
9440,2,max_steps,3,3,0,1733.2185357205817,3500,840.6666666666666,968.0,0.05,0.1,11.705378532409668,52.189353942871094,-121.97900390625,591.4395751953125,1500.0,268.1885357205787,2855,-34.97000000000161,0.0,0.0,0.4952052959201662,"{6: 114, 5: 14, 4: 21, 3: 6, 2: 72, 1: 71, 0: 52}","{3: 213, 2: 60, 1: 29, 6: 19, 5: 5, 4: 7, 0: 17}","{1: 168, 2: 86, 0: 96}","{1: 249, 0: 71, 2: 30}","{1: 251, 2: 56, 0: 43}","{1: 315, 2: 12, 0: 23}",0.052496021584377675,0.020623039205967524,0.06094841564845448,0.06268041944117554,0.10566882870024423,0.1578398860748445,0.13026718068956308,0.09972700098547625,0.09309239712286362,0.024798502406865472,0.11376034121371324,0.09878977464368002
9450,2,max_steps,3,3,0,1729.9134287284446,3500,798.0,771.0,0.05,0.1,11.718466758728027,52.227413177490234,-121.97900390625,587.4078979492188,1500.0,264.9366643189391,2946,-34.97000000000161,-0.05323559050131804,0.0,0.49426097963669846,"{4: 62, 3: 4, 6: 105, 5: 56, 0: 62, 1: 21, 2: 40}","{5: 21, 4: 41, 3: 236, 0: 6, 1: 10, 2: 36}","{1: 165, 2: 99, 0: 86}","{1: 256, 2: 58, 0: 36}","{1: 260, 2: 57, 0: 33}","{1: 269, 2: 43, 0: 38}",0.05231253382808887,0.01950607443142993,0.06113383184443941,0.0779972280699438,0.09465247114997216,0.09547044645972107,0.12333966665931695,0.11024152198208495,0.10080618034258726,0.05297526334238754,0.12343760284200415,0.1019394545321449
9460,2,crash,3,2,1,768.6810582926015,1254,413.5,413.5,0.05,0.1,11.729827880859375,52.23783874511719,-121.97900390625,587.047607421875,1000.0,104.77159685584073,749,-12.519999999999778,-23.57053856324222,-300.0,0.6129833000738449,"{3: 23, 2: 62, 4: 10, 5: 8, 6: 22}","{6: 8, 5: 7, 4: 5, 0: 22, 1: 22, 2: 34, 3: 27}","{1: 66, 0: 59}","{1: 38, 2: 25, 0: 62}","{1: 87, 0: 38}","{1: 106, 0: 7, 2: 12}",0.04088472202816086,0.058762870022018555,0.06330807483144178,0.07206649068228232,0.19562885030022173,0.18790445725188698,0.22423354495786568,0.10284591746602659,0.15316360157140435,0.19847350777239162,0.22815705211427428,0.0893665680882017
9470,2,crash,3,1,1,261.0327032581642,896,768.0,768.0,0.05,0.1,11.732851028442383,52.27125930786133,-121.97900390625,587.2142944335938,500.0,80.49115355073819,755,-8.949999999999854,-10.50845029257447,-300.0,0.29133114202920113,"{0: 35, 1: 24, 2: 16, 3: 1, 4: 3, 5: 10}","{3: 70, 2: 19}","{1: 24, 0: 65}","{1: 84, 0: 5}","{1: 38, 0: 51}","{1: 65, 0: 15, 2: 9}",0.08144086916250799,0.012106829692628452,0.10758256367625786,0.08463264374140711,0.15334381321445525,0.025812670812640725,0.17835309897888765,0.121111954314155,0.14679024637703028,0.023779182302404545,0.20547651012486767,0.06445900671084984
9480,2,crash,3,1,1,126.51887566543968,2401,680.0,680.0,0.05,0.1,11.748669624328613,52.33525848388672,-121.97900390625,588.7027587890625,500.0,80.67014684413687,1281,-24.000000000000952,-130.15127117870082,-300.0,0.052694242259658346,"{1: 51, 2: 15, 3: 1, 6: 173}","{6: 7, 5: 7, 4: 8, 3: 41, 2: 6, 0: 96, 1: 75}","{1: 176, 0: 61, 2: 3}","{1: 174, 2: 46, 0: 20}","{1: 190, 0: 50}","{1: 233, 0: 3, 2: 4}",0.02254419443371128,0.016645147522728047,0.041564736182677614,0.0487216685856187,0.1263213554977126,0.05725771827890843,0.13597122453405183,0.09720635064570572,0.16010711283597012,0.0028887208159856462,0.21605381085038747,0.0683716862339232
9490,2,crash,3,2,1,777.4628916644224,1389,567.5,567.5,0.05,0.1,11.766287803649902,52.4004020690918,-121.97900390625,591.851806640625,1000.0,105.70719855334751,891,-13.869999999999749,-14.374306888928029,-300.0,0.5597285037180867,"{4: 21, 3: 2, 0: 72, 1: 8, 2: 10, 5: 8, 6: 17}","{3: 81, 2: 8, 5: 12, 4: 12, 0: 25}","{1: 43, 2: 26, 0: 69}","{1: 93, 2: 27, 0: 18}","{1: 74, 2: 14, 0: 50}","{1: 125, 2: 9, 0: 4}",0.08506264097903779,0.023809620151324783,0.08939319213177872,0.06574762006407736,0.18611668807476223,0.10528315236496075,0.19086978683939265,0.0992414430615161,0.18706656043445508,0.022930148435069547,0.1793148392978933,0.05114270511760442
9500,2,max_steps,3,3,0,1655.5018339073767,3500,705.6666666666666,503.0,0.05,0.1,11.790684700012207,52.45198059082031,-121.97900390625,640.3341064453125,1500.0,190.4718339073645,2244,-34.97000000000161,0.0,0.0,0.4730005239735362,"{6: 22, 5: 152, 4: 14, 3: 7, 2: 103, 0: 6, 1: 46}","{3: 230, 4: 32, 0: 17, 1: 17, 2: 54}","{1: 236, 2: 58, 0: 56}","{1: 244, 2: 39, 0: 67}","{1: 271, 2: 36, 0: 43}","{1: 290, 2: 32, 0: 28}",0.03149133777274038,0.024918464585840256,0.03200202730734049,0.024937111081619064,0.11711029621238879,0.09134126275883006,0.14647379870005425,0.11254697676787542,0.13430723214932627,0.1300690209382351,0.16739713225802605,0.1780404150983192
9510,2,max_steps,3,3,0,1661.6803623902401,3500,677.3333333333334,465.0,0.05,0.1,11.807670593261719,52.516414642333984,-121.97900390625,625.3543090820312,1500.0,270.8414586365209,2475,-34.97000000000161,-74.1910962462869,0.0,0.4747658178257829,"{2: 81, 3: 24, 4: 99, 6: 131, 5: 15}","{4: 36, 3: 255, 0: 22, 1: 5, 2: 32}","{1: 150, 0: 94, 2: 106}","{1: 258, 2: 31, 0: 61}","{1: 252, 0: 28, 2: 70}","{1: 325, 0: 15, 2: 10}",0.06238632980805145,0.02354572534179451,0.07421577758489498,0.04212987569085026,0.10349086744800491,0.12310241951441207,0.11435557173521237,0.09678943906998434,0.09337735534832635,0.08426903646653564,0.10580356623134907,0.0966695471363552
9520,2,crash,3,2,1,835.6642071885109,1837,875.0,875.0,0.05,0.1,11.821354866027832,52.55470657348633,-121.97900390625,625.3543090820312,1000.0,160.77470910171348,1598,-18.35000000000007,-6.760501913204043,-300.0,0.45490702623217794,"{4: 59, 3: 1, 0: 87, 1: 15, 2: 13, 5: 6, 6: 2}","{5: 7, 4: 29, 3: 46, 0: 26, 1: 10, 2: 65}","{1: 94, 2: 16, 0: 73}","{1: 103, 2: 38, 0: 42}","{1: 123, 2: 8, 0: 52}","{1: 171, 2: 9, 0: 3}",0.04747511803444168,0.02893436722110516,0.06886095408596195,0.04704263837608369,0.13368438917201542,0.10004819943638224,0.1824841337588832,0.09638695821335302,0.13236399299066046,0.028629004271576913,0.19202678164611148,0.10106709694747862
9530,2,max_steps,3,3,0,1774.7670499184385,3500,863.3333333333334,772.0,0.05,0.1,11.83172607421875,52.536102294921875,-121.97900390625,583.4651489257812,1500.0,309.7370499184339,2938,-34.97000000000161,0.0,0.0,0.5070762999766967,"{6: 130, 5: 18, 4: 79, 3: 2, 0: 107, 1: 6, 2: 8}","{4: 47, 3: 206, 2: 63, 0: 11, 1: 9, 5: 14}","{1: 179, 2: 98, 0: 73}","{1: 222, 2: 59, 0: 69}","{1: 254, 2: 45, 0: 51}","{1: 271, 2: 38, 0: 41}",0.047492637862138316,0.02534487071248725,0.06048367006139048,0.07192194001476451,0.1200634118832665,0.0628982193199912,0.14924530683116546,0.13368826081189905,0.21011007194608186,0.028965730178376083,0.12116272875996789,0.2874091360900089
9540,2,max_steps,3,4,0,2305.1780609569537,3500,536.5,512.5,0.05,0.1,11.855502128601074,52.57410430908203,-121.97900390625,607.4692993164062,2000.0,340.138060956973,2695,-34.960000000001614,0.0,0.0,0.6586223031305583,"{2: 82, 3: 30, 1: 55, 6: 55, 5: 6, 4: 19, 0: 103}","{3: 233, 2: 78, 5: 8, 4: 31}","{1: 135, 0: 140, 2: 75}","{1: 277, 2: 45, 0: 28}","{1: 256, 0: 50, 2: 44}","{1: 298, 0: 43, 2: 9}",0.06688777874144913,0.01329535749339639,0.067451956006429,0.06399096555194149,0.1460007031121145,0.08494474731251092,0.15681439625569119,0.10260154066708718,0.09273078603243053,0.021914729810257414,0.08903129268996886,0.0942436989922598
9550,2,success,3,5,0,2747.7734905846733,2555,511.0,553.0,0.05,0.1,11.882109642028809,52.64866256713867,-121.97900390625,624.9141845703125,2500.0,273.27349058469196,2221,-25.500000000001187,0.0,0.0,1.07544950707815,"{0: 48, 1: 46, 2: 61, 3: 29, 6: 30, 5: 9, 4: 32}","{5: 18, 4: 55, 3: 149, 2: 19, 0: 7, 1: 7}","{1: 78, 0: 92, 2: 85}","{1: 155, 2: 67, 0: 33}","{1: 173, 0: 35, 2: 47}","{1: 222, 0: 23, 2: 10}",0.07544091395370041,0.025702573245360065,0.07547272993445515,0.07756605283442643,0.13772875334252654,0.13993566055147771,0.1639368734592481,0.10218484213773277,0.1021405085745771,0.18320408204353586,0.1198114435644427,0.07983997923647997
9560,2,max_steps,3,3,0,1757.0263447786626,3500,1123.3333333333333,1037.0,0.05,0.1,11.90841007232666,52.7269401550293,-121.97900390625,607.7991333007812,1500.0,291.99634477865646,2855,-34.97000000000161,0.0,0.0,0.5020075270796179,"{5: 47, 4: 31, 3: 25, 1: 43, 0: 72, 2: 52, 6: 80}","{6: 27, 5: 22, 4: 19, 3: 159, 0: 43, 1: 10, 2: 70}","{1: 187, 2: 92, 0: 71}","{1: 206, 2: 66, 0: 78}","{1: 257, 2: 60, 0: 33}","{1: 312, 2: 6, 0: 32}",0.04356470332861603,0.025666833821431985,0.049966750826138495,0.05891666026890367,0.1365046451524546,0.15053629868424606,0.16018286361934247,0.10067512184705141,0.0939971585336498,0.007905261314499673,0.11698094165692666,0.0998965442783382
9570,2,max_steps,3,4,0,2395.1406034642437,3500,713.25,588.0,0.05,0.1,11.924562454223633,52.77342224121094,-121.97900390625,603.5925903320312,2000.0,430.10060346424945,2794,-34.960000000001614,0.0,0.0,0.6843258867040696,"{2: 129, 3: 23, 6: 123, 5: 6, 4: 9, 0: 53, 1: 7}","{6: 25, 5: 11, 4: 47, 3: 152, 0: 22, 1: 39, 2: 54}","{1: 215, 0: 76, 2: 59}","{1: 182, 2: 75, 0: 93}","{1: 240, 0: 59, 2: 51}","{1: 301, 0: 36, 2: 13}",0.03973382274192103,0.029530617803554652,0.04958959806551187,0.041443156842877873,0.20756358503740935,0.17594626408068395,0.22695461752511606,0.11242347490258377,0.1597870042745569,0.03272814916491385,0.1464806462163788,0.07196422756560653
9580,2,max_steps,3,3,0,1712.8180307136388,3500,997.0,1005.0,0.05,0.1,11.940594673156738,52.80734634399414,-121.97900390625,588.8560791015625,1500.0,281.5268706583011,2989,-34.97000000000161,-33.73883994466604,0.0,0.4893765802038968,"{0: 74, 1: 40, 2: 42, 3: 42, 6: 114, 5: 17, 4: 21}","{6: 7, 5: 13, 4: 15, 3: 215, 2: 57, 0: 15, 1: 28}","{1: 153, 0: 66, 2: 131}","{1: 235, 2: 39, 0: 76}","{1: 265, 0: 31, 2: 54}","{1: 311, 0: 14, 2: 25}",0.055717814524002235,0.023998869546553513,0.06686593366814556,0.060302376635058504,0.0969454163308698,0.11059882952392848,0.11943032010337461,0.10056955573129304,0.09394122527369586,0.12731874200091747,0.08702101578216254,0.0829614147895705
9590,2,max_steps,3,2,0,1264.385275914745,3500,896.0,896.0,0.05,0.1,11.9534330368042,52.80447006225586,-121.97900390625,581.4983520507812,1000.0,324.1303190546928,2560,-34.98000000000161,-24.765043139954194,0.0,0.36125293597564145,"{0: 127, 1: 40, 2: 80, 3: 2, 6: 85, 5: 6, 4: 10}","{5: 15, 4: 25, 3: 243, 2: 17, 0: 21, 1: 5, 6: 24}","{1: 214, 0: 70, 2: 66}","{1: 221, 2: 76, 0: 53}","{1: 258, 0: 50, 2: 42}","{1: 292, 0: 35, 2: 23}",0.036274686525690054,0.021917409929367512,0.04582165697233658,0.051564894691464976,0.18574699009772735,0.16563539944422054,0.21087970586182395,0.10805500603090308,0.17076327449474804,0.015599157500072014,0.07347233798669009,0.13584798359686015
9600,2,max_steps,3,4,0,2378.5134822559444,3500,734.75,681.5,0.05,0.1,11.969796180725098,52.808860778808594,-121.97900390625,603.793701171875,2000.0,418.02726897516396,2540,-34.960000000001614,-4.553786719219964,0.0,0.6795752806445555,"{5: 55, 4: 120, 3: 3, 0: 118, 1: 8, 2: 7, 6: 39}","{1: 17, 2: 39, 3: 217, 4: 54, 6: 17, 5: 6}","{1: 148, 2: 142, 0: 60}","{1: 225, 0: 48, 2: 77}","{1: 203, 2: 92, 0: 55}","{1: 279, 2: 34, 0: 37}",0.06573828985901177,0.024223383686266788,0.0808829226559524,0.07505189205912918,0.23597470012993377,0.1153896078931436,0.2586754690732045,0.1345765503920194,0.228126759730819,0.02436998711772266,0.1605780396059039,0.2263119120033797
9610,2,crash,3,1,1,247.09282086566805,728,556.0,556.0,0.05,0.1,11.983809471130371,52.873779296875,-121.97900390625,603.793701171875,500.0,63.71558615516854,555,-7.269999999999889,-9.352765289501658,-300.0,0.33941321547481873,"{6: 22, 5: 16, 4: 16, 3: 1, 1: 6, 0: 11}","{2: 5, 3: 50, 6: 7, 5: 9, 4: 1}","{1: 15, 2: 57}","{1: 57, 0: 1, 2: 14}","{1: 30, 2: 42}","{1: 58, 2: 3, 0: 11}",0.09567961805854032,0.011645995655599567,0.1073952339327141,0.08783969368970276,0.19395360967361788,0.09836651412947495,0.20350695043173286,0.10755855654162509,0.16160943617513304,0.0009679980460715584,0.22637552462411528,0.08194825425843538
9620,2,max_steps,3,4,0,2197.3287833495533,3500,658.25,580.5,0.05,0.1,12.004136085510254,52.91373825073242,-121.97900390625,597.3992919921875,2000.0,232.28878334955837,2421,-34.960000000001614,0.0,0.0,0.6278082238141581,"{2: 50, 3: 5, 4: 139, 5: 28, 6: 67, 1: 9, 0: 52}","{4: 21, 3: 163, 1: 29, 2: 137}","{1: 181, 0: 77, 2: 92}","{1: 242, 2: 19, 0: 89}","{1: 242, 0: 51, 2: 57}","{1: 286, 0: 33, 2: 31}",0.04483496822826563,0.023369412579095583,0.05940282816415174,0.06421307729007286,0.1600840455862297,0.03397561575355386,0.1783549188208245,0.10597989434565125,0.1854968087425566,0.012724930791966238,0.15755583919470822,0.10573472631843808
9630,2,max_steps,3,4,0,2204.5873936988396,3500,713.0,715.0,0.05,0.1,12.0262451171875,52.97266387939453,-121.97900390625,597.3992919921875,2000.0,239.54739369886607,3003,-34.960000000001614,0.0,0.0,0.6298821124853827,"{3: 83, 2: 105, 1: 18, 4: 79, 6: 65}","{6: 31, 5: 37, 4: 29, 0: 110, 1: 14, 2: 56, 3: 73}","{1: 280, 0: 68, 2: 2}","{1: 117, 2: 99, 0: 134}","{1: 319, 0: 31}","{1: 312, 2: 20, 0: 18}",0.02037397925538339,0.035629811581915374,0.030607245176020165,0.04716269591659847,0.06982903958922082,0.15353828448111628,0.09132129397350452,0.10017681997205843,0.06754660314838778,0.16488528585369164,0.10273024591074571,0.10458250861155322
9640,2,max_steps,3,3,0,1727.152383505867,3500,1076.0,1095.0,0.05,0.1,12.04029655456543,52.99807357788086,-121.97900390625,603.32373046875,1500.0,269.2358220264631,2985,-34.97000000000161,-7.113438520598828,0.0,0.49347210957310483,"{6: 74, 5: 26, 4: 96, 3: 17, 0: 64, 1: 39, 2: 34}","{0: 64, 1: 20, 2: 69, 3: 137, 6: 30, 5: 15, 4: 15}","{1: 177, 2: 87, 0: 86}","{1: 165, 0: 119, 2: 66}","{1: 257, 2: 51, 0: 42}","{1: 308, 2: 20, 0: 22}",0.04873354033993714,0.030820604284102587,0.04929991434265221,0.04722272771634554,0.11046906142323995,0.13542144816324048,0.11949134205471977,0.10109628832072287,0.11422249730732673,0.028245147260855696,0.13663846626902215,0.09996344383289475
9650,2,max_steps,3,3,0,1745.0647675427206,3500,1160.6666666666667,1287.0,0.05,0.1,12.051936149597168,53.001365661621094,-121.97900390625,597.810791015625,1500.0,280.0347675427112,2550,-34.97000000000161,0.0,0.0,0.49858993358363446,"{0: 24, 1: 11, 2: 16, 6: 117, 5: 124, 4: 54, 3: 4}","{4: 22, 3: 282, 2: 38, 1: 6, 0: 2}","{1: 124, 0: 88, 2: 138}","{1: 295, 2: 22, 0: 33}","{1: 234, 0: 36, 2: 80}","{1: 295, 0: 23, 2: 32}",0.06540373857043641,0.015390453338114982,0.07847548801853405,0.07590413315895835,0.1162742454736882,0.05505559240573608,0.14473741192811013,0.10465044873755103,0.12423452191509883,0.02731948887267957,0.08959098112283018,0.09371226782785998
9660,2,max_steps,3,3,0,1738.9241960970965,3500,876.6666666666666,772.0,0.05,0.1,12.07241439819336,53.060630798339844,-121.97900390625,585.9110107421875,1500.0,298.03921834429707,2939,-34.97000000000161,-24.14502224720451,0.0,0.49683548459917043,"{1: 98, 2: 32, 3: 3, 4: 37, 5: 74, 6: 75, 0: 31}","{5: 19, 4: 33, 3: 207, 2: 39, 0: 24, 1: 5, 6: 23}","{1: 162, 0: 81, 2: 107}","{1: 213, 2: 84, 0: 53}","{1: 240, 0: 46, 2: 64}","{1: 279, 0: 52, 2: 19}",0.05784703880530549,0.0248701926985073,0.06323589730797846,0.0595600879356985,0.1173266211828194,0.146116152847275,0.13904411185485166,0.10609316073857258,0.14857256298102814,0.02285882966495287,0.11176008446884499,0.10154078664894524
9670,2,max_steps,3,1,0,592.5958220756224,3500,2726.0,2726.0,0.05,0.1,12.082008361816406,53.089942932128906,-121.97900390625,584.3394775390625,500.0,133.36870557201868,2140,-34.99000000000161,-5.782883496399502,0.0,0.1693130920216064,"{0: 229, 1: 28, 2: 15, 6: 78}","{0: 6, 1: 7, 2: 28, 3: 231, 6: 78}","{1: 246, 2: 21, 0: 83}","{1: 284, 0: 29, 2: 37}","{1: 311, 0: 36, 2: 3}","{1: 295, 0: 39, 2: 16}",0.021386001083164574,0.013669885589952614,0.025175535095076508,0.04267001897242642,0.07660886322943267,0.05341531743912727,0.10164357405709852,0.10859075386896012,0.14871916733770765,0.01989717391547179,0.12651419235871492,0.18623711753141958
9680,2,max_steps,3,2,0,1202.055394181971,3500,1265.5,1265.5,0.05,0.1,12.095412254333496,53.088680267333984,-121.97900390625,592.3154296875,1000.0,237.03539418196308,2107,-34.98000000000161,0.0,0.0,0.343444398337706,"{3: 85, 2: 27, 6: 125, 5: 7, 4: 9, 0: 97}","{1: 5, 2: 76, 3: 202, 6: 53, 5: 6, 4: 8}","{1: 216, 0: 76, 2: 58}","{1: 258, 0: 46, 2: 46}","{1: 256, 0: 48, 2: 46}","{1: 294, 0: 41, 2: 15}",0.02601377067323877,0.015788053857872405,0.03617892699654319,0.033919473029081354,0.18248004994455652,0.10827804636162958,0.21817982821149698,0.10278680940304358,0.03803615808787868,0.022189255301756354,0.10763620438353515,0.10240149594480442
9690,2,crash,3,3,1,1395.4997796288624,3210,995.6666666666666,749.0,0.05,0.1,12.106372833251953,53.11711502075195,-121.97900390625,590.7559204101562,1500.0,248.2640940976211,2844,-32.07000000000219,-20.694314468763157,-300.0,0.4347351338407671,"{6: 29, 5: 33, 4: 44, 3: 8, 0: 173, 1: 21, 2: 13}","{4: 16, 3: 193, 2: 82, 5: 6, 0: 13, 1: 11}","{1: 145, 2: 63, 0: 113}","{1: 242, 2: 28, 0: 51}","{1: 241, 2: 19, 0: 61}","{1: 278, 2: 15, 0: 28}",0.05644267381981733,0.0193505329060608,0.06174235811539908,0.06299901320850773,0.11088608881159824,0.07433179164893272,0.13614717377805205,0.10161730272216132,0.1736679182775545,0.11646914855240922,0.214274030397693,0.07474162209160776
9700,2,success,3,5,0,2829.198133234457,3127,625.4,517.0,0.05,0.1,12.128334045410156,53.21152114868164,-121.97900390625,602.7349853515625,2500.0,360.4181332344665,2175,-31.22000000000208,0.0,0.0,0.904764353448819,"{4: 47, 3: 8, 0: 176, 1: 23, 2: 21, 6: 29, 5: 8}","{5: 8, 4: 11, 3: 177, 0: 72, 1: 6, 2: 38}","{1: 83, 2: 132, 0: 97}","{1: 228, 2: 24, 0: 60}","{1: 139, 2: 88, 0: 85}","{1: 251, 2: 29, 0: 32}",0.08774487673505585,0.01865611544486886,0.1097887859842327,0.06809237949461336,0.18473735893890258,0.10298464304433196,0.2156996636771413,0.16222749443208612,0.1898374650976913,0.035218177328898266,0.16679312380603234,0.22033153237058078
9710,2,crash,3,3,1,1329.2546298131988,3133,948.0,1023.0,0.05,0.1,12.143817901611328,53.2603874206543,-121.97900390625,602.7349853515625,1500.0,182.36448645060867,1978,-31.300000000002093,-21.809856637414246,-300.0,0.4242753366783271,"{2: 65, 1: 36, 3: 3, 4: 121, 6: 10, 5: 49, 0: 29}","{6: 10, 5: 5, 4: 8, 3: 169, 2: 105, 0: 3, 1: 13}","{1: 188, 0: 39, 2: 86}","{1: 228, 2: 27, 0: 58}","{1: 222, 0: 24, 2: 67}","{1: 252, 0: 46, 2: 15}",0.03164995836390641,0.012320827870674131,0.048112597923758056,0.062191594258777794,0.14213107916522527,0.11657427777567819,0.16795312601028706,0.13748846577774732,0.13485097500183554,0.023300381720871483,0.21595199407268514,0.09046440099088296
9720,2,max_steps,3,4,0,2348.897625361616,3500,872.75,895.5,0.05,0.1,12.151893615722656,53.29057312011719,-121.97900390625,602.7349853515625,2000.0,383.85762536160854,2443,-34.960000000001614,0.0,0.0,0.671113607246176,"{0: 159, 1: 23, 2: 22, 3: 3, 5: 70, 4: 28, 6: 45}","{6: 15, 5: 27, 4: 63, 3: 209, 0: 24, 1: 5, 2: 7}","{1: 156, 2: 108, 0: 86}","{1: 221, 2: 89, 0: 40}","{1: 199, 0: 71, 2: 80}","{1: 274, 2: 44, 0: 32}",0.061657328736128295,0.020619674522982197,0.07988227243881688,0.07443015445907035,0.20346883612267957,0.1442173219774106,0.22337025414694092,0.11644724513975885,0.2085066610690422,0.010143743192079505,0.20208765661667463,0.2741104443798653
9730,2,success,3,5,0,2685.9333577655084,3393,678.6,646.0,0.05,0.1,12.170451164245605,53.31874465942383,-121.97900390625,605.7476196289062,2500.0,219.81335776550512,2572,-33.88000000000183,0.0,0.0,0.7916101850178333,"{4: 121, 3: 42, 1: 26, 0: 23, 2: 127}","{3: 149, 2: 96, 4: 32, 0: 36, 1: 26}","{1: 165, 0: 103, 2: 71}","{1: 224, 0: 85, 2: 30}","{1: 238, 0: 68, 2: 33}","{1: 298, 2: 21, 0: 20}",0.051603534380268976,0.023510694655202634,0.06411577336320726,0.05532115044839844,0.11126737553390864,0.05953589216773707,0.12458240919564405,0.1017163110137911,0.09538386721052526,0.03286995053488334,0.12266549678710953,0.09426078362296747
9740,2,max_steps,3,1,0,592.2480468166749,3500,1398.0,1398.0,0.05,0.1,12.180950164794922,53.34096145629883,-121.97900390625,600.9874877929688,500.0,127.23804681666799,2658,-34.99000000000161,0.0,0.0,0.16921372766190712,"{4: 139, 0: 202, 1: 9}","{1: 18, 2: 93, 3: 102, 6: 37, 5: 29, 4: 71}","{1: 284, 2: 22, 0: 44}","{1: 234, 0: 30, 2: 86}","{1: 316, 2: 11, 0: 23}","{1: 330, 0: 20}",0.013392281818345037,0.020737339055776505,0.0169253190495479,0.023454339679236377,0.07607149414520004,0.05143762771290995,0.09857261241939659,0.09138082714360934,0.06605274167281217,0.02678953366547465,0.11538593849801017,0.07832966305642915
9750,2,crash,3,1,1,288.14721748156506,1251,1052.0,1052.0,0.05,0.1,12.189488410949707,53.38033676147461,-121.97900390625,605.104736328125,500.0,110.80557467600897,1250,-12.499999999999778,-10.158357194443477,-300.0,0.23033350717950846,"{0: 72, 1: 13, 2: 22, 3: 14, 4: 4}","{0: 4, 1: 8, 2: 54, 3: 39, 6: 15, 5: 5}","{1: 65, 0: 60}","{1: 76, 0: 29, 2: 20}","{1: 76, 0: 49}","{1: 114, 0: 5, 2: 6}",0.035064329433862146,0.02627266999731334,0.07344788343460253,0.026441613996478586,0.15308481711321836,0.1357975383393155,0.15644116228760954,0.09621505353160287,0.12447324303305694,0.016559821247268836,0.15175602537024152,0.0662380584663809
9760,2,crash,3,2,1,884.6769309976414,2911,1138.0,1138.0,0.05,0.1,12.208537101745605,53.39350509643555,-121.97900390625,600.9746704101562,1000.0,276.9947418549733,1903,-29.090000000001748,-63.22781085733521,-300.0,0.30390825523793935,"{0: 120, 1: 9, 2: 33, 3: 5, 6: 109, 5: 5, 4: 10}","{0: 74, 1: 6, 2: 23, 3: 129, 6: 38, 5: 5, 4: 16}","{1: 143, 0: 54, 2: 94}","{1: 167, 0: 56, 2: 68}","{1: 215, 0: 32, 2: 44}","{1: 221, 0: 37, 2: 33}",0.050853334424516505,0.025603104419352207,0.0533255921563442,0.06170419729042531,0.19243042535986662,0.15560264197544485,0.24121191177358767,0.17208850348149463,0.12002600724349231,0.03338807240462431,0.1164334462200669,0.1751619633557778
9770,2,max_steps,3,3,0,1698.3470285591347,3500,893.0,889.0,0.05,0.1,12.228072166442871,53.39625930786133,-121.97900390625,602.4736328125,1500.0,233.31702855912755,2721,-34.97000000000161,0.0,0.0,0.48524200815975277,"{1: 98, 2: 76, 3: 9, 6: 100, 5: 30, 4: 37}","{5: 6, 4: 27, 3: 195, 2: 76, 0: 41, 1: 5}","{1: 190, 0: 91, 2: 69}","{1: 231, 2: 47, 0: 72}","{1: 263, 0: 37, 2: 50}","{1: 282, 0: 41, 2: 27}",0.04603720242934792,0.016875904660356468,0.060066090214854144,0.07887777976199781,0.09161708989340543,0.10976133065695555,0.12071573683129429,0.10749105826352089,0.07207986386474657,0.028175279088236867,0.11767628535943762,0.1027982488768201
9780,2,success,3,5,0,2738.0868178111045,3117,623.4,546.0,0.05,0.1,12.248476028442383,53.44350814819336,-121.97900390625,589.5147705078125,2500.0,278.59606974948736,2398,-31.120000000002065,-9.389251938360388,0.0,0.8784365793426707,"{3: 34, 0: 36, 1: 10, 2: 82, 4: 46, 6: 97, 5: 6}","{4: 37, 5: 9, 3: 180, 2: 45, 0: 4, 1: 15, 6: 21}","{1: 142, 0: 79, 2: 90}","{1: 195, 2: 65, 0: 51}","{1: 199, 0: 39, 2: 73}","{1: 253, 2: 28, 0: 30}",0.05420355994037053,0.02401452159190297,0.06884667482339588,0.07786606586483123,0.147345311276267,0.11504866108314868,0.1883471078910842,0.1343503679253255,0.11791206874100102,0.12071725231501579,0.1832521883179924,0.24770468771113022
9790,2,max_steps,3,3,0,1856.2285771815648,3500,1041.3333333333333,966.0,0.05,0.1,12.264693260192871,53.46513366699219,-121.97900390625,599.0650634765625,1500.0,391.19857718155873,3133,-34.97000000000161,0.0,0.0,0.5303510220518757,"{0: 101, 1: 102, 2: 47, 3: 6, 6: 63, 5: 8, 4: 23}","{0: 34, 1: 12, 2: 42, 3: 208, 6: 28, 5: 8, 4: 18}","{1: 173, 0: 87, 2: 90}","{1: 222, 0: 69, 2: 59}","{1: 251, 0: 42, 2: 57}","{1: 313, 0: 23, 2: 14}",0.051015336133163315,0.023210096671301354,0.05517548468784404,0.06490308368276379,0.16308064069286912,0.1572606221937687,0.18162239061257307,0.10010532343948517,0.1364310812154831,0.025994554985734105,0.09507652314428257,0.0985577333439092
9800,2,crash,3,2,1,734.1311732212205,1460,494.0,494.0,0.05,0.1,12.279648780822754,53.476318359375,-121.97900390625,579.3185424804688,1000.0,94.55181084595215,1177,-14.579999999999734,-45.840637624733354,-300.0,0.5028295706994661,"{0: 35, 1: 29, 2: 18, 3: 16, 6: 48}","{2: 36, 3: 75, 4: 26, 5: 9}","{1: 77, 0: 69}","{1: 87, 0: 5, 2: 54}","{1: 122, 0: 24}","{1: 128, 0: 5, 2: 13}",0.04628367442889685,0.023920566963867053,0.053952370832731404,0.06414708704819505,0.10481870851662742,0.12541822746722597,0.11191145461273233,0.10130928743479845,0.10829784457834199,0.07029319618035484,0.058665727026550075,0.10032888907899763
9810,2,crash,3,1,1,241.9177262819648,543,357.0,357.0,0.05,0.1,12.284154891967773,53.481956481933594,-121.97900390625,579.3185424804688,500.0,57.67710445365836,356,-5.419999999999929,-10.339378171694692,-300.0,0.4455206745524214,"{0: 13, 1: 12, 2: 10, 4: 7, 5: 8, 6: 4}","{3: 36, 5: 9, 4: 9}","{1: 10, 0: 44}","{1: 37, 2: 17}","{1: 15, 0: 39}","{1: 35, 0: 9, 2: 10}",0.15938208903303952,0.014518199100052717,0.16871647765435538,0.09595202689121747,0.2201428833418077,0.17234898841443239,0.2511076709014451,0.15431761733538663,0.218078539482862,0.01329500095076528,0.22955000015746424,0.09838723188170898
9820,2,max_steps,3,2,0,1204.7368377607518,3500,873.0,873.0,0.05,0.1,12.295891761779785,53.51032638549805,-121.97900390625,579.3185424804688,1000.0,239.71683776074457,2558,-34.98000000000161,0.0,0.0,0.3442105250745005,"{1: 63, 0: 28, 2: 164, 3: 5, 6: 39, 5: 15, 4: 36}","{0: 2, 1: 10, 2: 22, 3: 265, 6: 17, 5: 7, 4: 27}","{1: 212, 2: 93, 0: 45}","{1: 253, 0: 43, 2: 54}","{1: 272, 2: 42, 0: 36}","{1: 309, 0: 30, 2: 11}",0.03753219907764618,0.020503285906863844,0.04972164666174045,0.04041164859290311,0.10249215605521206,0.07184709318051141,0.11663645571291131,0.10545190226951472,0.08932733994380336,0.021973208673813825,0.10162540629785136,0.09550121544239518
9830,2,crash,3,1,1,262.72731657790376,1650,1417.0,1417.0,0.05,0.1,12.308964729309082,53.52578353881836,-121.97900390625,593.3558349609375,500.0,101.73343346061041,1077,-16.489999999999778,-22.51611688270719,-300.0,0.15922867671388108,"{6: 48, 5: 10, 4: 82, 3: 1, 0: 24}","{5: 9, 4: 9, 3: 122, 2: 12, 0: 4, 1: 9}","{1: 94, 2: 71}","{1: 119, 2: 23, 0: 23}","{1: 122, 2: 43}","{1: 150, 2: 1, 0: 14}",0.0428296617806589,0.021202236042497227,0.05134859479061431,0.04676633851933058,0.12373832328398279,0.1578608005403452,0.16366234834207705,0.09892067435217099,0.08974155791855126,0.00339576146056893,0.15338692431980644,0.09402438526566204
9840,2,max_steps,3,4,0,2155.8367170045367,3500,785.75,697.0,0.05,0.1,12.3202486038208,53.55638885498047,-121.97900390625,587.0965576171875,2000.0,267.90200792894075,2578,-34.960000000001614,-77.10529092440771,0.0,0.615953347715582,"{1: 88, 0: 60, 2: 80, 3: 8, 5: 35, 6: 28, 4: 51}","{5: 2, 4: 32, 3: 268, 2: 12, 0: 36}","{1: 140, 2: 102, 0: 108}","{1: 296, 2: 38, 0: 16}","{1: 226, 0: 58, 2: 66}","{1: 271, 0: 50, 2: 29}",0.06477031025549077,0.015363343810228507,0.07476415119202498,0.07495860314255222,0.12159551471637982,0.034015718510824085,0.14385394616240818,0.11356916844865422,0.11792808671188523,0.03242525269708698,0.1523410531161054,0.10331816122882745
9850,2,crash,3,1,1,258.3503281172828,829,608.0,608.0,0.05,0.1,12.332201957702637,53.589908599853516,-121.97900390625,592.9180908203125,500.0,81.07934018605282,621,-8.279999999999868,-14.449012068770546,-300.0,0.31164092655884534,"{5: 49, 4: 15, 3: 10, 2: 8}","{1: 8, 2: 9, 3: 45, 4: 20}","{1: 37, 2: 45}","{1: 44, 0: 21, 2: 17}","{1: 44, 2: 37, 0: 1}","{1: 59, 2: 3, 0: 20}",0.07485304105251206,0.02404583999344955,0.08652801614908157,0.06804255121803507,0.22262485326121806,0.14667873388752362,0.24725478211148558,0.18792284553600408,0.23995236025528463,0.050880212065832986,0.26381879180241774,0.18792284553600405
9860,2,success,3,5,0,2797.6654021359673,3277,655.4,745.0,0.05,0.1,12.339115142822266,53.6369743347168,-121.97900390625,584.0516967773438,2500.0,330.38540213597787,2542,-32.72000000000206,0.0,0.0,0.8537276173744178,"{2: 95, 3: 18, 4: 93, 5: 77, 6: 44}","{2: 20, 3: 210, 5: 19, 4: 35, 0: 22, 1: 4, 6: 17}","{1: 144, 0: 85, 2: 98}","{1: 210, 0: 49, 2: 68}","{1: 196, 0: 57, 2: 74}","{1: 272, 0: 29, 2: 26}",0.062174048919922155,0.02344492480898286,0.07681769575973929,0.07940951333046052,0.20001818094629548,0.1469526112645656,0.23135364599642264,0.10341302494459242,0.21020578828037506,0.015026779218166536,0.2728213276489551,0.09372361878211904
9870,2,crash,3,1,1,270.984606377582,537,464.0,464.0,0.05,0.1,12.346566200256348,53.69511413574219,-121.97900390625,584.0516967773438,500.0,82.55946821231356,463,-5.35999999999993,-6.214861834731936,-300.0,0.5046268275187746,"{0: 31, 1: 7, 2: 7, 3: 1, 6: 7}","{2: 5, 3: 41, 1: 7}","{1: 15, 0: 38}","{1: 41, 0: 12}","{1: 12, 0: 41}","{1: 41, 0: 7, 2: 5}",0.14399242982913119,0.010525246338414247,0.22198975556452907,0.07902215997157128,0.2701139307517741,0.06027585431137223,0.3002442804437317,0.13473316135998467,0.27617181754281367,0.005760407779039031,0.3027430283958697,0.010142278804963423
9880,2,crash,3,1,1,241.99754551286776,790,611.0,611.0,0.05,0.1,12.355151176452637,53.75114822387695,-121.97900390625,584.0516967773438,500.0,57.98995719634009,445,-7.889999999999876,-8.102411683473537,-300.0,0.30632600697831364,"{5: 28, 6: 21, 4: 11, 3: 1, 0: 18}","{4: 28, 3: 49, 2: 2}","{1: 33, 2: 46}","{1: 50, 2: 29}","{1: 33, 2: 46}","{1: 65, 2: 5, 0: 9}",0.09049351785517966,0.026608484843483157,0.12873495004487795,0.0730712744905791,0.23480022288643676,0.09575896434022559,0.24158050731998043,0.10187907828728054,0.21455891400421098,0.006606733195065851,0.26446551715666217,0.047163169915653065
9890,2,crash,3,1,1,225.17091650373635,662,436.0,436.0,0.05,0.1,12.360679626464844,53.78099060058594,-121.97900390625,595.5468139648438,500.0,41.27865872089548,435,-6.6099999999999035,-9.497742217160408,-300.0,0.34013733610836305,"{5: 29, 4: 13, 3: 1, 0: 23}","{2: 6, 3: 37, 5: 12, 4: 11}","{1: 23, 2: 43}","{1: 38, 0: 9, 2: 19}","{1: 27, 2: 39}","{1: 46, 2: 6, 0: 14}",0.11944949792112729,0.01757894140129493,0.12355753163744129,0.09293109073359211,0.23330009882203692,0.11194381772781445,0.2512214332938666,0.10892572315961153,0.1987455088071358,0.007811234787756278,0.2729239482565332,0.07053464802312429
9900,2,max_steps,3,3,0,1792.833171855557,3500,909.6666666666666,1037.0,0.05,0.1,12.37401294708252,53.82369613647461,-121.97900390625,599.134521484375,1500.0,399.1140758610077,2421,-34.97000000000161,-71.31090400545574,0.0,0.5122380491015878,"{4: 56, 3: 1, 1: 9, 0: 165, 2: 7, 5: 8, 6: 104}","{1: 15, 2: 46, 3: 261, 5: 8, 4: 15, 0: 5}","{1: 89, 2: 136, 0: 125}","{1: 253, 0: 62, 2: 35}","{1: 151, 2: 102, 0: 97}","{1: 278, 2: 34, 0: 38}",0.10214894441504627,0.021016884963891334,0.12007979255924972,0.07952614162598051,0.24464864398878175,0.10552211780969722,0.26448120860114593,0.14083966479910276,0.26308545095713554,0.02223737293583639,0.27845393285879405,0.08317880507323676
9910,2,crash,3,3,1,1304.9307564678425,3225,1034.6666666666667,960.0,0.05,0.1,12.373621940612793,53.825138092041016,-121.97900390625,599.134521484375,1500.0,163.72042961547797,2143,-32.22000000000216,-26.56967314763934,-300.0,0.4046296919280132,"{4: 215, 3: 17, 6: 66, 5: 19, 2: 5}","{3: 227, 4: 14, 2: 23, 6: 10, 5: 14, 0: 17, 1: 17}","{1: 248, 2: 57, 0: 17}","{1: 228, 0: 46, 2: 48}","{1: 274, 0: 9, 2: 39}","{1: 297, 0: 20, 2: 5}",0.02816302220894721,0.022064937690578663,0.03866695578710805,0.04290381067572826,0.12386705260376073,0.09939945395671107,0.12795987133080228,0.09842233421740951,0.04814685958569265,0.03224522393118845,0.06736871526564513,0.09122832965520931
9920,2,success,3,5,0,2780.7148232174363,2794,558.8,609.0,0.05,0.1,12.394104957580566,53.918514251708984,-121.97900390625,602.4900512695312,2500.0,308.60482321744166,2259,-27.89000000000156,0.0,0.0,0.995245104945396,"{1: 57, 2: 24, 6: 131, 5: 17, 4: 18, 3: 18, 0: 14}","{4: 29, 3: 143, 0: 5, 1: 42, 2: 57, 5: 3}","{1: 123, 0: 82, 2: 74}","{1: 163, 2: 35, 0: 81}","{1: 151, 0: 63, 2: 65}","{1: 235, 0: 31, 2: 13}",0.06874826909969954,0.02518646246735281,0.08293576129656033,0.07067340797584515,0.1823994771520739,0.11086617631419948,0.23602572195452812,0.11596170431112136,0.2068380787965195,0.11994942984299267,0.20367331524876925,0.24987123332968492
9930,2,crash,3,2,1,835.368799764572,1285,542.5,542.5,0.05,0.1,12.40292739868164,53.964202880859375,-121.97900390625,593.4728393554688,1000.0,161.9515916576873,921,-12.829999999999771,-13.752791893118552,-300.0,0.6500924511786553,"{1: 25, 2: 15, 6: 60, 5: 6, 4: 7, 0: 15}","{3: 86, 5: 9, 4: 13, 0: 12, 1: 7, 2: 1}","{1: 30, 0: 36, 2: 62}","{1: 84, 0: 20, 2: 24}","{1: 56, 0: 23, 2: 49}","{1: 97, 0: 17, 2: 14}",0.114622069665068,0.017384039832728897,0.11916440913486429,0.0839162125250204,0.25766368106697896,0.13895082045732549,0.2776596656950627,0.10688844909933871,0.27311627374928565,0.007224488689246001,0.26189586502293233,0.10191416381999162
9940,2,max_steps,3,4,0,2246.0447557337625,3500,773.25,739.5,0.05,0.1,12.418607711791992,54.01510238647461,-121.97900390625,593.4728393554688,2000.0,281.0047557337671,2521,-34.960000000001614,0.0,0.0,0.6417270730667893,"{2: 132, 3: 3, 5: 37, 6: 46, 4: 10, 1: 19, 0: 103}","{2: 45, 3: 177, 6: 24, 5: 11, 4: 53, 0: 31, 1: 9}","{1: 168, 0: 104, 2: 78}","{1: 224, 0: 71, 2: 55}","{1: 227, 0: 64, 2: 59}","{1: 278, 2: 32, 0: 40}",0.05347563462130708,0.02523131105307185,0.06976026158379317,0.073416221996534,0.21939186197109495,0.10978314992350148,0.23559644278255648,0.12656460010936196,0.24643714565501157,0.02664224835221685,0.2640945469947026,0.09913013807098282
9950,2,crash,3,1,1,246.77834257263794,1242,1033.0,1033.0,0.05,0.1,12.435112953186035,54.07734298706055,-121.97900390625,597.4771118164062,500.0,78.313418866178,480,-12.40999999999978,-19.125076293540946,-300.0,0.1986943176913349,"{0: 88, 1: 7, 2: 7, 3: 1, 6: 21}","{2: 76, 3: 48}","{1: 75, 0: 49}","{1: 79, 2: 7, 0: 38}","{1: 85, 0: 39}","{1: 99, 0: 10, 2: 15}",0.02328047578258696,0.027466818829803334,0.026449016978056315,0.021526238443851722,0.22650247701062035,0.03544317465816397,0.25810564926229873,0.1365883315350494,0.25167607757161164,0.006434467596507742,0.22691008287781783,0.11168418320508526
9960,2,max_steps,3,4,0,2232.870074464833,3500,861.5,776.5,0.05,0.1,12.452118873596191,54.122352600097656,-121.97900390625,594.9964599609375,2000.0,267.8300744648309,2618,-34.960000000001614,0.0,0.0,0.6379628784185237,"{5: 82, 4: 140, 3: 4, 1: 46, 0: 45, 2: 27, 6: 6}","{5: 4, 4: 10, 3: 269, 2: 42, 0: 18, 1: 7}","{1: 167, 2: 99, 0: 84}","{1: 262, 2: 23, 0: 65}","{1: 227, 2: 56, 0: 67}","{1: 236, 2: 54, 0: 60}",0.05451642861234339,0.017645183537569234,0.07745011216174164,0.08877919743979658,0.12057710099956612,0.08006818679666099,0.16126327705952043,0.16870339832183495,0.11309075620593441,0.02774936941922134,0.15554082300557937,0.14021140331753273
9970,2,crash,3,2,1,913.5826145056872,2075,987.0,987.0,0.05,0.1,12.464637756347656,54.15198516845703,-121.97900390625,588.53173828125,1000.0,242.97108956179648,1700,-20.73000000000044,-8.65847505611209,-300.0,0.44028077807502997,"{6: 53, 5: 22, 4: 39, 3: 2, 0: 79, 1: 5, 2: 7}","{6: 7, 5: 7, 4: 8, 3: 140, 2: 35, 0: 10}","{1: 90, 2: 58, 0: 59}","{1: 158, 2: 26, 0: 23}","{1: 128, 2: 22, 0: 57}","{1: 173, 2: 21, 0: 13}",0.06179212323068735,0.017368715626900486,0.07224387134035294,0.07845860689393028,0.2721028103766159,0.09854977452413255,0.2886741395882358,0.1081126897090356,0.09745055857715107,0.025654962965114707,0.12675172239717214,0.10097059852403462
9980,2,max_steps,3,4,0,2317.4136540920695,3500,689.75,769.5,0.05,0.1,12.489076614379883,54.206050872802734,-121.97900390625,584.7522583007812,2000.0,352.3736540920777,2859,-34.960000000001614,0.0,0.0,0.6621181868834484,"{0: 57, 1: 28, 2: 49, 3: 16, 5: 32, 6: 70, 4: 98}","{5: 17, 4: 34, 3: 161, 2: 48, 0: 69, 1: 11, 6: 10}","{1: 160, 0: 91, 2: 99}","{1: 168, 2: 78, 0: 104}","{1: 237, 0: 52, 2: 61}","{1: 308, 0: 23, 2: 19}",0.05713489524669619,0.031493610834907704,0.057415628215024356,0.056470817323429,0.1568276450864875,0.17402282776932776,0.1705731060914038,0.10130530421708944,0.1690227396892988,0.02676874602634379,0.15095384749553334,0.09729389694931535
9990,2,max_steps,3,0,0,38.66566174936706,3500,,,0.05,0.1,12.503471374511719,54.21736526489258,-121.97900390625,598.3953247070312,0.0,73.66566174936726,1847,-35.000000000001606,0.0,0.0,0.011047331928390589,"{4: 265, 5: 61, 6: 24}","{3: 315, 2: 25, 4: 10}","{1: 313, 2: 34, 0: 3}","{1: 308, 2: 19, 0: 23}","{1: 333, 2: 17}","{1: 339, 2: 7, 0: 4}",0.015535251798254752,0.02110867576592535,0.01985202491933153,0.026660674455241527,0.05009360103629709,0.030637084705034377,0.07067956304597288,0.09350221894288589,0.037481358977766686,0.03159576296503251,0.033402354211411786,0.04656491504279592
10000,2,success,3,5,0,2632.8505725935006,2876,575.2,415.0,0.05,0.1,12.518353462219238,54.24239730834961,-121.97900390625,598.3953247070312,2500.0,178.28649488566947,2049,-28.71000000000169,-16.725922292151093,0.0,0.9154556928350142,"{3: 69, 5: 58, 4: 109, 2: 31, 6: 20}","{2: 101, 3: 144, 5: 17, 4: 9, 1: 16}","{1: 102, 2: 127, 0: 58}","{1: 191, 0: 71, 2: 25}","{1: 224, 2: 49, 0: 14}","{1: 256, 2: 19, 0: 12}",0.0662541357101013,0.02465701494169071,0.07207980426204773,0.05621215062129751,0.09058977741673299,0.07102740286175492,0.11261599533697761,0.10017231462975396,0.09555620340647919,0.10199479997188977,0.10565837770595321,0.08657630882886365
