ep,stage,done_reason,action_repeat,hits,crash,return,steps,avg_steps_per_hit,med_steps_per_hit,epsilon,alpha,q_mean,q_std,q_min,q_max,r_hit,r_progress,progress_steps,r_step,r_near_boundary,r_oob,mean_return_per_step,dx_bin_counts,dy_bin_counts,vx_bin_counts,vy_bin_counts,theta_bin_counts,omega_bin_counts,vx_abs_p50,vy_abs_p50,theta_abs_p50,omega_abs_p50,vx_abs_p90,vy_abs_p90,theta_abs_p90,omega_abs_p90,near_vx_abs_p90,near_vy_abs_p90,near_theta_abs_p90,near_omega_abs_p90
10,0,crash,1,0,1,-431.6970571969789,1473,,,0.19900224700262353,0.1,-0.002461985917761922,0.33984532952308655,-10.358678817749023,50.08844757080078,0.0,4.018887490027079,143,-117.83999999999784,-237.8759446870077,-80.0,-0.29307335858586486,{6: 147},"{3: 128, 2: 19}","{1: 69, 0: 78}","{1: 143, 2: 4}","{1: 99, 0: 48}","{1: 94, 0: 33, 2: 20}",0.05365221678316538,0.007042144287811998,0.06533710683491227,0.07969912530700958,0.09159604672068693,0.015044442774397905,0.134927609962859,0.11849767287562717,,,,
20,0,max_steps,1,1,0,450.2945740426057,2500,271.0,271.0,0.19800947156046594,0.1,-0.0007763286703266203,0.49578049778938293,-10.358678817749023,54.72652053833008,500.0,150.21457404259513,1717,-199.92000000000886,0.0,0.0,0.18011782961704229,"{4: 62, 3: 7, 5: 74, 6: 107}","{1: 14, 2: 33, 6: 16, 5: 21, 4: 18, 3: 148}","{1: 119, 2: 78, 0: 53}","{1: 129, 0: 53, 2: 68}","{1: 140, 2: 65, 0: 45}","{1: 128, 2: 66, 0: 56}",0.0561589103675844,0.027387502888224072,0.08102534167627168,0.09811008610335209,0.16549422716111956,0.08962033265798934,0.23453863750450699,0.2573229802785018,0.07044820912903543,0.13064751331529909,0.15405528328385962,0.09481836476497879
30,0,success,1,2,0,966.7942524761859,1074,537.0,537.0,0.197021648841674,0.1,0.0020720544271171093,0.7161762118339539,-10.358678817749023,58.11307144165039,1000.0,52.55425247618562,1041,-85.75999999999853,0.0,0.0,0.9001808682273611,"{4: 27, 3: 7, 1: 22, 2: 51}","{4: 15, 3: 79, 2: 13}","{1: 90, 0: 17}","{1: 41, 2: 44, 0: 22}","{1: 99, 0: 8}","{1: 100, 2: 7}",0.022941150735216232,0.03330378060210222,0.03154511607132121,0.04060904746792358,0.06714236277792976,0.05258758494810793,0.08152729043054147,0.09274590140566849,0.07531651557837506,0.05263907599305684,0.04169139993739963,0.10879140728331557
40,0,max_steps,1,0,0,-160.49863057270377,2500,,,0.19603875413827485,0.1,0.004548050928860903,0.8444163203239441,-10.358678817749023,89.58385467529297,0.0,39.50136942729741,1305,-200.00000000000887,0.0,0.0,-0.06419945222908151,"{1: 209, 2: 41}","{2: 35, 3: 90, 4: 118, 5: 7}","{1: 246, 0: 4}","{1: 75, 0: 115, 2: 60}","{1: 244, 0: 6}","{1: 243, 0: 7}",0.007084017135512044,0.03307496544006077,0.011664257240344004,0.014097946514834465,0.022700733818446624,0.07074554361712639,0.032263710817152125,0.039489366165692374,,,,
50,0,max_steps,1,0,0,-188.42680675485116,2500,,,0.1950607628655578,0.1,-0.0016503449296578765,1.2216503620147705,-57.82571029663086,90.50653839111328,0.0,11.573193245150422,1026,-200.00000000000887,0.0,0.0,-0.07537072270194047,"{4: 23, 5: 227}","{2: 40, 3: 191, 4: 19}",{1: 250},"{1: 184, 0: 57, 2: 9}",{1: 250},{1: 250},0.006032729404735489,0.010732570073253532,0.00977449480953534,0.013237353966404363,0.022678407807736622,0.048725568726883016,0.03195228408717223,0.04417442883001927,,,,
60,0,max_steps,1,1,0,399.52171464088804,2500,239.0,239.0,0.1940876505614596,0.1,-0.0011041368125006557,1.2639789581298828,-57.82571029663086,90.50653839111328,500.0,99.44171464087214,1436,-199.92000000000886,0.0,0.0,0.15980868585635521,"{3: 23, 5: 134, 6: 93}","{1: 5, 2: 111, 4: 32, 5: 6, 3: 96}","{1: 145, 2: 54, 0: 51}","{1: 109, 0: 62, 2: 79}","{1: 175, 2: 38, 0: 37}","{1: 131, 2: 65, 0: 54}",0.03886624127249952,0.03117585246434436,0.055728228889590524,0.09340204506459909,0.08201129716389806,0.07626831106325568,0.12620364866431985,0.15565510639969518,0.010693845627312666,0.10054086819638328,0.02125895875899122,0.06107672161086717
70,0,max_steps,1,1,0,421.892966726884,2500,274.0,274.0,0.1931193928859523,0.1,-0.0014531782362610102,1.2838728427886963,-57.82571029663086,90.50653839111328,500.0,121.81296672686719,1451,-199.92000000000886,0.0,0.0,0.1687571866907536,"{3: 27, 6: 28, 5: 128, 4: 67}","{5: 2, 4: 39, 3: 180, 2: 29}","{1: 110, 2: 73, 0: 67}","{1: 99, 2: 81, 0: 70}","{1: 151, 2: 48, 0: 51}","{1: 139, 2: 55, 0: 56}",0.05786258786013498,0.03145746566727185,0.07454569240782657,0.09785620491388734,0.10735388270691898,0.06429623268344536,0.1502311451716629,0.1410108286511732,0.021880891761468655,0.08077156529342762,0.08062754441816154,0.10054245040170924
80,0,max_steps,1,0,0,-164.31328744472677,2500,,,0.19215596562043488,0.1,-0.004661187995225191,1.3211133480072021,-57.82571029663086,90.50653839111328,0.0,35.68671255527507,1045,-200.00000000000887,0.0,0.0,-0.0657253149778907,{0: 250},"{3: 154, 2: 82, 4: 14}","{1: 184, 2: 54, 0: 12}","{1: 110, 2: 62, 0: 78}","{1: 214, 2: 28, 0: 8}","{1: 153, 2: 53, 0: 44}",0.02480473800649109,0.03127530892427445,0.03883643731175204,0.07418265243431583,0.0718370833026766,0.0601952389450901,0.11003952497024151,0.13284376793831523,,,,
90,0,max_steps,1,1,0,399.72796549351324,2500,1873.0,1873.0,0.19119734466712712,0.1,-0.002894752658903599,1.4041802883148193,-57.82571029663086,118.27912139892578,500.0,99.64796549350933,1750,-199.92000000000886,0.0,0.0,0.1598911861974053,"{1: 70, 2: 114, 3: 3, 5: 19, 6: 44}","{1: 19, 2: 84, 3: 110, 6: 13, 5: 11, 4: 13}","{1: 164, 0: 55, 2: 31}","{1: 99, 0: 69, 2: 82}","{1: 200, 0: 31, 2: 19}","{1: 154, 2: 47, 0: 49}",0.03373675686676736,0.03879841960704015,0.04699454178950548,0.06569042423613833,0.08269433127234635,0.09441358326177245,0.12091379139076025,0.1633998613589672,0.07558845312169073,0.024494123804720543,0.12903345678577838,0.11709627379762026
100,0,max_steps,1,0,0,-86.33255665893623,2500,,,0.19024350604846688,0.1,-0.00019631386385299265,1.4560647010803223,-57.82571029663086,95.06319427490234,0.0,113.66744334106212,1447,-200.00000000000887,0.0,0.0,-0.03453302266357449,"{1: 115, 0: 63, 2: 72}","{5: 12, 4: 13, 3: 168, 2: 57}","{1: 137, 2: 47, 0: 66}","{1: 126, 2: 87, 0: 37}","{1: 183, 2: 22, 0: 45}","{1: 145, 2: 58, 0: 47}",0.04462080330819862,0.029731685187991005,0.06612260208100178,0.08741233782118744,0.08989502073366172,0.057449776584547786,0.12650557094123127,0.13200862334167465,0.03498220061077801,0.013797740764639849,0.017507006841886056,0.07487189059370356
110,0,max_steps,1,0,0,-137.84849692968857,2500,,,0.18929442590651052,0.1,0.0007214022916741669,1.5342930555343628,-57.82571029663086,96.11671447753906,0.0,62.1515030703096,1073,-200.00000000000887,0.0,0.0,-0.055139398771875424,"{4: 45, 5: 47, 6: 158}","{2: 117, 3: 133}","{1: 131, 0: 81, 2: 38}","{1: 156, 0: 55, 2: 39}","{1: 184, 0: 47, 2: 19}","{1: 176, 0: 52, 2: 22}",0.048073166620770394,0.02290304838207925,0.05896525126675267,0.06907078830516233,0.08696675273030673,0.06047795724856542,0.12949526072183526,0.1426796240230081,,,,
120,0,max_steps,1,0,0,-79.24268846544204,2500,,,0.18835008050233615,0.1,-0.0051664384081959724,1.7354717254638672,-86.29707336425781,123.29063415527344,0.0,120.75731153455634,1514,-200.00000000000887,0.0,0.0,-0.03169707538617682,"{1: 129, 0: 49, 2: 72}","{4: 10, 3: 163, 2: 77}","{1: 112, 2: 70, 0: 68}","{1: 167, 2: 53, 0: 30}","{1: 144, 2: 56, 0: 50}","{1: 96, 2: 68, 0: 86}",0.058233564270246396,0.01617268968301528,0.08533304946804925,0.11329498859429393,0.11305371716222759,0.05856159609968509,0.16541665115294502,0.21136337310776748,,,,
130,0,max_steps,1,0,0,-108.55652866519746,2500,,,0.18741044621544964,0.1,-0.00653632078319788,1.7893000841140747,-82.71585845947266,139.8192901611328,0.0,91.44347133480062,1170,-200.00000000000887,0.0,0.0,-0.04342261146607899,"{2: 220, 1: 30}","{4: 25, 3: 167, 2: 58}","{1: 128, 2: 72, 0: 50}","{1: 137, 2: 67, 0: 46}","{1: 161, 2: 52, 0: 37}","{1: 133, 2: 62, 0: 55}",0.04783427136779897,0.028435286420904562,0.07349318972095711,0.09950605238345524,0.0845243848326199,0.06499316305932977,0.12571982443922605,0.14796099624581616,0.06391509433976635,0.10902684708432112,0.12325022349516267,0.10491643788400257
140,0,max_steps,1,0,0,-94.54139848573352,2500,,,0.186475499543194,0.1,-0.0019448850071057677,1.8702523708343506,-82.71585845947266,143.3549041748047,0.0,105.45860151426443,1163,-200.00000000000887,0.0,0.0,-0.03781655939429341,"{5: 86, 4: 45, 6: 119}","{4: 52, 3: 175, 2: 23}","{1: 113, 2: 58, 0: 79}","{1: 90, 2: 94, 0: 66}","{1: 136, 2: 47, 0: 67}","{1: 132, 2: 57, 0: 61}",0.05699732384798036,0.03146532357328116,0.0928760086027852,0.09801451492848837,0.14444023851695717,0.05267331665812758,0.18433951258177492,0.18555152955052454,,,,
150,0,max_steps,1,0,0,-132.02576204012698,2500,,,0.18554521710016156,0.1,0.0011860872618854046,1.9356820583343506,-82.71585845947266,113.56151580810547,0.0,67.97423795987092,1114,-200.00000000000887,0.0,0.0,-0.05281030481605079,"{2: 218, 1: 32}","{3: 133, 4: 92, 2: 25}","{1: 195, 0: 38, 2: 17}","{1: 114, 0: 84, 2: 52}","{1: 216, 0: 22, 2: 12}","{1: 208, 0: 20, 2: 22}",0.018553740330552102,0.031111353874044255,0.025230436550917296,0.03191628705540579,0.07603347039357507,0.06596719993025237,0.11420832410239411,0.10852716366115445,0.05105131227498282,0.03801629730374614,0.05787985315934631,0.07702184559325441
160,0,max_steps,1,1,0,422.9184051393132,2500,617.0,617.0,0.1846195756176088,0.1,0.0024015363305807114,1.9974631071090698,-82.71585845947266,136.9864959716797,500.0,122.83840513930137,1544,-199.92000000000886,0.0,0.0,0.1691673620557253,"{3: 54, 4: 119, 5: 77}","{5: 15, 4: 17, 3: 124, 2: 44, 0: 37, 1: 13}","{1: 156, 0: 64, 2: 30}","{1: 82, 2: 65, 0: 103}","{1: 199, 0: 31, 2: 20}","{1: 209, 2: 11, 0: 30}",0.03620989031394581,0.03597499598406728,0.0448590438134559,0.05727161793439746,0.07834889835931257,0.11536245555173749,0.11239985279596905,0.1122762026021144,0.097491385549423,0.13553667118883053,0.11444595230875285,0.14826151687698177
170,0,max_steps,1,0,0,-102.07743952081674,2500,,,0.18369855194287457,0.1,0.0037253666669130325,2.0297443866729736,-82.71585845947266,136.9864959716797,0.0,97.92256047918121,1178,-200.00000000000887,0.0,0.0,-0.040830975808326696,"{2: 153, 1: 97}","{2: 43, 3: 207}","{1: 112, 2: 68, 0: 70}","{1: 173, 0: 45, 2: 32}","{1: 162, 0: 46, 2: 42}","{1: 118, 0: 70, 2: 62}",0.054610626106178096,0.018222710323452275,0.07609228950957908,0.10105134772382454,0.09343003131884633,0.03876624864325909,0.1410347681777036,0.14561596122469306,,,,
180,0,max_steps,1,0,0,-90.93544173499497,2500,,,0.18278212303880104,0.1,0.007928385399281979,2.1398825645446777,-82.71585845947266,125.34201049804688,0.0,109.06455826500301,1289,-200.00000000000887,0.0,0.0,-0.036374176693997985,"{0: 180, 1: 70}","{3: 228, 4: 5, 2: 17}","{1: 89, 0: 75, 2: 86}","{1: 183, 0: 35, 2: 32}","{1: 111, 0: 59, 2: 80}","{1: 76, 0: 83, 2: 91}",0.06633537334226561,0.019155635198000797,0.1078058434276622,0.12605468891396726,0.1079364097655846,0.03563382189575787,0.1679127556200615,0.20091107062570682,,,,
190,0,max_steps,1,1,0,397.44652047960034,2500,1285.0,1285.0,0.18187026598315706,0.1,0.016320763155817986,2.3259475231170654,-82.71585845947266,145.98797607421875,500.0,97.36652047959163,1833,-199.92000000000886,0.0,0.0,0.15897860819184015,"{0: 60, 1: 18, 2: 47, 3: 3, 4: 87, 5: 35}","{5: 16, 4: 20, 3: 126, 2: 74, 1: 14}","{1: 162, 0: 71, 2: 17}","{1: 119, 2: 72, 0: 59}","{1: 208, 0: 33, 2: 9}","{1: 202, 0: 43, 2: 5}",0.025836735705233208,0.03149561838789529,0.03208334765215,0.04604873642629237,0.08091228682418357,0.06912815137484003,0.11529541646674986,0.11473168868892211,0.07900099571781113,0.035919390032457664,0.11792138411381613,0.09932815042765722
200,0,crash,1,0,1,-317.875143483411,2007,,,0.1809629579680653,0.1,0.01515343226492405,2.4620485305786133,-82.71585845947266,181.2172393798828,0.0,34.38098151532767,619,-160.5600000000027,-111.6961249987408,-80.0,-0.15838323043518238,"{4: 52, 5: 44, 6: 104}","{2: 56, 3: 144}","{1: 102, 0: 79, 2: 19}","{1: 123, 0: 47, 2: 30}","{1: 127, 0: 62, 2: 11}","{1: 99, 0: 57, 2: 44}",0.04666139172283029,0.023566691280092984,0.06551277119438997,0.10034020991100909,0.11805907128928454,0.06850174110622238,0.17097499952077577,0.13386188231356708,,,,
210,0,max_steps,1,0,0,-1853.7914543108675,2500,,,0.18006017629943158,0.1,0.013441912829875946,2.7131316661834717,-77.88166046142578,204.08270263671875,0.0,41.23681048952947,906,-200.00000000000887,-1695.0282648004072,0.0,-0.741516581724347,"{4: 45, 5: 20, 6: 185}","{2: 144, 3: 106}","{1: 150, 0: 85, 2: 15}","{1: 152, 0: 52, 2: 46}","{1: 197, 0: 53}","{1: 155, 0: 48, 2: 47}",0.041016321981325175,0.02644298750595739,0.0571601565819237,0.08417618389423835,0.09799532149024583,0.05494477654787981,0.12724306388554338,0.12455179903450546,,,,
220,0,max_steps,1,1,0,415.07713544495635,2500,1213.0,1213.0,0.1791618983963771,0.1,0.017966140061616898,2.855881452560425,-77.88166046142578,207.67718505859375,500.0,114.99713544494642,1720,-199.92000000000886,0.0,0.0,0.16603085417798255,"{1: 66, 0: 25, 2: 134, 3: 25}","{5: 14, 4: 20, 3: 174, 2: 21, 0: 13, 1: 8}","{1: 186, 0: 46, 2: 18}","{1: 162, 2: 47, 0: 41}","{1: 225, 0: 25}","{1: 228, 0: 15, 2: 7}",0.026711771133969248,0.02261500674099927,0.03179796487865243,0.03739526930799113,0.08092804620833179,0.09631367230260665,0.09777697226746682,0.09909510475567929,0.04948431953783153,0.010467484816086973,0.06589636953180908,0.054001994087413276
230,0,max_steps,1,0,0,-132.41359012261557,2500,,,0.1782681017906739,0.1,0.01859998144209385,2.922872543334961,-77.88166046142578,207.67718505859375,0.0,67.58640987738451,1697,-200.00000000000887,0.0,0.0,-0.05296543604904623,"{0: 78, 1: 84, 2: 88}","{5: 10, 4: 19, 3: 192, 2: 29}","{1: 235, 0: 15}","{1: 202, 2: 45, 0: 3}","{1: 233, 0: 17}","{1: 238, 0: 9, 2: 3}",0.011245993381153948,0.007957488595340486,0.015012609868190654,0.02144265169373316,0.03940146744615002,0.06054235043554466,0.05463544347816398,0.06631036219378134,,,,
240,0,max_steps,1,1,0,325.79617337846173,2500,116.0,116.0,0.1773787641261826,0.1,0.0224973876029253,3.0877439975738525,-77.88166046142578,236.85887145996094,500.0,25.716173378435805,788,-199.92000000000886,0.0,0.0,0.1303184693513847,"{3: 11, 5: 69, 4: 15, 6: 155}","{4: 23, 2: 44, 3: 183}","{1: 191, 0: 59}","{1: 132, 2: 53, 0: 65}","{1: 232, 0: 18}","{1: 216, 0: 25, 2: 9}",0.023099697301504026,0.028795999154729433,0.03348305434707309,0.0497086631335136,0.06349969056681574,0.046301177806883746,0.0849828884705514,0.1037416252818972,0.005174682606828556,0.10036955775730086,0.039457371951728576,0.09774552747384874
250,0,crash,1,0,1,-432.5492122397768,2274,,,0.17649386315829346,0.1,0.01994423009455204,3.161226987838745,-77.95222473144531,243.59754943847656,0.0,44.840322109993544,834,-181.92000000000604,-215.46953434977215,-80.0,-0.1902151329110716,"{6: 174, 5: 43, 4: 10}","{4: 29, 3: 124, 2: 74}","{1: 107, 2: 29, 0: 91}","{1: 107, 2: 73, 0: 47}","{1: 141, 2: 20, 0: 66}","{1: 110, 2: 56, 0: 61}",0.05480273891372213,0.030766343916804544,0.06647185955012647,0.10080595938480166,0.11389272194462378,0.06920959867964163,0.156645968347306,0.17065912870892233,,,,
260,0,success,1,2,0,1003.9085826492402,873,436.5,436.5,0.17561337675336977,0.1,0.023874431848526,3.289656639099121,-77.45805358886719,205.43739318847656,1000.0,73.5885826492404,657,-69.67999999999887,0.0,0.0,1.1499525574447196,"{1: 49, 2: 18, 3: 20}","{2: 17, 3: 52, 5: 9, 4: 9}","{1: 43, 0: 44}","{1: 51, 0: 20, 2: 16}","{1: 62, 0: 25}","{1: 75, 0: 11, 2: 1}",0.05641240594207976,0.027120575224256274,0.050233634151356205,0.07000400408206885,0.11511229738047957,0.13563625655511347,0.13111380572071002,0.10094753254038381,0.12241185503921592,0.1599582881673919,0.11956115055820019,0.09917708204167296
270,0,crash,1,0,1,-330.5845272001146,1861,,,0.1747372828881944,0.1,0.026403602212667465,3.400588035583496,-77.45805358886719,211.59912109375,0.0,27.9421532284273,735,-148.88000000000088,-129.6466804285435,-80.0,-0.17763811241274294,"{4: 83, 5: 48, 6: 55}","{5: 7, 4: 37, 3: 119, 2: 23}","{1: 110, 0: 70, 2: 6}","{1: 94, 2: 73, 0: 19}","{1: 132, 0: 52, 2: 2}","{1: 104, 0: 42, 2: 40}",0.04166054246504053,0.029763140180872123,0.0669932146048983,0.0773639080340956,0.15895397109824286,0.06230921458191031,0.21668666826593974,0.19001448724710085,,,,
280,0,max_steps,1,0,0,-78.20971625294375,2500,,,0.1738655596494188,0.1,0.03191502392292023,3.441863536834717,-77.45805358886719,210.7378387451172,0.0,121.79028374705459,1245,-200.00000000000887,0.0,0.0,-0.0312838865011775,"{6: 100, 5: 110, 4: 40}","{5: 2, 4: 18, 3: 133, 2: 97}","{1: 95, 2: 74, 0: 81}","{1: 132, 2: 90, 0: 28}","{1: 124, 2: 67, 0: 59}","{1: 113, 2: 76, 0: 61}",0.06755481103342724,0.028819919234677367,0.10004194943147711,0.10184204305926854,0.11685214219171856,0.06254143455382138,0.1651243798362665,0.1954517294011911,,,,
290,0,max_steps,1,0,0,-87.57859871335802,2500,,,0.17299818523301508,0.1,0.03285442292690277,3.511075496673584,-76.36221313476562,239.59120178222656,0.0,112.42140128663989,1121,-200.00000000000887,0.0,0.0,-0.03503143948534321,"{4: 105, 5: 105, 6: 40}","{3: 145, 2: 103, 4: 2}","{1: 103, 0: 76, 2: 71}","{1: 143, 2: 62, 0: 45}","{1: 140, 2: 62, 0: 48}","{1: 134, 2: 61, 0: 55}",0.06036767048073366,0.027434081305746007,0.08219956880084328,0.09551933000794921,0.11794761586051264,0.05577317502947036,0.18835569272873356,0.1762006019654826,,,,
300,0,max_steps,1,0,0,-93.2750915120992,2500,,,0.17213513794373045,0.1,0.034632034599781036,3.547983407974243,-76.36221313476562,239.59120178222656,0.0,106.724908487899,1386,-200.00000000000887,0.0,0.0,-0.037310036604839676,"{5: 120, 4: 43, 6: 87}","{2: 95, 3: 155}","{1: 105, 2: 73, 0: 72}","{1: 131, 0: 79, 2: 40}","{1: 150, 2: 49, 0: 51}","{1: 143, 2: 50, 0: 57}",0.06096977485977869,0.029227947243376767,0.08061983445078236,0.09708917394397956,0.10771551061365738,0.050356919523698425,0.15979359851804423,0.17971108933204655,,,,
310,0,max_steps,1,0,0,-111.93689116305129,2500,,,0.17127639619454463,0.1,0.03917112573981285,3.662867784500122,-76.36221313476562,259.677001953125,0.0,88.06310883694705,1151,-200.00000000000887,0.0,0.0,-0.044774756465220514,"{5: 93, 4: 134, 3: 11, 6: 12}","{4: 4, 3: 149, 2: 97}","{1: 127, 2: 58, 0: 65}","{1: 179, 2: 49, 0: 22}","{1: 168, 2: 48, 0: 34}","{1: 156, 0: 48, 2: 46}",0.04948887841859259,0.02177611424351175,0.07273363772615322,0.08427704024211002,0.10701645203791157,0.03703496935439513,0.14235362638112758,0.1700014178817593,0.07496633654997495,0.028564900228146273,0.10707464876191007,0.10127489411291254
320,0,max_steps,1,0,0,-110.11525504936961,2500,,,0.17042193850612988,0.1,0.04192708805203438,3.6868174076080322,-76.36221313476562,228.36465454101562,0.0,89.88474495062857,1198,-200.00000000000887,0.0,0.0,-0.044046102019747846,"{4: 83, 5: 118, 6: 49}","{4: 13, 3: 182, 2: 55}","{1: 155, 0: 45, 2: 50}","{1: 173, 2: 54, 0: 23}","{1: 178, 0: 35, 2: 37}","{1: 155, 0: 54, 2: 41}",0.03123328241540809,0.018232471436471005,0.047896844542583125,0.07043645469729828,0.12076971440706327,0.0447406230344535,0.15018562751781778,0.16908169483839774,,,,
330,0,max_steps,1,0,0,-93.93475160004907,2500,,,0.16957174350631385,0.1,0.04437704384326935,3.759002208709717,-76.36221313476562,228.36465454101562,0.0,106.06524839994938,1380,-200.00000000000887,0.0,0.0,-0.03757390064001963,"{5: 131, 6: 80, 4: 39}","{5: 8, 4: 11, 3: 115, 2: 116}","{1: 118, 0: 68, 2: 64}","{1: 146, 2: 72, 0: 32}","{1: 169, 0: 41, 2: 40}","{1: 166, 0: 54, 2: 30}",0.05341931373069335,0.02526435703769217,0.061992942411487145,0.08380327167608115,0.10571314957205626,0.07548122625482737,0.14136698250626026,0.13809608077737381,,,,
340,0,max_steps,1,0,0,-112.7571094360744,2500,,,0.168725789929545,0.1,0.04450615122914314,3.8765769004821777,-75.01565551757812,279.4044189453125,0.0,87.242890563924,1444,-200.00000000000887,0.0,0.0,-0.04510284377442976,"{1: 138, 2: 112}","{4: 17, 3: 171, 2: 62}","{1: 150, 0: 60, 2: 40}","{1: 149, 2: 66, 0: 35}","{1: 202, 0: 30, 2: 18}","{1: 179, 0: 44, 2: 27}",0.040753166708445004,0.02400818911888893,0.059563532573299764,0.07467884492759574,0.07480333174375961,0.05044537385927584,0.11135894352354266,0.11963595087449573,,,,
350,0,max_steps,1,1,0,372.58969045979234,2500,1471.0,1471.0,0.16788405661636044,0.1,0.04771163687109947,3.9048960208892822,-75.01565551757812,260.93170166015625,500.0,72.5096904597829,1305,-199.92000000000886,0.0,0.0,0.14903587618391692,"{2: 191, 1: 39, 3: 20}","{2: 35, 3: 195, 4: 20}","{1: 169, 2: 46, 0: 35}","{1: 195, 0: 49, 2: 6}","{1: 199, 2: 30, 0: 21}","{1: 185, 2: 27, 0: 38}",0.028068188842167847,0.011712514698907698,0.04004546137510867,0.06368917516303885,0.08052862121094556,0.03476132346663943,0.12134126173870749,0.12828261215797465,0.03702352322899243,0.0801326213222909,0.018865680937821115,0.07156350959882561
360,0,max_steps,1,0,0,-104.96761567046025,2500,,,0.16704652251285695,0.1,0.050886623561382294,4.031239032745361,-75.01565551757812,311.8982849121094,0.0,96.02144019168354,1098,-200.00000000000887,-0.9890558621461076,0.0,-0.0419870462681841,"{4: 33, 5: 43, 6: 174}","{2: 102, 3: 148}","{1: 98, 0: 87, 2: 65}","{1: 143, 0: 55, 2: 52}","{1: 142, 0: 60, 2: 48}","{1: 142, 0: 63, 2: 45}",0.06606311481052493,0.026422776209464375,0.09019802239649363,0.09615317600705825,0.1210505664031044,0.056812254642185166,0.17591584301082008,0.1856372405506198,,,,
370,0,max_steps,1,0,0,-63.5532731689,2500,,,0.16621316667016436,0.1,0.05423557385802269,4.054004192352295,-75.01565551757812,263.86688232421875,0.0,136.44672683109798,1288,-200.00000000000887,0.0,0.0,-0.025421309267559998,"{5: 68, 6: 170, 4: 12}","{5: 11, 4: 39, 3: 118, 2: 82}","{1: 116, 0: 63, 2: 71}","{1: 102, 2: 101, 0: 47}","{1: 147, 0: 45, 2: 58}","{1: 139, 0: 61, 2: 50}",0.057034682877324674,0.03378219753104994,0.07710734392958621,0.09601957979760697,0.11592123786179215,0.08284457594397618,0.17050349777205054,0.14826841330311308,0.05363458527197828,0.030735649623995883,0.2262996666743459,0.4063715935827579
380,0,crash,1,0,1,-456.5427523719045,2426,,,0.1653839682439214,0.1,0.05939356982707977,4.173383712768555,-74.99910736083984,261.6549072265625,0.0,96.03137106925143,680,-194.08000000000794,-278.49412344115666,-80.0,-0.1881874494525575,"{4: 29, 5: 40, 6: 173}","{4: 20, 3: 163, 2: 59}","{1: 82, 0: 119, 2: 41}","{1: 145, 2: 64, 0: 33}","{1: 116, 0: 88, 2: 38}","{1: 109, 0: 72, 2: 61}",0.08221593763889704,0.02535876338672164,0.10501135458994484,0.10268794997742257,0.16971834723225537,0.0423856900783815,0.2088167997989353,0.17313951297955593,,,,
390,0,crash,1,0,1,-393.12508960100945,1607,,,0.1645589064937545,0.1,0.06429571658372879,4.447113513946533,-74.413818359375,321.8348083496094,0.0,0.17993050164900604,90,-128.5599999999977,-184.74502010266053,-80.0,-0.2446329120105846,"{5: 26, 6: 134}","{3: 143, 4: 9, 2: 8}","{1: 91, 0: 69}","{1: 84, 0: 38, 2: 38}","{1: 117, 0: 43}","{1: 107, 0: 36, 2: 17}",0.042044348492556394,0.028975168639411814,0.04531030488825083,0.08363142464783034,0.09235339765130102,0.03970480491127173,0.13015259044701913,0.11710950547772912,,,,
400,0,success,1,2,0,1016.5177294139185,1058,529.0,529.0,0.1637379607827588,0.1,0.07108206301927567,4.628749847412109,-74.413818359375,370.0612487792969,1000.0,100.99772941391838,787,-84.47999999999855,0.0,0.0,0.9607918047390533,"{3: 15, 0: 2, 1: 31, 2: 57}","{1: 6, 2: 9, 6: 29, 5: 10, 4: 29, 3: 22}","{1: 60, 0: 33, 2: 12}","{1: 32, 0: 20, 2: 53}","{1: 67, 0: 29, 2: 9}","{1: 70, 0: 24, 2: 11}",0.04107599561547693,0.05686556869728791,0.06674118394432212,0.07178903658017233,0.10456304607126454,0.12488143810587218,0.19306427430243978,0.150682634394724,0.18737066677876385,0.16115119377005654,0.2652590471119844,0.024243971877982093
410,1,max_steps,3,1,0,405.95025253143575,3000,616.0,616.0,0.5973053937047229,0.1,0.07733599841594696,4.74082088470459,-75.56983184814453,370.0612487792969,500.0,145.8702525314388,2053,-239.9200000000151,0.0,0.0,0.13531675084381192,"{3: 24, 2: 37, 0: 209, 1: 30}","{5: 12, 4: 28, 3: 186, 2: 33, 0: 34, 1: 7}","{1: 231, 2: 23, 0: 46}","{1: 167, 2: 60, 0: 73}","{1: 281, 0: 16, 2: 3}","{1: 259, 0: 12, 2: 29}",0.029685648410151512,0.02629562569368011,0.043906070960495175,0.0574524955020028,0.062245629489166426,0.12605578368328302,0.08704515158230934,0.11041656341434655,0.05339087418622205,0.021549049591737812,0.055968098892075664,0.07628895173061183
420,1,max_steps,3,0,0,-2141.9818305300723,3000,,,0.5943255774701328,0.1,0.0729340985417366,4.912659168243408,-87.58954620361328,370.0612487792969,0.0,37.04954098781017,1366,-240.00000000001512,-1939.0313715178813,0.0,-0.7139939435100241,{6: 300},"{0: 24, 1: 15, 2: 34, 3: 212, 4: 15}","{1: 234, 0: 66}","{1: 165, 0: 115, 2: 20}","{1: 256, 0: 44}","{1: 244, 0: 24, 2: 32}",0.019354575164271724,0.025831427842690102,0.02540906462908043,0.030915415312933462,0.08947038220919919,0.05884084242739938,0.1267374076720254,0.11529545101799919,,,,
430,1,max_steps,3,0,0,-113.47850960154084,3000,,,0.5913606268384412,0.1,0.07073857635259628,4.9706902503967285,-87.69707489013672,370.0612487792969,0.0,126.52149039845843,1824,-240.00000000001512,0.0,0.0,-0.03782616986718028,"{5: 74, 4: 226}","{1: 9, 2: 51, 3: 240}","{1: 166, 2: 83, 0: 51}","{1: 227, 0: 47, 2: 26}","{1: 231, 2: 36, 0: 33}","{1: 195, 0: 74, 2: 31}",0.04489985575339535,0.014917251788965379,0.06705648441410675,0.08420856359998888,0.08224386090067944,0.052032674180593555,0.11459097954265161,0.1286588133732415,0.06793233668823034,0.037171645739352076,0.14455173684518743,0.13227982544077319
440,1,max_steps,3,1,0,392.7785248689935,3000,2387.0,2387.0,0.5884104676486487,0.1,0.08089698106050491,5.109859943389893,-87.69707489013672,325.22772216796875,500.0,132.698524868993,2062,-239.9200000000151,0.0,0.0,0.13092617495633116,"{5: 130, 4: 105, 3: 3, 1: 52, 2: 10}","{4: 58, 3: 160, 2: 62, 0: 10, 1: 10}","{1: 217, 0: 42, 2: 41}","{1: 155, 2: 70, 0: 75}","{1: 260, 0: 16, 2: 24}","{1: 248, 2: 22, 0: 30}",0.026102492355509106,0.029540138289923273,0.04094958246557896,0.051933635219318,0.08036351791645976,0.08619456224911431,0.11122726698703632,0.11019485100222616,0.11004738014453766,0.03145375174394652,0.04769308446485104,0.12664071862021137
450,1,crash,3,1,1,-916.3867800268517,2919,374.0,374.0,0.5854750261097281,0.1,0.07171817868947983,5.234872817993164,-88.60791778564453,341.87750244140625,500.0,77.99307533958181,1285,-233.4400000000141,-1180.9398553664294,-80.0,-0.3139386022702473,"{3: 37, 4: 2, 5: 21, 6: 231}","{0: 14, 1: 10, 2: 53, 6: 50, 5: 6, 4: 24, 3: 134}","{1: 208, 0: 81, 2: 2}","{1: 115, 0: 77, 2: 99}","{1: 247, 0: 44}","{1: 248, 0: 23, 2: 20}",0.025709093711508424,0.03848477526694364,0.03477483845285686,0.053978445127788745,0.08826657127652124,0.10103798817041436,0.11215198918352134,0.10775285033158631,0.02126647355230233,0.07457737689733233,0.04703048022947797,0.1150308024340872
460,1,max_steps,3,1,0,327.020206881415,3000,1932.0,1932.0,0.5825542287987778,0.1,0.07241012156009674,5.310133934020996,-91.30225372314453,341.87750244140625,500.0,78.22607783073572,2249,-239.9200000000151,-11.285870949320909,0.0,0.10900673562713833,"{1: 17, 2: 144, 3: 32, 6: 107}","{3: 238, 4: 27, 6: 17, 5: 11, 2: 7}","{1: 275, 0: 4, 2: 21}","{1: 229, 0: 14, 2: 57}","{1: 287, 2: 13}","{1: 290, 2: 5, 0: 5}",0.013303915006847675,0.015341504670807443,0.019081470970902112,0.027429210838214646,0.0480538731397079,0.07237942402960677,0.06781673240883114,0.08353954345281762,0.02497866303189963,0.018543907308360478,0.03479479189339276,0.037353039868425794
470,1,max_steps,3,0,0,-513.6984418546114,3000,,,0.5796480026591864,0.1,0.07087597250938416,5.336530685424805,-92.32237243652344,341.87750244140625,0.0,77.37589303484917,1447,-240.00000000001512,-351.07433488945895,0.0,-0.1712328139515371,"{5: 45, 6: 255}","{0: 18, 1: 26, 2: 79, 3: 177}","{1: 211, 0: 65, 2: 24}","{1: 148, 0: 102, 2: 50}","{1: 263, 2: 4, 0: 33}","{1: 230, 0: 36, 2: 34}",0.03467429358224294,0.030303081787542773,0.05278285434999465,0.05895427558500045,0.07295835502295306,0.0569140709833476,0.10693154016013408,0.1207608394303004,,,,
480,1,crash,3,2,1,-94.21354874184398,2010,629.0,629.0,0.5767562749988039,0.1,0.07247023284435272,5.553289413452148,-89.67657470703125,326.74176025390625,1000.0,72.94983668917125,1146,-160.64000000000271,-926.5233854310142,-80.0,-0.04687241230937511,"{1: 25, 2: 95, 3: 5, 6: 76}","{2: 30, 3: 160, 4: 11}","{1: 147, 0: 54}","{1: 106, 0: 63, 2: 32}","{1: 171, 0: 30}","{1: 187, 0: 12, 2: 2}",0.027944868497374833,0.02930290545998515,0.02545069799400005,0.04160943422547497,0.09097902598080577,0.07264509161059193,0.11694971545618478,0.0880134225313485,0.05820484858701373,0.03109627665146815,0.020852960788752112,0.05815217584302347
490,1,max_steps,3,1,0,357.60737682648426,3000,1105.0,1105.0,0.5738789734881251,0.1,0.06602887809276581,5.707289218902588,-115.78062438964844,307.80718994140625,500.0,97.52737682648737,1568,-239.9200000000151,0.0,0.0,0.11920245894216142,"{1: 71, 2: 37, 3: 2, 6: 190}","{5: 15, 4: 13, 3: 227, 2: 45}","{1: 213, 2: 20, 0: 67}","{1: 223, 2: 41, 0: 36}","{1: 252, 2: 4, 0: 44}","{1: 250, 2: 23, 0: 27}",0.029481487804093723,0.016363320538962986,0.04034169880893118,0.04448452107563705,0.08130259708187454,0.06374564140263474,0.11629406544717685,0.11089193049593324,0.11570071433436858,0.027369730731101723,0.10008604702791894,0.06775842408928102
500,1,crash,3,0,1,-443.6855422684114,1278,,,0.5710160261584795,0.1,0.062413863837718964,5.855197906494141,-126.53729248046875,307.80718994140625,0.0,4.143999916076461,253,-102.23999999999818,-265.58954218448815,-80.0,-0.34717178581252844,"{4: 61, 5: 33, 6: 33}","{3: 114, 4: 7, 2: 6}","{1: 67, 0: 60}","{1: 72, 0: 33, 2: 22}","{1: 84, 0: 43}","{1: 87, 0: 15, 2: 25}",0.042675300210390295,0.02754926740672162,0.03669525707550493,0.0783810040782281,0.15794315988952573,0.051612593386218715,0.1885243635696234,0.1347192801608875,0.006175021877347757,0.0520938358996926,0.04981241551819896,0.10006980190173474
510,1,max_steps,3,0,0,-135.38337254281984,3000,,,0.5681673614002314,0.1,0.062118299305438995,5.970011234283447,-125.567626953125,266.7580871582031,0.0,104.6166274571792,1370,-240.00000000001512,0.0,0.0,-0.04512779084760661,"{6: 284, 5: 16}","{2: 75, 3: 212, 4: 13}","{1: 160, 2: 72, 0: 68}","{1: 142, 0: 87, 2: 71}","{1: 200, 2: 52, 0: 48}","{1: 177, 2: 63, 0: 60}",0.045532406619230546,0.031004187416763723,0.061371680369611874,0.08657823972532903,0.10243290898679672,0.05702371195709674,0.14887655071077202,0.158545111270754,,,,
520,1,max_steps,3,1,0,125.75106850801703,3000,255.0,255.0,0.5653329079609887,0.1,0.06622815132141113,6.058793067932129,-122.49226379394531,283.2275390625,500.0,113.33804730132162,1614,-239.9200000000151,-247.6669787933008,0.0,0.04191702283600567,"{2: 23, 3: 2, 6: 275}","{4: 17, 3: 169, 0: 35, 1: 16, 2: 63}","{1: 175, 0: 72, 2: 53}","{1: 143, 2: 58, 0: 99}","{1: 238, 2: 26, 0: 36}","{1: 227, 2: 35, 0: 38}",0.043821363715835907,0.031242396041407824,0.05633270782887152,0.0636642390715628,0.07895249912813095,0.08134345312859284,0.11906208818324178,0.12469683928814948,0.06979587110812782,0.0448159752491573,0.09587493630036861,0.06453202483502367
530,1,success,3,3,0,1495.2898127073045,2370,790.0,485.0,0.5625125949438204,0.1,0.06850182265043259,6.217724800109863,-118.5654525756836,283.2275390625,1500.0,184.6498127073063,1987,-189.3600000000072,0.0,0.0,0.6309239716064576,"{3: 80, 1: 84, 2: 72, 5: 1}","{6: 27, 5: 22, 4: 30, 0: 40, 1: 20, 2: 41, 3: 57}","{1: 195, 0: 42}","{1: 74, 2: 95, 0: 68}","{1: 221, 0: 16}","{1: 216, 2: 8, 0: 13}",0.028698847236321892,0.05722193402060624,0.04441699100237729,0.05150470445529972,0.0687843373068631,0.11128649055836823,0.08977086431273407,0.09443081350862875,0.06757228591584563,0.12469361653863308,0.06221455139133705,0.10126691245859354
540,1,max_steps,3,0,0,-189.45333538002137,3000,,,0.5597063518054846,0.1,0.06402932852506638,6.220804691314697,-114.74017333984375,283.2275390625,0.0,50.54666461997857,1772,-240.00000000001512,0.0,0.0,-0.06315111179334046,{2: 300},"{1: 4, 2: 66, 3: 222, 4: 8}",{1: 300},"{1: 226, 0: 50, 2: 24}",{1: 300},"{1: 299, 0: 1}",0.014631439188332223,0.013997009371483293,0.01800040547351265,0.025229913346787224,0.03646212890953052,0.054439641426769825,0.0486692144112165,0.05656748159000614,,,,
550,1,crash,3,0,1,-1005.3376547217803,1941,,,0.5569141083546617,0.1,0.05013836920261383,6.396946430206299,-142.69424438476562,289.9474182128906,0.0,25.532669316829907,431,-155.28000000000188,-795.5903240386101,-80.0,-0.5179483022780939,"{4: 26, 5: 21, 6: 147}","{2: 24, 3: 170}","{1: 93, 0: 84, 2: 17}","{1: 133, 0: 31, 2: 30}","{1: 125, 0: 57, 2: 12}","{1: 119, 0: 36, 2: 39}",0.05266735541907219,0.017281812223271915,0.06656658216136102,0.08949929145650323,0.11099649225721957,0.04451282733675529,0.1448750613523415,0.14510792070188328,,,,
560,1,crash,3,1,1,-1317.9923661223727,2879,914.0,914.0,0.5541357947502011,0.1,0.042925283312797546,6.532012939453125,-139.80897521972656,266.382568359375,500.0,91.1849082906453,1553,-230.2400000000136,-1598.9372744130155,-80.0,-0.4577951949018314,"{0: 19, 1: 27, 2: 43, 3: 2, 5: 31, 6: 165}","{1: 17, 2: 53, 3: 191, 4: 26}","{1: 208, 0: 79}","{1: 129, 0: 100, 2: 58}","{1: 250, 0: 37}","{1: 260, 0: 15, 2: 12}",0.032367253473869,0.03217620485826598,0.04039109978008926,0.035940389157897434,0.08023129045309225,0.06315907753793831,0.1054617331702255,0.09688283183973229,0.08925756223193868,0.02138500468787005,0.1316534594799684,0.035481625926266365
570,1,crash,3,1,1,-4.371902039640901,1886,494.0,494.0,0.5513713414993732,0.1,0.04223449155688286,6.6298604011535645,-139.80897521972656,266.382568359375,500.0,33.29869760240939,925,-150.80000000000118,-306.87059964204826,-80.0,-0.002318081675313309,"{2: 42, 3: 7, 4: 35, 5: 44, 6: 60}","{4: 24, 3: 102, 2: 62}","{1: 126, 0: 62}","{1: 90, 2: 74, 0: 24}","{1: 146, 0: 42}","{1: 140, 0: 28, 2: 20}",0.03048176120420472,0.03231294106213772,0.04470193884428903,0.06451418786730968,0.10086145258696029,0.07647414817047159,0.13437966038666946,0.13586836194392266,0.04018682582622198,0.02178849637255473,0.025008296452050917,0.04055185296279821
580,1,max_steps,3,1,0,400.46726652564865,3000,1395.0,1395.0,0.5486206794561308,0.1,0.043296609073877335,6.74994421005249,-135.06256103515625,266.382568359375,500.0,140.38726652565057,2299,-239.9200000000151,0.0,0.0,0.13348908884188287,"{0: 105, 1: 13, 2: 20, 3: 1, 6: 133, 5: 28}","{4: 13, 3: 151, 2: 86, 0: 32, 1: 18}","{1: 221, 0: 70, 2: 9}","{1: 134, 2: 69, 0: 97}","{1: 252, 0: 48}","{1: 261, 2: 15, 0: 24}",0.030903623427323362,0.03273695680441428,0.04161214347985295,0.03815851749195802,0.10209205150799174,0.07432869164058123,0.11755826817015538,0.10302684016197336,0.08548072555272818,0.02692092341880232,0.05665419661554677,0.0867207225536649
590,1,max_steps,3,1,0,375.6813709114693,3000,345.0,345.0,0.5458837398193805,0.1,0.047184426337480545,6.861974239349365,-136.5963592529297,266.382568359375,500.0,115.60137091147233,1919,-239.9200000000151,0.0,0.0,0.12522712363715643,"{3: 34, 1: 57, 2: 209}","{6: 10, 5: 16, 4: 8, 0: 30, 1: 11, 2: 96, 3: 129}","{1: 262, 2: 9, 0: 29}","{1: 180, 2: 57, 0: 63}","{1: 286, 0: 14}","{1: 270, 2: 14, 0: 16}",0.017169898338707662,0.024729827975469586,0.021175705185571693,0.024435406279233032,0.055332525737218016,0.10831118485182765,0.08378356974082914,0.09978879587633319,0.024061776847777182,0.14165896370383763,0.10989481052515014,0.18474893641894455
600,1,success,3,3,0,1494.2228565144624,1077,359.0,358.0,0.5431604541312613,0.1,0.044188857078552246,6.94955587387085,-139.39471435546875,285.0195617675781,1500.0,80.14285651446285,875,-85.91999999999852,0.0,0.0,1.3873935529382195,"{2: 70, 3: 18, 4: 19}","{0: 12, 1: 8, 2: 34, 4: 27, 3: 26}","{1: 64, 0: 30, 2: 13}","{1: 32, 0: 34, 2: 41}","{1: 76, 0: 22, 2: 9}","{1: 77, 0: 14, 2: 16}",0.04510701643362768,0.03773616126028044,0.0649356589560331,0.043516818101959655,0.10761529766368802,0.10281732729733077,0.13368545941540538,0.13761132517993116,0.11810210369440673,0.07722889028871005,0.10622888789028523,0.13908799136279343
610,1,max_steps,3,0,0,-221.30683203298744,3000,,,0.5404507542754322,0.1,0.04312252998352051,7.059257507324219,-139.5163116455078,285.0195617675781,0.0,42.83130787755185,1184,-240.00000000001512,-24.138139910537397,0.0,-0.07376894401099582,"{4: 33, 5: 119, 6: 148}","{0: 9, 1: 17, 2: 34, 3: 194, 4: 46}","{1: 242, 0: 58}","{1: 152, 0: 105, 2: 43}","{1: 275, 0: 25}","{1: 267, 0: 10, 2: 23}",0.02458329835927864,0.02975592629267821,0.029200531484924054,0.03830371989327374,0.07516868611116351,0.061757670994810436,0.09475855487302455,0.101693963897359,,,,
620,1,max_steps,3,0,0,-160.42172348144715,3000,,,0.5377545724753688,0.1,0.043927308171987534,7.139017105102539,-138.30368041992188,286.8515319824219,0.0,79.5782765185529,1588,-240.00000000001512,0.0,0.0,-0.05347390782714905,"{6: 258, 5: 42}","{0: 14, 1: 19, 2: 57, 3: 191, 4: 19}","{1: 184, 2: 34, 0: 82}","{1: 147, 0: 98, 2: 55}","{1: 220, 2: 19, 0: 61}","{1: 177, 2: 58, 0: 65}",0.03977059944946377,0.03050293993751314,0.058038435429056734,0.09192119843470908,0.09010579998973955,0.06056683568361792,0.13549824777081929,0.14150538088603842,,,,
630,1,max_steps,3,2,0,939.9352407043447,3000,1343.0,1343.0,0.5350718412926678,0.1,0.039015792310237885,7.256527423858643,-133.17330932617188,286.8515319824219,1000.0,179.77524070434387,1969,-239.8400000000151,0.0,0.0,0.3133117469014482,"{6: 117, 5: 76, 4: 41, 3: 34, 0: 4, 1: 28}","{2: 31, 3: 181, 4: 40, 6: 8, 5: 8, 0: 21, 1: 11}","{1: 180, 2: 73, 0: 47}","{1: 160, 0: 84, 2: 56}","{1: 213, 2: 55, 0: 32}","{1: 222, 0: 33, 2: 45}",0.03852727602518348,0.027563418409508447,0.054118160393362355,0.05693275971572502,0.12285998947451633,0.08807240754177148,0.15636163541348777,0.14695065310218422,0.07834342593391849,0.07628675390579205,0.04821534934968156,0.09280767706144927
640,1,max_steps,3,0,0,-160.8628218054974,3000,,,0.5324024936253603,0.1,0.035309065133333206,7.359206199645996,-128.32740783691406,294.3148193359375,0.0,79.13717819450257,1449,-240.00000000001512,0.0,0.0,-0.053620940601832465,"{4: 192, 5: 90, 6: 18}","{5: 5, 4: 15, 3: 243, 2: 37}","{1: 208, 0: 52, 2: 40}","{1: 219, 2: 55, 0: 26}","{1: 268, 0: 5, 2: 27}","{1: 257, 0: 21, 2: 22}",0.029071284512258384,0.019549808563950555,0.03792448379970768,0.0557195390768173,0.07160975679480842,0.047494804954473446,0.10284251741033774,0.10371839755354718,,,,
650,1,max_steps,3,0,0,-137.14963232733336,3000,,,0.5297464627062333,0.1,0.02858540788292885,7.427731513977051,-124.74014282226562,294.2635192871094,0.0,102.85036767266583,1843,-240.00000000001512,0.0,0.0,-0.04571654410911112,"{0: 86, 1: 109, 2: 105}","{4: 35, 3: 252, 2: 13}","{1: 226, 0: 61, 2: 13}","{1: 254, 2: 39, 0: 7}","{1: 274, 0: 26}","{1: 275, 0: 14, 2: 11}",0.018790628024242965,0.015837695627582825,0.025031221010675904,0.028075783985654384,0.07625891242747157,0.03545050287394959,0.08783216382034906,0.09801715257190005,0.02492877289200887,0.012260185356176512,0.024432872357434906,0.02915754646987794
660,1,max_steps,3,0,0,-968.1119165397731,3000,,,0.5271036821011597,0.1,0.023604976013302803,7.504398822784424,-120.71601867675781,323.22210693359375,0.0,67.44591867494267,1376,-240.00000000001512,-795.5578352147128,0.0,-0.32270397217992436,"{5: 69, 6: 231}","{0: 20, 1: 10, 2: 61, 3: 190, 4: 19}","{1: 187, 0: 84, 2: 29}","{1: 136, 0: 102, 2: 62}","{1: 227, 0: 50, 2: 23}","{1: 196, 0: 54, 2: 50}",0.03674412039005666,0.03159629165696552,0.05203815225268663,0.0695040039425451,0.08455012438710635,0.0796285747388418,0.12936894185664982,0.15228271802953192,,,,
670,1,max_steps,3,2,0,914.2403050163409,3000,805.0,805.0,0.5244740857074366,0.1,0.019174952059984207,7.546219825744629,-117.12200164794922,323.22210693359375,1000.0,154.0803050163428,2033,-239.8400000000151,0.0,0.0,0.3047467683387803,"{1: 79, 2: 34, 3: 47, 6: 140}","{6: 7, 5: 9, 4: 52, 3: 158, 2: 37, 0: 15, 1: 22}","{1: 186, 2: 44, 0: 70}","{1: 159, 2: 79, 0: 62}","{1: 247, 0: 34, 2: 19}","{1: 210, 2: 39, 0: 51}",0.03866244189905978,0.027236581864511465,0.05948530668750573,0.07919849960830466,0.07276272687723202,0.08613898690379729,0.11464512724018656,0.13679275221521955,0.09799928894530084,0.09500290427323443,0.06836007570890415,0.10447378295578424
680,1,max_steps,3,1,0,317.06833071538955,3000,111.0,111.0,0.5218576077521322,0.1,0.020646583288908005,7.604315280914307,-114.79497528076172,316.09722900390625,500.0,56.98833071539281,1918,-239.9200000000151,0.0,0.0,0.10568944357179652,"{3: 11, 2: 289}","{4: 41, 3: 202, 2: 57}",{1: 300},"{1: 195, 2: 69, 0: 36}",{1: 300},"{1: 297, 0: 3}",0.012097550739857053,0.020126859660191208,0.014030271267504727,0.019467027035401915,0.02964421171426612,0.056963930753520374,0.04039384289904048,0.057196394647468965,0.011647428938876585,0.10402471430968596,0.02162929460921617,0.037961237102841196
690,1,crash,3,0,1,-1482.8195740903582,2266,,,0.5192541827904403,0.1,0.016431134194135666,7.718242645263672,-114.79497528076172,343.7313537597656,0.0,33.933245019658145,687,-181.28000000000594,-1255.4728191100176,-80.0,-0.654377570207572,"{4: 58, 5: 48, 6: 120}","{4: 21, 3: 142, 2: 63}","{1: 126, 0: 84, 2: 16}","{1: 111, 2: 69, 0: 46}","{1: 171, 2: 8, 0: 47}","{1: 145, 0: 45, 2: 36}",0.04285165231136316,0.030360272006576428,0.05837762141311571,0.07585892196602104,0.10428653178442357,0.06556176736016742,0.1433931511137862,0.13916648530067804,,,,
700,1,max_steps,3,0,0,-208.15911701445165,3000,,,0.5166637457040434,0.1,0.011755513958632946,7.781190395355225,-110.1722183227539,333.2141418457031,0.0,31.840882985549086,1236,-240.00000000001512,0.0,0.0,-0.06938637233815055,"{5: 38, 4: 27, 6: 235}","{3: 186, 2: 114}","{1: 251, 2: 8, 0: 41}","{1: 212, 2: 43, 0: 45}","{1: 277, 0: 23}","{1: 258, 0: 22, 2: 20}",0.016056709923618122,0.01761587419119867,0.027914195445410225,0.04227261696769318,0.06707495221182945,0.0455764194701709,0.08309274796320686,0.11224709562770466,,,,
710,1,crash,3,0,1,-642.9631549178071,2820,,,0.5140862316994835,0.1,0.014079268090426922,7.859391212463379,-110.1722183227539,334.73236083984375,0.0,43.72299674825023,1173,-225.60000000001287,-381.0861516660565,-80.0,-0.2280011187651798,"{4: 46, 5: 146, 6: 90}","{1: 21, 2: 42, 3: 219}","{1: 204, 0: 77, 2: 1}","{1: 197, 0: 61, 2: 24}","{1: 236, 0: 46}","{1: 208, 0: 31, 2: 43}",0.024894789348198873,0.017170240786404226,0.040214786941594374,0.06164017661775783,0.10176974984192509,0.05567510163366225,0.13717248439339053,0.14095697400823554,,,,
720,1,crash,3,0,1,-1725.3290965870287,1934,,,0.5115215763065429,0.1,0.0027440241537988186,7.914809703826904,-104.64663696289062,339.1022033691406,0.0,19.653331516182174,622,-154.7200000000018,-1510.262428103209,-80.0,-0.8921039796210076,"{5: 31, 6: 162}","{0: 13, 1: 14, 2: 60, 3: 106}","{1: 113, 0: 80}","{1: 81, 0: 82, 2: 30}","{1: 137, 0: 52, 2: 4}","{1: 104, 0: 47, 2: 42}",0.04350462422952024,0.03286234040627906,0.0663147292593532,0.09377807283780712,0.10037978772044576,0.06683389589108174,0.13481270746045015,0.14218170093833968,,,,
730,1,max_steps,3,0,0,-171.8598819336115,3000,,,0.5089697153766297,0.1,0.00025722215650603175,8.003070831298828,-104.04663848876953,354.7621765136719,0.0,68.14011806638928,1419,-240.00000000001512,0.0,0.0,-0.05728662731120383,{6: 300},"{1: 84, 0: 32, 2: 62, 3: 115, 4: 7}","{1: 229, 0: 37, 2: 34}","{1: 169, 2: 48, 0: 83}","{1: 254, 2: 25, 0: 21}","{1: 260, 2: 12, 0: 28}",0.026006777094713645,0.02587005823718668,0.033302663755945955,0.045510164002994055,0.0723022150667069,0.07372336637120022,0.10765357501798004,0.11297884491225833,,,,
740,1,crash,3,0,1,-550.8369095731111,2103,,,0.5064305850811752,0.1,0.004450363572686911,8.087177276611328,-103.54371643066406,345.5720520019531,0.0,14.270961093784795,378,-168.2400000000039,-316.8678706668965,-80.0,-0.2619291058360015,"{5: 31, 6: 179}","{3: 125, 2: 74, 4: 11}","{1: 119, 0: 87, 2: 4}","{1: 141, 2: 36, 0: 33}","{1: 169, 0: 41}","{1: 158, 0: 31, 2: 21}",0.044290482441275675,0.022992289071071426,0.051677963633650084,0.06532956036549531,0.08189789555844304,0.059866041111465304,0.11276130581412433,0.1184367988337114,,,,
750,1,max_steps,3,0,0,-118.9077840120095,3000,,,0.5039041219100362,0.1,-0.0063016656786203384,8.117576599121094,-102.57992553710938,350.7580871582031,0.0,121.09221598799132,1229,-240.00000000001512,0.0,0.0,-0.03963592800400317,"{6: 296, 5: 4}","{2: 48, 3: 252}","{1: 203, 0: 40, 2: 57}","{1: 249, 0: 35, 2: 16}","{1: 218, 0: 21, 2: 61}","{1: 283, 0: 6, 2: 11}",0.02906404087191405,0.01241700142666504,0.04014081487457063,0.03984691494769686,0.14019052238307705,0.04379385488812398,0.15387029856211729,0.09044745041888713,,,,
760,1,max_steps,3,0,0,-157.5788526964498,3000,,,0.5013902626699057,0.1,-0.005903929937630892,8.206439018249512,-102.77322387695312,355.1741638183594,0.0,82.42114730354987,1376,-240.00000000001512,0.0,0.0,-0.05252628423214993,"{6: 255, 5: 45}","{5: 46, 6: 9, 4: 21, 3: 168, 2: 56}","{1: 169, 0: 88, 2: 43}","{1: 176, 0: 58, 2: 66}","{1: 210, 0: 62, 2: 28}","{1: 202, 0: 54, 2: 44}",0.0415951494499507,0.02629189742238589,0.05562513614912459,0.07521704969247886,0.11885622753369177,0.061589951222715475,0.14720070278625735,0.1697106783119339,,,,
770,1,max_steps,3,0,0,-156.34956509779042,3000,,,0.4988889444827345,0.1,-0.01295060757547617,8.274789810180664,-103.1642837524414,355.1741638183594,0.0,83.65043490220953,1713,-240.00000000001512,0.0,0.0,-0.05211652169926347,"{6: 266, 5: 34}","{3: 220, 2: 80}","{1: 175, 2: 47, 0: 78}","{1: 219, 2: 46, 0: 35}","{1: 237, 0: 46, 2: 17}","{1: 205, 0: 46, 2: 49}",0.042236955290258574,0.01695693659245178,0.05898666043143813,0.06996461106144496,0.08751023144670071,0.047156038092217314,0.1271931393616191,0.14256869640434539,,,,
780,1,max_steps,3,1,0,380.3992298553296,3000,1371.0,1371.0,0.49640010478415636,0.1,-0.016049226745963097,8.328607559204102,-103.1642837524414,369.4183044433594,500.0,120.31922985533113,2140,-239.9200000000151,0.0,0.0,0.12679974328510987,"{2: 109, 1: 26, 3: 2, 6: 163}","{6: 4, 5: 10, 4: 20, 3: 213, 2: 53}","{1: 204, 2: 51, 0: 45}","{1: 184, 2: 69, 0: 47}","{1: 251, 0: 22, 2: 27}","{1: 230, 0: 39, 2: 31}",0.028116645343316312,0.02415225624528381,0.03851138589899976,0.051388738681620416,0.07947661390177266,0.0801406821187996,0.11363931970316662,0.12978744944367146,0.051445307853516815,0.02607245521671295,0.06716655068242668,0.02811752961226195
790,1,max_steps,3,0,0,-433.9150885003134,3000,,,0.4939236813219244,0.1,-0.017573531717061996,8.426243782043457,-104.4585952758789,383.45452880859375,0.0,86.90614448060063,1271,-240.00000000001512,-280.8212329809144,0.0,-0.1446383628334378,"{5: 105, 6: 165, 4: 30}","{0: 5, 1: 23, 2: 42, 3: 210, 4: 20}","{1: 155, 0: 99, 2: 46}","{1: 135, 0: 107, 2: 58}","{1: 196, 0: 71, 2: 33}","{1: 179, 0: 56, 2: 65}",0.045295290053257546,0.03095892706569038,0.06261132243010177,0.07769211473838195,0.11616299912409772,0.05892087128533294,0.16936028726097987,0.17694482648946175,,,,
800,1,max_steps,3,0,0,-1320.4224752422163,3000,,,0.49145961215435363,0.1,-0.021880285814404488,8.473431587219238,-107.20858001708984,383.45452880859375,0.0,84.78227564219716,1416,-240.00000000001512,-1165.2047508844103,0.0,-0.44014082508073876,{0: 300},"{6: 23, 5: 48, 4: 82, 3: 121, 2: 26}","{1: 257, 2: 22, 0: 21}","{1: 124, 2: 82, 0: 94}","{1: 274, 2: 13, 0: 13}","{1: 254, 0: 23, 2: 23}",0.018268265335550454,0.0340796820074874,0.027174140458617133,0.03849943271356025,0.0630651099725719,0.12346803510436444,0.09255107300386627,0.11900595565397346,,,,
810,1,crash,3,1,1,88.8933007804518,1978,1559.0,1559.0,0.4890078356487712,0.1,-0.03163086250424385,8.57872486114502,-107.45684051513672,383.45452880859375,500.0,86.30282963777549,1280,-158.16000000000233,-259.2495288573228,-80.0,0.04494100140568847,"{0: 76, 1: 16, 2: 56, 3: 7, 6: 42}","{1: 52, 0: 10, 2: 39, 3: 78, 4: 18}","{1: 141, 0: 56}","{1: 106, 2: 50, 0: 41}","{1: 162, 0: 35}","{1: 165, 0: 21, 2: 11}",0.030447502433707398,0.02693119574983362,0.030374720104822492,0.041983388640352226,0.09162263952796945,0.08910696914672846,0.1240809509920467,0.10565015241092703,0.0423723292359457,0.006378057574276052,0.05579586280871067,0.08290284130065029
820,1,crash,3,1,1,-49.26130096548413,2902,2309.0,2309.0,0.48656829047997546,0.1,-0.03445425629615784,8.62845516204834,-107.45684051513672,353.03851318359375,500.0,65.59732672106956,1493,-232.08000000001388,-302.7786276865527,-80.0,-0.016974948644205422,"{1: 129, 2: 98, 3: 3, 6: 60}","{3: 143, 4: 126, 5: 6, 2: 15}","{1: 228, 0: 62}","{1: 178, 0: 56, 2: 56}","{1: 263, 0: 27}","{1: 250, 2: 20, 0: 20}",0.02926637503823539,0.02487647341146146,0.03444313642923324,0.042005489923567896,0.07684786328187802,0.062099485559983396,0.09577310228840454,0.11123733521594104,0.05644112423608198,0.03337729716437528,0.09000185922864805,0.05909515475258967
830,1,max_steps,3,1,0,418.820305425101,3000,745.0,745.0,0.48414091562870176,0.1,-0.03201061487197876,8.709614753723145,-107.45684051513672,354.2688293457031,500.0,158.74030542510272,2303,-239.9200000000151,0.0,0.0,0.13960676847503367,"{4: 73, 3: 1, 0: 169, 1: 43, 2: 14}","{2: 73, 3: 227}","{1: 187, 2: 38, 0: 75}","{1: 245, 0: 48, 2: 7}","{1: 228, 2: 22, 0: 50}","{1: 238, 0: 33, 2: 29}",0.035406816579455824,0.016899697666962466,0.04794254786518015,0.06324308585178942,0.09504799208599739,0.038682121756739046,0.1238649668679281,0.11556788813783718,0.07572348293012053,0.011570770086147257,0.10160527228474966,0.12062774442553924
840,1,max_steps,3,0,0,-149.8186445444538,3000,,,0.481725650380096,0.1,-0.02737046591937542,8.777499198913574,-121.30154418945312,319.2056579589844,0.0,90.18135545554584,1374,-240.00000000001512,0.0,0.0,-0.0499395481814846,{6: 300},"{4: 6, 3: 153, 2: 141}","{1: 132, 0: 100, 2: 68}","{1: 165, 2: 89, 0: 46}","{1: 181, 0: 76, 2: 43}","{1: 146, 0: 77, 2: 77}",0.058418691570439926,0.026299758467647066,0.08521377878793618,0.10147876255580039,0.10780723533648254,0.05666861582063671,0.15829513447893723,0.17665818534064853,,,,
850,1,max_steps,3,0,0,-198.38081191430746,3000,,,0.4793224343221966,0.1,-0.032237984240055084,8.847528457641602,-125.50818634033203,319.2056579589844,0.0,41.61918808569323,1478,-240.00000000001512,0.0,0.0,-0.06612693730476915,"{0: 295, 1: 5}","{4: 28, 3: 244, 2: 28}","{1: 292, 0: 8}","{1: 271, 2: 8, 0: 21}",{1: 300},"{1: 296, 0: 2, 2: 2}",0.013833817849448413,0.012418695929895085,0.0212489666335502,0.02572954963316574,0.032833889887259715,0.029568303723320033,0.04757591999594306,0.06765365355568931,,,,
860,1,crash,3,0,1,-435.4730874845954,1867,,,0.47693120734442296,0.1,-0.0352582149207592,8.936112403869629,-125.50818634033203,321.1158142089844,0.0,17.00769681005601,515,-149.36000000000095,-223.12078429465222,-80.0,-0.2332475026698422,{6: 186},"{1: 18, 0: 19, 2: 23, 3: 121, 4: 5}","{1: 128, 0: 58}","{1: 130, 0: 52, 2: 4}","{1: 139, 0: 47}","{1: 126, 0: 33, 2: 27}",0.022898430012356856,0.018316679370722552,0.042617470712074695,0.06465093983765594,0.1465869145937822,0.07226303399586972,0.17198914730820425,0.1771821510142276,,,,
870,1,max_steps,3,0,0,-161.4289815073021,3000,,,0.47455190963607163,0.1,-0.041395317763090134,8.987656593322754,-121.9300537109375,321.1158142089844,0.0,78.57101849269787,1689,-240.00000000001512,0.0,0.0,-0.053809660502434034,"{0: 27, 1: 27, 2: 246}","{2: 54, 3: 246}","{1: 258, 0: 42}","{1: 273, 0: 24, 2: 3}","{1: 279, 0: 21}","{1: 286, 0: 10, 2: 4}",0.01351275803353115,0.011293373579492672,0.018002859777394967,0.020522002180394277,0.06643508909039958,0.029652479628127636,0.07121028024772556,0.08417131246870586,,,,
880,1,max_steps,3,2,0,130.10380233071024,3000,1086.5,1086.5,0.4721844816848211,0.1,-0.03830773010849953,9.075660705566406,-121.9300537109375,313.7950744628906,1000.0,122.80976781295628,1577,-239.8400000000151,-752.865965482243,0.0,0.04336793411023675,"{3: 22, 0: 85, 1: 83, 2: 27, 6: 83}","{4: 29, 3: 198, 2: 73}","{1: 178, 0: 94, 2: 28}","{1: 178, 2: 96, 0: 26}","{1: 225, 0: 55, 2: 20}","{1: 208, 2: 45, 0: 47}",0.04132508997486861,0.025555461897690746,0.05645899645242064,0.06822590358051595,0.08911435188811243,0.06593441133082957,0.12170155511967448,0.14205920078804707,0.046545333273806944,0.06580714475406081,0.036801155100789885,0.045438792896505625
890,1,max_steps,3,1,0,380.28042625273014,3000,1576.0,1576.0,0.4698288642752426,0.1,-0.04136624187231064,9.160136222839355,-121.46971130371094,353.74774169921875,500.0,120.20042625273325,1699,-239.9200000000151,0.0,0.0,0.12676014208424338,"{0: 9, 1: 88, 2: 57, 3: 3, 5: 75, 6: 68}","{1: 9, 2: 114, 3: 177}","{1: 178, 0: 87, 2: 35}","{1: 196, 0: 66, 2: 38}","{1: 235, 0: 42, 2: 23}","{1: 224, 0: 44, 2: 32}",0.039445944890579836,0.021679827319626435,0.04597523385278027,0.05247397267600047,0.0903855192434727,0.05886134525549353,0.13162444806678197,0.14083396417300173,0.07507816397111473,0.006175909577226489,0.05784803777030926,0.061278762755581716
900,1,max_steps,3,1,0,-529.7813762237256,3000,239.0,239.0,0.4674849984873196,0.1,-0.04935544729232788,9.253348350524902,-146.7165985107422,345.9471740722656,500.0,134.4003398598196,1618,-239.9200000000151,-924.2617160835426,0.0,-0.1765937920745752,"{3: 23, 6: 106, 5: 146, 4: 25}","{1: 5, 2: 123, 6: 21, 5: 10, 4: 10, 3: 131}","{1: 181, 2: 65, 0: 54}","{1: 153, 0: 60, 2: 87}","{1: 221, 2: 45, 0: 34}","{1: 212, 0: 45, 2: 43}",0.04178946366356951,0.029271309008414716,0.05666784419954385,0.06670280620133749,0.10061449657030204,0.0966717113409754,0.13023831532212626,0.13505560702382818,0.020013638896622835,0.06567420687870118,0.04322227497050411,0.08905693342791991
910,1,max_steps,3,0,0,-275.1366418888689,3000,,,0.46515282569497335,0.1,-0.051698554307222366,9.280123710632324,-146.7165985107422,345.9471740722656,0.0,106.95512075180943,1353,-240.00000000001512,-142.09176264067946,0.0,-0.0917122139629563,"{5: 146, 4: 40, 6: 114}","{2: 100, 3: 200}","{1: 118, 2: 71, 0: 111}","{1: 170, 0: 76, 2: 54}","{1: 172, 2: 43, 0: 85}","{1: 141, 2: 79, 0: 80}",0.05984977355144737,0.0265702742932874,0.08770777372208316,0.10374222334707925,0.12973711312517494,0.05107900742352597,0.17896370702962328,0.2105679529027011,,,,
920,1,crash,3,0,1,-374.7652017180046,1515,,,0.46283228756459693,0.1,-0.0520208366215229,9.2958984375,-142.75770568847656,345.9471740722656,0.0,15.634690304754937,416,-121.19999999999777,-189.19989202276003,-80.0,-0.24736977011089414,"{5: 21, 6: 130}","{3: 103, 2: 28, 4: 20}","{1: 71, 0: 73, 2: 7}","{1: 83, 2: 34, 0: 34}","{1: 89, 0: 62}","{1: 83, 0: 39, 2: 29}",0.05458094210512773,0.027286773652323106,0.08745107587480098,0.09599450182840955,0.13382664474071004,0.04415745620123093,0.16181975171892157,0.14036818370778317,,,,
930,1,max_steps,3,1,0,233.4041394191102,3000,345.0,345.0,0.4605233260535961,0.1,-0.05424264445900917,9.428218841552734,-141.2124481201172,345.9471740722656,500.0,100.93678990335937,2065,-239.9200000000151,-127.6126504842462,0.0,0.07780137980637007,"{3: 34, 0: 57, 1: 209}","{6: 3, 5: 21, 4: 114, 3: 149, 2: 13}","{1: 273, 0: 27}","{1: 173, 2: 78, 0: 49}","{1: 294, 0: 6}","{1: 295, 0: 4, 2: 1}",0.015144807373305778,0.026567075127069552,0.02206096305369494,0.02747710086899712,0.04834889947205069,0.07736245073253359,0.061238619728166084,0.07166260067717434,0.004333733205312335,0.14012184498196406,0.01504162840234549,0.018354571274690427
940,1,max_steps,3,2,0,921.7283530907964,3000,468.0,468.0,0.45822588340893733,0.1,-0.05050612613558769,9.511792182922363,-139.01773071289062,345.1487731933594,1000.0,161.56835309079776,2395,-239.8400000000151,0.0,0.0,0.3072427843635988,"{3: 73, 4: 20, 0: 66, 1: 73, 2: 68}","{1: 20, 2: 52, 4: 35, 5: 15, 3: 172, 6: 6}","{1: 212, 0: 74, 2: 14}","{1: 149, 0: 64, 2: 87}","{1: 252, 0: 41, 2: 7}","{1: 225, 2: 35, 0: 40}",0.026108358291467737,0.030092760735348317,0.037375279326099665,0.056068264150394044,0.07785125067933024,0.07643772326537837,0.11347594253404043,0.12580773630216474,0.03295564762413711,0.09400988876634493,0.0646516094137207,0.07225920314153528
950,1,max_steps,3,0,0,-149.85443423480837,3000,,,0.45593990216570357,0.1,-0.05710393190383911,9.600459098815918,-141.81820678710938,356.0102233886719,0.0,90.14556576519183,1400,-240.00000000001512,0.0,0.0,-0.049951478078269454,"{4: 117, 5: 172, 6: 11}","{4: 20, 3: 202, 2: 78}","{1: 201, 0: 44, 2: 55}","{1: 221, 2: 57, 0: 22}","{1: 252, 0: 19, 2: 29}","{1: 237, 2: 32, 0: 31}",0.03407349525509987,0.018662256716507723,0.0468232737854081,0.056226652628713694,0.08565935770650909,0.04296503511014074,0.11466761667064426,0.11797172150526711,,,,
960,1,crash,3,2,1,-554.455330891118,1914,680.0,680.0,0.4536653251456568,0.1,-0.05731477588415146,9.723986625671387,-142.93235778808594,362.59185791015625,1000.0,129.18995497208527,1323,-152.96000000000151,-1450.6852858632037,-80.0,-0.28968408092534903,"{2: 55, 3: 10, 0: 30, 1: 40, 6: 56}","{5: 9, 4: 17, 0: 45, 1: 18, 2: 42, 3: 60}","{1: 110, 0: 71, 2: 10}","{1: 61, 2: 36, 0: 94}","{1: 131, 0: 54, 2: 6}","{1: 135, 0: 28, 2: 28}",0.03504523420397546,0.04546330001908049,0.05281904853819318,0.058617137375443835,0.12359056868735964,0.08963034590881354,0.15605321082214213,0.12524648836339142,0.14924694897478902,0.09082377874363404,0.16703801394021495,0.05903875772563255
970,1,max_steps,3,0,0,-154.75354190907456,3000,,,0.4514020954558077,0.1,-0.058597441762685776,9.821561813354492,-150.92938232421875,374.971923828125,0.0,85.24645809092455,2033,-240.00000000001512,0.0,0.0,-0.05158451396969152,"{0: 28, 1: 95, 2: 177}","{4: 91, 3: 209}","{1: 284, 0: 16}","{1: 201, 2: 51, 0: 48}","{1: 294, 0: 6}","{1: 296, 0: 3, 2: 1}",0.02438948199947246,0.021739617714944898,0.031056221556325474,0.03859766779176958,0.046604147527893686,0.04529493595680138,0.06546275362677291,0.0770617005638548,,,,
980,1,max_steps,3,1,0,365.3074303838184,3000,1551.0,1551.0,0.44915015648699236,0.1,-0.0591721273958683,9.92966079711914,-152.73741149902344,380.780517578125,500.0,183.86253531977695,2355,-239.9200000000151,-78.63510493595652,0.0,0.12176914346127281,"{5: 33, 4: 117, 3: 5, 0: 49, 1: 15, 2: 81}","{6: 7, 5: 8, 4: 16, 3: 186, 2: 83}","{1: 186, 2: 32, 0: 82}","{1: 225, 2: 55, 0: 20}","{1: 250, 2: 14, 0: 36}","{1: 259, 2: 17, 0: 24}",0.03362317697802627,0.019140897036573075,0.0447277897852848,0.046275623975955554,0.09756020652921697,0.07341076152019349,0.1095191190734042,0.10619310046867797,0.055449059918926534,0.029489098587038368,0.10086111382175102,0.08858045027080419
990,1,max_steps,3,1,0,-1311.737328038833,3000,2748.0,2748.0,0.44690945191245735,0.1,-0.05512247234582901,10.048768997192383,-152.73741149902344,390.46856689453125,500.0,130.32228501629496,1489,-239.9200000000151,-1702.1396130551311,0.0,-0.43724577601294434,"{3: 15, 2: 68, 1: 183, 0: 34}","{6: 11, 5: 7, 4: 11, 3: 190, 2: 55, 0: 26}","{1: 217, 2: 32, 0: 51}","{1: 197, 2: 53, 0: 50}","{1: 256, 2: 9, 0: 35}","{1: 255, 2: 18, 0: 27}",0.028588860579636024,0.019247896893332304,0.04175275295178004,0.05516907927287523,0.0821228611768594,0.05707806987369237,0.11257877444919094,0.117119873255082,0.15311895214663415,0.006776341890039541,0.130977866777278,0.10399176983701341
1000,1,max_steps,3,2,0,28.26961920483823,3000,1231.5,1231.5,0.44467992568644965,0.1,-0.046622514724731445,10.111379623413086,-150.68460083007812,384.54473876953125,1000.0,171.2100469050692,2126,-239.8400000000151,-903.1004277002296,0.0,0.009423206401612743,"{3: 34, 0: 161, 1: 27, 2: 24, 5: 3, 6: 51}","{0: 8, 1: 10, 2: 40, 6: 47, 5: 12, 4: 31, 3: 152}","{1: 185, 2: 19, 0: 96}","{1: 145, 0: 61, 2: 94}","{1: 240, 2: 10, 0: 50}","{1: 243, 2: 18, 0: 39}",0.035216159837548146,0.03145123208285003,0.04416082540139661,0.06549116260487375,0.08913886871661453,0.1097873004965001,0.12026278416941148,0.11223759788527947,0.07479090712780385,0.1331302260308177,0.03079925368103821,0.0797681998773621
1010,1,max_steps,3,0,0,-107.78055628072558,3000,,,0.44246152204281564,0.1,-0.048811230808496475,10.228723526000977,-149.56922912597656,384.54473876953125,0.0,132.2194437192735,1511,-240.00000000001512,0.0,0.0,-0.03592685209357519,"{4: 137, 5: 163}","{1: 12, 2: 60, 3: 213, 4: 15}","{1: 162, 0: 64, 2: 74}","{1: 213, 0: 52, 2: 35}","{1: 202, 2: 53, 0: 45}","{1: 200, 2: 39, 0: 61}",0.0412392135423405,0.01752344508297879,0.06564690420251956,0.07921548199716953,0.1036670544363523,0.07358069695716084,0.1458494458389635,0.13835098777402483,0.049248351490718184,0.038272412067026716,0.15449776464797532,0.14266214946169198
1020,1,crash,3,1,1,152.95705824005051,1617,519.0,519.0,0.4402541854936059,0.1,-0.05317242071032524,10.238037109375,-144.23976135253906,384.54473876953125,500.0,107.78191754660004,854,-129.2799999999978,-245.54485930654704,-80.0,0.09459310961042085,"{0: 26, 1: 11, 2: 12, 3: 2, 6: 110}","{2: 47, 3: 114}","{1: 57, 0: 83, 2: 21}","{1: 112, 0: 39, 2: 10}","{1: 83, 0: 64, 2: 14}","{1: 114, 0: 34, 2: 13}",0.07288962183722453,0.017345314461730398,0.09667646976916,0.08341664946620278,0.14252598461930474,0.04628477886153257,0.1695837130576228,0.11831429544427371,0.14103706792132414,0.015064197821905979,0.09194442710581735,0.07136119239976936
1030,1,max_steps,3,0,0,-146.10508548538533,3000,,,0.438057860827687,0.1,-0.0607970654964447,10.334897994995117,-145.27346801757812,405.9490966796875,0.0,93.89491451461367,1468,-240.00000000001512,0.0,0.0,-0.04870169516179511,"{4: 36, 5: 158, 6: 106}","{5: 4, 4: 12, 3: 194, 2: 90}","{1: 200, 0: 63, 2: 37}","{1: 220, 2: 56, 0: 24}","{1: 243, 0: 36, 2: 21}","{1: 212, 0: 50, 2: 38}",0.03505435654618033,0.01701400148397353,0.05302226247358084,0.07367536945849673,0.09273179356202176,0.04515043240513494,0.13281838966535053,0.13163629525428044,,,,
1040,1,success,3,3,0,1522.7926120168872,1315,438.3333333333333,298.0,0.4358724931093614,0.1,-0.05643640458583832,10.437060356140137,-145.27346801757812,405.9490966796875,1500.0,127.75261201688834,1125,-104.95999999999812,0.0,0.0,1.1580171954501044,"{2: 66, 3: 40, 1: 25}","{0: 8, 1: 10, 2: 10, 6: 22, 5: 13, 4: 37, 3: 31}","{1: 102, 0: 29}","{1: 32, 0: 32, 2: 67}","{1: 112, 0: 19}","{1: 115, 2: 4, 0: 12}",0.029237168099429764,0.06093851448350598,0.04138676754574317,0.04619596474432517,0.09666455979845984,0.1436982988041195,0.1189849928928072,0.10777296134708042,0.10136063145191733,0.12020246879919323,0.06242464148820223,0.095267567406608
1050,1,max_steps,3,0,0,-130.2734920328385,3000,,,0.4336980276769923,0.1,-0.05118858069181442,10.550216674804688,-145.52560424804688,387.1546325683594,0.0,109.72650796716073,1786,-240.00000000001512,0.0,0.0,-0.0434244973442795,"{0: 160, 1: 140}","{2: 26, 3: 237, 4: 37}","{1: 166, 0: 62, 2: 72}","{1: 171, 0: 83, 2: 46}","{1: 244, 0: 18, 2: 38}","{1: 234, 0: 44, 2: 22}",0.04631947315487139,0.02686881674095749,0.06139692631001088,0.07043603405523044,0.07988841014470889,0.04706970424385848,0.11585895121312824,0.1169080057573455,,,,
1060,1,max_steps,3,1,0,411.95713254967376,3000,1119.0,1119.0,0.4315344101416374,0.1,-0.048065830022096634,10.572663307189941,-145.1265411376953,387.1546325683594,500.0,151.87713254967605,1968,-239.9200000000151,0.0,0.0,0.13731904418322458,"{1: 17, 2: 92, 3: 2, 6: 126, 5: 49, 4: 14}","{4: 22, 3: 194, 2: 84}","{1: 163, 0: 65, 2: 72}","{1: 234, 2: 47, 0: 19}","{1: 211, 0: 38, 2: 51}","{1: 217, 0: 42, 2: 41}",0.04170579186267434,0.017915572989249718,0.049827155805920995,0.06756888093932456,0.10108672692864398,0.03775262029923868,0.13745100741743452,0.1379761160978677,0.033108685959711386,0.026310181378387268,0.08875892937809675,0.07104181609239221
1070,1,success,3,3,0,1445.6924633120443,2763,921.0,734.0,0.4293815863856879,0.1,-0.044968828558921814,10.64059829711914,-145.1265411376953,377.3168640136719,1500.0,166.4924633120448,2088,-220.80000000001212,0.0,0.0,0.5232328857444967,"{2: 101, 1: 65, 0: 4, 3: 6, 4: 57, 6: 30, 5: 13}","{0: 5, 1: 10, 2: 76, 3: 175, 4: 10}","{1: 166, 2: 74, 0: 36}","{1: 202, 0: 45, 2: 29}","{1: 235, 0: 13, 2: 28}","{1: 257, 2: 10, 0: 9}",0.03875082006660945,0.018739612809081506,0.04122091773095138,0.03621417511358804,0.09546479277108139,0.05392163528595137,0.11681131800997414,0.0904639212011519,0.06878731016067388,0.03152157679641091,0.07700015366901486,0.04532000687999044
1080,1,max_steps,3,0,0,-112.34048384373247,3000,,,0.427239502561515,0.1,-0.04332166537642479,10.732336044311523,-145.1265411376953,389.5840148925781,0.0,127.65951615626662,1656,-240.00000000001512,0.0,0.0,-0.03744682794791082,"{5: 115, 4: 20, 6: 165}","{4: 25, 3: 158, 2: 117}","{1: 144, 2: 83, 0: 73}","{1: 177, 2: 77, 0: 46}","{1: 234, 2: 39, 0: 27}","{1: 223, 2: 39, 0: 38}",0.052123401854698215,0.026811687859650074,0.06496726543978446,0.07218030042789444,0.08894551491284605,0.04749307299596324,0.11864201578829583,0.11855723931688367,,,,
1090,1,max_steps,3,0,0,-198.0959968592753,3000,,,0.42510810509012303,0.1,-0.03863848000764847,10.774430274963379,-145.1265411376953,369.3200378417969,0.0,41.90400314072625,1294,-240.00000000001512,0.0,0.0,-0.06603199895309177,{6: 300},"{4: 64, 3: 207, 2: 29}","{1: 252, 2: 4, 0: 44}","{1: 201, 2: 53, 0: 46}","{1: 284, 0: 16}","{1: 283, 0: 17}",0.028238726309970714,0.020539067156123435,0.03438288130586026,0.02971662539312843,0.06453313052926189,0.04850949982170945,0.07136661239948028,0.0776942101558016,,,,
1100,1,max_steps,3,0,0,-152.3297439886561,3000,,,0.4229873406598094,0.1,-0.050114747136831284,10.808122634887695,-139.43359375,362.3562316894531,0.0,87.6702560113432,2212,-240.00000000001512,0.0,0.0,-0.05077658132955203,"{0: 213, 1: 66, 2: 21}","{4: 6, 3: 239, 2: 55}","{1: 269, 2: 16, 0: 15}","{1: 243, 2: 37, 0: 20}","{1: 283, 2: 10, 0: 7}","{1: 267, 2: 16, 0: 17}",0.024586646657095722,0.013246217537940343,0.029123845523741837,0.0315028206608006,0.05170018755358277,0.03445902672528757,0.07421309919941343,0.10221292497249863,,,,
1110,1,crash,3,0,1,-523.4638842508498,2151,,,0.42087715622483124,0.1,-0.05108380690217018,10.905101776123047,-136.6746368408203,381.9752502441406,0.0,33.07801030633645,388,-172.0800000000045,-304.4618945571874,-80.0,-0.24335838412405847,{6: 215},"{3: 169, 2: 46}","{1: 91, 0: 100, 2: 24}","{1: 150, 2: 39, 0: 26}","{1: 157, 0: 42, 2: 16}","{1: 166, 0: 21, 2: 28}",0.0594308277957178,0.0173328888230497,0.06889130574799139,0.05626671456325315,0.09390626766006592,0.04435050782770778,0.1120737534922585,0.11536175628728082,,,,
1120,1,crash,3,0,1,-316.22007416445234,1277,,,0.4187774990040782,0.1,-0.06621646881103516,11.006033897399902,-137.64422607421875,381.9752502441406,0.0,10.461372209612083,205,-102.15999999999818,-144.52144637406474,-80.0,-0.24762730944749595,"{5: 16, 6: 111}","{3: 107, 4: 20}","{1: 56, 0: 67, 2: 4}","{1: 85, 0: 33, 2: 9}","{1: 76, 0: 49, 2: 2}","{1: 69, 2: 23, 0: 35}",0.05590916177013777,0.023331569542119058,0.08852276707530964,0.08831779278058062,0.15514489185229713,0.040599548746016706,0.22515932269979744,0.18102500995119866,,,,
1130,1,max_steps,3,0,0,-205.2639101306737,3000,,,0.41668831647975246,0.1,-0.06734730303287506,11.086769104003906,-137.64422607421875,372.94305419921875,0.0,34.73608986932783,801,-240.00000000001512,0.0,0.0,-0.06842130337689123,"{5: 102, 4: 42, 6: 156}","{2: 43, 3: 228, 4: 29}","{1: 227, 2: 12, 0: 61}","{1: 226, 0: 45, 2: 29}","{1: 262, 2: 5, 0: 33}","{1: 236, 2: 38, 0: 26}",0.024593856576866427,0.01863390310862229,0.034898734129568204,0.0535389019186954,0.07425757002226223,0.039536702423586624,0.1092562450779334,0.12336114944438688,,,,
1140,1,max_steps,3,2,0,1029.7433799613448,3000,826.0,826.0,0.4146095563960553,0.1,-0.0625871792435646,11.139617919921875,-137.64422607421875,385.5576477050781,1000.0,269.5833799613458,2319,-239.8400000000151,0.0,0.0,0.34324779332044825,"{0: 76, 1: 33, 2: 29, 3: 27, 6: 106, 5: 16, 4: 13}","{3: 197, 4: 16, 2: 35, 6: 8, 5: 8, 0: 27, 1: 9}","{1: 100, 0: 107, 2: 93}","{1: 199, 0: 60, 2: 41}","{1: 185, 0: 39, 2: 76}","{1: 230, 2: 35, 0: 35}",0.06455886505921173,0.019784516127294205,0.0794400078045472,0.05807917803786702,0.12977972925408107,0.09601589922362747,0.14550390288997903,0.13819744063528286,0.11171235965246168,0.12192666285490393,0.12297123337522689,0.04598922540715502
1150,1,max_steps,3,0,0,-922.6326108478391,3000,,,0.41254116675787983,0.1,-0.055153556168079376,11.195321083068848,-137.64422607421875,385.5576477050781,0.0,105.46776900855208,1887,-240.00000000001512,-788.1003798563896,0.0,-0.30754420361594637,"{0: 80, 1: 64, 2: 156}","{0: 14, 1: 18, 2: 27, 3: 204, 4: 37}","{1: 248, 0: 42, 2: 10}","{1: 194, 0: 87, 2: 19}","{1: 279, 0: 21}","{1: 286, 0: 9, 2: 5}",0.021202166392736373,0.02187995421865871,0.02924205084214164,0.03935187515130499,0.06656548086100249,0.05376762786410169,0.07997657874933302,0.08225181757887198,,,,
1160,1,max_steps,3,1,0,405.9877861238334,3000,375.0,375.0,0.41048309582951054,0.1,-0.045342739671468735,11.250699043273926,-137.64422607421875,386.05914306640625,500.0,145.9077861238361,2021,-239.9200000000151,0.0,0.0,0.1353292620412778,"{1: 22, 2: 14, 3: 1, 6: 263}","{4: 11, 3: 186, 0: 31, 1: 35, 2: 37}","{1: 212, 0: 53, 2: 35}","{1: 220, 2: 22, 0: 58}","{1: 251, 0: 37, 2: 12}","{1: 250, 0: 24, 2: 26}",0.033368222351069024,0.017613337803275855,0.04358420649957293,0.04434867158573118,0.08841992751532868,0.0736046837282172,0.12422221934469992,0.11335305498303293,0.136523619804437,0.026639593983493606,0.09288790783529534,0.10452077734640482
1170,1,crash,3,0,1,-389.39801122677227,2157,,,0.4084352921333292,0.1,-0.04073767364025116,11.349505424499512,-137.64422607421875,396.5493469238281,0.0,42.31031651019146,869,-172.56000000000458,-179.14832773696435,-80.0,-0.18052758981306086,"{5: 16, 6: 199}","{1: 11, 2: 49, 3: 155}","{1: 120, 0: 74, 2: 21}","{1: 163, 0: 40, 2: 12}","{1: 162, 2: 9, 0: 44}","{1: 144, 0: 43, 2: 28}",0.04499671591110258,0.014679201352798064,0.05818730299596971,0.08418386141450612,0.14255346223472898,0.05992697928714769,0.1916484566175707,0.1815760955982718,,,,
1180,1,max_steps,3,0,0,-198.8075962409965,3000,,,0.40639770444852746,0.1,-0.03851090371608734,11.383684158325195,-140.85284423828125,396.5493469238281,0.0,41.19240375900403,1644,-240.00000000001512,0.0,0.0,-0.06626919874699884,"{2: 264, 1: 36}","{2: 28, 3: 263, 4: 9}",{1: 300},"{1: 243, 0: 48, 2: 9}",{1: 300},"{1: 298, 0: 2}",0.013543740970982935,0.017989269093998145,0.018785720804602224,0.02168763332920989,0.0412598659186278,0.036898564576268646,0.04879692117177303,0.05423789463402463,,,,
1190,1,crash,3,1,1,192.1075010152353,600,420.0,420.0,0.40437028180982537,0.1,-0.03514751419425011,11.445115089416504,-140.85284423828125,396.5493469238281,500.0,69.94887864929414,419,-47.919999999999334,-249.92137763405827,-80.0,0.3201791683587255,"{0: 22, 1: 10, 2: 9, 5: 8, 6: 11}","{3: 55, 4: 5}","{1: 11, 0: 49}","{1: 41, 2: 19}","{1: 21, 0: 39}","{1: 32, 0: 7, 2: 21}",0.1323998990738065,0.023459045653323136,0.14595702810374997,0.09687452235318084,0.21316727302226093,0.03972483842745101,0.24508986734597893,0.15854578779523104,0.21900636966854012,0.017309198506529077,0.2211884202907638,0.12723340405323721
1200,1,max_steps,3,0,0,-91.02445215338368,3000,,,0.40235297350619675,0.1,-0.03262761980295181,11.487040519714355,-140.85284423828125,401.5606384277344,0.0,148.97554784661614,1567,-240.00000000001512,0.0,0.0,-0.030341484051127892,"{4: 126, 5: 89, 6: 85}","{0: 15, 1: 9, 2: 57, 3: 219}","{1: 136, 0: 80, 2: 84}","{1: 211, 0: 60, 2: 29}","{1: 170, 2: 69, 0: 61}","{1: 177, 0: 55, 2: 68}",0.05745350069502231,0.01961560700733432,0.0841655896752367,0.08217876343763425,0.15547569957858823,0.07057224306910818,0.22648463732845353,0.24154059618491996,0.059309639488228406,0.03361135051796607,0.21814356859965545,0.29188871311715964
1210,1,crash,3,2,1,715.7392172933899,2484,479.5,479.5,0.400345729079601,0.1,-0.02304542250931263,11.602264404296875,-140.85284423828125,411.3304748535156,1000.0,127.11760749652854,1464,-198.56000000000864,-132.8183902031353,-80.0,0.28813978151907804,"{3: 23, 1: 24, 0: 24, 2: 24, 6: 153}","{5: 59, 4: 63, 1: 15, 0: 20, 2: 58, 6: 5, 3: 28}","{1: 140, 0: 90, 2: 18}","{1: 112, 2: 61, 0: 75}","{1: 201, 0: 38, 2: 9}","{1: 213, 0: 20, 2: 15}",0.03790160397373372,0.03127002089503085,0.04944694305023323,0.044043636102729176,0.09580488169348027,0.12036311851131805,0.12873712359603437,0.11545965487907686,0.07189742526328693,0.139363749547795,0.08291419555061272,0.0624088400643708
1220,1,max_steps,3,2,0,-757.1428490871434,3000,601.5,601.5,0.3983484983237207,0.1,-0.019581690430641174,11.672979354858398,-140.85284423828125,411.3304748535156,1000.0,173.76768540535053,2364,-239.8400000000151,-1691.0705344924922,0.0,-0.25238094969571445,"{3: 94, 2: 26, 1: 73, 0: 107}","{4: 25, 0: 41, 1: 22, 2: 73, 6: 38, 5: 11, 3: 90}","{1: 224, 0: 43, 2: 33}","{1: 115, 2: 111, 0: 74}","{1: 261, 0: 25, 2: 14}","{1: 253, 0: 27, 2: 20}",0.023447527785423125,0.03490675879020341,0.03299737020628596,0.05172393037624054,0.08629439098587825,0.10841078643214265,0.11127694672846106,0.130372144362111,0.023402386486547633,0.08622726783546379,0.03635602248741588,0.0469194834212085
1230,1,max_steps,3,0,0,-140.09883961725032,3000,,,0.3963612312827062,0.1,-0.014620715752243996,11.71619987487793,-140.85284423828125,411.3304748535156,0.0,99.9011603827493,1720,-240.00000000001512,0.0,0.0,-0.046699613205750105,"{4: 121, 5: 179}","{5: 2, 4: 44, 3: 145, 2: 109}","{1: 187, 0: 64, 2: 49}","{1: 146, 2: 91, 0: 63}","{1: 260, 2: 17, 0: 23}","{1: 223, 0: 40, 2: 37}",0.03997705866999571,0.03024545335061448,0.05404969957802959,0.07500603682855371,0.07667446922082559,0.06953515983734396,0.10826086038224027,0.1151226830273434,,,,
1240,1,max_steps,3,2,0,625.8391620195754,3000,1030.5,1030.5,0.39438387824992543,0.1,-0.012071089819073677,11.803694725036621,-140.85284423828125,402.3896484375,1000.0,112.09340972428005,1630,-239.8400000000151,-246.41424770470178,0.0,0.20861305400652513,"{2: 187, 1: 16, 3: 3, 4: 78, 5: 16}","{2: 36, 3: 204, 6: 17, 5: 7, 4: 36}","{1: 244, 0: 42, 2: 14}","{1: 190, 0: 33, 2: 77}","{1: 280, 0: 20}","{1: 281, 0: 16, 2: 3}",0.032627350969233554,0.022403406049302646,0.04532697906352534,0.043160148540076784,0.06617179191444747,0.08449890615232764,0.09135659003131436,0.0859854710328223,0.09988833394343467,0.026082839889338842,0.08305079435950845,0.06874363319501597
1250,1,max_steps,3,1,0,81.01214699575227,3000,379.0,379.0,0.39241638976672144,0.1,-0.009866545908153057,11.90250301361084,-141.27597045898438,413.3594970703125,500.0,106.21215237526894,1525,-239.9200000000151,-285.28000537951243,0.0,0.027004048998584093,"{1: 20, 2: 17, 6: 263}","{4: 3, 3: 236, 2: 61}","{1: 155, 0: 106, 2: 39}","{1: 224, 2: 45, 0: 31}","{1: 196, 0: 74, 2: 30}","{1: 150, 0: 75, 2: 75}",0.047499366946643466,0.01956622554386167,0.07140882261461409,0.10000591296642924,0.11786067380233745,0.03789716582087084,0.1550749757566054,0.16605181719154916,0.11160226898135191,0.01716473679858371,0.06119023719134752,0.10825421718167112
1260,1,success,3,3,0,1487.765673115415,2813,937.6666666666666,936.0,0.39045871662117443,0.1,-0.0016157529316842556,11.912747383117676,-141.27597045898438,409.8894958496094,1500.0,212.56567311541616,1996,-224.80000000001274,0.0,0.0,0.5288893256720281,"{6: 71, 5: 9, 4: 11, 3: 23, 1: 60, 0: 12, 2: 95}","{2: 125, 3: 129, 4: 15, 6: 2, 5: 10}","{1: 160, 2: 39, 0: 82}","{1: 173, 0: 59, 2: 49}","{1: 198, 2: 31, 0: 52}","{1: 240, 2: 17, 0: 24}",0.038662323227326524,0.023841988127368187,0.05402495955083125,0.06278837124939389,0.12031993135254263,0.05684659790195433,0.15825638507451242,0.11216642947869089,0.1232519071056806,0.030963870350977564,0.10169016017312042,0.13014687321770926
1270,1,crash,3,1,1,211.7486725235775,1203,940.0,940.0,0.38851080984687175,0.1,0.0017872890457510948,11.961433410644531,-142.48365783691406,409.8894958496094,500.0,104.84852272547703,1153,-96.1599999999983,-216.93985020189956,-80.0,0.1760171841426247,"{0: 28, 1: 40, 2: 24, 3: 8, 4: 18, 5: 2}","{1: 2, 2: 38, 3: 53, 6: 16, 5: 5, 4: 6}","{1: 42, 0: 78}","{1: 55, 0: 31, 2: 34}","{1: 84, 0: 36}","{1: 105, 0: 8, 2: 7}",0.0724965118261288,0.031713520153556815,0.08276420108831102,0.045327456293444805,0.10323166492773751,0.16311914418983173,0.11681152124966095,0.10143306314075179,0.1015511363152892,0.037151412458344066,0.1057024895479708,0.06873825476229627
1280,1,max_steps,3,2,0,927.6724215081492,3000,981.0,981.0,0.3865726207216824,0.1,0.004147048573940992,12.076690673828125,-142.54507446289062,425.66949462890625,1000.0,167.5124215081523,1715,-239.8400000000151,0.0,0.0,0.3092241405027164,"{2: 20, 5: 34, 6: 168, 4: 60, 3: 18}","{4: 33, 3: 157, 2: 64, 0: 30, 1: 16}","{1: 133, 0: 99, 2: 68}","{1: 150, 2: 59, 0: 91}","{1: 176, 0: 76, 2: 48}","{1: 190, 2: 58, 0: 52}",0.05838308580091087,0.029852045081440525,0.08397604069258827,0.08564685137980638,0.15399416941712638,0.08882222049929099,0.2049356905802041,0.1730395137105465,0.22960373143044277,0.04568761822371784,0.20989167752128357,0.10970243547463185
1290,1,max_steps,3,1,0,378.91857820908996,3000,531.0,531.0,0.38464410076653877,0.1,0.006117929704487324,12.22597885131836,-145.96688842773438,432.8051452636719,500.0,118.83857820909422,1788,-239.9200000000151,0.0,0.0,0.12630619273636332,"{4: 80, 3: 7, 5: 11, 6: 202}","{6: 10, 5: 13, 4: 13, 3: 136, 0: 33, 1: 22, 2: 73}","{1: 177, 0: 80, 2: 43}","{1: 101, 2: 94, 0: 105}","{1: 205, 2: 37, 0: 58}","{1: 193, 0: 52, 2: 55}",0.04071287967663779,0.045743170969009705,0.06076925669055482,0.07373191955546099,0.1468898015022315,0.1051303793242822,0.191117178876748,0.18777203207317497,0.12894914752374367,0.02036469597354829,0.18453849277790488,0.07876984676001578
1300,1,max_steps,3,0,0,-154.3031745532991,3000,,,0.3827252017442238,0.1,0.006957690231502056,12.317471504211426,-145.80545043945312,432.8051452636719,0.0,85.69682544669978,2044,-240.00000000001512,0.0,0.0,-0.05143439151776637,"{2: 243, 1: 57}","{0: 5, 1: 9, 2: 35, 3: 231, 4: 20}","{1: 267, 0: 10, 2: 23}","{1: 224, 0: 54, 2: 22}",{1: 300},"{1: 290, 2: 3, 0: 7}",0.019722141475662366,0.022216919903718043,0.029990455594156286,0.03131276401058199,0.050589688066831014,0.04630836034268853,0.0755769951168664,0.08751910466304674,0.013071481435064675,0.026199841268015975,0.018902489403138645,0.023500120954179454
1310,1,success,3,3,0,1484.0683662587753,2709,903.0,1057.0,0.38081587565816477,0.1,0.015599042177200317,12.338075637817383,-145.80545043945312,417.9635925292969,1500.0,200.54836625877638,1631,-216.48000000001144,0.0,0.0,0.5478288542852622,"{1: 36, 0: 84, 2: 25, 3: 21, 6: 38, 5: 51, 4: 15}","{2: 20, 3: 200, 4: 43, 5: 7}","{1: 113, 2: 86, 0: 71}","{1: 172, 0: 36, 2: 62}","{1: 174, 2: 43, 0: 53}","{1: 216, 2: 20, 0: 34}",0.057032320433902814,0.024513671253007494,0.07351179458862037,0.06243259490869795,0.14434798346508784,0.051181876230033285,0.16706695744643682,0.13292437494776693,0.10013177584376842,0.10886396682696911,0.059414759956387835,0.209249957760986
1320,1,max_steps,3,2,0,1062.0982397419903,3000,555.0,555.0,0.37891607475123246,0.1,0.015707548707723618,12.401942253112793,-149.46981811523438,410.8167419433594,1000.0,301.9382397419943,2104,-239.8400000000151,0.0,0.0,0.3540327465806634,"{0: 35, 1: 12, 2: 18, 3: 3, 4: 62, 5: 42, 6: 128}","{0: 5, 1: 18, 2: 74, 3: 166, 6: 16, 5: 6, 4: 15}","{1: 114, 0: 90, 2: 96}","{1: 186, 0: 68, 2: 46}","{1: 164, 0: 66, 2: 70}","{1: 206, 0: 49, 2: 45}",0.0736096857400797,0.021217265718807332,0.08734985016529404,0.07580021408801818,0.17054952712436433,0.09893339652252288,0.19438390097870492,0.1416111287897229,0.09183356491402907,0.038568255953662034,0.1316492121493062,0.12176278801236824
1330,1,max_steps,3,1,0,339.6102685793297,3000,2888.0,2888.0,0.37702575150454665,0.1,0.01866479404270649,12.451441764831543,-149.46981811523438,421.0527648925781,500.0,79.53026857932925,2031,-239.9200000000151,0.0,0.0,0.11320342285977658,"{6: 37, 5: 15, 4: 235, 3: 1, 0: 12}","{4: 5, 3: 239, 2: 44, 6: 12}","{1: 265, 2: 35}","{1: 261, 2: 24, 0: 15}","{1: 285, 2: 15}","{1: 270, 2: 1, 0: 29}",0.01592280527706462,0.01170298846589235,0.024683318697652466,0.03478472538661275,0.054352370666886404,0.03144780776357544,0.06974639346291146,0.097716876932867,0.023371125868595112,0.030729244055790507,0.052467478545934323,0.04294368321758283
1340,1,crash,3,2,1,782.2373510706096,2587,821.0,821.0,0.37514485863628766,0.1,0.014217156916856766,12.551050186157227,-149.1788330078125,434.5072021484375,1000.0,181.26851179030726,1722,-206.80000000000993,-112.23116071969436,-80.0,0.3023723815502936,"{3: 41, 4: 12, 0: 59, 1: 37, 2: 15, 5: 85, 6: 9}","{0: 12, 1: 19, 2: 20, 3: 146, 6: 33, 5: 12, 4: 16}","{1: 130, 0: 85, 2: 43}","{1: 129, 0: 53, 2: 76}","{1: 164, 2: 28, 0: 66}","{1: 155, 0: 63, 2: 40}",0.049329637207154955,0.0301273112554776,0.0771691474350977,0.08354995552937,0.13091897093820576,0.10216462448783473,0.16533083417590452,0.161722689489855,0.09966005244828743,0.09329275165710076,0.09781824821276826,0.0867632122601176
1350,1,max_steps,3,1,0,428.2775516502058,3000,545.0,545.0,0.373273349100514,0.1,0.026222307235002518,12.677824020385742,-149.1788330078125,419.3274841308594,500.0,168.1975516502097,1647,-239.9200000000151,0.0,0.0,0.14275918388340192,"{1: 16, 2: 35, 3: 3, 6: 198, 5: 20, 4: 28}","{3: 228, 2: 13, 6: 4, 5: 8, 4: 47}","{1: 150, 0: 88, 2: 62}","{1: 222, 0: 33, 2: 45}","{1: 202, 0: 46, 2: 52}","{1: 210, 0: 45, 2: 45}",0.04997136628973929,0.015829113550800727,0.06221872154636607,0.07394845545523746,0.14580478159606336,0.043962956529928904,0.18976829084670746,0.18430552008406081,0.05136579290329832,0.02141365534954767,0.02774397356139953,0.05667414152251108
1360,1,max_steps,3,0,0,-139.1836449467514,3000,,,0.37141117608598506,0.1,0.02598901279270649,12.751956939697266,-148.1379852294922,417.66259765625,0.0,100.81635505324807,1297,-240.00000000001512,0.0,0.0,-0.0463945483155838,"{5: 53, 4: 39, 6: 208}","{5: 5, 4: 100, 3: 195}","{1: 147, 2: 60, 0: 93}","{1: 177, 2: 56, 0: 67}","{1: 223, 2: 28, 0: 49}","{1: 212, 2: 37, 0: 51}",0.05253288573171923,0.02714245683057233,0.06990679247481563,0.07300815078451217,0.1040075979828515,0.06368730748768554,0.14177164322033406,0.15768342374387817,,,,
1370,1,max_steps,3,2,0,1004.6736446298055,3000,1187.5,1187.5,0.3695582930149905,0.1,0.03234831616282463,12.866710662841797,-149.26341247558594,431.0777282714844,1000.0,244.513644629808,2126,-239.8400000000151,0.0,0.0,0.33489121487660184,"{2: 79, 3: 4, 6: 128, 5: 54, 4: 13, 1: 22}","{5: 7, 4: 34, 3: 192, 2: 13, 0: 47, 1: 7}","{1: 135, 0: 70, 2: 95}","{1: 183, 2: 35, 0: 82}","{1: 187, 0: 45, 2: 68}","{1: 190, 2: 57, 0: 53}",0.05824562549715621,0.02481271447557703,0.07259157551599599,0.08533309298906162,0.1340522944107336,0.07548340421517433,0.16711456320549883,0.14215877308535785,0.1664052063409058,0.07669867460499456,0.15154037305898171,0.10541439488794808
1380,1,crash,3,0,1,-709.8292193394068,1966,,,0.36771465354218535,0.1,0.047723084688186646,12.945337295532227,-149.26341247558594,421.37420654296875,0.0,63.56997726207311,779,-157.2800000000022,-536.1191966014779,-80.0,-0.36105250220722623,{6: 196},"{0: 12, 1: 18, 2: 18, 3: 120, 4: 28}","{1: 64, 0: 93, 2: 39}","{1: 94, 0: 71, 2: 31}","{1: 89, 0: 73, 2: 34}","{1: 84, 0: 61, 2: 51}",0.07688608582674411,0.03094334263992326,0.11038144819380105,0.10670848551061843,0.16566651751288367,0.08362621241415993,0.24607736314744008,0.255644958815754,,,,
1390,1,max_steps,3,1,0,444.38789978122276,3000,1753.0,1753.0,0.36588021155343053,0.1,0.05495331436395645,12.945019721984863,-149.26341247558594,421.37420654296875,500.0,184.30789978122485,1724,-239.9200000000151,0.0,0.0,0.14812929992707424,"{6: 57, 5: 22, 4: 93, 3: 3, 0: 125}","{0: 9, 1: 10, 2: 48, 3: 233}","{1: 113, 0: 77, 2: 110}","{1: 194, 0: 73, 2: 33}","{1: 167, 0: 58, 2: 75}","{1: 183, 0: 66, 2: 51}",0.06350821842982474,0.021789677871536968,0.08886859909967121,0.08750738235224453,0.12157482573866264,0.062276788709305385,0.18530514976459034,0.22376760972748316,0.0574495822201652,0.0513947929110112,0.12171441137954396,0.11855385028342719
1400,1,max_steps,3,1,0,339.1485395516135,3000,2944.0,2944.0,0.36405492116463967,0.1,0.058516696095466614,13.01150894165039,-149.26341247558594,424.1802673339844,500.0,79.06853955161363,1491,-239.9200000000151,0.0,0.0,0.11304951318387117,"{2: 280, 1: 12, 3: 2, 4: 6}","{1: 10, 2: 62, 3: 200, 4: 28}","{1: 242, 2: 23, 0: 35}","{1: 169, 0: 72, 2: 59}","{1: 288, 2: 3, 0: 9}","{1: 287, 0: 13}",0.021175740506467214,0.026673698130803086,0.03139703378380096,0.03471067461749434,0.0603903755624959,0.07285708588108564,0.08095957879750977,0.08750588460068452,0.05615066436443733,0.03218389120175301,0.04591012290734726,0.04154725501934755
1410,1,crash,3,0,1,-418.07688424707766,2486,,,0.36223873672063134,0.1,0.06181090325117111,13.079782485961914,-149.26341247558594,427.6668395996094,0.0,33.264779048049434,755,-198.8800000000087,-172.46166329512735,-80.0,-0.16817251980976575,"{5: 74, 4: 67, 6: 107}","{3: 231, 2: 17}","{1: 151, 2: 12, 0: 85}","{1: 219, 0: 21, 2: 8}","{1: 197, 0: 51}","{1: 180, 0: 44, 2: 24}",0.044530254922424746,0.01117374099011434,0.061064763923636786,0.0659569395230154,0.096639013444955,0.030848719663670345,0.14294241030014884,0.143457579252456,,,,
1420,1,max_steps,3,1,0,428.9003860138023,3000,1602.0,1602.0,0.36043161279398694,0.1,0.05996009334921837,13.177270889282227,-178.6067352294922,434.9162902832031,500.0,168.8203860138039,2132,-239.9200000000151,0.0,0.0,0.1429667953379341,"{4: 61, 5: 40, 6: 56, 3: 3, 0: 140}","{1: 9, 2: 40, 3: 213, 4: 28, 5: 10}","{1: 127, 0: 78, 2: 95}","{1: 200, 0: 45, 2: 55}","{1: 208, 0: 53, 2: 39}","{1: 184, 0: 60, 2: 56}",0.05934758505281647,0.021135265125380415,0.07545209916760941,0.08869993562298235,0.09460774596742182,0.0667706990006324,0.13406618280480503,0.16006795292947393,0.06741076745270187,0.017054428020858013,0.11121918544772122,0.10044971658675006
1430,1,max_steps,3,0,0,-136.0869031283939,3000,,,0.35863350418391476,0.1,0.06517351418733597,13.252269744873047,-179.64939880371094,460.6927795410156,0.0,103.91309687160519,1558,-240.00000000001512,0.0,0.0,-0.045362301042797974,"{4: 162, 5: 53, 6: 85}","{4: 36, 3: 254, 2: 10}","{1: 183, 0: 45, 2: 72}","{1: 245, 2: 35, 0: 20}","{1: 250, 0: 21, 2: 29}","{1: 256, 0: 20, 2: 24}",0.0363182426508232,0.019174340087028854,0.03927312732964663,0.049576288369333164,0.1034978454195489,0.0330474030287954,0.1276573556457671,0.12201187527794967,,,,
1440,1,max_steps,3,1,0,408.04410183626385,3000,231.0,231.0,0.35684436591511914,0.1,0.06996918469667435,13.371928215026855,-179.64939880371094,467.9102783203125,500.0,147.96410183626816,1685,-239.9200000000151,0.0,0.0,0.13601470061208795,"{3: 23, 6: 139, 5: 116, 4: 22}","{6: 5, 5: 10, 4: 8, 3: 196, 2: 81}","{1: 154, 2: 75, 0: 71}","{1: 214, 2: 60, 0: 26}","{1: 232, 2: 39, 0: 29}","{1: 239, 2: 33, 0: 28}",0.04837094777560656,0.020115278794769095,0.057332382921496367,0.07254407144599774,0.08964874689879995,0.07085654145441117,0.1230087797585834,0.10842714104220286,0.016583250239298176,0.15301496022351188,0.015447357186773557,0.023915817734694974
1450,1,max_steps,3,0,0,-171.03750147477436,3000,,,0.3550641532366756,0.1,0.07244884967803955,13.419745445251465,-178.6102752685547,461.7890930175781,0.0,108.81093264631161,1803,-240.00000000001512,-39.848434121085596,0.0,-0.057012500491591456,"{5: 128, 4: 130, 6: 29, 3: 13}","{5: 19, 4: 16, 3: 159, 2: 106}","{1: 192, 2: 60, 0: 48}","{1: 221, 2: 61, 0: 18}","{1: 247, 2: 30, 0: 23}","{1: 239, 2: 32, 0: 29}",0.03315711479271756,0.017342904673284643,0.04573414002554426,0.04657553428889821,0.08501063470402352,0.05491549425852365,0.11770438049504553,0.11064245782351019,0.05705300917712961,0.03277038045249565,0.08117582072701711,0.09096820682686864
1460,1,max_steps,3,1,0,271.68474138742215,3000,259.0,259.0,0.35329282162091147,0.1,0.08521674573421478,13.494170188903809,-178.6102752685547,461.7890930175781,500.0,142.39110946189263,1666,-239.9200000000151,-130.78636807446713,0.0,0.09056158046247405,"{4: 69, 3: 1, 5: 134, 6: 96}","{4: 50, 3: 209, 2: 41}","{1: 148, 2: 69, 0: 83}","{1: 182, 2: 81, 0: 37}","{1: 192, 0: 60, 2: 48}","{1: 193, 0: 57, 2: 50}",0.05157640622617288,0.023425052669965935,0.06471749914738371,0.07784706394632487,0.11671809909300149,0.07297467193615137,0.16608612955993743,0.18817448799190833,0.07457551226007353,0.05667445120641488,0.23636190868488063,0.2730032843199477
1470,1,max_steps,3,0,0,-109.77455238464572,3000,,,0.35153032676229223,0.1,0.08893653005361557,13.563282012939453,-178.6102752685547,461.7890930175781,0.0,130.2254476153534,1493,-240.00000000001512,0.0,0.0,-0.036591517461548574,"{5: 79, 4: 196, 6: 25}","{6: 4, 5: 9, 4: 16, 3: 213, 2: 58}","{1: 195, 2: 75, 0: 30}","{1: 212, 2: 57, 0: 31}","{1: 258, 2: 28, 0: 14}","{1: 244, 2: 25, 0: 31}",0.03539492681343481,0.017713504295921244,0.04405545176880251,0.047470062198921865,0.08987586481477859,0.06632209427888099,0.10438757943585163,0.1176277530620578,0.05226452974761696,0.03844135465661623,0.10222618551343207,0.09777474334988884
1480,1,max_steps,3,1,0,417.77534562975194,3000,1511.0,1511.0,0.3497766245763132,0.1,0.08742235600948334,13.559816360473633,-178.86936950683594,461.7890930175781,500.0,157.69534562975284,2419,-239.9200000000151,0.0,0.0,0.13925844854325065,"{5: 51, 6: 86, 4: 12, 3: 24, 0: 25, 1: 12, 2: 90}","{1: 18, 2: 77, 3: 195, 4: 10}","{1: 212, 0: 54, 2: 34}","{1: 231, 0: 43, 2: 26}","{1: 235, 0: 39, 2: 26}","{1: 252, 0: 25, 2: 23}",0.028730371145859114,0.01753108373132419,0.03365048288434627,0.03564288070552141,0.12280750833650037,0.05053947311804335,0.15937804801860336,0.1225803186295011,0.027989367564652257,0.028685145023178007,0.03377901120038789,0.10090327093988859
1490,1,max_steps,3,1,0,350.2077350360357,3000,299.0,299.0,0.348031671198397,0.1,0.10224339365959167,13.698007583618164,-178.86936950683594,461.7890930175781,500.0,90.12773503603988,1629,-239.9200000000151,0.0,0.0,0.11673591167867856,"{4: 28, 3: 1, 2: 224, 1: 47}","{3: 202, 2: 96, 4: 2}","{1: 211, 2: 60, 0: 29}","{1: 258, 0: 29, 2: 13}","{1: 261, 2: 24, 0: 15}","{1: 268, 2: 5, 0: 27}",0.032328963751912014,0.01742859626854299,0.043089189242790274,0.051743326215141064,0.07620708637181246,0.033426549443354076,0.10515236327400852,0.10215313272318077,0.09887430006279992,0.028256460441206062,0.10184702048502083,0.09761195011563435
1500,1,crash,3,2,1,-763.0383644420158,2050,749.0,749.0,0.3462954229827963,0.1,0.10023072361946106,13.782456398010254,-178.86936950683594,458.7353515625,1000.0,132.19025016015277,1536,-163.84000000000322,-1651.388614602167,-80.0,-0.37221383631317845,"{4: 30, 3: 3, 0: 41, 1: 38, 2: 41, 5: 12, 6: 40}","{3: 101, 6: 6, 5: 11, 4: 31, 0: 53, 1: 3}","{1: 115, 2: 1, 0: 89}","{1: 104, 2: 52, 0: 49}","{1: 153, 0: 52}","{1: 178, 0: 9, 2: 18}",0.045508398149166414,0.02942835556876846,0.05890882135589378,0.04665171021657545,0.1109116302269843,0.0779510414435561,0.11761675840340584,0.10468031121882831,0.1091917040633973,0.03264926772035369,0.15384071926685966,0.06829080464956622
1510,1,max_steps,3,0,0,-208.2124141050636,3000,,,0.344567836501502,0.1,0.1050751581788063,13.851847648620605,-178.86936950683594,462.74853515625,0.0,31.787585894937646,1456,-240.00000000001512,0.0,0.0,-0.0694041380350212,{4: 300},"{1: 5, 2: 74, 3: 221}",{1: 300},"{1: 265, 0: 31, 2: 4}",{1: 300},{1: 300},0.00856716608081309,0.01150474998160919,0.012218238584598418,0.016824595902403462,0.025681111546585877,0.033324629444877,0.04078444122809164,0.04566404187163821,0.023452773917072862,0.025868577286440105,0.048746610578112616,0.07792886156437892
1520,1,max_steps,3,2,0,888.2340873574517,3000,394.5,394.5,0.3428488685431575,0.1,0.10893642157316208,13.915380477905273,-178.86936950683594,424.6371154785156,1000.0,128.0740873574544,1822,-239.8400000000151,0.0,0.0,0.29607802911915054,"{3: 15, 4: 63, 1: 50, 0: 59, 2: 113}","{5: 2, 4: 13, 2: 36, 1: 14, 3: 235}","{1: 219, 2: 37, 0: 44}","{1: 237, 2: 23, 0: 40}","{1: 238, 2: 30, 0: 32}","{1: 261, 0: 29, 2: 10}",0.027803565560109555,0.013730031814839248,0.0376892450344114,0.048562627730820804,0.11205872641394844,0.07325716134192159,0.13847144507144904,0.12356891627025676,0.1427094070980597,0.1454912799024383,0.19377282152627961,0.03777695307457552
1530,1,max_steps,3,0,0,-138.8057167444959,3000,,,0.3411384761119771,0.1,0.11169416457414627,13.949832916259766,-178.09986877441406,433.3298645019531,0.0,149.26081993818966,1832,-240.00000000001512,-48.066536682685374,0.0,-0.0462685722481653,{6: 300},"{1: 3, 2: 77, 3: 206, 4: 14}","{1: 137, 0: 59, 2: 104}","{1: 191, 0: 61, 2: 48}","{1: 189, 0: 48, 2: 63}","{1: 158, 0: 75, 2: 67}",0.05806537075694268,0.022701319372391695,0.07003817284063671,0.09628521440316186,0.1488662120859628,0.053584392397974315,0.1923199828099417,0.21666491071750893,,,,
1540,1,crash,3,0,1,-303.85142550948683,1710,,,0.3394366164266712,0.1,0.11296245455741882,13.999691009521484,-178.09986877441406,439.8089599609375,0.0,28.986214447136767,404,-136.799999999999,-116.03763995662429,-80.0,-0.17769089211081102,{6: 171},"{4: 83, 3: 80, 2: 8}","{1: 71, 0: 80, 2: 20}","{1: 64, 2: 60, 0: 47}","{1: 98, 0: 59, 2: 14}","{1: 74, 0: 58, 2: 39}",0.06256888873134138,0.03498237010627562,0.0827255320126971,0.10449687127968385,0.13318994574641244,0.06546212945317292,0.19699490190632019,0.15278218024086876,,,,
1550,1,crash,3,1,1,-498.6343270940271,965,453.0,453.0,0.337743246919376,0.1,0.11948911100625992,14.042834281921387,-179.31289672851562,443.0111389160156,500.0,82.02391767416347,663,-77.11999999999871,-923.5382447681894,-80.0,-0.516719509941997,"{0: 25, 1: 9, 2: 10, 3: 1, 6: 51}","{4: 11, 3: 34, 0: 48, 1: 3}","{1: 40, 0: 56}","{1: 58, 2: 14, 0: 24}","{1: 44, 0: 52}","{1: 69, 0: 15, 2: 12}",0.0681067167838904,0.02672066116421508,0.10737814127559059,0.07778022275159899,0.18590591096242304,0.08068450948157002,0.20988512979443524,0.14617883699217218,0.19028583726015225,0.015314546168020566,0.16350074200170114,0.057876585758904524
1560,1,crash,3,2,1,753.0572259879561,1817,857.0,857.0,0.3360583252345887,0.1,0.12254534661769867,14.152173042297363,-179.31289672851562,436.7113037109375,1000.0,115.15114131452577,1222,-145.2000000000003,-136.89391532656808,-80.0,0.414450867357158,"{2: 89, 3: 2, 0: 17, 1: 63, 6: 10}","{4: 46, 3: 119, 5: 6, 0: 10}","{1: 111, 0: 70}","{1: 118, 2: 41, 0: 22}","{1: 137, 0: 44}","{1: 166, 0: 3, 2: 12}",0.03435172827675486,0.022990296659593994,0.045374522259559305,0.037007352602078325,0.13393982184974046,0.08148918242404188,0.18172761276343521,0.09817266549999146,0.1544261060025389,0.030237204095022212,0.21688116842920843,0.09711206448573675
1570,1,crash,3,2,1,695.4192267388216,2093,476.5,476.5,0.33438180922810806,0.1,0.1272806078195572,14.210909843444824,-174.68722534179688,439.33319091796875,1000.0,124.98140254277017,1270,-167.28000000000375,-182.28217580394607,-80.0,0.332259544547932,"{3: 27, 1: 22, 0: 10, 2: 36, 6: 114}","{5: 13, 4: 25, 3: 122, 0: 31, 1: 7, 2: 11}","{1: 102, 0: 87, 2: 20}","{1: 116, 2: 41, 0: 52}","{1: 138, 0: 54, 2: 17}","{1: 124, 0: 47, 2: 38}",0.05139242838441019,0.023322685168970774,0.07059589456448617,0.08946152229797888,0.1124232711632242,0.12817870449099147,0.16709437155268,0.15354136209357724,0.06408153509378915,0.10219241938785838,0.09237215929205342,0.05641399170984998
1580,1,max_steps,3,1,0,359.9936975508426,3000,2681.0,2681.0,0.33271365696598043,0.1,0.11892418563365936,14.277958869934082,-167.9161834716797,430.9270935058594,500.0,99.91369755084307,1309,-239.9200000000151,0.0,0.0,0.11999789918361421,"{1: 136, 2: 74, 0: 57, 3: 1, 6: 32}","{3: 204, 2: 52, 4: 12, 1: 32}","{1: 219, 0: 62, 2: 19}","{1: 243, 2: 18, 0: 39}","{1: 251, 2: 11, 0: 38}","{1: 241, 2: 24, 0: 35}",0.029854311449497878,0.015534243048666855,0.04109306288335535,0.059084721368151974,0.09565459852008998,0.03320626131610995,0.12381093434144526,0.11061753887018291,0.1734282330358161,0.009528435294717577,0.13511067499242974,0.12385949906927653
1590,1,max_steps,3,0,0,-160.70663668889102,3000,,,0.33105382672345096,0.1,0.12591996788978577,14.32573413848877,-162.94198608398438,433.2721252441406,0.0,93.39292000492432,1229,-240.00000000001512,-14.099556693815833,0.0,-0.05356887889629701,"{5: 122, 6: 157, 4: 21}","{1: 7, 2: 111, 3: 182}","{1: 156, 0: 83, 2: 61}","{1: 184, 0: 74, 2: 42}","{1: 203, 2: 40, 0: 57}","{1: 175, 0: 62, 2: 63}",0.048101910761139635,0.022861750730774545,0.06823620896601132,0.09125301980799456,0.11969591197555318,0.05509074951892403,0.1620557032378007,0.15596814226462172,,,,
1600,1,max_steps,3,0,0,-172.590896280419,3000,,,0.3294022769839196,0.1,0.12961864471435547,14.398026466369629,-158.6131134033203,434.1868896484375,0.0,67.40910371958127,1225,-240.00000000001512,0.0,0.0,-0.05753029876013967,"{4: 165, 5: 129, 6: 6}","{3: 230, 2: 70}","{1: 213, 2: 34, 0: 53}","{1: 244, 2: 23, 0: 33}","{1: 253, 2: 21, 0: 26}","{1: 223, 0: 43, 2: 34}",0.031230697913255723,0.014404539057355274,0.05013683685647781,0.06502363286447196,0.09096113739484145,0.034414080900519166,0.11641820234855685,0.17641945228617437,0.04163885353752093,0.03207173740657798,0.18446134391510477,0.2636956508013525
1610,1,max_steps,3,2,0,862.9122876817901,3000,961.0,961.0,0.3277589664379029,0.1,0.13637247681617737,14.45052719116211,-158.6131134033203,432.83416748046875,1000.0,102.75228768179379,1771,-239.8400000000151,0.0,0.0,0.2876374292272634,"{3: 21, 4: 171, 2: 85, 1: 23}","{4: 24, 0: 16, 1: 8, 2: 83, 3: 169}","{1: 260, 0: 22, 2: 18}","{1: 207, 2: 43, 0: 50}","{1: 289, 0: 11}","{1: 292, 0: 6, 2: 2}",0.027556619296871566,0.01992758872684954,0.03771106401090507,0.03385680564202814,0.05562605471874037,0.07939308065422887,0.06406012144342646,0.0854785308077962,0.042525535971882224,0.05146871189536752,0.060706134704838724,0.07642038206739374
1620,1,max_steps,3,2,0,129.57927355888285,3000,1048.5,1048.5,0.3261238539820007,0.1,0.14600852131843567,14.598843574523926,-158.6131134033203,443.5303039550781,1000.0,150.84165329739955,1857,-239.8400000000151,-781.4223797385154,0.0,0.04319309118629428,"{0: 22, 1: 71, 2: 78, 3: 36, 4: 2, 6: 91}","{6: 6, 5: 10, 4: 12, 3: 118, 2: 75, 0: 17, 1: 62}","{1: 181, 0: 99, 2: 20}","{1: 165, 2: 44, 0: 91}","{1: 250, 0: 40, 2: 10}","{1: 249, 0: 29, 2: 22}",0.04005925508406655,0.027466288550307746,0.047688955588883794,0.0662330204459261,0.08589500510544056,0.10685714250708861,0.11649590005114986,0.10519312530363095,0.11197106977355144,0.0630564850801413,0.06775621955170756,0.09900317534475857
1630,1,max_steps,3,2,0,1043.6165904664297,3000,862.0,862.0,0.3244968987178681,0.1,0.1584721803665161,14.737256050109863,-158.83633422851562,454.0964050292969,1000.0,283.45659046643067,2616,-239.8400000000151,0.0,0.0,0.3478721968221432,"{4: 79, 5: 45, 3: 6, 0: 22, 1: 27, 2: 15, 6: 106}","{0: 24, 1: 11, 2: 53, 3: 161, 6: 34, 5: 7, 4: 10}","{1: 131, 0: 66, 2: 103}","{1: 153, 0: 70, 2: 77}","{1: 201, 0: 39, 2: 60}","{1: 205, 0: 45, 2: 50}",0.05668772097076274,0.029415671516334556,0.06052318154442336,0.0740328117791442,0.11302598445351539,0.11854364499165172,0.1468703713225076,0.14435931825563159,0.10819325150743693,0.028210854578892976,0.058346190870437645,0.2417622812820745
1640,1,success,3,3,0,1482.5420249753136,2357,785.6666666666666,755.0,0.32287805995119245,0.1,0.16830185055732727,14.762946128845215,-158.83633422851562,454.0964050292969,1500.0,195.56325845311548,1855,-188.32000000000704,-24.70123347779963,0.0,0.6289953436467177,"{6: 63, 5: 9, 4: 13, 3: 10, 1: 50, 2: 84, 0: 6}","{4: 36, 3: 119, 2: 64, 1: 16}","{1: 111, 0: 85, 2: 39}","{1: 163, 2: 43, 0: 29}","{1: 170, 2: 32, 0: 33}","{1: 198, 2: 13, 0: 24}",0.055120399490045845,0.024158607174452965,0.06578349857994492,0.0643522505398226,0.12861291308530196,0.08101511447236012,0.15140134047012777,0.11440547144862602,0.1102057590309709,0.08622998607542887,0.09271720374847818,0.17965563569045054
1650,2,max_steps,3,2,0,1033.133533019996,3000,778.0,778.0,0.39980000000000004,0.1,0.1843697428703308,14.893386840820312,-158.83633422851562,454.0964050292969,1000.0,272.9735330199968,2410,-239.8400000000151,0.0,0.0,0.3443778443399987,"{0: 21, 1: 23, 2: 69, 3: 42, 6: 132, 5: 7, 4: 6}","{1: 18, 2: 126, 3: 109, 6: 28, 5: 6, 4: 6, 0: 7}","{1: 156, 0: 78, 2: 66}","{1: 186, 0: 67, 2: 47}","{1: 208, 0: 33, 2: 59}","{1: 250, 0: 26, 2: 24}",0.044252190788458046,0.023343445015223178,0.06027406040743412,0.05802008794634521,0.12660810715019594,0.10862260530753141,0.14751341634424578,0.11244894442438481,0.08676957086892437,0.1630751250699008,0.1007443752676597,0.0858090573260961
1660,2,max_steps,3,3,0,1439.5598880319035,3500,1064.3333333333333,1024.0,0.3958199431078574,0.1,0.18319319188594818,15.006292343139648,-188.68630981445312,454.0964050292969,1500.0,219.31988803190401,2876,-279.7600000000129,0.0,0.0,0.4113028251519724,"{5: 61, 6: 46, 4: 116, 3: 26, 0: 37, 1: 25, 2: 39}","{2: 49, 3: 210, 6: 40, 5: 7, 4: 18, 0: 20, 1: 6}","{1: 210, 0: 91, 2: 49}","{1: 212, 0: 73, 2: 65}","{1: 307, 0: 17, 2: 26}","{1: 299, 0: 28, 2: 23}",0.039239595570323686,0.021278887335938603,0.044399767834614225,0.03917992798096384,0.08565809437548308,0.10936563306449695,0.10598483181999813,0.10760629229544916,0.08218006516080037,0.018285082065116278,0.10309274729797119,0.10612966023698762
1670,2,max_steps,3,0,0,-216.6125211223823,3500,,,0.3918795081588481,0.1,0.17559589445590973,15.171266555786133,-247.66812133789062,458.72869873046875,0.0,63.38747887761945,1483,-280.00000000001285,0.0,0.0,-0.06188929174925209,"{4: 206, 5: 108, 6: 36}","{3: 284, 2: 66}","{1: 278, 2: 39, 0: 33}","{1: 314, 2: 16, 0: 20}","{1: 320, 2: 23, 0: 7}","{1: 317, 2: 9, 0: 24}",0.017189396238288003,0.012226331235575347,0.024606248922340278,0.0215525337118877,0.0680767854307835,0.03030806197656984,0.09348948699212074,0.09914703613544655,,,,
1680,2,max_steps,3,1,0,343.2085521768642,3500,717.0,717.0,0.3879783007117817,0.1,0.1772671788930893,15.273484230041504,-259.6882019042969,458.72869873046875,500.0,123.12855217686837,2189,-279.92000000001286,0.0,0.0,0.09805958633624691,"{2: 277, 3: 7, 1: 66}","{2: 98, 3: 246, 1: 6}","{1: 253, 0: 62, 2: 35}","{1: 290, 0: 50, 2: 10}","{1: 323, 0: 23, 2: 4}","{1: 333, 0: 16, 2: 1}",0.027299190186629844,0.01693162513878392,0.038571087398296885,0.03313590587519245,0.07816896106521372,0.03556474251147382,0.09334935603026191,0.08905523057829197,0.021902004208361907,0.026527571383783848,0.042979897255894135,0.04258856426646434
1690,2,max_steps,3,3,0,1359.8874870021252,3500,974.6666666666666,1044.0,0.38411593025217755,0.1,0.17327772080898285,15.372647285461426,-259.6882019042969,458.72869873046875,1500.0,173.59330429769147,2692,-279.7600000000129,-33.945817295566265,0.0,0.3885392820006072,"{2: 194, 3: 85, 1: 13, 6: 58}","{6: 14, 5: 17, 4: 50, 3: 158, 2: 60, 0: 34, 1: 17}","{1: 273, 0: 74, 2: 3}","{1: 177, 2: 81, 0: 92}","{1: 331, 0: 18, 2: 1}","{1: 325, 0: 11, 2: 14}",0.01571468731584969,0.02967310843089875,0.02637611022875057,0.03736676941232914,0.06861391420810799,0.11241305381651699,0.08957297103802539,0.09346623816358297,0.02171159392424649,0.04143615446072672,0.038772286235022095,0.06023195428053732
1700,2,max_steps,3,1,0,406.40465286674026,3500,802.0,802.0,0.380292010153173,0.1,0.17515559494495392,15.461198806762695,-259.6882019042969,458.72869873046875,500.0,186.32465286674554,1867,-279.92000000001286,0.0,0.0,0.11611561510478294,"{1: 45, 2: 33, 3: 2, 6: 158, 5: 66, 4: 46}","{4: 25, 3: 241, 2: 51, 1: 30, 0: 3}","{1: 165, 0: 115, 2: 70}","{1: 205, 2: 61, 0: 84}","{1: 224, 0: 67, 2: 59}","{1: 241, 0: 54, 2: 55}",0.05384199794638754,0.0253434140072023,0.07591382320315815,0.08656425000825856,0.13035997562871277,0.06720324918914727,0.16663999209552316,0.13554731303785708,0.0878570084424705,0.005423315468109593,0.11030119786272073,0.09185818456790293
1710,2,max_steps,3,3,0,1502.3756468242811,3500,639.3333333333334,571.0,0.3765061576368226,0.1,0.17375455796718597,15.568363189697266,-259.6882019042969,458.72869873046875,1500.0,282.13564682428347,2536,-279.7600000000129,0.0,0.0,0.4292501848069375,"{5: 6, 4: 71, 3: 104, 2: 92, 1: 77}","{6: 44, 5: 19, 4: 22, 3: 52, 0: 119, 1: 29, 2: 65}","{1: 307, 2: 24, 0: 19}","{1: 130, 2: 111, 0: 109}","{1: 337, 0: 13}","{1: 312, 2: 20, 0: 18}",0.019736089530632786,0.03904649536325588,0.027841807127790844,0.03636772087043857,0.055720578618782844,0.1258256001679928,0.07839531283142043,0.10526176826935559,0.058309639225408584,0.15270980892945923,0.043414292714984405,0.11145775843167155
1720,2,max_steps,3,0,0,-179.3524320770016,3500,,,0.37275799373578056,0.1,0.1778811812400818,15.60118579864502,-259.6882019042969,458.72869873046875,0.0,100.64756792299907,1955,-280.00000000001285,0.0,0.0,-0.051243552022000455,"{6: 88, 5: 34, 4: 228}","{4: 13, 3: 304, 2: 33}","{1: 290, 2: 49, 0: 11}","{1: 310, 2: 33, 0: 7}","{1: 317, 2: 30, 0: 3}","{1: 320, 2: 16, 0: 14}",0.019347066228090112,0.01463148873467026,0.025359044290296538,0.02888750340111006,0.07133428252095018,0.03127494362482152,0.09793676285422291,0.09885704875531555,,,,
1730,2,max_steps,3,3,0,1427.7460503180662,3500,472.6666666666667,364.0,0.36904714325536686,0.1,0.18644839525222778,15.658626556396484,-259.6882019042969,460.0006103515625,1500.0,279.94376003567675,2405,-279.7600000000129,-72.43770971760894,0.0,0.4079274429480189,"{3: 22, 5: 138, 4: 106, 0: 55, 1: 10, 2: 19}","{2: 83, 6: 16, 5: 7, 4: 9, 3: 235}","{1: 145, 2: 87, 0: 118}","{1: 251, 0: 36, 2: 63}","{1: 217, 2: 64, 0: 69}","{1: 235, 2: 61, 0: 54}",0.06148987619208347,0.019754390750674734,0.07973738693150141,0.08123859192483378,0.12737833413552482,0.04870487105229259,0.1437823702920018,0.1526182498269366,0.08368909800456313,0.06760831463784801,0.02617132526718479,0.11036502325021096
1740,2,max_steps,3,3,0,1448.5620989505487,3500,966.6666666666666,949.0,0.3653732347360094,0.1,0.18717046082019806,15.727380752563477,-259.6882019042969,462.40826416015625,1500.0,231.19152207782062,2781,-279.7600000000129,-2.869423127269168,0.0,0.4138748854144425,"{6: 13, 5: 27, 4: 108, 3: 33, 2: 111, 1: 32, 0: 26}","{4: 59, 3: 197, 0: 18, 1: 26, 2: 28, 5: 22}","{1: 195, 2: 43, 0: 112}","{1: 197, 2: 90, 0: 63}","{1: 273, 2: 22, 0: 55}","{1: 294, 2: 25, 0: 31}",0.041346680073505254,0.026128238824178578,0.05808271087727467,0.06208493441743847,0.0998081147324341,0.07943805646317588,0.12475237606594397,0.11505937557203899,0.06821133236635804,0.07303269990237768,0.09771716191680459,0.10008750688038039
1750,2,max_steps,3,0,0,-218.3935699533609,3500,,,0.3617359004160607,0.1,0.1701759546995163,15.89915943145752,-245.1521453857422,462.40826416015625,0.0,61.606430046639815,1672,-280.00000000001285,0.0,0.0,-0.0623981628438174,"{3: 11, 4: 106, 5: 233}","{5: 8, 4: 27, 3: 298, 2: 17}","{1: 294, 0: 34, 2: 22}","{1: 287, 2: 46, 0: 17}","{1: 339, 0: 1, 2: 10}","{1: 328, 0: 15, 2: 7}",0.016708625261315127,0.01392557443497629,0.023029076673420447,0.031714262510804905,0.06396255636112486,0.0408163124244886,0.08276739704577536,0.08628623577273684,,,,
1760,2,max_steps,3,1,0,19.9215158257381,3500,890.0,890.0,0.35813477619498424,0.1,0.15449629724025726,16.12347984313965,-314.61676025390625,458.72869873046875,500.0,205.8958892485571,2474,-279.92000000001286,-406.05437342281743,0.0,0.0056918616644966,"{0: 22, 1: 28, 2: 36, 3: 2, 5: 81, 6: 131, 4: 50}","{5: 6, 4: 13, 3: 200, 2: 64, 0: 51, 1: 16}","{1: 175, 0: 97, 2: 78}","{1: 213, 2: 36, 0: 101}","{1: 253, 0: 53, 2: 44}","{1: 236, 0: 60, 2: 54}",0.049788768012518976,0.023193337897786007,0.0650154267711135,0.08207285910297021,0.09733218417486424,0.07820405092402717,0.12650446388404912,0.15061720790145358,0.08628754009877213,0.0072507877943897,0.06386577345458512,0.04072317572042985
1770,2,crash,3,0,1,-1923.7118792418703,2354,,,0.3545695015969082,0.1,0.14802931249141693,16.224605560302734,-302.8708801269531,453.69549560546875,0.0,89.71692009095817,1031,-188.32000000000704,-325.1087993328281,-1500.0,-0.8172098042658752,{6: 235},"{2: 69, 3: 154, 4: 12}","{1: 74, 0: 99, 2: 62}","{1: 155, 0: 36, 2: 44}","{1: 105, 0: 85, 2: 45}","{1: 113, 0: 61, 2: 61}",0.07948348688692929,0.024011481141566954,0.1081876736162946,0.10074501911538145,0.16336714641935599,0.053076300346380584,0.21056459793370394,0.17994238043124838,,,,
1780,2,crash,3,0,1,-2187.2297337906502,2290,,,0.3510397197345411,0.1,0.1155155673623085,16.391578674316406,-302.8708801269531,457.6781005859375,0.0,21.177455142798625,732,-183.20000000000624,-525.2071889334486,-1500.0,-0.9551221544937337,"{4: 25, 5: 9, 6: 195}","{1: 12, 2: 50, 3: 167}","{1: 160, 0: 69}","{1: 167, 0: 46, 2: 16}","{1: 195, 0: 34}","{1: 191, 0: 22, 2: 16}",0.025197388274391008,0.01586501938118563,0.032949255825917546,0.04694115812019768,0.09091916713503748,0.06990586598517558,0.127420151639495,0.12643156948047649,,,,
1790,2,max_steps,3,1,0,425.7030285353412,3500,1641.0,1641.0,0.34754507727344736,0.1,0.12242826819419861,16.452880859375,-302.8708801269531,453.7734680175781,500.0,205.62302853534254,2336,-279.92000000001286,0.0,0.0,0.1216294367243832,"{0: 22, 1: 13, 2: 126, 3: 3, 6: 89, 5: 67, 4: 30}","{4: 11, 3: 258, 2: 40, 0: 32, 1: 9}","{1: 186, 0: 83, 2: 81}","{1: 260, 2: 19, 0: 71}","{1: 273, 0: 31, 2: 46}","{1: 271, 0: 47, 2: 32}",0.04655759677464819,0.017819262752415,0.06259978611174967,0.07258140875664476,0.09504540235257722,0.07856985408041918,0.12701945109579987,0.11319965979976473,0.07808694179400012,0.01816080913990152,0.09946709904313926,0.054600555047507965
1800,2,max_steps,3,2,0,877.746297349478,3500,1131.0,1131.0,0.3440852243966778,0.1,0.1287580132484436,16.49860191345215,-302.8708801269531,456.1871032714844,1000.0,213.02481094151827,2646,-279.8400000000129,-55.438513592038525,0.0,0.25078465638556513,"{4: 43, 0: 65, 1: 19, 2: 116, 3: 1, 6: 58, 5: 48}","{3: 219, 2: 66, 6: 35, 5: 12, 4: 18}","{1: 178, 2: 86, 0: 86}","{1: 253, 0: 25, 2: 72}","{1: 268, 2: 50, 0: 32}","{1: 268, 2: 35, 0: 47}",0.04932528974060274,0.020575594422671265,0.05803653568966359,0.0669216962637183,0.09262980717360196,0.07669142362981633,0.1294855374807701,0.13077308272234806,0.10831896062995386,0.023916088310178087,0.15741386677915123,0.0396532531656832
1810,2,max_steps,3,2,0,876.8568459432313,3500,1658.5,1658.5,0.3406598147697532,0.1,0.1337854564189911,16.509750366210938,-302.8708801269531,457.8670959472656,1000.0,156.6968459432351,2391,-279.8400000000129,0.0,0.0,0.2505305274123518,"{2: 126, 3: 8, 0: 53, 1: 144, 4: 19}","{2: 49, 3: 283, 0: 10, 1: 8}","{1: 255, 0: 67, 2: 28}","{1: 268, 0: 45, 2: 37}","{1: 321, 0: 22, 2: 7}","{1: 320, 0: 22, 2: 8}",0.03483944172667004,0.01833219233310207,0.0452366611037244,0.05582066856774648,0.06795041636096723,0.041208429263501455,0.09416141707838845,0.09739840097849137,0.05132058420472758,0.02579409318555181,0.04580479854335756,0.0824418842650836
1820,2,max_steps,3,1,0,75.51646238126334,3500,494.0,494.0,0.33726850550599535,0.1,0.13412728905677795,16.561298370361328,-302.8708801269531,456.1871032714844,500.0,190.60312407514564,2002,-279.92000000001286,-335.1666616938802,0.0,0.021576132108932382,"{0: 29, 1: 10, 2: 10, 6: 301}","{3: 258, 2: 45, 4: 47}","{1: 180, 0: 96, 2: 74}","{1: 221, 0: 67, 2: 62}","{1: 246, 0: 56, 2: 48}","{1: 217, 0: 67, 2: 66}",0.046803818342374834,0.02434576232769517,0.06254376423894084,0.0861225782799126,0.10668139723103848,0.05728691797767599,0.1480356579352893,0.15771905753876492,0.20329155347267874,0.02668261034447626,0.17047693796673805,0.1773290082416947
1830,2,crash,3,2,1,-755.9117665822429,2630,416.0,416.0,0.333910957132204,0.1,0.12416478991508484,16.669775009155273,-280.14813232421875,456.1871032714844,1000.0,120.77504167335236,1459,-210.24000000001047,-166.44680825559186,-1500.0,-0.2874189226548452,"{4: 36, 3: 58, 5: 21, 6: 148}","{2: 69, 6: 22, 5: 10, 4: 22, 0: 46, 1: 11, 3: 83}","{1: 144, 2: 35, 0: 84}","{1: 95, 0: 99, 2: 69}","{1: 179, 0: 68, 2: 16}","{1: 151, 0: 58, 2: 54}",0.04283814769562937,0.03901990887747511,0.06190786077529875,0.0844459146568059,0.1242106943878059,0.10712652425509017,0.16655940867076274,0.17376472621376768,0.05357762558498108,0.051086845215420694,0.07129841313486937,0.015474609939119062
1840,2,max_steps,3,2,0,894.9035480237434,3500,1521.5,1521.5,0.3305868335546752,0.1,0.13162392377853394,16.843557357788086,-280.14813232421875,458.03375244140625,1000.0,174.74354802374611,2496,-279.8400000000129,0.0,0.0,0.2556867280067838,"{4: 175, 5: 118, 3: 6, 6: 5, 1: 46}","{5: 4, 4: 19, 3: 93, 2: 133, 0: 22, 1: 79}","{1: 224, 0: 39, 2: 87}","{1: 179, 2: 66, 0: 105}","{1: 312, 2: 38}","{1: 295, 0: 38, 2: 17}",0.03514767182618857,0.02971662400190294,0.04104121144757008,0.041476747489251384,0.07616693246397065,0.07846764164691096,0.1021173614715781,0.106144761539935,0.07477002883560324,0.0234618518180877,0.10385873387175165,0.04342191749616216
1850,2,max_steps,3,4,0,1902.5457112299368,3500,868.75,650.5,0.3272958020255584,0.1,0.15179456770420074,16.975509643554688,-280.14813232421875,464.17333984375,2000.0,182.22571122993727,2773,-279.6800000000129,0.0,0.0,0.5435844889228391,"{2: 193, 3: 53, 5: 35, 4: 24, 1: 30, 0: 15}","{4: 85, 3: 126, 5: 16, 2: 79, 0: 28, 1: 13, 6: 3}","{1: 271, 2: 44, 0: 35}","{1: 232, 2: 47, 0: 71}","{1: 319, 2: 15, 0: 16}","{1: 336, 2: 9, 0: 5}",0.022369619345354988,0.023566629226655707,0.02877061308738233,0.037838604299356496,0.07718134851097386,0.08157254444713577,0.0955408756756769,0.09202092674978868,0.043765664195795355,0.09194013813497331,0.05107945974309527,0.0748667455416634
1860,2,max_steps,3,2,0,915.8701821675072,3500,1068.0,1068.0,0.3240375331095474,0.1,0.15348918735980988,17.069721221923828,-280.14813232421875,460.33795166015625,1000.0,198.3297817488079,2303,-279.8400000000129,-2.619599581298082,0.0,0.2616771949050021,"{2: 87, 3: 24, 6: 80, 5: 129, 4: 30}","{3: 199, 2: 56, 6: 2, 5: 15, 4: 26, 0: 41, 1: 11}","{1: 245, 0: 46, 2: 59}","{1: 194, 2: 47, 0: 109}","{1: 280, 0: 19, 2: 51}","{1: 316, 0: 16, 2: 18}",0.024215622099597017,0.027984822604787053,0.0339740280821815,0.0310038323866626,0.11786734933434781,0.10857037917785935,0.12859774438237423,0.09901969386054142,0.10220507090309015,0.030774444916776948,0.038936803392939444,0.09378544875542481
1870,2,max_steps,3,1,0,399.76076384999897,3500,2636.0,2636.0,0.3208117006509042,0.1,0.1509723663330078,17.24494743347168,-391.31610107421875,468.693359375,500.0,179.6807638499987,1745,-279.92000000001286,0.0,0.0,0.1142173610999997,"{5: 130, 4: 24, 6: 108, 3: 1, 1: 73, 0: 7, 2: 7}","{5: 49, 4: 103, 3: 123, 2: 69, 1: 6}","{1: 224, 0: 55, 2: 71}","{1: 195, 2: 74, 0: 81}","{1: 259, 0: 37, 2: 54}","{1: 288, 0: 37, 2: 25}",0.03287661430070293,0.02758610228113706,0.044568815285910404,0.04516659667261274,0.16797989804118,0.07573319588415825,0.1863280303147558,0.12916396123503182,0.16635447593761585,0.011856146809639102,0.08558288287009978,0.1850760207321469
1880,2,max_steps,3,3,0,1449.9197759213978,3500,947.0,1224.0,0.31761798174081,0.1,0.1479784995317459,17.36069107055664,-391.31610107421875,469.59942626953125,1500.0,229.67977592140073,2692,-279.7600000000129,0.0,0.0,0.4142627931203994,"{3: 42, 5: 99, 4: 143, 0: 66}","{1: 8, 2: 49, 3: 253, 6: 18, 5: 12, 4: 10}","{1: 184, 0: 78, 2: 88}","{1: 261, 0: 35, 2: 54}","{1: 280, 2: 43, 0: 27}","{1: 286, 2: 34, 0: 30}",0.048113028242010615,0.01860824729144283,0.05507205653580857,0.062171685197001315,0.08345133833644663,0.06895285763582655,0.12172089247184559,0.1158662435346258,0.07059221320160536,0.03044804322736092,0.05926089088099264,0.06836713031873606
1890,2,max_steps,3,2,0,900.4993156757806,3500,1601.0,1601.0,0.31445605668504223,0.1,0.15812422335147858,17.483531951904297,-391.31610107421875,457.6917419433594,1000.0,180.33931567577943,2461,-279.8400000000129,0.0,0.0,0.2572855187645087,"{4: 211, 5: 61, 3: 48, 0: 16, 1: 14}","{5: 17, 4: 43, 3: 227, 2: 32, 0: 25, 1: 6}","{1: 271, 0: 60, 2: 19}","{1: 206, 2: 79, 0: 65}","{1: 313, 0: 24, 2: 13}","{1: 306, 2: 25, 0: 19}",0.025376191598688973,0.02539928091110804,0.037855413334806104,0.043726785517661515,0.06962182434160372,0.11291254296777757,0.10288423433115755,0.10259337334962226,0.04832538743370792,0.05825345016203,0.1036117259501733,0.08617039848670463
1900,2,max_steps,3,2,0,932.3756409369694,3500,1070.5,1070.5,0.31132560897197237,0.1,0.1724875420331955,17.6079044342041,-391.31610107421875,457.6917419433594,1000.0,212.21564093696915,2452,-279.8400000000129,0.0,0.0,0.26639304026770555,"{4: 144, 5: 19, 3: 51, 0: 136}","{5: 10, 4: 23, 3: 197, 2: 50, 0: 27, 1: 6, 6: 37}","{1: 262, 2: 38, 0: 50}","{1: 205, 2: 93, 0: 52}","{1: 311, 2: 22, 0: 17}","{1: 284, 2: 25, 0: 41}",0.027876396584287512,0.022924112864151903,0.04313414340647203,0.05416492704551082,0.07049898312807691,0.13435082836131826,0.10257366914029872,0.1161628403757881,0.07892823311898907,0.09498875720424654,0.07802088068639038,0.10853208690578471
1910,2,max_steps,3,2,0,888.3059666358291,3500,1046.5,1046.5,0.30822632524088334,0.1,0.18317386507987976,17.72086524963379,-391.31610107421875,457.1328125,1000.0,168.14596663583333,2227,-279.8400000000129,0.0,0.0,0.25380170475309405,"{3: 20, 0: 26, 1: 25, 2: 138, 6: 141}","{2: 95, 6: 17, 5: 7, 4: 40, 3: 186, 1: 5}","{1: 227, 0: 85, 2: 38}","{1: 168, 0: 99, 2: 83}","{1: 279, 0: 54, 2: 17}","{1: 287, 0: 41, 2: 22}",0.03142480004865271,0.030446647813072797,0.03894936843629157,0.05046523741245904,0.09990042057480324,0.07080921013322225,0.12674797457028353,0.12971229528214892,0.08723833457500307,0.05160615035235148,0.06154558728849181,0.09395058238722834
1920,2,max_steps,3,0,0,-109.46373237376802,3500,,,0.3051578952506013,0.1,0.17681890726089478,17.89754295349121,-326.3148193359375,466.1542663574219,0.0,170.53626762623117,1884,-280.00000000001285,0.0,0.0,-0.03127535210679087,"{6: 150, 5: 108, 4: 92}","{2: 83, 3: 246, 4: 21}","{1: 165, 2: 113, 0: 72}","{1: 249, 0: 65, 2: 36}","{1: 226, 2: 74, 0: 50}","{1: 211, 2: 76, 0: 63}",0.054076879110959625,0.021523290393723134,0.07310546048959943,0.09121808689659741,0.10661265663293854,0.03977360281200323,0.14327354541835177,0.14950833034034602,,,,
1930,2,max_steps,3,2,0,-316.83938328490524,3500,1538.5,1538.5,0.30212001184844034,0.1,0.18546345829963684,18.020925521850586,-314.258544921875,464.7992248535156,1000.0,204.12790591861113,2061,-279.8400000000129,-1241.1272892035156,0.0,-0.0905255380814015,"{6: 155, 5: 32, 4: 10, 2: 69, 1: 83, 3: 1}","{1: 29, 2: 126, 3: 168, 5: 9, 4: 18}","{1: 191, 2: 88, 0: 71}","{1: 227, 0: 76, 2: 47}","{1: 248, 2: 69, 0: 33}","{1: 257, 2: 48, 0: 45}",0.04604931267514821,0.023067379670345202,0.06822474424311745,0.06475641187064066,0.11639265696814548,0.07698931729683128,0.15658857313069005,0.1456940909385912,0.19522221146821542,0.01938578479828438,0.1563634559329007,0.13006410706232172
1940,2,crash,3,1,1,-1442.2445917403304,2277,1488.0,1488.0,0.29911237093945686,0.1,0.16167977452278137,18.396455764770508,-336.44305419921875,465.08258056640625,500.0,156.61595414729592,1546,-182.08000000000607,-416.78054588762564,-1500.0,-0.633396834317229,"{0: 17, 1: 90, 2: 40, 3: 1, 4: 39, 5: 35, 6: 5}","{0: 11, 1: 12, 2: 48, 3: 89, 6: 47, 5: 6, 4: 14}","{1: 124, 0: 84, 2: 19}","{1: 93, 0: 60, 2: 74}","{1: 159, 0: 54, 2: 14}","{1: 152, 0: 28, 2: 47}",0.044063214530904206,0.035949617153498946,0.05945026292584888,0.07479755411202596,0.13510464932103214,0.12630914888989692,0.16816424183926548,0.16477871112130726,0.1428040411853705,0.02702435385491092,0.1931521736215889,0.026739537818196924
1950,2,max_steps,3,0,0,-185.20526679833506,3500,,,0.2961346714560084,0.1,0.1607723981142044,18.538700103759766,-336.44305419921875,464.71209716796875,0.0,94.79473320166542,2063,-280.00000000001285,0.0,0.0,-0.05291579051381002,"{0: 59, 1: 18, 2: 273}","{1: 28, 2: 160, 3: 162}","{1: 305, 0: 45}","{1: 306, 0: 40, 2: 4}","{1: 327, 0: 23}","{1: 318, 0: 18, 2: 14}",0.011274366608142714,0.011418476371135555,0.01713305149727254,0.02728932705152806,0.05802084229474459,0.03129264650872213,0.0842750549632034,0.0965983126128623,,,,
1960,2,max_steps,3,3,0,1490.4780437036793,3500,862.3333333333334,1079.0,0.293186615327617,0.1,0.15887734293937683,18.700489044189453,-336.44305419921875,464.71209716796875,1500.0,286.0057107625927,2683,-279.7600000000129,-15.767667058911572,0.0,0.42585086962962265,"{2: 79, 3: 5, 6: 173, 5: 10, 4: 15, 0: 50, 1: 18}","{4: 47, 3: 194, 0: 25, 1: 10, 2: 29, 6: 39, 5: 6}","{1: 143, 0: 121, 2: 86}","{1: 220, 2: 80, 0: 50}","{1: 216, 0: 71, 2: 63}","{1: 243, 0: 46, 2: 61}",0.06564708469399097,0.022343411662253853,0.07898848965043356,0.08156276202225778,0.12737978920281515,0.1111418097856289,0.15593993902713713,0.15136884365449624,0.1279934544729417,0.024354631253729202,0.15320440355381792,0.09381841195445177
1970,2,max_steps,3,3,0,1482.0263454922426,3500,1059.6666666666667,830.0,0.2902679074511322,0.1,0.17070257663726807,18.863981246948242,-336.44305419921875,477.3515319824219,1500.0,294.43910538598925,2430,-279.7600000000129,-32.652759893742555,0.0,0.42343609871206933,"{6: 41, 5: 47, 4: 173, 0: 60, 1: 11, 2: 11, 3: 7}","{1: 26, 0: 22, 2: 27, 3: 216, 6: 17, 5: 8, 4: 34}","{1: 175, 2: 82, 0: 93}","{1: 219, 2: 71, 0: 60}","{1: 226, 2: 60, 0: 64}","{1: 293, 2: 34, 0: 23}",0.0498913574913092,0.019006580606332625,0.06873134115387261,0.05090837549240783,0.15585423455246353,0.1310268164258042,0.16347856086756857,0.1282166833809623,0.1484381199208569,0.02341455365203745,0.12658199500902553,0.0973115032597676
1980,2,max_steps,3,1,0,-1867.8771368645885,3500,836.0,836.0,0.28737825566119046,0.1,0.15939638018608093,19.023569107055664,-336.44305419921875,470.8890686035156,500.0,225.91183356272714,2391,-279.92000000001286,-2313.868970427317,0.0,-0.533679181961311,"{0: 30, 1: 15, 2: 37, 3: 1, 6: 54, 5: 159, 4: 54}","{6: 9, 5: 10, 4: 13, 3: 280, 2: 38}","{1: 160, 0: 90, 2: 100}","{1: 277, 2: 56, 0: 17}","{1: 252, 0: 55, 2: 43}","{1: 262, 0: 51, 2: 37}",0.05360169295262032,0.018238200616392766,0.07236668758420803,0.07601840265391124,0.09575361475195539,0.046975725861402945,0.12435032637263976,0.122130244052922,0.07877417815070287,0.028990394009679874,0.0607487729550629,0.09661693275802073
1990,2,max_steps,3,1,0,401.0656034095112,3500,992.0,992.0,0.2845173707009697,0.1,0.15187379717826843,19.07900047302246,-360.4223937988281,473.505859375,500.0,180.9856034095154,1999,-279.92000000001286,0.0,0.0,0.11459017240271749,"{2: 83, 1: 14, 3: 2, 6: 121, 5: 39, 4: 91}","{2: 124, 3: 196, 5: 6, 4: 24}","{1: 185, 0: 65, 2: 100}","{1: 280, 0: 22, 2: 48}","{1: 281, 0: 18, 2: 51}","{1: 304, 0: 24, 2: 22}",0.045596169766031744,0.01848765842213964,0.05899153609179032,0.05143279368192408,0.09468541355700427,0.03650281645874685,0.11066794800656689,0.10336396408201551,0.08998864297831699,0.015390582248307742,0.11707026435965176,0.06495071810369796
2000,2,max_steps,3,1,0,354.170755519997,3500,2419.0,2419.0,0.2816849661932341,0.1,0.1459926962852478,19.20218849182129,-360.4223937988281,466.1039123535156,500.0,134.0907555199976,2462,-279.92000000001286,0.0,0.0,0.10119164443428486,"{0: 23, 1: 165, 2: 50, 3: 3, 6: 109}","{0: 7, 1: 23, 2: 78, 3: 207, 5: 20, 4: 15}","{1: 258, 0: 64, 2: 28}","{1: 241, 0: 64, 2: 45}","{1: 302, 0: 38, 2: 10}","{1: 302, 0: 33, 2: 15}",0.026462945163191386,0.01998277333813822,0.03337084651675225,0.04064798923732536,0.0770447406137147,0.0589559090631816,0.11901197451386286,0.10537366099295545,0.05147045272206798,0.028173144030047264,0.0284836437930166,0.06379526206184442
2010,2,crash,3,2,1,-781.7071158181038,1374,436.5,436.5,0.27888075861166733,0.1,0.1307419240474701,19.377830505371094,-360.4223937988281,464.0042724609375,1000.0,58.55283828388357,826,-109.75999999999802,-230.49995410198605,-1500.0,-0.5689280318909052,"{2: 83, 3: 4, 6: 50}","{1: 3, 2: 46, 3: 55, 5: 5, 4: 28}","{1: 77, 0: 60}","{1: 65, 0: 26, 2: 46}","{1: 103, 0: 34}","{1: 92, 2: 26, 0: 19}",0.040456091166125474,0.03199848373980601,0.04418975748913084,0.0831222302048972,0.1656968858164264,0.10670307848116233,0.19102908623136802,0.18355901668029104,0.06795207137674407,0.02766638567256346,0.10884716206811924,0.0927317984667536
2020,2,max_steps,3,2,0,1004.5191018564407,3500,1376.5,1376.5,0.27610446725249194,0.1,0.1207476407289505,19.4929256439209,-360.4223937988281,463.90509033203125,1000.0,284.3591018564415,2185,-279.8400000000129,0.0,0.0,0.28700545767326874,"{6: 72, 5: 114, 4: 44, 3: 53, 0: 13, 1: 26, 2: 28}","{1: 42, 0: 40, 2: 71, 3: 150, 4: 15, 6: 18, 5: 14}","{1: 190, 2: 75, 0: 85}","{1: 193, 2: 69, 0: 88}","{1: 248, 2: 57, 0: 45}","{1: 253, 2: 46, 0: 51}",0.04722115909939885,0.027553656503805035,0.06263133876972102,0.06160112686324841,0.10106121775106829,0.11878912264104838,0.13428391449670998,0.16110887967461038,0.1323403994588891,0.1605592006558163,0.060055064224273806,0.21051283516769684
2030,2,max_steps,3,2,0,910.148507630266,3500,1604.5,1604.5,0.2733558142063698,0.1,0.13194714486598969,19.577983856201172,-360.4223937988281,467.3864440917969,1000.0,189.98850763026954,2771,-279.8400000000129,0.0,0.0,0.26004243075150457,"{5: 15, 4: 20, 3: 5, 0: 78, 1: 13, 2: 189, 6: 30}","{1: 1, 2: 37, 3: 266, 5: 16, 4: 30}","{1: 231, 2: 52, 0: 67}","{1: 266, 0: 28, 2: 56}","{1: 275, 2: 40, 0: 35}","{1: 308, 2: 19, 0: 23}",0.020604103064252102,0.01962997085134613,0.025123695355268406,0.03196161930867303,0.10246385592729497,0.08272034932550858,0.1350608286989209,0.1013434670965138,0.12481896276059429,0.0282052066091663,0.13866498980229117,0.03864737835205728
2040,2,max_steps,3,2,0,987.0708643826054,3500,785.5,785.5,0.27063452433058366,0.1,0.15306974947452545,19.672840118408203,-360.4223937988281,477.08056640625,1000.0,266.9108643826077,2668,-279.8400000000129,0.0,0.0,0.28202024696645867,"{2: 135, 3: 12, 1: 10, 6: 173, 5: 20}","{6: 4, 5: 20, 4: 37, 3: 202, 2: 49, 0: 29, 1: 9}","{1: 169, 0: 86, 2: 95}","{1: 218, 2: 60, 0: 72}","{1: 266, 0: 41, 2: 43}","{1: 292, 0: 26, 2: 32}",0.052330814361462905,0.025382122664841626,0.05661550151519808,0.04880657042782825,0.10127304778276591,0.10219058627392001,0.12390243824215899,0.1256133943073539,0.08644619659028327,0.028179583212725075,0.12028875017101485,0.09405808008640375
2050,2,max_steps,3,2,0,-1253.3128217135609,3500,899.5,899.5,0.26794032522149486,0.1,0.13357336819171906,19.840003967285156,-360.4223937988281,475.76812744140625,1000.0,298.5020053365854,2601,-279.8400000000129,-2271.974827050138,0.0,-0.35808937763244597,"{0: 184, 1: 12, 2: 17, 3: 1, 6: 112, 5: 12, 4: 12}","{6: 8, 5: 6, 4: 16, 3: 223, 2: 63, 0: 15, 1: 19}","{1: 157, 0: 75, 2: 118}","{1: 226, 2: 33, 0: 91}","{1: 242, 0: 43, 2: 65}","{1: 292, 0: 33, 2: 25}",0.06428542210752819,0.018379861761340675,0.05217373412695096,0.04418100824259791,0.1397223333432996,0.08019350223978389,0.16825737431775822,0.113941284558224,0.16467843247531486,0.027742736568047814,0.12596538681983144,0.10921128848512021
2060,2,crash,3,4,1,256.6823096840751,2266,493.5,406.0,0.2652729471872759,0.1,0.13529814779758453,19.956995010375977,-320.6915283203125,462.17474365234375,2000.0,272.39596004832015,2053,-180.9600000000059,-334.753650364254,-1500.0,0.11327551177584956,"{5: 28, 4: 23, 3: 64, 2: 66, 1: 15, 0: 30}","{2: 46, 3: 76, 6: 21, 5: 15, 4: 40, 0: 22, 1: 6}","{1: 90, 2: 29, 0: 107}","{1: 91, 0: 68, 2: 67}","{1: 152, 2: 21, 0: 53}","{1: 178, 2: 21, 0: 27}",0.06578283938777692,0.045945241689134844,0.06714235449520642,0.06531544589997312,0.12533859622020302,0.15117538202305578,0.1567395431315776,0.1424703961042113,0.1029174759822026,0.11993582094965821,0.08160081838757907,0.22568939612610867
2070,2,max_steps,3,2,0,967.5053592391143,3500,1316.0,1316.0,0.2626321232209134,0.1,0.14249980449676514,20.026670455932617,-320.6915283203125,462.17474365234375,1000.0,247.34535923911767,2703,-279.8400000000129,0.0,0.0,0.27643010263974693,"{5: 21, 4: 14, 3: 4, 1: 112, 2: 199}","{6: 24, 5: 14, 4: 25, 3: 168, 0: 73, 1: 20, 2: 26}","{1: 196, 2: 65, 0: 89}","{1: 174, 2: 77, 0: 99}","{1: 260, 2: 36, 0: 54}","{1: 231, 2: 57, 0: 62}",0.04296065462013879,0.030258683366838585,0.057310223825702784,0.08788404318111812,0.09160054284181679,0.1288405902377119,0.12820671747643392,0.1602728312280382,0.10981119605334984,0.03636879093247394,0.09133777270801535,0.21273559496399214
2080,2,crash,3,2,1,-684.9037198670833,2061,764.5,764.5,0.26001758897348104,0.1,0.15013465285301208,20.136016845703125,-320.6915283203125,465.9911193847656,1000.0,185.73070368417658,1719,-164.72000000000335,-205.91442355125932,-1500.0,-0.33231621536491185,"{4: 46, 3: 2, 0: 54, 1: 13, 2: 37, 6: 54}","{1: 20, 2: 12, 3: 74, 6: 27, 5: 17, 4: 12, 0: 44}","{1: 95, 2: 20, 0: 91}","{1: 73, 0: 78, 2: 55}","{1: 143, 2: 12, 0: 51}","{1: 161, 0: 32, 2: 13}",0.05789563670899715,0.06362427466018705,0.06504751246902984,0.0659033236217538,0.11704082192896281,0.131062450528865,0.14946972135903197,0.14591455314708718,0.09342590875966784,0.024980918068711312,0.10744013431584191,0.11340584260509771
2090,2,crash,3,3,1,-421.1018419957004,3391,918.6666666666666,956.0,0.25742908272767756,0.1,0.1420833170413971,20.32420539855957,-320.6915283203125,463.77960205078125,1500.0,242.88669868909287,2461,-271.04000000001463,-392.9485406847907,-1500.0,-0.12418220052954893,"{5: 82, 4: 54, 3: 31, 0: 105, 1: 9, 2: 37, 6: 21}","{1: 23, 2: 48, 3: 184, 5: 21, 4: 36, 6: 27}","{1: 175, 2: 56, 0: 108}","{1: 182, 0: 68, 2: 89}","{1: 237, 2: 31, 0: 71}","{1: 237, 0: 58, 2: 44}",0.047690711553178826,0.02744590271849367,0.06575926118387099,0.0773501846484945,0.11466552367809717,0.11853484812514556,0.13928412216938227,0.13181621588256184,0.06914741280698099,0.11082736186750046,0.114782759756674,0.11297613799288725
2100,2,crash,3,1,1,-1332.2319347108164,2114,1680.0,1680.0,0.25486634537162883,0.1,0.14401520788669586,20.50617027282715,-320.6915283203125,467.00732421875,500.0,96.38512902508401,1152,-169.04000000000403,-259.57706373589957,-1500.0,-0.6301948603173209,"{0: 75, 1: 14, 2: 77, 3: 1, 6: 44}","{1: 2, 2: 61, 3: 115, 5: 12, 4: 21}","{1: 109, 2: 14, 0: 88}","{1: 153, 0: 21, 2: 37}","{1: 153, 2: 3, 0: 55}","{1: 175, 2: 9, 0: 27}",0.04789294200169079,0.020222918378192376,0.05448314017473331,0.06946002700913903,0.10433673312644323,0.06098784187921429,0.12898989435813826,0.10635732045862242,0.06436661409853306,0.021765178496665347,0.11448762578412434,0.09074110171996766
2110,2,max_steps,3,1,0,364.36402490605207,3500,2180.0,2180.0,0.2523291203729506,0.1,0.13603736460208893,20.665740966796875,-362.3403625488281,462.0984802246094,500.0,144.2840249060514,1987,-279.92000000001286,0.0,0.0,0.10410400711601488,"{2: 187, 1: 28, 3: 2, 6: 112, 5: 14, 4: 7}","{1: 9, 2: 65, 3: 272, 4: 4}","{1: 232, 2: 78, 0: 40}","{1: 257, 0: 68, 2: 25}","{1: 302, 2: 37, 0: 11}","{1: 282, 0: 30, 2: 38}",0.02954615347032674,0.017494056492820497,0.035077431972485036,0.05191881118000231,0.08086159983259393,0.04431994422968705,0.1135399228251918,0.11541047478879472,0.07462059658263608,0.0071179087764001395,0.06751939661302474,0.08037267409083869
2120,2,max_steps,3,1,0,435.1410256311502,3500,377.0,377.0,0.249817153753069,0.1,0.13461758196353912,20.840877532958984,-362.3403625488281,473.955810546875,500.0,215.06102563115448,2024,-279.92000000001286,0.0,0.0,0.12432600732318579,"{1: 22, 2: 15, 4: 282, 5: 31}","{6: 9, 5: 6, 4: 9, 3: 241, 0: 33, 1: 5, 2: 47}","{1: 233, 0: 64, 2: 53}","{1: 222, 2: 59, 0: 69}","{1: 290, 0: 19, 2: 41}","{1: 255, 0: 40, 2: 55}",0.03854738438633024,0.024014312241332665,0.059264820996665725,0.07508441876851253,0.09039736652040495,0.15812670570013634,0.12210433950738232,0.12831144012617873,0.059356198112981075,0.03250506090031035,0.08789194033271887,0.1111378726346391
2130,2,crash,3,2,1,-966.0243183849007,3106,972.5,972.5,0.24733019406179746,0.1,0.14045605063438416,21.02072525024414,-362.3403625488281,466.60919189453125,1000.0,153.4242896642224,2110,-248.32000000001642,-371.1286080491208,-1500.0,-0.3110187760415005,"{2: 149, 1: 40, 3: 18, 4: 100, 5: 3}","{6: 6, 5: 15, 4: 10, 3: 171, 2: 50, 0: 22, 1: 36}","{1: 205, 0: 93, 2: 12}","{1: 186, 2: 35, 0: 89}","{1: 256, 0: 54}","{1: 261, 0: 30, 2: 19}",0.036659694669779794,0.02562253062431268,0.047755283145462166,0.05494556254798889,0.08378433243626754,0.10387377121921477,0.1188236783426775,0.10414845048674781,0.03721523736684432,0.027302364723745472,0.07516116459468508,0.09856771604990143
2140,2,crash,3,3,1,-196.8929144071974,3048,924.0,1088.0,0.24486799235216605,0.1,0.1499670147895813,21.16554069519043,-362.3403625488281,457.7272644042969,1500.0,225.3828455377378,1969,-243.60000000001568,-178.67575994493365,-1500.0,-0.06459741286325374,"{2: 59, 3: 16, 4: 75, 5: 85, 0: 53, 1: 16}","{3: 174, 1: 25, 2: 69, 4: 19, 6: 9, 5: 8}","{1: 89, 0: 147, 2: 68}","{1: 220, 0: 56, 2: 28}","{1: 168, 0: 79, 2: 57}","{1: 214, 0: 44, 2: 46}",0.07922060941575532,0.01684928056602967,0.0897229335620315,0.07341048190407316,0.15543916820968173,0.07032297768524208,0.1895821065587236,0.160202040680071,0.12285406013449561,0.04309073475307165,0.19864829825746175,0.10698237718314971
2150,2,crash,3,2,1,-812.8629174185539,1031,438.0,438.0,0.24243030215550176,0.1,0.17506656050682068,21.326148986816406,-362.3403625488281,464.08172607421875,1000.0,94.16091516574065,865,-82.3199999999986,-324.7038325842941,-1500.0,-0.7884218403671717,"{0: 23, 1: 12, 2: 33, 3: 19, 4: 7, 5: 9}","{3: 60, 2: 12, 5: 4, 4: 11, 0: 16}","{1: 26, 0: 77}","{1: 80, 2: 22, 0: 1}","{1: 78, 0: 25}","{1: 83, 0: 12, 2: 8}",0.07439973537350765,0.011743196558875126,0.06934908832309787,0.05991901257644866,0.12467049503328874,0.08090632808227528,0.1607544073130793,0.1308638846076929,0.0847003368299043,0.11761463735517266,0.10281397622106057,0.10044272657142798
2160,2,max_steps,3,0,0,-142.64843383878988,3500,,,0.2400168794567568,0.1,0.1859155297279358,21.397296905517578,-362.3403625488281,465.1966857910156,0.0,137.35156616120943,1726,-280.00000000001285,0.0,0.0,-0.04075669538251139,"{4: 162, 5: 101, 6: 87}","{1: 7, 2: 29, 3: 281, 4: 33}","{1: 155, 0: 102, 2: 93}","{1: 274, 0: 59, 2: 17}","{1: 219, 0: 64, 2: 67}","{1: 209, 2: 71, 0: 70}",0.05746368896820511,0.016992733862156613,0.08282559444226961,0.08162860217115969,0.10964359784139663,0.04902833504638465,0.1462731594526712,0.18452465258888584,,,,
2170,2,max_steps,3,1,0,352.3916412678199,3500,1082.0,1082.0,0.23762748267008232,0.1,0.1781589686870575,21.47737693786621,-371.88580322265625,455.14215087890625,500.0,132.31164126782343,1978,-279.92000000001286,0.0,0.0,0.10068332607651997,"{2: 81, 1: 26, 3: 3, 4: 155, 5: 72, 6: 13}","{1: 7, 2: 31, 3: 273, 4: 22, 6: 3, 5: 14}","{1: 252, 0: 60, 2: 38}","{1: 221, 0: 67, 2: 62}","{1: 289, 0: 34, 2: 27}","{1: 295, 0: 29, 2: 26}",0.029652405587097808,0.025267598059597933,0.0450221454735614,0.05936569312826029,0.09726318701949259,0.07477281343567585,0.12210807565125271,0.12287044108193151,0.16722932390941664,0.026389836843039007,0.23820323699893817,0.1329903219458776
2180,2,crash,3,1,1,-1797.1600139247266,1233,632.0,632.0,0.23526187261464562,0.1,0.17319947481155396,21.650510787963867,-381.6455078125,459.6932678222656,500.0,69.6430627858286,806,-98.55999999999825,-768.2430767105546,-1500.0,-1.4575507006688782,"{0: 12, 1: 36, 2: 14, 3: 1, 4: 5, 5: 8, 6: 47}","{1: 4, 2: 59, 3: 60}","{1: 68, 0: 53, 2: 2}","{1: 65, 0: 42, 2: 16}","{1: 74, 0: 48, 2: 1}","{1: 91, 0: 19, 2: 13}",0.0438622104480658,0.028398731771406744,0.08521245777851817,0.054675010487651,0.17674769805374013,0.08475977602460125,0.19471423973603263,0.18028807690857113,0.1817840554791093,0.02320214939814413,0.23306514776248183,0.06453684121459446
2190,2,crash,3,1,1,-2763.57595933749,3455,191.0,191.0,0.23291981249068786,0.1,0.16806741058826447,21.802349090576172,-357.10540771484375,469.54541015625,500.0,88.90225122625111,1399,-276.3200000000136,-1576.158210563738,-1500.0,-0.7998772675361766,"{2: 16, 3: 3, 5: 2, 6: 324}","{3: 203, 2: 59, 6: 32, 5: 36, 4: 15}","{1: 167, 0: 130, 2: 48}","{1: 216, 2: 77, 0: 52}","{1: 257, 0: 60, 2: 28}","{1: 218, 0: 70, 2: 57}",0.05141443962054919,0.025098268640766815,0.05975302361055514,0.07841346840115672,0.10469161190412216,0.06004511540255656,0.13117098644020175,0.13348589079190817,0.08377348250969453,0.02582085159311163,0.14678878988578672,0.12808476843800415
2200,2,max_steps,3,2,0,910.3055009326198,3500,1743.0,1743.0,0.2306010678558201,0.1,0.15999558568000793,21.900049209594727,-357.10540771484375,475.7808837890625,1000.0,191.86656509162344,2593,-279.8400000000129,-1.7210641590002227,0.0,0.26008728598074854,"{1: 23, 0: 17, 2: 15, 6: 76, 5: 130, 4: 84, 3: 5}","{6: 12, 5: 6, 4: 16, 3: 295, 2: 19, 1: 2}","{1: 231, 0: 49, 2: 70}","{1: 303, 2: 36, 0: 11}","{1: 293, 0: 28, 2: 29}","{1: 279, 0: 36, 2: 35}",0.03115171811595827,0.014983791931961553,0.04354034876072075,0.0626015196885997,0.08890875744994428,0.04388600091614205,0.12002619290593874,0.11335719183362303,0.11474038808350648,0.02682778318370819,0.06024961858295865,0.1062943159161596
2210,2,max_steps,3,2,0,889.0124202497202,3500,1476.5,1476.5,0.22830540660155543,0.1,0.16390150785446167,21.956668853759766,-357.10540771484375,480.9826965332031,1000.0,168.85242024972374,2309,-279.8400000000129,0.0,0.0,0.2540035486427772,"{0: 14, 1: 32, 2: 36, 3: 21, 4: 222, 5: 25}","{1: 5, 2: 51, 3: 261, 6: 9, 5: 12, 4: 12}","{1: 258, 0: 69, 2: 23}","{1: 278, 0: 24, 2: 48}","{1: 304, 0: 30, 2: 16}","{1: 297, 0: 19, 2: 34}",0.031895644431580945,0.018721893531226046,0.03696587626233999,0.05555162742961719,0.08573428925009259,0.0912178466752742,0.10755780323226947,0.10352145680914127,0.06441638665809317,0.1559989708323764,0.10904146243409098,0.09541543896599852
2220,2,max_steps,3,1,0,372.5967294688084,3500,1533.0,1533.0,0.2260325989300748,0.1,0.164716899394989,22.090133666992188,-357.10540771484375,480.9826965332031,500.0,152.51672946881044,2084,-279.92000000001286,0.0,0.0,0.10645620841965954,"{5: 36, 4: 152, 3: 3, 6: 159}","{2: 78, 3: 251, 4: 21}","{1: 218, 2: 93, 0: 39}","{1: 278, 0: 33, 2: 39}","{1: 296, 2: 29, 0: 25}","{1: 282, 0: 43, 2: 25}",0.0335294909586005,0.015904361208965732,0.05306502508286141,0.05531166968134446,0.10140683281779805,0.04257581310280198,0.11792637439300444,0.11881276363987613,0.05594616584332339,0.020964952033229428,0.0714521201055378,0.1229060461811119
2230,2,crash,3,2,1,-787.737455780844,3297,1361.5,1361.5,0.22378241733122398,0.1,0.1791427582502365,22.21920394897461,-357.10540771484375,482.8934020996094,1000.0,188.99484334621147,1961,-263.6000000000161,-213.13229912705322,-1500.0,-0.2389255249562766,"{5: 26, 4: 167, 3: 11, 0: 48, 1: 8, 2: 12, 6: 57}","{0: 12, 1: 20, 2: 73, 3: 167, 6: 35, 5: 12, 4: 10}","{1: 175, 2: 55, 0: 99}","{1: 222, 0: 63, 2: 44}","{1: 234, 2: 29, 0: 66}","{1: 252, 2: 36, 0: 41}",0.04635534637065799,0.020581708656357625,0.06201206978472489,0.06403388667203253,0.15493985620888637,0.07994068245593766,0.1804594224899652,0.15024703975660125,0.0927376287026136,0.02792231060365205,0.108518891835001,0.14495788887269923
2240,2,crash,3,3,1,-45.78524904950814,1419,362.3333333333333,288.0,0.22155463655973953,0.1,0.17199736833572388,22.361061096191406,-357.10540771484375,479.50128173828125,1500.0,201.46373941181696,1146,-113.27999999999794,-133.96898846132572,-1500.0,-0.03226585556695429,"{3: 49, 0: 29, 1: 11, 2: 19, 5: 27, 6: 6}","{0: 19, 1: 16, 2: 13, 6: 56, 5: 11, 4: 11, 3: 15}","{1: 93, 0: 48}","{1: 16, 0: 61, 2: 64}","{1: 102, 0: 39}","{1: 108, 0: 20, 2: 13}",0.027831611588824554,0.12150151310532868,0.02173172306048869,0.02951472081974574,0.15509857737405605,0.17923587853326614,0.18089363715160856,0.15419536317998928,0.06683569583656263,0.16325977204126924,0.015051654636521746,0.052255757882197516
2250,2,max_steps,3,1,0,393.6587888009767,3500,139.0,139.0,0.21934903361270164,0.1,0.1744479238986969,22.458860397338867,-357.10540771484375,466.4787902832031,500.0,173.57878880098113,2040,-279.92000000001286,0.0,0.0,0.11247393965742192,"{3: 13, 6: 118, 5: 51, 4: 168}","{4: 15, 0: 32, 1: 8, 2: 36, 3: 259}","{1: 209, 2: 93, 0: 48}","{1: 265, 2: 33, 0: 52}","{1: 270, 2: 62, 0: 18}","{1: 235, 2: 59, 0: 56}",0.04094663854160434,0.016642783009943152,0.056057627264485835,0.073793378669689,0.10003254475533793,0.08650221195736862,0.13308699295361398,0.1446940226966045,0.02823032269276696,0.10915732261718399,0.05014382959579236,0.027820339978784202
2260,2,max_steps,3,2,0,952.1644421168235,3500,1404.0,1404.0,0.21716538770721122,0.1,0.1878102719783783,22.511215209960938,-357.10540771484375,469.0942077636719,1000.0,253.0504890854592,2280,-279.8400000000129,-21.046046968634258,0.0,0.27204698346194955,"{6: 67, 5: 35, 4: 30, 3: 3, 0: 52, 1: 22, 2: 141}","{5: 34, 4: 37, 3: 204, 2: 31, 0: 28, 1: 7, 6: 9}","{1: 183, 0: 91, 2: 76}","{1: 230, 2: 67, 0: 53}","{1: 236, 0: 61, 2: 53}","{1: 241, 0: 54, 2: 55}",0.04586544315002121,0.023928344260723284,0.06663263169069553,0.0694877847966522,0.13377814837417865,0.13149397111772945,0.17451275383168857,0.1576579182228409,0.16231855399954692,0.012789322988402956,0.21447642541971954,0.09740867959623233
2270,2,max_steps,3,0,0,-84.18325038519613,3500,,,0.21500348025828944,0.1,0.18418319523334503,22.66162109375,-357.10540771484375,469.8795166015625,0.0,195.81674961480348,2160,-280.00000000001285,0.0,0.0,-0.02405235725291318,"{6: 137, 5: 80, 4: 127, 3: 6}","{5: 11, 4: 66, 3: 261, 2: 12}","{1: 118, 0: 82, 2: 150}","{1: 284, 2: 45, 0: 21}","{1: 233, 0: 52, 2: 65}","{1: 214, 0: 69, 2: 67}",0.0664566010336456,0.017607126632020777,0.07467838467076472,0.08770553208709904,0.09755209274021474,0.03496895947876985,0.1321142202087857,0.14052224778348935,0.0705374916147153,0.02528584934794267,0.1369569874815367,0.17230710925037582
2280,2,max_steps,3,2,0,897.1150613140801,3500,1223.0,1223.0,0.21286309485699714,0.1,0.19793282449245453,22.70209312438965,-357.10540771484375,472.7278747558594,1000.0,228.23059082669016,2222,-279.8400000000129,-51.275529512606234,0.0,0.25631858894688003,"{3: 44, 0: 104, 1: 24, 2: 85, 4: 93}","{5: 12, 4: 16, 0: 44, 1: 8, 2: 66, 3: 179, 6: 25}","{1: 244, 2: 26, 0: 80}","{1: 210, 2: 65, 0: 75}","{1: 307, 2: 12, 0: 31}","{1: 272, 2: 34, 0: 44}",0.03828206047514288,0.023654046737735683,0.04790883751755544,0.06495216930313713,0.07648799055782891,0.14147731380346468,0.10852946074912002,0.11070344404040643,0.05448517434498207,0.14709424950325245,0.07159961854742393,0.10850053943998317
2290,2,max_steps,3,4,0,2019.739458552381,3500,814.0,768.5,0.210744017248772,0.1,0.20971481502056122,22.84130859375,-357.10540771484375,473.55975341796875,2000.0,299.419458552383,2844,-279.6800000000129,0.0,0.0,0.5770684167292517,"{6: 18, 5: 15, 4: 115, 3: 66, 0: 64, 1: 13, 2: 59}","{4: 54, 3: 163, 0: 9, 1: 23, 2: 51, 6: 36, 5: 14}","{1: 171, 2: 55, 0: 124}","{1: 195, 2: 84, 0: 71}","{1: 261, 2: 32, 0: 57}","{1: 273, 2: 35, 0: 42}",0.05263482026511512,0.02579904376582923,0.059870989436015015,0.05836892015160644,0.11519697002361962,0.11344969120282586,0.1484078538443527,0.14297080496684342,0.09261715585830645,0.08991914253343594,0.08858966273371446,0.08630612323860364
2300,2,success,3,5,0,2625.16904122681,3185,637.0,597.0,0.20864603531198156,0.1,0.23122386634349823,22.988412857055664,-357.10540771484375,476.9330749511719,2500.0,379.5690412268107,2873,-254.40000000001737,0.0,0.0,0.8242288983443673,"{4: 57, 3: 53, 2: 91, 6: 40, 5: 18, 0: 50, 1: 9}","{6: 7, 5: 7, 4: 33, 3: 187, 0: 32, 1: 8, 2: 44}","{1: 175, 0: 79, 2: 64}","{1: 204, 2: 44, 0: 70}","{1: 224, 0: 56, 2: 38}","{1: 264, 0: 28, 2: 26}",0.03775905072488575,0.01726932908960651,0.04513068307454478,0.03803770819447417,0.1688729464290534,0.14225794292253832,0.17627572132655306,0.10825324026629284,0.1091212459052831,0.17133175400558973,0.13415098148319718,0.07661362835420014
2310,2,max_steps,3,3,0,1491.1421458627995,3500,824.0,688.0,0.20656893903668969,0.1,0.23227638006210327,23.252784729003906,-362.0375671386719,470.1578674316406,1500.0,279.4882046021218,2819,-279.7600000000129,-8.586058739320949,0.0,0.426040613103657,"{6: 52, 5: 37, 4: 81, 3: 5, 1: 90, 0: 21, 2: 64}","{2: 83, 3: 244, 1: 14, 4: 9}","{1: 108, 2: 136, 0: 106}","{1: 278, 0: 55, 2: 17}","{1: 233, 2: 63, 0: 54}","{1: 262, 2: 35, 0: 53}",0.06869119011061417,0.01901219548877109,0.07714181886630746,0.07219756537084275,0.10348933546697307,0.051367302151152344,0.14231392299071727,0.1494259207206494,0.09695417184660018,0.026570760257365197,0.10124940088851159,0.09554849213184481
2320,2,max_steps,3,3,0,1532.5650579995395,3500,978.0,1125.0,0.20451252050363422,0.1,0.23785124719142914,23.298498153686523,-362.0375671386719,477.74664306640625,1500.0,312.3250579995397,2947,-279.7600000000129,0.0,0.0,0.43787573085701126,"{1: 72, 0: 66, 2: 86, 3: 15, 6: 61, 5: 12, 4: 38}","{0: 31, 1: 16, 2: 59, 3: 174, 6: 38, 5: 16, 4: 16}","{1: 187, 2: 83, 0: 80}","{1: 200, 0: 75, 2: 75}","{1: 257, 0: 54, 2: 39}","{1: 250, 0: 47, 2: 53}",0.045369691642575025,0.0239305246262508,0.05658920890509608,0.0786812337262767,0.1128088244975211,0.15127869090312673,0.13719702221777944,0.13474016526402174,0.11992428309402713,0.15937211507717539,0.18208251211580445,0.09948216024330163
2330,2,crash,3,2,1,-926.0363276832929,2835,1058.0,1058.0,0.20247657386341425,0.1,0.23676125705242157,23.433820724487305,-362.0375671386719,474.53369140625,1000.0,138.14612934471822,1715,-226.64000000001303,-337.54245702800944,-1500.0,-0.32664420729569416,"{0: 12, 1: 39, 2: 146, 3: 14, 4: 48, 5: 24}","{0: 11, 1: 11, 2: 64, 3: 139, 4: 58}","{1: 178, 0: 96, 2: 9}","{1: 178, 0: 51, 2: 54}","{1: 226, 0: 57}","{1: 232, 0: 32, 2: 19}",0.040117083544147544,0.02464352238730508,0.049527789343074675,0.06841948878075389,0.09108807355419514,0.07562145854961033,0.13703222154368022,0.11288616885208824,0.05352327777478481,0.03354396175889274,0.05152110607878811,0.09572004786533421
2340,2,crash,3,2,1,-750.8982058888982,2100,973.0,973.0,0.20046089531588418,0.1,0.2493082731962204,23.53312873840332,-362.0375671386719,479.679443359375,1000.0,174.25521450259836,1629,-167.84000000000384,-257.3134203914946,-1500.0,-0.3575705742328087,"{1: 14, 2: 19, 3: 1, 6: 136, 5: 13, 4: 11, 0: 16}","{3: 166, 4: 26, 2: 18}","{1: 71, 0: 38, 2: 101}","{1: 170, 0: 22, 2: 18}","{1: 127, 0: 23, 2: 60}","{1: 148, 0: 31, 2: 31}",0.07441317211557168,0.01316389856633125,0.08448996310172321,0.07718444316618993,0.14430402141106502,0.04328083144217185,0.16221316425702392,0.12710107891493827,0.19240962453772048,0.025952096951568245,0.21916004310232493,0.0707696862074543
2350,2,max_steps,3,3,0,1408.4936015975295,3500,934.6666666666666,944.0,0.19846528308975342,0.1,0.24927793443202972,23.70771598815918,-362.0375671386719,482.5850830078125,1500.0,222.54316767962518,2020,-279.7600000000129,-34.28956608209374,0.0,0.40242674331357986,"{2: 176, 1: 28, 3: 12, 5: 25, 6: 28, 4: 11, 0: 70}","{4: 15, 3: 202, 2: 63, 0: 7, 1: 40, 6: 14, 5: 9}","{1: 208, 0: 83, 2: 59}","{1: 236, 2: 46, 0: 68}","{1: 248, 0: 56, 2: 46}","{1: 264, 0: 54, 2: 32}",0.03961658628901313,0.019573861841644186,0.04531917313936004,0.04890342766949085,0.13657268260042965,0.0927263988061421,0.16814999164341826,0.1692658886319974,0.16116983559472015,0.07628699497225133,0.14375463142821396,0.099621774410354
2360,2,max_steps,3,3,0,1413.337372227818,3500,945.3333333333334,965.0,0.1964895374223887,0.1,0.26791873574256897,23.805221557617188,-362.0375671386719,470.13385009765625,1500.0,305.22987540505807,2454,-279.7600000000129,-112.13250317723578,0.0,0.40381067777937657,"{5: 34, 4: 44, 3: 4, 1: 34, 0: 108, 2: 20, 6: 106}","{2: 103, 3: 128, 5: 25, 6: 5, 4: 40, 0: 39, 1: 10}","{1: 110, 2: 121, 0: 119}","{1: 230, 0: 85, 2: 35}","{1: 166, 2: 103, 0: 81}","{1: 229, 2: 59, 0: 62}",0.08074836869929204,0.024207712144399367,0.1077511652831046,0.08843701745934844,0.1606148813518228,0.09258027233818185,0.1935202947479418,0.15327082872971007,0.2663776106959074,0.011868392098231793,0.2266652272428921,0.08733248107046274
2370,2,max_steps,3,3,0,813.9210250146352,3500,878.0,988.0,0.19453346053981765,0.1,0.2873244285583496,23.8512020111084,-362.0375671386719,475.5074157714844,1500.0,289.4292980525763,2596,-279.7600000000129,-695.7482730379393,0.0,0.23254886428989577,"{5: 82, 4: 61, 3: 5, 0: 133, 1: 18, 2: 32, 6: 19}","{2: 105, 3: 188, 6: 15, 5: 7, 4: 9, 0: 20, 1: 6}","{1: 121, 2: 110, 0: 119}","{1: 242, 0: 61, 2: 47}","{1: 216, 2: 66, 0: 68}","{1: 235, 2: 37, 0: 78}",0.0673546754978526,0.021866473392631147,0.08325988670153736,0.08377073719406453,0.12208360479992442,0.0865885003801562,0.16013374274434722,0.16141794269833704,0.14247704933258745,0.025223154351190668,0.09184480749359059,0.11751555525947181
2380,2,max_steps,3,3,0,1406.146927567838,3500,790.3333333333334,737.0,0.19259685663693155,0.1,0.2977006435394287,23.995380401611328,-362.0375671386719,488.2516174316406,1500.0,303.974692845812,2273,-279.7600000000129,-118.06776527797128,0.0,0.4017562650193823,"{2: 78, 1: 19, 3: 11, 5: 39, 6: 136, 4: 10, 0: 57}","{4: 22, 3: 164, 2: 64, 0: 87, 1: 13}","{1: 168, 0: 109, 2: 73}","{1: 216, 2: 44, 0: 90}","{1: 201, 0: 87, 2: 62}","{1: 224, 0: 68, 2: 58}",0.05323302224634961,0.024536712412912047,0.07642800994131689,0.08296622635667464,0.19113582332596285,0.09829288863456055,0.2161656889500842,0.16062211818397068,0.1945409933477534,0.030947452121652792,0.1603910203682481,0.10420310664305298
2390,2,max_steps,3,3,0,1549.748752646196,3500,754.6666666666666,763.0,0.19067953185788494,0.1,0.29811975359916687,24.219402313232422,-362.0375671386719,495.0107116699219,1500.0,329.50875264619793,2742,-279.7600000000129,0.0,0.0,0.44278535789891316,"{5: 37, 6: 147, 4: 15, 3: 95, 0: 24, 1: 14, 2: 18}","{4: 24, 3: 90, 2: 71, 0: 106, 1: 35, 6: 18, 5: 6}","{1: 162, 0: 89, 2: 99}","{1: 125, 2: 75, 0: 150}","{1: 223, 0: 47, 2: 80}","{1: 261, 0: 44, 2: 45}",0.05550776639448629,0.03524014017224181,0.06477416861166244,0.06425763195451192,0.122218759593865,0.12056540666863903,0.1552107092697967,0.1517061456864941,0.10702160754094106,0.12622028393083118,0.08926059685310996,0.09570712904244644
2400,2,max_steps,3,3,0,1461.452219933538,3500,896.0,514.0,0.18878129427669058,0.1,0.31660422682762146,24.27181053161621,-362.0375671386719,495.61114501953125,1500.0,241.21221993354146,2659,-279.7600000000129,0.0,0.0,0.417557777123868,"{3: 15, 2: 233, 1: 20, 6: 56, 5: 26}","{4: 21, 0: 47, 1: 13, 2: 70, 3: 157, 6: 27, 5: 15}","{1: 227, 0: 74, 2: 49}","{1: 169, 2: 71, 0: 110}","{1: 244, 0: 52, 2: 54}","{1: 257, 0: 41, 2: 52}",0.018583609650571202,0.03069067052912077,0.03275873828769313,0.035230962302839286,0.13483042068264484,0.12769418348756373,0.2151952353804787,0.2429947368503224,0.1591036370094407,0.14397154716375474,0.11183593514302899,0.23793774357994302
2410,2,max_steps,3,3,0,1271.742387221325,3500,864.6666666666666,702.0,0.18690195387800734,0.1,0.3303804397583008,24.37775993347168,-362.0375671386719,466.9300537109375,1500.0,337.7242441247271,2836,-279.7600000000129,-286.22185690340257,0.0,0.36335496777752146,"{6: 73, 5: 30, 4: 111, 3: 4, 0: 46, 1: 7, 2: 79}","{2: 27, 3: 272, 4: 41, 5: 10}","{1: 159, 2: 121, 0: 70}","{1: 264, 0: 17, 2: 69}","{1: 231, 2: 66, 0: 53}","{1: 282, 2: 33, 0: 35}",0.061812689671980156,0.014390675092477035,0.07308678034579344,0.06446080551811138,0.13105882597171578,0.07049489025891008,0.16338838824045013,0.1065865635278155,0.06946259999100304,0.0696046865745644,0.0879920209166574,0.10354055143319571
2420,2,max_steps,3,0,0,-234.53339001852447,3500,,,0.18504132253811967,0.1,0.3385310173034668,24.480134963989258,-378.99188232421875,466.9300537109375,0.0,45.46660998147832,1504,-280.00000000001285,0.0,0.0,-0.0670095400052927,"{4: 280, 5: 70}","{4: 12, 3: 333, 2: 5}","{1: 339, 2: 11}","{1: 324, 2: 19, 0: 7}","{1: 343, 2: 7}","{1: 336, 0: 9, 2: 5}",0.010112514062453216,0.013820208958176122,0.01223085892804022,0.017477030560279973,0.036722837371638575,0.02794376739151603,0.049927250267795494,0.055680229133200275,,,,
2430,2,success,3,5,0,2525.798118512837,3436,687.2,739.0,0.18319921400610603,0.1,0.35544708371162415,24.603206634521484,-378.99188232421875,475.2250061035156,2500.0,300.27811851283815,2857,-274.48000000001394,0.0,0.0,0.735098404689417,"{6: 44, 5: 39, 4: 74, 3: 31, 2: 141, 1: 14}","{6: 25, 5: 15, 4: 15, 3: 169, 2: 97, 0: 15, 1: 7}","{1: 217, 2: 64, 0: 62}","{1: 210, 2: 65, 0: 68}","{1: 283, 2: 32, 0: 28}","{1: 239, 0: 51, 2: 53}",0.03788270980785882,0.02311156503132048,0.05161269758815193,0.07441750060213717,0.0926598063614651,0.15548401799179923,0.12222974112839599,0.12791987215147863,0.09429434641756271,0.14414504634958622,0.0787397193790466,0.14037916146294216
2440,2,max_steps,3,3,0,1396.3383744400865,3500,1008.6666666666666,1013.0,0.1813754438851953,0.1,0.3624410927295685,24.696073532104492,-378.99188232421875,477.9166564941406,1500.0,371.392038860056,2775,-279.7600000000129,-195.2936644199683,0.0,0.39895382126859613,"{6: 58, 5: 37, 4: 54, 3: 2, 0: 105, 1: 37, 2: 57}","{0: 9, 1: 7, 2: 59, 3: 221, 6: 31, 5: 15, 4: 8}","{1: 124, 2: 114, 0: 112}","{1: 238, 0: 64, 2: 48}","{1: 178, 2: 79, 0: 93}","{1: 211, 2: 67, 0: 72}",0.07165005953789816,0.020170923939772996,0.09845138000885595,0.08583300376053139,0.17873504210582514,0.12063997144942537,0.20028157792194665,0.1984841198546168,0.17735698701439015,0.02398335009601585,0.22606218199384012,0.11167407157435878
2450,2,max_steps,3,2,0,33.45290367527638,3500,1054.5,1054.5,0.17956982961430812,0.1,0.36599335074424744,24.838428497314453,-378.99188232421875,485.098876953125,1000.0,178.67958950519275,2364,-279.8400000000129,-865.3866858299157,0.0,0.009557972478650395,"{6: 174, 5: 85, 4: 47, 3: 3, 2: 41}","{1: 18, 2: 65, 3: 204, 4: 39, 6: 8, 5: 16}","{1: 183, 2: 88, 0: 79}","{1: 202, 0: 63, 2: 85}","{1: 248, 2: 52, 0: 50}","{1: 222, 0: 62, 2: 66}",0.04610863359898561,0.024380635078246126,0.06508158631793481,0.08440929587403564,0.10607410727499174,0.10486302250661325,0.14613209629820745,0.1552974278962899,0.10565172057539418,0.026144502450128924,0.1113938956278276,0.13755518050443005
2460,2,crash,3,2,1,-987.0418215689976,2164,881.5,881.5,0.17778219044978258,0.1,0.36730584502220154,24.893186569213867,-378.99188232421875,498.6598205566406,1000.0,177.18592709649172,1751,-172.96000000000464,-491.2677486654888,-1500.0,-0.4561191412056366,"{5: 25, 4: 40, 3: 4, 0: 54, 1: 26, 2: 27, 6: 40}","{3: 154, 2: 43, 5: 10, 4: 9}","{1: 91, 2: 32, 0: 93}","{1: 174, 2: 36, 0: 6}","{1: 150, 2: 5, 0: 61}","{1: 148, 2: 24, 0: 44}",0.05811634505884451,0.020673411051946936,0.06615764537882277,0.0931765981110795,0.126322590389418,0.041020428008399196,0.15900884747766708,0.12830257137043158,0.12707030659475016,0.0270355540316412,0.12742371889565807,0.1668269813555147
2470,2,max_steps,3,2,0,865.8127017286856,3500,786.0,786.0,0.17601234744728164,0.1,0.37123629450798035,24.965251922607422,-378.99188232421875,471.3035583496094,1000.0,145.65270172868864,2410,-279.8400000000129,0.0,0.0,0.24737505763676731,"{4: 165, 3: 45, 2: 49, 1: 7, 5: 84}","{1: 11, 2: 52, 3: 247, 6: 26, 5: 6, 4: 8}","{1: 238, 0: 71, 2: 41}","{1: 275, 0: 29, 2: 46}","{1: 274, 0: 49, 2: 27}","{1: 251, 0: 57, 2: 42}",0.020001403201735303,0.01758360800032837,0.02962433697941378,0.05355191897438514,0.09238135381109579,0.0874494480203667,0.1275725878413083,0.12859982266992392,0.04499076651863185,0.024395498012127606,0.1110681314585537,0.0692849816896144
2480,2,max_steps,3,3,0,1433.4190692469385,3500,829.6666666666666,713.0,0.17426012344388056,0.1,0.39089787006378174,25.05562973022461,-378.99188232421875,467.04443359375,1500.0,213.17906924694188,2680,-279.7600000000129,0.0,0.0,0.4095483054991253,"{1: 24, 2: 44, 3: 30, 4: 152, 5: 39, 6: 61}","{4: 18, 3: 170, 2: 108, 0: 14, 1: 40}","{1: 210, 0: 42, 2: 98}","{1: 233, 2: 31, 0: 86}","{1: 303, 0: 14, 2: 33}","{1: 305, 0: 25, 2: 20}",0.03603960472965688,0.025686326056933766,0.05089992520718175,0.058559368505187136,0.08089862051309155,0.07341815596436761,0.10916509808619401,0.1014249839388881,0.06124596596539245,0.0781075287336647,0.11341636794659173,0.10203253685029064
2490,2,max_steps,3,4,0,1959.4897541615453,3500,739.25,624.5,0.17252534304033265,0.1,0.41352513432502747,25.21796417236328,-378.99188232421875,467.8638916015625,2000.0,239.16975416154904,2813,-279.6800000000129,0.0,0.0,0.5598542154747272,"{3: 39, 1: 56, 2: 18, 6: 21, 5: 64, 4: 134, 0: 18}","{1: 30, 2: 93, 3: 169, 4: 19, 6: 27, 5: 12}","{1: 202, 0: 37, 2: 111}","{1: 222, 0: 63, 2: 65}","{1: 279, 0: 19, 2: 52}","{1: 283, 0: 34, 2: 33}",0.042111519810013306,0.01969468299561323,0.05247604934236001,0.07342853563013155,0.08949656190103901,0.09984321493340775,0.11831266652587864,0.11351828887162166,0.06565339103396123,0.06442094633435026,0.09766763297127244,0.10023494360836559
2500,2,crash,3,1,1,-3417.9498811961694,1808,748.0,748.0,0.17080783258351187,0.1,0.4020308554172516,25.382884979248047,-378.99188232421875,474.9775085449219,500.0,99.76013061326644,1425,-144.5600000000002,-2373.150011809436,-1500.0,-1.8904590050863768,"{0: 26, 1: 13, 2: 34, 3: 1, 6: 106}","{5: 6, 4: 9, 3: 57, 2: 16, 0: 75, 1: 17}","{1: 112, 0: 68}","{1: 76, 2: 27, 0: 77}","{1: 136, 0: 44}","{1: 164, 0: 15, 2: 1}",0.02837518932286707,0.04727682953845594,0.01662397941098713,0.032556244611846655,0.09854071193762196,0.0932512678369503,0.12398910775792321,0.09731888495747017,0.08748233659193663,0.015429265602186448,0.12440760024312894,0.03297912545030663
2510,2,crash,3,1,1,-1249.3372235333854,1359,930.0,930.0,0.16910742014902974,0.1,0.40898972749710083,25.612457275390625,-380.69805908203125,464.3215026855469,500.0,51.374452179541784,856,-108.63999999999804,-192.0716757129266,-1500.0,-0.9193062719156626,"{1: 23, 2: 67, 3: 2, 5: 19, 6: 24}","{5: 3, 4: 29, 3: 96, 2: 7}","{1: 77, 0: 58}","{1: 81, 2: 45, 0: 9}","{1: 108, 0: 27}","{1: 112, 0: 14, 2: 9}",0.04569735629230378,0.024211116534570504,0.05608484309861975,0.04305333843535751,0.16117944098364692,0.11160976969286228,0.19084335116631776,0.11518078671286151,0.05547932835610104,0.026584108924607063,0.05768001606798318,0.05045846225291902
2520,2,crash,3,1,1,-1095.7607376542287,965,809.0,809.0,0.1674239355240257,0.1,0.4293256402015686,25.71796417236328,-380.69805908203125,477.5789794921875,500.0,84.70148674275218,957,-77.11999999999871,-103.34222439698095,-1500.0,-1.1355033550821023,"{6: 31, 5: 22, 4: 30, 3: 9, 2: 4}","{2: 14, 3: 66, 6: 16}","{1: 41, 2: 55}","{1: 60, 0: 19, 2: 17}","{1: 50, 2: 46}","{1: 76, 2: 16, 0: 4}",0.06458747744796256,0.016107628608568257,0.09332947121877372,0.0663934708732356,0.20847093257609234,0.11301112883409493,0.23412688449113211,0.11021317552370655,0.14469627352204179,0.00960333703175494,0.20732589971919602,0.07980707321106696
2530,2,max_steps,3,3,0,1452.6363445143209,3500,1083.0,927.0,0.16575721019012868,0.1,0.4309316873550415,25.835405349731445,-380.69805908203125,464.6876220703125,1500.0,232.3963445143226,2690,-279.7600000000129,0.0,0.0,0.41503895557552023,"{1: 80, 2: 80, 3: 4, 6: 108, 5: 46, 4: 21, 0: 11}","{2: 88, 3: 218, 0: 5, 1: 13, 6: 26}","{1: 135, 0: 120, 2: 95}","{1: 282, 0: 42, 2: 26}","{1: 246, 0: 56, 2: 48}","{1: 261, 0: 37, 2: 52}",0.06698911797995319,0.015056758620297445,0.061761292675994076,0.06763608936415352,0.10499572855546775,0.050949163539946926,0.14186848492389278,0.1251402900203093,0.13224326111329587,0.021356515874104514,0.14218305599652228,0.1382974275060708
2540,2,max_steps,3,3,0,1465.7885150321044,3500,669.6666666666666,701.0,0.164107077306588,0.1,0.4448190927505493,25.987716674804688,-380.69805908203125,484.22406005859375,1500.0,245.54851503210605,2871,-279.7600000000129,0.0,0.0,0.41879671858060125,"{0: 19, 1: 55, 2: 72, 3: 27, 4: 27, 6: 136, 5: 14}","{1: 17, 2: 103, 3: 141, 6: 17, 5: 9, 4: 12, 0: 51}","{1: 143, 0: 109, 2: 98}","{1: 189, 0: 119, 2: 42}","{1: 248, 0: 38, 2: 64}","{1: 262, 0: 48, 2: 40}",0.05816563805143796,0.028762643396207904,0.07194470555535104,0.06736063664747802,0.09704465311079935,0.10346457621934882,0.1261059114235092,0.14301113200148716,0.08936867909781662,0.08579791095384603,0.1140838935554296,0.09978074287163773
2550,2,max_steps,3,2,0,940.6776928017019,3500,746.5,746.5,0.1624733716935728,0.1,0.4447040259838104,26.126596450805664,-393.5791015625,488.3594055175781,1000.0,220.5176928017032,2979,-279.8400000000129,0.0,0.0,0.2687650550862006,"{0: 18, 1: 16, 2: 21, 3: 16, 4: 123, 6: 111, 5: 45}","{1: 8, 2: 147, 3: 171, 4: 24}","{1: 207, 0: 54, 2: 89}","{1: 252, 0: 64, 2: 34}","{1: 273, 0: 27, 2: 50}","{1: 288, 0: 33, 2: 29}",0.03252649085701963,0.023337279665947827,0.043540955913206,0.0558332784101476,0.09461234716005168,0.06340953140531795,0.1203790936998427,0.10837783979248125,0.09636358853603562,0.08360254182623103,0.09153655664471823,0.062467709810382764
2560,2,max_steps,3,4,0,1554.1310726554334,3500,758.0,649.0,0.16085592981563718,0.1,0.4568984806537628,26.269023895263672,-393.5791015625,501.48974609375,2000.0,287.5800027579991,2545,-279.6800000000129,-453.76893010256526,0.0,0.44403744933012385,"{2: 132, 3: 5, 1: 54, 6: 97, 5: 27, 4: 35}","{2: 124, 3: 192, 4: 23, 5: 11}","{1: 187, 0: 79, 2: 84}","{1: 213, 0: 101, 2: 36}","{1: 242, 0: 34, 2: 74}","{1: 255, 0: 46, 2: 49}",0.04565846599149173,0.026224311983409944,0.056339623106323594,0.0699420034701026,0.14604009729196862,0.09835262557247779,0.16902771446431542,0.15093641167957286,0.06205099897212197,0.05757392642959151,0.11286194840248351,0.10046443022132967
2570,2,max_steps,3,3,0,1416.36360163703,3500,1017.6666666666666,939.0,0.15925458976535015,0.1,0.47743892669677734,26.33873748779297,-393.5791015625,491.3719177246094,1500.0,217.54153950669695,2375,-279.7600000000129,-21.417937869664247,0.0,0.4046753147534371,"{2: 90, 3: 7, 4: 185, 5: 23, 1: 43, 0: 2}","{6: 7, 5: 7, 4: 28, 3: 194, 2: 46, 0: 42, 1: 26}","{1: 228, 2: 67, 0: 55}","{1: 205, 2: 52, 0: 93}","{1: 289, 0: 26, 2: 35}","{1: 266, 0: 24, 2: 60}",0.03479547342135525,0.027359297387986155,0.050136447822050206,0.07657128757408577,0.0786123156412427,0.13194762704159788,0.11805986857726455,0.1126204913548062,0.07004433616020597,0.023066492653172704,0.07827640322908422,0.10188785179394262
2580,2,max_steps,3,2,0,1060.8272558444996,3500,578.5,578.5,0.15766919124708867,0.1,0.49183934926986694,26.42422103881836,-401.9596252441406,488.8354797363281,1000.0,340.6672558445049,2288,-279.8400000000129,0.0,0.0,0.30309350166985705,"{6: 104, 5: 32, 4: 150, 3: 1, 0: 49, 1: 6, 2: 8}","{2: 62, 3: 264, 0: 13, 1: 11}","{1: 151, 2: 104, 0: 95}","{1: 281, 0: 64, 2: 5}","{1: 184, 2: 90, 0: 76}","{1: 207, 2: 71, 0: 72}",0.057021014550277235,0.011542752594795274,0.09355785738637235,0.088163543827436,0.19439641385183865,0.04242342645893862,0.2215912794975015,0.17770896845758777,0.17922584437248532,0.022411266886628863,0.09384805316431982,0.19184614111484533
2590,2,max_steps,3,4,0,652.9139707708183,3500,790.5,417.5,0.15609957556099174,0.1,0.5057634711265564,26.553489685058594,-383.9837646484375,496.1935119628906,2000.0,335.60184250873965,2614,-279.6800000000129,-1403.0078717379158,0.0,0.18654684879166236,"{1: 49, 2: 32, 6: 173, 5: 25, 4: 40, 3: 31}","{6: 7, 5: 22, 4: 19, 3: 161, 1: 60, 0: 27, 2: 54}","{1: 104, 0: 130, 2: 116}","{1: 200, 2: 82, 0: 68}","{1: 211, 0: 79, 2: 60}","{1: 239, 0: 49, 2: 62}",0.08100785856111602,0.025782476652014514,0.09231569184009297,0.07774568848955637,0.13565648705100233,0.12547230043868193,0.15000224196047846,0.14389312886098415,0.15430513221754366,0.08033793704097336,0.19338771218430742,0.10973773997955652
2600,2,max_steps,3,3,0,1498.5042799918417,3500,1055.0,896.0,0.15454558558707462,0.1,0.5217539668083191,26.693836212158203,-380.69805908203125,484.3483581542969,1500.0,306.38055094777883,2766,-279.7600000000129,-28.11627095593378,0.0,0.42814407999766907,"{6: 37, 5: 25, 4: 176, 3: 11, 0: 56, 1: 6, 2: 39}","{1: 19, 2: 58, 3: 230, 6: 15, 5: 10, 4: 13, 0: 5}","{1: 177, 2: 110, 0: 63}","{1: 230, 0: 79, 2: 41}","{1: 230, 2: 67, 0: 53}","{1: 254, 0: 47, 2: 49}",0.04854798497039954,0.019071776803906933,0.059621361317603414,0.0784677444336133,0.14009716651105233,0.11043473050305176,0.16441249675973585,0.13856732976794886,0.11208625717305239,0.028866410616418994,0.1611201911183486,0.10157150794460046
2610,2,max_steps,3,4,0,2021.5547618014275,3500,544.75,552.5,0.15300706576950068,0.1,0.5229539275169373,26.82543182373047,-408.44757080078125,485.4403076171875,2000.0,301.23476180142603,2960,-279.6800000000129,0.0,0.0,0.5775870748004078,"{4: 96, 3: 70, 2: 13, 5: 38, 0: 133}","{3: 186, 6: 32, 5: 19, 4: 28, 0: 49, 1: 8, 2: 28}","{1: 186, 2: 89, 0: 75}","{1: 189, 0: 75, 2: 86}","{1: 290, 2: 32, 0: 28}","{1: 278, 2: 28, 0: 44}",0.04590889886971061,0.028135504402438564,0.05735692646137398,0.06862941011119983,0.0867053980774787,0.12855863063600093,0.1180185203824055,0.12258171552473501,0.08756702160762396,0.12704520703465919,0.07392843960301722,0.14599339764279393
2620,2,max_steps,3,4,0,1705.6570260735855,3500,692.0,605.0,0.15148386210101036,0.1,0.5429491400718689,26.96815299987793,-408.44757080078125,487.4245300292969,2000.0,346.29509183397323,2918,-279.6800000000129,-360.95806576038694,0.0,0.4873305788781673,"{5: 85, 4: 91, 3: 52, 0: 28, 1: 9, 2: 11, 6: 74}","{6: 8, 5: 9, 4: 40, 3: 185, 2: 42, 0: 40, 1: 26}","{1: 183, 2: 104, 0: 63}","{1: 189, 2: 54, 0: 107}","{1: 248, 2: 54, 0: 48}","{1: 268, 2: 41, 0: 41}",0.048207095219471016,0.02784582043042349,0.050783579420244696,0.07346176371280128,0.14168807181783996,0.12042955405141555,0.16062262728672994,0.1400486545111847,0.05149433945747801,0.05437927411292368,0.056297712663493975,0.0935564885742753
2630,2,success,3,5,0,2533.987645186858,3315,663.0,672.0,0.14997582210750485,0.1,0.5454292893409729,27.056612014770508,-408.44757080078125,481.944580078125,2500.0,298.7876451868484,2963,-264.80000000001587,0.0,0.0,0.7644004962856283,"{1: 46, 2: 76, 3: 61, 4: 143, 0: 5}","{6: 33, 5: 13, 4: 22, 3: 78, 1: 15, 2: 130, 0: 40}","{1: 214, 0: 69, 2: 48}","{1: 167, 2: 70, 0: 94}","{1: 269, 0: 39, 2: 23}","{1: 287, 0: 31, 2: 13}",0.031464065766624603,0.029979909542105762,0.043365555901597214,0.0395890587507527,0.09035986884227541,0.1611678278464304,0.11817364563117937,0.12177618761676598,0.06171355287837037,0.029424708828646298,0.07354411925116355,0.07743058420732099
2640,2,max_steps,3,2,0,-67.99320664277823,3500,504.5,504.5,0.14848279483278315,0.1,0.5510342717170715,27.12769317626953,-408.44757080078125,490.6749572753906,1000.0,227.3896699900354,2358,-279.8400000000129,-1015.5428766328122,0.0,-0.01942663046936521,"{2: 87, 3: 7, 1: 11, 4: 201, 5: 44}","{6: 9, 5: 6, 4: 25, 3: 201, 0: 37, 1: 5, 2: 67}","{1: 183, 2: 54, 0: 113}","{1: 218, 2: 51, 0: 81}","{1: 256, 0: 64, 2: 30}","{1: 259, 2: 49, 0: 42}",0.046773339098544045,0.023165405187193136,0.06843081173566293,0.07382153376246328,0.10100690294516106,0.11729940958833472,0.12996502428387288,0.15332189293269213,0.11675451688099792,0.026191207911859585,0.19592023374621914,0.2738492717434654
2650,2,max_steps,3,4,0,2037.353798929077,3500,833.25,903.0,0.14700463082343138,0.1,0.5474551916122437,27.33212661743164,-474.4071350097656,491.31689453125,2000.0,317.0337989290732,2828,-279.6800000000129,0.0,0.0,0.5821010854083077,"{0: 80, 1: 24, 2: 31, 4: 108, 5: 55, 3: 3, 6: 49}","{4: 29, 3: 195, 0: 20, 1: 11, 2: 52, 5: 19, 6: 24}","{1: 131, 0: 119, 2: 100}","{1: 212, 2: 68, 0: 70}","{1: 220, 0: 82, 2: 48}","{1: 227, 0: 60, 2: 63}",0.06542027910354023,0.026302260316275146,0.0770673025517413,0.09014749326605678,0.12087154152498582,0.10497022372945566,0.15253951302982183,0.1483646647189703,0.1304383708707743,0.03113962478273495,0.13156507085399194,0.07565323713729095
2660,2,max_steps,3,4,0,2063.914774363283,3500,819.0,842.5,0.14554118211386238,0.1,0.5701310038566589,27.491046905517578,-474.4071350097656,478.0218505859375,2000.0,343.5947743632712,2576,-279.6800000000129,0.0,0.0,0.5896899355323666,"{3: 26, 5: 65, 6: 109, 4: 83, 0: 18, 1: 28, 2: 21}","{0: 47, 1: 12, 2: 30, 6: 48, 5: 20, 4: 31, 3: 162}","{1: 128, 0: 74, 2: 148}","{1: 182, 0: 74, 2: 94}","{1: 193, 0: 56, 2: 101}","{1: 237, 0: 59, 2: 54}",0.07291727364758069,0.0277485085348136,0.08168723884274767,0.0829037975644843,0.1395428799232636,0.14854076228620364,0.17260703907032057,0.17525121544443703,0.14166972317937837,0.1943525008250205,0.1235339052408291,0.10343330851604177
2670,2,success,3,5,0,2718.267359572431,2998,599.6,700.0,0.14409230221150401,0.1,0.5911246538162231,27.67927360534668,-474.4071350097656,481.71759033203125,2500.0,457.7073595724154,2344,-239.44000000001503,0.0,0.0,0.9066935822456408,"{0: 31, 1: 62, 2: 45, 3: 7, 6: 121, 5: 12, 4: 21}","{3: 210, 2: 65, 1: 13, 4: 11}","{1: 74, 0: 121, 2: 104}","{1: 231, 2: 24, 0: 44}","{1: 115, 0: 84, 2: 100}","{1: 211, 0: 43, 2: 45}",0.10376196957015894,0.01667749111850687,0.13415652626428684,0.07442711767963611,0.233094875228946,0.06865617436043482,0.25522358095898073,0.1679215254204536,0.18740684759461,0.025260687168425836,0.1482688655206674,0.06587713971166166
2680,2,crash,3,2,1,-646.8392161187376,2000,899.5,899.5,0.14265784608213536,0.1,0.5865322947502136,27.78852081298828,-474.4071350097656,481.7106628417969,1000.0,161.21156897768904,1651,-159.8400000000026,-148.2107850964258,-1500.0,-0.32341960805936876,"{4: 50, 3: 28, 0: 73, 1: 20, 2: 19, 5: 9, 6: 1}","{6: 18, 5: 23, 4: 24, 3: 69, 0: 35, 1: 6, 2: 25}","{1: 104, 2: 18, 0: 78}","{1: 75, 2: 70, 0: 55}","{1: 137, 2: 9, 0: 54}","{1: 166, 2: 17, 0: 17}",0.04428787829591041,0.04806292093248004,0.05539352465407543,0.03963841575631134,0.11243940975960978,0.1518074496957497,0.14486555926636105,0.10656973436814833,0.10292618073684613,0.11294443658940942,0.10354297896466258,0.09786900555411292
2690,2,max_steps,3,4,0,1590.875094016843,3500,863.75,801.5,0.1412376701353684,0.1,0.6081754565238953,27.921640396118164,-474.4071350097656,483.54541015625,2000.0,306.3237993534244,2558,-279.6800000000129,-435.768705336582,0.0,0.4545357411476694,"{6: 36, 5: 86, 4: 155, 3: 68, 0: 5}","{2: 81, 3: 169, 1: 22, 6: 26, 5: 6, 4: 10, 0: 36}","{1: 172, 2: 106, 0: 72}","{1: 187, 0: 108, 2: 55}","{1: 223, 2: 83, 0: 44}","{1: 283, 2: 25, 0: 42}",0.05164536279409124,0.02678767556857175,0.06489228172786997,0.05475905057469288,0.1444407533268913,0.13884861827576012,0.19264984677523378,0.13446116071818479,0.09125707973426816,0.06568101748563109,0.07392802119307712,0.1015322458929229
2700,2,max_steps,3,3,0,1446.8106465300846,3500,576.3333333333334,583.0,0.13983163221027473,0.1,0.6330978274345398,28.038555145263672,-461.211669921875,483.54541015625,1500.0,328.9539039656369,2615,-279.7600000000129,-102.38325743555124,0.0,0.413374470437167,"{3: 22, 6: 78, 5: 6, 4: 66, 0: 121, 1: 16, 2: 41}","{6: 7, 5: 7, 4: 8, 3: 184, 2: 103, 0: 32, 1: 9}","{1: 151, 0: 126, 2: 73}","{1: 223, 2: 36, 0: 91}","{1: 215, 0: 86, 2: 49}","{1: 253, 0: 53, 2: 44}",0.05754074687583559,0.019934558187338275,0.07596775920065259,0.07273111013043713,0.1450180219210625,0.1084775278842428,0.17873495113981794,0.1627207709615688,0.18034357759057673,0.18179671311607187,0.10283544229570618,0.1979157382168824
2710,2,crash,3,2,1,-504.52223171467926,1797,651.0,651.0,0.13843959156115498,0.1,0.646224856376648,28.17584228515625,-461.211669921875,478.6903076171875,1000.0,251.42746083082807,1357,-143.60000000000005,-112.34969254550693,-1500.0,-0.28075805882842475,"{6: 75, 5: 16, 4: 14, 3: 2, 0: 56, 1: 6, 2: 10}","{3: 103, 4: 13, 5: 14, 0: 31, 1: 18}","{1: 41, 2: 59, 0: 79}","{1: 114, 0: 38, 2: 27}","{1: 68, 2: 39, 0: 72}","{1: 109, 2: 31, 0: 39}",0.09668927255401769,0.02338901273333286,0.12633334309069377,0.08706913387128778,0.23154144926579628,0.116442714951196,0.2659153292355532,0.18338007165814035,0.17792194403600992,0.0084431605091957,0.06332472784895088,0.15182671043640178
2720,2,success,3,5,0,2642.571640315685,3027,605.4,269.0,0.13706140884345014,0.1,0.6783093810081482,28.343097686767578,-461.211669921875,481.6242980957031,2500.0,402.52754792677075,2721,-241.7600000000154,-18.195907611084234,0.0,0.8730002115347488,"{2: 40, 3: 40, 6: 86, 5: 15, 4: 23, 0: 91, 1: 7}","{2: 66, 3: 111, 6: 34, 5: 17, 4: 16, 0: 30, 1: 28}","{1: 104, 0: 105, 2: 93}","{1: 156, 2: 76, 0: 70}","{1: 169, 0: 76, 2: 57}","{1: 239, 0: 26, 2: 37}",0.08297121611186983,0.02893422553300801,0.08540538047697452,0.056994449483077914,0.16826467010917578,0.1553162923591416,0.17427483473924066,0.12169103987630576,0.12375884044734162,0.1803518639831562,0.1390866474237128,0.10008067877058863
2730,2,success,3,5,0,2582.3420967851607,2569,513.8,631.0,0.13569694609979288,0.1,0.7005552053451538,28.51957130432129,-461.211669921875,482.40289306640625,2500.0,287.4620967851598,2343,-205.12000000000967,0.0,0.0,1.0051934981647181,"{4: 80, 3: 27, 0: 32, 1: 14, 2: 21, 5: 40, 6: 42}","{2: 61, 3: 129, 5: 16, 4: 19, 0: 25, 1: 6}","{1: 59, 2: 128, 0: 69}","{1: 152, 0: 61, 2: 43}","{1: 175, 2: 51, 0: 30}","{1: 187, 2: 32, 0: 37}",0.08129487731016932,0.02669666671835985,0.0833012698534121,0.07038985574411653,0.10719048105637996,0.12393833030806889,0.14347878742874404,0.15188384044994316,0.10683917072447077,0.09195268530799297,0.15144648029200564,0.09346454742628021
2740,2,max_steps,3,4,0,2092.207180069634,3500,837.75,783.0,0.1343460667461981,0.1,0.7127258777618408,28.70054817199707,-461.211669921875,484.9345703125,2000.0,371.8871800696221,3005,-279.6800000000129,0.0,0.0,0.5977734800198954,"{1: 72, 2: 39, 3: 5, 6: 68, 5: 39, 4: 29, 0: 98}","{0: 11, 1: 8, 2: 20, 3: 288, 4: 8, 6: 12, 5: 3}","{1: 101, 0: 157, 2: 92}","{1: 280, 0: 44, 2: 26}","{1: 209, 0: 85, 2: 56}","{1: 249, 0: 60, 2: 41}",0.0902409475745955,0.015191915497020266,0.08851987322010402,0.07838785617853886,0.11693476255728,0.06715459015948669,0.15648368824183728,0.1527506970918565,0.1431251308229959,0.014911325405790923,0.1265753509107707,0.21210851674902303
2750,2,max_steps,3,3,0,1538.6270405147288,3500,975.0,903.0,0.13300863555839051,0.1,0.7167729139328003,28.81913948059082,-461.211669921875,485.76220703125,1500.0,318.38704051473115,2782,-279.7600000000129,0.0,0.0,0.4396077258613511,"{1: 34, 2: 34, 3: 37, 4: 89, 6: 69, 5: 29, 0: 58}","{2: 101, 3: 202, 5: 22, 4: 12, 1: 13}","{1: 117, 0: 125, 2: 108}","{1: 249, 0: 61, 2: 40}","{1: 209, 0: 61, 2: 80}","{1: 253, 0: 57, 2: 40}",0.0644119064026184,0.022414532588880005,0.07961950244555618,0.07605346372627497,0.16169741255485473,0.04443870016637594,0.19419902476844894,0.1431579916339067,0.08771587889819725,0.1541310869576238,0.11019130314998736,0.1032053685423037
2760,2,max_steps,3,4,0,2135.0381635510203,3500,810.25,796.0,0.1316845186582688,0.1,0.7265088558197021,28.97709083557129,-461.211669921875,490.4117736816406,2000.0,414.7181635510089,2971,-279.6800000000129,0.0,0.0,0.6100109038717201,"{0: 72, 1: 62, 2: 94, 3: 4, 6: 104, 5: 6, 4: 8}","{0: 5, 1: 8, 2: 60, 3: 196, 4: 31, 5: 36, 6: 14}","{1: 96, 0: 163, 2: 91}","{1: 224, 0: 63, 2: 63}","{1: 195, 0: 88, 2: 67}","{1: 241, 0: 64, 2: 45}",0.07504888301775037,0.022897661851472094,0.08816208264836652,0.092729524167902,0.15047076160787204,0.11652811778255213,0.19304235892537405,0.14735350404616696,0.13694023372825992,0.023037003506574165,0.14246849220360674,0.10462082191716025
2770,2,max_steps,3,3,0,1636.726151542948,3500,1063.6666666666667,935.0,0.13037358350050413,0.1,0.7384037971496582,29.119070053100586,-461.211669921875,490.4117736816406,1500.0,416.4861515429474,2991,-279.7600000000129,0.0,0.0,0.46763604329798514,"{6: 90, 5: 105, 4: 87, 3: 4, 0: 48, 1: 6, 2: 10}","{6: 4, 5: 7, 4: 12, 3: 218, 2: 52, 0: 47, 1: 10}","{1: 105, 2: 157, 0: 88}","{1: 247, 2: 32, 0: 71}","{1: 207, 2: 71, 0: 72}","{1: 253, 2: 55, 0: 42}",0.07057522548418063,0.018743445362121462,0.08469185194200948,0.08018618590357422,0.17314628049447822,0.1009384384878308,0.20434996298672872,0.1498765525844903,0.09679336785508809,0.026328823359109774,0.10680934501383835,0.10196246820680686
2780,2,success,3,5,0,2366.043673400821,2278,455.6,502.0,0.1290756988592722,0.1,0.7521140575408936,29.26671028137207,-461.211669921875,498.32379150390625,2500.0,296.4466678923619,2023,-181.84000000000603,-248.56299449155017,0.0,1.038649549341888,"{6: 23, 5: 42, 4: 37, 3: 28, 2: 97}","{3: 94, 4: 10, 2: 16, 0: 51, 1: 14, 6: 31, 5: 11}","{1: 90, 2: 72, 0: 65}","{1: 94, 0: 78, 2: 55}","{1: 128, 2: 57, 0: 42}","{1: 166, 2: 24, 0: 37}",0.06546047586196466,0.0562882268849111,0.0833773633581985,0.08018491947485892,0.179845176417483,0.16445376080851323,0.221007540826891,0.17492713287584155,0.09595859081696402,0.14867709592735054,0.10744834093584522,0.1014310175098523
2790,2,max_steps,3,2,0,1074.1876630257375,3500,1005.5,1005.5,0.12779073481511768,0.1,0.7570759057998657,29.30678939819336,-461.211669921875,498.0527648925781,1000.0,354.0276630257393,2663,-279.8400000000129,0.0,0.0,0.3069107608644964,"{4: 139, 3: 5, 0: 77, 1: 6, 2: 9, 6: 81, 5: 33}","{1: 19, 2: 115, 6: 35, 5: 7, 4: 8, 3: 134, 0: 32}","{1: 148, 2: 129, 0: 73}","{1: 208, 0: 87, 2: 55}","{1: 208, 2: 81, 0: 61}","{1: 242, 0: 56, 2: 52}",0.059265465412693966,0.023095519816215715,0.07648958930904648,0.07356496392709763,0.17454054288399695,0.11362957325746367,0.21412963554484785,0.19715585743527883,0.16274369872677677,0.08306953316468176,0.06446374372516364,0.10166296428441997
2800,2,max_steps,3,3,0,1494.7519671397501,3500,994.6666666666666,876.0,0.12651856274194886,0.1,0.7678514719009399,29.405149459838867,-461.211669921875,494.2668151855469,1500.0,274.51196713975514,2818,-279.7600000000129,0.0,0.0,0.4270719906113572,"{6: 28, 5: 74, 4: 104, 3: 5, 0: 91, 1: 24, 2: 24}","{3: 207, 4: 28, 2: 54, 0: 25, 1: 21, 5: 15}","{1: 142, 2: 115, 0: 93}","{1: 237, 0: 62, 2: 51}","{1: 223, 2: 68, 0: 59}","{1: 222, 2: 56, 0: 72}",0.0621367759188187,0.022862012009084352,0.07847143425279524,0.09276410722808948,0.10110592452742222,0.07271397686475287,0.14210553658785524,0.16196379122078253,0.13755173998661704,0.02623675084282795,0.12092323771105795,0.1012588070170239
2810,2,success,3,5,0,2596.682145515784,2775,555.0,592.0,0.12525905529416226,0.1,0.7936897277832031,29.517316818237305,-461.211669921875,501.4893798828125,2500.0,318.2821455157877,2528,-221.60000000001224,0.0,0.0,0.9357413136993817,"{0: 24, 1: 44, 2: 102, 3: 48, 6: 39, 5: 7, 4: 13}","{4: 29, 3: 172, 2: 35, 0: 17, 1: 6, 6: 10, 5: 8}","{1: 128, 0: 101, 2: 48}","{1: 184, 2: 48, 0: 45}","{1: 180, 0: 59, 2: 38}","{1: 181, 0: 59, 2: 37}",0.055906983565875014,0.023943083850323926,0.05551517976540844,0.08846468142245328,0.15011421856524357,0.10460164649311875,0.17420562849539045,0.16192760382197385,0.07611437655849931,0.03358971056009616,0.12624877013138525,0.1041565779248021
2820,2,max_steps,3,3,0,888.8770854901717,3500,838.6666666666666,588.0,0.12401208639389508,0.1,0.8153795599937439,29.63121223449707,-461.211669921875,495.6313781738281,1500.0,339.19258591238594,2499,-279.7600000000129,-670.5555004222123,0.0,0.25396488156862046,"{0: 23, 1: 12, 2: 22, 3: 54, 6: 148, 5: 20, 4: 71}","{3: 161, 2: 57, 0: 12, 1: 16, 6: 35, 5: 14, 4: 55}","{1: 129, 0: 123, 2: 98}","{1: 163, 0: 104, 2: 83}","{1: 205, 0: 66, 2: 79}","{1: 203, 0: 76, 2: 71}",0.07038296553552778,0.03286394192333192,0.08585015418968317,0.08954964619285036,0.13155137020904067,0.1390093568306036,0.21555299795792465,0.23006951996680552,0.16615880954616485,0.0762766519336317,0.0852211444878774,0.2925323368999764
2830,2,max_steps,3,3,0,1544.5625006204455,3500,894.3333333333334,946.0,0.12277753121840479,0.1,0.8332423567771912,29.692485809326172,-461.211669921875,492.09893798828125,1500.0,338.9122914676735,2970,-279.7600000000129,-14.589790847228494,0.0,0.44130357160584155,"{6: 49, 5: 66, 4: 76, 3: 4, 0: 78, 1: 21, 2: 56}","{6: 8, 5: 6, 4: 7, 3: 158, 2: 116, 1: 30, 0: 25}","{1: 141, 2: 101, 0: 108}","{1: 226, 2: 31, 0: 93}","{1: 223, 2: 55, 0: 72}","{1: 237, 2: 46, 0: 67}",0.06377588689325747,0.025064233456869492,0.07704317714472478,0.09163026850394979,0.12569849446888262,0.09761201029460838,0.14957905726562323,0.12686388749755748,0.08678130561481669,0.010538153583458505,0.11523571678669957,0.10234054588529748
2840,2,max_steps,3,3,0,1530.8275143937421,3500,1014.3333333333334,1012.0,0.1215552661875742,0.1,0.8616511225700378,29.808664321899414,-461.211669921875,492.8890380859375,1500.0,310.58751439374413,2687,-279.7600000000129,0.0,0.0,0.4373792898267835,"{5: 10, 4: 203, 3: 16, 0: 46, 1: 9, 2: 66}","{2: 92, 3: 162, 6: 30, 5: 17, 4: 18, 0: 27, 1: 4}","{1: 185, 2: 85, 0: 80}","{1: 209, 0: 71, 2: 70}","{1: 277, 2: 34, 0: 39}","{1: 277, 2: 39, 0: 34}",0.04469086207381504,0.02690044803763774,0.05975542932614965,0.0674024892582092,0.09871285155553458,0.16436900599191265,0.130943285277739,0.11770244637750508,0.0874069148118672,0.05309827285167334,0.10551090692555895,0.09579750382681522
2850,2,max_steps,3,3,0,501.9275894646739,3500,1035.3333333333333,1347.0,0.12034516895154097,0.1,0.8816070556640625,29.91548728942871,-461.211669921875,492.8890380859375,1500.0,272.85623047031356,2725,-279.7600000000129,-991.1686410056396,0.0,0.14340788270419252,"{1: 100, 2: 35, 6: 53, 5: 66, 4: 62, 3: 3, 0: 31}","{6: 8, 5: 28, 4: 25, 3: 155, 2: 86, 0: 37, 1: 11}","{1: 198, 0: 90, 2: 62}","{1: 183, 2: 91, 0: 76}","{1: 278, 0: 47, 2: 25}","{1: 282, 0: 29, 2: 39}",0.04247621624444974,0.028700780182958678,0.0560745909932705,0.05567764565616533,0.0981345677553835,0.12645080727479005,0.11763849792975302,0.11391609794378647,0.17495627316434006,0.03167761561355116,0.17364423666504647,0.11374983297260062
2860,2,crash,3,3,1,-705.1909385204389,2293,652.6666666666666,630.0,0.11914711837845028,0.1,0.8922873735427856,30.0919189453125,-461.211669921875,490.77728271484375,1500.0,212.85482713180454,1804,-183.20000000000624,-734.8457656522435,-1500.0,-0.30754074946377624,"{5: 30, 4: 41, 3: 3, 2: 88, 0: 37, 1: 6, 6: 24}","{2: 100, 3: 63, 1: 24, 6: 29, 5: 6, 4: 7}","{1: 125, 2: 40, 0: 64}","{1: 132, 0: 53, 2: 44}","{1: 166, 2: 17, 0: 46}","{1: 151, 2: 42, 0: 36}",0.04564932245217228,0.027664023731882963,0.05784494123544347,0.07968496500701305,0.19416751608440896,0.16887915764984132,0.2148702577842986,0.1461632687145072,0.19473893011576163,0.019474500408600288,0.1912023539596215,0.11213592953287224
2870,2,max_steps,3,3,0,1397.3825304774025,3500,871.0,1015.0,0.11796099454232951,0.1,0.9077126979827881,30.18824005126953,-461.211669921875,491.77392578125,1500.0,447.3560939701727,2807,-279.7600000000129,-270.21356349276937,0.0,0.3992521515649721,"{6: 86, 5: 38, 4: 34, 0: 75, 1: 62, 2: 52, 3: 3}","{2: 34, 3: 143, 6: 78, 5: 16, 4: 22, 0: 51, 1: 6}","{1: 105, 2: 115, 0: 130}","{1: 156, 0: 89, 2: 105}","{1: 149, 2: 101, 0: 100}","{1: 209, 2: 63, 0: 78}",0.09105711169168364,0.038038504914012755,0.11487399078270276,0.09684148368768825,0.17752897954177416,0.1395897462722873,0.21967394325529407,0.1885942060517492,0.19103874821784828,0.020758631179501615,0.13853446729365088,0.10159771360775649
2880,2,max_steps,3,4,0,2016.835294073085,3500,820.0,1015.5,0.11678667871108338,0.1,0.9228337407112122,30.312049865722656,-461.211669921875,491.7861633300781,2000.0,296.5152940730861,2668,-279.6800000000129,0.0,0.0,0.5762386554494529,"{4: 122, 5: 41, 3: 13, 0: 72, 1: 15, 2: 29, 6: 58}","{2: 97, 3: 179, 1: 3, 6: 21, 5: 8, 4: 19, 0: 23}","{1: 143, 2: 125, 0: 82}","{1: 230, 0: 74, 2: 46}","{1: 227, 2: 68, 0: 55}","{1: 288, 2: 28, 0: 34}",0.06472986573361408,0.02148072505615177,0.07437880777618167,0.07704923070581378,0.11080358280965773,0.0916689157258987,0.14489769475066724,0.1052707685443287,0.10093900738401013,0.06413037302043878,0.12107633454398789,0.0982294148388217
2890,2,max_steps,3,4,0,2017.9722715920907,3500,728.0,738.5,0.1156240533346089,0.1,0.9343942403793335,30.48474884033203,-461.211669921875,494.1921081542969,2000.0,516.3157650720677,2813,-279.6800000000129,-218.66349347997945,0.0,0.5765635061691687,"{2: 72, 3: 9, 1: 56, 0: 95, 6: 45, 5: 6, 4: 67}","{2: 27, 3: 222, 1: 22, 4: 19, 6: 22, 5: 7, 0: 31}","{1: 141, 0: 131, 2: 78}","{1: 207, 0: 93, 2: 50}","{1: 191, 0: 89, 2: 70}","{1: 247, 0: 43, 2: 60}",0.07061791696731642,0.02526617221516506,0.09094930164047857,0.084525969509212,0.24629725692744306,0.16630279321264768,0.2566257383404522,0.1941834092966309,0.21623265589884866,0.027611958131553337,0.10469661336209843,0.10386883265391816
2900,2,success,3,5,0,2607.5407912248597,3417,683.4,749.0,0.11447300203302839,0.1,0.9451871514320374,30.696117401123047,-461.211669921875,497.22442626953125,2500.0,380.500791224865,2350,-272.96000000001425,0.0,0.0,0.7631082210198594,"{5: 64, 4: 24, 3: 4, 1: 58, 0: 78, 2: 81, 6: 32}","{3: 178, 1: 11, 2: 99, 6: 19, 5: 9, 4: 25}","{1: 74, 2: 100, 0: 167}","{1: 238, 0: 47, 2: 56}","{1: 155, 2: 79, 0: 107}","{1: 223, 2: 51, 0: 67}",0.09241242608282466,0.02117819320459995,0.10588280913045027,0.08700230443007406,0.1861100833925303,0.1081551463617493,0.22369223768088312,0.18558097376372554,0.19812940205232613,0.02527382306379943,0.19076211715969527,0.12283553918733074
2910,2,max_steps,3,4,0,2141.6622865346003,3500,779.5,743.0,0.11333340958503987,0.1,0.9700513482093811,30.914579391479492,-461.211669921875,504.8763122558594,2000.0,423.06766530325535,2569,-279.6800000000129,-1.725378768672824,0.0,0.6119035104384573,"{6: 124, 5: 38, 4: 47, 3: 7, 0: 84, 1: 24, 2: 26}","{5: 9, 4: 20, 3: 221, 2: 61, 0: 39}","{1: 86, 2: 137, 0: 127}","{1: 259, 2: 38, 0: 53}","{1: 154, 2: 104, 0: 92}","{1: 247, 2: 62, 0: 41}",0.0888453297179936,0.014388163812993005,0.10974378672014026,0.07846187777683465,0.20817671433227783,0.08120233299884619,0.21928714897539414,0.13826703247130026,0.2048343744643439,0.01657099763681636,0.14016812070216997,0.13881315570302058
2920,2,max_steps,3,4,0,2151.803336555169,3500,753.75,686.5,0.11220516191638312,0.1,0.9736382961273193,31.114538192749023,-461.211669921875,503.1895751953125,2000.0,431.48333655515796,2853,-279.6800000000129,0.0,0.0,0.6148009533014769,"{0: 123, 1: 39, 2: 46, 3: 5, 6: 66, 5: 46, 4: 25}","{0: 3, 1: 22, 2: 127, 6: 23, 5: 7, 4: 22, 3: 146}","{1: 64, 0: 166, 2: 120}","{1: 239, 0: 71, 2: 40}","{1: 139, 0: 111, 2: 100}","{1: 252, 0: 55, 2: 43}",0.10235777865184206,0.022237047061336192,0.11722195798859819,0.07833654001153784,0.15310589940489464,0.10172437854640005,0.17286242695599233,0.1505349449382736,0.17090576484425843,0.02361751288973901,0.16642802881371485,0.10152684444015729
2930,2,success,3,5,0,2494.8125812333074,2187,437.4,445.0,0.11108814608842092,0.1,0.9771276712417603,31.295503616333008,-461.211669921875,502.94573974609375,2500.0,186.659008594624,1935,-174.5600000000049,-17.286427361314985,0.0,1.1407464934765923,"{3: 57, 2: 33, 1: 11, 4: 117}","{2: 45, 3: 110, 6: 4, 5: 15, 4: 16, 0: 23, 1: 5}","{1: 145, 0: 40, 2: 33}","{1: 116, 0: 67, 2: 35}","{1: 171, 0: 28, 2: 19}","{1: 192, 0: 11, 2: 15}",0.017784013900807142,0.0286270756722078,0.028929904044024853,0.035769434925880486,0.12073456092005744,0.16930333873932985,0.14088179830035513,0.10235712714674502,0.09661326961447249,0.03694427099104667,0.13426558584824888,0.0919955972553953
2940,2,max_steps,3,2,0,984.5549806925839,3500,1577.0,1577.0,0.10998225028683371,0.1,0.9886097311973572,31.402490615844727,-461.211669921875,521.8817749023438,1000.0,264.3949806925853,2462,-279.8400000000129,0.0,0.0,0.281301423055024,"{6: 27, 5: 35, 4: 145, 3: 3, 0: 50, 1: 44, 2: 46}","{1: 12, 2: 70, 3: 242, 6: 12, 5: 6, 4: 8}","{1: 173, 2: 91, 0: 86}","{1: 248, 0: 52, 2: 50}","{1: 226, 2: 71, 0: 53}","{1: 257, 2: 47, 0: 46}",0.050689461124263674,0.02253502991363098,0.07416086602357999,0.07039908186626637,0.1251842574969079,0.08564354737700271,0.15685219136697254,0.15789998812554523,0.12525499074647126,0.025466386675042956,0.11273929751569539,0.09083747718531268
2950,2,crash,3,3,1,-884.559362132225,3146,822.0,857.0,0.10888736381042682,0.1,0.9968645572662354,31.559106826782227,-461.211669921875,512.788818359375,1500.0,200.71961585997803,2017,-251.4400000000169,-833.8389779921998,-1500.0,-0.28116953659638433,"{2: 99, 3: 25, 0: 36, 1: 43, 4: 34, 5: 21, 6: 56}","{4: 78, 3: 121, 0: 30, 1: 10, 2: 54, 6: 12, 5: 9}","{1: 142, 0: 114, 2: 58}","{1: 172, 2: 82, 0: 60}","{1: 174, 0: 84, 2: 56}","{1: 193, 0: 57, 2: 64}",0.05927530030876195,0.02796419870787025,0.07820799292402655,0.09504284539879038,0.16195767283285345,0.10906303581967233,0.23010883200348517,0.22627538568259126,0.10184877809543089,0.0331521685284865,0.17413397970028466,0.09858458924247335
2960,2,max_steps,3,1,0,450.9387028483117,3500,1349.0,1349.0,0.10780337706004928,0.1,1.0055092573165894,31.69248390197754,-450.63421630859375,505.8270568847656,500.0,230.8587028483128,2841,-279.92000000001286,0.0,0.0,0.1288396293852319,"{5: 72, 6: 26, 4: 35, 3: 4, 0: 69, 1: 99, 2: 45}","{6: 4, 5: 41, 4: 15, 3: 235, 2: 18, 0: 30, 1: 7}","{1: 209, 0: 86, 2: 55}","{1: 272, 2: 31, 0: 47}","{1: 271, 0: 52, 2: 27}","{1: 259, 0: 43, 2: 48}",0.03574302522899182,0.01759923066728217,0.04892273683183623,0.07676250100970702,0.09069571297044933,0.13729637468652153,0.1258414696479228,0.11004907683997242,0.08368694155625664,0.017095066943236967,0.0992900584517653,0.10020118628175588
2970,2,crash,3,4,1,379.1527107322388,2828,676.5,692.0,0.10673018152762281,0.1,1.0142227411270142,31.829627990722656,-450.63421630859375,505.32794189453125,2000.0,258.9003556266189,1964,-225.92000000001292,-153.82764489437977,-1500.0,0.13407097267759505,"{4: 112, 5: 18, 6: 52, 3: 8, 0: 38, 1: 14, 2: 40}","{5: 19, 4: 50, 3: 131, 0: 25, 1: 7, 2: 41, 6: 9}","{1: 86, 0: 136, 2: 60}","{1: 148, 2: 77, 0: 57}","{1: 149, 0: 90, 2: 43}","{1: 203, 0: 39, 2: 40}",0.06788366720723663,0.028162820464924843,0.09257739283380748,0.08084212979170835,0.17010579464079428,0.1318339372790068,0.2066190473070141,0.14453629579108776,0.16123226806031604,0.026172082210242063,0.20782012995596044,0.21299482118646496
2980,2,crash,3,2,1,-709.6859493768076,1552,676.5,676.5,0.10566766978528,0.1,1.031069278717041,32.006587982177734,-450.63421630859375,518.1075439453125,1000.0,208.39343899441855,1333,-123.99999999999771,-294.07938837122566,-1500.0,-0.45727187459845847,"{6: 38, 5: 14, 4: 20, 3: 2, 0: 67, 1: 7, 2: 7}","{4: 20, 3: 78, 0: 15, 1: 6, 2: 16, 5: 20}","{1: 41, 2: 38, 0: 76}","{1: 87, 2: 22, 0: 46}","{1: 72, 2: 27, 0: 56}","{1: 115, 2: 22, 0: 18}",0.085853316888326,0.023748324857497144,0.1072670981758681,0.08488206431609997,0.22587358133216662,0.13002177405547022,0.24554261658525783,0.11825555149247509,0.2363459928959522,0.030333045746979634,0.18220235762851236,0.10005738911468129
2990,2,max_steps,3,3,0,1440.2823595318646,3500,743.6666666666666,764.0,0.10461573547461075,0.1,1.0579100847244263,32.119964599609375,-450.63421630859375,513.2286376953125,1500.0,220.0423595318679,2841,-279.7600000000129,0.0,0.0,0.41150924558053276,"{1: 174, 2: 114, 3: 5, 4: 38, 5: 19}","{2: 89, 3: 189, 6: 11, 5: 10, 4: 18, 0: 27, 1: 6}","{1: 184, 0: 98, 2: 68}","{1: 240, 0: 69, 2: 41}","{1: 259, 0: 59, 2: 32}","{1: 284, 0: 40, 2: 26}",0.046241888373304785,0.020615375006702002,0.051534261820397755,0.06472978072581895,0.10245444197552968,0.09951916096661971,0.13720936084329738,0.13347279796867983,0.09632819432264804,0.02076831354443098,0.15318132611394256,0.16165557327620497
3000,2,max_steps,3,4,0,2143.698375882936,3500,854.75,883.5,0.1035742732960157,0.1,1.0805286169052124,32.25944900512695,-450.63421630859375,499.42724609375,2000.0,423.37837588293235,2561,-279.6800000000129,0.0,0.0,0.6124852502522674,"{6: 96, 5: 27, 4: 50, 3: 13, 0: 121, 1: 24, 2: 19}","{2: 51, 3: 208, 6: 24, 5: 11, 4: 10, 0: 40, 1: 6}","{1: 115, 2: 114, 0: 121}","{1: 238, 0: 76, 2: 36}","{1: 149, 2: 87, 0: 114}","{1: 218, 2: 74, 0: 58}",0.08727716964779164,0.019770263837431946,0.11297569977743882,0.08703087661431003,0.19770531725440627,0.13484191590133443,0.22984670733063012,0.17853246008147033,0.18635172318203802,0.022487380564418576,0.1431414945651871,0.19959332057375567
3010,2,max_steps,3,2,0,880.7732106768852,3500,739.5,739.5,0.10254317899816558,0.1,1.0994545221328735,32.4189338684082,-450.63421630859375,495.2770690917969,1000.0,160.61321067688993,2005,-279.8400000000129,0.0,0.0,0.25164948876482435,"{1: 27, 2: 15, 3: 4, 4: 164, 5: 138, 6: 2}","{2: 52, 3: 292, 4: 6}","{1: 239, 0: 43, 2: 68}","{1: 317, 0: 22, 2: 11}","{1: 289, 0: 22, 2: 39}","{1: 310, 0: 29, 2: 11}",0.029103281070273372,0.01206165608314471,0.03951806250928125,0.05079076477457782,0.09414583195221175,0.029799322863047612,0.11540618665166033,0.10101390151082537,0.05887835096751946,0.014192767289595697,0.07564659518780632,0.081027083091849
3020,2,max_steps,3,4,0,2039.8401074968203,3500,849.0,796.5,0.1015223493675656,0.1,1.1085264682769775,32.52321243286133,-450.63421630859375,503.42498779296875,2000.0,334.62483185446337,2661,-279.6800000000129,-15.104724357642029,0.0,0.5828114592848058,"{5: 75, 4: 127, 3: 6, 0: 85, 1: 6, 2: 9, 6: 42}","{3: 210, 2: 83, 4: 28, 0: 5, 1: 24}","{1: 131, 2: 148, 0: 71}","{1: 256, 2: 43, 0: 51}","{1: 200, 2: 89, 0: 61}","{1: 238, 2: 61, 0: 51}",0.06836460727449316,0.020545824815456037,0.08502575497325093,0.08769444905444992,0.19356238297510925,0.0647816762746403,0.21290793917349965,0.153762389701664,0.13936789402330713,0.026551543466328088,0.16191172258412193,0.15486109948203325
3030,2,crash,3,2,1,-1977.5927478681215,2360,810.0,810.0,0.1005116822182237,0.1,1.118076205253601,32.584415435791016,-450.63421630859375,501.580810546875,1000.0,89.24943188972213,1608,-188.6400000000071,-1378.2021797578432,-1500.0,-0.8379630287576786,"{6: 44, 5: 32, 4: 81, 3: 4, 0: 75}","{2: 115, 3: 105, 5: 6, 4: 10}","{1: 173, 2: 63}","{1: 154, 0: 53, 2: 29}","{1: 215, 2: 21}","{1: 193, 2: 23, 0: 20}",0.02408798247857323,0.0228592361233553,0.027987148586204547,0.05525525534443102,0.0767062894569401,0.06915716056525936,0.09687583094695432,0.10581270213049056,0.05310394938244848,0.0633536796413025,0.09289242990540632,0.0922329655144699
3040,2,max_steps,3,3,0,1510.5996619640293,3500,1063.3333333333333,542.0,0.09951107638142156,0.1,1.1414639949798584,32.690826416015625,-450.63421630859375,484.805419921875,1500.0,290.35966196402995,2966,-279.7600000000129,0.0,0.0,0.4315999034182941,"{1: 48, 2: 65, 3: 23, 6: 121, 5: 21, 4: 72}","{3: 210, 2: 82, 0: 9, 1: 8, 6: 24, 5: 9, 4: 8}","{1: 143, 0: 82, 2: 125}","{1: 250, 0: 55, 2: 45}","{1: 227, 0: 50, 2: 73}","{1: 234, 0: 66, 2: 50}",0.06245826418823437,0.019797891643792184,0.08093012668586543,0.08618306674394664,0.1037277894936764,0.11257880024582984,0.13171820911937926,0.14495828659205473,0.0959808830755246,0.035232816691689574,0.11523182188777416,0.09096586571870549
3050,2,max_steps,3,4,0,2084.6108941640146,3500,719.25,464.5,0.0985204316955876,0.1,1.1530176401138306,32.785762786865234,-450.63421630859375,486.67510986328125,2000.0,364.29089416400876,2688,-279.6800000000129,0.0,0.0,0.5956031126182899,"{1: 26, 2: 22, 4: 85, 5: 108, 3: 3, 0: 43, 6: 63}","{5: 17, 4: 26, 3: 136, 0: 45, 1: 36, 2: 62, 6: 28}","{1: 117, 0: 111, 2: 122}","{1: 170, 2: 65, 0: 115}","{1: 182, 0: 81, 2: 87}","{1: 202, 0: 57, 2: 91}",0.06800805762630538,0.03150279232446747,0.09817779273756597,0.09475690951795428,0.1686324704569983,0.11369971670027583,0.19730979879222166,0.16543105165276403,0.1759235144891636,0.03714088912834612,0.15266996577342884,0.11134186998021975
3060,2,crash,3,3,1,-234.48817733124883,943,251.0,261.0,0.09753964899627071,0.1,1.1649764776229858,32.98142623901367,-450.63421630859375,504.3547668457031,1500.0,96.18150200553532,750,-75.19999999999875,-255.4696793367836,-1500.0,-0.24866190597163185,"{4: 67, 3: 3, 5: 5, 0: 19}","{2: 12, 3: 61, 5: 4, 4: 17}","{1: 25, 2: 69}","{1: 52, 0: 15, 2: 27}","{1: 57, 2: 37}","{1: 77, 2: 5, 0: 12}",0.09277118704408974,0.024893686696620884,0.08485716022809445,0.06210187916392243,0.12415181303732745,0.1303104592312425,0.13456837165999638,0.11446423580596435,0.10918880581623962,0.11260177942173422,0.1457198112043271,0.10094921730235187
3070,2,crash,3,1,1,-1262.0006744128818,1168,930.0,930.0,0.09656863010621372,0.1,1.1726629734039307,33.11362075805664,-450.63421630859375,501.0587463378906,500.0,75.46802010889583,929,-93.35999999999837,-244.10869452177724,-1500.0,-1.0804800294630839,"{6: 32, 5: 30, 4: 30, 0: 24}","{4: 27, 3: 84, 2: 5}","{1: 38, 2: 78}","{1: 85, 2: 30, 0: 1}","{1: 83, 2: 33}","{1: 98, 2: 13, 0: 5}",0.0682027910767281,0.022838894148432376,0.0815755270030426,0.06932407414230787,0.10579060324453203,0.08349828909611955,0.11319141701362265,0.10441598217228278,0.0909875264595137,0.010449799769799888,0.1077968825717984,0.06768232029070533
3080,2,max_steps,3,3,0,1452.6814260263593,3500,1151.0,1225.0,0.09560727782552586,0.1,1.1911571025848389,33.26741027832031,-450.63421630859375,497.6944274902344,1500.0,350.5064912758662,3185,-279.7600000000129,-118.0650652495057,0.0,0.4150518360075312,"{6: 35, 5: 12, 4: 161, 3: 4, 0: 114, 1: 9, 2: 15}","{5: 32, 4: 27, 3: 223, 2: 18, 0: 22, 1: 5, 6: 23}","{1: 150, 2: 90, 0: 110}","{1: 221, 2: 84, 0: 45}","{1: 236, 2: 44, 0: 70}","{1: 248, 2: 51, 0: 51}",0.056678096824219565,0.026323214918964766,0.06972110369239015,0.08690471077859549,0.12471641516795837,0.15053077007417318,0.14956866008354655,0.12361019663022071,0.09584704669030772,0.005336492049901588,0.11372117589799419,0.1287615687201654
3090,2,max_steps,3,3,0,1466.7249166680187,3500,1118.3333333333333,567.0,0.09465549592195288,0.1,1.1976752281188965,33.40303421020508,-557.0824584960938,496.46087646484375,1500.0,286.5318426118643,2570,-279.7600000000129,-40.046925943842986,0.0,0.4190642619051482,"{1: 23, 2: 45, 3: 8, 6: 147, 5: 50, 4: 39, 0: 38}","{4: 21, 3: 221, 2: 45, 0: 26, 1: 37}","{1: 124, 0: 120, 2: 106}","{1: 237, 2: 39, 0: 74}","{1: 220, 0: 78, 2: 52}","{1: 251, 0: 32, 2: 67}",0.06708474685416972,0.024065135518909146,0.07972034608659748,0.08556708420728798,0.1681365148267018,0.07402389304227618,0.19235330615021184,0.15160997780392416,0.07405104349489194,0.023186727367287475,0.11515722475297088,0.09985827121774284
3100,2,success,3,5,0,2480.042540608591,3388,677.6,516.0,0.09371318912124417,0.1,1.2051879167556763,33.510677337646484,-529.3051147460938,496.74176025390625,2500.0,421.9963803590364,2977,-270.6400000000147,-171.31383975044352,0.0,0.7320078337097377,"{1: 29, 2: 23, 6: 62, 5: 17, 4: 149, 3: 24, 0: 34}","{2: 85, 3: 185, 6: 23, 5: 8, 4: 8, 0: 24, 1: 5}","{1: 151, 0: 83, 2: 104}","{1: 230, 0: 77, 2: 31}","{1: 195, 0: 61, 2: 82}","{1: 267, 0: 19, 2: 52}",0.05976156020740652,0.01916981616301114,0.07189225733131044,0.07853475835477502,0.19296242320336718,0.1262111832840504,0.23396923784357107,0.11606829530764314,0.14714978585663233,0.022343649955557113,0.11318886170058119,0.10045346469269248
3110,2,success,3,5,0,2483.234984970019,3326,665.2,602.0,0.09278026309761568,0.1,1.2285003662109375,33.67615509033203,-529.3051147460938,509.6864013671875,2500.0,248.9149849700195,2736,-265.6800000000157,0.0,0.0,0.7466130441882198,"{4: 155, 3: 77, 1: 18, 0: 36, 2: 46}","{4: 51, 3: 158, 2: 29, 0: 59, 1: 20, 6: 8, 5: 7}","{1: 218, 2: 38, 0: 76}","{1: 153, 2: 71, 0: 108}","{1: 272, 2: 12, 0: 48}","{1: 304, 0: 15, 2: 13}",0.03284730085234877,0.03179743632956125,0.04247350217431432,0.043460974819225756,0.11329134749561555,0.13611360105328682,0.12766937502796893,0.09779755371707721,0.07527549562521572,0.030401197337400165,0.10796891382848392,0.09315282877590769
3120,2,crash,3,1,1,-1056.0568724484172,539,436.0,436.0,0.09185662446430783,0.1,1.2411524057388306,33.75640869140625,-529.3051147460938,509.6864013671875,500.0,78.95395979604008,506,-43.03999999999944,-91.97083224445731,-1500.0,-1.9592891882159873,"{6: 22, 5: 11, 4: 10, 3: 9, 2: 1}","{2: 18, 3: 25, 6: 6, 5: 4}","{1: 13, 2: 40}","{1: 30, 0: 15, 2: 8}","{1: 9, 2: 44}","{1: 42, 2: 7, 0: 4}",0.1302551671869138,0.02180707919912949,0.182063034301755,0.07423102448743768,0.2799231097275577,0.10576821540112182,0.2984310055356159,0.1455840490012629,0.2417684075193885,0.002145408915459607,0.3021572182751642,0.04295513146756344
3130,2,crash,3,2,1,-544.5926790970476,1381,632.0,632.0,0.09094218076423748,0.1,1.245045781135559,33.91221237182617,-529.3051147460938,508.58013916015625,1000.0,180.5232602711154,1073,-110.319999999998,-114.79593936816164,-1500.0,-0.39434661773862967,"{1: 14, 2: 18, 3: 1, 6: 78, 5: 7, 4: 8, 0: 12}","{6: 8, 5: 7, 4: 10, 3: 55, 0: 11, 1: 19, 2: 28}","{1: 46, 0: 28, 2: 64}","{1: 64, 2: 29, 0: 45}","{1: 63, 0: 16, 2: 59}","{1: 98, 0: 18, 2: 22}",0.0826204114887712,0.0315731101994006,0.11335406384874977,0.06920346673979418,0.24156101434420932,0.14263739916925913,0.25604067802609776,0.15659431896074374,0.2594712367041205,0.04788742195423211,0.2703688863171896,0.1181373446124701
3140,2,crash,3,1,1,-1311.4426969498757,1065,654.0,654.0,0.09003684046074276,0.1,1.2358182668685913,34.09703826904297,-529.3051147460938,506.6670837402344,500.0,61.990729978355695,653,-85.11999999999854,-288.31342692823034,-1500.0,-1.231401593380165,"{0: 17, 1: 12, 2: 34, 3: 2, 5: 22, 6: 19}","{2: 25, 3: 81}","{1: 28, 0: 78}","{1: 72, 0: 23, 2: 11}","{1: 66, 0: 40}","{1: 82, 0: 14, 2: 10}",0.07478108310234455,0.022530840934077263,0.08017876947525437,0.08807078052349016,0.11317917504699311,0.09378724596242788,0.14140795733116474,0.10536431962865767,0.08048362217829533,0.024408084581782973,0.11487138547110051,0.02974551623439445
3150,2,crash,3,3,1,-1160.3869437909784,2199,573.0,467.0,0.08914051292842028,0.1,1.245246171951294,34.22591781616211,-529.3051147460938,502.5012512207031,1500.0,204.37114309273494,1599,-175.68000000000507,-1189.0780868837126,-1500.0,-0.5276884692091762,"{5: 20, 4: 69, 3: 36, 0: 31, 1: 6, 2: 9, 6: 48}","{2: 62, 3: 74, 6: 10, 5: 10, 4: 15, 0: 20, 1: 28}","{1: 122, 2: 35, 0: 62}","{1: 128, 0: 52, 2: 39}","{1: 148, 2: 20, 0: 51}","{1: 167, 2: 30, 0: 22}",0.04098425145176789,0.02800907596904332,0.05615724756681233,0.07283326270075419,0.18520544023038238,0.1124792227710814,0.20033004785637012,0.11555871139296257,0.06339567111287973,0.1525500487091036,0.03448680272291451,0.09485470442608576
3160,2,max_steps,3,3,0,1207.7460104537618,3500,1096.0,1222.0,0.08825310844405335,0.1,1.2358579635620117,34.41297912597656,-529.3051147460938,497.8758239746094,1500.0,307.50990864406145,2372,-279.7600000000129,-320.003898190298,0.0,0.3450702887010748,"{2: 86, 1: 24, 4: 25, 5: 19, 6: 112, 0: 70, 3: 14}","{6: 8, 5: 17, 4: 22, 3: 182, 0: 94, 1: 12, 2: 15}","{1: 108, 2: 94, 0: 148}","{1: 223, 2: 51, 0: 76}","{1: 180, 2: 54, 0: 116}","{1: 202, 2: 63, 0: 85}",0.07949886123090819,0.02329268149744404,0.09623548121921288,0.09317970094808686,0.19205694752824973,0.10404843540737146,0.21995432567870332,0.16080160555217413,0.24236985807072164,0.02906624232588242,0.29104201979515654,0.08405175909253353
3170,2,max_steps,3,3,0,1520.6266351011266,3500,910.3333333333334,690.0,0.0873745381776307,0.1,1.2521611452102661,34.536659240722656,-529.3051147460938,503.74798583984375,1500.0,300.38663510112815,2403,-279.7600000000129,0.0,0.0,0.43446475288603614,"{4: 157, 3: 3, 0: 101, 1: 16, 2: 12, 6: 55, 5: 6}","{2: 56, 3: 212, 6: 11, 5: 10, 4: 29, 0: 26, 1: 6}","{1: 175, 2: 84, 0: 91}","{1: 239, 0: 70, 2: 41}","{1: 227, 0: 74, 2: 49}","{1: 287, 2: 24, 0: 39}",0.05039554688257958,0.02368133163216475,0.06772600586603564,0.05239003585795375,0.1800924474475632,0.13570206634892404,0.21377975323013976,0.15348947174209066,0.17080859670946863,0.02462174365829408,0.17546609652936576,0.06726865823184881
3180,2,max_steps,3,2,0,918.7735833087484,3500,1255.0,1255.0,0.08650471418345447,0.1,1.26228666305542,34.6539421081543,-529.3051147460938,502.4440002441406,1000.0,198.61358330875188,2320,-279.8400000000129,0.0,0.0,0.26250673808821384,"{1: 15, 2: 38, 3: 2, 5: 71, 4: 160, 6: 64}","{3: 199, 6: 10, 5: 13, 4: 20, 2: 12, 0: 75, 1: 21}","{1: 174, 0: 98, 2: 78}","{1: 228, 2: 44, 0: 78}","{1: 225, 0: 65, 2: 60}","{1: 224, 0: 58, 2: 68}",0.050359647806546705,0.024809588258484068,0.06830713368608334,0.08806962565649351,0.11785837935111108,0.0990793912027808,0.15956741953161124,0.18722552779785906,0.08427330828112836,0.028856897582956165,0.11543644682760275,0.0888451434312357
3190,2,crash,3,2,1,-563.1628491605926,2508,1198.5,1198.5,0.0856435493913367,0.1,1.2546257972717285,34.8215217590332,-529.3051147460938,500.1640930175781,1000.0,279.07885955222287,2216,-200.48000000000894,-141.76170871281445,-1500.0,-0.22454659057439896,"{6: 58, 5: 19, 4: 57, 3: 10, 0: 93, 1: 6, 2: 7}","{5: 5, 4: 35, 3: 129, 2: 19, 0: 45, 1: 6, 6: 11}","{1: 110, 2: 63, 0: 77}","{1: 138, 2: 47, 0: 65}","{1: 137, 2: 40, 0: 73}","{1: 156, 2: 55, 0: 39}",0.06047715387665996,0.026648369310223283,0.08194533726048608,0.08448979113992353,0.23099151789528277,0.11722646828658735,0.22164519223792992,0.17029533840793087,0.07160436951474634,0.023158536573457896,0.14977148696899265,0.1811137199181946
3200,2,crash,3,1,1,-1223.5624834380392,1163,878.0,878.0,0.08479095759788362,0.1,1.2667630910873413,34.902374267578125,-529.3051147460938,501.81158447265625,500.0,71.65150802987625,867,-92.95999999999837,-202.25399146791472,-1500.0,-1.0520743623714868,"{0: 22, 1: 26, 2: 35, 3: 4, 6: 29}","{3: 100, 2: 16}","{1: 42, 0: 74}","{1: 107, 2: 2, 0: 7}","{1: 69, 0: 47}","{1: 77, 0: 29, 2: 10}",0.07187924171361845,0.012649749516583446,0.08612381596041578,0.0930555386673735,0.10599019417567515,0.027843305908302196,0.15472771636966542,0.16808982100774883,0.04394600004042787,0.015884675646863862,0.08273688068871708,0.10201898625757014
3210,2,max_steps,3,0,0,-239.91797844622133,3500,,,0.08394685345786652,0.1,1.273874044418335,34.96675109863281,-529.3051147460938,506.5653991699219,0.0,40.08202155378075,1684,-280.00000000001285,0.0,0.0,-0.06854799384177752,"{4: 333, 5: 17}","{5: 15, 4: 32, 3: 295, 2: 8}","{1: 323, 0: 15, 2: 12}","{1: 301, 2: 37, 0: 12}","{1: 343, 2: 7}","{1: 337, 2: 9, 0: 4}",0.009914794099941723,0.017848424128805076,0.014709863400762586,0.019908440099723937,0.046309983096648695,0.0321837401450654,0.05546509934402149,0.07499439595173747,,,,
3220,2,max_steps,3,3,0,1560.0711938833624,3500,867.0,1047.0,0.08311115247567877,0.1,1.286005973815918,35.06584167480469,-529.3051147460938,511.7129821777344,1500.0,339.83119388336365,2548,-279.7600000000129,0.0,0.0,0.4457346268238178,"{5: 34, 4: 46, 3: 25, 2: 105, 1: 27, 0: 44, 6: 69}","{6: 24, 5: 13, 4: 20, 3: 143, 0: 56, 1: 16, 2: 78}","{1: 109, 2: 114, 0: 127}","{1: 194, 2: 58, 0: 98}","{1: 162, 2: 93, 0: 95}","{1: 240, 2: 59, 0: 51}",0.08654811125480485,0.025311889436320602,0.10933034633781549,0.08293151294817089,0.15215988370364916,0.13213950118888834,0.18303455638347244,0.17111268305260022,0.16240513917407384,0.021618544830797233,0.17373043529805587,0.1250473296734978
3230,2,crash,3,2,1,-2012.8777655007939,1598,385.5,385.5,0.0822837709968775,0.1,1.280094861984253,35.18865966796875,-529.3051147460938,510.3099365234375,1000.0,143.6081676732841,1073,-127.67999999999763,-1528.8059331740765,-1500.0,-1.259623132353438,"{0: 23, 1: 9, 2: 13, 3: 32, 6: 82}","{6: 6, 5: 6, 4: 8, 3: 64, 0: 28, 1: 18, 2: 29}","{1: 91, 0: 68}","{1: 49, 2: 36, 0: 74}","{1: 116, 0: 43}","{1: 114, 0: 24, 2: 21}",0.03271709669591398,0.06278073493382215,0.04735472439853196,0.05629830472034579,0.15961858352674677,0.17463774887980435,0.17075575645010288,0.11277009978460126,0.12367629851150296,0.19583269922729865,0.0442850009677856,0.1057404605652931
3240,2,success,3,5,0,2645.4192641029676,3311,662.2,680.0,0.08146462619980994,0.1,1.280566930770874,35.33497619628906,-529.3051147460938,506.6988830566406,2500.0,489.37626649507627,2383,-264.48000000001593,-79.47700239210863,0.0,0.7989789381162693,"{5: 32, 6: 83, 4: 16, 3: 13, 1: 19, 0: 118, 2: 50}","{4: 21, 3: 247, 0: 32, 1: 6, 2: 14, 6: 4, 5: 7}","{1: 68, 0: 159, 2: 104}","{1: 242, 2: 48, 0: 41}","{1: 117, 0: 121, 2: 93}","{1: 203, 0: 74, 2: 54}",0.11779550027225782,0.014851878106375237,0.13810534010036074,0.08487236256794486,0.2407115034121579,0.12397777545370814,0.26587388815857926,0.21855563568122943,0.23515598703755006,0.19203001876111467,0.1928487255432746,0.10859886374050896
3250,2,crash,3,4,1,426.51998617697404,2023,470.75,436.5,0.08065363608732276,0.1,1.284671664237976,35.51648712158203,-529.3051147460938,501.752685546875,2000.0,234.06058587671757,1530,-161.52000000000285,-146.0205996997481,-1500.0,0.21083538614778746,"{4: 24, 3: 23, 2: 46, 0: 26, 1: 10, 6: 67, 5: 6}","{3: 138, 4: 21, 0: 18, 1: 14, 2: 11}","{1: 66, 2: 84, 0: 52}","{1: 146, 2: 27, 0: 29}","{1: 90, 2: 80, 0: 32}","{1: 142, 2: 29, 0: 31}",0.08113583690652927,0.01978600972712756,0.11276769662567307,0.08528259675972469,0.2238695593348903,0.11106006180444494,0.22302228564719215,0.12823455915411627,0.07801981265545363,0.11590782777332337,0.12544961195832213,0.10208334934775296
3260,2,max_steps,3,4,0,1716.4899317506704,3500,846.5,814.5,0.07985071947855411,0.1,1.2941744327545166,35.68773651123047,-529.3051147460938,507.72100830078125,2000.0,341.18811025270327,2788,-279.6800000000129,-345.0181785020304,0.0,0.4904256947859058,"{5: 61, 4: 80, 6: 22, 3: 26, 2: 69, 0: 79, 1: 13}","{6: 6, 5: 21, 4: 25, 3: 205, 0: 15, 1: 18, 2: 60}","{1: 117, 2: 92, 0: 141}","{1: 217, 2: 58, 0: 75}","{1: 186, 2: 65, 0: 99}","{1: 229, 2: 63, 0: 58}",0.0773929701504723,0.018611115813096005,0.09335669064635055,0.09130691650532713,0.14399416754975908,0.11960885127934165,0.17755031785827455,0.16656156591991833,0.13483497300573738,0.015200119678453387,0.14735952403842933,0.10223943135607846
3270,2,max_steps,3,1,0,-347.5277463601938,3500,355.0,355.0,0.07905579600080731,0.1,1.309088110923767,35.742130279541016,-529.3051147460938,500.9020690917969,500.0,241.0738572129014,2575,-279.92000000001286,-808.6816035730938,0.0,-0.09929364181719823,"{6: 10, 5: 14, 4: 10, 3: 1, 0: 217, 1: 26, 2: 72}","{3: 266, 0: 34, 1: 8, 2: 15, 4: 27}","{1: 166, 2: 52, 0: 132}","{1: 263, 2: 24, 0: 63}","{1: 260, 2: 38, 0: 52}","{1: 236, 2: 49, 0: 65}",0.052236769127821575,0.01729197403883444,0.06743938357991679,0.08645907144389306,0.09527972702004468,0.0695953899089116,0.1500020802854161,0.136490124771396,0.1923588406485286,0.011512678483468174,0.15783006334197555,0.10905239573394047
3280,2,crash,3,2,1,-810.6059018949502,1089,268.0,268.0,0.07826878608150556,0.1,1.3282289505004883,35.850135803222656,-529.3051147460938,499.8109436035156,1000.0,66.71883142517784,635,-86.9599999999985,-290.3647333201275,-1500.0,-0.7443580366344813,"{2: 34, 3: 4, 0: 1, 1: 14, 6: 55}","{3: 44, 4: 9, 0: 55}","{1: 38, 0: 70}","{1: 64, 2: 24, 0: 20}","{1: 55, 0: 53}","{1: 88, 0: 12, 2: 8}",0.08225002554261232,0.025725238608260044,0.0957184131411203,0.06160796752686963,0.11767255754060663,0.06345815680260816,0.12865129601178726,0.10949858586278553,0.10955030152047124,0.028851732796623952,0.1322057925030397,0.09381397499279213
3290,2,crash,3,1,1,-1370.2678836087234,924,531.0,531.0,0.07748961094022659,0.1,1.3364918231964111,35.92082214355469,-529.3051147460938,509.6988525390625,500.0,69.09342500221831,577,-73.83999999999878,-365.5213086109412,-1500.0,-1.4829739000094408,"{0: 20, 1: 16, 2: 15, 3: 2, 6: 39}","{3: 62, 2: 5, 4: 25}","{1: 23, 0: 69}","{1: 58, 0: 2, 2: 32}","{1: 38, 0: 54}","{1: 60, 0: 18, 2: 14}",0.09409814954269691,0.023607629983310036,0.11548930730777465,0.08491293024571442,0.1322393482196135,0.09953569036849215,0.15554978091102895,0.18477325893648436,0.13986766283723903,0.008646729916048437,0.1579703754095525,0.06976504973049011
3300,2,crash,3,1,1,-1231.0474557875013,527,358.0,358.0,0.07671819258081664,0.1,1.3504267930984497,35.994163513183594,-529.3051147460938,506.2249755859375,500.0,66.61134975051687,357,-42.07999999999946,-255.57880553801806,-1500.0,-2.335953426541748,"{0: 18, 1: 9, 2: 8, 4: 7, 5: 10}","{2: 20, 3: 32}","{1: 10, 0: 42}","{1: 43, 0: 9}","{1: 16, 0: 35, 2: 1}","{1: 27, 0: 8, 2: 17}",0.15251570774728168,0.008552976829844423,0.182652110750919,0.09957975130451467,0.2514021999532859,0.09018357911617296,0.29045869435611044,0.252182701963235,0.25705282448750416,0.008343970541595767,0.26921752296900947,0.09964544416045626
3310,2,crash,3,3,1,-578.935158627343,2975,822.0,808.0,0.07595445378358298,0.1,1.3521056175231934,36.08130645751953,-529.3051147460938,498.2822265625,1500.0,231.14636092439886,1912,-237.76000000001477,-572.3215195517384,-1500.0,-0.1946000533201153,"{1: 24, 2: 48, 3: 14, 4: 94, 5: 18, 0: 48, 6: 51}","{5: 7, 4: 19, 3: 137, 0: 69, 1: 6, 2: 28, 6: 31}","{1: 127, 0: 117, 2: 53}","{1: 159, 2: 64, 0: 74}","{1: 207, 0: 55, 2: 35}","{1: 212, 0: 41, 2: 44}",0.054745178284020535,0.02702478585448827,0.06750517176096703,0.0807057044640848,0.11495630623888414,0.15947973605367208,0.13619845839834524,0.11968245299774424,0.07830502957492619,0.024655857179802825,0.11725147213737835,0.10413846238458312
3320,2,max_steps,3,1,0,409.79220238641886,3500,511.0,511.0,0.07519831809756428,0.1,1.3525718450546265,36.17835235595703,-529.3051147460938,516.175537109375,500.0,189.7122023864234,2133,-279.92000000001286,0.0,0.0,0.11708348639611968,"{2: 50, 3: 7, 5: 83, 6: 80, 4: 130}","{2: 53, 3: 252, 4: 16, 5: 29}","{1: 152, 0: 93, 2: 105}","{1: 271, 0: 49, 2: 30}","{1: 215, 0: 63, 2: 72}","{1: 215, 0: 62, 2: 73}",0.059384881002437065,0.014229058733129603,0.08294494368005373,0.09042990085329056,0.1086467163393223,0.041440423172922174,0.15383875366017946,0.17980542707998662,0.13335248787849624,0.012977109455677786,0.21163864998667994,0.12386363585988693
3330,2,crash,3,2,1,-665.2947355128623,1226,539.5,539.5,0.07444970983287758,0.1,1.3475637435913086,36.31425094604492,-529.3051147460938,506.8230895996094,1000.0,150.8223553438605,638,-97.91999999999827,-218.19709085672176,-1500.0,-0.5426547597984195,"{3: 19, 0: 76, 1: 5, 2: 7, 4: 1, 5: 7, 6: 7}","{0: 4, 1: 8, 2: 7, 6: 25, 5: 13, 4: 26, 3: 39}","{1: 36, 2: 31, 0: 55}","{1: 47, 0: 26, 2: 49}","{1: 61, 2: 12, 0: 49}","{1: 82, 2: 29, 0: 11}",0.09521012809296228,0.04313504034815289,0.10107059032245956,0.06678139726080497,0.26388116827932706,0.1536003175461059,0.28907058345299574,0.231599435306928,0.20022963795515544,0.1800483662367173,0.16945370177724148,0.14586588635828338
3340,2,success,3,5,0,2616.963289583869,2989,597.8,449.0,0.07370855405314179,0.1,1.3675243854522705,36.42814636230469,-529.3051147460938,505.27996826171875,2500.0,355.68328958383967,2242,-238.72000000001492,0.0,0.0,0.8755313782481997,"{2: 65, 1: 17, 3: 48, 6: 92, 5: 38, 4: 38}","{6: 5, 5: 11, 4: 24, 3: 141, 2: 47, 0: 56, 1: 14}","{1: 86, 2: 108, 0: 104}","{1: 147, 2: 59, 0: 92}","{1: 151, 0: 56, 2: 91}","{1: 198, 0: 55, 2: 45}",0.076017445539112,0.03066184172712755,0.09854749011438801,0.0845614975488629,0.16352923885804857,0.14608832317205236,0.21577651152152466,0.18537461933958543,0.13626082561144126,0.11510553992135449,0.15530971476846758,0.11876958628267537
3350,2,max_steps,3,4,0,2211.6018659753345,3500,768.75,753.5,0.07297477656797652,0.1,1.3977807760238647,36.483558654785156,-529.3051147460938,499.2296142578125,2000.0,491.2818659753247,2831,-279.6800000000129,0.0,0.0,0.6318862474215241,"{5: 28, 4: 63, 3: 12, 0: 86, 1: 15, 2: 20, 6: 126}","{2: 103, 3: 199, 1: 5, 6: 43}","{1: 93, 2: 123, 0: 134}","{1: 250, 0: 60, 2: 40}","{1: 130, 2: 93, 0: 127}","{1: 215, 2: 70, 0: 65}",0.0865132675487441,0.017690407579493278,0.12433577980677507,0.09177346978604214,0.1923051324014384,0.07515897125992256,0.22488499783034285,0.1844187741249682,0.1778697156146631,0.015101376361381164,0.1378759514339084,0.30024926688493836
3360,2,max_steps,3,4,0,2148.7728686531664,3500,835.75,686.0,0.07224830392557544,0.1,1.4186331033706665,36.6646728515625,-529.3051147460938,498.8168640136719,2000.0,428.45286865316405,2848,-279.6800000000129,0.0,0.0,0.6139351053294761,"{6: 99, 5: 16, 4: 99, 0: 52, 1: 44, 2: 32, 3: 8}","{4: 22, 3: 190, 2: 67, 0: 24, 1: 32, 6: 8, 5: 7}","{1: 106, 2: 120, 0: 124}","{1: 233, 2: 56, 0: 61}","{1: 162, 2: 95, 0: 93}","{1: 242, 2: 61, 0: 47}",0.0804467170943049,0.024140252834527413,0.10983361459844501,0.07943448171063909,0.1653743820446163,0.14316586794097189,0.20374025313609057,0.1655136934375096,0.1258876818654564,0.02060947819873216,0.1146139903691689,0.09863318576803144
3370,2,crash,3,4,1,-157.27653930675228,3354,713.75,713.5,0.07152906340535381,0.1,1.430276870727539,36.84162521362305,-529.3051147460938,499.6626892089844,2000.0,344.75748369735567,2516,-268.00000000001523,-734.0340230041115,-1500.0,-0.04689222996623503,"{1: 70, 2: 84, 3: 5, 6: 126, 5: 8, 4: 9, 0: 33}","{2: 82, 4: 54, 5: 47, 3: 92, 0: 25, 1: 7, 6: 28}","{1: 123, 0: 149, 2: 63}","{1: 149, 0: 98, 2: 88}","{1: 207, 0: 84, 2: 44}","{1: 252, 0: 42, 2: 41}",0.07017013043414658,0.031418694102742666,0.08072889246867514,0.06896389667133965,0.15736376177695283,0.15001182773321764,0.18508201170293667,0.12492015384534527,0.20344528980946336,0.0381908593758941,0.20029633415214126,0.19217418609823073
3380,2,crash,3,3,1,-442.1358499884004,2382,677.6666666666666,752.0,0.070816983010669,0.1,1.437379240989685,36.99892807006836,-529.3051147460938,496.03033447265625,1500.0,261.28632880692754,1682,-190.32000000000735,-513.1021787953271,-1500.0,-0.18561538622518908,"{1: 37, 2: 32, 5: 21, 6: 79, 4: 10, 3: 3, 0: 56}","{2: 57, 3: 103, 4: 17, 5: 29, 0: 25, 1: 7}","{1: 44, 0: 139, 2: 55}","{1: 113, 0: 85, 2: 40}","{1: 106, 0: 89, 2: 43}","{1: 179, 0: 28, 2: 31}",0.09078132940734168,0.03141351113932968,0.1061519149559095,0.07509649247611012,0.17059043363212728,0.12171211729027208,0.19382861848881505,0.1442213056478848,0.19720210806537072,0.018868066316178267,0.21196026173583873,0.24134485247950016
3390,2,success,3,5,0,2690.492061774055,3474,694.8,616.0,0.07011199146161355,0.1,1.4469276666641235,37.1546630859375,-529.3051147460938,497.6354064941406,2500.0,468.0120617740494,2621,-277.52000000001334,0.0,0.0,0.774465187614869,"{5: 49, 6: 101, 4: 36, 3: 42, 0: 56, 1: 24, 2: 39}","{4: 19, 3: 206, 2: 86, 0: 19, 1: 17}","{1: 91, 0: 146, 2: 110}","{1: 220, 2: 44, 0: 83}","{1: 149, 0: 97, 2: 101}","{1: 208, 0: 70, 2: 69}",0.10503269643715209,0.025240968604208578,0.11963911615247763,0.08805151817925755,0.2122220773363481,0.09409697419756552,0.27320684969973313,0.2779388527579555,0.2222582955793339,0.06512948583075374,0.1292888017004159,0.26187749558542284
3400,2,crash,3,4,1,-590.1391332308875,2681,444.25,474.0,0.06941401818788007,0.1,1.4523341655731201,37.30080795288086,-529.3051147460938,526.2527465820312,2000.0,281.6515793513163,1956,-214.16000000001108,-1157.630712582216,-1500.0,-0.22011903514766412,"{6: 109, 5: 10, 4: 36, 3: 31, 2: 47, 1: 35}","{2: 40, 3: 81, 6: 25, 5: 51, 4: 33, 0: 33, 1: 5}","{1: 112, 2: 45, 0: 111}","{1: 124, 0: 62, 2: 82}","{1: 164, 2: 31, 0: 73}","{1: 193, 2: 35, 0: 40}",0.05963162415454594,0.03199519982143427,0.07829158620237975,0.06596252136187936,0.14890796666491946,0.1748056631361782,0.17418923621875898,0.14566545850529158,0.14159526425834865,0.13129943431962868,0.17525189988869044,0.1560041684634577
3410,2,success,3,5,0,2487.1652796000412,2832,566.4,509.0,0.06872299332169701,0.1,1.4567009210586548,37.51451873779297,-529.3051147460938,561.8611450195312,2500.0,213.3252796000431,2367,-226.16000000001296,0.0,0.0,0.8782363275423875,"{2: 84, 3: 16, 1: 29, 5: 19, 6: 42, 4: 93}","{2: 105, 3: 116, 6: 36, 5: 8, 4: 18}","{1: 136, 0: 84, 2: 63}","{1: 161, 0: 76, 2: 46}","{1: 190, 0: 56, 2: 37}","{1: 243, 0: 20, 2: 20}",0.05501563444242312,0.02753207331181542,0.06702424546622421,0.06283859548176711,0.11807105081480965,0.09604410429691156,0.13114365366005606,0.10416705511269832,0.1127137698882586,0.03739294595542882,0.12550405642196855,0.10080391458548625
3420,2,max_steps,3,3,0,1580.695940284038,3500,838.3333333333334,569.0,0.06803884769083485,0.1,1.472848653793335,37.64688491821289,-529.3051147460938,525.8594970703125,1500.0,360.4559402840404,2593,-279.7600000000129,0.0,0.0,0.45162741150972513,"{1: 45, 2: 27, 3: 2, 6: 166, 5: 55, 4: 20, 0: 35}","{0: 22, 1: 28, 2: 102, 3: 142, 6: 42, 5: 6, 4: 8}","{1: 113, 0: 115, 2: 122}","{1: 190, 0: 117, 2: 43}","{1: 186, 0: 81, 2: 83}","{1: 238, 2: 62, 0: 50}",0.07527296191448998,0.028493464049265033,0.09156505647629312,0.08457757401217422,0.16099185400293,0.1179967535781812,0.1970670520356446,0.16766277501238344,0.16663301193015265,0.026643404739186013,0.21977841151667027,0.12572779141175222
3430,2,success,3,5,0,2494.278377167451,3473,694.6,543.0,0.06736151281168189,0.1,1.4825096130371094,37.766380310058594,-529.3051147460938,507.2292785644531,2500.0,271.71837716745205,2572,-277.44000000001336,0.0,0.0,0.7181912977735245,"{3: 36, 4: 178, 5: 37, 0: 25, 1: 8, 2: 63}","{6: 3, 5: 9, 4: 35, 3: 196, 0: 3, 1: 15, 2: 86}","{1: 214, 0: 87, 2: 46}","{1: 222, 2: 61, 0: 64}","{1: 276, 2: 29, 0: 42}","{1: 282, 2: 28, 0: 37}",0.04088527931874668,0.023978022415335244,0.05722855944700104,0.048533832672674,0.14021362763583656,0.09429860479928484,0.1700421171152494,0.12987221922654402,0.10147551756065262,0.09156506410919935,0.09080755074155827,0.14933602854732547
3440,2,crash,3,3,1,-974.7319192064311,3308,895.0,973.0,0.06669092088238901,0.1,1.4802000522613525,37.82524490356445,-529.3051147460938,505.227783203125,1500.0,159.9683695874871,2048,-264.40000000001595,-870.3002887939147,-1500.0,-0.29465898404063817,"{4: 234, 5: 14, 3: 20, 2: 6, 1: 21, 0: 35}","{5: 21, 4: 25, 3: 138, 2: 83, 1: 15, 0: 48}","{1: 228, 2: 91, 0: 11}","{1: 210, 2: 54, 0: 66}","{1: 243, 2: 75, 0: 12}","{1: 259, 0: 35, 2: 36}",0.033455018224327865,0.023203484919872,0.047495918333196746,0.05789474284351404,0.11878360665079235,0.10237598385513406,0.15852040136493906,0.1473211025852712,0.09228399487325031,0.027301095886269614,0.16286611317149213,0.10445127029531037
3450,2,crash,3,1,1,-1628.9554025538523,862,477.0,477.0,0.06602700477608262,0.1,1.4892432689666748,37.89862823486328,-529.3051147460938,502.1877136230469,500.0,79.95301082304654,476,-68.87999999999889,-640.0284133768981,-1500.0,-1.889739446118158,"{0: 21, 1: 9, 2: 15, 3: 2, 4: 1, 5: 14, 6: 24}","{5: 9, 4: 8, 3: 27, 2: 27, 1: 15}","{1: 25, 0: 61}","{1: 46, 2: 22, 0: 18}","{1: 46, 0: 40}","{1: 56, 0: 21, 2: 9}",0.10488171532054208,0.028822661590121403,0.09204430102675974,0.08760192174769965,0.15336577781314897,0.16133750746099706,0.18960608309459726,0.12257912042305368,0.10726099294846247,0.009869510753002691,0.11026950451153153,0.09122254283299547
3460,2,success,3,5,0,2115.357392522997,2586,517.2,545.0,0.06536969803414518,0.1,1.5002906322479248,38.080902099609375,-529.3051147460938,500.45465087890625,2500.0,319.2560931028152,2465,-206.48000000000988,-497.41870057981924,0.0,0.8180036320661241,"{6: 17, 5: 21, 4: 49, 3: 64, 1: 55, 0: 15, 2: 37}","{3: 117, 2: 60, 4: 24, 0: 23, 1: 7, 6: 21, 5: 6}","{1: 93, 2: 57, 0: 108}","{1: 133, 2: 59, 0: 66}","{1: 143, 2: 45, 0: 70}","{1: 192, 2: 38, 0: 28}",0.08038073736095008,0.02917618433797221,0.08909487961538047,0.07612494270548222,0.1702272692339075,0.1590387316104089,0.1911139178266176,0.1849836502059428,0.16985207406864553,0.036062094170625496,0.14032116452741838,0.12719223976795388
3470,2,crash,3,1,1,-1251.8724049856876,880,668.0,668.0,0.06471893485956268,0.1,1.5060306787490845,38.20712661743164,-529.3051147460938,514.7197265625,500.0,80.35961863938854,820,-70.31999999999886,-261.91202362507636,-1500.0,-1.4225822783928268,"{0: 21, 1: 11, 2: 33, 3: 14, 4: 9}","{2: 26, 3: 40, 6: 6, 5: 12, 4: 4}","{1: 29, 0: 59}","{1: 50, 0: 18, 2: 20}","{1: 47, 0: 41}","{1: 55, 0: 17, 2: 16}",0.08565988372919252,0.02364199662999604,0.0904537069906214,0.09620302970594422,0.164469286143407,0.09635510834194527,0.2105344590430023,0.25357944647551683,0.15156897257470087,0.01369297755088581,0.23727291664187425,0.0751941546535702
3480,2,max_steps,3,4,0,2053.628608323806,3500,793.5,844.5,0.06407465011033822,0.1,1.5265834331512451,38.360626220703125,-529.3051147460938,513.7271118164062,2000.0,333.30860832380637,3025,-279.6800000000129,0.0,0.0,0.5867510309496589,"{4: 157, 3: 14, 2: 112, 1: 28, 0: 6, 6: 33}","{5: 34, 4: 26, 3: 153, 2: 53, 0: 37, 1: 11, 6: 36}","{1: 207, 2: 76, 0: 67}","{1: 160, 2: 109, 0: 81}","{1: 250, 2: 53, 0: 47}","{1: 267, 0: 46, 2: 37}",0.04042223019850678,0.03186510735468706,0.04674452759671209,0.054322375338438346,0.13111225171835098,0.17574279070345944,0.19451290764924145,0.20003338530418638,0.10449518773170108,0.029397262616487622,0.2072626065249241,0.10110841472304923
3490,2,crash,3,4,1,337.8323439686992,2513,558.5,559.5,0.06343677929297134,0.1,1.518071174621582,38.49209976196289,-529.3051147460938,512.9532470703125,2000.0,298.6981385921807,2024,-200.72000000000898,-260.14579462348644,-1500.0,0.13443388140417795,"{4: 66, 6: 2, 5: 38, 1: 54, 2: 52, 0: 25, 3: 14}","{3: 150, 4: 44, 0: 26, 1: 9, 2: 22}","{1: 78, 2: 60, 0: 113}","{1: 153, 2: 50, 0: 48}","{1: 126, 2: 48, 0: 77}","{1: 187, 2: 29, 0: 35}",0.07840348394701802,0.024014545304839204,0.09777744071878458,0.07335608614204371,0.1771878746983507,0.12825726475908358,0.19323614186867225,0.16186677661559884,0.15989501613402762,0.12807866057338277,0.15485765814108143,0.1316752968395884
3500,2,max_steps,3,3,0,997.05709351534,3500,980.0,880.0,0.06280525855600205,0.1,1.5239697694778442,38.6579475402832,-529.3051147460938,515.5205078125,1500.0,396.0782731133082,2786,-279.7600000000129,-619.2611795979678,0.0,0.2848734552900971,"{4: 126, 3: 18, 1: 43, 2: 84, 6: 70, 5: 9}","{6: 52, 5: 28, 4: 34, 3: 120, 2: 12, 0: 93, 1: 11}","{1: 173, 2: 97, 0: 80}","{1: 147, 2: 99, 0: 104}","{1: 220, 2: 69, 0: 61}","{1: 216, 2: 69, 0: 65}",0.05201217281077512,0.03452816761602959,0.05780820751133196,0.08466835007893621,0.1291416124707127,0.19145783556881132,0.17838113650337387,0.22378644226583988,0.12172661881925982,0.03125127355014251,0.14373168887711166,0.24235369034347282
3510,2,success,3,5,0,2487.8947363561374,2608,521.6,601.0,0.062180024683619314,0.1,1.5260108709335327,38.862606048583984,-529.3051147460938,513.6800537109375,2500.0,196.13473635613943,2162,-208.24000000001016,0.0,0.0,0.9539473682347153,"{4: 110, 3: 45, 2: 72, 1: 33}","{1: 20, 2: 30, 3: 117, 6: 14, 5: 14, 4: 37, 0: 28}","{1: 159, 2: 36, 0: 65}","{1: 119, 0: 71, 2: 70}","{1: 189, 2: 24, 0: 47}","{1: 175, 2: 42, 0: 43}",0.03442297517888107,0.03375151898041298,0.050643734942097465,0.07264342912710822,0.10089519145023836,0.13791157613972416,0.15186741849447366,0.17090620813568538,0.09708094649949472,0.040967890907747155,0.17402058778391993,0.191265253589585
3520,2,max_steps,3,4,0,1281.6884391464525,3500,523.0,518.0,0.06156101508933308,0.1,1.5180871486663818,39.05672073364258,-529.3051147460938,511.1561279296875,2000.0,251.63378578020806,2353,-279.6800000000129,-690.2653466337523,0.0,0.36619669689898643,"{6: 19, 5: 74, 4: 130, 3: 30, 2: 34, 1: 15, 0: 48}","{2: 95, 3: 173, 1: 3, 5: 31, 4: 42, 6: 6}","{1: 162, 2: 88, 0: 100}","{1: 203, 0: 50, 2: 97}","{1: 206, 2: 59, 0: 85}","{1: 272, 2: 41, 0: 37}",0.057312076261204215,0.023902174589709908,0.07862276390178197,0.07454035979092369,0.17969873603695985,0.08844970431585462,0.19675036502903323,0.14281749716214523,0.17431526969405253,0.033117364813756565,0.1877902894087626,0.18426377097090613
3530,2,crash,3,2,1,-1213.7514604963872,2461,1008.5,1008.5,0.06094816780970926,0.1,1.5082035064697266,39.2431640625,-529.3051147460938,516.9243774414062,1000.0,304.69193564654034,1850,-196.72000000000835,-821.7233961429281,-1500.0,-0.4931944171053991,"{6: 98, 5: 48, 4: 25, 3: 9, 0: 48, 1: 6, 2: 12}","{1: 17, 2: 58, 3: 131, 6: 23, 5: 6, 4: 11}","{1: 56, 2: 86, 0: 104}","{1: 130, 0: 59, 2: 57}","{1: 98, 2: 64, 0: 84}","{1: 157, 2: 47, 0: 42}",0.09977075274284763,0.028344872077497675,0.12514233867783883,0.07447193110321498,0.22369794799730164,0.13544823300407227,0.25297072953050276,0.18081324813568278,0.2670323125574764,0.013959288812010936,0.26523296083153436,0.24382795262014384
3540,2,crash,3,3,1,-597.320957290033,2054,540.0,350.0,0.06034142149816724,0.1,1.5125830173492432,39.357704162597656,-529.3051147460938,531.40087890625,1500.0,304.69604136033087,1616,-164.08000000000325,-737.9369986503625,-1500.0,-0.2908086452239693,"{0: 26, 1: 44, 2: 8, 6: 91, 5: 5, 4: 11, 3: 20}","{4: 15, 3: 84, 0: 6, 1: 44, 2: 41, 6: 10, 5: 5}","{1: 47, 0: 57, 2: 101}","{1: 95, 2: 39, 0: 71}","{1: 59, 0: 48, 2: 98}","{1: 121, 0: 37, 2: 47}",0.09295499328295896,0.03178999662111834,0.1419892695070477,0.09283180010057115,0.25127927218114016,0.11573542516582655,0.28022359083154663,0.2124973587291102,0.24606862291500325,0.11089077172435018,0.2529867486910254,0.187158273886491
3550,2,crash,3,3,1,-493.5209159269872,1451,453.3333333333333,437.0,0.059740715418838915,0.1,1.5160820484161377,39.5667839050293,-529.3051147460938,523.4835815429688,1500.0,264.2365089663041,1147,-115.83999999999789,-641.9174248932902,-1500.0,-0.340124683616118,"{6: 33, 5: 10, 4: 10, 1: 31, 0: 43, 2: 17, 3: 1}","{2: 13, 3: 101, 4: 21, 0: 10}","{1: 22, 2: 47, 0: 76}","{1: 90, 0: 19, 2: 36}","{1: 39, 2: 38, 0: 68}","{1: 92, 2: 26, 0: 27}",0.13893800169327944,0.021594667804337005,0.15308603358457945,0.09098655154361206,0.3047484299680136,0.10805472887022427,0.3017835634249731,0.1564093161243461,0.24822427571101077,0.018094637137321838,0.29201997106343547,0.1655293243466988
3560,2,crash,3,3,1,-122.83450951314126,2159,679.6666666666666,593.0,0.05914598944048902,0.1,1.511059284210205,39.72061538696289,-529.3051147460938,527.768798828125,1500.0,259.2688635353963,1700,-172.48000000000457,-209.62337304853625,-1500.0,-0.05689416837107052,"{2: 108, 1: 7, 3: 1, 6: 75, 5: 5, 4: 7, 0: 12}","{6: 10, 5: 6, 4: 8, 3: 116, 1: 14, 2: 46, 0: 15}","{1: 83, 2: 84, 0: 48}","{1: 122, 2: 26, 0: 67}","{1: 129, 0: 31, 2: 55}","{1: 153, 2: 26, 0: 36}",0.06559865242662082,0.02535667755493025,0.08108117058474215,0.09157617664835255,0.21525084998500668,0.14450517968532628,0.23745421247272983,0.1955397148990752,0.15071720860071447,0.03070452843908022,0.159953321068201,0.10499071423036832
3570,2,success,3,5,0,2570.4887762761837,3307,661.4,690.0,0.05855718403049597,0.1,1.5059438943862915,39.8650016784668,-529.3051147460938,525.2886352539062,2500.0,334.64877627618773,2042,-264.160000000016,0.0,0.0,0.7772872017768926,"{3: 34, 4: 61, 5: 69, 2: 41, 6: 56, 0: 63, 1: 6}","{1: 22, 2: 78, 3: 180, 4: 33, 0: 17}","{1: 101, 2: 116, 0: 113}","{1: 219, 0: 74, 2: 37}","{1: 128, 2: 97, 0: 105}","{1: 212, 2: 65, 0: 53}",0.09020350366921734,0.020607542306042934,0.13003284391981734,0.09225589566814286,0.22383092863160264,0.0870142427630809,0.2680618413654684,0.2242186313102288,0.11402361099945098,0.04990939566605803,0.1917808222727937,0.1300758518181299
3580,2,success,3,5,0,2592.312070595793,3144,628.8,628.0,0.05797424024889256,0.1,1.505124807357788,40.0388069152832,-529.3051147460938,516.3214721679688,2500.0,343.70590035732715,2440,-251.12000000001686,-0.27382976154760597,0.0,0.8245267400113846,"{5: 81, 4: 112, 3: 32, 2: 21, 1: 14, 6: 54}","{6: 21, 5: 11, 4: 27, 3: 147, 1: 11, 2: 74, 0: 23}","{1: 105, 0: 96, 2: 113}","{1: 162, 2: 83, 0: 69}","{1: 154, 2: 89, 0: 71}","{1: 178, 0: 68, 2: 68}",0.07757519055222883,0.028944634321024704,0.10323737252487677,0.09489611436069365,0.1773772131122476,0.1631320175678436,0.22032586979421465,0.20408756842575881,0.17650873563399458,0.17693379080955876,0.2074567077746658,0.18062524815753447
3590,2,max_steps,3,4,0,2066.202017286041,3500,732.25,722.0,0.057397099742466,0.1,1.514110803604126,40.16638946533203,-529.3051147460938,506.6985168457031,2000.0,499.42065211551756,2518,-279.6800000000129,-153.5386348294846,0.0,0.5903434335102975,"{6: 120, 5: 46, 4: 15, 1: 49, 0: 67, 2: 52, 3: 1}","{1: 46, 2: 74, 3: 206, 4: 20, 0: 4}","{1: 76, 2: 124, 0: 150}","{1: 227, 0: 92, 2: 31}","{1: 121, 2: 108, 0: 121}","{1: 228, 2: 61, 0: 61}",0.11754969644638155,0.02075199114838787,0.14038070345840242,0.08577042105236737,0.25594206067232916,0.07470290956375526,0.27262825638733434,0.1951651710293557,0.24595851947462483,0.02372910866309101,0.19762443006507655,0.19040862401235412
3600,2,max_steps,3,3,0,1506.6043946788357,3500,1093.3333333333333,1121.0,0.05682570473891672,0.1,1.528896450996399,40.26735305786133,-529.3051147460938,522.726806640625,1500.0,286.3643946788394,2490,-279.7600000000129,0.0,0.0,0.4304583984796673,"{4: 137, 3: 20, 5: 55, 6: 27, 0: 82, 1: 13, 2: 16}","{6: 18, 5: 22, 4: 28, 3: 193, 2: 50, 0: 28, 1: 11}","{1: 144, 2: 83, 0: 123}","{1: 216, 2: 79, 0: 55}","{1: 202, 2: 61, 0: 87}","{1: 226, 2: 63, 0: 61}",0.07444664164682248,0.023111001968408464,0.09077308647708493,0.08368827663511205,0.12184216412256431,0.12228466551163779,0.16896724389667642,0.2022399914667187,0.07155311358958344,0.08659520533835063,0.13842885617474424,0.10499397420143382
3610,2,crash,3,1,1,-1538.2432578748287,875,365.0,365.0,0.05625999804107532,0.1,1.5445436239242554,40.3492431640625,-529.3051147460938,506.73388671875,500.0,53.15500634167796,440,-69.91999999999886,-521.4782642165056,-1500.0,-1.75799229471409,"{1: 20, 2: 15, 3: 1, 5: 8, 6: 43}","{5: 4, 4: 10, 3: 32, 2: 41}","{1: 30, 0: 57}","{1: 54, 2: 33}","{1: 39, 0: 48}","{1: 49, 0: 20, 2: 18}",0.08237518465121985,0.026610391392725315,0.11233953640274139,0.09364883902582838,0.18397953821941804,0.13102145936837667,0.21630665370945668,0.17091302549889,0.17330567117624895,0.028582803471409835,0.23706756627488063,0.07659040622339337
3620,2,success,3,5,0,2542.4238642237124,1841,368.2,380.0,0.055699923021177086,0.1,1.562862515449524,40.45515823364258,-529.3051147460938,506.2336120605469,2500.0,189.30386422371456,1659,-146.88000000000056,0.0,0.0,1.3810015557977797,"{3: 90, 2: 53, 4: 23, 1: 18}","{0: 5, 1: 24, 2: 45, 6: 27, 5: 5, 4: 7, 3: 71}","{1: 116, 0: 68}","{1: 65, 0: 78, 2: 41}","{1: 156, 0: 28}","{1: 176, 0: 8}",0.03561127604619217,0.03609941556270875,0.04624822449204846,0.04674916399260606,0.0909100455839272,0.17459004927581329,0.10966146000434077,0.09519498373058569,0.09541214158648503,0.19043592220244976,0.13247111568913672,0.06855496134851274
3630,2,max_steps,3,4,0,1752.0148638867481,3500,846.25,780.0,0.05514542361519346,0.1,1.5901081562042236,40.52850341796875,-529.3051147460938,503.03582763671875,2000.0,322.83647911492574,2081,-279.6800000000129,-291.1416152281757,0.0,0.5005756753962137,"{3: 9, 2: 66, 5: 73, 6: 97, 4: 93, 0: 12}","{2: 82, 6: 31, 5: 5, 4: 7, 3: 178, 0: 22, 1: 25}","{1: 134, 0: 104, 2: 112}","{1: 193, 0: 102, 2: 55}","{1: 174, 0: 84, 2: 92}","{1: 182, 0: 101, 2: 67}",0.07123189983184236,0.028864946794245686,0.10090613444393812,0.09896032857410757,0.15722171311315938,0.13397542364405804,0.2082939672685498,0.1921601290085706,0.0980533617688853,0.13113651789234787,0.1426995526454938,0.13193748781482081
3640,2,success,3,5,0,2271.2432425431202,2412,482.4,587.0,0.05459644431722003,0.1,1.6072643995285034,40.68827438354492,-529.3051147460938,503.1852722167969,2500.0,418.159806845276,2248,-192.5600000000077,-454.35656430215425,0.0,0.9416431353827198,"{3: 34, 6: 70, 5: 20, 4: 53, 0: 43, 1: 6, 2: 15}","{4: 30, 5: 12, 3: 113, 2: 43, 1: 16, 0: 9, 6: 18}","{1: 79, 2: 103, 0: 59}","{1: 127, 2: 62, 0: 52}","{1: 113, 2: 80, 0: 48}","{1: 189, 2: 26, 0: 26}",0.09351946742516379,0.02638096531260492,0.10710671808574201,0.08368279068172677,0.22772325456751033,0.15446682777077034,0.24727442748040074,0.11384799654183338,0.19482055663603484,0.14809881489603885,0.1202519962486426,0.10268846889314237
3650,2,crash,3,3,1,-263.9327767412933,2592,799.3333333333334,870.0,0.05405293017392029,0.1,1.6097906827926636,40.82047653198242,-529.3051147460938,511.8523864746094,1500.0,271.49674339260685,2002,-207.12000000000998,-328.3095201338999,-1500.0,-0.10182591695265945,"{4: 85, 3: 17, 2: 46, 1: 29, 0: 62, 6: 20}","{6: 21, 5: 32, 4: 45, 3: 95, 0: 30, 1: 7, 2: 29}","{1: 99, 2: 64, 0: 96}","{1: 107, 2: 94, 0: 58}","{1: 143, 2: 43, 0: 73}","{1: 179, 2: 43, 0: 37}",0.07797501610367166,0.03424271525325505,0.09058849814073282,0.08680897075141038,0.19834922484193937,0.16162841841559644,0.23784077967037964,0.16436354462132383,0.19053547378601854,0.014266150713828307,0.14203269450713374,0.10197487487716801
3660,2,success,3,5,0,2492.921467266437,2882,576.4,621.0,0.05351482677902479,0.1,1.6326650381088257,40.904911041259766,-529.3051147460938,500.7851257324219,2500.0,223.08146726643722,1947,-230.16000000001358,0.0,0.0,0.8649970393013314,"{3: 33, 4: 130, 5: 86, 1: 26, 0: 3, 2: 10}","{5: 9, 4: 36, 1: 30, 2: 116, 3: 97}","{1: 152, 0: 54, 2: 82}","{1: 182, 2: 45, 0: 61}","{1: 192, 2: 59, 0: 37}","{1: 166, 2: 52, 0: 70}",0.04933622187718474,0.027289949024996846,0.06903553501896259,0.09284313716976918,0.12466034819264601,0.09889996362390281,0.16211993100217112,0.1526692526483955,0.19474276125477588,0.033114718391625685,0.16986208997047722,0.13767205682654896
3670,2,success,3,5,0,2631.386515487488,2761,552.2,519.0,0.052982080267885034,0.1,1.650649905204773,41.043212890625,-529.3051147460938,521.1314697265625,2500.0,351.866515487482,2334,-220.48000000001207,0.0,0.0,0.9530556014079999,"{3: 45, 2: 97, 6: 26, 5: 18, 4: 38, 0: 34, 1: 18}","{6: 9, 5: 16, 4: 17, 0: 33, 1: 26, 2: 62, 3: 113}","{1: 122, 0: 89, 2: 65}","{1: 140, 2: 53, 0: 83}","{1: 175, 2: 33, 0: 68}","{1: 208, 0: 36, 2: 32}",0.05378518436115682,0.029764402832765054,0.0772569500529603,0.07387379088086785,0.16080588562439457,0.1672261627542248,0.1854439500202218,0.12442796938470826,0.16173088787561624,0.1946343937912861,0.22880406195663475,0.0974626339494424
3680,2,crash,3,1,1,-1688.9142646603782,778,420.0,420.0,0.0524546373120815,0.1,1.6336880922317505,41.214683532714844,-529.3051147460938,507.4384765625,500.0,65.87149819580854,419,-62.15999999999903,-692.6257628561867,-1500.0,-2.1708409571470155,"{0: 10, 1: 14, 2: 12, 3: 5, 6: 36}","{1: 10, 2: 43, 3: 24}","{1: 26, 0: 51}","{1: 51, 0: 18, 2: 8}","{1: 37, 0: 40}","{1: 63, 0: 12, 2: 2}",0.10744291699176153,0.026939390914024034,0.1169993546037957,0.06803073298174797,0.1721453142964114,0.06659334398148045,0.18686928516870452,0.11170512198779345,0.17491523861080377,0.023789632248636807,0.18107506489874273,0.07696904957381051
3690,2,max_steps,3,3,0,1230.44295514558,3500,964.0,767.0,0.05193244511408551,0.1,1.6398675441741943,41.30842590332031,-529.3051147460938,501.8295593261719,1500.0,405.60172183380377,2597,-279.7600000000129,-395.39876668822234,0.0,0.35155513004159433,"{5: 28, 4: 59, 3: 3, 0: 143, 1: 25, 2: 33, 6: 59}","{3: 264, 4: 28, 0: 27, 1: 6, 2: 8, 6: 11, 5: 6}","{1: 101, 2: 112, 0: 137}","{1: 267, 0: 45, 2: 38}","{1: 147, 2: 87, 0: 116}","{1: 226, 2: 48, 0: 76}",0.08241676257122785,0.017700916495485875,0.11683682369375709,0.09121867439515234,0.2237856383785423,0.12275749164474854,0.24953056924276062,0.1372599221678701,0.2522198699232256,0.008135323729170831,0.19376363912842418,0.10411483768539448
3700,2,crash,3,1,1,-1182.9097475070641,599,403.0,403.0,0.05141545140197411,0.1,1.6252546310424805,41.48573684692383,-529.3051147460938,500.7851257324219,500.0,67.9405377266748,402,-47.839999999999336,-203.01028523373853,-1500.0,-1.9748075918314927,"{0: 19, 1: 9, 2: 11, 3: 1, 6: 19}","{4: 6, 3: 51, 2: 2}","{1: 11, 0: 48}","{1: 35, 2: 24}","{1: 14, 0: 45}","{1: 42, 0: 10, 2: 7}",0.15989899342926234,0.023745442965640098,0.1525188796529262,0.09060188449345516,0.17721551218606274,0.061752653149132454,0.21774840834144604,0.14064652270012212,0.16459405082808176,0.01924842638769353,0.16278631576404468,0.062191747620831336
3710,2,crash,3,1,1,-1073.370667713882,505,382.0,382.0,0.050903604424197585,0.1,1.6074637174606323,41.652732849121094,-529.3051147460938,517.4553833007812,500.0,60.35818990019828,396,-40.319999999999496,-93.40885761408055,-1500.0,-2.1254864707205585,"{6: 16, 5: 12, 4: 9, 3: 5, 2: 7, 1: 1}","{2: 6, 3: 32, 6: 12}","{1: 12, 2: 38}","{1: 33, 0: 7, 2: 10}","{1: 10, 2: 40}","{1: 33, 2: 10, 0: 7}",0.15337854651988886,0.0076901492051417025,0.21592009125645895,0.07936302752092983,0.2834823022288363,0.07794912802046536,0.29607944719531215,0.13270164210129676,0.2458751639355269,0.0035891654864004777,0.3031308183435542,0.04473208490651501
3720,2,max_steps,3,4,0,2054.841590797492,3500,874.0,854.0,0.05039685294439911,0.1,1.6165715456008911,41.720184326171875,-529.3051147460938,513.7020874023438,2000.0,334.52159079749714,2599,-279.6800000000129,0.0,0.0,0.587097597370712,"{5: 49, 4: 87, 3: 5, 6: 11, 1: 94, 0: 46, 2: 58}","{1: 17, 2: 94, 3: 138, 6: 31, 5: 12, 4: 21, 0: 37}","{1: 130, 2: 103, 0: 117}","{1: 189, 0: 86, 2: 75}","{1: 182, 2: 76, 0: 92}","{1: 214, 2: 55, 0: 81}",0.07113587486849357,0.02852085948960323,0.09611543869041142,0.0938389863837449,0.166239717355933,0.1405105229538717,0.20740755067902572,0.20287405421771745,0.2228736441132384,0.02419628103478432,0.21711071575892849,0.12794242022527758
3730,2,success,3,5,0,2643.367380319215,2600,520.0,547.0,0.05,0.1,1.616653561592102,41.86911392211914,-529.3051147460938,527.2962646484375,2500.0,350.96738031921853,1805,-207.60000000001006,0.0,0.0,1.0166797616612366,"{1: 34, 2: 102, 3: 17, 6: 81, 5: 5, 4: 9, 0: 12}","{2: 81, 3: 141, 4: 15, 6: 17, 5: 5, 1: 1}","{1: 47, 0: 132, 2: 81}","{1: 172, 0: 40, 2: 48}","{1: 90, 0: 98, 2: 72}","{1: 198, 0: 36, 2: 26}",0.1025300086096984,0.024093806500625495,0.12610281010533175,0.06356307814053905,0.23794389307018035,0.11363552428921835,0.24879194353128214,0.16835536365495551,0.22000055882248826,0.020911863023645786,0.23150495868548832,0.10459128190480385
3740,2,success,3,5,0,2565.6104097755415,2391,478.2,403.0,0.05,0.1,1.6081501245498657,42.04707717895508,-529.3051147460938,504.34613037109375,2500.0,256.4904097755429,2003,-190.88000000000744,0.0,0.0,1.0730281931307157,"{2: 53, 3: 20, 4: 53, 1: 30, 6: 68, 5: 15}","{3: 129, 2: 42, 0: 3, 1: 9, 6: 29, 5: 7, 4: 20}","{1: 56, 0: 79, 2: 104}","{1: 164, 0: 33, 2: 42}","{1: 127, 0: 40, 2: 72}","{1: 187, 0: 39, 2: 13}",0.08274214045279292,0.02099839473586298,0.09447455130175311,0.07234412176005406,0.12604347710249827,0.126302305299711,0.1356417371979972,0.11617929531036492,0.1434748914166433,0.08155495608221239,0.17899904856560084,0.11094512223172484
3750,2,max_steps,3,4,0,881.7140722825474,3500,765.0,778.5,0.05,0.1,1.5998013019561768,42.21173858642578,-529.3051147460938,524.741455078125,2000.0,402.91648523714883,2272,-279.6800000000129,-1241.5224129545977,0.0,0.2519183063664421,"{3: 9, 2: 87, 5: 7, 6: 170, 4: 9, 0: 63, 1: 5}","{2: 33, 6: 19, 5: 4, 4: 40, 3: 141, 0: 99, 1: 14}","{1: 125, 0: 123, 2: 102}","{1: 184, 0: 93, 2: 73}","{1: 153, 0: 100, 2: 97}","{1: 241, 2: 68, 0: 41}",0.07822982833899933,0.028487194743184605,0.11549547982144776,0.0792266914554777,0.21600368675139486,0.12680120945671017,0.2397593450540172,0.1553825882425679,0.23913243817633373,0.12101391405591794,0.21874194259144078,0.10893265063163592
3760,2,max_steps,3,3,0,1146.4196078852556,3500,1057.0,1070.0,0.05,0.1,1.6084929704666138,42.35688018798828,-529.3051147460938,508.84112548828125,1500.0,246.50283781213702,2315,-279.7600000000129,-320.323229926878,0.0,0.3275484593957873,"{3: 18, 4: 154, 5: 56, 6: 89, 1: 7, 0: 26}","{6: 6, 5: 7, 4: 16, 3: 241, 2: 32, 0: 27, 1: 21}","{1: 139, 0: 62, 2: 149}","{1: 233, 2: 48, 0: 69}","{1: 223, 0: 37, 2: 90}","{1: 227, 2: 69, 0: 54}",0.06615217272691398,0.0234404648185777,0.08281626782780623,0.089503648499238,0.10628527296334121,0.1132410937671718,0.14693229626106225,0.164503221907579,0.08293904115036363,0.02920255467896075,0.14448193782003846,0.15136142741035222
3770,2,success,3,5,0,2717.976753184504,3003,600.6,600.0,0.05,0.1,1.632689118385315,42.462158203125,-529.3051147460938,522.4225463867188,2500.0,457.8167531845037,2895,-239.8400000000151,0.0,0.0,0.9050871638976038,"{0: 80, 1: 21, 2: 62, 3: 39, 4: 65, 6: 28, 5: 5}","{4: 17, 3: 171, 2: 31, 0: 31, 1: 13, 6: 29, 5: 8}","{1: 115, 0: 126, 2: 59}","{1: 168, 2: 66, 0: 66}","{1: 176, 0: 72, 2: 52}","{1: 215, 0: 49, 2: 36}",0.068278292820622,0.02660821604759167,0.0751467895401339,0.06800659169314491,0.19433215741806836,0.15705226226557092,0.21157019896932563,0.18887781032933695,0.10653795201534816,0.14224820543992972,0.16341279202971035,0.09957333181950455
3780,2,max_steps,3,3,0,1532.8272431899309,3500,1031.6666666666667,862.0,0.05,0.1,1.6419354677200317,42.51213073730469,-529.3051147460938,534.3450317382812,1500.0,312.58724318993217,2413,-279.7600000000129,0.0,0.0,0.43795064091140884,"{5: 42, 6: 110, 4: 114, 3: 28, 0: 41, 1: 7, 2: 8}","{4: 52, 3: 234, 2: 42, 0: 6, 1: 16}","{1: 138, 0: 91, 2: 121}","{1: 243, 2: 41, 0: 66}","{1: 197, 0: 77, 2: 76}","{1: 257, 0: 44, 2: 49}",0.07062314122264059,0.022600400046472867,0.09057272465652916,0.07163094127642143,0.15229479168655202,0.06617151676444893,0.18651871780477686,0.1259203085595679,0.17325645090801495,0.16819093732632082,0.1926499480372575,0.15538232902985144
3790,2,success,3,5,0,2595.803877077732,2271,454.2,341.0,0.05,0.1,1.6678366661071777,42.61554718017578,-529.3051147460938,529.1423950195312,2500.0,278.008517731954,1811,-181.28000000000594,-0.9246406542241126,0.0,1.1430224029404368,"{6: 32, 5: 12, 4: 10, 3: 22, 2: 82, 1: 31, 0: 38}","{4: 19, 3: 139, 2: 27, 0: 2, 1: 15, 6: 20, 5: 5}","{1: 51, 2: 67, 0: 109}","{1: 142, 2: 52, 0: 33}","{1: 95, 2: 54, 0: 78}","{1: 137, 2: 50, 0: 40}",0.10225242080438286,0.022342470375215615,0.11116305172244742,0.09293023489267441,0.2030435682472262,0.14177627384157723,0.2511228440064336,0.23715782760981796,0.19656257436410576,0.1731611196558843,0.3343243224426094,0.23677591363422418
3800,2,success,3,5,0,2551.8851584235767,3092,618.4,722.0,0.05,0.1,1.6861096620559692,42.725303649902344,-529.3051147460938,520.6537475585938,2500.0,363.56335273657976,2567,-246.9600000000162,-64.71819431300283,0.0,0.8253186152728256,"{4: 88, 3: 5, 1: 35, 0: 66, 2: 42, 5: 35, 6: 38}","{3: 186, 2: 34, 6: 10, 5: 25, 4: 22, 0: 13, 1: 19}","{1: 100, 2: 110, 0: 99}","{1: 211, 2: 64, 0: 34}","{1: 158, 2: 72, 0: 79}","{1: 213, 2: 45, 0: 51}",0.0751027287371271,0.021263875866957268,0.09602769291475208,0.09139855271803107,0.17804451129500393,0.12071847619213223,0.2334568986793191,0.12008272606495347,0.11351809676485206,0.02706441242099405,0.1609133815125737,0.10306327715239015
3810,2,crash,3,3,1,-222.66795273509865,2370,712.0,488.0,0.05,0.1,1.6849700212478638,42.88450622558594,-529.3051147460938,517.4122314453125,1500.0,177.05448021186143,1477,-189.3600000000072,-210.36243294695768,-1500.0,-0.0939527226730374,"{2: 75, 4: 45, 5: 51, 6: 62, 3: 4}","{0: 3, 1: 31, 2: 21, 3: 129, 6: 37, 5: 8, 4: 8}","{1: 90, 0: 89, 2: 58}","{1: 152, 0: 35, 2: 50}","{1: 126, 0: 72, 2: 39}","{1: 131, 0: 46, 2: 60}",0.07215443462914567,0.014767484997120231,0.09121714008478198,0.09687132203328853,0.1851118465496366,0.14120730075853857,0.22842729449899657,0.20869746304831702,0.11952971770539461,0.014198298587492372,0.19855915490114623,0.10145107121339986
3820,2,crash,3,4,1,-283.4197988153903,3054,673.75,757.5,0.05,0.1,1.6843814849853516,43.035186767578125,-529.3051147460938,519.64306640625,2000.0,258.8798148636318,2329,-244.00000000001575,-798.2996136790213,-1500.0,-0.09280281559115597,"{4: 150, 1: 50, 2: 53, 3: 4, 5: 21, 6: 27}","{6: 9, 5: 34, 4: 69, 3: 99, 0: 48, 1: 24, 2: 22}","{1: 148, 0: 95, 2: 62}","{1: 114, 2: 100, 0: 91}","{1: 215, 0: 69, 2: 21}","{1: 217, 0: 41, 2: 47}",0.05140582915208594,0.04283959506262705,0.06508642215100464,0.08714414468389892,0.15737163839599955,0.12978050230054525,0.18906338423213004,0.1612922989662293,0.15053354124961,0.02139008833916025,0.2174654479226439,0.10226555759542993
3830,2,crash,3,2,1,-621.5873557102677,979,423.5,423.5,0.05,0.1,1.6616461277008057,43.21433639526367,-529.3051147460938,510.780029296875,1000.0,124.63393400945058,803,-78.15999999999869,-168.06128971971864,-1500.0,-0.6349206902045635,"{4: 30, 3: 5, 0: 31, 1: 8, 2: 10, 5: 5, 6: 8}","{3: 60, 2: 12, 4: 12, 0: 13}","{1: 25, 2: 16, 0: 56}","{1: 78, 2: 17, 0: 2}","{1: 34, 2: 6, 0: 57}","{1: 79, 2: 13, 0: 5}",0.11037475564709173,0.017552504243224493,0.14065859309300238,0.06548600259350995,0.1935077409691627,0.10540422768732674,0.2034940019263569,0.12079057337590318,0.17675937376278394,0.010102744839471921,0.16149635780028412,0.09780065649769874
3840,2,success,3,5,0,1907.5029080969105,2276,455.2,477.0,0.05,0.1,1.6671720743179321,43.31692123413086,-529.3051147460938,502.0641174316406,2500.0,354.31981298074,2271,-181.680000000006,-765.1369048838283,0.0,0.8380944235926672,"{0: 8, 1: 19, 2: 29, 3: 53, 4: 58, 5: 12, 6: 48}","{2: 60, 6: 10, 5: 6, 4: 10, 3: 107, 0: 27, 1: 7}","{1: 73, 0: 68, 2: 86}","{1: 125, 0: 69, 2: 33}","{1: 101, 0: 54, 2: 72}","{1: 165, 0: 31, 2: 31}",0.0931982922516075,0.02765710050225067,0.10737457954211684,0.07555894666951182,0.21914865432187325,0.1389823717099674,0.28349765851075875,0.224817866782209,0.1069912998033018,0.06682011608100938,0.1144928070413547,0.10054895801769576
3850,2,crash,3,2,1,-564.443650950191,822,360.0,360.0,0.05,0.1,1.668420672416687,43.43210220336914,-529.3051147460938,506.14794921875,1000.0,98.99435169966326,597,-65.59999999999896,-97.83800264985412,-1500.0,-0.6866711082119112,"{4: 57, 3: 1, 6: 4, 5: 9, 0: 11}","{0: 3, 1: 8, 2: 9, 3: 51, 6: 11}","{1: 42, 2: 40}","{1: 59, 0: 23}","{1: 39, 2: 43}","{1: 73, 0: 9}",0.045215342999705185,0.019221251899556813,0.11370909709989033,0.07410224559810533,0.26800611521647955,0.1536278585648368,0.2998804181609895,0.10805080869406747,0.2599840718907107,0.026160684312100023,0.318516672353844,0.09040182798142178
3860,2,crash,3,2,1,-1578.6054596201434,1895,674.5,674.5,0.05,0.1,1.6480828523635864,43.58588790893555,-529.3051147460938,524.2255859375,1000.0,149.98883643746382,1155,-151.44000000000128,-1077.1542960576044,-1500.0,-0.8330371818575955,"{3: 19, 1: 35, 0: 62, 2: 18, 6: 55}","{6: 7, 5: 6, 4: 5, 0: 51, 1: 5, 2: 21, 3: 94}","{1: 72, 2: 27, 0: 90}","{1: 107, 2: 45, 0: 37}","{1: 109, 2: 22, 0: 58}","{1: 124, 2: 25, 0: 40}",0.06081148686190213,0.026834262517737933,0.08942661300045654,0.08604027688224306,0.13972659012032787,0.18070405041965157,0.19529623145827665,0.18307412549853183,0.14678097186059244,0.19058554252250087,0.2191045538008855,0.10200803609588067
3870,2,max_steps,3,4,0,2151.9354203221988,3500,761.5,771.5,0.05,0.1,1.6591296195983887,43.672847747802734,-529.3051147460938,526.3667602539062,2000.0,431.61542032219717,2417,-279.6800000000129,0.0,0.0,0.6148386915206282,"{3: 15, 2: 52, 6: 117, 5: 32, 4: 34, 0: 93, 1: 7}","{5: 8, 4: 18, 3: 226, 0: 64, 1: 5, 2: 14, 6: 15}","{1: 87, 0: 151, 2: 112}","{1: 216, 2: 86, 0: 48}","{1: 166, 0: 86, 2: 98}","{1: 259, 2: 40, 0: 51}",0.0924625709239874,0.022437730902059798,0.10399594964627795,0.06819357261686175,0.18347100247271003,0.17322613776831347,0.22819662377140137,0.20732647863808004,0.17919052858400147,0.15135582800346875,0.2544927798579366,0.10130687100553845
3880,2,success,3,5,0,2537.041149663085,2937,587.4,492.0,0.05,0.1,1.6719427108764648,43.76398468017578,-529.3051147460938,523.14990234375,2500.0,286.15311772006686,2230,-234.56000000001427,-14.551968056979577,0.0,0.8638206161603966,"{2: 90, 3: 37, 4: 71, 5: 41, 6: 16, 0: 30, 1: 8}","{6: 7, 5: 6, 4: 8, 3: 187, 2: 66, 1: 19}","{1: 119, 2: 69, 0: 105}","{1: 195, 2: 28, 0: 70}","{1: 159, 0: 80, 2: 54}","{1: 204, 0: 51, 2: 38}",0.06642852567271121,0.020862142350057046,0.08395313781788212,0.09363007961841877,0.15874907563348709,0.12287505457382913,0.1949111270714063,0.12559483633138332,0.11361573280705003,0.09528762910350941,0.18071908307964868,0.10174115123243213
3890,2,max_steps,3,4,0,2030.0351186486075,3500,732.5,750.5,0.05,0.1,1.7049559354782104,43.816646575927734,-529.3051147460938,513.4425659179688,2000.0,446.164151624768,2625,-279.6800000000129,-136.44903297617577,0.0,0.5800100338996022,"{1: 20, 2: 37, 3: 3, 6: 110, 5: 20, 4: 19, 0: 141}","{5: 8, 4: 22, 3: 222, 2: 49, 0: 42, 1: 7}","{1: 92, 0: 112, 2: 146}","{1: 229, 2: 55, 0: 66}","{1: 165, 0: 71, 2: 114}","{1: 253, 2: 47, 0: 50}",0.09642706953843584,0.022569488795960956,0.10335475486104298,0.08336967946027592,0.21728938732265202,0.13318827589872986,0.24662559703764939,0.17322115324332749,0.2617238030267253,0.018929573654099533,0.27813641386450094,0.05653128794423053
3900,2,crash,3,4,1,359.7819558397032,2801,652.75,515.0,0.05,0.1,1.6976622343063354,43.93715286254883,-529.3051147460938,513.9270629882812,2000.0,235.54189263713891,2021,-223.76000000001258,-151.99993679743483,-1500.0,0.1284476814850779,"{2: 91, 1: 64, 3: 3, 4: 28, 5: 29, 0: 46, 6: 19}","{1: 11, 2: 20, 3: 163, 6: 24, 5: 14, 4: 8, 0: 40}","{1: 91, 0: 130, 2: 59}","{1: 165, 0: 81, 2: 34}","{1: 140, 0: 91, 2: 49}","{1: 205, 0: 45, 2: 30}",0.07295153118875286,0.025320660737527104,0.10002355157946019,0.08540835734778723,0.18318686212546778,0.14725439284121564,0.2261447031863593,0.17670312636659913,0.1666155766105017,0.14528206137518876,0.23731176699072157,0.09189682880015301
3910,2,max_steps,3,4,0,2005.1388400160213,3500,790.25,949.5,0.05,0.1,1.6898925304412842,44.07899475097656,-529.3051147460938,513.9270629882812,2000.0,284.8188400160232,2904,-279.6800000000129,0.0,0.0,0.572896811433149,"{4: 150, 5: 89, 3: 4, 0: 62, 1: 15, 2: 16, 6: 14}","{3: 248, 1: 17, 2: 35, 4: 29, 5: 21}","{1: 116, 2: 131, 0: 103}","{1: 269, 2: 41, 0: 40}","{1: 245, 2: 46, 0: 59}","{1: 265, 2: 40, 0: 45}",0.06575522837864028,0.016037678903321063,0.08113896883415117,0.07242600910807127,0.10363477225785678,0.06781229358949237,0.1248179874403706,0.11189796124024169,0.13652114392193576,0.025211261430657796,0.14545525316416427,0.09547976702727069
3920,2,crash,3,3,1,-634.2207603398664,2788,875.3333333333334,963.0,0.05,0.1,1.6966758966445923,44.17198181152344,-529.3051147460938,513.9270629882812,1500.0,327.89803807364666,2159,-222.80000000001243,-739.3187984135118,-1500.0,-0.22748233871587747,"{0: 101, 1: 33, 2: 31, 3: 2, 6: 97, 5: 6, 4: 8}","{3: 206, 2: 21, 4: 3, 0: 26, 1: 6, 6: 16}","{1: 48, 0: 152, 2: 78}","{1: 216, 2: 19, 0: 43}","{1: 117, 0: 106, 2: 55}","{1: 209, 0: 40, 2: 29}",0.09510139465640682,0.012718344990846802,0.11082546039422297,0.08256701550772803,0.21120901241753212,0.06073566385056774,0.23495585257651355,0.1308498808499168,0.21877679268201577,0.022484075089395976,0.26285651462485937,0.14689273830964017
3930,2,max_steps,3,3,0,1509.4162057243634,3500,859.0,924.0,0.05,0.1,1.6890316009521484,44.282318115234375,-529.3051147460938,513.9270629882812,1500.0,289.176205724367,2492,-279.7600000000129,0.0,0.0,0.43126177306410385,"{6: 75, 5: 82, 4: 122, 3: 2, 0: 50, 1: 10, 2: 9}","{4: 26, 3: 240, 2: 31, 0: 29, 1: 6, 6: 11, 5: 7}","{1: 138, 2: 130, 0: 82}","{1: 244, 2: 52, 0: 54}","{1: 204, 2: 74, 0: 72}","{1: 262, 2: 56, 0: 32}",0.06607087116525884,0.014608354937518084,0.08176781046900125,0.07826671353009246,0.14248431818918847,0.1382128330138749,0.16582899117016806,0.11321409982189193,0.22834931644335793,0.024291275736465258,0.2866560204375033,0.12496968144490822
3940,2,crash,3,1,1,-1058.30482362353,561,466.0,466.0,0.05,0.1,1.677473545074463,44.423404693603516,-529.3051147460938,514.2747192382812,500.0,92.74059227680357,560,-44.7999999999994,-106.24541590033347,-1500.0,-1.8864613611827628,"{6: 28, 5: 8, 4: 10, 3: 7, 2: 3}","{1: 11, 2: 15, 3: 20, 6: 10}","{1: 12, 2: 44}","{1: 24, 0: 23, 2: 9}","{1: 9, 2: 47}","{1: 49, 2: 7}",0.15615157226060056,0.04668307167004126,0.2047151828129602,0.05571418250686205,0.23445832272699563,0.11801640385125381,0.23930347915068118,0.10821023083027674,0.20858978415173612,0.0068675977814338564,0.2162124531247197,0.04126201002352381
3950,2,success,3,5,0,2607.0180159291444,2356,471.2,474.0,0.05,0.1,1.6914925575256348,44.58513641357422,-529.3051147460938,518.1580810546875,2500.0,295.09801592914675,2041,-188.080000000007,0.0,0.0,1.106544149375698,"{1: 24, 2: 61, 3: 50, 6: 61, 5: 20, 4: 19}","{3: 116, 2: 52, 0: 12, 1: 8, 6: 12, 5: 8, 4: 27}","{1: 89, 0: 70, 2: 76}","{1: 139, 0: 45, 2: 51}","{1: 130, 0: 33, 2: 72}","{1: 180, 0: 30, 2: 25}",0.06869692689259387,0.02613767255620813,0.08649289883918412,0.0816590313335136,0.18398031203435775,0.1251073697631419,0.20559725875129345,0.11722264507951496,0.15006300967212105,0.030968899420908656,0.1812822719994978,0.10776955327455139
3960,2,max_steps,3,4,0,2025.8217539732482,3500,844.75,905.5,0.05,0.1,1.6979522705078125,44.693973541259766,-529.3051147460938,514.2747192382812,2000.0,305.50175397325046,2691,-279.6800000000129,0.0,0.0,0.578806215420928,"{2: 116, 3: 5, 5: 36, 6: 114, 4: 29, 1: 49, 0: 1}","{2: 80, 3: 148, 6: 30, 5: 11, 4: 35, 0: 39, 1: 7}","{1: 140, 0: 96, 2: 114}","{1: 193, 0: 101, 2: 56}","{1: 202, 0: 59, 2: 89}","{1: 260, 0: 52, 2: 38}",0.06580522673731612,0.026923524613061245,0.08003419932621558,0.08041676976274675,0.16235825072864132,0.12666230474258638,0.18512422190245087,0.13691886422368185,0.17740091582955717,0.014362134902510365,0.20918930554567988,0.09546748575091658
3970,2,crash,3,3,1,-1094.9928921502678,3357,792.0,996.0,0.05,0.1,1.6771501302719116,44.82674789428711,-529.3051147460938,523.7257690429688,1500.0,269.6276517559902,2191,-268.32000000001517,-1096.3005439062554,-1500.0,-0.3261819756181912,"{3: 29, 4: 45, 5: 64, 0: 77, 1: 10, 2: 12, 6: 98}","{0: 22, 1: 13, 2: 40, 6: 25, 5: 22, 4: 24, 3: 189}","{1: 146, 0: 125, 2: 64}","{1: 195, 0: 68, 2: 72}","{1: 216, 0: 72, 2: 47}","{1: 222, 0: 56, 2: 57}",0.0589067164705659,0.01970649734288078,0.07579221035271859,0.09206219795832465,0.14142518405074034,0.15344885357646074,0.17679020001789678,0.18360517948358773,0.1489833730175975,0.16295178969521018,0.1752303322240608,0.09908360911476406
3980,2,max_steps,3,4,0,2024.8447693125172,3500,665.25,660.0,0.05,0.1,1.6904261112213135,44.93527603149414,-529.3051147460938,514.2747192382812,2000.0,314.7515475458281,3152,-279.6800000000129,-10.226778233310243,0.0,0.5785270769464335,"{6: 44, 5: 63, 4: 139, 3: 24, 0: 21, 1: 24, 2: 35}","{4: 44, 3: 148, 2: 55, 0: 52, 1: 12, 5: 31, 6: 8}","{1: 151, 2: 113, 0: 86}","{1: 156, 2: 89, 0: 105}","{1: 222, 2: 67, 0: 61}","{1: 223, 2: 55, 0: 72}",0.061393222279929466,0.03245701660973459,0.07450433875250505,0.08801815799230761,0.1520024004785008,0.14439302239111496,0.1948108238826376,0.18066661767659845,0.16836966062071837,0.02722878314683177,0.21028073781253614,0.15686001045561876
3990,2,success,3,5,0,2175.219281380342,3372,674.4,493.0,0.05,0.1,1.6828347444534302,45.0426139831543,-529.3051147460938,514.2747192382812,2500.0,465.38004860045044,2552,-269.36000000001496,-520.8007672201069,0.0,0.6450828236596508,"{3: 34, 6: 86, 5: 55, 4: 114, 0: 39, 1: 4, 2: 5}","{0: 35, 1: 16, 2: 29, 3: 189, 4: 26, 6: 37, 5: 5}","{1: 110, 2: 152, 0: 75}","{1: 193, 0: 72, 2: 72}","{1: 159, 2: 118, 0: 60}","{1: 233, 2: 44, 0: 60}",0.08034458564066001,0.027326705460459105,0.10595616572132416,0.08184791660609139,0.20303751244360388,0.16807208158362713,0.23594356773818348,0.1976533973329895,0.14276238281711853,0.08350684718224433,0.23222813458439207,0.24885786053631037
4000,2,crash,3,3,1,-153.7862137714642,1214,357.0,361.0,0.05,0.1,1.6835086345672607,45.193359375,-529.3051147460938,514.2747192382812,1500.0,110.8551742205737,942,-96.87999999999829,-167.76138799203807,-1500.0,-0.12667727658275468,"{4: 29, 3: 8, 1: 24, 0: 10, 2: 45, 5: 5}","{2: 55, 3: 36, 1: 16, 5: 9, 4: 5}","{1: 41, 2: 15, 0: 65}","{1: 62, 0: 42, 2: 17}","{1: 63, 2: 5, 0: 53}","{1: 77, 0: 26, 2: 18}",0.0728400945336326,0.029498203191619752,0.0940422524672769,0.08751430824669384,0.16553347244857164,0.06601431004495406,0.19664823680143637,0.17843996017217834,0.13917366438930798,0.054909723010724144,0.21702288181291085,0.09988925620261815
4010,2,max_steps,3,4,0,2060.964338413854,3500,765.0,719.5,0.05,0.1,1.6772873401641846,45.28192138671875,-529.3051147460938,527.2618408203125,2000.0,340.64433841385204,2864,-279.6800000000129,0.0,0.0,0.5888469538325297,"{3: 53, 4: 110, 6: 31, 5: 72, 0: 29, 1: 14, 2: 41}","{2: 72, 3: 181, 6: 16, 5: 21, 4: 17, 0: 32, 1: 11}","{1: 195, 2: 87, 0: 68}","{1: 215, 0: 78, 2: 57}","{1: 236, 2: 57, 0: 57}","{1: 200, 2: 72, 0: 78}",0.04399307380728452,0.024340329169740445,0.06226328984398766,0.09807343813539333,0.15266082481211932,0.13632569732312305,0.19431781744329837,0.1688519004378145,0.06760760008937991,0.03427174388745416,0.08599106936263493,0.10519947608250328
4020,2,crash,3,2,1,-616.3811617613746,967,347.5,347.5,0.05,0.1,1.6622798442840576,45.45238494873047,-529.3051147460938,532.8795166015625,1000.0,103.72238526975399,646,-77.19999999999871,-142.90354703112834,-1500.0,-0.6374158859993533,"{1: 23, 2: 10, 3: 12, 4: 24, 6: 27}","{6: 7, 5: 6, 4: 9, 3: 12, 1: 10, 2: 30, 0: 22}","{1: 25, 0: 55, 2: 16}","{1: 19, 2: 26, 0: 51}","{1: 26, 0: 54, 2: 16}","{1: 38, 0: 29, 2: 29}",0.12376917044372937,0.0626257887832744,0.19312484210992298,0.15036802577035904,0.20192266493054334,0.15628246088251724,0.2756098729830124,0.31436343035791225,0.2137557456083426,0.030542848909455134,0.2431366631949776,0.31233149029287394
4030,2,crash,3,1,1,-1134.6852593538538,527,359.0,359.0,0.05,0.1,1.6433472633361816,45.598731994628906,-529.3051147460938,514.2747192382812,500.0,53.68525002124679,358,-42.07999999999946,-146.29050937510007,-1500.0,-2.153102958925719,"{0: 8, 1: 17, 2: 10, 5: 3, 6: 14}","{4: 3, 3: 32, 0: 17}","{1: 12, 0: 40}","{1: 40, 2: 3, 0: 9}","{1: 15, 0: 37}","{1: 29, 0: 10, 2: 13}",0.15481608231353566,0.019938030493867904,0.17650356917450583,0.09811676366733416,0.25830920388462153,0.05471311945415688,0.31648778604996014,0.331055225845075,0.23431813439366594,0.006592389149313751,0.31648778604996014,0.0860280690057551
4040,2,crash,3,1,1,-1059.8259183764135,531,446.0,446.0,0.05,0.1,1.6388728618621826,45.76321792602539,-529.3051147460938,527.8988037109375,500.0,86.49496536159826,445,-42.39999999999945,-103.9208837380113,-1500.0,-1.9959056843246958,"{0: 25, 1: 9, 2: 10, 6: 9}","{5: 8, 4: 8, 3: 28, 2: 9}","{1: 11, 0: 42}","{1: 29, 2: 23, 0: 1}","{1: 9, 0: 44}","{1: 40, 0: 8, 2: 5}",0.15759463028496912,0.026096336334337004,0.1982223426249868,0.07099998992097759,0.2541243022911002,0.18472173252661755,0.28078331123542133,0.1821509459623091,0.23548242971687142,0.011296583967907184,0.29119936664311813,0.06675654936412515
4050,2,crash,3,1,1,-1060.6552597011396,521,428.0,428.0,0.05,0.1,1.6272592544555664,45.892276763916016,-529.3051147460938,521.7420043945312,500.0,83.60741041502317,507,-41.59999999999947,-102.66267011616254,-1500.0,-2.0358066405012276,"{0: 26, 1: 8, 2: 9, 3: 7, 4: 2}","{2: 18, 3: 24, 1: 10}","{1: 13, 0: 39}","{1: 30, 0: 22}","{1: 11, 0: 41}","{1: 38, 0: 7, 2: 7}",0.1485000787997548,0.026518766334951163,0.20796187995702017,0.09048869832142369,0.2736466590785552,0.08417697356008379,0.32773868111037935,0.14968507551780919,0.2729590084001632,0.004517755702860171,0.3376171520242858,0.043678115809486724
4060,2,crash,3,2,1,-738.4974672932684,2440,1121.0,1121.0,0.05,0.1,1.6095530986785889,46.0560188293457,-529.3051147460938,516.120361328125,1000.0,151.70152890528865,1388,-195.0400000000081,-195.15899619855594,-1500.0,-0.3026628964316674,"{4: 170, 5: 53, 3: 1, 2: 4, 1: 7, 0: 9}","{5: 15, 4: 21, 3: 150, 2: 28, 1: 30}","{1: 81, 0: 56, 2: 107}","{1: 159, 2: 39, 0: 46}","{1: 115, 2: 93, 0: 36}","{1: 140, 2: 51, 0: 53}",0.07327911180734067,0.02023274065220547,0.10599479978563457,0.09665131537588717,0.16263202333917567,0.09196479216919073,0.21345069657013363,0.24713056429680247,0.16389029016263143,0.024616037115886332,0.23188974228760764,0.3095834261275287
4070,2,max_steps,3,4,0,1708.7473724086635,3500,833.25,891.5,0.05,0.1,1.6165549755096436,46.19572830200195,-529.3051147460938,516.120361328125,2000.0,384.0392591448949,2710,-279.6800000000129,-395.61188673623013,0.0,0.48821353497390385,"{2: 116, 1: 48, 3: 12, 6: 91, 5: 6, 4: 16, 0: 61}","{5: 17, 4: 23, 3: 206, 2: 37, 0: 53, 1: 6, 6: 8}","{1: 100, 2: 84, 0: 166}","{1: 217, 2: 69, 0: 64}","{1: 165, 0: 117, 2: 68}","{1: 264, 2: 35, 0: 51}",0.08457357563645476,0.025668181517353263,0.10716362182924694,0.08088742114954138,0.17647792497962578,0.1265415104459759,0.20903069079759198,0.12862568990028306,0.197296052217866,0.02672749366744253,0.18844295100523847,0.09242154905730514
4080,2,max_steps,3,3,0,1149.4722447159181,3500,896.0,1061.0,0.05,0.1,1.6198298931121826,46.298309326171875,-529.3051147460938,516.120361328125,1500.0,389.7716862593797,2595,-279.7600000000129,-460.5394415434593,0.0,0.3284206413474052,"{2: 51, 4: 56, 5: 58, 6: 98, 3: 5, 0: 82}","{6: 34, 5: 15, 4: 15, 3: 152, 0: 85, 1: 13, 2: 36}","{1: 126, 2: 118, 0: 106}","{1: 151, 2: 75, 0: 124}","{1: 177, 2: 86, 0: 87}","{1: 239, 0: 56, 2: 55}",0.07172105900512807,0.038987319247132765,0.09875681223749408,0.08834480695728424,0.16168663268933287,0.16867857909850137,0.19477115954078705,0.1628694660167544,0.15182707475440074,0.028488113896613498,0.14179491339051936,0.10129182070449073
4090,2,crash,3,1,1,-1202.8665761612633,559,352.0,352.0,0.05,0.1,1.6054329872131348,46.495113372802734,-529.3051147460938,530.8793334960938,500.0,45.257398809073074,351,-44.639999999999404,-203.48397497033588,-1500.0,-2.151818562005838,"{1: 22, 2: 12, 3: 4, 4: 8, 5: 8, 6: 1}","{2: 5, 3: 30, 5: 11, 4: 9}","{1: 13, 0: 42}","{1: 41, 0: 1, 2: 13}","{1: 20, 0: 35}","{1: 33, 0: 5, 2: 17}",0.13627286224866147,0.008290448372544492,0.1516106220226319,0.09541988197078047,0.25655871282452697,0.05531997287530223,0.28481909224930313,0.23966479898891768,0.2210881820065979,0.003080112671698203,0.2970708271229605,0.07891620894878809
4100,2,crash,3,1,1,-1879.3498410383793,798,342.0,342.0,0.05,0.1,1.5963689088821411,46.6984748840332,-529.3051147460938,516.120361328125,500.0,68.40921690604938,564,-63.759999999998996,-883.9990579444278,-1500.0,-2.355074988769899,"{1: 20, 2: 13, 3: 1, 4: 5, 5: 7, 6: 33}","{5: 5, 4: 9, 3: 20, 0: 41, 1: 4}","{1: 30, 0: 49}","{1: 21, 2: 18, 0: 40}","{1: 37, 0: 42}","{1: 45, 0: 19, 2: 15}",0.09657622769267632,0.08372129847960051,0.10402487812203712,0.09464702868660468,0.19883169124545252,0.14310290304798562,0.2365429857731526,0.17961145692497152,0.19710356848047014,0.01822489781580197,0.2629996481321983,0.08355200930468039
4110,2,success,3,5,0,2668.5138656202766,2890,578.0,564.0,0.05,0.1,1.606356143951416,46.81639862060547,-529.3051147460938,516.120361328125,2500.0,399.31386562028143,2443,-230.80000000001368,0.0,0.0,0.9233611991765663,"{1: 25, 2: 79, 6: 75, 5: 28, 4: 62, 3: 4, 0: 16}","{6: 1, 5: 18, 4: 35, 3: 157, 0: 46, 1: 12, 2: 20}","{1: 104, 0: 79, 2: 106}","{1: 156, 2: 61, 0: 72}","{1: 151, 0: 67, 2: 71}","{1: 218, 0: 36, 2: 35}",0.07319648560155657,0.026445079142218973,0.09210396279611822,0.08926754934502362,0.19556804259043511,0.1657198540754592,0.22853182448039716,0.1281621616404911,0.16532577911893032,0.053753851269078064,0.20149799796449755,0.10486458573507915
4120,2,crash,3,1,1,-1238.3980431714467,615,309.0,309.0,0.05,0.1,1.6036686897277832,46.972442626953125,-529.3051147460938,517.4525146484375,500.0,31.822012803123908,282,-49.11999999999931,-221.10005597456973,-1500.0,-2.0136553547503198,"{1: 10, 2: 19, 3: 1, 6: 31}","{3: 28, 2: 33}","{1: 13, 0: 48}","{1: 45, 2: 2, 0: 14}","{1: 22, 0: 39}","{1: 51, 0: 2, 2: 8}",0.13203188834936008,0.01571158907657455,0.13954657775144502,0.09213713868999646,0.21021594498059964,0.040890397756887915,0.24308461785485325,0.10265638442853975,0.16927846709669012,0.0026739659421444665,0.24301877379532064,0.09810746197881202
4130,2,crash,3,0,1,-1883.8304136916256,1071,,,0.05,0.1,1.601516604423523,47.13358688354492,-529.3051147460938,519.3807983398438,0.0,37.64203392625215,355,-85.67999999999853,-335.7924476178766,-1500.0,-1.758945297564543,"{6: 82, 5: 25}","{0: 12, 1: 6, 2: 17, 3: 68, 4: 4}","{1: 39, 2: 13, 0: 55}","{1: 27, 0: 61, 2: 19}","{1: 50, 2: 11, 0: 46}","{1: 37, 2: 32, 0: 38}",0.07189559279434934,0.04228846767340517,0.11538774419141544,0.13745369346137887,0.22973379126069504,0.12816152361304523,0.2838542835889564,0.23763274271042067,,,,
4140,2,crash,3,3,1,-194.91021951193056,2051,643.0,605.0,0.05,0.1,1.5990147590637207,47.31114959716797,-550.6962280273438,520.990478515625,1500.0,154.5469397678223,1220,-163.84000000000322,-185.6171592797507,-1500.0,-0.09503179888441275,"{0: 38, 1: 36, 2: 30, 3: 3, 4: 85, 5: 8, 6: 5}","{3: 178, 4: 20, 2: 7}","{1: 79, 0: 88, 2: 38}","{1: 169, 2: 28, 0: 8}","{1: 111, 0: 69, 2: 25}","{1: 148, 0: 27, 2: 30}",0.07356217716895955,0.01503309308600584,0.0871518345869911,0.08919685100993453,0.1693680570733265,0.05855100363273043,0.19761172338073826,0.11335618894463112,0.14414458379060002,0.034048744572834716,0.17942694563084186,0.09716400568822466
4150,2,crash,3,4,1,278.47011360259717,2668,633.75,718.5,0.05,0.1,1.596296787261963,47.43794631958008,-550.6962280273438,538.6763305664062,2000.0,334.0009062172988,1903,-213.12000000001092,-342.41079261470134,-1500.0,0.10437410554819984,"{5: 61, 4: 70, 3: 4, 0: 81, 1: 8, 2: 18, 6: 24}","{0: 24, 1: 7, 2: 60, 3: 112, 6: 45, 5: 6, 4: 12}","{1: 76, 2: 111, 0: 79}","{1: 137, 0: 68, 2: 61}","{1: 110, 2: 102, 0: 54}","{1: 157, 2: 52, 0: 57}",0.09475579019261432,0.028501041528741836,0.11541634314222358,0.09266398756779128,0.2109939183700255,0.14108831536305066,0.2412912400675796,0.19013657657318972,0.25172232701521347,0.022155252327240804,0.28047095402637867,0.09970317817352711
4160,2,crash,3,4,1,519.0967536627686,2796,680.0,649.5,0.05,0.1,1.5870387554168701,47.56167984008789,-550.6962280273438,517.2457885742188,2000.0,343.05005076078214,2227,-223.36000000001252,-100.59329709801571,-1500.0,0.18565692191086144,"{4: 108, 3: 28, 0: 32, 1: 9, 2: 13, 6: 83, 5: 6}","{6: 5, 5: 16, 4: 13, 3: 139, 0: 21, 1: 14, 2: 71}","{1: 100, 2: 108, 0: 71}","{1: 183, 2: 38, 0: 58}","{1: 123, 2: 96, 0: 60}","{1: 189, 2: 48, 0: 42}",0.0851312391713355,0.015620247358069606,0.11595975808868829,0.08434951538284513,0.184745968084034,0.11635594921814459,0.2360171065905841,0.2340903419652135,0.13556137053066014,0.030019960064039217,0.19231423024311417,0.2950980876146819
4170,2,crash,3,1,1,-1203.0187581351092,620,406.0,406.0,0.05,0.1,1.5795598030090332,47.712947845458984,-542.4125366210938,514.655517578125,500.0,62.152094814415555,405,-49.5199999999993,-215.65085294952442,-1500.0,-1.9403528357017892,"{0: 15, 1: 14, 2: 10, 3: 1, 6: 22}","{2: 37, 3: 3, 6: 22}","{1: 13, 0: 49}","{1: 37, 0: 19, 2: 6}","{1: 21, 0: 41}","{1: 49, 0: 6, 2: 7}",0.13507466370243715,0.02841087986489789,0.14467731744480272,0.06861313382865061,0.20054849220556328,0.038752065057193606,0.22699956502951835,0.10278577680440515,0.20271099331087364,0.028724761094954025,0.2257683393531417,0.03405810490465355
4180,2,crash,3,2,1,-571.1892173289879,656,269.0,269.0,0.05,0.1,1.5774915218353271,47.83536911010742,-542.4125366210938,514.655517578125,1000.0,91.27936057382989,505,-52.31999999999924,-110.14857790281755,-1500.0,-0.8707152703185791,"{3: 13, 6: 24, 5: 8, 4: 8, 0: 12}","{1: 5, 2: 27, 3: 33}","{1: 27, 2: 38}","{1: 39, 0: 24, 2: 2}","{1: 24, 2: 41}","{1: 45, 2: 10, 0: 10}",0.10697593115717231,0.013231699486509442,0.16647945256940963,0.06907616461903529,0.27111003424114427,0.17047549990856598,0.2964033001666286,0.23632898740583866,0.2627436698725909,0.15740939222841768,0.30631388050189895,0.02296548651476191
4190,2,max_steps,3,4,0,1914.9092577920117,3500,821.5,708.5,0.05,0.1,1.567455768585205,47.95410919189453,-542.4125366210938,507.68035888671875,2000.0,341.37550542233976,2927,-279.6800000000129,-146.7862476303268,0.0,0.5471169307977176,"{1: 69, 2: 77, 3: 80, 6: 72, 5: 14, 4: 38}","{0: 33, 1: 13, 2: 57, 3: 159, 6: 28, 5: 14, 4: 46}","{1: 138, 0: 95, 2: 117}","{1: 174, 0: 74, 2: 102}","{1: 220, 0: 54, 2: 76}","{1: 259, 0: 45, 2: 46}",0.06637700214772686,0.03004254949718768,0.06977017143409142,0.08478989353740296,0.12387455217899368,0.15078691515222067,0.15239748218601454,0.12473857267545185,0.10097969620661786,0.0634911693078294,0.12569999489488426,0.10448675732575381
4200,2,max_steps,3,4,0,1665.6810268718957,3500,796.75,687.0,0.05,0.1,1.5736511945724487,48.061607360839844,-542.4125366210938,547.8184204101562,2000.0,393.3429866134555,2427,-279.6800000000129,-447.98195974155533,0.0,0.4759088648205416,"{0: 51, 1: 15, 2: 19, 3: 6, 4: 112, 5: 56, 6: 91}","{4: 33, 3: 189, 2: 31, 1: 17, 6: 20, 5: 28, 0: 32}","{1: 67, 0: 126, 2: 157}","{1: 224, 2: 62, 0: 64}","{1: 130, 0: 96, 2: 124}","{1: 214, 0: 80, 2: 56}",0.1017776280562212,0.022065355820646764,0.12768848356506812,0.09170714996104656,0.2519655433591509,0.11205327498152057,0.2970356056389182,0.34272931970629505,0.2589260101556108,0.016969057393902257,0.2898815609554958,0.09743402690294146
4210,2,crash,3,4,1,218.39451079106402,2717,617.5,740.5,0.05,0.1,1.5734596252441406,48.191837310791016,-542.4125366210938,539.4814453125,2000.0,264.31895540518974,2126,-217.04000000001153,-328.8844446141351,-1500.0,0.08038075479980274,"{4: 142, 3: 9, 6: 7, 5: 22, 0: 36, 1: 27, 2: 28}","{4: 22, 3: 164, 2: 28, 0: 27, 1: 5, 6: 8, 5: 17}","{1: 107, 2: 64, 0: 100}","{1: 174, 2: 51, 0: 46}","{1: 174, 2: 37, 0: 60}","{1: 176, 2: 48, 0: 47}",0.06470731275275839,0.020275904202082834,0.07749248776239503,0.0879551780763628,0.18714518630993623,0.14472281710549403,0.20996267709320085,0.15535069802555845,0.15604853612631572,0.020008393811215344,0.2332399105351183,0.10159642599810452
4220,2,crash,3,3,1,-46.54478677844554,1820,561.0,563.0,0.05,0.1,1.5678956508636475,48.30732345581055,-542.4125366210938,533.238037109375,1500.0,272.8505324270499,1208,-145.36000000000033,-174.03531920549435,-1500.0,-0.025574058669475572,"{1: 45, 2: 21, 3: 1, 6: 40, 5: 10, 4: 9, 0: 56}","{1: 15, 2: 60, 3: 44, 6: 46, 5: 5, 4: 8, 0: 4}","{1: 54, 0: 83, 2: 45}","{1: 85, 0: 55, 2: 42}","{1: 80, 0: 67, 2: 35}","{1: 116, 2: 35, 0: 31}",0.1145272073687836,0.031000237537163362,0.12648428185737043,0.08947385179030815,0.25778954971485923,0.1865166842145508,0.26986833363077184,0.16728804905361702,0.2935749193553283,0.02073104593753617,0.24097168881628644,0.2304011912853069
4230,2,crash,3,3,1,49.01442324642312,1207,372.6666666666667,362.0,0.05,0.1,1.5574535131454468,48.47540283203125,-542.4125366210938,532.7448120117188,1500.0,247.76041678829623,1002,-96.3199999999983,-102.42599354187293,-1500.0,0.04060846996389654,"{6: 35, 5: 9, 4: 10, 3: 1, 2: 28, 1: 15, 0: 22}","{2: 14, 3: 91, 4: 6, 6: 9}","{1: 18, 2: 42, 0: 60}","{1: 90, 0: 16, 2: 14}","{1: 20, 2: 34, 0: 66}","{1: 86, 2: 11, 0: 23}",0.17829939265458614,0.018556433605003392,0.21470510361451733,0.059834663646880004,0.26395287828460934,0.08051680282667964,0.2768151588083903,0.20291853167423735,0.25174505176857226,0.02576811773230335,0.2784807901105953,0.08111670646713355
4240,2,max_steps,3,4,0,1774.363467501066,3500,669.25,671.5,0.05,0.1,1.5502885580062866,48.637115478515625,-542.4125366210938,532.7448120117188,2000.0,409.50293899140775,2948,-279.6800000000129,-355.4594714903412,0.0,0.5069609907145903,"{6: 26, 5: 25, 4: 177, 2: 40, 1: 43, 3: 30, 0: 9}","{1: 34, 2: 76, 3: 111, 6: 34, 5: 14, 4: 36, 0: 45}","{1: 134, 2: 115, 0: 101}","{1: 138, 0: 122, 2: 90}","{1: 185, 2: 84, 0: 81}","{1: 250, 2: 61, 0: 39}",0.07456342898233896,0.03901542605214822,0.09256877841996809,0.0683221741955376,0.15767900633119886,0.15631076231427266,0.18336692489828468,0.15937208190006624,0.16915678131896633,0.024319918996212008,0.1685717624624143,0.11184997188124607
4250,2,crash,3,1,1,-1560.3702661668665,925,364.0,364.0,0.05,0.1,1.5354726314544678,48.83835983276367,-542.4125366210938,532.7448120117188,500.0,79.63489322893146,526,-73.91999999999878,-566.0851593957976,-1500.0,-1.6868867742344502,"{0: 14, 1: 11, 2: 10, 3: 1, 5: 7, 6: 49}","{6: 7, 5: 5, 4: 8, 3: 49, 2: 23}","{1: 37, 0: 55}","{1: 24, 2: 38, 0: 30}","{1: 43, 0: 49}","{1: 43, 0: 26, 2: 23}",0.07879212496192381,0.05919508990370825,0.10992008266982504,0.10840894732767582,0.19334749455588776,0.1816765969995358,0.219392687340937,0.17688196781538723,0.2030565912311454,0.017798516463776233,0.21964403466511734,0.025054363826206214
4260,2,crash,3,2,1,-551.2793430472276,2376,1144.0,1144.0,0.05,0.1,1.528903841972351,49.02870178222656,-542.4125366210938,538.3735961914062,1000.0,243.1009517243742,2006,-189.9200000000073,-104.46029477159883,-1500.0,-0.23201992552492745,"{6: 49, 5: 8, 4: 10, 3: 1, 0: 149, 1: 11, 2: 9}","{4: 32, 3: 195, 2: 1, 1: 7, 0: 2}","{1: 86, 2: 43, 0: 108}","{1: 197, 2: 36, 0: 4}","{1: 133, 2: 34, 0: 70}","{1: 163, 2: 18, 0: 56}",0.06558890956577816,0.01408084365511855,0.08380486752492688,0.08889979907600887,0.19455931389230466,0.054872978390921506,0.2446586609310119,0.13130737608258186,0.24548400885134025,0.007116121564189206,0.317549217122701,0.10138475253365976
4270,2,max_steps,3,2,0,547.0025429124653,3500,1561.5,1561.5,0.05,0.1,1.5233889818191528,49.044036865234375,-542.4125366210938,559.1624145507812,1000.0,254.5688955890241,2598,-279.8400000000129,-427.7263526765571,0.0,0.15628644083213294,"{1: 31, 2: 33, 3: 4, 6: 177, 5: 52, 4: 21, 0: 32}","{3: 300, 2: 18, 6: 10, 5: 9, 4: 13}","{1: 137, 0: 104, 2: 109}","{1: 269, 2: 43, 0: 38}","{1: 221, 0: 63, 2: 66}","{1: 223, 0: 67, 2: 60}",0.06250119689374027,0.015918690942179996,0.06879296053645381,0.0939559606043087,0.11370883725456533,0.05043787867576648,0.15383467282432323,0.15024895558923954,0.08958752352142647,0.011141195523055744,0.09569644901727296,0.09735536350913049
4280,2,success,3,5,0,2644.9009824050718,3137,627.4,629.0,0.05,0.1,1.5310710668563843,49.16240310668945,-542.4125366210938,514.66455078125,2500.0,395.46098240506115,2627,-250.56000000001677,0.0,0.0,0.8431306925103831,"{2: 115, 1: 84, 3: 28, 4: 22, 6: 36, 5: 6, 0: 22}","{6: 15, 5: 17, 4: 19, 3: 168, 2: 31, 0: 48, 1: 15}","{1: 128, 2: 52, 0: 133}","{1: 161, 2: 61, 0: 91}","{1: 195, 2: 36, 0: 82}","{1: 236, 0: 40, 2: 37}",0.06275350528143543,0.02909843274449564,0.07995391426220051,0.08305604655305523,0.16770418243470234,0.1615634223523866,0.21361339035384214,0.1526378659599198,0.19232847684531762,0.22371260315237618,0.2218221274625568,0.1721237026958838
4290,2,success,3,5,0,2337.6756490469584,2889,577.8,481.0,0.05,0.1,1.5406299829483032,49.271968841552734,-555.714599609375,530.4893188476562,2500.0,348.40014134112283,2422,-230.72000000001367,-280.00449229416546,0.0,0.8091642952741289,"{3: 25, 6: 60, 5: 23, 4: 17, 2: 56, 0: 76, 1: 31}","{1: 8, 2: 20, 3: 206, 6: 5, 5: 14, 4: 35}","{1: 106, 2: 66, 0: 116}","{1: 213, 0: 25, 2: 50}","{1: 156, 2: 66, 0: 66}","{1: 198, 2: 45, 0: 45}",0.0735895324103267,0.02049509431206544,0.08682066014047157,0.09003537470537257,0.1986914365152469,0.10143979177868281,0.2531247143929267,0.21201496671576647,0.24597091474122798,0.16481058457635764,0.20713993481300358,0.1857873098390543
4300,2,crash,3,3,1,-30.27428497077244,1413,423.0,475.0,0.05,0.1,1.5335404872894287,49.410335540771484,-555.714599609375,543.188232421875,1500.0,218.11114977389522,1193,-112.79999999999795,-135.5854347446672,-1500.0,-0.021425537842018713,"{0: 38, 1: 10, 2: 13, 3: 16, 4: 15, 6: 43, 5: 6}","{2: 45, 3: 81, 6: 15}","{1: 34, 0: 40, 2: 67}","{1: 95, 0: 43, 2: 3}","{1: 63, 0: 27, 2: 51}","{1: 114, 0: 21, 2: 6}",0.11472755619620807,0.014376869993974932,0.1228623876913002,0.07427223228177256,0.2663884935682589,0.08395574425298706,0.28438163850012,0.13665271271093085,0.12409116345530397,0.09784336606337599,0.0895330197224608,0.0827889603482134
4310,2,success,3,5,0,2572.0093477422542,3168,633.6,690.0,0.05,0.1,1.5290138721466064,49.52714538574219,-555.714599609375,531.2023315429688,2500.0,380.70681159261284,2211,-253.04000000001716,-55.65746385037884,0.0,0.8118716375449034,"{2: 82, 3: 39, 4: 47, 5: 63, 6: 52, 1: 14, 0: 19}","{3: 190, 2: 53, 0: 14, 1: 7, 4: 23, 6: 24, 5: 5}","{1: 87, 0: 124, 2: 105}","{1: 204, 0: 53, 2: 59}","{1: 120, 0: 100, 2: 96}","{1: 166, 0: 80, 2: 70}",0.09957193787447603,0.020459223807997168,0.14443395463852582,0.09692933708109591,0.26951218650210135,0.14941773659103463,0.29068423472863214,0.2805847266682211,0.2755104552445697,0.16295029823573517,0.3002624329876775,0.21502143436297455
4320,2,success,3,5,0,2550.3404650724906,3313,662.6,715.0,0.05,0.1,1.5332163572311401,49.61622619628906,-555.714599609375,527.2588500976562,2500.0,314.98046507248904,2694,-264.6400000000159,0.0,0.0,0.7697979067529401,"{5: 37, 4: 81, 3: 60, 1: 20, 0: 23, 2: 110}","{2: 54, 3: 168, 5: 14, 4: 21, 0: 38, 1: 10, 6: 26}","{1: 182, 2: 70, 0: 79}","{1: 184, 2: 65, 0: 82}","{1: 248, 2: 29, 0: 54}","{1: 238, 2: 43, 0: 50}",0.04393533482457369,0.027283151722601248,0.054866460478547166,0.07726079313704647,0.10468267535194342,0.1814483187773737,0.14030430984120087,0.1393219431713325,0.10725545901623837,0.023035268105420132,0.09257738975320627,0.10157526209384646
4330,2,max_steps,3,4,0,2053.3361436178593,3500,656.5,637.0,0.05,0.1,1.5382829904556274,49.716636657714844,-555.714599609375,525.4682006835938,2000.0,333.01614361784345,2772,-279.6800000000129,0.0,0.0,0.5866674696051026,"{6: 17, 5: 55, 4: 123, 3: 21, 0: 40, 1: 42, 2: 52}","{1: 22, 2: 64, 3: 201, 6: 16, 5: 5, 4: 21, 0: 21}","{1: 113, 2: 126, 0: 111}","{1: 211, 0: 89, 2: 50}","{1: 193, 2: 72, 0: 85}","{1: 219, 2: 71, 0: 60}",0.07119401847061818,0.024219042873317515,0.0895075432658439,0.0954408291144323,0.15509199238446852,0.1424850018914066,0.17670584374878326,0.15112655824675658,0.20502188681084327,0.11382570506898795,0.19806076696653432,0.11653106637181888
4340,2,success,3,5,0,2511.771928980397,2930,586.0,664.0,0.05,0.1,1.5440884828567505,49.79298400878906,-555.714599609375,520.0355224609375,2500.0,477.1976126425938,2588,-234.00000000001418,-231.42568366219606,0.0,0.8572600440206134,"{6: 82, 5: 27, 4: 38, 3: 23, 2: 25, 0: 85, 1: 13}","{5: 18, 4: 28, 3: 181, 2: 31, 0: 17, 1: 18}","{1: 42, 2: 130, 0: 121}","{1: 183, 2: 51, 0: 59}","{1: 90, 2: 93, 0: 110}","{1: 195, 2: 53, 0: 45}",0.11804839649930644,0.02005775448158359,0.14895668489193792,0.08628651608380467,0.22267932167284607,0.13841182479445588,0.25529232091199533,0.2415335916654547,0.22390817839612953,0.1127271786805719,0.23579455123785503,0.151401186545315
4350,2,max_steps,3,4,0,1383.818344690121,3500,731.25,642.5,0.05,0.1,1.567679762840271,49.81312561035156,-555.714599609375,519.9428100585938,2000.0,329.4664516253088,2477,-279.6800000000129,-665.9681069351847,0.0,0.39537666991146314,"{4: 108, 5: 52, 3: 13, 1: 67, 2: 83, 6: 27}","{0: 12, 1: 20, 2: 36, 3: 202, 4: 39, 5: 20, 6: 21}","{1: 146, 2: 108, 0: 96}","{1: 187, 0: 76, 2: 87}","{1: 213, 0: 68, 2: 69}","{1: 219, 2: 52, 0: 79}",0.06213125559308187,0.027563365076460913,0.08285971812564966,0.09303177607369408,0.15350064513105185,0.16560292613657823,0.1853016209336155,0.16639213820328103,0.11104339888440175,0.03788665389601027,0.1398646388909164,0.17359020385976534
4360,2,crash,3,3,1,-121.24936708576979,1322,388.6666666666667,438.0,0.05,0.1,1.588408350944519,49.96046829223633,-555.714599609375,521.9987182617188,1500.0,243.66989964193442,1018,-105.5199999999981,-259.3992667277033,-1500.0,-0.09171661655504523,"{6: 41, 5: 7, 4: 10, 3: 2, 0: 41, 1: 14, 2: 17}","{3: 78, 4: 38, 0: 16}","{1: 19, 2: 44, 0: 69}","{1: 86, 2: 46}","{1: 31, 2: 34, 0: 67}","{1: 74, 2: 27, 0: 31}",0.16407966079139985,0.024908859832417342,0.17451153802600627,0.0969335733014277,0.28822999888876755,0.08666604225853228,0.28155802576462036,0.18709433219760885,0.29993634025351035,0.035941465881250086,0.27509157959348757,0.13525249303287007
4370,2,success,3,5,0,2671.1251576655186,2164,432.8,408.0,0.05,0.1,1.5864728689193726,50.10958480834961,-555.714599609375,527.947509765625,2500.0,343.8451576655209,1825,-172.7200000000046,0.0,0.0,1.2343461911578182,"{1: 46, 2: 75, 6: 59, 5: 6, 4: 8, 0: 19, 3: 3}","{0: 4, 1: 8, 2: 54, 3: 117, 4: 33}","{1: 63, 0: 101, 2: 52}","{1: 149, 0: 45, 2: 22}","{1: 90, 0: 79, 2: 47}","{1: 157, 0: 40, 2: 19}",0.09982206594680129,0.022002294875246804,0.1353071913374661,0.06903532488742387,0.2293731370229074,0.09872979167994395,0.2720103553450107,0.19154613219163727,0.17628928782811104,0.029603878827814685,0.11761920744315264,0.10516419558530729
4380,2,success,3,5,0,2616.9473803900373,2544,508.8,547.0,0.05,0.1,1.5876418352127075,50.275325775146484,-555.714599609375,527.5191040039062,2500.0,342.2298279091139,1939,-203.12000000000936,-22.16244751907019,0.0,1.0286742847445116,"{3: 31, 4: 131, 5: 1, 2: 27, 0: 50, 1: 14}","{1: 13, 2: 55, 3: 113, 4: 9, 6: 23, 5: 4, 0: 37}","{1: 88, 2: 74, 0: 92}","{1: 136, 0: 80, 2: 38}","{1: 113, 2: 64, 0: 77}","{1: 154, 2: 44, 0: 56}",0.07559519792497557,0.02818186149110666,0.11396751859363197,0.09348048034040386,0.1535840304861978,0.19133926361845968,0.20065392177243424,0.22556086666098818,0.16968446309917498,0.17933572043653043,0.23641601395370132,0.20259343411105213
4390,2,crash,3,1,1,-2059.783887814829,1317,482.0,482.0,0.05,0.1,1.576637864112854,50.41289138793945,-555.714599609375,528.9573974609375,500.0,33.509919409244645,429,-105.27999999999811,-988.0138072240718,-1500.0,-1.5639968776118671,"{2: 47, 3: 1, 5: 7, 6: 76}","{1: 7, 2: 10, 3: 31, 6: 40, 5: 43}","{1: 64, 0: 67}","{1: 65, 0: 21, 2: 45}","{1: 97, 0: 34}","{1: 104, 0: 18, 2: 9}",0.053373799371576394,0.03336323680847787,0.050210918770539986,0.057861426662437654,0.166480096953017,0.1106422594290466,0.18191052320792564,0.10695939993521612,0.12540560719423327,0.012236615817745931,0.20634829584019634,0.09987937736063111
4400,2,crash,3,1,1,-1055.8823625189025,455,364.0,364.0,0.05,0.1,1.589732050895691,50.53169250488281,-555.714599609375,525.3072509765625,500.0,74.02140846260009,363,-36.31999999999958,-93.58377098150245,-1500.0,-2.320620576964621,"{0: 21, 1: 7, 2: 8, 6: 9}","{4: 5, 3: 31, 2: 9}","{1: 10, 0: 35}","{1: 33, 2: 7, 0: 5}","{1: 7, 0: 38}","{1: 29, 0: 9, 2: 7}",0.18309795848499372,0.020981229946904253,0.2521913077928803,0.08784537954869465,0.2884089137885156,0.06653121516137309,0.3270084924010374,0.21503161947328114,0.288623933546114,0.0025994976144209578,0.33054027081276577,0.010891683135882077
4410,2,crash,3,2,1,-586.56137995339,1153,533.0,533.0,0.05,0.1,1.5865401029586792,50.70212936401367,-565.2254638671875,522.7649536132812,1000.0,110.89310101033068,864,-92.07999999999839,-105.37448096372077,-1500.0,-0.5087262618849869,"{2: 86, 1: 20, 4: 5, 5: 4}","{4: 20, 3: 57, 0: 8, 1: 20, 2: 10}","{1: 41, 0: 58, 2: 16}","{1: 64, 2: 18, 0: 33}","{1: 40, 0: 57, 2: 18}","{1: 57, 0: 25, 2: 33}",0.0925996448826249,0.02679497414992845,0.16417676900470554,0.10046555067250881,0.1979443867209256,0.13037372995228327,0.2601815492514676,0.28302885073500456,0.2145739057629313,0.017876042371287263,0.2881580626443021,0.09286329912177403
4420,2,crash,3,1,1,-1519.6891292988491,1437,597.0,597.0,0.05,0.1,1.5702340602874756,50.863441467285156,-565.2254638671875,514.4894409179688,500.0,159.34856040613164,1021,-114.8799999999979,-564.1576897049792,-1500.0,-1.057542887473103,"{0: 27, 1: 10, 2: 21, 3: 1, 5: 32, 6: 37, 4: 15}","{6: 10, 5: 5, 4: 11, 3: 43, 0: 53, 1: 6, 2: 15}","{1: 31, 0: 91, 2: 21}","{1: 41, 2: 30, 0: 72}","{1: 63, 0: 61, 2: 19}","{1: 74, 0: 31, 2: 38}",0.08519243490788801,0.0609318945073914,0.11729423061244956,0.09917837061303084,0.14717295854961251,0.16379146326546465,0.216565730146686,0.21880759307301015,0.062242496675799695,0.005392903563341981,0.08542728260921754,0.10163831860463385
4430,2,crash,3,2,1,-560.8402155171423,1657,757.5,757.5,0.05,0.1,1.5558048486709595,51.02406311035156,-565.2254638671875,514.4894409179688,1000.0,195.34116728535517,1211,-132.3999999999983,-123.78138280249675,-1500.0,-0.338467239298215,"{6: 25, 5: 14, 4: 72, 3: 2, 0: 39, 1: 6, 2: 7}","{6: 5, 5: 7, 4: 7, 3: 119, 2: 13, 0: 14}","{1: 69, 2: 43, 0: 53}","{1: 124, 2: 33, 0: 8}","{1: 86, 2: 26, 0: 53}","{1: 130, 2: 30, 0: 5}",0.0676590606576536,0.009695114343597168,0.09081525225259522,0.08198582530777351,0.26469367390359777,0.11162998833965296,0.2826225417563412,0.1324417294716743,0.2432790194564512,0.009403962271477495,0.238836921039742,0.09348333060852024
4440,2,max_steps,3,4,0,1905.2673004977344,3500,780.0,931.5,0.05,0.1,1.5485972166061401,51.155670166015625,-577.9686889648438,541.5023193359375,2000.0,324.02227271290144,2431,-279.6800000000129,-139.07497221516266,0.0,0.5443620858564955,"{3: 11, 2: 150, 6: 88, 5: 6, 4: 45, 1: 31, 0: 19}","{4: 23, 0: 72, 1: 18, 2: 48, 3: 139, 6: 37, 5: 13}","{1: 179, 2: 70, 0: 101}","{1: 162, 2: 71, 0: 117}","{1: 228, 2: 58, 0: 64}","{1: 241, 2: 53, 0: 56}",0.04822647655471032,0.03170454117158693,0.06349176341755167,0.06217176555546831,0.16204338512558902,0.1456100222404153,0.21745831464835338,0.20183494710499886,0.16399219137905813,0.10659231861144504,0.14673889469848664,0.10142185232602433
4450,2,max_steps,3,4,0,1300.0693427446201,3500,671.75,761.0,0.05,0.1,1.5403708219528198,51.28648376464844,-577.9686889648438,567.912109375,2000.0,456.15910661407173,2337,-279.6800000000129,-876.4097638694485,0.0,0.37144838364132005,"{6: 148, 5: 56, 4: 61, 3: 5, 0: 67, 1: 6, 2: 7}","{0: 8, 1: 25, 2: 32, 3: 215, 5: 15, 4: 34, 6: 21}","{1: 79, 0: 128, 2: 143}","{1: 203, 0: 60, 2: 87}","{1: 107, 0: 110, 2: 133}","{1: 195, 0: 75, 2: 80}",0.1262612788828809,0.02162366175831897,0.14659875028729635,0.09683781277333127,0.23888366215069856,0.12319584827373231,0.27492522013327547,0.21270296525554577,0.23636956702962605,0.02434188199770773,0.20536502613743743,0.2114024241212292
4460,2,max_steps,3,3,0,1618.5011005203448,3500,777.0,788.0,0.05,0.1,1.5499612092971802,51.34741973876953,-577.9686889648438,541.7540283203125,1500.0,398.26110052034517,2883,-279.7600000000129,0.0,0.0,0.46242888586295566,"{2: 70, 3: 5, 5: 53, 6: 112, 4: 48, 0: 55, 1: 7}","{0: 9, 1: 6, 2: 15, 3: 265, 6: 27, 5: 6, 4: 22}","{1: 99, 0: 106, 2: 145}","{1: 269, 0: 34, 2: 47}","{1: 195, 0: 55, 2: 100}","{1: 266, 0: 36, 2: 48}",0.0873226193842733,0.015640831812928954,0.09439329360638082,0.07616090079738784,0.1601609038403264,0.13860597436783514,0.2066110096794224,0.15522574535136252,0.16153772379545855,0.02229566525442448,0.2293944764995749,0.10369713188657585
4470,2,success,3,5,0,2578.065412233095,3131,626.2,650.0,0.05,0.1,1.5488433837890625,51.483360290527344,-577.9686889648438,527.9570922851562,2500.0,328.1454122330958,2524,-250.0800000000167,0.0,0.0,0.8234000039070887,"{4: 94, 3: 31, 1: 34, 0: 31, 2: 66, 6: 47, 5: 10}","{4: 17, 3: 166, 2: 46, 1: 31, 6: 17, 5: 5, 0: 31}","{1: 155, 2: 83, 0: 75}","{1: 168, 2: 50, 0: 95}","{1: 195, 2: 65, 0: 53}","{1: 245, 2: 32, 0: 36}",0.05134499653615,0.028839754196842076,0.06761627150886834,0.06549551936670626,0.17580876617546545,0.16870842450335802,0.20087942238659257,0.16535192919260888,0.12948680377890892,0.09340152948929126,0.09665705435632324,0.10314899440055941
4480,2,crash,3,2,1,-649.1923114650476,551,221.0,221.0,0.05,0.1,1.5583351850509644,51.56190872192383,-577.9686889648438,528.3902587890625,1000.0,81.1284652311801,440,-43.91999999999942,-186.4007766962274,-1500.0,-1.1782074618240428,"{1: 16, 2: 25, 3: 3, 6: 11}","{3: 28, 2: 3, 4: 13, 0: 11}","{1: 13, 0: 42}","{1: 36, 2: 19}","{1: 20, 0: 35}","{1: 35, 0: 3, 2: 17}",0.13903960027904536,0.023719549482342804,0.142506735678632,0.09453738049976476,0.25889572723232457,0.1080326097449079,0.2700370110627423,0.16576987366429116,0.2610301802941271,0.1360870110691073,0.26679363538058226,0.24814968284738745
4490,2,crash,3,1,1,-1186.6740298493332,651,451.0,451.0,0.05,0.1,1.5609160661697388,51.716243743896484,-577.9686889648438,509.96343994140625,500.0,54.24168126524438,450,-51.99999999999925,-188.91571111457748,-1500.0,-1.8228479721187913,"{1: 33, 2: 11, 3: 1, 4: 5, 5: 7, 6: 8}","{4: 9, 3: 36, 1: 4, 2: 16}","{1: 22, 0: 43}","{1: 40, 2: 12, 0: 13}","{1: 29, 0: 36}","{1: 42, 0: 5, 2: 18}",0.12026780101327415,0.027136778185794744,0.1211768186768733,0.0919786464996505,0.23063414464121257,0.0763010203654565,0.27769811500170155,0.19268531556791169,0.22824951125347925,0.009254072784189736,0.2967324222379451,0.05966842753504609
4500,2,max_steps,3,3,0,1624.0516474133942,3500,579.6666666666666,563.0,0.05,0.1,1.544168472290039,51.863834381103516,-577.9686889648438,509.96343994140625,1500.0,403.81164741339967,2287,-279.7600000000129,0.0,0.0,0.46401475640382694,"{2: 73, 3: 3, 6: 83, 5: 59, 4: 84, 0: 41, 1: 7}","{1: 5, 2: 16, 3: 302, 4: 27}","{1: 109, 0: 120, 2: 121}","{1: 281, 0: 43, 2: 26}","{1: 166, 0: 91, 2: 93}","{1: 230, 0: 61, 2: 59}",0.06925309222777218,0.014322566322472917,0.10423831207929979,0.08772961883745521,0.24304851930221852,0.060745031863100644,0.2839663893733663,0.23908886200702922,0.23022149094955235,0.029948566411154443,0.25924807224080065,0.11725547362481402
4510,2,success,3,5,0,2601.0006781753436,3026,605.2,599.0,0.05,0.1,1.5433266162872314,51.977210998535156,-577.9686889648438,526.8671875,2500.0,342.6806781753353,2031,-241.68000000001538,0.0,0.0,0.8595507859138611,"{1: 38, 2: 37, 4: 99, 5: 64, 3: 13, 0: 17, 6: 34}","{5: 19, 4: 22, 3: 161, 0: 27, 1: 5, 2: 48, 6: 20}","{1: 106, 0: 83, 2: 113}","{1: 172, 2: 71, 0: 59}","{1: 139, 0: 67, 2: 96}","{1: 208, 0: 49, 2: 45}",0.08524965103632494,0.027250513856866537,0.1097913714531697,0.08393541060421232,0.20312529880108487,0.1526563463621923,0.24031003307979756,0.222584252011751,0.18489388694196038,0.02918900434896799,0.20111981332674111,0.2040445661758766
4520,2,crash,3,2,1,-491.08904513930383,1307,610.0,610.0,0.05,0.1,1.534637451171875,52.158851623535156,-577.9686889648438,533.1983032226562,1000.0,209.94379700393748,999,-104.39999999999813,-96.63284214324092,-1500.0,-0.3757376014837826,"{5: 25, 4: 17, 3: 4, 0: 63, 1: 5, 2: 7, 6: 9}","{0: 5, 1: 7, 2: 47, 3: 71}","{1: 26, 2: 46, 0: 58}","{1: 100, 0: 24, 2: 6}","{1: 31, 2: 36, 0: 63}","{1: 104, 2: 14, 0: 12}",0.11336399725031321,0.0232150195925431,0.14934763738662232,0.060059502079859044,0.2833414672597665,0.060741099170526835,0.2993225639479052,0.14569263381665998,0.21006793375092142,0.029915982213853963,0.22210946260016895,0.05849077948127258
4530,2,success,3,5,0,1897.915028558583,3121,624.2,654.0,0.05,0.1,1.5375169515609741,52.30397415161133,-631.76953125,527.5158081054688,2500.0,318.9170583808883,2336,-249.28000000001657,-671.7220298223074,0.0,0.6081111914638202,"{4: 159, 3: 6, 0: 53, 1: 27, 2: 13, 5: 20, 6: 34}","{4: 43, 3: 175, 0: 48, 1: 17, 2: 29}","{1: 122, 2: 109, 0: 81}","{1: 175, 2: 69, 0: 68}","{1: 169, 2: 80, 0: 63}","{1: 215, 2: 50, 0: 47}",0.07775908717209937,0.02620027577160411,0.08741514576288188,0.09067931190816157,0.2011641619392033,0.11942807509765124,0.2426630398458767,0.21938164702541813,0.15091315319276818,0.11602661267620734,0.22784103711534048,0.09808970919519859
4540,2,crash,3,1,1,-1087.9627680339115,592,481.0,481.0,0.05,0.1,1.5346298217773438,52.43324661254883,-631.76953125,567.6319580078125,500.0,92.15862272236247,480,-47.27999999999935,-132.8413907562739,-1500.0,-1.8377749460032289,"{0: 29, 1: 8, 2: 10, 3: 1, 5: 7, 6: 4}","{0: 9, 1: 7, 2: 8, 3: 24, 5: 11}","{1: 15, 0: 44}","{1: 28, 0: 31}","{1: 10, 0: 49}","{1: 43, 0: 8, 2: 8}",0.1698332284947058,0.03657912056122032,0.19534091976322707,0.063550654504299,0.20936215322450125,0.18310318617131716,0.22484274873967094,0.13313596378705111,0.21024612779458396,0.004107303857358729,0.23584637360435354,0.044251539668175195
4550,2,crash,3,2,1,-942.4701868942376,1593,741.5,741.5,0.05,0.1,1.5173180103302002,52.56806564331055,-631.76953125,528.8209228515625,1000.0,234.19083403639556,1252,-127.27999999999764,-549.3810209306326,-1500.0,-0.5916322579373745,"{1: 33, 2: 19, 3: 7, 6: 87, 5: 6, 4: 7}","{5: 1, 4: 13, 3: 95, 2: 34, 1: 16}","{1: 33, 0: 44, 2: 82}","{1: 110, 2: 20, 0: 29}","{1: 55, 0: 33, 2: 71}","{1: 119, 0: 17, 2: 23}",0.12221454763693533,0.02080784051847335,0.14341578778144798,0.08570052308139842,0.2756676271047116,0.09019343398309036,0.2876979269045998,0.21751774367041796,0.2797333857265101,0.027295718123792494,0.28306918555544935,0.08686555831621579
4560,2,crash,3,2,1,-656.0831769665174,1682,765.0,765.0,0.05,0.1,1.5031003952026367,52.71334457397461,-663.3203125,513.34033203125,1000.0,205.75748582125257,1005,-134.3999999999986,-227.44066278776876,-1500.0,-0.39006134183502816,"{2: 32, 3: 2, 6: 105, 5: 6, 4: 8, 1: 6, 0: 9}","{2: 18, 3: 82, 1: 29, 0: 25, 4: 14}","{1: 39, 0: 58, 2: 71}","{1: 86, 0: 44, 2: 38}","{1: 45, 0: 49, 2: 74}","{1: 98, 0: 32, 2: 38}",0.12518916605650826,0.02899115068021063,0.17157690591677133,0.0806540138502912,0.25857152135022105,0.11498750823770197,0.2801701392857458,0.28991195064803765,0.24589914176078337,0.021354175964983593,0.23084240476899856,0.06548412999879295
4570,2,crash,3,1,1,-1053.6494194111708,532,449.0,449.0,0.05,0.1,1.4970308542251587,52.82115936279297,-663.3203125,517.724609375,500.0,79.95172500808505,448,-42.47999999999945,-91.12114441925576,-1500.0,-1.980544021449569,"{0: 28, 1: 8, 2: 8, 5: 2, 6: 7}","{2: 21, 3: 23, 6: 9}","{1: 13, 0: 40}","{1: 31, 0: 22}","{1: 11, 0: 42}","{1: 42, 0: 7, 2: 4}",0.14933771561379652,0.026330803631277756,0.20501955274925676,0.08396564431844454,0.2787441219529361,0.08135039883190687,0.32090470553032796,0.1064425736872275,0.2633674336588872,0.001067250011292285,0.32684819605524046,0.059770792130940144
4580,2,crash,3,1,1,-1138.9870268609043,607,464.0,464.0,0.05,0.1,1.4719690084457397,53.01314926147461,-663.3203125,517.724609375,500.0,87.1483496262629,463,-48.47999999999932,-177.65537648716727,-1500.0,-1.876420143098689,"{6: 24, 5: 11, 4: 11, 0: 14}","{0: 10, 1: 6, 2: 8, 3: 22, 6: 14}","{1: 12, 2: 48}","{1: 22, 0: 38}","{1: 11, 2: 49}","{1: 43, 2: 7, 0: 10}",0.1500548107482076,0.04133244236692864,0.16604082159299363,0.06040393285029165,0.20873241716116683,0.18625623054904636,0.23735417119741384,0.23188541720680328,0.206613267212238,0.008042449605087713,0.24775575008131318,0.060790707454703594
4590,2,crash,3,1,1,-1971.8919942055697,1263,167.0,167.0,0.05,0.1,1.4619741439819336,53.07967758178711,-663.3203125,517.724609375,500.0,103.40224571584137,771,-100.9599999999982,-974.3342399214101,-1500.0,-1.561276321619612,"{3: 29, 1: 29, 2: 19, 4: 15, 5: 34}","{6: 2, 5: 8, 4: 13, 0: 22, 1: 6, 2: 45, 3: 30}","{1: 68, 0: 58}","{1: 36, 2: 39, 0: 51}","{1: 71, 0: 55}","{1: 92, 2: 16, 0: 18}",0.03790139318437705,0.05336872412555653,0.08324120170660443,0.05773680294584223,0.15174466092412509,0.15967894998512827,0.16193687862913592,0.144955197160059,0.16255038468336663,0.1566205302634738,0.1726385218658616,0.025428519140206197
4600,2,success,3,5,0,2657.6207426307687,2323,464.6,471.0,0.05,0.1,1.4665906429290771,53.22505187988281,-663.3203125,521.0728759765625,2500.0,343.0607426307677,1905,-185.4400000000066,0.0,0.0,1.1440468112917643,"{2: 90, 3: 45, 1: 20, 6: 58, 5: 5, 4: 14}","{1: 14, 2: 30, 3: 111, 6: 10, 5: 21, 4: 14, 0: 32}","{1: 79, 0: 96, 2: 57}","{1: 103, 0: 78, 2: 51}","{1: 117, 0: 59, 2: 56}","{1: 167, 0: 38, 2: 27}",0.08549326180847862,0.03684395994336291,0.0976641159670433,0.06437199756330614,0.24622343798888552,0.1676463167158574,0.2832404122409434,0.2528357979090759,0.14704236014455335,0.19872106261183048,0.2644585208878424,0.2366296150584713
4610,2,crash,3,2,1,-602.5782592677757,1227,541.5,541.5,0.05,0.1,1.45473051071167,53.374534606933594,-663.3203125,521.0728759765625,1000.0,160.73707559557482,780,-97.99999999999827,-165.3153348633495,-1500.0,-0.49109882580910813,"{3: 18, 0: 76, 1: 6, 2: 8, 6: 14}","{1: 24, 2: 8, 6: 68, 5: 7, 4: 8, 3: 7}","{1: 51, 2: 21, 0: 50}","{1: 27, 0: 37, 2: 58}","{1: 70, 2: 16, 0: 36}","{1: 60, 2: 36, 0: 26}",0.0632464195317465,0.07801640314649763,0.09093836222878057,0.10197658494211144,0.2584102258893518,0.1764300660065426,0.26962060179324254,0.22696660247995315,0.2642922396229763,0.18904004913348807,0.27897448048767176,0.14430254710284668
4620,2,success,3,5,0,2625.3532222906247,2009,401.8,462.0,0.05,0.1,1.4410167932510376,53.518333435058594,-663.3203125,527.4287719726562,2500.0,285.67322229061176,1532,-160.32000000000266,0.0,0.0,1.306796029014746,"{3: 43, 0: 7, 1: 25, 2: 54, 6: 58, 5: 6, 4: 7}","{4: 18, 0: 13, 1: 7, 2: 26, 5: 10, 6: 7, 3: 119}","{1: 82, 0: 55, 2: 63}","{1: 121, 2: 37, 0: 42}","{1: 102, 0: 41, 2: 57}","{1: 161, 0: 26, 2: 13}",0.07487490967056305,0.01852279520799391,0.09807734338140342,0.0728352521016761,0.23815196843888028,0.15648698446018888,0.2573517738233727,0.12275801252325348,0.1895560146810365,0.1711895512692858,0.15118966793489916,0.09649248720462174
4630,2,success,3,5,0,2620.8459996041192,3174,634.8,630.0,0.05,0.1,1.4447059631347656,53.561927795410156,-663.3203125,523.3348999023438,2500.0,374.3659996041224,3028,-253.52000000001723,0.0,0.0,0.8257233773169877,"{2: 143, 3: 13, 6: 64, 5: 9, 4: 12, 1: 43, 0: 33}","{2: 144, 3: 105, 1: 21, 6: 21, 5: 6, 4: 7, 0: 13}","{1: 130, 0: 111, 2: 76}","{1: 148, 0: 129, 2: 40}","{1: 187, 0: 80, 2: 50}","{1: 260, 0: 33, 2: 24}",0.06782587815808595,0.030819551852997226,0.07265059687366825,0.057492416035004316,0.16550570639589424,0.12276126423737255,0.1966760550916786,0.105096122202895,0.17839947235386183,0.030978274509104595,0.20319611398101856,0.10001239346964977
4640,2,crash,3,4,1,437.35989006860495,2064,497.0,512.5,0.05,0.1,1.4539796113967896,53.667091369628906,-663.3203125,527.0429077148438,2000.0,202.18265606358992,1607,-164.80000000000337,-100.02276599498344,-1500.0,0.21189917154486673,"{3: 18, 4: 47, 2: 67, 6: 65, 5: 7, 1: 2}","{6: 13, 5: 26, 4: 14, 2: 29, 3: 109, 0: 7, 1: 8}","{1: 121, 2: 67, 0: 18}","{1: 104, 2: 64, 0: 38}","{1: 145, 2: 61}","{1: 178, 2: 11, 0: 17}",0.03944446428035096,0.028400840660708013,0.05462126608271066,0.0506656973193559,0.20011235668332358,0.16635656423887168,0.23367921771102113,0.10475443161327551,0.07584294989737213,0.020204701001998254,0.09833750837122071,0.10184406865327701
4650,2,success,3,5,0,2644.848886743306,2755,551.0,466.0,0.05,0.1,1.440293788909912,53.76871109008789,-663.3203125,535.4454345703125,2500.0,364.8488867432987,2061,-220.000000000012,0.0,0.0,0.9600177447344124,"{5: 54, 4: 112, 0: 66, 1: 12, 2: 13, 6: 13, 3: 5}","{1: 6, 2: 37, 3: 232}","{1: 89, 2: 105, 0: 81}","{1: 243, 0: 30, 2: 2}","{1: 117, 2: 80, 0: 78}","{1: 172, 2: 52, 0: 51}",0.08630976295348998,0.017851227853862003,0.11453521544651582,0.09601018151104848,0.25764207083754187,0.031550997396103724,0.29368821126069095,0.16437019990040783,0.26401940600845225,0.02642205557433858,0.1896480135175178,0.10173605188042568
4660,2,crash,3,2,1,-753.7521378014375,1711,787.5,787.5,0.05,0.1,1.4508439302444458,53.866233825683594,-663.3203125,537.2734375,1000.0,238.004031191251,1162,-136.71999999999898,-355.0361689926868,-1500.0,-0.4405331021633182,"{5: 23, 4: 17, 3: 5, 0: 104, 1: 5, 2: 7, 6: 10}","{1: 7, 2: 34, 6: 24, 5: 7, 4: 21, 3: 64, 0: 14}","{1: 40, 2: 63, 0: 68}","{1: 107, 0: 26, 2: 38}","{1: 49, 2: 52, 0: 70}","{1: 97, 2: 42, 0: 32}",0.11495292095581496,0.0263394837186074,0.1469950302959353,0.0882000644234121,0.28845456369062544,0.10498305787448885,0.3051365634791323,0.2439430294628449,0.2995985775969033,0.03103190413623002,0.2527635090218371,0.09681419110244716
4670,2,crash,3,3,1,-809.2838028159968,2533,687.3333333333334,615.0,0.05,0.1,1.4620997905731201,53.936824798583984,-663.3203125,520.4932861328125,1500.0,285.5910616124312,1791,-202.40000000000924,-892.4748644284273,-1500.0,-0.31949617166048033,"{1: 30, 2: 21, 6: 112, 5: 14, 4: 28, 3: 7, 0: 41}","{6: 8, 5: 6, 4: 23, 3: 185, 1: 13, 2: 18}","{1: 83, 0: 98, 2: 72}","{1: 137, 2: 69, 0: 47}","{1: 141, 0: 76, 2: 36}","{1: 178, 0: 31, 2: 44}",0.1007985421817813,0.02787673070804289,0.0906779389019996,0.08258255118562642,0.17038663102095006,0.13767479564721286,0.2057698253338632,0.15693776213417496,0.1963320374618471,0.034362680777881835,0.17586404690622695,0.11939330951506019
4680,2,crash,3,3,1,-494.254944228506,2342,663.3333333333334,691.0,0.05,0.1,1.4556665420532227,54.021793365478516,-663.3203125,512.2076416015625,1500.0,242.06633023306574,1579,-187.12000000000685,-549.2012744615718,-1500.0,-0.21103968583625363,"{5: 20, 6: 74, 4: 10, 3: 2, 1: 41, 0: 62, 2: 25}","{4: 17, 3: 148, 2: 26, 1: 7, 0: 36}","{1: 66, 0: 117, 2: 51}","{1: 178, 2: 15, 0: 41}","{1: 123, 2: 37, 0: 74}","{1: 157, 0: 39, 2: 38}",0.08111245404688089,0.01569607918136684,0.09704517769393384,0.08848636577017818,0.1902342855805696,0.05156987430991581,0.21080051606096895,0.11700341859560347,0.2138787815303094,0.010100329469503485,0.24078791778518896,0.10343349792897767
4690,2,max_steps,3,4,0,2057.328794970062,3500,715.0,699.0,0.05,0.1,1.4746286869049072,54.0694694519043,-663.3203125,542.7813110351562,2000.0,337.00879497005195,2764,-279.6800000000129,0.0,0.0,0.5878082271343035,"{0: 20, 1: 35, 2: 102, 5: 50, 4: 83, 3: 11, 6: 49}","{1: 21, 2: 73, 3: 142, 6: 31, 5: 29, 4: 17, 0: 37}","{1: 135, 0: 90, 2: 125}","{1: 169, 0: 121, 2: 60}","{1: 232, 0: 47, 2: 71}","{1: 252, 0: 45, 2: 53}",0.06690783847227812,0.031188221909389868,0.07393310951017798,0.08405734823954034,0.12738910070846687,0.14784293404010507,0.16533480497586106,0.149807312573458,0.09358323479242227,0.03859113339401973,0.14753078469375744,0.10378748013372878
4700,2,max_steps,3,4,0,1780.4715416657798,3500,765.75,736.5,0.05,0.1,1.4988051652908325,54.088233947753906,-663.3203125,531.9778442382812,2000.0,409.04535878845087,2361,-279.6800000000129,-348.893817122669,0.0,0.5087061547616514,"{3: 53, 4: 46, 6: 135, 5: 31, 0: 55, 1: 12, 2: 18}","{4: 64, 0: 23, 1: 5, 2: 9, 3: 163, 6: 74, 5: 12}","{1: 125, 2: 99, 0: 126}","{1: 179, 2: 111, 0: 60}","{1: 190, 0: 88, 2: 72}","{1: 244, 0: 57, 2: 49}",0.08147071900408728,0.029725026990969475,0.09405709557151881,0.0766202315394206,0.18799228599408205,0.14056358263899055,0.23040013784226504,0.14946559632726103,0.1030772608408046,0.20027553767581552,0.0868121305219831,0.0991499922767129
4710,2,crash,3,2,1,-778.1946957700369,1400,571.0,571.0,0.05,0.1,1.514479398727417,54.19905471801758,-663.3203125,519.581787109375,1000.0,139.18045733279718,959,-111.83999999999797,-305.53515310283336,-1500.0,-0.555853354121455,"{0: 24, 1: 23, 2: 58, 3: 9, 6: 26}","{1: 5, 2: 32, 3: 80, 6: 7, 5: 8, 4: 8}","{1: 28, 0: 91, 2: 21}","{1: 66, 0: 46, 2: 28}","{1: 70, 0: 55, 2: 15}","{1: 86, 0: 24, 2: 30}",0.08436041415603267,0.03150947784821176,0.10029352337467193,0.08273259252168987,0.16364911959822012,0.1425097040095223,0.1960875610395292,0.17934274789193186,0.1538623486738599,0.028579034038252675,0.08196667305002898,0.1587397926911615
4720,2,max_steps,3,2,0,49.74762109754273,3500,1504.5,1504.5,0.05,0.1,1.530719518661499,54.26589584350586,-663.3203125,530.43994140625,1000.0,279.8955578306621,2339,-279.8400000000129,-950.3079367331187,0.0,0.014213606027869353,"{5: 11, 6: 111, 4: 10, 0: 132, 1: 17, 2: 68, 3: 1}","{4: 37, 3: 184, 2: 80, 0: 44, 1: 5}","{1: 121, 0: 139, 2: 90}","{1: 228, 2: 53, 0: 69}","{1: 205, 0: 58, 2: 87}","{1: 242, 0: 45, 2: 63}",0.06510824641164945,0.02235229678852209,0.08724880810369828,0.08206746617746709,0.1325242404837516,0.14118658497892903,0.16266779639006643,0.14190184264306754,0.18084413701741855,0.02863344107704196,0.14468280587578924,0.0751986609839457
4730,2,crash,3,1,1,-1078.2022041964476,548,427.0,427.0,0.05,0.1,1.5456827878952026,54.358642578125,-663.3203125,514.710205078125,500.0,67.56773483206531,442,-43.75999999999942,-102.00993902851292,-1500.0,-1.9675222704314737,"{0: 19, 1: 12, 2: 11, 3: 6, 4: 6}","{3: 42, 5: 11, 4: 1}","{1: 9, 0: 45}","{1: 44, 0: 4, 2: 6}","{1: 6, 0: 48}","{1: 39, 0: 8, 2: 7}",0.12903588881729183,0.0132394927285631,0.17013040812535082,0.08633653840936942,0.25621299683397136,0.03354407567752573,0.2808313677164905,0.20332670565134947,0.20793775852307014,0.00959989009479359,0.27712912859214434,0.0910345700127745
4740,2,crash,3,1,1,-1091.601636444785,589,472.0,472.0,0.05,0.1,1.54866623878479,54.458988189697266,-663.3203125,549.32275390625,500.0,70.8277176587092,471,-47.03999999999935,-115.38935410349387,-1500.0,-1.8533134744393633,"{0: 22, 1: 13, 2: 11, 3: 1, 6: 11}","{2: 8, 3: 45, 1: 5}","{1: 10, 0: 48}","{1: 49, 0: 7, 2: 2}","{1: 7, 0: 51}","{1: 41, 0: 10, 2: 7}",0.1136271226927965,0.01821823907751896,0.15801643728141607,0.09060692441836667,0.23531356239923235,0.03145848405947922,0.26987758370889375,0.19062679732830168,0.21264392233712354,0.014597546678326056,0.2831260913761711,0.09269908833273997
4750,2,max_steps,3,4,0,1946.8810551340543,3500,869.0,683.5,0.05,0.1,1.5575664043426514,54.52701950073242,-663.3203125,523.4727783203125,2000.0,490.8931457053312,2827,-279.6800000000129,-264.3320905712735,0.0,0.5562517300383012,"{6: 158, 5: 21, 4: 99, 3: 5, 0: 53, 1: 6, 2: 8}","{4: 20, 3: 203, 2: 25, 0: 15, 1: 8, 6: 61, 5: 18}","{1: 116, 2: 153, 0: 81}","{1: 226, 2: 84, 0: 40}","{1: 172, 2: 108, 0: 70}","{1: 229, 2: 62, 0: 59}",0.08384605183149162,0.020383014999788566,0.10475392889745963,0.08497584002027195,0.19328899189575838,0.14235266070347596,0.23321707847941356,0.18551834019400018,0.16297258885781796,0.02002235303861345,0.168014318879141,0.12756581977614265
4760,2,max_steps,3,4,0,1681.434666967847,3500,679.25,609.0,0.05,0.1,1.572420597076416,54.57487869262695,-663.3203125,512.6466674804688,2000.0,408.898083395409,2573,-279.6800000000129,-447.78341642756993,0.0,0.4804099048479563,"{4: 121, 3: 5, 0: 132, 1: 6, 2: 7, 5: 46, 6: 33}","{4: 41, 3: 198, 2: 87, 0: 19, 1: 5}","{1: 135, 2: 125, 0: 90}","{1: 210, 2: 42, 0: 98}","{1: 160, 2: 105, 0: 85}","{1: 230, 2: 51, 0: 69}",0.07496364200985312,0.02594309366932031,0.11268134380094912,0.08867605209004432,0.17198183853258192,0.10651744019814943,0.2257864976151353,0.19437786497668286,0.20733198500031752,0.027955261705317168,0.16961353020703332,0.28841598932457846
4770,2,success,3,5,0,980.1782738883154,2936,587.2,390.0,0.05,0.1,1.5803310871124268,54.683753967285156,-663.3203125,522.7632446289062,2500.0,265.8060494443885,2426,-234.48000000001426,-1551.1477755560725,0.0,0.33384818592926274,"{2: 82, 3: 14, 1: 14, 4: 117, 6: 60, 5: 6}","{2: 35, 3: 146, 6: 6, 5: 21, 4: 68, 1: 17}","{1: 147, 0: 70, 2: 76}","{1: 177, 0: 44, 2: 72}","{1: 198, 0: 41, 2: 54}","{1: 225, 0: 42, 2: 26}",0.049472997452594654,0.025221645689110138,0.06915941350033063,0.051343432052638124,0.17460997817459617,0.08240452318273282,0.186361331821919,0.1448831756389649,0.14004730761229217,0.02525243624502532,0.116192976126503,0.11727149526236538
4780,2,max_steps,3,3,0,1552.9563404156468,3500,666.0,620.0,0.05,0.1,1.6045212745666504,54.699440002441406,-663.3203125,514.8441772460938,1500.0,332.7163404156491,3125,-279.7600000000129,0.0,0.0,0.44370181154732763,"{3: 32, 4: 79, 0: 64, 1: 14, 2: 10, 6: 150, 5: 1}","{1: 12, 2: 65, 3: 213, 6: 18, 5: 6, 4: 7, 0: 29}","{1: 172, 2: 100, 0: 78}","{1: 222, 0: 79, 2: 49}","{1: 244, 2: 60, 0: 46}","{1: 273, 2: 48, 0: 29}",0.05121307017765176,0.01742594039146209,0.05610704787291938,0.06611919607946784,0.09644921085335885,0.15499337058449136,0.12964390461064562,0.1072275412236961,0.08914414625470664,0.08279557924992045,0.12223382806261393,0.08091458456454476
4790,2,max_steps,3,3,0,1536.7391621843387,3500,1146.6666666666667,951.0,0.05,0.1,1.6251397132873535,54.687686920166016,-663.3203125,512.588623046875,1500.0,316.49916218434015,2537,-279.7600000000129,0.0,0.0,0.4390683320526682,"{5: 38, 4: 141, 3: 7, 0: 48, 1: 7, 2: 45, 6: 64}","{0: 9, 1: 6, 2: 67, 6: 6, 5: 8, 4: 40, 3: 214}","{1: 174, 2: 106, 0: 70}","{1: 253, 0: 44, 2: 53}","{1: 211, 2: 76, 0: 63}","{1: 256, 2: 51, 0: 43}",0.05092438999287626,0.022138993154819306,0.07040261054951394,0.06049023981483066,0.15469775766380173,0.11080484301250278,0.1967708422212783,0.19769899029869226,0.08354391288945583,0.02964539798156891,0.1561924091607052,0.12579303389561688
4800,2,success,3,5,0,2589.7524166950557,3200,640.0,596.0,0.05,0.1,1.6462258100509644,54.7783317565918,-663.3203125,513.1151123046875,2500.0,345.35241669504353,2572,-255.60000000001756,0.0,0.0,0.8092976302172049,"{2: 67, 1: 32, 3: 11, 6: 106, 5: 43, 4: 39, 0: 22}","{1: 28, 2: 59, 3: 194, 6: 5, 5: 8, 4: 13, 0: 13}","{1: 111, 0: 85, 2: 124}","{1: 203, 0: 70, 2: 47}","{1: 149, 0: 74, 2: 97}","{1: 238, 0: 32, 2: 50}",0.07261116056366435,0.019124493383107625,0.10680141241267863,0.07589371373229482,0.19001441007649528,0.14235415851819808,0.20530465883114088,0.19800355663058097,0.19525417340932127,0.18661061590671754,0.2463631386194491,0.09581895892098093
4810,2,success,3,5,0,2546.4607328486127,2903,580.6,657.0,0.05,0.1,1.6637946367263794,54.80227279663086,-663.3203125,511.790283203125,2500.0,278.3007328486033,2630,-231.84000000001384,0.0,0.0,0.8771824777294567,"{2: 151, 3: 15, 6: 27, 5: 14, 4: 36, 0: 24, 1: 23}","{2: 46, 3: 219, 1: 4, 6: 8, 5: 5, 4: 8}","{1: 122, 0: 111, 2: 57}","{1: 217, 0: 45, 2: 28}","{1: 188, 0: 61, 2: 41}","{1: 202, 0: 52, 2: 36}",0.06004325783713998,0.015016212736703283,0.06918054451309855,0.08885580183081924,0.11021508620222543,0.12661248938087963,0.1472533534210899,0.17382018015819647,0.10628105842563473,0.020114735796987103,0.10986932426981834,0.10039463450497521
4820,2,success,3,5,0,2590.407893186246,3355,671.0,837.0,0.05,0.1,1.6759121417999268,54.816524505615234,-663.3203125,511.13671875,2500.0,369.149229276792,2960,-268.00000000001523,-10.741336090550963,0.0,0.7721036939452298,"{5: 85, 4: 134, 3: 25, 0: 32, 1: 6, 2: 7, 6: 46}","{6: 7, 5: 21, 4: 23, 3: 224, 0: 2, 1: 9, 2: 49}","{1: 146, 0: 53, 2: 136}","{1: 237, 2: 44, 0: 54}","{1: 198, 2: 98, 0: 39}","{1: 215, 0: 55, 2: 65}",0.05984967918970782,0.021351925509727084,0.07778256372573303,0.09328434903592567,0.1615772891207782,0.13706702144675942,0.20710237252167768,0.2202187251162544,0.08682572310757157,0.10897768062859142,0.07265131093572968,0.12747835769149485
4830,2,success,3,5,0,2670.736850250933,2493,498.6,604.0,0.05,0.1,1.694068193435669,54.90653610229492,-663.3203125,556.316650390625,2500.0,373.66392920882,2139,-199.04000000000872,-3.8870789578861986,0.0,1.0712943643204704,"{6: 14, 5: 16, 4: 100, 3: 59, 0: 45, 1: 5, 2: 10}","{2: 34, 3: 140, 6: 33, 5: 5, 4: 9, 0: 23, 1: 5}","{1: 93, 2: 100, 0: 56}","{1: 143, 0: 60, 2: 46}","{1: 135, 2: 64, 0: 50}","{1: 159, 2: 43, 0: 47}",0.07019290892185444,0.026648690601008506,0.09441447534075445,0.09282791927157852,0.22904009846139395,0.17720169833622915,0.25789456371210584,0.22494277089082315,0.15006594854061053,0.20105744212274032,0.2115182621261886,0.09549411833969511
4840,2,max_steps,3,2,0,932.4621399537652,3500,1497.0,1497.0,0.05,0.1,1.7090405225753784,54.94076156616211,-663.3203125,534.2465209960938,1000.0,356.67787629419314,2898,-279.8400000000129,-144.37573634042855,0.0,0.26641775427250436,"{6: 57, 5: 48, 4: 125, 3: 9, 0: 75, 1: 14, 2: 22}","{6: 24, 5: 11, 4: 13, 3: 268, 0: 22, 1: 5, 2: 7}","{1: 152, 2: 89, 0: 109}","{1: 229, 2: 67, 0: 54}","{1: 239, 2: 43, 0: 68}","{1: 270, 2: 42, 0: 38}",0.061671990246959185,0.021616405259892068,0.07615125912926268,0.07108206609419615,0.1139281212422331,0.19498583521311322,0.12759346256267118,0.12654381804608822,0.078376634845826,0.044038212586134655,0.06161773251226175,0.21115229525196072
4850,2,max_steps,3,4,0,2056.791647039279,3500,861.5,847.0,0.05,0.1,1.7174063920974731,54.95408248901367,-663.3203125,533.2725830078125,2000.0,348.8315535649927,3200,-279.6800000000129,-12.359906525711493,0.0,0.5876547562969368,"{0: 77, 1: 27, 2: 65, 3: 29, 6: 73, 5: 35, 4: 44}","{4: 37, 3: 244, 2: 50, 0: 6, 1: 7, 6: 6}","{1: 130, 0: 123, 2: 97}","{1: 252, 2: 45, 0: 53}","{1: 235, 0: 73, 2: 42}","{1: 276, 0: 46, 2: 28}",0.06395254161439926,0.015348199920491142,0.07380916354972028,0.08051934261282365,0.11687146228926182,0.09762738036567013,0.134366397444092,0.11277664277387087,0.06124681378393546,0.02174923621819054,0.11948154442813225,0.10185828756013121
4860,2,crash,3,2,1,-688.0654427281099,2280,1020.0,1020.0,0.05,0.1,1.7278943061828613,54.97669219970703,-663.3203125,537.107177734375,1000.0,209.78402274401043,1826,-182.2400000000061,-215.60946547211876,-1500.0,-0.30178308891583766,"{6: 55, 5: 34, 4: 41, 3: 2, 0: 68, 1: 14, 2: 14}","{1: 28, 2: 24, 3: 163, 4: 13}","{1: 69, 2: 58, 0: 101}","{1: 183, 0: 32, 2: 13}","{1: 109, 2: 38, 0: 81}","{1: 133, 0: 46, 2: 49}",0.09899044005595098,0.014569778488673128,0.10216346083537639,0.09485165651119457,0.1513311440237882,0.05898640864418975,0.200210686456104,0.17330797398797473,0.16724154853475576,0.022148868409742662,0.23143077845335377,0.09616774060050491
4870,2,max_steps,3,4,0,2015.7114503897708,3500,820.0,904.0,0.05,0.1,1.71694815158844,55.09080505371094,-663.3203125,547.2373657226562,2000.0,435.0389345424789,2589,-279.6800000000129,-139.6474841527063,0.0,0.5759175572542202,"{3: 44, 4: 125, 5: 56, 6: 25, 0: 66, 1: 17, 2: 17}","{1: 14, 2: 77, 6: 29, 5: 6, 4: 9, 3: 188, 0: 27}","{1: 99, 0: 139, 2: 112}","{1: 199, 0: 103, 2: 48}","{1: 144, 0: 115, 2: 91}","{1: 234, 0: 63, 2: 53}",0.08264942477388831,0.024506245995346336,0.12403342818507918,0.07829206428844757,0.1816802437884796,0.1640988157805419,0.22524000299871746,0.267871851234136,0.17674645769669353,0.17561798003432147,0.2163716518587034,0.08008026138218811
4880,2,crash,3,4,1,-175.56463284359188,2736,569.75,599.0,0.05,0.1,1.7208178043365479,55.19945526123047,-663.3203125,537.8505249023438,2000.0,394.81631351614,2193,-218.56000000001177,-851.8209463597393,-1500.0,-0.06416835995745317,"{3: 23, 0: 84, 1: 21, 2: 18, 6: 108, 5: 12, 4: 7}","{6: 50, 5: 9, 4: 7, 2: 71, 1: 11, 3: 92, 0: 33}","{1: 91, 0: 116, 2: 66}","{1: 130, 2: 64, 0: 79}","{1: 113, 0: 104, 2: 56}","{1: 175, 0: 46, 2: 52}",0.08330993715457048,0.031025286388764138,0.11790924684374623,0.08429346691332887,0.2436186142278288,0.14710268435636092,0.2613775131728274,0.16686071168897118,0.25465274736095367,0.19676518307952098,0.1901985389931867,0.21553209611261775
4890,2,crash,3,1,1,-1295.3345604984033,996,702.0,702.0,0.05,0.1,1.7429381608963013,55.348365783691406,-663.3203125,555.1250610351562,500.0,76.43596041068723,701,-79.59999999999866,-292.17052090909,-1500.0,-1.300536707327714,"{0: 20, 1: 14, 2: 34, 3: 2, 5: 14, 6: 15}","{1: 8, 2: 32, 3: 30, 6: 9, 5: 10, 4: 10}","{1: 23, 0: 76}","{1: 45, 0: 27, 2: 27}","{1: 65, 0: 34}","{1: 84, 0: 14, 2: 1}",0.08549253745917212,0.0319000226883534,0.08838022588852029,0.06562712688326107,0.10991022949608692,0.0967366425903455,0.1455107833562145,0.10417819292989375,0.09098630459784013,0.013973249318694543,0.10895313060378495,0.06458556796580789
4900,2,crash,3,1,1,-1413.8756679698981,1298,1096.0,1096.0,0.05,0.1,1.7451715469360352,55.44209671020508,-663.3203125,536.4920654296875,500.0,102.64024579285444,844,-103.75999999999814,-412.7559137627521,-1500.0,-1.0892724714714161,"{6: 52, 5: 42, 4: 15, 0: 20}","{0: 10, 1: 7, 2: 12, 3: 71, 4: 14, 6: 5, 5: 10}","{1: 42, 2: 70, 0: 17}","{1: 58, 0: 46, 2: 25}","{1: 56, 2: 59, 0: 14}","{1: 70, 2: 28, 0: 31}",0.07841875781812813,0.03641976650546388,0.11174431496163738,0.09520700543904186,0.17770811542909434,0.1270066485409162,0.18548881850230617,0.1902694721348167,0.1687424838388844,0.018361743582439968,0.2277964574729658,0.08242855037056529
4910,2,crash,3,3,1,-145.50455192173854,2034,620.6666666666666,271.0,0.05,0.1,1.766566514968872,55.50950622558594,-663.3203125,566.2523193359375,1500.0,304.4053687986806,1842,-162.480000000003,-287.42992072041756,-1500.0,-0.07153616122012711,"{1: 19, 2: 32, 3: 16, 6: 90, 5: 15, 4: 31}","{5: 7, 4: 10, 3: 104, 0: 45, 1: 4, 2: 16, 6: 17}","{1: 50, 0: 53, 2: 100}","{1: 111, 2: 35, 0: 57}","{1: 92, 0: 31, 2: 80}","{1: 119, 0: 40, 2: 44}",0.10397508868953906,0.028247908825203533,0.10937374415568321,0.09466197474823132,0.18534044703674893,0.17473680927432608,0.2575436271738389,0.1748049195992887,0.16599884784627364,0.02815863091111149,0.16982295261557556,0.1045201980767285
4920,2,success,3,5,0,2533.3346735417836,2904,580.8,428.0,0.05,0.1,1.7912838459014893,55.584590911865234,-663.3203125,566.2523193359375,2500.0,381.15693448033153,2513,-231.92000000001386,-115.90226093854828,0.0,0.8723604247733414,"{3: 26, 4: 114, 0: 26, 1: 8, 2: 9, 6: 93, 5: 14}","{5: 14, 4: 22, 3: 122, 0: 53, 1: 10, 2: 46, 6: 23}","{1: 135, 2: 110, 0: 45}","{1: 134, 2: 65, 0: 91}","{1: 182, 2: 68, 0: 40}","{1: 205, 2: 43, 0: 42}",0.05434269423366876,0.03524136841234356,0.07952757248919651,0.0750473390572886,0.1265299546378565,0.19173562203876385,0.20611479855884704,0.21801053381100485,0.10320493251553638,0.14220626263170766,0.11912112535292302,0.09580867871363966
4930,2,crash,3,1,1,-1901.102048501037,952,288.0,288.0,0.05,0.1,1.7931387424468994,55.68659591674805,-663.3203125,553.56884765625,500.0,69.47622020168404,423,-76.07999999999873,-894.4982687027193,-1500.0,-1.9969559332994087,"{1: 20, 2: 8, 4: 6, 5: 10, 6: 51}","{5: 11, 4: 37, 3: 30, 1: 3, 2: 14}","{1: 47, 0: 48}","{1: 15, 2: 39, 0: 41}","{1: 56, 0: 39}","{1: 55, 0: 25, 2: 15}",0.05073727359562085,0.07346282284115187,0.0601130326478861,0.08680020044769815,0.2208439009490281,0.15238576566825374,0.2531582193584883,0.1894977169723252,0.24630477984701307,0.07692290557493285,0.2635315659677032,0.1362456304490901
4940,2,success,3,5,0,1945.8285226018988,3172,634.4,625.0,0.05,0.1,1.7983670234680176,55.76393127441406,-663.3203125,539.8320922851562,2500.0,341.4312219394267,2924,-253.3600000000172,-642.2426993375283,0.0,0.6134390046033729,"{3: 37, 0: 19, 1: 9, 2: 31, 4: 125, 5: 51, 6: 45}","{5: 13, 4: 18, 2: 75, 3: 157, 0: 18, 1: 15, 6: 21}","{1: 142, 0: 76, 2: 99}","{1: 160, 2: 68, 0: 89}","{1: 224, 0: 40, 2: 53}","{1: 228, 0: 42, 2: 47}",0.054606638662982813,0.029250555585718225,0.06741703135277632,0.08653993112342367,0.11631090068884486,0.15136613082146907,0.15217775433852063,0.12038778296204238,0.06894456129651477,0.062234617355951094,0.11369045383318582,0.10908693990683901
4950,2,max_steps,3,4,0,-34.27296465604747,3500,848.75,709.0,0.05,0.1,1.8206671476364136,55.85520935058594,-663.3203125,542.6215209960938,2000.0,343.67749795932826,2724,-279.6800000000129,-2098.2704626153745,0.0,-0.009792275616013563,"{2: 98, 3: 5, 6: 53, 5: 9, 4: 12, 1: 108, 0: 65}","{2: 50, 3: 152, 6: 5, 5: 24, 4: 28, 0: 42, 1: 49}","{1: 166, 0: 106, 2: 78}","{1: 229, 0: 66, 2: 55}","{1: 210, 0: 70, 2: 70}","{1: 260, 0: 52, 2: 38}",0.054829036522011446,0.023331840160824076,0.06787235101367253,0.06472499374995644,0.17571336381336208,0.10599406972021867,0.19622443892192423,0.1256245593786042,0.18996985573316777,0.014037181333984666,0.0983272745334539,0.2126265051464737
4960,2,max_steps,3,4,0,1811.688062536367,3500,715.5,817.5,0.05,0.1,1.8322035074234009,55.970951080322266,-663.3203125,542.0795288085938,2000.0,353.2602339563115,2891,-279.6800000000129,-261.89217141994595,0.0,0.5176251607246762,"{2: 146, 3: 4, 5: 31, 6: 122, 4: 12, 1: 34, 0: 1}","{5: 34, 4: 40, 3: 177, 0: 51, 1: 5, 2: 24, 6: 19}","{1: 144, 0: 103, 2: 103}","{1: 175, 2: 99, 0: 76}","{1: 203, 0: 84, 2: 63}","{1: 235, 0: 53, 2: 62}",0.061780053246934204,0.029906559107757236,0.07973739364225677,0.0890193593811158,0.17103424584253882,0.18153041940987094,0.2148277048155718,0.22512767007097526,0.19312123891159902,0.07050919546836341,0.2677944875930748,0.09028121296340935
4970,2,max_steps,3,3,0,1452.3921202385418,3500,876.3333333333334,835.0,0.05,0.1,1.8232463598251343,56.01837921142578,-663.3203125,537.764404296875,1500.0,232.15212023854488,2272,-279.7600000000129,0.0,0.0,0.41496917721101195,"{2: 218, 3: 11, 4: 43, 5: 25, 0: 26, 1: 27}","{5: 15, 4: 33, 3: 263, 2: 10, 0: 24, 1: 5}","{1: 218, 2: 59, 0: 73}","{1: 254, 2: 46, 0: 50}","{1: 264, 0: 55, 2: 31}","{1: 250, 0: 62, 2: 38}",0.03836953005403747,0.01680755867400731,0.05786499482850419,0.06686435544358653,0.1160913487303525,0.13443295844682523,0.16711715636648122,0.1698652944592147,0.1232283327152697,0.025451492042377427,0.16061853495031087,0.10942535377206332
4980,2,success,3,5,0,2563.67401120089,3027,605.4,753.0,0.05,0.1,1.8454445600509644,56.105072021484375,-663.3203125,530.6881713867188,2500.0,305.4340112008912,2284,-241.7600000000154,0.0,0.0,0.8469355834822895,"{6: 33, 5: 62, 4: 55, 3: 60, 1: 14, 0: 25, 2: 53}","{2: 30, 3: 162, 1: 15, 6: 24, 5: 19, 4: 30, 0: 22}","{1: 100, 2: 84, 0: 118}","{1: 175, 0: 62, 2: 65}","{1: 180, 2: 57, 0: 65}","{1: 203, 2: 51, 0: 48}",0.07144683820645392,0.024352205903955308,0.08319389797365628,0.09166387289028056,0.17333901370959742,0.1534044438201358,0.21436739515580888,0.17045497058924125,0.22405810119530334,0.20328821189133556,0.22325892060923838,0.09926726670751342
4990,2,crash,3,3,1,-170.33874016612117,1847,572.6666666666666,598.0,0.05,0.1,1.8452104330062866,56.18110656738281,-663.3203125,526.1500244140625,1500.0,288.39484620111233,1472,-147.52000000000066,-311.2135863672324,-1500.0,-0.09222454800547979,"{6: 47, 5: 13, 4: 11, 3: 2, 0: 47, 1: 17, 2: 47}","{3: 123, 2: 24, 1: 14, 6: 10, 5: 5, 4: 8}","{1: 42, 2: 56, 0: 86}","{1: 115, 0: 33, 2: 36}","{1: 68, 2: 40, 0: 76}","{1: 103, 2: 40, 0: 41}",0.11973619527379503,0.012672611703809115,0.12613111384681328,0.09838601808628453,0.2090316934601441,0.14141893920090687,0.24529067530349283,0.16573285895565681,0.16732044026516868,0.013291413282206737,0.14169152508161298,0.11715924756277091
5000,2,max_steps,3,4,0,2081.376122816592,3500,733.75,674.0,0.05,0.1,1.8639540672302246,56.2790641784668,-663.3203125,534.936279296875,2000.0,361.0561228165787,2916,-279.6800000000129,0.0,0.0,0.594678892233312,"{1: 42, 2: 71, 6: 135, 5: 12, 4: 12, 3: 16, 0: 62}","{6: 1, 5: 8, 4: 47, 3: 215, 1: 24, 2: 55}","{1: 111, 0: 133, 2: 106}","{1: 251, 2: 47, 0: 52}","{1: 198, 0: 72, 2: 80}","{1: 236, 0: 53, 2: 61}",0.07893053127747096,0.018108538706268024,0.08990962421024637,0.09015202522070459,0.1423973572731368,0.11200288191872239,0.16681258495382612,0.12066023158824,0.14604142537882425,0.10413792799938874,0.12905409618239408,0.10333059998917929
5010,2,success,3,5,0,2132.728565870483,3278,655.6,526.0,0.05,0.1,1.8854352235794067,56.3506965637207,-663.3203125,534.1731567382812,2500.0,496.4200813251416,2558,-261.84000000001646,-601.8515154546569,0.0,0.6506188425474323,"{6: 138, 5: 19, 4: 24, 3: 3, 0: 60, 1: 15, 2: 68}","{0: 43, 1: 56, 2: 64, 3: 125, 6: 27, 5: 5, 4: 7}","{1: 94, 2: 109, 0: 124}","{1: 152, 0: 112, 2: 63}","{1: 131, 2: 91, 0: 105}","{1: 205, 2: 64, 0: 58}",0.0952054644581297,0.03217653622630239,0.12698043333247075,0.0934864202786783,0.2444714709585915,0.17787364959981594,0.2721904855543349,0.21967422187987765,0.2570498503274586,0.03300889911014378,0.20907259162242142,0.2591512585543879
5020,2,success,3,5,0,935.7636975349604,3224,644.8,649.0,0.05,0.1,1.9023207426071167,56.38496780395508,-663.3203125,545.6595458984375,2500.0,410.1345076111626,2631,-257.5200000000173,-1716.850810076202,0.0,0.29024928583590587,"{3: 37, 1: 105, 2: 116, 6: 51, 5: 6, 4: 7}","{6: 22, 5: 16, 4: 19, 0: 110, 1: 20, 2: 48, 3: 87}","{1: 146, 0: 105, 2: 71}","{1: 137, 2: 76, 0: 109}","{1: 215, 0: 51, 2: 56}","{1: 254, 2: 32, 0: 36}",0.05620103086047168,0.03624829851589152,0.06921953245987893,0.05399782947640311,0.2253860029268693,0.14288222962272282,0.25559356354263885,0.12473125255373999,0.10999343017774799,0.2005045996664626,0.170118120775314,0.1030833638900621
5030,2,crash,3,4,1,511.53039262957304,2278,498.25,520.0,0.05,0.1,1.9099823236465454,56.54694366455078,-663.3203125,549.5709228515625,2000.0,299.0914011041131,1832,-181.92000000000604,-105.64100847454777,-1500.0,0.22455241116311372,"{5: 23, 4: 47, 3: 27, 2: 45, 1: 43, 0: 14, 6: 28}","{2: 28, 3: 77, 5: 21, 4: 17, 0: 63, 1: 5, 6: 16}","{1: 71, 2: 50, 0: 106}","{1: 93, 2: 61, 0: 73}","{1: 119, 2: 35, 0: 73}","{1: 164, 2: 26, 0: 37}",0.07517982382162801,0.04783976348923731,0.09483513858660295,0.0856240061025354,0.16859898358750947,0.173231414069679,0.23536166144820828,0.1843981303708206,0.1585094981970756,0.10065975300808461,0.12741211361404825,0.10389152727351234
5040,2,max_steps,3,3,0,228.0821446698824,3500,993.3333333333334,1098.0,0.05,0.1,1.9154640436172485,56.614986419677734,-663.3203125,544.6712646484375,1500.0,309.45167187928956,2862,-279.7600000000129,-1301.6095272094058,0.0,0.06516632704853784,"{2: 47, 3: 1, 5: 33, 6: 90, 4: 39, 0: 113, 1: 27}","{4: 20, 3: 155, 5: 35, 2: 87, 0: 41, 1: 12}","{1: 136, 0: 142, 2: 72}","{1: 235, 2: 41, 0: 74}","{1: 187, 0: 107, 2: 56}","{1: 202, 0: 70, 2: 78}",0.06793981917328869,0.020276792310747922,0.09015169238755755,0.09674890016091278,0.17156513299346168,0.07961058443200283,0.22268653992263557,0.17457516528167802,0.24331392548362907,0.020255937890581936,0.23563623950558935,0.10213320238204704
5050,2,crash,3,2,1,-581.6560768450563,1620,748.5,748.5,0.05,0.1,1.901017189025879,56.73698806762695,-663.3203125,544.6712646484375,1000.0,194.81612734809477,1371,-129.43999999999784,-147.03220419315028,-1500.0,-0.35904696101546685,"{5: 23, 4: 26, 3: 11, 0: 66, 1: 24, 2: 12}","{0: 23, 1: 6, 2: 36, 6: 13, 5: 8, 4: 8, 3: 68}","{1: 52, 2: 32, 0: 78}","{1: 88, 0: 43, 2: 31}","{1: 81, 2: 18, 0: 63}","{1: 109, 2: 28, 0: 25}",0.08780539301074203,0.02896719933936172,0.0989692941317811,0.09115407070977821,0.17695527567661437,0.1567391000273718,0.21823860302583453,0.1924262342961764,0.21430620266163394,0.04722789844135044,0.28890681044317434,0.11272489281933756
5060,2,crash,3,1,1,-1185.4561053767522,831,709.0,709.0,0.05,0.1,1.9148328304290771,56.83460998535156,-663.3203125,538.109375,500.0,86.77123067701694,708,-66.39999999999894,-205.82733605376916,-1500.0,-1.42654164305265,"{6: 46, 5: 14, 4: 10, 0: 13}","{4: 12, 3: 49, 2: 22}","{1: 27, 2: 56}","{1: 54, 2: 22, 0: 7}","{1: 44, 2: 39}","{1: 43, 2: 18, 0: 22}",0.07812804808523911,0.012599081684354226,0.09181762785896064,0.09938432820019003,0.1939743923447615,0.1421735850754952,0.2194996566847362,0.15630933073320327,0.20251711797552824,0.0009335973968219932,0.18234159773013914,0.10874421371371024
5070,2,crash,3,3,1,-52.6047221362785,2266,692.3333333333334,367.0,0.05,0.1,1.9288030862808228,56.92284393310547,-663.3203125,539.3712768554688,1500.0,261.4918377994584,2123,-181.0400000000059,-133.05655993573538,-1500.0,-0.02321479352880781,"{3: 24, 0: 9, 1: 18, 2: 29, 6: 95, 5: 18, 4: 33}","{5: 18, 4: 23, 3: 122, 0: 24, 1: 12, 2: 14, 6: 13}","{1: 74, 0: 37, 2: 115}","{1: 122, 2: 57, 0: 47}","{1: 124, 0: 25, 2: 77}","{1: 179, 0: 15, 2: 32}",0.08230649295256681,0.02353041802905213,0.09143427077634982,0.06312317742787196,0.1383287194004374,0.15466460273224664,0.17202973744955774,0.13712648007556635,0.13132921850751572,0.06055128967809932,0.08579479446171719,0.11277461302954367
5080,2,max_steps,3,2,0,182.1799743752977,3500,1310.0,1310.0,0.05,0.1,1.9445046186447144,56.95070266723633,-663.3203125,532.2823486328125,1000.0,284.1898447878134,2624,-279.8400000000129,-822.169870412515,0.0,0.05205142125008506,"{4: 81, 3: 2, 5: 111, 6: 67, 0: 47, 1: 26, 2: 16}","{0: 8, 1: 6, 2: 79, 3: 204, 6: 27, 5: 18, 4: 8}","{1: 135, 2: 110, 0: 105}","{1: 220, 0: 73, 2: 57}","{1: 220, 2: 76, 0: 54}","{1: 238, 2: 47, 0: 65}",0.06370259892783564,0.02294237459919087,0.08202442461912442,0.08967987685505881,0.1161393974373385,0.1504355354825754,0.14532438675371065,0.1317710065325464,0.14192175582256442,0.023604397546630032,0.09605016873134296,0.10302043521038333
5090,2,crash,3,3,1,-156.32684893882765,2779,751.6666666666666,478.0,0.05,0.1,1.9514734745025635,57.045475006103516,-663.3203125,526.2542114257812,1500.0,321.70858073572214,1874,-222.08000000001232,-255.9554296745473,-1500.0,-0.05625291433567026,"{4: 73, 3: 34, 2: 30, 6: 87, 5: 28, 1: 18, 0: 7}","{1: 14, 2: 64, 3: 91, 6: 42, 5: 11, 4: 15, 0: 40}","{1: 120, 0: 65, 2: 92}","{1: 83, 0: 103, 2: 91}","{1: 155, 2: 83, 0: 39}","{1: 179, 0: 55, 2: 43}",0.06247031999832842,0.06396389391611076,0.07500676268231037,0.08779735251703863,0.17898827013492347,0.16975194214484893,0.2333560373137677,0.2860228560147088,0.12700696465587258,0.13271393102874576,0.06339613904238456,0.18222001112350875
5100,2,success,3,5,0,2617.519121959933,2739,547.8,515.0,0.05,0.1,1.9792855978012085,57.16300964355469,-663.3203125,548.7146606445312,2500.0,336.239121959934,2183,-218.7200000000118,0.0,0.0,0.9556477261628086,"{1: 23, 2: 37, 3: 34, 4: 58, 5: 51, 6: 38, 0: 32}","{3: 154, 2: 63, 1: 10, 6: 15, 5: 5, 4: 26}","{1: 103, 0: 97, 2: 73}","{1: 184, 0: 36, 2: 53}","{1: 161, 0: 58, 2: 54}","{1: 190, 0: 41, 2: 42}",0.0651931490391024,0.02224396424017744,0.08486669924668004,0.09079930784632226,0.22790935908302218,0.12411610168060941,0.2511115173692758,0.14708681278852528,0.1369912766746068,0.07808190435478667,0.1201072583971492,0.10546063458225695
5110,2,success,3,5,0,2629.0572325900257,3392,678.4,519.0,0.05,0.1,2.0123181343078613,57.25996398925781,-663.3203125,533.1724853515625,2500.0,400.0172325900255,2706,-270.96000000001465,0.0,0.0,0.7750758350796066,"{0: 28, 1: 32, 2: 35, 3: 48, 5: 29, 4: 106, 6: 61}","{1: 19, 2: 91, 3: 163, 4: 13, 0: 24, 6: 24, 5: 5}","{1: 143, 0: 91, 2: 105}","{1: 197, 0: 97, 2: 45}","{1: 195, 0: 69, 2: 75}","{1: 219, 0: 69, 2: 51}",0.05963996097029231,0.025606144440008548,0.07926632676902005,0.09238125709416131,0.1618340346810497,0.1601813813598666,0.21274872604604983,0.1949657495201696,0.0919784898224611,0.050836514120422414,0.11373651505381592,0.10283348074918278
5120,2,success,3,5,0,2538.1696699190225,2730,546.0,551.0,0.05,0.1,2.0344202518463135,57.301513671875,-663.3203125,533.4679565429688,2500.0,257.2780623575212,2273,-218.00000000001168,-1.1083924384990367,0.0,0.9297324798238178,"{3: 56, 4: 58, 6: 1, 5: 64, 2: 57, 0: 24, 1: 13}","{1: 9, 2: 36, 3: 172, 6: 12, 5: 15, 4: 28, 0: 1}","{1: 149, 2: 52, 0: 72}","{1: 159, 0: 52, 2: 62}","{1: 190, 2: 39, 0: 44}","{1: 201, 2: 41, 0: 31}",0.046939533190186504,0.02303647027360254,0.06863507193030793,0.08351473694052569,0.1278180495728636,0.12517540732252544,0.15619763601897602,0.11731466793633055,0.09640425220989127,0.07284145063651218,0.09485368634189702,0.140141680261647
5130,2,success,3,5,0,2583.6152810519784,2934,586.8,572.0,0.05,0.1,2.0462989807128906,57.340545654296875,-663.3203125,534.9671630859375,2500.0,317.9352810519808,2359,-234.32000000001423,0.0,0.0,0.8805778054028556,"{2: 91, 3: 14, 6: 51, 5: 8, 4: 65, 1: 37, 0: 27}","{4: 18, 3: 163, 0: 42, 1: 5, 2: 43, 6: 17, 5: 5}","{1: 148, 0: 91, 2: 54}","{1: 182, 2: 66, 0: 45}","{1: 187, 0: 61, 2: 45}","{1: 203, 0: 50, 2: 40}",0.048942453572184644,0.016717386504957334,0.06570583665458313,0.0769969739550983,0.16404468081804485,0.17522045840422132,0.19791811871956794,0.17874611608897656,0.11250282099903174,0.06846232523329913,0.10693729946695864,0.11045281174311751
5140,2,max_steps,3,4,0,1735.0180973825481,3500,693.0,708.5,0.05,0.1,2.059532880783081,57.414573669433594,-663.3203125,524.7694091796875,2000.0,436.27308403926486,2832,-279.6800000000129,-421.57498665672875,0.0,0.49571945639501375,"{6: 70, 5: 48, 4: 86, 3: 5, 0: 99, 1: 31, 2: 11}","{5: 8, 4: 32, 3: 174, 2: 96, 0: 30, 1: 10}","{1: 104, 2: 107, 0: 139}","{1: 206, 2: 57, 0: 87}","{1: 165, 2: 84, 0: 101}","{1: 258, 2: 35, 0: 57}",0.09110185221326374,0.02579767961784324,0.10545692528422113,0.0850187114418105,0.17129868322864353,0.15274769835189872,0.22476232010764438,0.15283977425138792,0.22521533684277073,0.03192196326052874,0.1947213899859371,0.11652749972078633
5150,2,crash,3,4,1,476.2763036254073,2166,511.75,467.0,0.05,0.1,2.079143524169922,57.549312591552734,-663.3203125,541.9012451171875,2000.0,301.937097124878,1674,-172.96000000000464,-152.7007934994747,-1500.0,0.219887490131767,"{6: 24, 5: 46, 4: 31, 3: 3, 0: 75, 1: 17, 2: 20}","{2: 38, 3: 119, 4: 24, 6: 18, 5: 5, 0: 12}","{1: 43, 2: 65, 0: 108}","{1: 135, 0: 35, 2: 46}","{1: 74, 2: 53, 0: 89}","{1: 146, 2: 34, 0: 36}",0.1048112926030339,0.023116557842231718,0.12971266648459218,0.08719242298118848,0.20148963180357066,0.14457976037919362,0.22793799184591484,0.20324217871762806,0.2155495055070105,0.020218453766059498,0.21837646178138673,0.24441446802713265
5160,2,crash,3,3,1,-247.17935796078177,2340,721.0,791.0,0.05,0.1,2.0828380584716797,57.61186599731445,-663.3203125,527.6060791015625,1500.0,258.34333110633855,1805,-186.96000000000683,-318.5626890671204,-1500.0,-0.10563220425674434,"{4: 119, 5: 23, 3: 14, 0: 63, 1: 7, 2: 8}","{2: 57, 3: 120, 6: 27, 5: 5, 4: 7, 0: 18}","{1: 102, 2: 63, 0: 69}","{1: 166, 0: 39, 2: 29}","{1: 131, 2: 42, 0: 61}","{1: 154, 2: 40, 0: 40}",0.0636389234024706,0.023288619889647137,0.0759026966955521,0.07544496311239396,0.21677183809174275,0.11638015243807792,0.2285825603676247,0.17024531421003333,0.08300125888250347,0.027582171370062487,0.15379985313202102,0.1853271203124223
5170,2,crash,3,2,1,-703.7828459236653,1191,508.0,508.0,0.05,0.1,2.090702533721924,57.76399612426758,-663.3203125,547.708984375,1000.0,105.31542808267905,916,-95.11999999999833,-213.97827400634375,-1500.0,-0.5909175868376703,"{2: 62, 1: 31, 3: 8, 6: 18}","{1: 8, 2: 38, 3: 34, 6: 5, 5: 23, 4: 11}","{1: 56, 0: 63}","{1: 58, 0: 33, 2: 28}","{1: 76, 0: 43}","{1: 108, 0: 8, 2: 3}",0.055822868760079705,0.030584715531685035,0.05917143609241555,0.0687661676154018,0.16054676424043057,0.13861777716386833,0.17794757121496532,0.09851482649018314,0.1663784344601486,0.02234949600142871,0.17614542741728853,0.07307958821248813
5180,2,crash,3,2,1,-926.0078955567737,1415,537.5,537.5,0.05,0.1,2.099492311477661,57.86710739135742,-663.3203125,544.9681396484375,1000.0,199.47402660082594,866,-113.03999999999795,-512.4419221575981,-1500.0,-0.6544225410295221,"{5: 25, 4: 11, 3: 1, 0: 58, 1: 5, 2: 7, 6: 34}","{6: 2, 5: 9, 4: 12, 3: 82, 2: 2, 0: 31, 1: 3}","{1: 34, 2: 36, 0: 71}","{1: 85, 2: 25, 0: 31}","{1: 46, 2: 32, 0: 63}","{1: 86, 0: 28, 2: 27}",0.13968697931860155,0.017745996707715147,0.16163695351477347,0.08418924926355698,0.2671391860631563,0.09831305571713495,0.29188575234702724,0.21653021585654142,0.26933951553141094,0.032994113730560104,0.2265614883874823,0.10310557259741356
5190,2,crash,3,3,1,-45.78793186902658,1481,455.6666666666667,560.0,0.05,0.1,2.082929849624634,58.01304626464844,-663.3203125,542.5933227539062,1500.0,188.89966161913037,883,-118.23999999999783,-116.44759348815613,-1500.0,-0.030916902004744482,"{2: 57, 1: 21, 5: 16, 6: 38, 4: 14, 3: 2}","{1: 7, 2: 16, 3: 105, 4: 8, 6: 11, 5: 1}","{1: 48, 2: 59, 0: 41}","{1: 96, 0: 37, 2: 15}","{1: 54, 0: 34, 2: 60}","{1: 119, 0: 2, 2: 27}",0.12880377067524706,0.02148210405934951,0.16809922914398706,0.061771666855774676,0.2573396480974902,0.1211866515679438,0.28508461649399996,0.18313855750251698,0.2651245415308904,0.019384246863999244,0.25410905596908706,0.08779957807823538
5200,2,crash,3,2,1,-2048.2543818398253,2189,654.5,654.5,0.05,0.1,2.073502540588379,58.153507232666016,-663.3203125,552.3531494140625,1000.0,143.90239099461294,1372,-174.96000000000495,-1517.1967728344412,-1500.0,-0.9357032351940728,"{4: 80, 3: 2, 5: 48, 0: 88}","{5: 18, 4: 24, 3: 89, 2: 14, 0: 30, 1: 5, 6: 38}","{1: 127, 2: 82, 0: 9}","{1: 101, 2: 73, 0: 44}","{1: 145, 2: 61, 0: 12}","{1: 172, 2: 22, 0: 24}",0.04251190802214835,0.03175936915821519,0.05862637502315675,0.06407194293290289,0.12450306288635897,0.16601634968338472,0.15149544620205133,0.12672015723688562,0.16221960102062197,0.007193621251058511,0.16918570669962338,0.08945141442449103
5210,2,crash,3,4,1,-263.0366031418357,2676,566.25,547.0,0.05,0.1,2.075300693511963,58.26554870605469,-663.3203125,552.3531494140625,2000.0,257.9460868608464,1761,-213.76000000001102,-807.2226900026958,-1500.0,-0.09829469474657537,"{5: 20, 6: 106, 4: 73, 0: 20, 1: 7, 2: 30, 3: 11}","{4: 22, 3: 129, 2: 32, 0: 35, 1: 8, 6: 41}","{1: 84, 0: 115, 2: 68}","{1: 146, 2: 59, 0: 62}","{1: 126, 0: 82, 2: 59}","{1: 152, 0: 69, 2: 46}",0.07379149920574218,0.024471080980457555,0.10676979534165083,0.09399781000852928,0.22703984329956584,0.12725891148255644,0.2797167808094909,0.24178308944663632,0.25565218203934426,0.015764056372501903,0.27600059414811157,0.20210952941389715
5220,2,success,3,5,0,2514.259684555161,2989,597.8,553.0,0.05,0.1,2.0855777263641357,58.34929275512695,-663.3203125,582.5228271484375,2500.0,315.33037821219176,2425,-238.72000000001492,-62.35069365703255,0.0,0.8411708546521115,"{6: 27, 5: 29, 4: 133, 3: 34, 0: 31, 1: 8, 2: 36}","{3: 189, 2: 79, 6: 2, 5: 8, 4: 8, 0: 4, 1: 8}","{1: 139, 2: 96, 0: 63}","{1: 223, 0: 53, 2: 22}","{1: 185, 2: 68, 0: 45}","{1: 215, 2: 26, 0: 57}",0.054149407668897684,0.016925370600302643,0.07779730791516443,0.08813772216391333,0.1690335153949995,0.10212743953901693,0.19244071473075341,0.14506243383064094,0.0839349716625479,0.03892234680229947,0.11962080405209807,0.13705724099131333
5230,2,max_steps,3,1,0,375.6194319849888,3500,3161.0,3161.0,0.05,0.1,2.0913586616516113,58.41849136352539,-663.3203125,579.047607421875,500.0,155.53943198498894,1841,-279.92000000001286,0.0,0.0,0.1073198377099968,"{6: 22, 5: 67, 4: 224, 3: 3, 1: 4, 0: 30}","{5: 4, 4: 9, 3: 290, 2: 13, 0: 34}","{1: 242, 2: 84, 0: 24}","{1: 293, 2: 28, 0: 29}","{1: 304, 2: 34, 0: 12}","{1: 334, 2: 9, 0: 7}",0.02394478162316219,0.013274864508690112,0.038586943629492165,0.04232815981385198,0.08449028991563497,0.05106762555202325,0.116281567480249,0.09405641633194876,0.08161314598946366,0.018607230464138088,0.08897012361598598,0.042812524907759525
5240,2,crash,3,1,1,-1179.049375732971,632,437.0,437.0,0.05,0.1,2.089940309524536,58.52107620239258,-663.3203125,573.871826171875,500.0,62.85097702204277,436,-50.47999999999928,-191.42035275501345,-1500.0,-1.8655844552736882,"{0: 14, 1: 16, 2: 12, 3: 1, 6: 20}","{2: 43, 6: 20}","{1: 13, 0: 50}","{1: 33, 0: 20, 2: 10}","{1: 18, 0: 45}","{1: 47, 0: 4, 2: 12}",0.13055841065739315,0.029431380852013238,0.1397512695917412,0.06266203389974535,0.19753199552712028,0.04396413624664261,0.21602705665547647,0.14805876461853684,0.1880536097790477,0.03415599315588116,0.21914029403796684,0.023335413504101152
5250,2,crash,3,1,1,-1240.0505338562157,1027,810.0,810.0,0.05,0.1,2.08727765083313,58.539512634277344,-663.3203125,536.5838623046875,500.0,71.65121619176584,869,-82.0799999999986,-229.62175004798135,-1500.0,-1.2074494000547378,"{0: 22, 1: 16, 2: 41, 3: 9, 4: 14}","{4: 14, 3: 81, 2: 7}","{1: 32, 0: 70}","{1: 79, 2: 23}","{1: 61, 0: 41}","{1: 73, 0: 14, 2: 15}",0.08919085368297208,0.019623936146959252,0.09153857267941473,0.08663606444863621,0.12874926767693082,0.11827706286942927,0.1457616313618268,0.10805386653386949,0.1383331371772387,0.11138926877580384,0.15473521693089853,0.04785123037940741
5260,2,max_steps,3,4,0,1505.0413798640302,3500,710.75,612.5,0.05,0.1,2.078119993209839,58.65169906616211,-663.3203125,567.04248046875,2000.0,296.4086509575798,2358,-279.6800000000129,-511.6872710935487,0.0,0.43001182281829436,"{5: 63, 4: 130, 3: 17, 1: 75, 2: 37, 6: 28}","{4: 58, 3: 233, 2: 24, 0: 30, 1: 5}","{1: 137, 2: 105, 0: 108}","{1: 230, 2: 47, 0: 73}","{1: 226, 2: 55, 0: 69}","{1: 263, 0: 39, 2: 48}",0.06989599035670879,0.02571937104912193,0.08196736276600594,0.08790722369148402,0.16551962864632322,0.1323809878282455,0.19105863003412482,0.12526929454077468,0.18002774542151265,0.022662024902895414,0.25415033794274833,0.11455134380367366
5270,2,max_steps,3,4,0,2035.1716107338805,3500,841.0,829.5,0.05,0.1,2.0921502113342285,58.69133377075195,-663.3203125,538.5047607421875,2000.0,389.1941090631741,2588,-279.6800000000129,-74.34249832929183,0.0,0.581477603066823,"{4: 141, 3: 5, 0: 42, 1: 7, 2: 9, 6: 109, 5: 37}","{2: 49, 3: 215, 6: 26, 5: 12, 4: 7, 0: 13, 1: 28}","{1: 110, 0: 88, 2: 152}","{1: 236, 0: 67, 2: 47}","{1: 168, 0: 71, 2: 111}","{1: 229, 0: 66, 2: 55}",0.08079183102228243,0.020537334720689627,0.1028245591647677,0.0875226125054559,0.1928721257524999,0.12024604821379226,0.22763716042745613,0.2221872349961765,0.16240227915914413,0.018035704407438832,0.1472659498162905,0.18923993894322244
5280,2,crash,3,2,1,-1152.1278055625444,1614,506.0,506.0,0.05,0.1,2.104935646057129,58.74213409423828,-663.3203125,541.0635375976562,1000.0,62.70992477619459,971,-128.95999999999776,-585.8777303387376,-1500.0,-0.7138338324427165,"{3: 39, 1: 29, 2: 33, 5: 2, 6: 58}","{1: 6, 2: 31, 3: 64, 5: 60}","{1: 95, 0: 66}","{1: 102, 0: 47, 2: 12}","{1: 125, 0: 36}","{1: 142, 0: 17, 2: 2}",0.04294023809261719,0.025727791224115483,0.05276084291615673,0.06365703816790426,0.0964560923819623,0.057218141176003386,0.12226478103056328,0.10330252192136741,0.04701465038977043,0.043208338976371774,0.0739640630396618,0.09600789297196782
5290,2,success,3,5,0,2359.4999467763682,3406,681.2,643.0,0.05,0.1,2.1170122623443604,58.819393157958984,-663.3203125,520.4411010742188,2500.0,369.86986721279,2372,-272.0800000000144,-238.28992043642043,0.0,0.6927480759766201,"{5: 37, 6: 96, 4: 40, 3: 6, 2: 83, 1: 55, 0: 23}","{4: 32, 3: 219, 2: 49, 0: 35, 1: 5}","{1: 88, 0: 112, 2: 140}","{1: 222, 2: 45, 0: 73}","{1: 185, 0: 81, 2: 74}","{1: 261, 0: 48, 2: 31}",0.08546932400767919,0.022141329058047846,0.0940987008307177,0.0691062130354626,0.15141533192289883,0.1330470895025795,0.20234898915765537,0.15878930723548298,0.17167503438465673,0.10831305509247924,0.24364117269086866,0.09576230377874295
5300,2,max_steps,3,4,0,2105.3567972960236,3500,753.5,677.0,0.05,0.1,2.1090075969696045,58.937294006347656,-663.3203125,520.4411010742188,2000.0,403.0980325939608,2844,-279.6800000000129,-18.061235297947906,0.0,0.6015305135131496,"{6: 85, 5: 36, 4: 43, 3: 5, 2: 83, 0: 88, 1: 10}","{6: 45, 5: 10, 4: 30, 3: 167, 0: 45, 1: 21, 2: 32}","{1: 115, 2: 144, 0: 91}","{1: 171, 2: 72, 0: 107}","{1: 215, 2: 66, 0: 69}","{1: 278, 2: 38, 0: 34}",0.08141391682803262,0.03195780238180856,0.08312089451250079,0.07640899726657438,0.14630668938973992,0.19753490483718747,0.17151172699850203,0.11758491405718363,0.10699546209880537,0.0441780037230044,0.1417572350290999,0.09649668507396057
5310,2,success,3,5,0,2510.5297423383977,3401,680.2,674.0,0.05,0.1,2.093923807144165,59.01258087158203,-663.3203125,535.362548828125,2500.0,282.2097423383988,2888,-271.6800000000145,0.0,0.0,0.7381739906905022,"{3: 38, 2: 151, 1: 33, 6: 32, 5: 28, 4: 23, 0: 35}","{0: 19, 1: 15, 2: 29, 6: 13, 5: 10, 4: 11, 3: 243}","{1: 195, 0: 81, 2: 64}","{1: 241, 0: 58, 2: 41}","{1: 258, 0: 51, 2: 31}","{1: 289, 0: 21, 2: 30}",0.038516131312259595,0.01744514704092466,0.04857195334404718,0.0533314217400368,0.10781145212222402,0.13428677724988833,0.13936268220072937,0.10639059749935682,0.09704988102843795,0.05645782469242781,0.09764960368569056,0.09692803254953004
5320,2,crash,3,3,1,-36.92184311309779,2143,610.6666666666666,618.0,0.05,0.1,2.1180968284606934,59.102413177490234,-663.3203125,539.5685424804688,1500.0,208.09932833039443,1471,-171.20000000000437,-73.82117144349256,-1500.0,-0.017229044849788985,"{5: 20, 6: 62, 4: 52, 3: 14, 1: 32, 0: 14, 2: 20}","{4: 9, 3: 75, 2: 84, 0: 1, 1: 14, 6: 31}","{1: 61, 0: 102, 2: 51}","{1: 100, 2: 54, 0: 60}","{1: 89, 0: 79, 2: 46}","{1: 123, 0: 49, 2: 42}",0.07829713328555299,0.03158443640245054,0.11907910059251903,0.09145618732709507,0.22489868533231142,0.10248243317347097,0.28271476310833776,0.26962357268098697,0.18215366911802797,0.01275416888868972,0.25587163263854984,0.2929961079407946
5330,2,crash,3,2,1,-540.1818288145124,942,425.5,425.5,0.05,0.1,2.124246835708618,59.228145599365234,-663.3203125,535.583984375,1000.0,146.8275925545676,668,-75.19999999999875,-111.80942136907952,-1500.0,-0.5734414318625397,"{4: 25, 3: 3, 0: 44, 1: 6, 2: 7, 6: 9}","{3: 61, 2: 15, 4: 18}","{1: 17, 2: 27, 0: 50}","{1: 76, 2: 15, 0: 3}","{1: 19, 2: 21, 0: 54}","{1: 64, 2: 12, 0: 18}",0.14273738158955068,0.018975451193267753,0.21471324089672583,0.0700258954340699,0.2625988159031949,0.09971228658787373,0.27814864599672817,0.2668135229318547,0.26788499884347544,0.020933292312774982,0.2803772075146906,0.0910762326831667
5340,2,max_steps,3,4,0,1725.6273705862047,3500,754.75,758.5,0.05,0.1,2.1351144313812256,59.30038833618164,-663.3203125,532.0211791992188,2000.0,390.24950438945683,2152,-279.6800000000129,-384.9421338032515,0.0,0.4930363915960585,"{5: 34, 4: 58, 3: 5, 2: 47, 1: 32, 0: 52, 6: 122}","{0: 46, 1: 13, 2: 78, 3: 113, 6: 33, 5: 22, 4: 45}","{1: 104, 2: 121, 0: 125}","{1: 121, 0: 121, 2: 108}","{1: 181, 2: 88, 0: 81}","{1: 201, 2: 80, 0: 69}",0.08590099842534735,0.04715972430582108,0.09540663833793915,0.09655568572212482,0.232212358706947,0.15321456054299767,0.28975913790989516,0.21127171649348803,0.1390807582479999,0.08892571157992527,0.15515973294038551,0.10502147508083376
5350,2,success,3,5,0,2679.576751788888,2854,570.8,564.0,0.05,0.1,2.129690408706665,59.429039001464844,-663.3203125,540.6771850585938,2500.0,430.38930298732674,2659,-227.92000000001323,-22.892551198436557,0.0,0.9388846362259594,"{5: 30, 4: 19, 0: 95, 1: 38, 2: 55, 3: 8, 6: 40}","{5: 10, 4: 24, 3: 173, 0: 18, 1: 18, 2: 42}","{1: 52, 2: 80, 0: 153}","{1: 169, 2: 41, 0: 75}","{1: 118, 2: 67, 0: 100}","{1: 218, 2: 23, 0: 44}",0.08598264783131246,0.023457670268191278,0.11661662674293329,0.07729096724315712,0.1981819743178846,0.14077727149772232,0.24638717212348027,0.19310799003514242,0.23674466868988422,0.022502797451903728,0.1385136435711523,0.3227078545447225
5360,2,crash,3,3,1,-66.12664503870656,2550,805.6666666666666,700.0,0.05,0.1,2.142941951751709,59.53653335571289,-663.3203125,533.6957397460938,1500.0,354.6669571392593,1699,-203.76000000000946,-217.03360217796487,-1500.0,-0.025932017662237863,"{2: 58, 1: 22, 3: 3, 6: 117, 5: 5, 4: 8, 0: 42}","{4: 20, 3: 155, 2: 43, 0: 20, 1: 7, 5: 10}","{1: 67, 0: 130, 2: 58}","{1: 177, 2: 31, 0: 47}","{1: 112, 0: 89, 2: 54}","{1: 177, 0: 37, 2: 41}",0.08953618269121746,0.015431045930220022,0.11749272682025086,0.06840349967376269,0.2631696862762416,0.11032912114894712,0.29014624723679816,0.12577564279102005,0.21970918078970134,0.01485038522501314,0.1240776212746939,0.13275068140913746
5370,2,success,3,5,0,1981.678119552214,3102,620.4,381.0,0.05,0.1,2.1565825939178467,59.594364166259766,-663.3203125,530.5123901367188,2500.0,363.9901445645413,2774,-247.76000000001633,-634.5520250123268,0.0,0.6388388522089664,"{0: 19, 1: 52, 2: 101, 3: 24, 6: 64, 5: 9, 4: 41}","{4: 39, 3: 170, 0: 27, 1: 14, 2: 29, 6: 25, 5: 6}","{1: 137, 0: 98, 2: 75}","{1: 196, 2: 62, 0: 52}","{1: 177, 0: 72, 2: 61}","{1: 244, 0: 41, 2: 25}",0.06189040122500679,0.02513020579088545,0.07302589650139527,0.07470944087985915,0.19222071617994685,0.13811381945418882,0.20826907837048406,0.10756862247472772,0.16922618601555509,0.11605630355600206,0.15677752616398605,0.103544190239874
5380,2,success,3,5,0,2499.8849792406113,3311,662.2,544.0,0.05,0.1,2.164949893951416,59.70288848876953,-663.3203125,549.7140502929688,2500.0,264.36497924061314,2690,-264.48000000001593,0.0,0.0,0.7550241556148025,"{2: 103, 3: 11, 4: 124, 6: 3, 5: 42, 0: 38, 1: 10}","{4: 21, 3: 201, 2: 75, 0: 5, 1: 29}","{1: 180, 0: 85, 2: 66}","{1: 237, 2: 20, 0: 74}","{1: 226, 0: 60, 2: 45}","{1: 204, 0: 67, 2: 60}",0.04476709549629396,0.023304869931924363,0.06922964911535763,0.0919366114564927,0.12595327221573258,0.06233987704412939,0.1539849285613062,0.16517308255902532,0.07034200403519578,0.07770033330978256,0.11051212471166924,0.10270404373893698
5390,2,max_steps,3,4,0,2175.567055513494,3500,747.0,704.5,0.05,0.1,2.1876237392425537,59.806880950927734,-663.3203125,536.02587890625,2000.0,455.24705551348103,2516,-279.6800000000129,0.0,0.0,0.6215905872895697,"{5: 66, 6: 113, 4: 40, 3: 2, 0: 100, 1: 13, 2: 16}","{4: 13, 3: 243, 2: 78, 1: 16}","{1: 82, 0: 126, 2: 142}","{1: 269, 2: 29, 0: 52}","{1: 126, 0: 104, 2: 120}","{1: 230, 0: 61, 2: 59}",0.09196412403086349,0.013876648187278353,0.12302305017279884,0.08933879932663621,0.226611591012572,0.07807400538268468,0.2503379680273523,0.14253202885022295,0.23884959765509045,0.018842809561303776,0.16008410398987438,0.10320748923685476
5400,2,crash,3,2,1,-606.6776132188943,1810,660.0,660.0,0.05,0.1,2.191047191619873,59.81338119506836,-663.3203125,533.8071899414062,1000.0,146.0112820866002,1372,-144.6400000000002,-108.04889530549352,-1500.0,-0.33518100177839466,"{4: 30, 3: 1, 0: 55, 1: 17, 2: 31, 5: 40, 6: 7}","{2: 30, 3: 80, 6: 26, 5: 5, 4: 8, 0: 19, 1: 13}","{1: 64, 2: 31, 0: 86}","{1: 89, 0: 59, 2: 33}","{1: 94, 2: 23, 0: 64}","{1: 111, 0: 37, 2: 33}",0.07381147896573055,0.0301454746629581,0.09490944006739567,0.09064927575832943,0.1442863888036831,0.1248563708701743,0.1966159436676803,0.3072780327734378,0.11809783160402651,0.03016514885409779,0.1579391860294576,0.06011989563530021
5410,2,crash,3,3,1,-178.4716020447711,1991,595.0,542.0,0.05,0.1,2.197641372680664,59.960548400878906,-663.3203125,543.2620239257812,1500.0,171.2821553752985,1382,-159.04000000000246,-190.71375742006782,-1500.0,-0.08963917732032702,"{5: 15, 4: 38, 3: 3, 2: 46, 1: 47, 0: 29, 6: 21}","{2: 45, 3: 133, 6: 21}","{1: 55, 2: 57, 0: 87}","{1: 141, 0: 38, 2: 20}","{1: 109, 2: 20, 0: 70}","{1: 157, 2: 12, 0: 30}",0.07456925146049707,0.015711738440265827,0.09119901978650184,0.0903081437339017,0.17637976660527085,0.07495030926742037,0.17952570904145737,0.11174101463788462,0.1626961610633798,0.02487372359239278,0.2266653093917084,0.0893485368776922
5420,2,success,3,5,0,2373.6616461924227,2817,563.4,558.0,0.05,0.1,2.2055888175964355,60.07051086425781,-663.3203125,530.0484619140625,2500.0,278.8427686671025,2571,-224.96000000001277,-180.22112247467996,0.0,0.8426203926845661,"{3: 50, 4: 71, 5: 54, 0: 52, 1: 10, 2: 44}","{4: 16, 1: 20, 0: 25, 2: 90, 5: 13, 3: 117}","{1: 127, 2: 65, 0: 89}","{1: 160, 2: 42, 0: 79}","{1: 160, 2: 51, 0: 70}","{1: 210, 2: 35, 0: 36}",0.057113441697982444,0.027076287975658583,0.0721063456843153,0.07548745389596558,0.13496682417303582,0.1223915838175281,0.15841692142067024,0.14866604311195114,0.08190601896977052,0.06036434254673348,0.13919147263804557,0.0994059734776356
5430,2,success,3,5,0,2531.9763561029367,3279,655.8,645.0,0.05,0.1,2.2073280811309814,60.10979080200195,-663.3203125,545.8319091796875,2500.0,293.8963561029322,2603,-261.92000000001644,0.0,0.0,0.772179431565397,"{2: 79, 1: 1, 3: 52, 4: 77, 6: 100, 5: 18}","{2: 75, 3: 186, 5: 21, 4: 16, 0: 23, 1: 6}","{1: 179, 2: 107, 0: 41}","{1: 220, 0: 59, 2: 48}","{1: 233, 0: 32, 2: 62}","{1: 229, 0: 47, 2: 51}",0.04249298038290168,0.01757394012776556,0.046042893567901755,0.07774666467237343,0.13027246863179556,0.14299415211725613,0.17086591804732515,0.18900720604084725,0.12391762167433974,0.11280121824555205,0.07597566571110077,0.15149787747519722
5440,2,max_steps,3,4,0,1944.6705062796577,3500,800.75,591.0,0.05,0.1,2.199373483657837,60.16231155395508,-663.3203125,530.69873046875,2000.0,345.85413482329415,3143,-279.6800000000129,-121.50362854363613,0.0,0.5556201446513308,"{5: 23, 4: 92, 3: 27, 0: 53, 1: 9, 2: 29, 6: 117}","{2: 52, 3: 214, 1: 17, 4: 24, 6: 34, 5: 4, 0: 5}","{1: 148, 2: 122, 0: 80}","{1: 237, 0: 59, 2: 54}","{1: 230, 2: 60, 0: 60}","{1: 235, 2: 50, 0: 65}",0.05992480242545374,0.020458445333797932,0.06742574493308898,0.09158549549738781,0.132323375605918,0.14487907708120823,0.16145548771463786,0.13261827718905905,0.06896124410187301,0.028070379762176162,0.13577379389432817,0.17692642051366478
5450,2,success,3,5,0,2576.297083857249,2105,421.0,332.0,0.05,0.1,2.211993932723999,60.26769256591797,-663.3203125,540.2215576171875,2500.0,244.29708385724018,1976,-168.00000000000387,0.0,0.0,1.2238941015948928,"{1: 22, 2: 65, 3: 63, 4: 60}","{6: 23, 5: 12, 4: 18, 3: 65, 0: 23, 1: 17, 2: 52}","{1: 145, 0: 62, 2: 3}","{1: 60, 2: 66, 0: 84}","{1: 167, 0: 43}","{1: 175, 0: 18, 2: 17}",0.03529430131578847,0.05603023622076965,0.0449047033551384,0.05177334459046097,0.12965627022106704,0.186568917981221,0.1525466173059816,0.11800120881212983,0.09032369559591209,0.15536769176523868,0.13548366538287232,0.10524656087245193
5460,2,success,3,5,0,2624.8550541618793,2802,560.4,582.0,0.05,0.1,2.222899913787842,60.371273040771484,-663.3203125,541.5704345703125,2500.0,348.61505416187737,2360,-223.76000000001258,0.0,0.0,0.9367791056966022,"{0: 22, 1: 8, 2: 90, 3: 12, 5: 33, 6: 69, 4: 46}","{6: 8, 5: 5, 4: 21, 3: 207, 2: 22, 0: 11, 1: 6}","{1: 133, 0: 63, 2: 84}","{1: 196, 2: 42, 0: 42}","{1: 175, 0: 36, 2: 69}","{1: 208, 0: 35, 2: 37}",0.052828350953204144,0.01590551832640927,0.06436407930758038,0.08520703043979955,0.19574326130339773,0.1550714330179118,0.24120465136249114,0.11378732265252067,0.13836839795801484,0.10748961164794253,0.08154753264702136,0.10630543783446667
5470,2,crash,3,2,1,-634.6986968012063,1012,440.0,440.0,0.05,0.1,2.2243878841400146,60.456783294677734,-663.3203125,536.81787109375,1000.0,129.6943894503449,705,-80.79999999999863,-183.59308625155026,-1500.0,-0.6271726252976347,"{2: 30, 3: 1, 6: 44, 5: 6, 4: 7, 1: 7, 0: 6}","{4: 6, 3: 81, 2: 14}","{1: 29, 0: 22, 2: 50}","{1: 82, 2: 18, 0: 1}","{1: 38, 0: 16, 2: 47}","{1: 49, 0: 32, 2: 20}",0.11617733580204352,0.014037493961832024,0.1440046740075128,0.10176048159075285,0.2590543689145357,0.043702334976664585,0.28542478478299604,0.18819339804583254,0.24995189606887477,0.018802634439418268,0.19128126646775365,0.11540837193927107
5480,2,max_steps,3,4,0,1974.121133107452,3500,784.25,666.5,0.05,0.1,2.2210533618927,60.564796447753906,-663.3203125,544.9666748046875,2000.0,328.92086319480813,2875,-279.6800000000129,-75.11973008735322,0.0,0.564034609459272,"{5: 78, 4: 116, 3: 13, 1: 48, 0: 26, 2: 34, 6: 35}","{3: 180, 2: 56, 6: 14, 5: 19, 4: 10, 0: 64, 1: 7}","{1: 110, 2: 123, 0: 117}","{1: 225, 2: 49, 0: 76}","{1: 166, 2: 94, 0: 90}","{1: 190, 2: 72, 0: 88}",0.07281836991496846,0.020656726276959032,0.1082741996112774,0.09796597923078182,0.1977404985755614,0.12181437069767392,0.265595728230934,0.28552631045828497,0.1990006399396095,0.03892548839478574,0.284135877958158,0.09617288716062677
5490,2,success,3,5,0,2202.675772608013,3137,627.4,606.0,0.05,0.1,2.239706039428711,60.66216278076172,-663.3203125,552.6371459960938,2500.0,341.55200235745053,2347,-250.56000000001677,-388.31622974944753,0.0,0.7021599530149867,"{2: 54, 3: 28, 4: 60, 5: 44, 6: 100, 0: 22, 1: 5}","{3: 187, 4: 19, 0: 19, 1: 32, 2: 39, 6: 11, 5: 6}","{1: 96, 0: 100, 2: 117}","{1: 178, 2: 40, 0: 95}","{1: 176, 0: 61, 2: 76}","{1: 232, 0: 27, 2: 54}",0.07094577126694167,0.020854866902974806,0.0875655898399223,0.08793015943101526,0.17961385903336288,0.13138782812933336,0.21053929904502164,0.10958711345751715,0.13849124455024092,0.01816469315404688,0.14706748543796286,0.09913827991854837
5500,2,max_steps,3,4,0,2016.724287522625,3500,860.75,783.5,0.05,0.1,2.236447811126709,60.7036018371582,-663.3203125,575.3094482421875,2000.0,297.6140800045514,2829,-279.6800000000129,-1.2097924819224581,0.0,0.5762069392921786,"{2: 170, 3: 9, 4: 40, 5: 41, 6: 46, 1: 44}","{6: 18, 5: 20, 4: 33, 3: 187, 0: 39, 1: 19, 2: 34}","{1: 146, 0: 135, 2: 69}","{1: 173, 2: 86, 0: 91}","{1: 246, 0: 60, 2: 44}","{1: 273, 0: 42, 2: 35}",0.06102212037893921,0.03159565100890649,0.0700612110712526,0.0728619484442983,0.1067261072205382,0.13612899605184942,0.15368685554965544,0.11395736663100055,0.09948749973815788,0.026809824176035862,0.11982055960017261,0.10358819228639388
5510,2,success,3,5,0,1886.0158796103021,3326,665.2,744.0,0.05,0.1,2.255798816680908,60.735939025878906,-663.3203125,539.21923828125,2500.0,538.9435981760213,2489,-265.6800000000157,-887.2477185657168,0.0,0.5670522788966633,"{3: 27, 4: 42, 5: 41, 0: 97, 1: 15, 2: 42, 6: 68}","{6: 7, 5: 7, 4: 7, 3: 200, 1: 20, 0: 53, 2: 38}","{1: 90, 0: 135, 2: 107}","{1: 228, 2: 38, 0: 66}","{1: 125, 2: 102, 0: 105}","{1: 234, 2: 48, 0: 50}",0.12623331770408341,0.0221504755804897,0.13715058344883133,0.08312234104974375,0.2564398362110354,0.13332741329442238,0.2992040820941206,0.19564142802531218,0.2641507184147727,0.20627778189319138,0.18792202744367298,0.11091271313824803
5520,2,success,3,5,0,2429.9847540039477,3175,635.0,614.0,0.05,0.1,2.266820192337036,60.81638717651367,-663.3203125,535.0192260742188,2500.0,456.10232139385965,2414,-253.60000000001725,-272.51756738991133,0.0,0.7653495288201411,"{3: 31, 2: 35, 4: 84, 6: 106, 5: 6, 0: 48, 1: 7}","{4: 22, 3: 184, 0: 14, 1: 20, 2: 55, 6: 14, 5: 8}","{1: 97, 0: 123, 2: 97}","{1: 172, 2: 58, 0: 87}","{1: 135, 0: 104, 2: 78}","{1: 228, 0: 47, 2: 42}",0.08969091594804109,0.026345157383976622,0.12021127959447583,0.07743086658998159,0.25511796650715574,0.14836354222151912,0.27044442413866393,0.18554934550933272,0.08056367465122849,0.14071209586987005,0.12673767740589392,0.10246583447763956
5530,2,crash,3,2,1,-2407.0007927507177,2752,611.5,611.5,0.05,0.1,2.272597551345825,60.852603912353516,-654.5050048828125,556.6986083984375,1000.0,255.80723293949762,1735,-220.000000000012,-1942.8080256902153,-1500.0,-0.8746369159704642,"{2: 132, 3: 12, 5: 12, 6: 59, 4: 8, 0: 41, 1: 11}","{4: 21, 3: 136, 1: 11, 2: 91, 6: 10, 5: 6}","{1: 126, 0: 102, 2: 47}","{1: 167, 2: 74, 0: 34}","{1: 174, 0: 64, 2: 37}","{1: 220, 0: 32, 2: 23}",0.057091318033940235,0.026780055461238007,0.06748609000381095,0.05783193463699805,0.18950094571731407,0.13046261520726743,0.2119099681653453,0.11431734564204928,0.07690474636330435,0.03221120318509152,0.0900882803846347,0.07187030568892856
5540,2,max_steps,3,4,0,2072.152834327312,3500,864.25,891.5,0.05,0.1,2.289482355117798,60.87313461303711,-654.5050048828125,523.755615234375,2000.0,351.8328343273113,3181,-279.6800000000129,0.0,0.0,0.5920436669506606,"{4: 76, 5: 22, 3: 11, 1: 60, 2: 97, 0: 8, 6: 76}","{5: 14, 4: 15, 3: 190, 2: 75, 0: 11, 1: 16, 6: 29}","{1: 180, 2: 94, 0: 76}","{1: 213, 2: 60, 0: 77}","{1: 249, 2: 72, 0: 29}","{1: 280, 2: 34, 0: 36}",0.04764782567896037,0.023376555986717618,0.05539860663173287,0.056344197001241894,0.14823439036265568,0.1674852452837229,0.16556239949787385,0.10696555340448168,0.11396083631309595,0.022557369785768357,0.12352675930727505,0.09109483719663047
5550,2,success,3,5,0,2645.131358707971,2191,438.2,307.0,0.05,0.1,2.29595947265625,60.97942352294922,-654.5050048828125,544.3275756835938,2500.0,320.01135870797003,2125,-174.88000000000494,0.0,0.0,1.2072712728014472,"{0: 12, 1: 15, 2: 63, 3: 52, 6: 48, 5: 9, 4: 20}","{5: 20, 4: 22, 3: 112, 0: 36, 1: 11, 2: 18}","{1: 73, 0: 80, 2: 66}","{1: 107, 2: 42, 0: 70}","{1: 123, 0: 50, 2: 46}","{1: 173, 0: 26, 2: 20}",0.08130375806195375,0.03051062986610133,0.08334093024166853,0.08365343226633798,0.14750568186984322,0.17415958667203854,0.1695378107308368,0.11773175546564697,0.07025506963905209,0.19991892747070522,0.13061759790937466,0.10207738758618204
5560,2,crash,3,3,1,-1069.7973908197787,2763,713.6666666666666,710.0,0.05,0.1,2.2904117107391357,61.01921463012695,-654.5050048828125,527.2764892578125,1500.0,270.2031965041659,2088,-220.80000000001212,-1119.2005873239452,-1500.0,-0.38718689497639475,"{3: 51, 4: 99, 6: 32, 5: 34, 2: 24, 1: 12, 0: 24}","{0: 40, 1: 15, 2: 40, 6: 50, 5: 14, 4: 19, 3: 98}","{1: 123, 0: 39, 2: 114}","{1: 86, 0: 96, 2: 94}","{1: 185, 2: 72, 0: 19}","{1: 175, 0: 50, 2: 51}",0.05669891129163966,0.06524397384985393,0.060387748027345076,0.08036675246977146,0.1313732826391858,0.1760091208116855,0.16647615841516922,0.17799825898879373,0.08804044671099688,0.18887020617401235,0.13912747549918045,0.07242555890422754
5570,2,crash,3,1,1,-1150.6723973309442,533,380.0,380.0,0.05,0.1,2.2989988327026367,61.0704231262207,-654.5050048828125,527.2764892578125,500.0,70.63924928016449,379,-42.55999999999945,-178.75164661110838,-1500.0,-2.1588600325158427,"{0: 20, 1: 8, 2: 9, 6: 16}","{3: 37, 0: 16}","{1: 9, 0: 44}","{1: 44, 2: 5, 0: 4}","{1: 11, 0: 42}","{1: 44, 0: 7, 2: 2}",0.1697289153389156,0.017779427325613145,0.18309877514093326,0.08856900265085162,0.20972814648989213,0.03282237370277581,0.24863472683782456,0.1455644191814839,0.20770128397215695,0.007546841483592948,0.19308671097307098,0.005876651254559303
5580,2,crash,3,1,1,-1432.4436900990695,928,431.0,431.0,0.05,0.1,2.282992124557495,61.16322708129883,-654.5050048828125,527.2764892578125,500.0,45.34255227467788,520,-74.15999999999877,-403.6262423737471,-1500.0,-1.543581562606756,"{1: 22, 2: 20, 3: 1, 6: 49}","{4: 50, 3: 31, 5: 11}","{1: 42, 0: 50}","{1: 56, 2: 22, 0: 14}","{1: 49, 0: 43}","{1: 51, 0: 22, 2: 19}",0.06261961815690092,0.02581281077317274,0.08866534085508057,0.09398178012163784,0.192521378029384,0.12665464531182652,0.23116491280018803,0.19061039313485276,0.17816292584882956,0.019349558457012733,0.25346783580426696,0.0836545721518373
5590,2,success,3,5,0,2626.1958815646776,1862,372.4,347.0,0.05,0.1,2.2782304286956787,61.30775833129883,-654.5050048828125,565.4989013671875,2500.0,274.7558815646744,1714,-148.56000000000083,0.0,0.0,1.4104166925696442,"{6: 19, 5: 8, 4: 10, 3: 3, 2: 128, 0: 10, 1: 8}","{3: 100, 2: 16, 4: 29, 0: 33, 1: 8}","{1: 80, 2: 36, 0: 70}","{1: 104, 2: 34, 0: 48}","{1: 91, 2: 33, 0: 62}","{1: 129, 2: 30, 0: 27}",0.07303990075059724,0.02375468281934619,0.10202803985515418,0.08759811865708683,0.2226570471640273,0.12438303497958753,0.24763343772789764,0.1870097669303334,0.21185975333998128,0.09276662334973532,0.21138777128117225,0.2027836437611592
5600,2,crash,3,3,1,-75.62508408321128,1553,473.0,498.0,0.05,0.1,2.2871897220611572,61.409812927246094,-654.5050048828125,528.370849609375,1500.0,213.16848514403264,1129,-123.99999999999771,-164.79356922724241,-1500.0,-0.048696126260921624,"{5: 23, 6: 28, 4: 11, 3: 1, 0: 49, 1: 18, 2: 25}","{4: 18, 3: 88, 0: 31, 1: 10, 2: 8}","{1: 39, 2: 34, 0: 82}","{1: 96, 2: 26, 0: 33}","{1: 55, 2: 25, 0: 75}","{1: 96, 0: 35, 2: 24}",0.11389631360270093,0.0269967426693265,0.11920574953097504,0.0907681048802104,0.19843747336519485,0.1447048656031906,0.23676061345935373,0.15215625137038832,0.18698847645504008,0.06076202166692694,0.21643160323554095,0.11929189626466837
5610,2,success,3,5,0,2705.3503810882153,2870,574.0,615.0,0.05,0.1,2.291330337524414,61.496917724609375,-654.5050048828125,527.2764892578125,2500.0,434.5503810882007,2364,-229.20000000001343,0.0,0.0,0.9426307948042562,"{2: 58, 6: 124, 5: 21, 4: 26, 3: 12, 0: 38, 1: 8}","{4: 24, 3: 140, 0: 37, 1: 22, 2: 21, 5: 11, 6: 32}","{1: 55, 0: 106, 2: 126}","{1: 157, 2: 73, 0: 57}","{1: 98, 0: 87, 2: 102}","{1: 193, 0: 44, 2: 50}",0.11987723522073744,0.02743300765975565,0.13301786067652754,0.08601946817489006,0.1923828003635577,0.16857381303257538,0.2258992472792924,0.14128933880696268,0.1677941491308201,0.14208329954358173,0.21255174245263903,0.10076878017584764
5620,2,success,3,5,0,2368.800457664244,2998,599.6,375.0,0.05,0.1,2.310577630996704,61.629947662353516,-654.5050048828125,542.54248046875,2500.0,458.0739315607592,2459,-239.44000000001503,-349.83347389651425,0.0,0.7901269038239639,"{5: 43, 4: 32, 3: 42, 6: 58, 0: 60, 1: 14, 2: 50}","{5: 12, 4: 33, 3: 122, 0: 43, 1: 9, 2: 14, 6: 66}","{1: 90, 2: 88, 0: 121}","{1: 133, 2: 77, 0: 89}","{1: 154, 2: 64, 0: 81}","{1: 200, 2: 41, 0: 58}",0.10066732961756782,0.03787033554130961,0.09846815751536146,0.07621800154755368,0.17458833134448412,0.2032976095728577,0.20592540677889448,0.19756640810358198,0.17005513634383154,0.2176278052830262,0.11203156865195744,0.12693489852578876
5630,2,crash,3,3,1,-90.78086104302838,1667,514.6666666666666,511.0,0.05,0.1,2.3049938678741455,61.76633071899414,-654.5050048828125,550.7764282226562,1500.0,246.26493878767218,1189,-133.1199999999984,-203.9257998306999,-1500.0,-0.054457625100796866,"{6: 69, 5: 9, 4: 12, 3: 2, 1: 24, 0: 28, 2: 22}","{1: 15, 2: 43, 3: 85, 6: 9, 5: 6, 4: 8}","{1: 37, 0: 85, 2: 44}","{1: 102, 0: 36, 2: 28}","{1: 65, 0: 64, 2: 37}","{1: 105, 0: 32, 2: 29}",0.1011286675998662,0.02681362076434192,0.13111052350972224,0.08841622855907119,0.25032581452005515,0.1266172106571663,0.22913388536392393,0.1802281027392142,0.2754588304544154,0.17563852788096415,0.2459568357251724,0.10389397760864781
5640,2,crash,3,1,1,-1175.610465510434,1181,1044.0,1044.0,0.05,0.1,2.2994401454925537,61.909210205078125,-654.5050048828125,544.263671875,500.0,121.96719557246647,630,-94.39999999999834,-203.17766108290044,-1500.0,-0.9954364652924929,"{6: 90, 5: 6, 4: 7, 3: 1, 0: 14}","{1: 48, 2: 13, 3: 43, 5: 7, 4: 7}","{1: 34, 0: 28, 2: 56}","{1: 49, 0: 45, 2: 24}","{1: 54, 0: 13, 2: 51}","{1: 80, 0: 30, 2: 8}",0.09530701700222165,0.03173283950348165,0.11285388403765559,0.07647077734559718,0.24631207445772438,0.095910879777276,0.2644458550225012,0.1438207376116282,0.24390395594203082,0.010227214556167027,0.1784182416575885,0.1095595716134022
5650,2,crash,3,2,1,-1239.7991325162784,2607,960.0,960.0,0.05,0.1,2.318023920059204,61.93560028076172,-654.5050048828125,539.2334594726562,1000.0,219.76666139293272,1517,-208.40000000001018,-751.1657939092108,-1500.0,-0.4755654516748287,"{4: 86, 5: 43, 3: 6, 0: 44, 1: 5, 2: 7, 6: 69}","{1: 40, 2: 18, 3: 114, 4: 25, 6: 29, 5: 5, 0: 29}","{1: 118, 0: 79, 2: 63}","{1: 135, 0: 67, 2: 58}","{1: 164, 0: 54, 2: 42}","{1: 182, 0: 40, 2: 38}",0.05530899431003845,0.029665523524773977,0.07260060140194428,0.0919915446123106,0.22643708296029283,0.17475145493272726,0.2335949539193037,0.18833406416820048,0.06471249857121286,0.031473308064022223,0.10983183770043362,0.10403796335013839
5660,2,max_steps,3,4,0,2047.3748712212384,3500,842.75,833.0,0.05,0.1,2.340651035308838,61.94413375854492,-654.5050048828125,534.0693359375,2000.0,327.05487122123816,3078,-279.6800000000129,0.0,0.0,0.5849642489203538,"{3: 30, 6: 43, 5: 43, 4: 90, 0: 81, 1: 28, 2: 35}","{6: 8, 5: 13, 4: 21, 0: 41, 1: 6, 2: 34, 3: 227}","{1: 160, 2: 74, 0: 116}","{1: 232, 2: 59, 0: 59}","{1: 244, 2: 54, 0: 52}","{1: 221, 2: 58, 0: 71}",0.05481839311866736,0.020080132335321157,0.060801256176605485,0.0865761807971584,0.09682848994520217,0.13999550098019412,0.14004849226638347,0.1702490776167655,0.08109424416639897,0.06852459594467189,0.05774875413770854,0.1789268768946517
5670,2,success,3,5,0,2520.025033389833,3353,670.6,638.0,0.05,0.1,2.3482868671417236,61.99991226196289,-654.5050048828125,525.723876953125,2500.0,427.19364050052366,3031,-267.84000000001527,-139.32860711069964,0.0,0.7515732279719156,"{6: 106, 5: 21, 4: 45, 3: 11, 2: 95, 0: 27, 1: 30}","{0: 19, 1: 18, 2: 60, 3: 206, 6: 9, 5: 6, 4: 17}","{1: 107, 2: 120, 0: 108}","{1: 203, 0: 98, 2: 34}","{1: 175, 2: 96, 0: 64}","{1: 220, 2: 51, 0: 64}",0.08534869692979484,0.025929053182089892,0.0963657980224159,0.08997049070657098,0.14619012857438335,0.14482703645224712,0.1855581971770103,0.20711348159780682,0.14945915556473652,0.03574256838772245,0.16960092172595842,0.22539704510093295
5680,2,max_steps,3,4,0,2144.286830157329,3500,705.0,678.5,0.05,0.1,2.37321138381958,62.052001953125,-654.5050048828125,529.4710083007812,2000.0,423.9668301573078,2794,-279.6800000000129,0.0,0.0,0.6126533800449512,"{2: 70, 3: 7, 6: 139, 5: 41, 4: 29, 0: 57, 1: 7}","{0: 3, 1: 11, 2: 84, 3: 169, 6: 43, 5: 15, 4: 25}","{1: 107, 0: 127, 2: 116}","{1: 193, 0: 78, 2: 79}","{1: 149, 0: 104, 2: 97}","{1: 235, 0: 51, 2: 64}",0.09313929429792289,0.027368281970961736,0.1163136010899064,0.0888247575299531,0.20396029232867455,0.1295375086000751,0.22817544788316205,0.18748571917030127,0.16077457296424624,0.02476555337442638,0.14940582363804367,0.10758103028321396
5690,2,max_steps,3,3,0,1575.8535206791576,3500,1082.3333333333333,713.0,0.05,0.1,2.3724727630615234,62.05307388305664,-654.5050048828125,529.4710083007812,1500.0,355.6135206791598,2586,-279.7600000000129,0.0,0.0,0.45024386305118785,"{0: 72, 1: 19, 2: 31, 3: 3, 6: 69, 5: 43, 4: 113}","{0: 8, 1: 8, 2: 49, 3: 235, 6: 35, 5: 7, 4: 8}","{1: 92, 0: 139, 2: 119}","{1: 259, 0: 49, 2: 42}","{1: 161, 0: 112, 2: 77}","{1: 216, 0: 60, 2: 74}",0.08472991069306635,0.015658818262374676,0.10495515594191096,0.0923805055318212,0.154467801159418,0.12246188498891963,0.19297688428184692,0.23111995528494594,0.14637937095384188,0.02473618350799687,0.21194063335446559,0.1359826271097637
5700,2,max_steps,3,4,0,2138.1266135601177,3500,717.75,720.5,0.05,0.1,2.385939598083496,62.06700897216797,-654.5050048828125,522.7022705078125,2000.0,417.8066135601023,2679,-279.6800000000129,0.0,0.0,0.6108933181600337,"{2: 65, 3: 4, 6: 45, 5: 60, 4: 47, 0: 110, 1: 19}","{1: 17, 2: 74, 3: 177, 5: 17, 4: 20, 0: 20, 6: 25}","{1: 115, 0: 140, 2: 95}","{1: 202, 0: 87, 2: 61}","{1: 189, 0: 94, 2: 67}","{1: 237, 0: 58, 2: 55}",0.0715587658890263,0.02605890365626109,0.09173485612410248,0.08266692771524468,0.20166434322405716,0.1648567210679404,0.23333963134878574,0.19766944519159077,0.24364800711665865,0.010198560092674544,0.21533392929742207,0.34789015621892044
5710,2,crash,3,2,1,-694.1380648278347,2653,1181.0,1181.0,0.05,0.1,2.4066834449768066,62.12674331665039,-654.5050048828125,532.0660400390625,1000.0,255.0375886333971,1946,-212.08000000001076,-237.09565346122986,-1500.0,-0.26164269311264027,"{1: 45, 2: 41, 3: 4, 6: 102, 5: 15, 4: 58}","{0: 10, 1: 7, 2: 57, 3: 149, 4: 22, 6: 15, 5: 5}","{1: 82, 0: 53, 2: 130}","{1: 192, 0: 36, 2: 37}","{1: 160, 0: 25, 2: 80}","{1: 202, 0: 28, 2: 35}",0.08914076182785394,0.013848061000363511,0.0898848817861461,0.07783799156900693,0.1362227240763375,0.14018384504007117,0.15442898233544183,0.13409283439909378,0.13862536501995673,0.01000929491755759,0.15900302979025113,0.11656207887548428
5720,2,max_steps,3,4,0,1539.3539417314344,3500,814.0,875.5,0.05,0.1,2.408641815185547,62.22276306152344,-654.5050048828125,532.5513916015625,2000.0,407.054869136547,2658,-279.6800000000129,-588.0209274051113,0.0,0.43981541192326695,"{5: 37, 4: 23, 3: 8, 0: 54, 1: 49, 2: 101, 6: 78}","{1: 17, 2: 81, 3: 178, 6: 43, 5: 14, 4: 17}","{1: 91, 2: 118, 0: 141}","{1: 205, 0: 87, 2: 58}","{1: 166, 2: 91, 0: 93}","{1: 205, 2: 65, 0: 80}",0.09444089587388448,0.02774196451460796,0.10235367829104146,0.09361622464557603,0.2017840597313668,0.13903839629302922,0.24702534406134172,0.20091385329120803,0.2231764891982661,0.03150702220462888,0.3569049305494204,0.15855147566214786
5730,2,max_steps,3,1,0,467.888990498255,3500,2911.0,2911.0,0.05,0.1,2.409135580062866,62.22316360473633,-654.5050048828125,544.4707641601562,500.0,247.80899049825436,1959,-279.92000000001286,0.0,0.0,0.13368256871378714,"{6: 12, 5: 99, 4: 179, 3: 1, 0: 59}","{2: 32, 3: 311, 4: 7}","{1: 168, 2: 103, 0: 79}","{1: 314, 0: 30, 2: 6}","{1: 223, 2: 68, 0: 59}","{1: 260, 2: 53, 0: 37}",0.0521341524243408,0.011968974524969166,0.07373132529511722,0.08826308226933871,0.15890007844520093,0.030307601282996862,0.21099656519799193,0.10916197339244914,0.1720784154546486,0.015915106023127044,0.21776469548539673,0.09007977532704117
5740,2,max_steps,3,3,0,895.4177541312936,3500,849.0,528.0,0.05,0.1,2.405975341796875,62.21495056152344,-654.5050048828125,544.4707641601562,1500.0,351.8639589496722,2933,-279.7600000000129,-676.6862048183746,0.0,0.25583364403751246,"{6: 142, 5: 42, 4: 57, 3: 11, 1: 40, 2: 39, 0: 19}","{6: 10, 5: 5, 4: 18, 3: 239, 2: 58, 1: 20}","{1: 104, 2: 133, 0: 113}","{1: 224, 2: 55, 0: 71}","{1: 199, 2: 83, 0: 68}","{1: 219, 2: 62, 0: 69}",0.08760733189296063,0.024508964220102472,0.091156327386936,0.09208474359923752,0.12864269785394544,0.09991864269110821,0.17258910088117363,0.19477573049725475,0.11255185757550441,0.033731228815760725,0.12084269685742217,0.09713404042089636
5750,2,crash,3,2,1,-684.3983113268455,2448,1126.0,1126.0,0.05,0.1,2.4087560176849365,62.32349395751953,-654.5050048828125,544.4707641601562,1000.0,197.93846339948144,1472,-195.6800000000082,-186.65677472632558,-1500.0,-0.2795744735812277,"{4: 34, 5: 37, 6: 63, 3: 2, 0: 69, 1: 25, 2: 14}","{1: 10, 2: 30, 3: 163, 5: 14, 4: 8, 0: 19}","{1: 80, 0: 117, 2: 47}","{1: 166, 0: 35, 2: 43}","{1: 135, 0: 68, 2: 41}","{1: 164, 0: 45, 2: 35}",0.06681595820974685,0.01913690133481797,0.08724366015015296,0.08889921582332015,0.1869543472233646,0.10306442071757083,0.2138298725688754,0.1879589860372059,0.20578756781757207,0.015302987331102915,0.28644726170419155,0.08741958738487399
5760,2,crash,3,1,1,-1975.6953430095355,1666,772.0,772.0,0.05,0.1,2.402696371078491,62.42448806762695,-654.5050048828125,547.2323608398438,500.0,85.33753942381126,929,-133.19999999999843,-927.8328824333443,-1500.0,-1.1858915624306936,"{2: 76, 3: 1, 6: 89}","{6: 10, 5: 7, 4: 8, 3: 42, 2: 24, 0: 60, 1: 15}","{1: 80, 0: 75, 2: 11}","{1: 67, 2: 34, 0: 65}","{1: 98, 0: 55, 2: 13}","{1: 117, 0: 20, 2: 29}",0.05203577036040296,0.034380569261933405,0.0757851939916081,0.04897958928315989,0.12326959330527257,0.15048543083842011,0.16223073904231863,0.2011481090543342,0.10641381590990631,0.034732061737467505,0.15184480951215623,0.04387586545423866
5770,2,max_steps,3,4,0,1052.3563988544681,3500,778.5,735.5,0.05,0.1,2.3990797996520996,62.519775390625,-654.5050048828125,547.2323608398438,2000.0,273.8074720875567,2292,-279.6800000000129,-941.7710732330868,0.0,0.30067325681556234,"{3: 60, 4: 115, 2: 31, 1: 42, 5: 9, 6: 84, 0: 9}","{0: 9, 1: 6, 2: 68, 3: 186, 4: 47, 5: 26, 6: 8}","{1: 155, 0: 85, 2: 110}","{1: 193, 0: 71, 2: 86}","{1: 221, 2: 74, 0: 55}","{1: 245, 0: 54, 2: 51}",0.05605436318752706,0.028087785863309383,0.07856841822477731,0.08881982552894505,0.19959853840536076,0.12771506858368817,0.21058989333903447,0.1447138476148492,0.0884058672291889,0.0884854639831315,0.12838825432040138,0.10673503625895191
5780,2,max_steps,3,4,0,2030.8049681366188,3500,837.5,838.0,0.05,0.1,2.4122352600097656,62.59230041503906,-654.5050048828125,540.08203125,2000.0,310.4849681366211,2753,-279.6800000000129,0.0,0.0,0.5802299908961768,"{6: 78, 5: 55, 4: 61, 3: 49, 0: 63, 1: 19, 2: 25}","{2: 55, 3: 228, 4: 32, 1: 11, 6: 16, 5: 8}","{1: 130, 2: 119, 0: 101}","{1: 235, 0: 45, 2: 70}","{1: 228, 2: 57, 0: 65}","{1: 245, 2: 49, 0: 56}",0.07149762058012968,0.02143400542848114,0.07382706711266968,0.08422454135631849,0.1373339006930421,0.07289782041760151,0.17675822909203837,0.16698161057715455,0.11374142346989441,0.0396864555419244,0.12299168612956142,0.09719104012335195
5790,2,success,3,5,0,2515.8631271338327,3438,687.6,712.0,0.05,0.1,2.4332475662231445,62.63762283325195,-654.5050048828125,540.08203125,2500.0,409.03830040877517,2871,-274.6400000000139,-118.53517327493861,0.0,0.7317810142913999,"{3: 32, 4: 74, 2: 81, 1: 48, 6: 55, 5: 9, 0: 44}","{1: 24, 2: 36, 3: 156, 6: 38, 5: 11, 4: 14, 0: 64}","{1: 121, 2: 94, 0: 128}","{1: 160, 0: 112, 2: 71}","{1: 201, 2: 62, 0: 80}","{1: 229, 2: 57, 0: 57}",0.07329739510758843,0.04217542463321311,0.08406808256770268,0.08254046971183365,0.1435506081513763,0.18684771471972356,0.18879389414249603,0.16583911629968642,0.08005083762361159,0.14161184806164714,0.12090745316706013,0.10263848736713892
5800,2,crash,3,4,1,-309.33254785071836,2424,515.0,538.5,0.05,0.1,2.433689594268799,62.71661376953125,-654.5050048828125,525.1473999023438,2000.0,186.55665478398058,1931,-193.60000000000787,-802.289202634697,-1500.0,-0.12761243723214455,"{5: 19, 4: 37, 3: 43, 1: 50, 2: 41, 0: 15, 6: 37}","{3: 148, 2: 35, 4: 11, 0: 4, 1: 9, 5: 35}","{1: 97, 2: 33, 0: 112}","{1: 175, 2: 22, 0: 45}","{1: 183, 2: 12, 0: 47}","{1: 217, 2: 14, 0: 11}",0.06575744680856574,0.021079309392478034,0.07841009521163009,0.06250816833997144,0.09934123732870408,0.07105222031941029,0.11355477961674969,0.10000396398444066,0.09653468280019717,0.03270275461543663,0.10726079469979977,0.09684318563465982
5810,2,success,3,5,0,2709.371815772301,3160,632.0,841.0,0.05,0.1,2.4495227336883545,62.803043365478516,-654.5050048828125,596.4381103515625,2500.0,494.1713525137447,2728,-252.40000000001706,-32.399536741450035,0.0,0.8573961442317408,"{3: 34, 6: 134, 5: 44, 4: 20, 0: 67, 1: 7, 2: 10}","{6: 16, 5: 22, 4: 24, 0: 45, 1: 32, 2: 28, 3: 149}","{1: 110, 2: 110, 0: 96}","{1: 131, 2: 94, 0: 91}","{1: 153, 2: 96, 0: 67}","{1: 204, 2: 62, 0: 50}",0.07519561173432177,0.03573167057520052,0.10525768922445666,0.09063930311427054,0.2088899999840006,0.16660229941708138,0.2557541066937499,0.17719429662833433,0.24662508619904464,0.19898237186506584,0.24623691755759092,0.20430193251737205
5820,2,crash,3,1,1,-1091.566007956016,899,374.0,374.0,0.05,0.1,2.4358317852020264,62.91573715209961,-654.5050048828125,579.3162841796875,500.0,132.14832421612684,700,-71.83999999999882,-151.87433217214257,-1500.0,-1.2142002313192612,"{0: 19, 1: 8, 2: 10, 5: 30, 6: 22}","{6: 10, 5: 7, 4: 8, 3: 12, 0: 52}","{1: 30, 0: 47, 2: 12}","{1: 22, 2: 28, 0: 39}","{1: 27, 0: 46, 2: 16}","{1: 34, 0: 34, 2: 21}",0.07766599730764778,0.0940564221506656,0.16086966935063354,0.13676566578839613,0.21317900146556462,0.16374136132798814,0.3483292184721214,0.29631323692184264,0.20828158370457064,0.015017433543298963,0.1468370149027698,0.33009408570811755
5830,2,max_steps,3,3,0,1610.9896711337144,3500,912.6666666666666,1139.0,0.05,0.1,2.4660282135009766,62.96124267578125,-654.5050048828125,564.4978637695312,1500.0,390.7496711337161,2856,-279.7600000000129,0.0,0.0,0.46028276318106126,"{0: 105, 1: 30, 2: 24, 6: 63, 5: 86, 4: 41, 3: 1}","{0: 26, 1: 21, 2: 114, 3: 147, 6: 31, 5: 5, 4: 6}","{1: 107, 0: 136, 2: 107}","{1: 205, 0: 103, 2: 42}","{1: 182, 0: 84, 2: 84}","{1: 210, 0: 67, 2: 73}",0.07468897043810213,0.02567056179981171,0.09495023478697392,0.09413759259264595,0.14601466988840126,0.17090407141653194,0.18653503645379466,0.18154347199524554,0.18113128697762934,0.019357726716471898,0.18351684117602873,0.2485994336456382
5840,2,success,3,5,0,2472.953559261571,3383,676.6,658.0,0.05,0.1,2.4829609394073486,63.02016067504883,-654.5050048828125,549.4447631835938,2500.0,243.19355926157203,2892,-270.2400000000148,0.0,0.0,0.73099425340277,"{3: 31, 4: 138, 0: 15, 1: 22, 2: 132}","{4: 47, 3: 144, 0: 28, 1: 8, 2: 92, 6: 14, 5: 5}","{1: 212, 0: 82, 2: 44}","{1: 182, 2: 64, 0: 92}","{1: 273, 0: 40, 2: 25}","{1: 266, 0: 34, 2: 38}",0.03229834092358294,0.0289009326041785,0.04656929303888603,0.07461673379490524,0.07541380792710739,0.1488109307799969,0.11369725055304937,0.10509897297929978,0.07550624466888288,0.09005775924053308,0.10683685661890856,0.10176913220462915
5850,2,crash,3,3,1,-110.06985126037671,1902,587.3333333333334,450.0,0.05,0.1,2.4858195781707764,63.11174011230469,-654.5050048828125,543.4223022460938,1500.0,257.3461310401731,1670,-151.92000000000135,-215.49598230054946,-1500.0,-0.05787058425887314,"{4: 51, 3: 12, 6: 18, 5: 23, 0: 75, 1: 5, 2: 6}","{3: 128, 2: 16, 6: 7, 5: 7, 4: 8, 1: 10, 0: 14}","{1: 65, 2: 49, 0: 76}","{1: 128, 2: 28, 0: 34}","{1: 106, 2: 26, 0: 58}","{1: 132, 2: 25, 0: 33}",0.07527339580298473,0.013744873343930552,0.08564506806765615,0.0920356055774664,0.24917740249481624,0.12138420703931217,0.2833804789423775,0.12918515963382685,0.10804429655711056,0.013515943099045188,0.05114324758158147,0.10558571311117171
5860,2,success,3,5,0,2580.109670544155,1877,375.4,230.0,0.05,0.1,2.496553421020508,63.20531463623047,-654.5050048828125,553.4679565429688,2500.0,229.86967054415425,1649,-149.760000000001,0.0,0.0,1.3745922592137214,"{3: 32, 1: 46, 2: 41, 6: 39, 5: 12, 4: 17}","{4: 35, 1: 23, 2: 53, 3: 54, 5: 22}","{1: 81, 0: 37, 2: 69}","{1: 81, 2: 57, 0: 49}","{1: 115, 0: 32, 2: 40}","{1: 151, 0: 24, 2: 12}",0.07316660762387056,0.033829352872435034,0.07722565186202657,0.07521292449953834,0.12141087885795754,0.1381662855337189,0.1592836749949738,0.11308500583160803,0.1248030325143192,0.15597202460533752,0.14056002920233837,0.10190882614383115
5870,2,crash,3,1,1,-1483.7265987825645,1344,813.0,813.0,0.05,0.1,2.5027315616607666,63.23625564575195,-654.5050048828125,541.7948608398438,500.0,121.51708462404798,1165,-107.43999999999807,-497.8036834066121,-1500.0,-1.103963243141789,"{6: 22, 5: 12, 4: 44, 3: 18, 2: 37, 1: 1}","{4: 12, 3: 68, 2: 19, 0: 27, 1: 8}","{1: 53, 2: 81}","{1: 65, 2: 16, 0: 53}","{1: 86, 2: 48}","{1: 90, 2: 29, 0: 15}",0.05745256796451292,0.03723210580716803,0.06708972188097106,0.08903089808102015,0.11513969675380278,0.1383091000113098,0.15810220637365552,0.1588044965000228,0.08085009808848347,0.014521992759041643,0.10594608042666588,0.10457943096809016
5880,2,max_steps,3,4,0,1273.8238304034408,3500,826.0,824.0,0.05,0.1,2.508052349090576,63.28489685058594,-654.5050048828125,558.472412109375,2000.0,312.2472792809852,2725,-279.6800000000129,-758.7434488775449,0.0,0.3639496658295545,"{4: 89, 5: 50, 3: 27, 1: 103, 2: 61, 6: 20}","{5: 11, 4: 44, 3: 126, 2: 59, 0: 65, 1: 17, 6: 28}","{1: 165, 0: 113, 2: 72}","{1: 141, 2: 91, 0: 118}","{1: 221, 2: 65, 0: 64}","{1: 246, 0: 54, 2: 50}",0.05333280878882725,0.03280088271021642,0.07578212489631177,0.07157046934882108,0.12813440194268066,0.15225841952321667,0.16166197999514165,0.14132472310404143,0.13282518406402472,0.03283592622220162,0.14673575652840853,0.10462653803892442
5890,2,crash,3,2,1,-1117.7031740094274,2645,1229.5,1229.5,0.05,0.1,2.507235527038574,63.31878662109375,-654.5050048828125,558.472412109375,1000.0,256.621855697707,2230,-211.44000000001066,-662.8850297071348,-1500.0,-0.4225720884723733,"{6: 48, 5: 30, 4: 17, 0: 127, 1: 17, 2: 25}","{4: 18, 3: 193, 2: 50, 5: 3}","{1: 77, 2: 58, 0: 129}","{1: 214, 2: 18, 0: 32}","{1: 147, 2: 41, 0: 76}","{1: 197, 2: 24, 0: 43}",0.07844198783523032,0.018743536313098746,0.08789179824256796,0.08758135654332366,0.1540120990405586,0.034804004158497,0.20539821671430603,0.1423377439638412,0.1709794435900826,0.028376684194847797,0.24145795194358283,0.10043071372149198
5900,2,max_steps,3,3,0,795.2161639185333,3500,845.3333333333334,1029.0,0.05,0.1,2.5143754482269287,63.3591423034668,-654.5050048828125,550.61865234375,1500.0,313.18613999068634,2701,-279.7600000000129,-738.2099760721521,0.0,0.2272046182624381,"{1: 41, 2: 38, 6: 87, 5: 77, 4: 36, 0: 70, 3: 1}","{3: 247, 1: 28, 2: 27, 4: 15, 6: 29, 5: 4}","{1: 107, 0: 143, 2: 100}","{1: 244, 2: 57, 0: 49}","{1: 189, 0: 79, 2: 82}","{1: 222, 0: 70, 2: 58}",0.07917319042756145,0.02135579069441621,0.09428775154659477,0.09228990395152498,0.13633031426730963,0.13135924049653389,0.1775165148038934,0.1690717790162679,0.20377910534324004,0.019717291434801644,0.28001288182278483,0.056203806584464416
5910,2,crash,3,2,1,-616.8608075582906,1527,677.5,677.5,0.05,0.1,2.5105698108673096,63.46133041381836,-654.5050048828125,550.61865234375,1000.0,161.84547868819436,972,-121.99999999999775,-156.7062862464837,-1500.0,-0.4039690946681667,"{1: 45, 2: 22, 3: 1, 6: 54, 5: 6, 4: 7, 0: 17}","{1: 7, 2: 66, 3: 62, 6: 2, 5: 15}","{1: 49, 0: 47, 2: 56}","{1: 93, 0: 44, 2: 15}","{1: 74, 0: 26, 2: 52}","{1: 124, 2: 7, 0: 21}",0.0883604570000931,0.024658247365194837,0.10414163448603149,0.08064708143853828,0.2680066181827816,0.0693658473086011,0.2891312141524001,0.11223970077268317,0.2869785528681937,0.006600765074883782,0.2999014239595258,0.0644151340185996
5920,2,crash,3,2,1,-592.4974589658008,1777,805.5,805.5,0.05,0.1,2.5152792930603027,63.53316116333008,-654.5050048828125,550.61865234375,1000.0,225.1135661053035,1373,-141.9999999999998,-175.61102507110252,-1500.0,-0.3334256944095671,"{0: 33, 1: 14, 2: 17, 3: 2, 6: 87, 5: 14, 4: 10}","{3: 95, 0: 31, 1: 6, 2: 8, 4: 21, 6: 16}","{1: 30, 0: 56, 2: 91}","{1: 114, 2: 26, 0: 37}","{1: 70, 0: 34, 2: 73}","{1: 122, 0: 37, 2: 18}",0.11316898433300239,0.02301936072805641,0.12300693427059141,0.08947396927299503,0.20721987713094575,0.16542286777336362,0.23868499692280962,0.18709350422321158,0.2390390527734381,0.009046892794723857,0.30591680786813685,0.05057690470823657
5930,2,success,3,5,0,2579.238823723455,2201,440.2,453.0,0.05,0.1,2.5189545154571533,63.63982391357422,-654.5050048828125,546.5696411132812,2500.0,276.2063365331741,1627,-175.68000000000507,-21.28751280971632,0.0,1.171848625044732,"{3: 27, 4: 93, 2: 42, 1: 28, 6: 20, 5: 10}","{6: 9, 5: 6, 4: 22, 3: 83, 1: 22, 2: 68, 0: 10}","{1: 85, 0: 51, 2: 84}","{1: 109, 2: 45, 0: 66}","{1: 113, 2: 77, 0: 30}","{1: 190, 0: 12, 2: 18}",0.07303691229005091,0.0303640704916007,0.09422198259642403,0.07105565216226375,0.18265511219071962,0.14558754325294843,0.21288650532610284,0.10314517285727386,0.18014358942888628,0.19459643150192413,0.22159355525134863,0.10126455803259247
5940,2,max_steps,3,4,0,1085.720504516246,3500,778.75,667.0,0.05,0.1,2.511786699295044,63.7243766784668,-654.5050048828125,546.5696411132812,2000.0,400.0790438697426,2806,-279.6800000000129,-1034.6785393534963,0.0,0.31020585843321313,"{0: 45, 1: 32, 2: 92, 6: 110, 5: 16, 4: 46, 3: 9}","{6: 21, 5: 18, 4: 16, 3: 195, 2: 40, 0: 43, 1: 17}","{1: 129, 0: 114, 2: 107}","{1: 184, 2: 74, 0: 92}","{1: 186, 0: 89, 2: 75}","{1: 239, 0: 60, 2: 51}",0.08510373646808922,0.029391689344299962,0.09356293494285581,0.08659767801221838,0.16391072488678465,0.1753782692643329,0.20748531170247597,0.19811531941363864,0.1745120061146016,0.02535059411076151,0.18427671465186168,0.17308333548811816
5950,2,crash,3,2,1,-713.1682189447505,638,236.5,236.5,0.05,0.1,2.5114152431488037,63.85027313232422,-654.5050048828125,546.5696411132812,1000.0,93.86124779907549,466,-50.87999999999927,-256.1494667438252,-1500.0,-1.117818524991772,"{3: 13, 0: 17, 1: 8, 2: 9, 6: 16}","{1: 2, 2: 10, 4: 23, 3: 15, 5: 13}","{1: 16, 0: 47}","{1: 25, 0: 24, 2: 14}","{1: 28, 0: 35}","{1: 49, 0: 3, 2: 11}",0.12821110475661318,0.03780699165077433,0.12073107379702744,0.08608534647183197,0.2084294581735834,0.1378278011649719,0.23977211710247417,0.1087941978335089,0.2087670286864709,0.14851632081349936,0.1718600800425304,0.10397405424018297
5960,2,success,3,5,0,2017.1346342979414,2703,540.6,442.0,0.05,0.1,2.512871503829956,63.91805648803711,-654.5050048828125,547.9658203125,2500.0,403.36535020898737,2247,-215.84000000001134,-670.3907159110489,0.0,0.7462577263403408,"{0: 16, 1: 10, 2: 16, 3: 44, 4: 95, 5: 41, 6: 48}","{6: 38, 5: 14, 4: 23, 3: 142, 0: 29, 1: 5, 2: 19}","{1: 109, 0: 66, 2: 95}","{1: 137, 2: 71, 0: 62}","{1: 145, 0: 45, 2: 80}","{1: 179, 0: 43, 2: 48}",0.07321671613346985,0.02915903843218813,0.09220624554533766,0.08992719687514772,0.20299862917641612,0.1745694947863179,0.22989840844318865,0.156877640023145,0.22375037366147574,0.18385898358433378,0.21910183279216833,0.11159892116750084
5970,2,crash,3,3,1,-545.9570399804833,2144,685.0,727.0,0.05,0.1,2.501293420791626,64.04940795898438,-654.5050048828125,546.5696411132812,1500.0,314.1017654464016,1642,-171.28000000000438,-688.7788054268834,-1500.0,-0.25464414178194184,"{6: 86, 5: 14, 4: 15, 0: 50, 1: 31, 2: 17, 3: 1}","{4: 8, 3: 127, 0: 20, 1: 15, 2: 35, 6: 7, 5: 2}","{1: 50, 2: 88, 0: 76}","{1: 136, 2: 19, 0: 59}","{1: 87, 2: 86, 0: 41}","{1: 137, 2: 36, 0: 41}",0.10915782032412939,0.021838117648585183,0.13561502342301396,0.08957985179592338,0.2566643349929596,0.10441916428170465,0.30051014491877537,0.23018162049689658,0.280474602101809,0.018684802393911064,0.26427734016180116,0.12438634301131693
5980,2,success,3,5,0,2462.498942183262,2072,414.4,387.0,0.05,0.1,2.5069668292999268,64.16014862060547,-654.5050048828125,541.9357299804688,2500.0,377.292511502972,1850,-165.36000000000345,-249.43356931971172,0.0,1.1884647404359372,"{3: 70, 4: 24, 0: 36, 1: 11, 2: 13, 6: 48, 5: 5}","{0: 28, 1: 32, 2: 38, 6: 29, 5: 5, 4: 4, 3: 71}","{1: 79, 2: 71, 0: 57}","{1: 86, 0: 78, 2: 43}","{1: 112, 0: 43, 2: 52}","{1: 163, 2: 13, 0: 31}",0.06236698124748861,0.04750339426585009,0.08733082907024163,0.0641438153231992,0.24789897635888655,0.19110223551752292,0.2702586939433282,0.17627473994769005,0.2121903507231519,0.217951373416237,0.215901138502708,0.1027870258654341
5990,2,success,3,5,0,2652.3672284240033,2769,553.8,601.0,0.05,0.1,2.516315460205078,64.2463150024414,-654.5050048828125,539.0602416992188,2500.0,373.48722842400656,2152,-221.12000000001217,0.0,0.0,0.9578791001892392,"{1: 20, 2: 94, 3: 24, 6: 75, 5: 28, 4: 35}","{3: 167, 2: 45, 6: 8, 5: 7, 4: 18, 0: 25, 1: 6}","{1: 60, 0: 120, 2: 96}","{1: 178, 0: 65, 2: 33}","{1: 101, 0: 88, 2: 87}","{1: 179, 0: 55, 2: 42}",0.11436793267931838,0.024535362710486133,0.14002171191645527,0.08955950603654897,0.21877290177670244,0.1413620489984856,0.263429609972389,0.22402360487930154,0.21849556995627856,0.032928235488874566,0.2521733164115778,0.17839045293239006
6000,2,crash,3,2,1,-2534.3913490257073,1543,221.0,221.0,0.05,0.1,2.501589775085449,64.37705993652344,-654.5050048828125,547.0301513671875,1000.0,101.55014129199293,1004,-123.27999999999773,-2012.6614903176996,-1500.0,-1.6425089753893112,"{3: 23, 0: 3, 1: 17, 2: 13, 4: 98}","{2: 40, 1: 4, 5: 3, 4: 43, 3: 64}","{1: 66, 0: 70, 2: 18}","{1: 58, 0: 46, 2: 50}","{1: 88, 0: 52, 2: 14}","{1: 97, 0: 25, 2: 32}",0.05611966478237887,0.04241269454177757,0.09300510023716158,0.08874759790305924,0.17112177562417086,0.11602325612410457,0.18807020292475468,0.1405842750734471,0.15995377373781763,0.11241553491681906,0.18699230333290423,0.14149289736060738
6010,2,crash,3,3,1,-659.6148413400217,2084,629.3333333333334,667.0,0.05,0.1,2.5030858516693115,64.4964370727539,-654.5050048828125,554.888671875,1500.0,245.35723706621116,1321,-166.48000000000363,-738.4920784062316,-1500.0,-0.31651383941459776,"{1: 19, 2: 17, 6: 74, 5: 17, 4: 51, 3: 11, 0: 19}","{4: 8, 3: 127, 0: 4, 1: 9, 2: 40, 6: 20}","{1: 44, 0: 64, 2: 100}","{1: 145, 2: 15, 0: 48}","{1: 61, 0: 56, 2: 91}","{1: 134, 0: 40, 2: 34}",0.12661937788362937,0.021535354722256504,0.159455799848332,0.08867496766314191,0.2352847346598793,0.09836827369519711,0.2727656975132964,0.205087489424003,0.1934615282312237,0.0663066045190158,0.2666099293800519,0.09226891807900571
6020,2,success,3,5,0,2626.246826961677,2103,420.6,366.0,0.05,0.1,2.505828380584717,64.54032897949219,-654.5050048828125,542.2587280273438,2500.0,294.0868269616797,1745,-167.84000000000384,0.0,0.0,1.2488097132485387,"{4: 73, 3: 3, 5: 19, 2: 49, 1: 45, 0: 21}","{0: 37, 1: 13, 2: 51, 3: 40, 6: 20, 5: 24, 4: 25}","{1: 71, 2: 46, 0: 93}","{1: 67, 0: 72, 2: 71}","{1: 98, 0: 82, 2: 30}","{1: 140, 0: 38, 2: 32}",0.07416281954493845,0.04483127193340612,0.11077843836233947,0.08537532720414043,0.1973392831260372,0.15717724668880045,0.21657744196984335,0.1959331140943003,0.2029612286299284,0.0642380504027126,0.23989997441356717,0.09872518947041214
6030,2,crash,3,4,1,506.21771573909086,2278,545.0,531.0,0.05,0.1,2.511699914932251,64.64391326904297,-654.5050048828125,580.8495483398438,2000.0,295.31529032242344,1711,-181.92000000000604,-107.17757458333594,-1500.0,0.2222202439592146,"{5: 58, 4: 36, 3: 5, 1: 35, 2: 21, 6: 17, 0: 55}","{2: 79, 3: 88, 4: 28, 6: 26, 5: 6}","{1: 54, 2: 72, 0: 101}","{1: 137, 0: 38, 2: 52}","{1: 77, 2: 58, 0: 92}","{1: 151, 2: 37, 0: 39}",0.1178082832220952,0.027571788671181815,0.1420852129579313,0.0792604568212498,0.19387076020652075,0.11913941534531121,0.2197841232260623,0.18446300769148877,0.2332637862848213,0.030265174523976344,0.28937863531361335,0.20770954053779164
6040,2,crash,3,4,1,489.9061870260475,1624,380.0,339.5,0.05,0.1,2.5174753665924072,64.71652221679688,-654.5050048828125,559.9693603515625,2000.0,276.2723944407848,1418,-129.59999999999786,-156.7662074147385,-1500.0,0.30166637132145785,"{5: 20, 4: 16, 3: 11, 2: 38, 0: 50, 1: 16, 6: 11}","{2: 41, 3: 29, 6: 29, 5: 5, 4: 15, 0: 38, 1: 5}","{1: 58, 2: 30, 0: 74}","{1: 57, 0: 56, 2: 49}","{1: 87, 2: 21, 0: 54}","{1: 114, 2: 26, 0: 22}",0.06771572754500298,0.07108640110764203,0.09096089683668099,0.08639229399351872,0.21149680099685877,0.20311483373241884,0.2179250232102495,0.14686878722156793,0.2146112488279785,0.2102070701015063,0.2762790949106188,0.14646813126132024
6050,2,crash,3,1,1,-1066.575372038891,571,446.0,446.0,0.05,0.1,2.5229084491729736,64.79158020019531,-654.5050048828125,542.3755493164062,500.0,79.90208148177143,445,-45.59999999999938,-100.87745352066216,-1500.0,-1.8679078319420157,"{0: 21, 1: 12, 2: 10, 3: 3, 4: 7, 5: 4}","{0: 9, 1: 7, 2: 12, 3: 16, 6: 13}","{1: 15, 0: 42}","{1: 20, 0: 25, 2: 12}","{1: 11, 0: 46}","{1: 43, 0: 5, 2: 9}",0.1407883008683811,0.06623458332780945,0.17777655307399245,0.08445279980718674,0.2642084674598412,0.1662545189484314,0.2734016102035975,0.14541474383942954,0.21360793975624925,0.0017267410477826612,0.2777045028456834,0.09124112684311668
6060,2,crash,3,1,1,-1296.1229263552536,664,367.0,367.0,0.05,0.1,2.515829086303711,64.94225311279297,-654.5050048828125,537.7464599609375,500.0,39.225942822999144,366,-53.039999999999225,-282.308869178252,-1500.0,-1.9519923589687556,"{1: 12, 2: 23, 3: 1, 5: 5, 6: 25}","{4: 18, 3: 45, 2: 3}","{1: 18, 0: 48}","{1: 33, 2: 30, 0: 3}","{1: 33, 0: 33}","{1: 47, 0: 3, 2: 16}",0.10361578055667431,0.030289199958397097,0.10232007923854966,0.09479991434498716,0.23037882730550666,0.13463992900934857,0.2562732523968291,0.15986615024649697,0.16791798289333792,0.0025930330973395134,0.2526523880308899,0.09684227274965697
6070,2,crash,3,1,1,-1124.8695843328103,868,760.0,760.0,0.05,0.1,2.510404586791992,65.05760955810547,-654.5050048828125,550.5552368164062,500.0,94.7451806028273,759,-69.35999999999888,-150.25476493563747,-1500.0,-1.2959327008442514,"{6: 30, 5: 28, 4: 16, 3: 1, 1: 3, 0: 8}","{0: 8, 1: 7, 2: 10, 3: 50, 5: 11}","{1: 25, 2: 61}","{1: 55, 0: 28, 2: 3}","{1: 33, 2: 53}","{1: 53, 2: 16, 0: 17}",0.08876335890604627,0.024442080218900382,0.13338413788778408,0.09315406569298144,0.16833672226515184,0.1622701808751085,0.19410708378493374,0.21173029885375527,0.158514120534917,0.017357701624220036,0.22649506296642755,0.08913325573272661
6080,2,crash,3,2,1,-604.490498928473,512,211.5,211.5,0.05,0.1,2.496553421020508,65.14851379394531,-654.5050048828125,575.509033203125,1000.0,86.8534294758733,421,-40.799999999999486,-150.54392840434613,-1500.0,-1.1806455057196739,"{0: 11, 1: 13, 2: 17, 3: 1, 6: 9}","{4: 18, 3: 24, 0: 9}","{1: 9, 0: 42}","{1: 23, 2: 28}","{1: 13, 0: 38}","{1: 30, 0: 7, 2: 14}",0.15507539729952624,0.03606736641339196,0.17726025520723224,0.09454332625786073,0.2599107353677418,0.13995168185441192,0.2842504299905872,0.2842353649064126,0.27301683553031214,0.08223059408321462,0.2978779132977845,0.2745334733718725
6090,2,crash,3,2,1,-523.7493602296515,1236,579.0,579.0,0.05,0.1,2.497028350830078,65.25648498535156,-654.5050048828125,543.4575805664062,1000.0,168.7723006665891,1096,-98.71999999999825,-93.80166089624043,-1500.0,-0.4237454370790061,"{4: 57, 3: 1, 0: 43, 1: 7, 2: 7, 6: 8}","{6: 9, 5: 6, 4: 15, 3: 67, 0: 11, 1: 6, 2: 9}","{1: 60, 2: 15, 0: 48}","{1: 63, 2: 32, 0: 28}","{1: 63, 2: 5, 0: 55}","{1: 101, 2: 10, 0: 12}",0.052199537399003286,0.02913730436835328,0.09859404460831864,0.054174965601170674,0.2703322015719091,0.16874692537978422,0.3026268622031315,0.106942458107776,0.14222190704931975,0.029420902786117354,0.16412055857045613,0.10564597310311352
6100,2,crash,3,2,1,-551.0214369111363,566,249.5,249.5,0.05,0.1,2.484297275543213,65.41259002685547,-654.5050048828125,555.5195922851562,1000.0,83.8031465199264,497,-45.11999999999939,-89.70458343106304,-1500.0,-0.9735361076168486,"{2: 41, 0: 2, 1: 6, 6: 7}","{2: 15, 3: 41}","{1: 23, 0: 33}","{1: 44, 0: 12}","{1: 20, 0: 36}","{1: 39, 0: 11, 2: 6}",0.11711626593288006,0.009666483823569437,0.2269312465212185,0.07120999211039233,0.300078417715145,0.08712266091513395,0.33533039750620697,0.21728696946762954,0.26675662961063584,0.011625489094622557,0.316599736393193,0.09487111720420918
6110,2,crash,3,3,1,-143.33645264145798,2250,683.3333333333334,803.0,0.05,0.1,2.4676992893218994,65.54650115966797,-654.5050048828125,535.3740844726562,1500.0,249.6916176815994,1477,-179.7600000000057,-213.26807032305595,-1500.0,-0.06370509006287021,"{3: 15, 2: 23, 5: 12, 6: 91, 4: 11, 0: 67, 1: 6}","{4: 51, 3: 66, 0: 40, 1: 6, 2: 40, 6: 14, 5: 8}","{1: 58, 0: 104, 2: 63}","{1: 118, 2: 53, 0: 54}","{1: 90, 0: 71, 2: 64}","{1: 150, 0: 38, 2: 37}",0.10732840888175758,0.029656402899218913,0.12938322198447205,0.0718211556625897,0.22894230005821106,0.10914404044036391,0.25392355552690066,0.17978168391925978,0.16109689088638046,0.11308161824586753,0.15321931911081071,0.18950034342407085
6120,2,crash,3,1,1,-1110.8714826454616,548,409.0,409.0,0.05,0.1,2.4668712615966797,65.64009094238281,-654.5050048828125,535.2774658203125,500.0,79.04240682603059,408,-43.75999999999942,-146.15388947149182,-1500.0,-2.027137742053762,"{0: 20, 1: 10, 2: 10, 4: 8, 5: 6}","{5: 10, 4: 8, 3: 22, 0: 14}","{1: 12, 0: 42}","{1: 25, 2: 22, 0: 7}","{1: 13, 0: 41}","{1: 35, 0: 8, 2: 11}",0.16281544610965049,0.03663373524498417,0.20565976372635403,0.07516251513408405,0.22027320217163546,0.18232698327189292,0.2544778798177293,0.2670884065460027,0.2182910494309914,0.015221171918539464,0.2635851502877061,0.07611216141114735
6130,2,max_steps,3,3,0,1420.851304007508,3500,1025.0,1043.0,0.05,0.1,2.466271162033081,65.69158935546875,-654.5050048828125,541.5244750976562,1500.0,290.568104422646,2595,-279.7600000000129,-89.956800415137,0.0,0.40595751543071656,"{2: 69, 1: 21, 3: 21, 6: 139, 5: 15, 4: 42, 0: 43}","{6: 8, 5: 12, 4: 17, 3: 212, 2: 31, 0: 48, 1: 22}","{1: 132, 0: 86, 2: 132}","{1: 212, 2: 51, 0: 87}","{1: 231, 0: 67, 2: 52}","{1: 276, 0: 41, 2: 33}",0.06591133162860707,0.02178343416209602,0.08308116302854501,0.07023451086561053,0.10924393741272391,0.15183581933609572,0.13302173325497754,0.11711502039458402,0.08248995097430539,0.03370022985536507,0.15873369393075934,0.10919770547805677
6140,2,success,3,5,0,775.0191488912199,3485,697.0,702.0,0.05,0.1,2.4717259407043457,65.79713439941406,-654.5050048828125,541.5244750976562,2500.0,377.2928065068302,2461,-278.40000000001316,-1823.8736576156095,0.0,0.22238713024138304,"{3: 46, 4: 70, 1: 32, 0: 23, 2: 27, 6: 143, 5: 7}","{1: 20, 2: 38, 6: 39, 5: 11, 4: 14, 3: 75, 0: 151}","{1: 203, 0: 68, 2: 77}","{1: 149, 0: 116, 2: 83}","{1: 237, 2: 71, 0: 40}","{1: 274, 2: 33, 0: 41}",0.04029911115815538,0.0349938072315906,0.050085693874886386,0.05985898582292619,0.15258749371869093,0.18505233080240208,0.18128343002546204,0.1411226020727418,0.1749829157268084,0.19165760278470492,0.18618152383718167,0.10064468071504312
6150,2,crash,3,2,1,-468.0318948878519,1069,493.0,493.0,0.05,0.1,2.4723520278930664,65.90167999267578,-654.5050048828125,541.5244750976562,1000.0,211.6588920521488,832,-85.35999999999854,-94.33078694000022,-1500.0,-0.43782216547039465,"{5: 24, 4: 19, 3: 4, 0: 46, 1: 5, 2: 8}","{2: 39, 3: 59, 5: 6, 4: 2}","{1: 17, 2: 39, 0: 50}","{1: 92, 0: 8, 2: 6}","{1: 17, 2: 33, 0: 56}","{1: 79, 2: 9, 0: 18}",0.16939038498824852,0.015436846142616804,0.2035891295385086,0.06155863249307266,0.2861688718135336,0.03127462192330499,0.3357311918676148,0.20510739632107627,0.26628954942732197,0.03168032327777014,0.2649526258775765,0.07831099856642483
6160,2,max_steps,3,3,0,1035.727622355394,3500,947.0,775.0,0.05,0.1,2.4712812900543213,66.0004653930664,-707.1655883789062,541.5244750976562,1500.0,230.07131815438993,2592,-279.7600000000129,-414.5836957989934,0.0,0.29592217781582686,"{4: 198, 3: 9, 0: 62, 1: 8, 2: 7, 5: 1, 6: 65}","{2: 126, 3: 115, 6: 22, 5: 25, 4: 26, 0: 31, 1: 5}","{1: 210, 2: 68, 0: 72}","{1: 231, 0: 49, 2: 70}","{1: 260, 2: 31, 0: 59}","{1: 296, 2: 22, 0: 32}",0.028189161494341856,0.024605955373092042,0.04035323249699742,0.05224782059761103,0.14114503453540866,0.14821387399842784,0.15444750766670762,0.10382557581606683,0.06366076863619355,0.020253028272911092,0.11170228205186539,0.10067875004315827
6170,2,crash,3,3,1,-41.023154243904855,2485,803.6666666666666,512.0,0.05,0.1,2.4700679779052734,66.14216613769531,-707.1655883789062,550.480224609375,1500.0,242.30911560768251,1803,-198.56000000000864,-84.77226985158643,-1500.0,-0.016508311566963724,"{2: 57, 3: 3, 4: 61, 5: 46, 6: 45, 0: 30, 1: 6}","{6: 13, 5: 6, 4: 8, 3: 150, 2: 24, 0: 41, 1: 6}","{1: 86, 0: 91, 2: 71}","{1: 152, 2: 26, 0: 70}","{1: 114, 0: 86, 2: 48}","{1: 156, 0: 48, 2: 44}",0.07969029115237378,0.022594030864576557,0.11265757471644504,0.09110659320181617,0.1794671512179396,0.1366044120479326,0.2902500147180058,0.2627645853921496,0.30479641292424126,0.031177877327718886,0.34707115596851784,0.0907731218907651
6180,2,max_steps,3,4,0,2157.2352989919914,3500,814.25,867.5,0.05,0.1,2.46951961517334,66.2442855834961,-707.1655883789062,550.480224609375,2000.0,458.8043083935493,2663,-279.6800000000129,-21.889009401560344,0.0,0.6163529425691404,"{5: 75, 4: 59, 3: 5, 0: 91, 1: 16, 2: 21, 6: 83}","{0: 61, 1: 15, 2: 41, 6: 53, 5: 25, 4: 31, 3: 124}","{1: 98, 2: 163, 0: 89}","{1: 171, 0: 88, 2: 91}","{1: 140, 2: 132, 0: 78}","{1: 221, 2: 62, 0: 67}",0.08883087071847426,0.03043303575788063,0.12362917343868252,0.08442705585514039,0.21652691742109684,0.16556040020652812,0.24849220920442802,0.20833739774829857,0.23114890595124596,0.026701821968165788,0.2040465329618564,0.14711451718447108
6190,2,crash,3,3,1,-111.07644660720689,1599,473.0,574.0,0.05,0.1,2.4793009757995605,66.37706756591797,-707.1655883789062,545.347900390625,1500.0,152.74669042111105,1121,-127.67999999999763,-136.14313702831626,-1500.0,-0.06946619550169286,"{3: 20, 4: 64, 0: 37, 1: 10, 2: 10, 6: 18}","{6: 4, 5: 8, 4: 8, 3: 76, 2: 19, 0: 20, 1: 24}","{1: 78, 2: 29, 0: 52}","{1: 84, 2: 43, 0: 32}","{1: 92, 2: 13, 0: 54}","{1: 127, 0: 17, 2: 15}",0.05203490687729206,0.027979080907003046,0.0736680362551526,0.08250245490183386,0.21868641633158648,0.1728804070284695,0.22430033157129992,0.11764958080672532,0.18947218839650393,0.18627372721119242,0.24661895584817267,0.10112668911192942
6200,2,success,3,5,0,2625.133745017321,1857,371.4,450.0,0.05,0.1,2.489624261856079,66.52405548095703,-707.1655883789062,545.347900390625,2500.0,273.29374501731724,1559,-148.16000000000076,0.0,0.0,1.4136422967244593,"{6: 53, 5: 18, 4: 29, 3: 49, 0: 18, 1: 5, 2: 13}","{5: 3, 4: 16, 3: 112, 1: 4, 2: 50}","{1: 78, 2: 66, 0: 41}","{1: 114, 2: 17, 0: 54}","{1: 88, 2: 63, 0: 34}","{1: 122, 2: 38, 0: 25}",0.08244383790333763,0.02312772567383009,0.12153046267991287,0.07756328218389374,0.24045714794494272,0.10345529692588047,0.3016991140848907,0.2789910805112219,0.2002001699215792,0.12363884494692903,0.07969328271823214,0.3611697987646821
6210,2,max_steps,3,4,0,1770.8150123944724,3500,844.25,847.0,0.05,0.1,2.482931613922119,66.66565704345703,-707.1655883789062,545.347900390625,2000.0,385.60249388486903,2902,-279.6800000000129,-335.10748149039455,0.0,0.5059471463984206,"{2: 155, 1: 22, 3: 16, 4: 78, 6: 74, 5: 5}","{0: 50, 1: 28, 2: 73, 3: 142, 6: 44, 5: 5, 4: 8}","{1: 186, 0: 82, 2: 82}","{1: 162, 0: 122, 2: 66}","{1: 239, 0: 42, 2: 69}","{1: 284, 0: 38, 2: 28}",0.04341324041309079,0.031108862001937566,0.05854969416866809,0.06455929659606609,0.18440891711772725,0.14229672831780169,0.2322722326676756,0.12482052229108208,0.16977895811953295,0.028293147955208386,0.2331015507002109,0.1867246684460182
6220,2,crash,3,1,1,-2408.6188174672016,1214,412.0,412.0,0.05,0.1,2.489844560623169,66.79074096679688,-707.1655883789062,545.347900390625,500.0,82.50249087344048,707,-97.03999999999829,-1394.0813083406413,-1500.0,-1.9840352697423407,"{0: 18, 1: 12, 2: 10, 3: 1, 4: 8, 5: 50, 6: 22}","{2: 22, 3: 19, 6: 48, 5: 32}","{1: 48, 0: 64, 2: 9}","{1: 65, 0: 23, 2: 33}","{1: 74, 0: 47}","{1: 92, 0: 15, 2: 14}",0.05778222638015404,0.027066289223688766,0.0748716508614642,0.06710156906558468,0.18073115824304545,0.07921509282271869,0.19747163322427716,0.11622075347718447,0.19973144368376403,0.017555564981909216,0.20020004396851482,0.11641985769237637
6230,2,crash,3,2,1,-590.8992874338722,2395,1144.0,1144.0,0.05,0.1,2.4872283935546875,66.90715026855469,-707.1655883789062,545.347900390625,1000.0,243.66837350342743,1787,-191.44000000000753,-143.12766093729877,-1500.0,-0.24672204068220135,"{6: 28, 5: 58, 4: 79, 3: 7, 0: 55, 1: 5, 2: 7}","{2: 33, 3: 206}","{1: 105, 2: 64, 0: 70}","{1: 202, 0: 37}","{1: 154, 2: 28, 0: 57}","{1: 189, 2: 35, 0: 15}",0.05782050285995744,0.014127874305623258,0.07789665999183752,0.07942315229500854,0.24898210747400512,0.03678417253526334,0.2655402351244604,0.11125287104662888,0.08492933378583384,0.03173787684353684,0.06358998858582811,0.09859786872882187
6240,2,max_steps,3,4,0,1401.957372197243,3500,536.5,603.0,0.05,0.1,2.4825284481048584,66.99339294433594,-707.1655883789062,545.347900390625,2000.0,395.1461518168234,3016,-279.6800000000129,-713.5087796195801,0.0,0.4005592491992123,"{3: 17, 0: 105, 1: 79, 2: 30, 4: 42, 5: 31, 6: 46}","{5: 8, 4: 18, 1: 29, 2: 65, 3: 156, 6: 9, 0: 65}","{1: 138, 0: 117, 2: 95}","{1: 209, 2: 53, 0: 88}","{1: 226, 0: 67, 2: 57}","{1: 283, 0: 34, 2: 33}",0.06799060196005964,0.025717646734483117,0.08115076879426086,0.07410833066347827,0.12351727857589598,0.16546056241379692,0.15277092825640462,0.1090586486586199,0.11247637621104908,0.13786685238195745,0.10117293058850987,0.06974926352278726
6250,2,crash,3,2,1,-653.9210530319541,1387,620.5,620.5,0.05,0.1,2.5033676624298096,67.0651626586914,-707.1655883789062,545.347900390625,1000.0,197.18936094546538,1086,-110.799999999998,-240.31041397741842,-1500.0,-0.471464349698597,"{4: 59, 3: 2, 0: 49, 1: 6, 2: 8, 6: 14}","{0: 9, 1: 6, 2: 7, 3: 57, 6: 32, 5: 6, 4: 21}","{1: 54, 2: 29, 0: 55}","{1: 59, 0: 38, 2: 41}","{1: 79, 2: 10, 0: 49}","{1: 95, 2: 25, 0: 18}",0.07845931316308512,0.05109188708421193,0.09127353603835239,0.0794249764378615,0.24980568918044177,0.19970201072940436,0.25090242404552004,0.12533511585309307,0.2336225124977626,0.023619432078515207,0.16893853450826285,0.10803337254929607
6260,2,success,3,5,0,2258.496124069931,3292,658.4,498.0,0.05,0.1,2.512683629989624,67.11172485351562,-707.1655883789062,535.8698120117188,2500.0,459.4707942637614,2592,-262.96000000001624,-438.0146701938293,0.0,0.6860559307624334,"{0: 62, 1: 13, 2: 40, 3: 23, 5: 29, 6: 125, 4: 37}","{1: 7, 2: 87, 3: 177, 6: 29, 5: 5, 4: 24}","{1: 82, 0: 110, 2: 137}","{1: 178, 0: 73, 2: 78}","{1: 155, 0: 87, 2: 87}","{1: 256, 0: 38, 2: 35}",0.09698613682330158,0.027904270349302332,0.10225807171650159,0.06330189589894858,0.1991793346473018,0.14171402965117189,0.2473628731606816,0.13519289204688112,0.18108201488243938,0.18627909679233173,0.12998648807313312,0.11115402743837699
6270,2,max_steps,3,2,0,1011.1351322298693,3500,1091.0,1091.0,0.05,0.1,2.5284218788146973,67.14512634277344,-707.1655883789062,542.032958984375,1000.0,290.97513222987294,2119,-279.8400000000129,0.0,0.0,0.28889575206567697,"{2: 37, 1: 37, 3: 11, 6: 81, 5: 57, 4: 127}","{1: 9, 2: 27, 3: 259, 4: 35, 6: 13, 5: 7}","{1: 116, 2: 131, 0: 103}","{1: 249, 0: 46, 2: 55}","{1: 160, 2: 105, 0: 85}","{1: 183, 0: 81, 2: 86}",0.0751153251130044,0.020199345431122083,0.11134259032167831,0.09829432538050355,0.1754989873598339,0.10392799208443723,0.21484345707496552,0.2399726458048736,0.17398637394303146,0.021344956692993345,0.21707912418125197,0.10881939704664975
6280,2,crash,3,2,1,-1365.8255164951463,2258,922.0,922.0,0.05,0.1,2.5377705097198486,67.24256896972656,-707.1655883789062,532.9932861328125,1000.0,273.72722277317837,1495,-180.48000000000582,-959.0727392683249,-1500.0,-0.6048828682440861,"{0: 44, 1: 21, 2: 17, 6: 61, 5: 7, 4: 72, 3: 3}","{1: 19, 2: 51, 3: 123, 6: 4, 5: 17, 4: 11}","{1: 68, 0: 56, 2: 101}","{1: 134, 0: 57, 2: 34}","{1: 97, 0: 48, 2: 80}","{1: 136, 0: 39, 2: 50}",0.08081446862810329,0.02379695174779289,0.11898036786622321,0.09239552816584178,0.2168353174414268,0.1116738772601047,0.23277968844030886,0.18947597373551342,0.0651896161454835,0.027754650633188434,0.14511816450291803,0.09897555008311408
6290,2,max_steps,3,4,0,1934.2318135753444,3500,748.75,755.5,0.05,0.1,2.5455830097198486,67.30406188964844,-707.1655883789062,530.7646484375,2000.0,399.18588846531117,2653,-279.6800000000129,-185.27407488996434,0.0,0.552637661021527,"{4: 93, 5: 28, 3: 8, 2: 70, 1: 26, 0: 74, 6: 51}","{4: 20, 3: 140, 2: 75, 1: 14, 0: 39, 6: 56, 5: 6}","{1: 137, 2: 132, 0: 81}","{1: 173, 2: 74, 0: 103}","{1: 175, 2: 112, 0: 63}","{1: 236, 2: 60, 0: 54}",0.07236764001004503,0.030214488107294407,0.10058703893184882,0.07371586286139352,0.17647301619336975,0.18250932214393473,0.19988807280891818,0.20322725438564537,0.16978215705756936,0.05919780131205799,0.17625361706371415,0.2708343180285921
6300,2,max_steps,3,3,0,1626.0571525241103,3500,702.0,904.0,0.05,0.1,2.5554440021514893,67.37194061279297,-707.1655883789062,533.792236328125,1500.0,405.81715252411493,2778,-279.7600000000129,0.0,0.0,0.4645877578640315,"{3: 89, 4: 59, 6: 125, 5: 77}","{6: 41, 5: 24, 4: 15, 0: 74, 1: 52, 2: 26, 3: 118}","{1: 139, 0: 66, 2: 145}","{1: 137, 2: 93, 0: 120}","{1: 207, 0: 42, 2: 101}","{1: 252, 0: 57, 2: 41}",0.06838058839744754,0.054068618701339916,0.08394754205450713,0.07604148921161671,0.1481247174713642,0.1655131238367857,0.1858701073624842,0.16365673282002094,0.08790236226952904,0.19509556983307239,0.11788839777941067,0.10139973360452745
6310,2,success,3,5,0,2728.2844573686602,2946,589.2,389.0,0.05,0.1,2.5621047019958496,67.4341812133789,-707.1655883789062,541.9786987304688,2500.0,463.5644573686589,2634,-235.28000000001438,0.0,0.0,0.9260979149248677,"{6: 65, 5: 23, 4: 83, 0: 82, 1: 5, 2: 15, 3: 21}","{6: 22, 5: 17, 4: 22, 3: 145, 0: 41, 1: 17, 2: 30}","{1: 92, 2: 138, 0: 64}","{1: 151, 2: 68, 0: 75}","{1: 146, 2: 93, 0: 55}","{1: 181, 2: 60, 0: 53}",0.08168477798847587,0.027267872757943977,0.10034935195425737,0.09179136439170765,0.20035159597174926,0.18495901672313575,0.2443715286082574,0.1759658957199776,0.17652335669895802,0.15345270557238014,0.12109106076716286,0.15821005824287018
6320,2,max_steps,3,4,0,1732.107105828767,3500,803.5,900.5,0.05,0.1,2.5702033042907715,67.48868560791016,-707.1655883789062,548.2745971679688,2000.0,307.75394780648884,2585,-279.6800000000129,-295.96684197772186,0.0,0.4948877445225049,"{2: 31, 3: 11, 5: 80, 6: 88, 4: 77, 0: 57, 1: 6}","{3: 252, 2: 58, 5: 5, 4: 12, 0: 17, 1: 6}","{1: 121, 0: 125, 2: 104}","{1: 266, 2: 26, 0: 58}","{1: 223, 0: 82, 2: 45}","{1: 263, 0: 48, 2: 39}",0.07126892241114703,0.01304507178526047,0.08180337393796329,0.08314602088781739,0.17966602549227767,0.11001381608922692,0.19986495228300713,0.10867671391868519,0.08904126510241255,0.02502450091500459,0.09575970451940193,0.10239576311987555
6330,2,success,3,5,0,1985.8365777847316,3138,627.6,758.0,0.05,0.1,2.5721163749694824,67.55538940429688,-707.1655883789062,541.9786987304688,2500.0,342.0006172656214,2853,-250.64000000001678,-605.5240394808893,0.0,0.632835110830061,"{2: 41, 1: 28, 3: 76, 6: 31, 5: 32, 4: 105}","{6: 39, 5: 17, 4: 17, 3: 128, 2: 39, 0: 46, 1: 27}","{1: 172, 2: 104, 0: 37}","{1: 130, 2: 85, 0: 98}","{1: 237, 0: 23, 2: 53}","{1: 228, 0: 48, 2: 37}",0.04243334768952283,0.035877646467729375,0.05981123058589433,0.06325383683940827,0.1031554357827735,0.1990012817683812,0.1317100792890372,0.13728966913906435,0.09067529133220577,0.15717456407196953,0.15564417301737116,0.10218621640694721
6340,2,crash,3,4,1,-27.047171738158113,1843,440.5,411.0,0.05,0.1,2.589210033416748,67.6539535522461,-707.1655883789062,548.6024169921875,2000.0,289.4983102976364,1615,-147.1200000000006,-669.4254820357952,-1500.0,-0.014675622212782482,"{5: 40, 4: 24, 3: 16, 2: 50, 0: 19, 1: 11, 6: 24}","{6: 6, 5: 6, 4: 8, 3: 76, 2: 60, 0: 20, 1: 8}","{1: 53, 2: 79, 0: 52}","{1: 74, 2: 22, 0: 88}","{1: 84, 2: 76, 0: 24}","{1: 105, 0: 39, 2: 40}",0.09252216207293162,0.034994107684524725,0.13608399634831775,0.08007470297380335,0.2478964942216231,0.13346716837162412,0.3115606817046038,0.3121172984164274,0.2461281956804771,0.07724543847604148,0.33489337948465675,0.3611723021211542
6350,2,max_steps,3,3,0,847.9735615153127,3500,728.6666666666666,675.0,0.05,0.1,2.5909805297851562,67.73971557617188,-707.1655883789062,539.685791015625,1500.0,438.0190285997482,2517,-279.7600000000129,-810.2854670844342,0.0,0.24227816043294648,"{0: 155, 1: 12, 2: 10, 5: 43, 6: 64, 4: 64, 3: 2}","{0: 18, 1: 19, 2: 24, 3: 145, 6: 97, 5: 18, 4: 29}","{1: 107, 0: 121, 2: 122}","{1: 166, 0: 65, 2: 119}","{1: 136, 0: 115, 2: 99}","{1: 215, 0: 80, 2: 55}",0.08160204539447366,0.030486237000368187,0.11840366067333674,0.08987495820619784,0.21152935704104264,0.13678219992811427,0.2402176399892027,0.18519050164930798,0.19467778838548105,0.021225367854331958,0.2256852194959457,0.19824308793495396
6360,2,success,3,5,0,2704.674398281717,3104,620.8,628.0,0.05,0.1,2.60764479637146,67.80021667480469,-707.1655883789062,537.918701171875,2500.0,452.5943982817051,2489,-247.92000000001636,0.0,0.0,0.8713512881062233,"{4: 65, 3: 18, 2: 73, 0: 59, 1: 12, 6: 73, 5: 10}","{5: 12, 4: 21, 3: 158, 2: 79, 1: 17, 0: 23}","{1: 102, 2: 120, 0: 88}","{1: 177, 2: 40, 0: 93}","{1: 126, 2: 98, 0: 86}","{1: 214, 2: 51, 0: 45}",0.10863252520934771,0.02379149044051531,0.12384171968819949,0.0906266097328275,0.2624934359960849,0.13174416385604976,0.2870311846677016,0.20808693826950278,0.1939701451326122,0.02771599766238116,0.1848717342225435,0.136668680993276
6370,2,crash,3,1,1,-1171.9637241535324,728,537.0,537.0,0.05,0.1,2.6084303855895996,67.88255310058594,-707.1655883789062,537.7403564453125,500.0,70.92682299133271,536,-58.159999999999116,-184.73054714486457,-1500.0,-1.6098402804306764,"{0: 20, 1: 12, 2: 20, 3: 1, 6: 19}","{5: 3, 4: 10, 3: 44, 2: 15}","{1: 11, 0: 61}","{1: 42, 2: 21, 0: 9}","{1: 28, 0: 44}","{1: 43, 0: 12, 2: 17}",0.10862825277584137,0.023373584437608595,0.13051825735820122,0.09628427057479991,0.17223941027111175,0.14007867291377624,0.20730734174298948,0.18048426211848365,0.13509263774949565,0.020888780777518774,0.1989355626977403,0.09723511493869688
6380,2,crash,3,3,1,-44.71739481634995,1947,615.3333333333334,425.0,0.05,0.1,2.6099956035614014,67.92423248291016,-707.1655883789062,542.5451049804688,1500.0,269.68476352252736,1452,-155.52000000000191,-158.88215833887443,-1500.0,-0.022967331698176656,"{5: 29, 4: 20, 3: 2, 1: 15, 0: 27, 2: 11, 6: 90}","{2: 59, 6: 14, 5: 6, 4: 16, 3: 67, 1: 32}","{1: 47, 2: 102, 0: 45}","{1: 115, 0: 38, 2: 41}","{1: 72, 2: 87, 0: 35}","{1: 111, 2: 47, 0: 36}",0.11332429488612063,0.027784765235310108,0.1342614501979929,0.09598622567437673,0.24913756904009624,0.13380205638348783,0.28490479546440217,0.18953448966337655,0.2438211517043873,0.029997149977765824,0.2157675862939183,0.13636841582028975
6390,2,max_steps,3,4,0,1826.1574846832352,3500,861.75,801.5,0.05,0.1,2.623823881149292,67.9450912475586,-707.1655883789062,543.9884033203125,2000.0,476.0657477300584,2576,-279.6800000000129,-370.2282630468201,0.0,0.5217592813380673,"{0: 64, 1: 19, 2: 27, 3: 4, 6: 138, 5: 56, 4: 42}","{3: 233, 2: 22, 4: 41, 5: 1, 0: 41, 1: 6, 6: 6}","{1: 62, 0: 134, 2: 154}","{1: 264, 0: 58, 2: 28}","{1: 137, 0: 96, 2: 117}","{1: 222, 0: 60, 2: 68}",0.0965591833081009,0.018429169010309505,0.11819720672736292,0.09394430292433772,0.22928140923539972,0.1460237788029597,0.25334498089740404,0.18994989730312795,0.2494312149738141,0.024875363146590553,0.19770910271487308,0.22145277732076785
6400,2,success,3,5,0,2622.080202961832,2792,558.4,562.0,0.05,0.1,2.62756609916687,68.04065704345703,-707.1655883789062,552.110595703125,2500.0,345.04020296183364,2238,-222.96000000001246,0.0,0.0,0.9391404738401977,"{2: 88, 3: 5, 1: 8, 4: 63, 5: 63, 6: 9, 0: 43}","{2: 60, 3: 123, 5: 25, 4: 20, 0: 18, 1: 10, 6: 23}","{1: 82, 0: 104, 2: 93}","{1: 155, 0: 49, 2: 75}","{1: 110, 0: 95, 2: 74}","{1: 180, 0: 48, 2: 51}",0.10487985668032282,0.02789442042193208,0.12235689820209146,0.08066809782589317,0.2094422863458673,0.16207210196239205,0.2520072510930415,0.22178996000344953,0.2040364719152475,0.018217404571505925,0.22409927960219067,0.10313659398048783
6410,2,crash,3,4,1,428.847978112336,3183,766.5,727.5,0.05,0.1,2.6319494247436523,68.14106750488281,-707.1655883789062,538.917724609375,2000.0,311.53812274976286,2337,-254.32000000001736,-128.37014463743031,-1500.0,0.13473075027091927,"{1: 28, 2: 39, 3: 49, 4: 81, 5: 85, 0: 24, 6: 12}","{2: 51, 3: 161, 5: 13, 4: 24, 0: 23, 1: 26, 6: 20}","{1: 92, 0: 121, 2: 105}","{1: 190, 0: 62, 2: 66}","{1: 168, 0: 92, 2: 58}","{1: 226, 0: 43, 2: 49}",0.08455713053277783,0.027554350602940335,0.09476211647515442,0.08533144692761302,0.15290123069040157,0.13015479784206194,0.18778006491241045,0.1215206537455379,0.1515693357632454,0.04439817007375999,0.18883989983237137,0.1430461594310068
6420,2,max_steps,3,4,0,2020.3772350001414,3500,651.75,608.5,0.05,0.1,2.650408983230591,68.18182373046875,-707.1655883789062,544.343994140625,2000.0,300.0572350001426,2686,-279.6800000000129,0.0,0.0,0.577250638571469,"{5: 83, 4: 103, 3: 28, 2: 127, 1: 9}","{0: 19, 1: 38, 2: 115, 3: 114, 6: 31, 5: 7, 4: 26}","{1: 143, 2: 92, 0: 115}","{1: 175, 0: 108, 2: 67}","{1: 218, 2: 61, 0: 71}","{1: 236, 2: 53, 0: 61}",0.062121380142814556,0.03007384191282712,0.07426472828904021,0.08550049093073307,0.11875913334767567,0.1105819544524109,0.16708653827614928,0.16014198570609384,0.10528233273362969,0.05395155366699042,0.2102074194273923,0.24562326592389305
6430,2,max_steps,3,3,0,1214.9240000074751,3500,1078.3333333333333,1048.0,0.05,0.1,2.6508963108062744,68.2901382446289,-707.1655883789062,541.8406372070312,1500.0,330.8097760375905,2612,-279.7600000000129,-336.1257760301138,0.0,0.3471211428592786,"{2: 60, 3: 8, 5: 86, 6: 112, 4: 57, 0: 27}","{0: 29, 1: 44, 2: 109, 6: 60, 5: 26, 4: 45, 3: 37}","{1: 140, 0: 91, 2: 119}","{1: 138, 0: 108, 2: 104}","{1: 200, 0: 57, 2: 93}","{1: 230, 2: 55, 0: 65}",0.06670767723127366,0.037966452323811045,0.08767107829665496,0.07543423432172724,0.1565233472485455,0.1559281859902172,0.19691482242475716,0.2196728109227547,0.13043195268035881,0.051915901042614385,0.1032604249403356,0.2825690529692298
6440,2,success,3,5,0,2782.293730978684,2917,583.4,524.0,0.05,0.1,2.663569211959839,68.39830017089844,-707.1655883789062,556.4254150390625,2500.0,515.2537309786792,2130,-232.96000000001402,0.0,0.0,0.9538202711617018,"{5: 43, 4: 58, 3: 13, 0: 71, 1: 11, 2: 17, 6: 78}","{5: 11, 4: 21, 3: 185, 2: 31, 0: 11, 1: 10, 6: 22}","{1: 52, 2: 119, 0: 120}","{1: 150, 2: 79, 0: 62}","{1: 86, 2: 99, 0: 106}","{1: 148, 2: 74, 0: 69}",0.14253954332578073,0.028247078474515554,0.16855692739613085,0.09933424356756784,0.2574470994034074,0.16311535461872367,0.2971979865446904,0.24015856449075865,0.22135027477179278,0.018529878806501435,0.20206000423267545,0.19467688798851
6450,2,crash,3,4,1,384.8654742177034,2367,556.5,568.5,0.05,0.1,2.666283130645752,68.51714324951172,-707.1655883789062,546.7875366210938,2000.0,256.5542599384012,1986,-189.04000000000715,-182.64878572070145,-1500.0,0.1625963135689495,"{5: 26, 4: 85, 3: 7, 0: 59, 1: 22, 2: 26, 6: 11}","{2: 104, 1: 8, 3: 92, 6: 1, 5: 9, 4: 8, 0: 14}","{1: 86, 2: 53, 0: 97}","{1: 151, 0: 44, 2: 41}","{1: 116, 2: 38, 0: 82}","{1: 154, 2: 43, 0: 39}",0.08871568888589529,0.021377435156328055,0.10388192509339811,0.0919169889019023,0.17039170008734245,0.09654207640239176,0.19048590459790715,0.15894759853586848,0.17124904094269564,0.021408755846108508,0.22883704538784502,0.22408695460500447
6460,2,success,3,5,0,2530.4662795904756,2979,595.8,520.0,0.05,0.1,2.662214756011963,68.57183837890625,-707.1655883789062,539.7645263671875,2500.0,268.3862795904779,2289,-237.9200000000148,0.0,0.0,0.8494348034879072,"{2: 63, 3: 16, 4: 75, 1: 48, 0: 41, 6: 46, 5: 8}","{4: 29, 3: 204, 0: 44, 1: 7, 2: 10, 5: 3}","{1: 133, 0: 87, 2: 77}","{1: 197, 2: 47, 0: 53}","{1: 190, 0: 46, 2: 61}","{1: 201, 0: 55, 2: 41}",0.057047706057897614,0.019961355297895025,0.07642799057403596,0.09438126123846347,0.12622097253213926,0.13315829338912866,0.15348756669429708,0.1182582577597406,0.0905828907163003,0.12705550240764027,0.1281759770613014,0.10123299586637133
6470,2,success,3,5,0,2637.811418899593,3102,620.4,521.0,0.05,0.1,2.6807050704956055,68.6385498046875,-707.1655883789062,548.331298828125,2500.0,452.9617471095639,2370,-247.76000000001633,-67.39032820998264,0.0,0.8503582910701459,"{0: 41, 1: 19, 2: 23, 3: 5, 5: 42, 6: 123, 4: 57}","{3: 144, 2: 33, 6: 42, 5: 19, 4: 16, 0: 51, 1: 5}","{1: 60, 0: 116, 2: 134}","{1: 180, 2: 68, 0: 62}","{1: 98, 0: 94, 2: 118}","{1: 189, 0: 58, 2: 63}",0.11322944278101732,0.024162871386901517,0.14419295476470034,0.09333015964064541,0.21001149058920449,0.16796047730903346,0.24700111189074034,0.2493591805927631,0.21147636699193245,0.018587701128858748,0.1701744557106599,0.25230925514750846
6480,2,max_steps,3,3,0,820.6715306271507,3500,857.0,561.0,0.05,0.1,2.688953399658203,68.68599700927734,-707.1655883789062,568.6635131835938,1500.0,319.52646043796733,2690,-279.7600000000129,-719.0949298108163,0.0,0.2344775801791859,"{6: 89, 5: 32, 4: 117, 3: 6, 0: 30, 1: 32, 2: 44}","{3: 174, 2: 56, 0: 27, 1: 62, 6: 9, 5: 13, 4: 9}","{1: 153, 2: 77, 0: 120}","{1: 223, 0: 66, 2: 61}","{1: 233, 2: 61, 0: 56}","{1: 283, 2: 38, 0: 29}",0.05878582729521687,0.0215492828876942,0.08135857779375653,0.06775406617449897,0.11787238113456092,0.13719872632292154,0.15952388053052635,0.13232973584755273,0.11105724131454747,0.020074435672313377,0.10110503094791602,0.1934928480291348
6490,2,success,3,5,0,2550.611801253221,2327,465.4,512.0,0.05,0.1,2.706529378890991,68.73307037353516,-707.1655883789062,556.826416015625,2500.0,294.63873352251386,2087,-185.76000000000664,-58.266932269291736,0.0,1.0960944569201638,"{3: 21, 4: 62, 6: 7, 5: 11, 1: 46, 2: 43, 0: 42}","{5: 8, 4: 13, 3: 137, 2: 57, 1: 17}","{1: 86, 2: 62, 0: 84}","{1: 166, 2: 32, 0: 34}","{1: 128, 2: 42, 0: 62}","{1: 187, 2: 18, 0: 27}",0.08164480634459348,0.021344629458675487,0.09082591640417897,0.06698080168554314,0.1686933814645189,0.14334820754690902,0.18312460087869595,0.1036174212002294,0.14974066467415706,0.0158579386258355,0.10527871647936014,0.1437246698011626
6500,2,max_steps,3,4,0,1902.11447656237,3500,774.5,712.0,0.05,0.1,2.7347991466522217,68.80561828613281,-707.1655883789062,548.724609375,2000.0,365.3188071233597,2635,-279.6800000000129,-183.5243305609962,0.0,0.54346127901782,"{2: 126, 3: 5, 6: 65, 5: 28, 4: 27, 1: 29, 0: 70}","{0: 8, 1: 21, 2: 104, 3: 169, 4: 17, 6: 26, 5: 5}","{1: 138, 0: 125, 2: 87}","{1: 207, 0: 79, 2: 64}","{1: 206, 0: 80, 2: 64}","{1: 251, 0: 42, 2: 57}",0.07119145083280853,0.026272034229689795,0.07768262168264276,0.07484584863619032,0.20926773851347166,0.11111087302744468,0.24565608016400126,0.18078860856183854,0.21713452547935255,0.01961751651094246,0.1566366460569451,0.13143078188129498
6510,2,max_steps,3,4,0,1791.8348404054311,3500,821.25,731.5,0.05,0.1,2.7585861682891846,68.83968353271484,-707.1655883789062,564.5604248046875,2000.0,238.6127044814298,2631,-279.6800000000129,-167.09786407599552,0.0,0.5119528115444089,"{4: 119, 3: 14, 1: 23, 0: 8, 2: 68, 5: 58, 6: 60}","{4: 18, 3: 252, 2: 33, 5: 7, 0: 29, 1: 11}","{1: 156, 2: 92, 0: 102}","{1: 238, 2: 38, 0: 74}","{1: 231, 2: 61, 0: 58}","{1: 214, 2: 70, 0: 66}",0.054056981855001254,0.019775183512448273,0.07494528911811482,0.09004522661914136,0.09864892083339162,0.09601727056157497,0.14792950132439728,0.19061972895211973,0.10940517153882393,0.04087622553735765,0.18603194331362893,0.19664941019244064
6520,2,success,3,5,0,2597.5055504994443,2996,599.2,591.0,0.05,0.1,2.7535433769226074,68.95835876464844,-707.1655883789062,564.5604248046875,2500.0,340.15873436516824,2553,-239.280000000015,-3.373183865724788,0.0,0.8669911717287865,"{5: 61, 4: 100, 3: 22, 2: 53, 1: 63}","{6: 24, 5: 12, 4: 18, 3: 92, 2: 77, 0: 62, 1: 14}","{1: 110, 2: 98, 0: 91}","{1: 125, 2: 61, 0: 113}","{1: 137, 2: 86, 0: 76}","{1: 182, 0: 50, 2: 67}",0.08436858198046368,0.03418183893855091,0.11822372881315577,0.08652181145347504,0.18686662657537134,0.18268351862326265,0.23329360810812214,0.2280483923639854,0.2264220761717185,0.028829838529873322,0.2490922575930801,0.22515609791394295
6530,2,max_steps,3,4,0,2085.357692014933,3500,768.0,485.5,0.05,0.1,2.7438602447509766,69.10060119628906,-707.1655883789062,564.5604248046875,2000.0,365.03769201493344,2431,-279.6800000000129,0.0,0.0,0.595816483432838,"{5: 108, 6: 38, 4: 120, 3: 7, 0: 55, 1: 11, 2: 11}","{4: 20, 3: 220, 2: 57, 0: 15, 1: 7, 6: 26, 5: 5}","{1: 126, 0: 94, 2: 130}","{1: 226, 2: 65, 0: 59}","{1: 172, 0: 81, 2: 97}","{1: 210, 0: 75, 2: 65}",0.0668564721659562,0.02497246071985516,0.10244924610951239,0.09295994093685224,0.22717373767855253,0.1351816508524964,0.279668724786879,0.2256516326062991,0.13071893143852567,0.030589852015391696,0.1669292779000294,0.15463366015530525
6540,2,success,3,5,0,2534.9619526213446,3190,638.0,639.0,0.05,0.1,2.7382919788360596,69.2046890258789,-707.1655883789062,559.96533203125,2500.0,294.8345416921519,2594,-254.80000000001743,-5.072589070807287,0.0,0.7946589193170359,"{2: 85, 3: 15, 4: 130, 6: 3, 5: 27, 0: 54, 1: 5}","{1: 14, 2: 66, 3: 194, 6: 1, 5: 18, 4: 26}","{1: 158, 0: 82, 2: 79}","{1: 238, 0: 47, 2: 34}","{1: 197, 0: 64, 2: 58}","{1: 227, 0: 45, 2: 47}",0.05165716646459792,0.023028589733102872,0.05462951073982428,0.07641358421232813,0.20341468896317455,0.09760807985872254,0.23785062631837556,0.19726432552442974,0.16333713107925232,0.025482825619191664,0.236888213424684,0.2066026593129743
6550,2,success,3,5,0,2596.10300924225,1999,399.8,364.0,0.05,0.1,2.732572317123413,69.2697525024414,-707.1655883789062,559.96533203125,2500.0,255.62300924224954,1564,-159.52000000000254,0.0,0.0,1.2987008550486494,"{3: 46, 4: 66, 5: 17, 1: 13, 0: 19, 2: 38}","{5: 11, 4: 14, 1: 40, 2: 69, 0: 4, 3: 37, 6: 24}","{1: 72, 0: 76, 2: 51}","{1: 72, 2: 58, 0: 69}","{1: 99, 0: 56, 2: 44}","{1: 122, 0: 44, 2: 33}",0.06934782657864019,0.035702079478238356,0.10046085336195311,0.09421205303091444,0.17169679840385302,0.19109857172549027,0.23192097120596547,0.28014752021278005,0.172112477546973,0.16817076958241714,0.18607681988627284,0.21147709815061874
6560,2,crash,3,2,1,-738.8027557428196,1079,399.0,399.0,0.05,0.1,2.719348669052124,69.39878845214844,-707.1655883789062,559.96533203125,1000.0,121.90413561546285,738,-86.15999999999852,-274.5468913582817,-1500.0,-0.6847106169998328,"{3: 36, 1: 20, 0: 14, 2: 9, 6: 28}","{0: 20, 1: 19, 2: 25, 6: 20, 5: 5, 4: 7, 3: 11}","{1: 56, 2: 3, 0: 48}","{1: 20, 0: 56, 2: 31}","{1: 74, 0: 33}","{1: 79, 2: 16, 0: 12}",0.04764548197465086,0.06019322976513795,0.05664498895163443,0.06486125930084195,0.21794463761973132,0.20140896789850696,0.25967780213224884,0.18705840135670734,0.2353881540896693,0.18282814604517858,0.2472593904290508,0.061424375443868626
6570,2,success,3,5,0,2561.571188555988,2530,506.0,517.0,0.05,0.1,2.7237536907196045,69.499267578125,-707.1655883789062,571.5584716796875,2500.0,396.66232856286024,1989,-202.00000000000918,-133.09114000686938,0.0,1.0124787306545409,"{0: 51, 1: 20, 2: 25, 3: 6, 6: 51, 5: 15, 4: 85}","{2: 58, 3: 150, 4: 39, 5: 6}","{1: 60, 0: 88, 2: 105}","{1: 161, 0: 49, 2: 43}","{1: 76, 0: 87, 2: 90}","{1: 146, 0: 58, 2: 49}",0.10924879064421275,0.025757445993143384,0.13949712427817282,0.08939100027373206,0.22820472465833153,0.08979202281894429,0.25679869008409156,0.26156024565280334,0.20890842444389746,0.06687492725396882,0.26004265183606257,0.15258103063812942
6580,2,crash,3,1,1,-1106.881156874027,520,385.0,385.0,0.05,0.1,2.713533401489258,69.58708953857422,-707.1655883789062,546.9003295898438,500.0,61.1457620255733,384,-41.51999999999947,-126.5069188996004,-1500.0,-2.128617609373129,"{6: 17, 5: 12, 4: 9, 0: 14}","{3: 37, 4: 1, 6: 14}","{1: 12, 2: 40}","{1: 50, 2: 1, 0: 1}","{1: 14, 2: 38}","{1: 30, 2: 9, 0: 13}",0.15768325740753963,0.009122936922651235,0.1766825019426057,0.09797396309572827,0.2652812461937069,0.02506529889579581,0.2989688019364878,0.3070934921679996,0.2531159044520678,0.0012462001732341072,0.30979000482819535,0.023597240767370884
6590,2,crash,3,2,1,-730.3950600019094,1866,825.0,825.0,0.05,0.1,2.7116031646728516,69.63430786132812,-707.1655883789062,558.8316650390625,1000.0,154.42117868130987,1361,-149.1200000000009,-235.69623868321833,-1500.0,-0.3914228617373577,"{2: 49, 1: 35, 3: 2, 6: 54, 5: 15, 4: 31}","{1: 16, 2: 34, 3: 104, 5: 24, 4: 8}","{1: 64, 0: 40, 2: 82}","{1: 132, 0: 30, 2: 24}","{1: 108, 0: 20, 2: 58}","{1: 146, 0: 28, 2: 12}",0.07980433474498336,0.018494181373365212,0.08618066391587602,0.07358060803347341,0.15324958261622013,0.12637428435049647,0.1867604191897446,0.11863648062006804,0.13771224505747615,0.02994139516883891,0.2023060854700211,0.07682977072817782
6600,2,crash,3,3,1,56.72216225110287,2062,660.3333333333334,729.0,0.05,0.1,2.7213830947875977,69.71742248535156,-707.1655883789062,532.8176879882812,1500.0,329.5282590627925,1430,-164.72000000000335,-108.08609681168612,-1500.0,0.027508323109167253,"{4: 57, 5: 30, 0: 45, 1: 5, 2: 6, 3: 2, 6: 61}","{0: 14, 1: 14, 2: 16, 3: 122, 4: 9, 6: 25, 5: 6}","{1: 57, 0: 52, 2: 97}","{1: 126, 0: 45, 2: 35}","{1: 76, 2: 96, 0: 34}","{1: 146, 0: 28, 2: 32}",0.11968648140092933,0.0206449102988805,0.1465565326743321,0.07315863354610613,0.29156416470348345,0.16607060164576543,0.31358871275115036,0.263764041506527,0.29044986810989304,0.013653756586143654,0.2727747703750165,0.30488108378159734
6610,2,success,3,5,0,2070.926030255364,3305,661.0,495.0,0.05,0.1,2.7211339473724365,69.80970764160156,-707.1655883789062,537.1626586914062,2500.0,427.1024719279893,2341,-264.00000000001603,-592.1764416726219,0.0,0.6266039425886124,"{0: 83, 1: 30, 2: 33, 4: 90, 5: 37, 3: 10, 6: 47}","{2: 35, 3: 212, 4: 52, 0: 26, 1: 5}","{1: 84, 0: 116, 2: 130}","{1: 201, 0: 82, 2: 47}","{1: 108, 0: 109, 2: 113}","{1: 188, 0: 81, 2: 61}",0.09756357122342127,0.025971936009046355,0.14110054357067225,0.09592262295337178,0.23873737356687708,0.13247155870439292,0.2791417599237138,0.26134256420093926,0.24801850974726009,0.023348160984492248,0.26653519372765727,0.3517827229065077
6620,2,crash,3,3,1,132.29079907046844,2272,725.0,576.0,0.05,0.1,2.7066168785095215,69.90120697021484,-707.1655883789062,533.5399780273438,1500.0,404.67442999980943,1728,-181.52000000000598,-90.86363092933898,-1500.0,0.05822658409791744,"{0: 30, 1: 13, 2: 13, 6: 113, 5: 22, 4: 35, 3: 1}","{0: 4, 1: 10, 2: 11, 3: 117, 6: 54, 5: 9, 4: 22}","{1: 28, 0: 76, 2: 123}","{1: 129, 0: 27, 2: 71}","{1: 35, 0: 63, 2: 129}","{1: 148, 0: 39, 2: 40}",0.17807025652525157,0.020057223374182375,0.2094232416044544,0.0876331170201623,0.3023356802261601,0.13170472150941281,0.31060237570905613,0.3616791333093777,0.2812880778856566,0.011934870129904379,0.31072234595920156,0.26986208004435686
6630,2,success,3,5,0,2607.0426001451888,1450,290.0,283.0,0.05,0.1,2.7155537605285645,70.0103759765625,-707.1655883789062,541.54638671875,2500.0,222.64260014518604,1335,-115.59999999999789,0.0,0.0,1.7979604138932337,"{0: 20, 1: 10, 2: 11, 3: 37, 4: 59, 5: 8}","{5: 10, 4: 9, 3: 72, 2: 31, 1: 19, 0: 4}","{1: 35, 0: 61, 2: 49}","{1: 67, 2: 23, 0: 55}","{1: 46, 0: 49, 2: 50}","{1: 85, 0: 27, 2: 33}",0.11662187840555652,0.032174282323915906,0.1573014185521017,0.09039021622785959,0.21272851104425383,0.1840267852168159,0.3015130130336356,0.364166593398935,0.14685050234123978,0.1571948464500038,0.36908468755159496,0.14179675276389175
6640,2,crash,3,1,1,-1116.6618243684788,561,456.0,456.0,0.05,0.1,2.7075541019439697,70.12982177734375,-707.1655883789062,536.5634155273438,500.0,80.50305316361792,455,-44.7999999999994,-152.36487753209678,-1500.0,-1.9904845354161833,"{6: 30, 5: 7, 4: 8, 0: 11}","{2: 9, 3: 43, 1: 4}","{1: 14, 2: 42}","{1: 39, 0: 17}","{1: 18, 2: 38}","{1: 32, 2: 7, 0: 17}",0.14534668463595943,0.013833529830937009,0.16947988919057516,0.09816034316476605,0.24995349870031197,0.08714564647376,0.29468743837362854,0.2389427742259704,0.25621543452308726,0.03267131633019088,0.25001544068694864,0.13168430709397747
6650,2,crash,3,4,1,417.5512591437275,1959,457.75,492.5,0.05,0.1,2.718174934387207,70.23442840576172,-707.1655883789062,551.1033325195312,2000.0,246.01407594511625,1468,-156.40000000000205,-172.0628168013933,-1500.0,0.21314510420813043,"{1: 33, 2: 20, 3: 26, 4: 88, 6: 15, 5: 5, 0: 8}","{4: 12, 3: 111, 2: 35, 1: 15, 5: 10, 6: 12}","{1: 42, 0: 73, 2: 80}","{1: 122, 2: 30, 0: 43}","{1: 77, 0: 42, 2: 76}","{1: 130, 0: 39, 2: 26}",0.09704409808957448,0.023709547193880784,0.11232680439325794,0.07580789294058175,0.25547991801283,0.1290489645615884,0.27307658971691284,0.2648169147381055,0.17705358296199034,0.07801239154350706,0.2863640946164572,0.26361263855837974
6660,2,crash,3,1,1,-2206.936321737797,941,463.0,463.0,0.05,0.1,2.7286078929901123,70.33749389648438,-707.1655883789062,545.1390380859375,500.0,75.60147589645516,538,-75.19999999999875,-1207.337797634252,-1500.0,-2.3453095873940453,"{0: 25, 1: 9, 2: 11, 3: 1, 6: 48}","{2: 41, 3: 46, 4: 7}","{1: 38, 0: 56}","{1: 41, 0: 31, 2: 22}","{1: 58, 0: 36}","{1: 59, 0: 18, 2: 17}",0.07758545309082668,0.03239652960383129,0.08078388110226496,0.09314505315916104,0.1721914175332395,0.11053292727563596,0.19959085174224941,0.11333193484876332,0.1557359842361346,0.009631894940628204,0.09986721542635643,0.0714384939438665
6670,2,crash,3,2,1,-844.6493249638463,1338,619.5,619.5,0.05,0.1,2.733325719833374,70.40397644042969,-707.1655883789062,552.3707275390625,1000.0,281.6332000198884,1076,-106.87999999999808,-519.4025249837345,-1500.0,-0.631277522394504,"{6: 23, 5: 15, 4: 13, 0: 70, 1: 5, 2: 7}","{6: 7, 5: 6, 4: 9, 3: 62, 1: 21, 2: 28}","{1: 18, 2: 43, 0: 72}","{1: 74, 2: 25, 0: 34}","{1: 22, 2: 36, 0: 75}","{1: 85, 2: 24, 0: 24}",0.17849678520397522,0.02558131242644268,0.19764011932182501,0.08333910193592786,0.2641147014286701,0.1605266013311174,0.26949594085863443,0.20706230284667607,0.2661229735987989,0.00994951571946817,0.2094086880168043,0.11076400862773113
6680,2,crash,3,4,1,505.9958312553747,1976,473.75,497.5,0.05,0.1,2.7393851280212402,70.47711181640625,-707.1655883789062,553.1602783203125,2000.0,268.28299151982606,1638,-157.76000000000226,-104.52716026445478,-1500.0,0.25607076480535157,"{3: 65, 4: 38, 5: 41, 0: 36, 1: 5, 2: 7, 6: 5}","{2: 42, 3: 90, 6: 24, 5: 6, 4: 7, 0: 21, 1: 7}","{1: 109, 0: 50, 2: 38}","{1: 94, 0: 67, 2: 36}","{1: 113, 2: 28, 0: 56}","{1: 122, 2: 36, 0: 39}",0.046856269050815975,0.03056137943584093,0.07780987002064908,0.08522812773729123,0.265707882096971,0.15686843095189856,0.2852156467320804,0.23021045967313383,0.12142755543749768,0.10824050774253947,0.11615604989703872,0.1027667434549531
6690,2,crash,3,2,1,-1090.1273876095743,1429,495.0,495.0,0.05,0.1,2.7427170276641846,70.57550811767578,-707.1655883789062,561.7334594726562,1000.0,115.74575940528366,676,-114.15999999999792,-591.7131470148557,-1500.0,-0.7628603132327322,"{4: 41, 3: 1, 0: 40, 1: 8, 2: 8, 6: 44}","{4: 14, 3: 92, 2: 36}","{1: 54, 2: 26, 0: 62}","{1: 91, 2: 13, 0: 38}","{1: 64, 2: 21, 0: 57}","{1: 95, 2: 22, 0: 25}",0.08230474220860154,0.023191961143399532,0.11844013706666526,0.08808915702093066,0.20925545783874505,0.08104685577250423,0.2301345788162577,0.14064711536760857,0.22754322298121898,0.02740537201506732,0.2070829990292809,0.10036157533396702
6700,2,success,3,5,0,2201.8222238685694,3342,668.4,683.0,0.05,0.1,2.744223117828369,70.69830322265625,-707.1655883789062,561.7334594726562,2500.0,610.8190114175662,2661,-266.96000000001544,-642.0367875489925,0.0,0.6588336995417622,"{0: 101, 1: 28, 2: 27, 6: 150, 5: 12, 4: 14, 3: 2}","{5: 12, 4: 15, 3: 171, 0: 40, 1: 12, 2: 52, 6: 32}","{1: 54, 0: 140, 2: 140}","{1: 181, 2: 64, 0: 89}","{1: 74, 0: 137, 2: 123}","{1: 219, 0: 61, 2: 54}",0.15151013136709374,0.027785699794347724,0.18994283279027313,0.08003884965941144,0.2639696662277955,0.16769122558315322,0.29184935449587396,0.23373934037414898,0.275464743740646,0.022919252746925946,0.281780255947847,0.11109694659835297
6710,2,crash,3,2,1,-699.1553395002111,1348,598.0,598.0,0.05,0.1,2.7452313899993896,70.79816436767578,-707.1655883789062,559.77490234375,1000.0,91.39687053770311,989,-107.67999999999806,-182.8722100379127,-1500.0,-0.5186612310832427,"{4: 82, 3: 6, 5: 35, 2: 11}","{2: 45, 3: 48, 0: 14, 1: 14, 4: 13}","{1: 65, 2: 69}","{1: 83, 0: 39, 2: 12}","{1: 80, 2: 54}","{1: 70, 2: 24, 0: 40}",0.05161685199268781,0.027271628100623953,0.0849746859512894,0.09584161176054315,0.16301969970531593,0.06798836927721959,0.18534689272228616,0.14797070766866618,0.17537973165346482,0.02545812864625618,0.1972506648002593,0.18139251846593843
6720,2,success,3,5,0,2667.6083189703577,3091,618.2,618.0,0.05,0.1,2.755737543106079,70.91751861572266,-707.1655883789062,555.0243530273438,2500.0,414.4883189703458,2561,-246.8800000000162,0.0,0.0,0.8630243671854926,"{2: 69, 6: 50, 5: 73, 4: 35, 3: 31, 0: 45, 1: 6}","{1: 33, 2: 59, 3: 72, 6: 55, 5: 15, 4: 18, 0: 57}","{1: 123, 0: 93, 2: 93}","{1: 105, 0: 114, 2: 90}","{1: 142, 0: 76, 2: 91}","{1: 204, 0: 41, 2: 64}",0.08191934796792799,0.03441743575622339,0.10957096688147541,0.08081765564796578,0.18243020852744823,0.17281326658759055,0.2149354793422894,0.20221033593464705,0.22364106004231835,0.09024409852743082,0.217901521603578,0.10216080538828112
6730,2,success,3,5,0,2327.0064926234436,2249,449.8,448.0,0.05,0.1,2.7444379329681396,71.0374984741211,-707.1655883789062,555.0243530273438,2500.0,377.227112547115,1677,-179.52000000000567,-370.700619923671,0.0,1.0346849678183387,"{5: 57, 6: 12, 4: 40, 3: 23, 1: 12, 0: 54, 2: 26}","{4: 60, 3: 82, 0: 32, 1: 5, 2: 30, 6: 9, 5: 6}","{1: 64, 2: 81, 0: 79}","{1: 117, 2: 66, 0: 41}","{1: 82, 2: 63, 0: 79}","{1: 134, 0: 45, 2: 45}",0.13305352174809948,0.029216101267812898,0.1691147744146484,0.09149039267227835,0.2838260059364659,0.16181890754419395,0.3101694022461506,0.22435903779500063,0.2508305911284117,0.12601016083119124,0.22392379229887172,0.11931188075494083
6740,2,success,3,5,0,2548.052850792362,3361,672.2,489.0,0.05,0.1,2.7346913814544678,71.1191177368164,-707.1655883789062,550.9963989257812,2500.0,468.5550928264431,2716,-268.48000000001514,-152.02224203408076,0.0,0.7581234307623808,"{6: 127, 5: 16, 4: 18, 0: 54, 1: 44, 2: 75, 3: 2}","{6: 10, 5: 5, 4: 34, 3: 238, 0: 20, 1: 9, 2: 20}","{1: 87, 2: 118, 0: 131}","{1: 218, 2: 36, 0: 82}","{1: 163, 2: 85, 0: 88}","{1: 219, 2: 63, 0: 54}",0.10101033207507477,0.02047297195462306,0.10201849065828883,0.08761394573722489,0.19263108055636305,0.1398137285649679,0.24697940753281028,0.22713100016666893,0.2273364810648175,0.02572052038127535,0.2143432467240864,0.22114598001812422
6750,2,success,3,5,0,2697.9560123488704,3171,634.2,552.0,0.05,0.1,2.7438864707946777,71.17963409423828,-707.1655883789062,545.1094970703125,2500.0,451.2360123488505,2681,-253.2800000000172,0.0,0.0,0.8508218266631569,"{0: 19, 1: 64, 2: 40, 3: 5, 6: 94, 5: 45, 4: 50}","{1: 13, 2: 30, 3: 139, 6: 70, 5: 15, 4: 19, 0: 31}","{1: 85, 0: 111, 2: 121}","{1: 144, 0: 69, 2: 104}","{1: 141, 0: 72, 2: 104}","{1: 211, 0: 73, 2: 33}",0.08993050463437074,0.04353230227602309,0.111084963565564,0.09363634360496842,0.17131699359961544,0.171924084726856,0.20255862850944745,0.2009056994677034,0.16314772994744525,0.03128370671113903,0.11261184932915558,0.2668376904542399
6760,2,crash,3,3,1,-250.22215497046773,1816,528.0,531.0,0.05,0.1,2.7536497116088867,71.26492309570312,-707.1655883789062,540.862060546875,1500.0,162.5373966716789,1436,-145.04000000000028,-267.71955164214626,-1500.0,-0.13778753027008134,"{4: 54, 3: 30, 2: 55, 1: 38, 5: 4}","{6: 27, 5: 8, 4: 20, 3: 80, 2: 14, 0: 25, 1: 7}","{1: 94, 2: 10, 0: 77}","{1: 84, 2: 51, 0: 46}","{1: 123, 2: 7, 0: 51}","{1: 142, 2: 19, 0: 20}",0.04360298391106806,0.03329725999498483,0.04681868576224341,0.06594429039686067,0.13427466804268046,0.13264256482455639,0.16419219241537514,0.12362310607360939,0.050279903382077475,0.05438927719025366,0.09898100843949995,0.10264529044369362
6770,2,max_steps,3,4,0,1755.5181338045195,3500,849.25,770.5,0.05,0.1,2.7616500854492188,71.32734680175781,-787.9616088867188,541.772216796875,2000.0,416.41228541009207,2322,-279.6800000000129,-381.2141516055703,0.0,0.5015766096584341,"{4: 60, 2: 93, 1: 39, 0: 76, 3: 8, 6: 69, 5: 5}","{6: 6, 5: 16, 4: 38, 3: 215, 2: 64, 0: 11}","{1: 119, 2: 97, 0: 134}","{1: 236, 2: 69, 0: 45}","{1: 175, 2: 69, 0: 106}","{1: 222, 2: 66, 0: 62}",0.08995786261776437,0.019120923854016196,0.09883750949934299,0.08223779898779303,0.25078944857996954,0.08520426530285181,0.3029510842133279,0.2569792422231319,0.1412136120043387,0.021546164900562607,0.25328547456574535,0.15231402919883555
6780,2,crash,3,3,1,-50.76365396721644,1673,525.0,590.0,0.05,0.1,2.76157546043396,71.43425750732422,-787.9616088867188,554.7020263671875,1500.0,233.30681689641858,1315,-133.5999999999985,-150.47047086363534,-1500.0,-0.030342889400607555,"{4: 26, 3: 7, 1: 25, 2: 33, 6: 61, 5: 5, 0: 10}","{6: 3, 5: 8, 4: 13, 3: 107, 2: 26, 0: 10}","{1: 64, 0: 45, 2: 58}","{1: 115, 2: 27, 0: 25}","{1: 79, 0: 30, 2: 58}","{1: 112, 0: 28, 2: 27}",0.08160474714969121,0.016552480087991296,0.11117564118955764,0.08544079309692498,0.2698975225415392,0.10708996695795509,0.2864973355504266,0.18975297683789497,0.2548767662389083,0.1281964311044135,0.20956244729270454,0.1022902877212303
6790,2,success,3,5,0,2618.572060625299,2768,553.6,524.0,0.05,0.1,2.758820056915283,71.51615905761719,-787.9616088867188,561.6040649414062,2500.0,339.6120606253008,2216,-221.04000000001216,0.0,0.0,0.9460159178559606,"{1: 69, 2: 56, 3: 36, 4: 58, 0: 6, 6: 45, 5: 6}","{2: 27, 3: 172, 6: 21, 5: 7, 4: 26, 0: 12, 1: 11}","{1: 114, 0: 80, 2: 82}","{1: 162, 0: 60, 2: 54}","{1: 156, 0: 48, 2: 72}","{1: 187, 0: 39, 2: 50}",0.06314660005560055,0.022168146598117736,0.09066882271379381,0.0793831862321544,0.20609929634974866,0.14291111715484317,0.24001762687077322,0.19280780708971257,0.20320671027034098,0.10287577623306567,0.18481352465481235,0.16094395119481367
6800,2,crash,3,2,1,-626.1940700028687,1287,412.5,412.5,0.05,0.1,2.7443370819091797,71.6538314819336,-787.9616088867188,584.6766357421875,1000.0,141.38201739492735,758,-102.79999999999816,-164.77608739779464,-1500.0,-0.4865532789455079,"{1: 23, 2: 10, 3: 4, 4: 26, 5: 19, 6: 46}","{6: 6, 5: 6, 4: 16, 3: 25, 1: 25, 2: 37, 0: 13}","{1: 28, 0: 68, 2: 32}","{1: 30, 2: 26, 0: 72}","{1: 38, 0: 61, 2: 29}","{1: 64, 0: 31, 2: 33}",0.1404290685722946,0.09448079083352322,0.17419775882141003,0.09961624831163857,0.21470899050124914,0.16534278628660826,0.2980002557819098,0.29526183570866327,0.21680299149935622,0.02634598705240904,0.24581429087625406,0.09849561884754107
6810,2,crash,3,4,1,435.45781976973126,2092,486.25,506.0,0.05,0.1,2.7280964851379395,71.80298614501953,-787.9616088867188,576.349853515625,2000.0,201.2844455723002,1534,-167.04000000000372,-98.78662580256763,-1500.0,0.20815383354193656,"{2: 36, 3: 8, 4: 48, 5: 37, 0: 58, 1: 7, 6: 15}","{2: 31, 3: 101, 5: 24, 4: 16, 0: 27, 1: 6, 6: 4}","{1: 57, 0: 81, 2: 71}","{1: 119, 0: 54, 2: 36}","{1: 80, 0: 79, 2: 50}","{1: 150, 0: 28, 2: 31}",0.10128453514658169,0.02704371974560197,0.11482401933166099,0.06751393033040402,0.2407733121781189,0.14668213417296555,0.23970246043077545,0.17110608608860733,0.14020874763359364,0.026420633688152187,0.22066811105575862,0.09758729284265251
6820,2,crash,3,3,1,-63.648568007663926,2393,743.6666666666666,757.0,0.05,0.1,2.715383529663086,71.95645904541016,-787.9616088867188,559.1043090820312,1500.0,312.63221271687337,1785,-191.2000000000075,-185.08078072453452,-1500.0,-0.026597813626269923,"{2: 71, 3: 3, 6: 83, 5: 5, 4: 8, 0: 64, 1: 5}","{2: 42, 3: 126, 4: 71}","{1: 72, 0: 109, 2: 58}","{1: 146, 0: 54, 2: 39}","{1: 96, 0: 90, 2: 53}","{1: 173, 0: 36, 2: 30}",0.11189265448044981,0.02182017960132347,0.13360418621342046,0.07891579091811413,0.2716570486647227,0.04776317111110989,0.2939994172886951,0.21315428517613802,0.2914918724298325,0.013831192015389779,0.26287630405691786,0.101065257756851
6830,2,crash,3,3,1,-40.99192513149933,1751,553.3333333333334,617.0,0.05,0.1,2.7171382904052734,72.0705795288086,-750.6251220703125,551.3494262695312,1500.0,204.21658888780433,1261,-139.83999999999946,-105.36851401930281,-1500.0,-0.02341057974386027,"{4: 89, 3: 3, 5: 22, 0: 48, 1: 6, 2: 7}","{3: 110, 4: 30, 1: 18, 2: 17}","{1: 60, 2: 50, 0: 65}","{1: 108, 0: 35, 2: 32}","{1: 88, 2: 27, 0: 60}","{1: 132, 2: 24, 0: 19}",0.07143568263508902,0.022940614302234572,0.09990365382277122,0.06536157463162373,0.24161618398604623,0.092372458008461,0.2672909064274668,0.1788205647684141,0.10227909669751856,0.02310043661185947,0.11880292915208351,0.08937518961726301
6840,2,success,3,5,0,2077.2839867293233,2848,569.6,370.0,0.05,0.1,2.715588331222534,72.22349548339844,-750.6251220703125,553.77197265625,2500.0,346.7614363788258,2353,-227.44000000001316,-542.0374496495032,0.0,0.7293834223066444,"{6: 12, 5: 12, 4: 12, 3: 25, 2: 119, 1: 58, 0: 46}","{6: 6, 5: 20, 4: 22, 3: 165, 1: 21, 2: 20, 0: 30}","{1: 116, 2: 60, 0: 108}","{1: 145, 2: 59, 0: 80}","{1: 144, 2: 48, 0: 92}","{1: 165, 2: 68, 0: 51}",0.0683684910350156,0.02959572962909428,0.09646262281514223,0.09761873406610574,0.1519493499234721,0.17633395479800468,0.19047500510211743,0.16236091091195828,0.15177867818746543,0.07058456817923545,0.17083308208717185,0.1741293895342188
6850,2,crash,3,3,1,-307.4590541170994,1963,431.0,443.0,0.05,0.1,2.713742733001709,72.29095458984375,-750.6251220703125,545.8346557617188,1500.0,319.21908579605883,1637,-156.80000000000211,-469.8781399131584,-1500.0,-0.15662712894401395,"{6: 38, 5: 39, 4: 35, 3: 17, 2: 30, 0: 30, 1: 7}","{5: 14, 4: 18, 3: 72, 0: 15, 1: 6, 2: 27, 6: 44}","{1: 29, 2: 73, 0: 94}","{1: 66, 2: 74, 0: 56}","{1: 46, 2: 58, 0: 92}","{1: 119, 2: 41, 0: 36}",0.1270079472978266,0.07788821841273864,0.1645323325182934,0.08872580936068601,0.2267613796025585,0.16904937033156298,0.2567654911985696,0.27322049661931,0.25732062542132456,0.10967275766211519,0.27556167381558677,0.09794358331871607
6860,2,crash,3,3,1,-1109.9515721537343,1982,484.0,638.0,0.05,0.1,2.708761215209961,72.38998413085938,-750.6251220703125,545.0059204101562,1500.0,225.3732122253251,1451,-158.32000000000235,-1177.0047843790583,-1500.0,-0.5600159294418438,"{5: 24, 6: 70, 4: 22, 0: 48, 1: 16, 2: 16, 3: 2}","{6: 3, 5: 26, 4: 61, 3: 64, 0: 31, 1: 5, 2: 8}","{1: 68, 2: 51, 0: 79}","{1: 77, 2: 85, 0: 36}","{1: 118, 2: 24, 0: 56}","{1: 154, 0: 20, 2: 24}",0.07589386521562727,0.03483938907548177,0.07956000564837484,0.07793753993355294,0.20783843397554205,0.18446774019627568,0.2133525477287137,0.14897405581428694,0.2917360475363845,0.1225297041691444,0.28384004165469895,0.2459497076463385
6870,2,success,3,5,0,2578.753412023921,1779,355.8,295.0,0.05,0.1,2.7046561241149902,72.49861907958984,-750.6251220703125,545.7839965820312,2500.0,220.67341202392177,1698,-141.9199999999998,0.0,0.0,1.4495522271073193,"{4: 45, 3: 9, 6: 24, 5: 11, 2: 58, 1: 30}","{1: 6, 2: 20, 3: 101, 6: 13, 5: 22, 4: 15}","{1: 83, 2: 46, 0: 48}","{1: 99, 0: 27, 2: 51}","{1: 117, 2: 29, 0: 31}","{1: 108, 2: 30, 0: 39}",0.055397656532904474,0.025300842462799986,0.07181354484338676,0.08942795545951576,0.13722195205063617,0.16160773088249625,0.18605744152174045,0.19308181517758322,0.18368149410342033,0.17473163202597639,0.20759859523206173,0.13579888085233505
6880,2,success,3,5,0,2140.4421441024933,2731,546.2,570.0,0.05,0.1,2.6981537342071533,72.5869140625,-750.6251220703125,540.025146484375,2500.0,370.76982233826664,2412,-218.0800000000117,-512.2476782357718,0.0,0.7837576507149372,"{6: 36, 5: 46, 4: 89, 3: 22, 0: 40, 1: 17, 2: 23}","{2: 32, 3: 161, 5: 8, 4: 40, 0: 20, 1: 12}","{1: 61, 2: 116, 0: 96}","{1: 161, 0: 63, 2: 49}","{1: 109, 2: 92, 0: 72}","{1: 173, 2: 52, 0: 48}",0.08947080757021558,0.025446401220818038,0.11264204521174719,0.08141018024765997,0.20538381371110923,0.11800773385749744,0.22572619921708542,0.17956745136505592,0.2243878609044449,0.13805703623458737,0.3004853978197591,0.07338962001392126
6890,2,max_steps,3,3,0,1175.7254696175175,3500,1068.3333333333333,1078.0,0.05,0.1,2.676511764526367,72.69654083251953,-750.6251220703125,548.5059814453125,1500.0,291.8591350366179,2053,-279.7600000000129,-336.3736654191016,0.0,0.33592156274786217,"{5: 15, 6: 192, 4: 8, 3: 5, 2: 56, 1: 60, 0: 14}","{4: 43, 3: 220, 2: 14, 0: 47, 1: 8, 6: 13, 5: 5}","{1: 171, 0: 120, 2: 59}","{1: 181, 2: 80, 0: 89}","{1: 235, 0: 62, 2: 53}","{1: 275, 0: 43, 2: 32}",0.05077537910532537,0.029055390023573817,0.0660717111778798,0.07972000872688013,0.22608434898831306,0.15486888829248718,0.23244145937101612,0.11636836953705507,0.2231680442302441,0.028784296851699778,0.1781771415506711,0.19471434582994823
6900,2,crash,3,0,1,-2227.397749920132,624,,,0.05,0.1,2.668266534805298,72.79397583007812,-750.6251220703125,540.025146484375,0.0,86.59406211357371,497,-49.91999999999929,-764.071812033705,-1500.0,-3.5695476761540577,"{6: 27, 5: 8, 4: 27}","{0: 10, 1: 7, 2: 8, 3: 17, 4: 20}","{1: 18, 2: 35, 0: 9}","{1: 19, 0: 43}","{1: 15, 2: 31, 0: 16}","{1: 32, 2: 9, 0: 21}",0.0895967799951134,0.05554211282733978,0.15766483752652255,0.09356130211239795,0.1903535586351552,0.17780218156138872,0.22589997371371734,0.23331003838287676,0.038173525212215786,0.02710825242780696,0.16766616599795342,0.16723829490568312
6910,2,success,3,5,0,2638.5789481938987,3436,687.2,781.0,0.05,0.1,2.679614305496216,72.88082885742188,-750.6251220703125,544.275390625,2500.0,413.0589481938939,2876,-274.48000000001394,0.0,0.0,0.7679216962147551,"{5: 18, 4: 66, 2: 142, 1: 32, 3: 33, 6: 52}","{3: 123, 0: 62, 1: 12, 2: 51, 6: 68, 5: 10, 4: 17}","{1: 104, 2: 139, 0: 100}","{1: 156, 0: 103, 2: 84}","{1: 162, 2: 110, 0: 71}","{1: 187, 2: 79, 0: 77}",0.0808131072301676,0.0320752490393002,0.10436357210881408,0.09356219942099697,0.1658173066311269,0.16969472437714106,0.20738790395095594,0.250004622964984,0.15785579235570232,0.1713178425910849,0.16241286175849973,0.19273871716666363
6920,2,success,3,5,0,2655.012459746132,3134,626.8,675.0,0.05,0.1,2.6908650398254395,72.92027282714844,-750.6251220703125,544.275390625,2500.0,405.33245974613635,2248,-250.32000000001673,0.0,0.0,0.8471641543542221,"{3: 34, 2: 60, 4: 56, 1: 39, 0: 53, 6: 65, 5: 6}","{1: 8, 2: 83, 6: 13, 5: 24, 4: 10, 3: 147, 0: 28}","{1: 73, 0: 135, 2: 105}","{1: 201, 0: 70, 2: 42}","{1: 119, 0: 103, 2: 91}","{1: 209, 0: 48, 2: 56}",0.10627211984053689,0.02475598461323963,0.12854105331711155,0.08881186601372043,0.25570597521334754,0.14375260536625387,0.28263716352592677,0.18171024654208057,0.15514896171052683,0.1063126699548401,0.22144470038589692,0.10010353289388196
6930,2,crash,3,1,1,-1272.5033003622027,988,798.0,798.0,0.05,0.1,2.6924586296081543,73.03213500976562,-721.6633911132812,559.3082885742188,500.0,81.57966019030454,797,-78.95999999999867,-275.1229605525071,-1500.0,-1.287958806034618,"{0: 30, 1: 15, 2: 33, 3: 1, 6: 19}","{2: 52, 3: 46}","{1: 27, 0: 71}","{1: 71, 0: 27}","{1: 52, 0: 46}","{1: 68, 0: 15, 2: 15}",0.09036594342016721,0.016898708377413786,0.09500702143466289,0.08404575438742053,0.11559233708938092,0.04703887743133555,0.15123189819706598,0.1425609521588959,0.09707480225572174,0.019864814455724616,0.15638174198194052,0.03000201369704112
6940,2,crash,3,2,1,-1916.62615178235,2340,761.0,761.0,0.05,0.1,2.6981091499328613,73.08988189697266,-721.6633911132812,554.9159545898438,1000.0,196.49849366883572,1474,-187.04000000000684,-1426.0846454511843,-1500.0,-0.8190710050351923,"{6: 97, 5: 26, 4: 28, 0: 57, 1: 13, 2: 12, 3: 1}","{0: 3, 1: 14, 2: 24, 3: 178, 5: 5, 4: 10}","{1: 83, 2: 51, 0: 100}","{1: 159, 0: 47, 2: 28}","{1: 140, 2: 26, 0: 68}","{1: 137, 2: 43, 0: 54}",0.08158170873118137,0.01980365933301638,0.08871671588456238,0.09413927335981023,0.13772409499116176,0.12083495135991015,0.1670100537388394,0.15273924868191097,0.17006802719339023,0.01684391656898872,0.13948263502168895,0.11014885869626159
6950,2,crash,3,4,1,379.0006975738065,2795,639.75,604.0,0.05,0.1,2.704759359359741,73.17561340332031,-721.6633911132812,543.1024169921875,2000.0,307.85962201992817,1890,-223.2800000000125,-205.5789244461311,-1500.0,0.13559953401567318,"{3: 38, 1: 22, 2: 55, 6: 95, 5: 22, 4: 23, 0: 24}","{6: 29, 5: 17, 4: 30, 3: 150, 0: 37, 1: 6, 2: 10}","{1: 87, 0: 81, 2: 111}","{1: 150, 2: 75, 0: 54}","{1: 128, 0: 41, 2: 110}","{1: 171, 0: 59, 2: 49}",0.07855005921285049,0.026772956199086463,0.11236428656899344,0.0909248428663581,0.2372741684726254,0.14504608094670499,0.2732308444634718,0.19657371972928253,0.25346543331218047,0.11563078791598252,0.24311236006762926,0.11958700673824503
6960,2,max_steps,3,3,0,1493.0775606584425,3500,982.6666666666666,798.0,0.05,0.1,2.7151851654052734,73.21583557128906,-721.6633911132812,539.794921875,1500.0,274.5914228562426,2664,-279.7600000000129,-1.7538621977976203,0.0,0.426593588759555,"{2: 258, 3: 4, 5: 30, 4: 12, 0: 33, 1: 13}","{0: 2, 1: 21, 2: 71, 3: 208, 6: 36, 5: 5, 4: 7}","{1: 208, 0: 89, 2: 53}","{1: 221, 0: 75, 2: 54}","{1: 265, 0: 55, 2: 30}","{1: 256, 0: 48, 2: 46}",0.03860918465702372,0.02370055047194218,0.05343438678745111,0.05993131367882788,0.11577122981199141,0.13289800731014947,0.15593269569533422,0.11567310565133432,0.1515046796497716,0.03162637695857549,0.12485290616201866,0.12993382652423016
6970,2,max_steps,3,4,0,2214.7315045881674,3500,754.25,789.0,0.05,0.1,2.719526767730713,73.28141784667969,-732.5946044921875,543.8854370117188,2000.0,494.41150458815883,2520,-279.6800000000129,0.0,0.0,0.6327804298823335,"{4: 81, 5: 21, 3: 3, 0: 136, 1: 13, 2: 15, 6: 81}","{6: 32, 5: 13, 4: 31, 3: 191, 0: 18, 1: 6, 2: 59}","{1: 93, 0: 127, 2: 130}","{1: 195, 2: 72, 0: 83}","{1: 110, 0: 106, 2: 134}","{1: 237, 0: 52, 2: 61}",0.11206110721773838,0.026476679638974418,0.14621975335704945,0.08824251578029421,0.24988698256453168,0.1446793970169273,0.2854186561867706,0.23863390493062997,0.2757053767320552,0.018459362561555257,0.3165197060143022,0.37472387204617064
6980,2,max_steps,3,2,0,850.8383677713933,3500,1626.0,1626.0,0.05,0.1,2.73691987991333,73.31641387939453,-732.5946044921875,545.32177734375,1000.0,189.96742495530611,2218,-279.8400000000129,-59.28905718391345,0.0,0.24309667650611239,"{2: 178, 1: 44, 3: 4, 6: 44, 5: 41, 4: 39}","{2: 64, 3: 230, 4: 12, 6: 13, 5: 6, 0: 25}","{1: 236, 0: 46, 2: 68}","{1: 268, 0: 45, 2: 37}","{1: 278, 0: 38, 2: 34}","{1: 255, 0: 51, 2: 44}",0.032731004638529654,0.017798328956465707,0.04348340783964294,0.05727536596657595,0.09339991741385094,0.09301129146610598,0.12606073565317086,0.12053832097690377,0.07367534625592424,0.026399249213595637,0.07000198829750741,0.10543939586761998
6990,2,crash,3,4,1,313.70903929021733,2061,426.5,400.0,0.05,0.1,2.7539710998535156,73.3670883178711,-732.5946044921875,548.5258178710938,2000.0,241.1283017735684,1464,-164.56000000000333,-262.8592624833623,-1500.0,0.15221205205735922,"{4: 52, 5: 55, 3: 32, 0: 34, 1: 7, 2: 10, 6: 16}","{4: 45, 3: 108, 2: 31, 0: 16, 1: 6}","{1: 68, 0: 95, 2: 43}","{1: 107, 2: 39, 0: 60}","{1: 90, 0: 76, 2: 40}","{1: 99, 0: 51, 2: 56}",0.07625221914076358,0.029089807565845484,0.11344944640163446,0.1011212282715259,0.1842389899282072,0.15431637988361707,0.22851361505912715,0.2122441998287334,0.16370446247123832,0.1847087285074406,0.09271730039735618,0.28933931639282506
7000,2,success,3,5,0,2621.2468929291645,3461,692.2,631.0,0.05,0.1,2.777625560760498,73.41966247558594,-732.5946044921875,541.380615234375,2500.0,397.72689292915425,2692,-276.48000000001355,0.0,0.0,0.7573669150329859,"{6: 27, 5: 67, 4: 48, 3: 19, 0: 55, 1: 32, 2: 98}","{0: 25, 1: 14, 2: 87, 3: 124, 6: 62, 5: 18, 4: 16}","{1: 82, 2: 122, 0: 142}","{1: 175, 0: 84, 2: 87}","{1: 126, 2: 110, 0: 110}","{1: 201, 2: 67, 0: 78}",0.10153667935347901,0.0295434718156488,0.1275557735072174,0.09061011629454854,0.1675328307819401,0.15462416870442205,0.2052811947388788,0.21938975416673284,0.16615531687800333,0.030647581244955865,0.1819947161103119,0.2036148510623455
7010,2,success,3,5,0,1952.8973047025988,2834,566.8,601.0,0.05,0.1,2.779247760772705,73.44213104248047,-732.5946044921875,555.50537109375,2500.0,343.64520560303515,2236,-226.32000000001298,-664.427900900443,0.0,0.6890957320757229,"{2: 106, 0: 1, 1: 50, 6: 49, 5: 14, 4: 58, 3: 5}","{0: 6, 1: 7, 2: 42, 3: 174, 6: 21, 5: 16, 4: 17}","{1: 120, 0: 77, 2: 86}","{1: 161, 0: 53, 2: 69}","{1: 159, 0: 53, 2: 71}","{1: 182, 0: 59, 2: 42}",0.06700677754163982,0.02734289827437539,0.08676251679794163,0.09155147741106207,0.18430206805415963,0.15952237714143694,0.2129145517377882,0.15473359160428693,0.1697970540337788,0.032049877966753196,0.19181535512609993,0.11966389768449232
7020,2,max_steps,3,4,0,1548.4984608288278,3500,770.0,757.0,0.05,0.1,2.7933406829833984,73.47603607177734,-732.5946044921875,560.48193359375,2000.0,460.8839713078449,2766,-279.6800000000129,-632.705510479015,0.0,0.44242813166537936,"{5: 96, 4: 34, 0: 84, 1: 14, 2: 25, 3: 29, 6: 68}","{5: 20, 4: 22, 3: 141, 0: 53, 1: 12, 2: 38, 6: 64}","{1: 102, 2: 114, 0: 134}","{1: 153, 2: 100, 0: 97}","{1: 167, 2: 83, 0: 100}","{1: 214, 2: 56, 0: 80}",0.08128682544538432,0.0416781468487764,0.10538702108366596,0.0939216507523413,0.17854619752438972,0.1808845213619662,0.21361008351628796,0.20072289683063613,0.2217876311961519,0.19507039723744293,0.25833879607380134,0.05143424971483197
7030,2,success,3,5,0,2579.8145396662626,2550,510.0,548.0,0.05,0.1,2.8057138919830322,73.49633026123047,-732.5946044921875,559.950439453125,2500.0,283.41453966626216,2217,-203.60000000000943,0.0,0.0,1.0116919763397108,"{6: 24, 5: 13, 4: 17, 3: 15, 2: 135, 1: 44, 0: 7}","{5: 3, 4: 26, 3: 135, 2: 67, 0: 11, 1: 13}","{1: 92, 2: 58, 0: 105}","{1: 142, 2: 32, 0: 81}","{1: 157, 2: 30, 0: 68}","{1: 193, 2: 33, 0: 29}",0.07650857000744717,0.028917644467102384,0.08074443737823264,0.08697441212862925,0.11931534534508302,0.1238952731840444,0.15839075150369383,0.14047212003575962,0.1072951234951351,0.08110434218839149,0.09769971805644347,0.1031592990417586
7040,2,crash,3,4,1,491.4112075309831,1799,427.75,374.5,0.05,0.1,2.8066742420196533,73.57575988769531,-732.5946044921875,559.950439453125,2000.0,241.59665978668775,1348,-143.60000000000005,-106.58545225570494,-1500.0,0.27315798083990167,"{1: 48, 2: 68, 5: 17, 6: 22, 4: 19, 0: 4, 3: 1}","{5: 12, 4: 14, 3: 80, 2: 46, 0: 20, 1: 7}","{1: 57, 0: 78, 2: 44}","{1: 89, 2: 29, 0: 61}","{1: 70, 0: 71, 2: 38}","{1: 123, 0: 33, 2: 23}",0.08587554759643432,0.03047833712241913,0.1216604496423899,0.08368122898311242,0.24570074541507345,0.126434310813345,0.2804650685694548,0.20501266431404627,0.2783121434341425,0.14497437688496986,0.2844044461204681,0.235514572986119
7050,2,max_steps,3,4,0,2108.911919656651,3500,510.0,543.0,0.05,0.1,2.8076486587524414,73.63259887695312,-732.5946044921875,559.950439453125,2000.0,388.591919656632,3002,-279.6800000000129,0.0,0.0,0.6025462627590432,"{6: 127, 5: 27, 4: 72, 2: 35, 1: 37, 3: 27, 0: 25}","{5: 7, 4: 50, 3: 200, 0: 38, 1: 14, 2: 41}","{1: 119, 2: 146, 0: 85}","{1: 210, 2: 49, 0: 91}","{1: 203, 2: 91, 0: 56}","{1: 260, 2: 54, 0: 36}",0.07807476025384488,0.026096687421566143,0.09207835572373116,0.06860226432111939,0.12313155041560991,0.11731730642261234,0.17125404625240573,0.1481082601345895,0.07070852771491234,0.106179881643207,0.13532106140978126,0.1629011743644147
7060,2,max_steps,3,4,0,2188.2946257033173,3500,718.75,606.5,0.05,0.1,2.812248706817627,73.74114990234375,-732.5946044921875,559.950439453125,2000.0,509.17790220520214,2481,-279.6800000000129,-41.20327650189894,0.0,0.6252270359152335,"{5: 60, 4: 63, 3: 2, 0: 92, 1: 12, 2: 17, 6: 104}","{5: 9, 4: 26, 3: 187, 2: 60, 1: 34, 6: 34}","{1: 72, 2: 145, 0: 133}","{1: 209, 2: 64, 0: 77}","{1: 105, 2: 123, 0: 122}","{1: 230, 2: 63, 0: 57}",0.10871471274518385,0.02564998799262544,0.14297419324278787,0.08485836402035905,0.2363075682283642,0.13892155425477487,0.2742929730081082,0.22713049226561885,0.2539768530030485,0.014694057197499687,0.27346748000552734,0.06343149513777488
7070,2,crash,3,4,1,525.7096774697295,2528,606.75,570.5,0.05,0.1,2.8098909854888916,73.85103607177734,-732.5946044921875,565.9882202148438,2000.0,351.4166494747668,1902,-201.92000000000917,-123.78697200504149,-1500.0,0.2079547774801145,"{3: 36, 2: 77, 6: 61, 5: 14, 4: 15, 0: 43, 1: 6}","{0: 17, 1: 7, 2: 16, 3: 150, 4: 32, 6: 24, 5: 6}","{1: 101, 0: 88, 2: 63}","{1: 131, 0: 56, 2: 65}","{1: 119, 0: 75, 2: 58}","{1: 177, 2: 40, 0: 35}",0.06899939909806693,0.028897449852419353,0.10249516968977249,0.0744230762210191,0.24892873844784663,0.15960717368967126,0.2513745399029344,0.2034210788476431,0.1282002033376129,0.1852469897706623,0.20114045456337054,0.1372184557251349
7080,2,success,3,5,0,2639.5044771952566,2763,552.6,478.0,0.05,0.1,2.806917667388916,73.93827056884766,-732.5946044921875,559.950439453125,2500.0,361.2869636624319,1922,-220.6400000000121,-1.1424864671870327,0.0,0.9553038281560827,"{4: 59, 3: 8, 1: 58, 2: 32, 5: 24, 6: 95}","{0: 6, 1: 7, 2: 30, 6: 14, 5: 7, 4: 28, 3: 184}","{1: 76, 2: 103, 0: 97}","{1: 189, 0: 35, 2: 52}","{1: 100, 2: 95, 0: 81}","{1: 208, 0: 34, 2: 34}",0.10218162778199234,0.023572388979329492,0.12537382842535227,0.08521390409456571,0.2140884506704654,0.12544578510065987,0.2567866733715247,0.14568698114412096,0.22397110429088396,0.027429743595496756,0.22629979713502574,0.0927309197156217
7090,2,success,3,5,0,2202.454242730929,3472,694.4,738.0,0.05,0.1,2.8177950382232666,74.03340911865234,-732.5946044921875,562.2726440429688,2500.0,521.7785788846708,2428,-277.3600000000134,-541.9643361537393,0.0,0.6343474201413966,"{6: 151, 5: 28, 4: 25, 0: 75, 1: 42, 2: 23, 3: 3}","{3: 249, 5: 25, 4: 42, 2: 17, 0: 6, 1: 8}","{1: 62, 2: 153, 0: 132}","{1: 268, 0: 35, 2: 44}","{1: 106, 2: 132, 0: 109}","{1: 226, 2: 60, 0: 61}",0.14100414841254802,0.015845367941169374,0.1639172500094871,0.0879993291899635,0.27905639894415885,0.08209716315670307,0.30009225859011945,0.20354603539573535,0.29142452458370494,0.013887093439641639,0.26418307424945153,0.11974034310984552
7100,2,success,3,5,0,2650.766892471846,3235,647.0,730.0,0.05,0.1,2.808128833770752,74.15522003173828,-732.5946044921875,568.9686889648438,2500.0,420.07500221763905,2186,-258.40000000001714,-10.908109745804294,0.0,0.8194024397130899,"{4: 79, 3: 19, 5: 20, 1: 17, 0: 113, 2: 23, 6: 52}","{3: 185, 2: 48, 5: 10, 4: 37, 0: 35, 1: 8}","{1: 48, 2: 113, 0: 162}","{1: 199, 0: 73, 2: 51}","{1: 91, 2: 101, 0: 131}","{1: 207, 2: 57, 0: 59}",0.1159400069419377,0.024888795332395183,0.151412328889411,0.0917931829441746,0.2413172606205369,0.13034311127604273,0.2623908200629448,0.22879152736266167,0.23865177336036317,0.09660904815419798,0.2263715939078291,0.15038074255539013
7110,2,crash,3,4,1,189.90697539817666,1490,311.5,310.0,0.05,0.1,2.8101627826690674,74.2520751953125,-732.5946044921875,577.0670776367188,2000.0,160.52938087247097,1319,-118.87999999999782,-351.74240547429275,-1500.0,0.12745434590481655,"{3: 80, 1: 23, 2: 38, 4: 8}","{4: 32, 0: 21, 1: 13, 2: 43, 3: 40}","{1: 69, 0: 80}","{1: 55, 2: 41, 0: 53}","{1: 113, 0: 36}","{1: 142, 2: 1, 0: 6}",0.06613976748679648,0.045669069181445886,0.042951418720337156,0.045742052931917104,0.11857403213099468,0.12625184699345027,0.1340775317160109,0.09588619472067665,0.12285535946842191,0.11525360684459818,0.12883429214553999,0.0620804968351801
7120,2,crash,3,2,1,-537.9789454076504,1369,629.5,629.5,0.05,0.1,2.8205718994140625,74.32481384277344,-732.5946044921875,571.400390625,1000.0,221.06879155741038,871,-109.35999999999802,-149.68773696505943,-1500.0,-0.39297220263524496,"{5: 29, 6: 29, 4: 15, 0: 52, 1: 5, 2: 6}","{4: 10, 3: 87, 2: 39}","{1: 28, 0: 69, 2: 39}","{1: 104, 2: 20, 0: 12}","{1: 40, 0: 62, 2: 34}","{1: 79, 0: 29, 2: 28}",0.15378709663981402,0.01156059306861077,0.1934118510255512,0.09539818515635451,0.29668936185836037,0.08536067797788302,0.3133018444335276,0.2252042092875307,0.2796105555147319,0.006226493236517871,0.22758970936181303,0.11619201300509499
7130,2,crash,3,1,1,-2282.462690551999,1439,330.0,330.0,0.05,0.1,2.822603702545166,74.42564392089844,-732.5946044921875,557.5408325195312,500.0,121.1555698616593,866,-115.0399999999979,-1288.5782604136564,-1500.0,-1.5861450247060451,"{0: 7, 1: 15, 2: 10, 6: 111}","{3: 65, 6: 54, 5: 6, 4: 7, 2: 11}","{1: 37, 0: 69, 2: 37}","{1: 77, 0: 25, 2: 41}","{1: 62, 0: 58, 2: 23}","{1: 77, 0: 40, 2: 26}",0.0842967730515668,0.029220568595975004,0.11446799598751306,0.09843957059984358,0.20840937563538525,0.15231973410283245,0.27765530300519103,0.22032673875374453,0.21308999576634757,0.007690942303881578,0.20227379139928048,0.10713383040926815
7140,2,success,3,5,0,2536.6949051595166,2262,452.4,391.0,0.05,0.1,2.8443968296051025,74.486328125,-732.5946044921875,557.4279174804688,2500.0,341.946239955723,1865,-180.56000000000583,-124.69133479621217,0.0,1.1214389501147288,"{4: 32, 3: 18, 2: 49, 5: 30, 6: 36, 0: 50, 1: 11}","{6: 13, 5: 7, 4: 6, 2: 35, 3: 136, 0: 13, 1: 16}","{1: 73, 0: 81, 2: 72}","{1: 140, 2: 28, 0: 58}","{1: 79, 0: 75, 2: 72}","{1: 165, 0: 32, 2: 29}",0.12605491225934884,0.023035242497941016,0.13538243841785852,0.0751381377090325,0.17982422227499367,0.1465672237296884,0.2306097742688608,0.2045813795024662,0.22085586268578022,0.19943902518385678,0.2902596144337768,0.10101628441971092
7150,2,crash,3,3,1,-48.79147689117235,947,282.0,226.0,0.05,0.1,2.8286120891571045,74.64535522460938,-732.5946044921875,554.8593139648438,1500.0,154.0029050246193,795,-75.51999999999875,-127.27438191579013,-1500.0,-0.05152215088824958,"{3: 41, 6: 31, 5: 6, 4: 7, 2: 9}","{1: 9, 2: 13, 5: 11, 4: 22, 3: 39}","{1: 40, 0: 11, 2: 43}","{1: 42, 0: 22, 2: 30}","{1: 47, 2: 47}","{1: 68, 2: 11, 0: 15}",0.05517001593792473,0.04074919968549844,0.1030314350848591,0.07422519997125657,0.2639950399641901,0.1643014796089392,0.29572662230827257,0.13215791327740545,0.20101154058591997,0.16856409585860127,0.16933235490492066,0.10084558543731785
7160,2,success,3,5,0,2646.7153917933692,2807,561.4,508.0,0.05,0.1,2.8433330059051514,74.6906967163086,-732.5946044921875,554.8593139648438,2500.0,387.2818911901598,2468,-224.16000000001264,-16.40649939678956,0.0,0.9428982514404592,"{0: 15, 1: 12, 2: 50, 6: 46, 5: 43, 4: 72, 3: 42}","{4: 22, 3: 129, 2: 49, 0: 37, 1: 18, 6: 18, 5: 7}","{1: 86, 0: 66, 2: 128}","{1: 144, 2: 49, 0: 87}","{1: 139, 0: 55, 2: 86}","{1: 173, 0: 58, 2: 49}",0.08960898333966211,0.029117803272064875,0.10352069074429492,0.08820602512850349,0.1857023426012019,0.16027013582510782,0.22868920862770178,0.2770232616298332,0.18737434384865276,0.11907950659952357,0.2118132371444192,0.15945032812086068
7170,2,crash,3,1,1,-1145.379576330926,483,347.0,347.0,0.05,0.1,2.8618662357330322,74.76130676269531,-732.5946044921875,546.8423461914062,500.0,70.54050243657122,346,-38.55999999999953,-177.36007876749707,-1500.0,-2.371386286399433,"{0: 20, 1: 7, 2: 7, 6: 14}","{4: 2, 3: 32, 2: 14}","{1: 10, 0: 38}","{1: 34, 2: 2, 0: 12}","{1: 15, 0: 33}","{1: 19, 0: 13, 2: 16}",0.17496400888678143,0.018400031635690685,0.2230274510938688,0.10590216030049084,0.2673526857734187,0.10099865254968732,0.3117446072570023,0.2741368719548833,0.273824691848305,0.004873762176946058,0.273577000545108,0.11215936438573956
7180,2,success,3,5,0,1501.2684722525437,2855,571.0,441.0,0.05,0.1,2.897878885269165,74.8437271118164,-732.5946044921875,572.5574951171875,2500.0,412.1265406636442,2246,-228.00000000001324,-1182.858068411099,0.0,0.5258383440464252,"{3: 39, 4: 78, 5: 39, 1: 12, 0: 24, 2: 23, 6: 70}","{6: 28, 5: 12, 4: 27, 0: 60, 1: 42, 2: 39, 3: 77}","{1: 74, 0: 86, 2: 125}","{1: 116, 2: 82, 0: 87}","{1: 108, 0: 64, 2: 113}","{1: 199, 0: 59, 2: 27}",0.10386236504620508,0.04713122308189475,0.1292268032864761,0.06342948626458757,0.20945328726687515,0.1581147873596832,0.23851490883728674,0.17047471672182538,0.20202271805132402,0.18831104145675673,0.2538893402481236,0.0904005522169215
7190,2,success,3,5,0,2604.1166596719936,3148,629.6,600.0,0.05,0.1,2.904852867126465,74.95038604736328,-744.9058227539062,569.5291748046875,2500.0,355.55665967198337,2411,-251.4400000000169,0.0,0.0,0.8272289261982191,"{6: 68, 5: 59, 4: 59, 3: 9, 0: 42, 1: 34, 2: 43}","{2: 58, 3: 131, 4: 43, 1: 28, 6: 47, 5: 7}","{1: 80, 2: 119, 0: 115}","{1: 176, 0: 71, 2: 67}","{1: 129, 2: 82, 0: 103}","{1: 193, 2: 45, 0: 76}",0.09152238981386779,0.02605340351698949,0.1276882512744583,0.09187776587508976,0.19602542409203036,0.10562977099457983,0.23679053705052416,0.21209005009315798,0.20139357024235532,0.13809029856784374,0.2608951682000847,0.0948162635378608
7200,2,crash,3,3,1,-898.823282833845,2750,878.6666666666666,615.0,0.05,0.1,2.9032814502716064,74.98953247070312,-744.9058227539062,569.5291748046875,1500.0,365.4744793359259,1819,-219.76000000001196,-1044.5377621697687,-1500.0,-0.3268448301213982,"{4: 97, 3: 3, 0: 43, 1: 13, 2: 17, 6: 93, 5: 9}","{5: 46, 4: 24, 3: 159, 2: 34, 0: 12}","{1: 67, 0: 89, 2: 119}","{1: 185, 2: 55, 0: 35}","{1: 90, 2: 109, 0: 76}","{1: 185, 2: 46, 0: 44}",0.12139130863352343,0.023190432978829764,0.14845625502004944,0.09069048730751014,0.23580624140683454,0.11319492982736633,0.2775870760116504,0.2929970628647888,0.1790005406760398,0.026493357731547266,0.2576713413749649,0.12748045637413485
7210,2,max_steps,3,4,0,1895.3737988853302,3500,762.5,789.5,0.05,0.1,2.8752148151397705,75.05958557128906,-744.9058227539062,569.5291748046875,2000.0,335.7283848375083,2636,-279.6800000000129,-160.6745859521926,0.0,0.5415353711100943,"{5: 59, 4: 39, 3: 7, 1: 30, 0: 89, 2: 37, 6: 89}","{1: 42, 2: 82, 6: 48, 5: 34, 4: 7, 3: 133, 0: 4}","{1: 90, 2: 118, 0: 142}","{1: 202, 0: 80, 2: 68}","{1: 166, 2: 75, 0: 109}","{1: 219, 2: 71, 0: 60}",0.08436684487469924,0.02731378391397033,0.10883622552539349,0.09094064823308962,0.1722918552853978,0.10360396905466304,0.2041807280718256,0.2076606018701956,0.18555626393815783,0.04202383804366785,0.24956907113575333,0.1559873856913082
7220,2,crash,3,3,1,-96.69499925691184,1710,528.3333333333334,459.0,0.05,0.1,2.863717794418335,75.1611099243164,-744.9058227539062,571.326416015625,1500.0,155.2411991032552,1037,-136.55999999999895,-115.37619836016512,-1500.0,-0.056546783191176515,"{2: 44, 3: 6, 4: 35, 5: 34, 0: 33, 1: 6, 6: 13}","{6: 4, 5: 8, 4: 32, 3: 111, 2: 16}","{1: 54, 0: 71, 2: 46}","{1: 121, 2: 30, 0: 20}","{1: 90, 0: 59, 2: 22}","{1: 131, 0: 18, 2: 22}",0.08801733403853844,0.022607887858546585,0.09375657701068772,0.08633211920499378,0.25635585048244336,0.13668310950201518,0.29733365512615106,0.1785152346319841,0.10217669024624873,0.08595282557170482,0.15312295821703545,0.10095766320866918
7230,2,crash,3,4,1,401.86828821681524,3210,779.0,741.5,0.05,0.1,2.8557918071746826,75.21947479248047,-744.9058227539062,570.9634399414062,2000.0,268.2317487443096,2229,-256.4800000000175,-109.88346052749232,-1500.0,0.12519261315165583,"{4: 162, 3: 4, 1: 19, 0: 82, 2: 13, 5: 31, 6: 10}","{0: 6, 1: 12, 2: 106, 3: 139, 6: 26, 5: 8, 4: 24}","{1: 170, 2: 70, 0: 81}","{1: 207, 0: 56, 2: 58}","{1: 201, 2: 51, 0: 69}","{1: 194, 2: 65, 0: 62}",0.040969122450365415,0.024261208411051997,0.051095783529025086,0.08959483708631255,0.214531315699072,0.10897334870473296,0.25351590112571465,0.23530412194045652,0.22677695094504255,0.02958634467418742,0.24125944484619527,0.323715486630201
7240,2,crash,3,1,1,-1103.4008170807283,589,493.0,493.0,0.05,0.1,2.871095657348633,75.27104949951172,-744.9058227539062,570.9634399414062,500.0,79.1583115914344,463,-47.03999999999935,-135.51912867216257,-1500.0,-1.873346039186296,"{6: 33, 5: 7, 4: 8, 3: 1, 0: 9}","{2: 5, 3: 44, 6: 2, 5: 7}","{1: 19, 2: 39}","{1: 45, 0: 6, 2: 7}","{1: 19, 2: 39}","{1: 34, 2: 8, 0: 16}",0.1375973282107567,0.010888807219029732,0.1694616391583078,0.09491128038446507,0.25182870494692366,0.03777089215072171,0.284081775187712,0.2156648747064415,0.256285459902455,0.00819319422283311,0.22834396346266414,0.13417265688092275
7250,2,success,3,5,0,2528.389012702908,2948,589.6,597.0,0.05,0.1,2.8940322399139404,75.30926513671875,-744.9058227539062,586.7322998046875,2500.0,263.82901270290773,2330,-235.4400000000144,0.0,0.0,0.8576624873483406,"{5: 61, 4: 60, 3: 19, 2: 83, 1: 45, 0: 26}","{2: 88, 3: 163, 6: 25, 5: 8, 4: 10}","{1: 105, 2: 84, 0: 105}","{1: 198, 0: 49, 2: 47}","{1: 160, 2: 59, 0: 75}","{1: 175, 2: 53, 0: 66}",0.06746548300718426,0.023192319730776168,0.09010279057125783,0.09658963112483766,0.15025105107159292,0.08770071527365489,0.2024874072870209,0.24359319317234568,0.13870484919155646,0.14547634758645872,0.20571785039433313,0.18133321831091095
7260,2,max_steps,3,4,0,2044.079823560547,3500,747.5,809.0,0.05,0.1,2.910479784011841,75.3592300415039,-744.9058227539062,586.427978515625,2000.0,323.7598235605432,2562,-279.6800000000129,0.0,0.0,0.5840228067315849,"{5: 65, 4: 48, 3: 5, 2: 66, 1: 54, 0: 60, 6: 52}","{3: 192, 2: 61, 1: 16, 6: 28, 5: 5, 4: 24, 0: 24}","{1: 106, 2: 110, 0: 134}","{1: 224, 0: 86, 2: 40}","{1: 191, 2: 68, 0: 91}","{1: 217, 2: 68, 0: 65}",0.08153297933992115,0.01928075883033639,0.08838693550013602,0.09372917358331256,0.14253993204330082,0.1524907014865989,0.19793016039727326,0.17368128406331204,0.11694675194263392,0.023896598343789915,0.17136051338758954,0.21933455408879424
7270,2,success,3,5,0,2527.666209300606,3464,692.8,680.0,0.05,0.1,2.9220845699310303,75.40443420410156,-744.9058227539062,587.6393432617188,2500.0,363.5076234463012,2707,-276.7200000000135,-59.12141414569128,0.0,0.729695787904332,"{4: 254, 3: 25, 0: 55, 1: 5, 2: 7}","{4: 19, 3: 166, 2: 102, 1: 10, 0: 9, 6: 36, 5: 4}","{1: 200, 2: 84, 0: 62}","{1: 203, 2: 67, 0: 76}","{1: 234, 2: 47, 0: 65}","{1: 258, 2: 47, 0: 41}",0.0411879801575995,0.026383184659752763,0.05913174472577219,0.05940653381859272,0.13117882124282204,0.1415799992907218,0.17850733419880804,0.14159019499718348,0.09466135871449284,0.09380299701332978,0.15366184897231644,0.11321605141722495
7280,2,crash,3,3,1,-93.98036109784516,2099,661.3333333333334,624.0,0.05,0.1,2.9260623455047607,75.49384307861328,-744.9058227539062,548.9896850585938,1500.0,224.80773782359853,1830,-167.68000000000382,-151.10809892144468,-1500.0,-0.04477387379601961,"{0: 12, 1: 20, 2: 27, 3: 7, 4: 65, 5: 42, 6: 36}","{4: 26, 3: 133, 1: 9, 2: 41}","{1: 82, 0: 30, 2: 97}","{1: 155, 2: 29, 0: 25}","{1: 120, 0: 19, 2: 70}","{1: 140, 0: 39, 2: 30}",0.0688380690025683,0.01954735730820541,0.0756191339646685,0.09260625686401608,0.1641223038811253,0.08977069967240667,0.2070127269071994,0.17070440793715957,0.11326445129448286,0.02219126162424504,0.11842233046332942,0.10075569448441656
7290,2,max_steps,3,4,0,2033.3588393517914,3500,746.0,626.0,0.05,0.1,2.943621873855591,75.51817321777344,-744.9058227539062,560.2485961914062,2000.0,409.2155811382365,2659,-279.6800000000129,-96.17674178644918,0.0,0.5809596683862261,"{5: 34, 4: 39, 3: 5, 0: 65, 1: 74, 2: 36, 6: 97}","{5: 8, 4: 13, 3: 186, 2: 91, 1: 52}","{1: 88, 2: 166, 0: 96}","{1: 257, 2: 30, 0: 63}","{1: 169, 2: 113, 0: 68}","{1: 216, 2: 68, 0: 66}",0.09841382320358773,0.0216234748738151,0.10355908806658859,0.08900363740226414,0.19892864202100133,0.07143498286085147,0.2307613089661245,0.20459735889380426,0.20349810909344884,0.023237044007399062,0.23368857411706928,0.09810029830944274
7300,2,crash,3,2,1,-733.121436352831,1233,452.5,452.5,0.05,0.1,2.9307470321655273,75.62149047851562,-744.9058227539062,560.2485961914062,1000.0,104.55141171626734,669,-98.47999999999826,-239.19284806909698,-1500.0,-0.5945834844710713,"{3: 21, 2: 60, 1: 9, 6: 33}","{1: 10, 2: 13, 5: 9, 6: 9, 4: 39, 3: 43}","{1: 35, 0: 70, 2: 18}","{1: 46, 0: 32, 2: 45}","{1: 48, 0: 59, 2: 16}","{1: 71, 0: 23, 2: 29}",0.1041975546077347,0.05670555185922716,0.1148541714126792,0.09582913230757839,0.18603987936933847,0.141127416865378,0.22351895012133607,0.25840032795519297,0.17126280206808348,0.13466841801084772,0.24985511901145574,0.09870122150663951
7310,2,crash,3,2,1,-607.1381161114914,1015,421.0,421.0,0.05,0.1,2.9095849990844727,75.73985290527344,-744.9058227539062,550.7870483398438,1000.0,146.66481151422843,616,-81.03999999999863,-172.76292762571953,-1500.0,-0.5981656316369374,"{4: 28, 3: 2, 0: 42, 1: 5, 2: 7, 6: 17}","{3: 74, 2: 27}","{1: 18, 2: 33, 0: 50}","{1: 87, 0: 14}","{1: 25, 2: 25, 0: 51}","{1: 63, 2: 16, 0: 22}",0.15560982121185662,0.014864920982299714,0.18077358700594565,0.0907791171096759,0.29037551199733974,0.03345642434323593,0.34255979733456215,0.2552685894476344,0.2670134247427127,0.018875632128714744,0.22820434087048602,0.08216356905186642
7320,2,crash,3,3,1,42.182038928109705,1682,538.6666666666666,584.0,0.05,0.1,2.899449348449707,75.8450698852539,-744.9058227539062,546.9622802734375,1500.0,260.0684867303068,1506,-134.3199999999986,-83.56644780219852,-1500.0,0.02507850114631968,"{5: 7, 4: 70, 3: 11, 0: 68, 1: 5, 2: 7}","{2: 35, 3: 69, 6: 10, 5: 6, 4: 14, 0: 28, 1: 6}","{1: 53, 2: 44, 0: 71}","{1: 82, 0: 56, 2: 30}","{1: 80, 2: 23, 0: 65}","{1: 120, 2: 25, 0: 23}",0.0758909456861451,0.03416680681836246,0.10659594548492349,0.08876909725042025,0.26038008968118975,0.15653920847316516,0.2960498833028198,0.13395625096412886,0.06935289593184753,0.050613381010091385,0.11226561265827793,0.10312450147868464
7330,2,success,3,5,0,2606.844891421522,2042,408.4,390.0,0.05,0.1,2.8900492191314697,75.93899536132812,-744.9058227539062,548.2721557617188,2500.0,269.8048914215143,1409,-162.96000000000308,0.0,0.0,1.2766135609312057,"{3: 24, 2: 53, 5: 26, 6: 78, 4: 18, 1: 5}","{0: 5, 1: 16, 2: 34, 4: 31, 5: 10, 3: 108}","{1: 57, 0: 69, 2: 78}","{1: 121, 0: 46, 2: 37}","{1: 87, 0: 47, 2: 70}","{1: 137, 2: 38, 0: 29}",0.10539010823730768,0.026193859714833102,0.12553459573017298,0.09351742356568381,0.2152455334582057,0.1255943417010033,0.262054474434681,0.12740106533057316,0.24643479595764797,0.16388747893545258,0.260924897255489,0.10147689369254406
7340,2,success,3,5,0,2691.246769046927,2696,539.2,574.0,0.05,0.1,2.9019060134887695,76.02872467041016,-744.9058227539062,572.9524536132812,2500.0,406.526769046919,2081,-215.28000000001126,0.0,0.0,0.998236932139068,"{4: 80, 1: 16, 0: 95, 2: 14, 3: 6, 5: 32, 6: 26}","{3: 174, 2: 76, 0: 6, 1: 7, 4: 6}","{1: 54, 2: 123, 0: 92}","{1: 207, 0: 52, 2: 10}","{1: 100, 2: 76, 0: 93}","{1: 200, 2: 25, 0: 44}",0.09543035454046353,0.01738618485833838,0.11333989057234453,0.057971574125208286,0.2672191141970915,0.07444753375182732,0.3007315840304078,0.1928704786813623,0.2963392343672612,0.028589981679553778,0.29869330771288743,0.0718667523599359
7350,2,crash,3,1,1,-1069.2757887057212,532,437.0,437.0,0.05,0.1,2.882739305496216,76.15839385986328,-744.9058227539062,570.3843994140625,500.0,76.48449913527614,436,-42.47999999999945,-103.28028784099733,-1500.0,-2.0099168960633857,"{0: 26, 1: 9, 2: 8, 4: 2, 5: 5, 6: 3}","{2: 19, 3: 24, 6: 10}","{1: 13, 0: 40}","{1: 30, 0: 23}","{1: 11, 0: 42}","{1: 39, 0: 6, 2: 8}",0.14813943097544308,0.026552646271129347,0.1943992977476569,0.08784537954869465,0.2692815579938334,0.06257098515117364,0.31124282759883143,0.22740195952233214,0.2608894794720794,0.005271705694720431,0.3223822816177562,0.051823033834432486
7360,2,crash,3,2,1,-607.1732864191101,1108,489.5,489.5,0.05,0.1,2.891354560852051,76.27909088134766,-744.9058227539062,559.3978271484375,1000.0,192.146406720673,900,-88.47999999999847,-210.8396931397822,-1500.0,-0.5479903307031679,"{1: 19, 2: 13, 3: 2, 6: 51, 5: 6, 4: 8, 0: 11}","{6: 2, 5: 8, 4: 17, 3: 50, 2: 18, 1: 15}","{1: 23, 0: 25, 2: 62}","{1: 56, 2: 27, 0: 27}","{1: 30, 0: 18, 2: 62}","{1: 61, 0: 32, 2: 17}",0.13946394947112523,0.028376552159025695,0.15584313720017207,0.08997270711930683,0.23936156519602816,0.16882818348396605,0.24871155599863878,0.19699615812693336,0.23607128347663492,0.017236737558198642,0.17441525672290786,0.2248034422427245
7370,2,crash,3,1,1,-1116.7346483168396,492,323.0,323.0,0.05,0.1,2.893937349319458,76.39012145996094,-746.9946899414062,557.268798828125,500.0,52.823175547398215,310,-39.27999999999952,-130.2778238642375,-1500.0,-2.269785870562682,"{0: 7, 1: 15, 2: 9, 3: 1, 6: 17}","{3: 31, 2: 4, 4: 14}","{1: 9, 0: 40}","{1: 39, 0: 3, 2: 7}","{1: 9, 0: 40}","{1: 31, 0: 7, 2: 11}",0.17914539259377654,0.019844992674560892,0.20467586503841698,0.08914368143742338,0.24205377228458352,0.051514709253940014,0.26479120662570743,0.17429722864232655,0.23087158537629143,0.010006515612628362,0.2707514608255478,0.016136201359409384
7380,2,crash,3,1,1,-1161.9027982227487,683,474.0,474.0,0.05,0.1,2.8980507850646973,76.47242736816406,-746.9946899414062,557.268798828125,500.0,60.43638410871731,473,-54.55999999999919,-167.77918233146562,-1500.0,-1.701175400033307,"{0: 15, 1: 15, 2: 16, 3: 1, 6: 21}","{2: 30, 3: 17, 6: 21}","{1: 13, 0: 55}","{1: 46, 0: 20, 2: 2}","{1: 19, 0: 49}","{1: 51, 0: 9, 2: 8}",0.11773981766355965,0.023831999282427182,0.13489152057236897,0.08523841529941999,0.1732293528022027,0.0502691470540154,0.21145619994968387,0.1093823827292799,0.15224873045015355,0.011746243941465093,0.21666572426116437,0.09836756543126504
7390,2,crash,3,1,1,-1289.8348715320346,947,640.0,640.0,0.05,0.1,2.899671792984009,76.58573150634766,-746.9946899414062,557.268798828125,500.0,53.51756651201241,302,-75.67999999999874,-267.67243804404654,-1500.0,-1.3620220396325604,"{1: 45, 0: 8, 2: 10, 6: 31}","{3: 86, 2: 3, 4: 5}","{1: 29, 2: 12, 0: 53}","{1: 72, 2: 12, 0: 10}","{1: 51, 2: 4, 0: 39}","{1: 66, 0: 18, 2: 10}",0.09235454318903359,0.017590930023400134,0.08949314220041797,0.07803286986120919,0.2217793301747331,0.03974976941262218,0.2526923579290742,0.13770188472462688,0.22650543257715822,0.008717554877349112,0.25132619532689016,0.01504932350748675
7400,2,success,3,5,0,2568.6094047829874,2947,589.4,532.0,0.05,0.1,2.909449338912964,76.58718872070312,-746.9946899414062,544.5305786132812,2500.0,303.9694047829882,2499,-235.3600000000144,0.0,0.0,0.8716014268011495,"{5: 25, 4: 140, 3: 60, 0: 25, 1: 6, 2: 7, 6: 31}","{2: 25, 3: 181, 4: 16, 0: 31, 1: 19, 6: 17, 5: 5}","{1: 150, 2: 87, 0: 57}","{1: 184, 0: 63, 2: 47}","{1: 197, 2: 63, 0: 34}","{1: 215, 2: 47, 0: 32}",0.049262446107502356,0.01715693947798705,0.06456449184415987,0.08893720813078118,0.2085815799386416,0.15572635834064089,0.2416184814864856,0.1496644241183513,0.17590012126503848,0.02181034207316366,0.11162983344591454,0.10454481978398934
7410,2,crash,3,1,1,-1245.7180804079023,693,414.0,414.0,0.05,0.1,2.8937487602233887,76.68852233886719,-746.9946899414062,541.6240234375,500.0,43.504688613851364,413,-55.359999999999175,-233.8627690217532,-1500.0,-1.7975729876015907,"{1: 21, 2: 19, 3: 1, 6: 28}","{4: 36, 3: 29, 5: 4}","{1: 23, 0: 46}","{1: 33, 2: 18, 0: 18}","{1: 33, 0: 36}","{1: 47, 0: 5, 2: 17}",0.10802705994472314,0.03220617257251231,0.10964478621382816,0.08974940488485897,0.20944841094432082,0.11879723329191876,0.2543659056107575,0.14620300275027356,0.18091990980914524,0.009505614022869549,0.26107638343454864,0.09211991102995368
7420,2,crash,3,1,1,-1082.4694561384777,519,406.0,406.0,0.05,0.1,2.901972770690918,76.76496887207031,-746.9946899414062,554.8450317382812,500.0,80.95202310897942,438,-41.43999999999947,-121.98147924745716,-1500.0,-2.0856829598043887,"{0: 23, 1: 8, 2: 9, 3: 3, 4: 8}","{1: 5, 2: 16, 3: 19, 6: 11}","{1: 10, 0: 41}","{1: 20, 0: 25, 2: 6}","{1: 7, 0: 44}","{1: 34, 0: 9, 2: 8}",0.1879155999152038,0.045342230183540694,0.22046323848194607,0.08452325667286786,0.2279203710149324,0.12190484286316329,0.2476320343033637,0.17501123453136783,0.22407683798096198,0.004127094156592582,0.2314340182886479,0.026460045282859813
7430,2,crash,3,1,1,-1488.282271689322,721,419.0,419.0,0.05,0.1,2.89361834526062,76.84410095214844,-746.9946899414062,578.0235595703125,500.0,67.28229781080387,418,-57.59999999999913,-497.96456950012555,-1500.0,-2.064191777655093,"{0: 16, 1: 12, 2: 12, 3: 1, 6: 31}","{1: 4, 2: 37, 5: 11, 4: 14, 3: 6}","{1: 20, 0: 52}","{1: 26, 0: 26, 2: 20}","{1: 30, 0: 42}","{1: 51, 0: 7, 2: 14}",0.11128393489924146,0.033160546505840785,0.12585248957650125,0.06783809471787436,0.17633290472790916,0.14494213077086032,0.19251622631431098,0.14702645978609089,0.1787677549618669,0.032292514377388726,0.1896289314726436,0.021964789759048312
7440,2,crash,3,1,1,-1104.563946611178,800,694.0,694.0,0.05,0.1,2.880692481994629,76.9194564819336,-746.9946899414062,549.9661254882812,500.0,81.16009014633659,702,-63.91999999999899,-121.80403675751448,-1500.0,-1.3807049332639725,"{6: 30, 5: 23, 4: 15, 3: 6, 2: 6}","{4: 23, 3: 50, 2: 7}","{1: 13, 2: 67}","{1: 57, 2: 23}","{1: 33, 2: 47}","{1: 55, 2: 10, 0: 15}",0.0843314271380764,0.023457156960500644,0.12647936722612252,0.09253829431010953,0.20534898346362404,0.12771726100391081,0.2228147315862802,0.14549148383723554,0.21295621088891428,0.035343759892797096,0.2571945120876779,0.1038336352875024
7450,2,crash,3,2,1,-634.3582172530924,860,320.5,320.5,0.05,0.1,2.8861865997314453,77.01463317871094,-746.9946899414062,562.5677490234375,1000.0,83.37862393009362,564,-68.63999999999889,-149.09684118318498,-1500.0,-0.7376258340152237,"{4: 32, 1: 25, 0: 8, 2: 12, 3: 9}","{4: 1, 3: 63, 2: 22}","{1: 28, 2: 15, 0: 43}","{1: 72, 2: 3, 0: 11}","{1: 35, 2: 9, 0: 42}","{1: 44, 2: 22, 0: 20}",0.08036456233312715,0.018245699841788414,0.11756599269971918,0.09902243604904033,0.2669630831480074,0.04094860383317178,0.30546516340347596,0.18276818486192198,0.2692648591857902,0.029762827932323207,0.28769279455916963,0.1701322763590515
7460,2,success,3,5,0,2607.2768871304256,2417,483.4,540.0,0.05,0.1,2.884873151779175,77.1094970703125,-746.9946899414062,556.0292358398438,2500.0,300.23688713042037,1864,-192.96000000000777,0.0,0.0,1.0787244051015414,"{4: 92, 3: 22, 0: 37, 1: 8, 2: 17, 5: 34, 6: 31}","{4: 23, 3: 105, 0: 11, 1: 27, 2: 44, 6: 26, 5: 5}","{1: 76, 2: 102, 0: 63}","{1: 109, 2: 56, 0: 76}","{1: 106, 2: 70, 0: 65}","{1: 149, 2: 44, 0: 48}",0.08113079303850036,0.03365326830113899,0.11468375034011666,0.08359044772015446,0.222537661238179,0.15351753411363664,0.23843397024521076,0.1924830959019829,0.18602307879333363,0.02818112541006975,0.22071229911874618,0.25649914720872724
7470,2,crash,3,2,1,-665.0391807640763,1362,612.0,612.0,0.05,0.1,2.8850746154785156,77.15342712402344,-746.9946899414062,548.0535278320312,1000.0,117.93647590341315,1242,-108.79999999999804,-174.17565666748953,-1500.0,-0.4882813368311867,"{2: 93, 3: 11, 0: 8, 1: 18, 4: 6}","{4: 25, 3: 42, 0: 22, 1: 12, 2: 35}","{1: 75, 0: 61}","{1: 50, 2: 28, 0: 58}","{1: 99, 0: 37}","{1: 95, 0: 21, 2: 20}",0.03362408930824858,0.04769677524883771,0.0414841417824335,0.06436671930506724,0.1363672309327485,0.13101270459151118,0.17127772507516367,0.15943856165547665,0.17247320112261025,0.08163555210034729,0.23390507899545068,0.17261742752489465
7480,2,crash,3,2,1,-1022.3297606435283,2002,487.0,487.0,0.05,0.1,2.8794209957122803,77.23421478271484,-746.9946899414062,570.4752807617188,1000.0,171.69009064512477,1275,-160.00000000000261,-534.0198512886502,-1500.0,-0.5106542260956685,"{4: 35, 3: 2, 0: 41, 1: 9, 2: 10, 6: 103}","{4: 11, 3: 53, 0: 21, 1: 5, 2: 7, 6: 103}","{1: 74, 2: 39, 0: 87}","{1: 89, 2: 49, 0: 62}","{1: 115, 2: 9, 0: 76}","{1: 164, 2: 14, 0: 22}",0.06866452704090323,0.031471377617897714,0.09185854158379117,0.057777852528857365,0.16531737438795072,0.1632389970760238,0.18304538294652428,0.13146973127539163,0.19726735349085373,0.00939960679060136,0.1698567759168122,0.10639411640899274
7490,2,success,3,5,0,2050.4508634443578,3024,604.8,471.0,0.05,0.1,2.8781378269195557,77.29986572265625,-746.9946899414062,559.7388916015625,2500.0,366.80846836652614,2573,-241.52000000001536,-574.8376049221654,0.0,0.678059147964404,"{6: 59, 5: 26, 4: 57, 3: 6, 1: 28, 2: 103, 0: 23}","{0: 14, 1: 23, 2: 60, 3: 165, 6: 3, 5: 21, 4: 16}","{1: 129, 2: 87, 0: 86}","{1: 170, 0: 78, 2: 54}","{1: 158, 2: 63, 0: 81}","{1: 215, 2: 42, 0: 45}",0.060949283722322785,0.026816978297963645,0.09325685998780407,0.08575747381365595,0.20604018762522935,0.12605142108059905,0.24702855064516785,0.2084796930780814,0.17948371966395027,0.0315465595222205,0.23710996556808808,0.2033867546263466
7500,2,max_steps,3,3,0,1529.819886332819,3500,887.3333333333334,699.0,0.05,0.1,2.895357608795166,77.3145980834961,-746.9946899414062,554.7994995117188,1500.0,344.8108780439843,2752,-279.7600000000129,-35.23099171116099,0.0,0.4370913960950911,"{1: 61, 0: 19, 2: 50, 3: 4, 6: 92, 5: 52, 4: 72}","{1: 44, 2: 74, 3: 155, 6: 27, 5: 4, 4: 6, 0: 40}","{1: 133, 0: 107, 2: 110}","{1: 192, 0: 122, 2: 36}","{1: 218, 0: 56, 2: 76}","{1: 263, 2: 41, 0: 46}",0.06926630903455705,0.02800789850250237,0.07820378139899001,0.07496404099384148,0.13903263150715398,0.13824167079266703,0.15950561170353927,0.12665608550100663,0.1246340734149218,0.023065074501060163,0.16995183947414186,0.08952156742846015
7510,2,crash,3,2,1,-579.8873771240546,1732,812.5,812.5,0.05,0.1,2.9042577743530273,77.35982513427734,-746.9946899414062,568.705078125,1000.0,198.5186890971533,1426,-138.39999999999924,-140.00606622120748,-1500.0,-0.33480795445961586,"{5: 38, 4: 53, 3: 4, 0: 65, 1: 5, 2: 7, 6: 1}","{3: 122, 2: 33, 0: 6, 1: 12}","{1: 59, 2: 45, 0: 69}","{1: 125, 0: 48}","{1: 88, 2: 21, 0: 64}","{1: 117, 2: 28, 0: 28}",0.06921526816023843,0.013533095123106645,0.09932255127549475,0.09130764348516257,0.23906875706079445,0.07718937519857917,0.24292112326608553,0.13910758956104863,0.05335710284120261,0.02014845904401158,0.11396954856319888,0.10435020388155343
7520,2,crash,3,1,1,-1398.206756259037,775,433.0,433.0,0.05,0.1,2.8956751823425293,77.48416137695312,-746.9946899414062,568.705078125,500.0,42.40762532807132,432,-61.919999999999035,-378.694381587108,-1500.0,-1.8041377500116607,"{1: 23, 2: 19, 3: 1, 4: 9, 5: 7, 6: 18}","{4: 20, 3: 54, 2: 3}","{1: 26, 0: 51}","{1: 35, 2: 42}","{1: 44, 0: 33}","{1: 51, 0: 14, 2: 12}",0.07555499567413101,0.03278614647055788,0.07016591081702403,0.09371774112450812,0.22208622471993586,0.11534715667632663,0.2401368824912181,0.1792770144403784,0.19597156668104052,0.02437517917183019,0.2712863821690713,0.08916243593682725
7530,2,crash,3,3,1,-33.850649164703555,1548,484.6666666666667,637.0,0.05,0.1,2.8781752586364746,77.56482696533203,-746.9946899414062,568.705078125,1500.0,207.10903199882608,1143,-123.59999999999772,-117.3596811635289,-1500.0,-0.021867344421643124,"{2: 62, 3: 1, 6: 53, 5: 12, 4: 17, 0: 9}","{0: 1, 1: 10, 2: 35, 3: 67, 4: 34, 5: 7}","{1: 56, 0: 33, 2: 65}","{1: 79, 0: 40, 2: 35}","{1: 54, 0: 28, 2: 72}","{1: 120, 0: 16, 2: 18}",0.12965121286553954,0.029230851560142965,0.1807031725991003,0.053413462430930175,0.22913866750473993,0.1261306214306418,0.25701091547288846,0.21055768031029715,0.23007305850352722,0.10882546891477916,0.2698627233568746,0.05819713999414246
7540,2,crash,3,1,1,-1075.1474463531342,514,398.0,398.0,0.05,0.1,2.882030963897705,77.66080474853516,-746.9946899414062,568.705078125,500.0,66.14833602943403,397,-41.03999999999948,-100.25578238256793,-1500.0,-2.091726549325164,"{0: 19, 1: 10, 2: 10, 6: 12}","{2: 2, 3: 37, 6: 12}","{1: 10, 0: 41}","{1: 46, 0: 2, 2: 3}","{1: 8, 0: 43}","{1: 34, 0: 10, 2: 7}",0.15345334293744345,0.009211586635233537,0.191383203460203,0.08784537954869465,0.2687714321354447,0.029966116288833146,0.2926771222400988,0.18688800542015055,0.2252442460957911,0.005983654823653645,0.29178805159129423,0.09007384174831455
7550,2,max_steps,3,4,0,1930.4407544943313,3500,729.5,785.0,0.05,0.1,2.8822264671325684,77.72081756591797,-746.9946899414062,568.803466796875,2000.0,352.78877738266453,2784,-279.6800000000129,-142.66802288833,0.0,0.5515545012840947,"{1: 39, 2: 34, 3: 4, 5: 19, 6: 131, 4: 41, 0: 82}","{3: 210, 2: 40, 5: 49, 4: 31, 0: 10, 1: 9, 6: 1}","{1: 85, 0: 136, 2: 129}","{1: 228, 2: 72, 0: 50}","{1: 152, 0: 98, 2: 100}","{1: 226, 0: 63, 2: 61}",0.0858893044272411,0.024191521724791838,0.10939664570273967,0.09238549874406007,0.17327387461898985,0.09798105084369922,0.20881320816381502,0.18794313820506064,0.2129021235586365,0.02618734832400559,0.25420738187298475,0.09195797431040371
7560,2,max_steps,3,4,0,2032.6988075538802,3500,686.75,596.0,0.05,0.1,2.8941831588745117,77.7797622680664,-746.9946899414062,577.7654418945312,2000.0,318.45276188860447,2780,-279.6800000000129,-6.073954334721692,0.0,0.5807710878725372,"{2: 49, 3: 40, 5: 35, 6: 56, 4: 94, 0: 60, 1: 16}","{6: 8, 5: 6, 4: 26, 3: 208, 0: 12, 1: 33, 2: 57}","{1: 139, 0: 113, 2: 98}","{1: 233, 2: 44, 0: 73}","{1: 206, 0: 81, 2: 63}","{1: 261, 0: 49, 2: 40}",0.07115287285552718,0.02047939657044957,0.07874850458407034,0.08771281216226548,0.12823503975480394,0.11674423320822219,0.16951032575986708,0.15458124771670692,0.12325562780633435,0.09667328360115097,0.18732396515240635,0.13700834549395194
7570,2,crash,3,2,1,-1346.236359655147,1863,601.5,601.5,0.05,0.1,2.893638849258423,77.81022644042969,-746.9946899414062,572.1820068359375,1000.0,197.9975040014042,1237,-148.88000000000088,-895.353863656549,-1500.0,-0.722617477002226,"{1: 25, 2: 21, 6: 60, 5: 6, 4: 8, 0: 66}","{3: 102, 4: 17, 2: 1, 0: 66}","{1: 52, 0: 61, 2: 73}","{1: 118, 2: 39, 0: 29}","{1: 83, 0: 32, 2: 71}","{1: 122, 0: 32, 2: 32}",0.09059531056119818,0.020343242670875984,0.11192811355478419,0.08321893358099214,0.24025657961316343,0.14802772757106863,0.2639094181518937,0.16967219227011376,0.24061616176858017,0.014264981510045223,0.17436685108200844,0.10198210224901945
7580,2,crash,3,4,1,503.5218725425732,2739,666.5,691.5,0.05,0.1,2.900991916656494,77.85954284667969,-746.9946899414062,566.3003540039062,2000.0,321.05034289335,2173,-218.8000000000118,-98.72847035077604,-1500.0,0.18383419954091756,"{1: 13, 2: 50, 3: 3, 6: 130, 5: 16, 4: 15, 0: 46}","{4: 18, 3: 194, 2: 40, 5: 13, 1: 8}","{1: 96, 0: 79, 2: 98}","{1: 204, 2: 38, 0: 31}","{1: 144, 0: 46, 2: 83}","{1: 171, 0: 48, 2: 54}",0.07833722809897252,0.01721911019010438,0.0907585650046411,0.09318957926292248,0.23172814139401474,0.10811082677180373,0.27203133021889975,0.16674442602058354,0.27836460008049685,0.026061049922621697,0.25791107431417226,0.1612740525894962
7590,2,crash,3,4,1,367.75593392845644,3049,729.0,678.5,0.05,0.1,2.9056661128997803,77.92235565185547,-746.9946899414062,569.3073120117188,2000.0,295.3320106033628,2240,-243.60000000001568,-183.97607667490504,-1500.0,0.12061526202966757,"{3: 17, 5: 27, 6: 38, 4: 88, 1: 45, 0: 49, 2: 40}","{2: 53, 6: 44, 5: 5, 4: 7, 3: 163, 0: 20, 1: 12}","{1: 113, 0: 129, 2: 62}","{1: 177, 0: 80, 2: 47}","{1: 167, 0: 87, 2: 50}","{1: 184, 0: 55, 2: 65}",0.06607309995312109,0.022963744613176646,0.08600837807832531,0.09488276228706741,0.15942875890611233,0.16593308203039026,0.19130615832600426,0.17664337604531916,0.12456755629029587,0.14749143159902134,0.20195523308434196,0.15556428200346717
7600,2,success,3,5,0,2814.4628833382226,3174,634.8,721.0,0.05,0.1,2.912065267562866,77.94781494140625,-746.9946899414062,566.3003540039062,2500.0,568.1218283187866,2462,-253.52000000001723,-0.13894498057359234,0.0,0.8867242858658546,"{5: 24, 4: 30, 3: 2, 0: 98, 1: 14, 2: 19, 6: 130}","{5: 17, 4: 36, 3: 172, 0: 31, 1: 7, 2: 23, 6: 31}","{1: 45, 2: 145, 0: 127}","{1: 180, 2: 86, 0: 51}","{1: 91, 2: 125, 0: 101}","{1: 188, 2: 63, 0: 66}",0.13463056520968958,0.02397647345236128,0.1646616079589376,0.09477492218301678,0.2462345405145581,0.15591723292772824,0.27524379648647884,0.20042221804903618,0.24903150672116467,0.01376778415606314,0.20712229082487382,0.23606274342070396
7610,2,crash,3,2,1,-820.0609503860421,2257,991.5,991.5,0.05,0.1,2.9050774574279785,77.99382781982422,-746.9946899414062,555.68896484375,1000.0,142.29407262821874,1413,-180.4000000000058,-281.95502301426063,-1500.0,-0.3633411388507054,"{4: 49, 5: 56, 6: 37, 3: 3, 0: 40, 1: 15, 2: 25}","{4: 11, 3: 169, 2: 45}","{1: 80, 0: 92, 2: 53}","{1: 183, 2: 26, 0: 16}","{1: 130, 0: 60, 2: 35}","{1: 115, 0: 60, 2: 50}",0.06872824517500685,0.02353013357176646,0.07999297961813503,0.09962704468073702,0.15935550060476597,0.033483416500479014,0.20517903592022804,0.20747552402447428,0.12751138113276694,0.027032124363972686,0.2093970647540296,0.10103569576935392
7620,2,max_steps,3,3,0,1429.2335382230644,3500,1055.0,780.0,0.05,0.1,2.901041030883789,78.008544921875,-746.9946899414062,567.7744140625,1500.0,208.9935382230667,2297,-279.7600000000129,0.0,0.0,0.40835243949230415,"{2: 77, 1: 14, 3: 23, 4: 207, 5: 29}","{1: 5, 2: 24, 3: 239, 6: 25, 5: 11, 4: 46}","{1: 205, 0: 61, 2: 84}","{1: 246, 0: 35, 2: 69}","{1: 251, 0: 32, 2: 67}","{1: 265, 0: 53, 2: 32}",0.040870511475356405,0.023346536773339026,0.05215024370194826,0.06988924542792303,0.13743066280076147,0.0970611364419991,0.1599452731073501,0.13068092321678287,0.20911650851231764,0.08488324271263059,0.19478368188950443,0.14009452985513987
7630,2,success,3,5,0,2630.141959856531,3421,684.2,664.0,0.05,0.1,2.9191412925720215,78.01055145263672,-746.9946899414062,569.9661254882812,2500.0,403.42195985653166,2637,-273.2800000000142,0.0,0.0,0.7688225547665977,"{3: 44, 2: 51, 4: 73, 0: 46, 1: 21, 6: 102, 5: 5}","{1: 17, 2: 86, 6: 29, 5: 6, 4: 9, 3: 164, 0: 31}","{1: 174, 2: 87, 0: 81}","{1: 208, 0: 92, 2: 42}","{1: 203, 2: 87, 0: 52}","{1: 262, 2: 45, 0: 35}",0.04950324358745406,0.025388296472805258,0.07661824749083257,0.07548912677890376,0.1995420298594334,0.14098719071366644,0.24521431990304882,0.14622690557559603,0.191577895237928,0.10981546131584782,0.24232534830572353,0.09106622097287956
7640,2,success,3,5,0,2331.6324530587967,3436,687.2,663.0,0.05,0.1,2.930795431137085,78.04849243164062,-746.9946899414062,569.9661254882812,2500.0,308.49718036248487,3007,-274.48000000001394,-202.384727303688,0.0,0.6785891888995333,"{5: 54, 6: 15, 4: 109, 3: 37, 0: 52, 1: 27, 2: 49}","{6: 9, 5: 14, 4: 28, 3: 190, 0: 44, 1: 12, 2: 46}","{1: 193, 0: 97, 2: 53}","{1: 177, 2: 66, 0: 100}","{1: 252, 2: 31, 0: 60}","{1: 252, 0: 52, 2: 39}",0.040747848805722076,0.028728641777243945,0.04749706437136204,0.087230876444712,0.11039231479476969,0.14063220949176977,0.15209386882847872,0.12012181542661968,0.09308875011608914,0.0627538924551015,0.15065658817829722,0.10375410280953895
7650,2,crash,3,1,1,-1103.720920127684,550,437.0,437.0,0.05,0.1,2.927025556564331,78.12484741210938,-746.9946899414062,564.6221923828125,500.0,71.63028534663908,436,-43.91999999999942,-131.43120547432284,-1500.0,-2.0067653093230615,"{6: 26, 5: 9, 4: 8, 0: 12}","{2: 4, 3: 50, 4: 1}","{1: 15, 2: 40}","{1: 50, 0: 5}","{1: 15, 2: 40}","{1: 37, 2: 7, 0: 11}",0.15538078110079032,0.008673398713506166,0.18439601271294528,0.08764631971363976,0.25373666566945097,0.027086555076818643,0.28731545030062594,0.23292919180971178,0.2590991287801963,0.0034961423039649407,0.2790228265325979,0.053450091154266216
7660,2,crash,3,2,1,-492.17363968387804,1799,857.5,857.5,0.05,0.1,2.9059793949127197,78.23275756835938,-746.9946899414062,564.6221923828125,1000.0,255.4850299653731,1636,-143.76000000000008,-103.89866964925167,-1500.0,-0.27358178970754754,"{6: 51, 5: 13, 4: 12, 0: 83, 1: 9, 2: 11}","{2: 11, 3: 140, 5: 12, 4: 8, 0: 8}","{1: 41, 2: 50, 0: 88}","{1: 124, 0: 30, 2: 25}","{1: 60, 2: 36, 0: 83}","{1: 123, 2: 22, 0: 34}",0.11082505513451076,0.019206675648065257,0.13684576197405726,0.0800539753668419,0.18616401223006146,0.12186456058374764,0.23026849376348543,0.1973211371126463,0.20238095655660204,0.009845572495069045,0.26236386991680477,0.25959547527260907
7670,2,success,3,5,0,2604.9006715420974,3054,610.8,622.0,0.05,0.1,2.9007105827331543,78.32463836669922,-746.9946899414062,564.6221923828125,2500.0,348.8206715420986,2498,-243.92000000001573,0.0,0.0,0.8529471747027169,"{2: 68, 4: 82, 5: 47, 6: 22, 3: 10, 1: 45, 0: 31}","{2: 52, 3: 112, 1: 18, 6: 50, 5: 19, 4: 16, 0: 38}","{1: 110, 0: 116, 2: 79}","{1: 123, 0: 95, 2: 87}","{1: 161, 0: 88, 2: 56}","{1: 222, 0: 52, 2: 31}",0.07114165557374125,0.03407168827238841,0.0958348295010922,0.07545035285294485,0.21595296779306908,0.16424516170812167,0.25447941057974754,0.21524768172636083,0.22062792247372276,0.03123514997263611,0.25080121605871203,0.10343042123943803
7680,2,crash,3,1,1,-1077.8589559109982,500,378.0,378.0,0.05,0.1,2.8977134227752686,78.41368103027344,-746.9946899414062,564.6221923828125,500.0,64.74392796880691,377,-39.919999999999504,-102.68288387980485,-1500.0,-2.1557179118219967,"{0: 15, 1: 12, 2: 10, 6: 13}","{4: 10, 3: 27, 2: 13}","{1: 9, 0: 41}","{1: 29, 2: 19, 0: 2}","{1: 7, 0: 43}","{1: 34, 0: 7, 2: 9}",0.1520249623917562,0.025731474648848868,0.18835780718375522,0.0896693365298127,0.27988374748400535,0.1209098736024026,0.3069012770205994,0.21928710810535268,0.236758001034388,0.011510777733105241,0.3106236374233374,0.08527099305699766
7690,2,crash,3,1,1,-1067.21447374902,466,361.0,361.0,0.05,0.1,2.879582643508911,78.54820251464844,-746.9946899414062,561.281982421875,500.0,67.41622996394081,339,-37.19999999999956,-97.4307037129608,-1500.0,-2.29015981491206,"{0: 19, 1: 8, 2: 8, 3: 1, 6: 10}","{3: 34, 2: 2, 0: 6, 1: 4}","{1: 11, 0: 35}","{1: 37, 0: 9}","{1: 8, 0: 38}","{1: 28, 0: 15, 2: 3}",0.17988451613564185,0.005151460641279925,0.26989076852260635,0.08938443119155588,0.281125176962455,0.09903323443794732,0.33504587841571953,0.16438103989797356,0.2842563841109789,0.017165370690695205,0.3409458461077111,0.01603262870803602
7700,2,crash,3,1,1,-1055.9454059725442,441,362.0,362.0,0.05,0.1,2.8583431243896484,78.65618133544922,-746.9946899414062,554.1302490234375,500.0,79.0882497929578,361,-35.199999999999605,-99.83365576550182,-1500.0,-2.3944340271486264,"{0: 22, 1: 6, 2: 7, 3: 1, 6: 8}","{3: 36, 5: 8}","{1: 9, 0: 35}","{1: 41, 2: 3}","{1: 6, 0: 38}","{1: 26, 0: 10, 2: 8}",0.20370330706575726,0.009767380388581803,0.251887640258417,0.08995572903147973,0.2846699633145854,0.026729119828546245,0.3119631201188314,0.2748154267588664,0.2847626668930394,0.007200837657449601,0.2974765627079421,0.039296907349812796
7710,2,crash,3,1,1,-1051.892475609467,522,446.0,446.0,0.05,0.1,2.8521957397460938,78.77254486083984,-746.9946899414062,554.1302490234375,500.0,85.71218965022511,445,-41.67999999999947,-95.92466525969205,-1500.0,-2.0151196850756072,"{0: 26, 1: 9, 2: 8, 3: 1, 6: 8}","{5: 5, 4: 9, 3: 30, 1: 8}","{1: 11, 0: 41}","{1: 33, 2: 19}","{1: 9, 0: 43}","{1: 37, 0: 10, 2: 5}",0.15185082015111245,0.02093051077327386,0.19316343430225158,0.0686051256570508,0.27562201310369455,0.174407436937787,0.2998047331910791,0.19722751056871854,0.255785639795166,0.004700119749798301,0.3076145144609959,0.03743016292446709
7720,2,crash,3,4,1,226.59164038644735,2027,468.75,528.0,0.05,0.1,2.8391737937927246,78.87799072265625,-746.9946899414062,547.755859375,2000.0,277.8397598884937,1439,-161.8400000000029,-389.4081195020468,-1500.0,0.11178669974664399,"{5: 43, 6: 16, 4: 48, 3: 42, 0: 31, 1: 6, 2: 16}","{4: 23, 3: 85, 0: 24, 1: 5, 2: 21, 6: 36, 5: 8}","{1: 50, 0: 98, 2: 54}","{1: 93, 2: 55, 0: 54}","{1: 71, 0: 83, 2: 48}","{1: 126, 0: 44, 2: 32}",0.09604812752823604,0.031798150769166214,0.12925918374542028,0.08745365540948477,0.22587101907593965,0.1597277256534648,0.2620796044174585,0.23133999583005233,0.21656768932140033,0.15069598403402432,0.2400890209622209,0.14605410855396392
7730,2,success,3,5,0,2503.2765052327613,3172,634.4,656.0,0.05,0.1,2.8428869247436523,78.96698760986328,-746.9946899414062,547.755859375,2500.0,474.45256190943064,2412,-253.3600000000172,-217.81605667667327,0.0,0.789179226113733,"{5: 66, 4: 69, 3: 18, 0: 59, 1: 20, 2: 48, 6: 37}","{0: 20, 1: 12, 2: 68, 6: 25, 5: 18, 4: 26, 3: 148}","{1: 86, 2: 116, 0: 115}","{1: 180, 0: 68, 2: 69}","{1: 122, 2: 93, 0: 102}","{1: 200, 2: 48, 0: 69}",0.09326975981437373,0.027436324687714897,0.12935482877594007,0.08304981318705623,0.2146088018922617,0.17053734598560338,0.24000689495368388,0.22034071621462464,0.212751391101939,0.18888639720167058,0.22802358243540613,0.1551175801223763
7740,2,crash,3,4,1,413.54260136811376,3075,727.25,648.0,0.05,0.1,2.8327512741088867,79.05010223388672,-746.9946899414062,547.755859375,2000.0,362.52463820596944,2535,-245.680000000016,-203.30203683785942,-1500.0,0.1344853988188988,"{2: 127, 3: 4, 6: 88, 5: 25, 4: 21, 1: 27, 0: 15}","{0: 33, 1: 12, 2: 43, 3: 166, 4: 15, 6: 17, 5: 21}","{1: 98, 0: 117, 2: 92}","{1: 155, 0: 101, 2: 51}","{1: 155, 0: 101, 2: 51}","{1: 196, 0: 54, 2: 57}",0.08455400882009333,0.029746890796525722,0.09870961563279283,0.08040841337991139,0.1714137045917082,0.16824553559838623,0.2138003922955023,0.20478924805573853,0.16791534131560737,0.023064823027446116,0.2494567536007766,0.21526237556687203
7750,2,crash,3,1,1,-1302.6215638100136,863,527.0,527.0,0.05,0.1,2.8333888053894043,79.09931945800781,-746.9946899414062,554.813232421875,500.0,123.73798664521782,799,-68.95999999999889,-357.3995504552316,-1500.0,-1.5094108503012904,"{6: 22, 5: 12, 4: 17, 3: 25, 2: 10}","{6: 6, 5: 6, 4: 13, 3: 27, 0: 19, 1: 13, 2: 2}","{1: 10, 2: 76}","{1: 28, 2: 27, 0: 31}","{1: 38, 2: 48}","{1: 72, 2: 7, 0: 7}",0.08886683339540008,0.06864064572539536,0.10419519244764208,0.058042125993941686,0.12199506030776974,0.1647833247922767,0.14333322506352073,0.11385453149908711,0.09638898438562864,0.02401559727395518,0.08676294747764843,0.08379229255059886
7760,2,success,3,5,0,2815.6228027477205,3411,682.2,771.0,0.05,0.1,2.8470940589904785,79.13923645019531,-746.9946899414062,551.8736572265625,2500.0,641.8131811718705,2670,-272.48000000001434,-53.71037842416338,0.0,0.825453768029235,"{0: 87, 1: 21, 2: 54, 3: 2, 6: 152, 5: 11, 4: 14}","{6: 9, 5: 17, 4: 29, 3: 204, 1: 34, 2: 21, 0: 27}","{1: 76, 0: 141, 2: 124}","{1: 208, 2: 69, 0: 64}","{1: 90, 0: 126, 2: 125}","{1: 192, 0: 65, 2: 84}",0.14861125816909693,0.018257399645100127,0.18035494254623413,0.09530995048132446,0.2761064351677228,0.1458634875565472,0.3160353125753004,0.2641358267702676,0.27709710857971664,0.018328381818558403,0.22123267886352393,0.3795614761180749
7770,2,success,3,5,0,2698.2893720704765,3102,620.4,480.0,0.05,0.1,2.8684656620025635,79.18999481201172,-746.9946899414062,561.782470703125,2500.0,446.04937207047584,2774,-247.76000000001633,0.0,0.0,0.8698547298744282,"{0: 33, 1: 54, 2: 43, 3: 13, 6: 70, 5: 6, 4: 91}","{1: 19, 2: 42, 5: 17, 4: 27, 3: 143, 0: 43, 6: 19}","{1: 109, 0: 109, 2: 92}","{1: 150, 0: 91, 2: 69}","{1: 152, 0: 102, 2: 56}","{1: 230, 0: 47, 2: 33}",0.07582721824137924,0.03171587844527891,0.10143316900938339,0.08464427469272001,0.16642645489197236,0.1786662474916776,0.19918222294584179,0.16933994798206292,0.17315700875611514,0.13977775802236553,0.1890130181850015,0.10819102085539745
7780,2,crash,3,2,1,-548.0975650540156,1243,552.5,552.5,0.05,0.1,2.859915256500244,79.28963470458984,-746.9946899414062,557.1851196289062,1000.0,215.9948172791802,970,-99.27999999999824,-164.81238233319476,-1500.0,-0.44094735724377765,"{6: 33, 5: 9, 4: 22, 3: 7, 0: 41, 1: 5, 2: 7}","{6: 3, 5: 7, 4: 9, 3: 85, 2: 6, 0: 14}","{1: 40, 2: 32, 0: 52}","{1: 85, 2: 23, 0: 16}","{1: 50, 2: 24, 0: 50}","{1: 69, 2: 28, 0: 27}",0.1355965659963978,0.022935382992859566,0.15241702282412167,0.09836528807525786,0.29356496852628317,0.14409901093602787,0.323807495782712,0.21867289911135915,0.09502909589444851,0.07796788368928104,0.05956965022523803,0.10210570443284292
7790,2,max_steps,3,4,0,2111.6552527672898,3500,872.0,757.5,0.05,0.1,2.8608856201171875,79.40023803710938,-746.9946899414062,553.7249145507812,2000.0,401.31034838660435,2627,-279.6800000000129,-9.975095619312585,0.0,0.6033300722192256,"{6: 122, 5: 38, 4: 56, 3: 7, 0: 101, 1: 12, 2: 14}","{4: 7, 3: 242, 2: 56, 0: 35, 1: 8, 5: 2}","{1: 88, 2: 129, 0: 133}","{1: 279, 2: 25, 0: 46}","{1: 156, 2: 104, 0: 90}","{1: 247, 2: 35, 0: 68}",0.09474701330697306,0.016035350233451484,0.10906028544454971,0.08996296113684715,0.17708670840909344,0.07143303949583103,0.2112039072338657,0.1631079832553088,0.16322433411401863,0.02238130876235686,0.12234474681784313,0.25178159331447914
7800,2,success,3,5,0,2309.2166760490227,2220,444.0,352.0,0.05,0.1,2.87935209274292,79.4234619140625,-746.9946899414062,566.6607666015625,2500.0,329.1299166583286,1862,-177.2000000000053,-342.7132406093088,0.0,1.040187691913974,"{3: 22, 2: 38, 1: 35, 6: 41, 5: 6, 4: 31, 0: 49}","{2: 24, 5: 22, 4: 38, 3: 97, 0: 20, 1: 11, 6: 10}","{1: 52, 0: 119, 2: 51}","{1: 97, 0: 50, 2: 75}","{1: 79, 0: 84, 2: 59}","{1: 133, 0: 42, 2: 47}",0.10800536417507567,0.043982720185595334,0.13677614179524056,0.09489760851065838,0.22393202540750357,0.1507814345267024,0.2698045824754232,0.28696279927036383,0.2089682512452095,0.12950728859562258,0.24509810680227956,0.24875188112853464
7810,2,crash,3,3,1,-63.03639476865669,2278,692.6666666666666,466.0,0.05,0.1,2.868762969970703,79.57978820800781,-746.9946899414062,566.6607666015625,1500.0,325.3740905368623,1277,-182.00000000000605,-206.4104853055169,-1500.0,-0.027671815087206626,"{3: 19, 6: 151, 5: 5, 4: 6, 0: 33, 1: 5, 2: 8}","{6: 3, 5: 8, 4: 12, 2: 67, 1: 35, 3: 102}","{1: 67, 0: 103, 2: 57}","{1: 146, 2: 51, 0: 30}","{1: 85, 0: 95, 2: 47}","{1: 160, 2: 35, 0: 32}",0.13435152753660246,0.023077385537714035,0.14067872863118813,0.060366153894216866,0.2921977533582697,0.11843775664567915,0.30861053698049873,0.20964526058133595,0.2707127167001916,0.17492996444267406,0.17261721063683375,0.39208245523664464
7820,2,max_steps,3,4,0,1917.442028355738,3500,844.0,585.5,0.05,0.1,2.8675825595855713,79.65110778808594,-746.9946899414062,564.208740234375,2000.0,197.12202835573734,2538,-279.6800000000129,0.0,0.0,0.5478405795302109,"{4: 183, 3: 38, 0: 22, 1: 16, 2: 78, 6: 13}","{4: 51, 3: 207, 2: 53, 0: 13, 1: 7, 5: 6, 6: 13}","{1: 245, 2: 28, 0: 77}","{1: 235, 2: 62, 0: 53}","{1: 289, 0: 54, 2: 7}","{1: 303, 2: 21, 0: 26}",0.03967886929795505,0.02243711518925713,0.056244707115969725,0.04898519817229801,0.09387079016493921,0.07380370146960245,0.11451835902060786,0.1018281711613302,0.05145237474368679,0.030298936679120085,0.11454708803473175,0.09875617713987402
7830,2,crash,3,1,1,-1154.4204238126579,512,368.0,368.0,0.05,0.1,2.862802267074585,79.74440002441406,-749.0255126953125,555.6619262695312,500.0,74.4643551639362,367,-40.879999999999484,-188.00477897659397,-1500.0,-2.2547273902590974,"{0: 21, 1: 6, 2: 9, 6: 15}","{2: 2, 3: 34, 6: 15}","{1: 10, 0: 41}","{1: 48, 0: 1, 2: 2}","{1: 14, 0: 37}","{1: 26, 0: 12, 2: 13}",0.1677062145190261,0.009972133735896595,0.17278261260433878,0.09938495034528957,0.2364793091365546,0.02496614436634799,0.2859975283690629,0.1855963440404651,0.2243714205341023,0.006326100669092539,0.17855371201638806,0.07996747038879995
7840,2,max_steps,3,4,0,2012.8493173443344,3500,747.25,724.0,0.05,0.1,2.8669326305389404,79.75880432128906,-749.0255126953125,562.5033569335938,2000.0,292.5293173443353,2839,-279.6800000000129,0.0,0.0,0.5750998049555242,"{4: 38, 3: 78, 2: 149, 1: 85}","{4: 33, 3: 178, 2: 56, 0: 44, 1: 14, 6: 18, 5: 7}","{1: 166, 2: 64, 0: 120}","{1: 178, 2: 68, 0: 104}","{1: 281, 2: 22, 0: 47}","{1: 300, 2: 25, 0: 25}",0.05365582403797224,0.029472581306835235,0.06472900733589851,0.060520830810829526,0.09118808791400737,0.139388144595693,0.10974915504140385,0.10378133899085977,0.093812270518214,0.04515365711868151,0.10573399487635081,0.0910115726215475
7850,2,crash,3,2,1,-643.3181680140195,1462,670.0,670.0,0.05,0.1,2.8589859008789062,79.80511474609375,-749.0255126953125,548.1246948242188,1000.0,187.02806873101383,1041,-116.79999999999787,-213.546236745033,-1500.0,-0.4400261067127357,"{1: 9, 2: 46, 3: 1, 6: 63, 5: 7, 4: 7, 0: 13}","{5: 7, 4: 10, 3: 80, 2: 21, 0: 18, 1: 10}","{1: 48, 0: 36, 2: 62}","{1: 72, 2: 21, 0: 53}","{1: 61, 0: 24, 2: 61}","{1: 91, 0: 32, 2: 23}",0.07728281877936727,0.03015736763727734,0.11929242510510185,0.09122523293241752,0.2290617128757895,0.15745165759537583,0.2384805944061528,0.23892242277372472,0.06978803883440875,0.028104534189214013,0.11950961360467319,0.10264103443378059
7860,2,success,3,5,0,2559.054616450243,2430,486.0,473.0,0.05,0.1,2.8848321437835693,79.88072204589844,-749.0255126953125,579.205078125,2500.0,284.9969498574998,2220,-194.00000000000793,-31.942333407255646,0.0,1.0531088956585362,"{0: 26, 1: 20, 2: 36, 3: 14, 4: 112, 6: 28, 5: 7}","{0: 13, 1: 22, 2: 83, 3: 93, 5: 8, 4: 24}","{1: 93, 0: 64, 2: 86}","{1: 134, 0: 69, 2: 40}","{1: 160, 0: 28, 2: 55}","{1: 204, 0: 26, 2: 13}",0.07199815190427584,0.02821032920347796,0.07651039157711431,0.06786551873469182,0.16684480715035643,0.11494956227817883,0.18643863704676716,0.10459444105974995,0.18443109532698104,0.03060894064002598,0.11178313708468639,0.25869889240434796
7870,2,max_steps,3,3,0,1429.3889049118452,3500,1134.0,806.0,0.05,0.1,2.9047975540161133,79.91822052001953,-749.0255126953125,570.0333251953125,1500.0,216.18606038380713,2457,-279.7600000000129,-7.037155471959796,0.0,0.4083968299748129,"{5: 155, 4: 33, 3: 3, 2: 102, 1: 28, 0: 29}","{2: 183, 3: 106, 6: 22, 5: 6, 4: 23, 0: 10}","{1: 193, 2: 77, 0: 80}","{1: 265, 0: 32, 2: 53}","{1: 281, 2: 25, 0: 44}","{1: 308, 0: 24, 2: 18}",0.04428804997456835,0.01620485349806862,0.06548445159171334,0.051593013791247005,0.10844746522270349,0.07342087431617787,0.11464064568427457,0.10283098250754455,0.11434070080703046,0.019149007093600665,0.12485322952412738,0.06292063345403584
7880,2,crash,3,1,1,-1113.635563352109,725,599.0,599.0,0.05,0.1,2.913933277130127,79.97331237792969,-749.0255126953125,563.5692749023438,500.0,72.8082347280123,591,-57.91999999999912,-128.52379808012125,-1500.0,-1.5360490528994608,"{0: 27, 1: 15, 2: 16, 3: 1, 6: 13}","{3: 57, 2: 2, 4: 13}","{1: 12, 0: 60}","{1: 70, 0: 2}","{1: 27, 0: 45}","{1: 53, 0: 12, 2: 7}",0.09786459139127737,0.010176858731563154,0.11598398060729105,0.08781884871738983,0.2006942994178299,0.024385776555587834,0.23370497760303444,0.11004936441082155,0.16533416715141477,0.010937161993426847,0.23320941503514028,0.08830361094591553
7890,2,crash,3,1,1,-1216.4078045654664,747,463.0,463.0,0.05,0.1,2.92182993888855,80.05320739746094,-749.0255126953125,563.5692749023438,500.0,34.84405257771041,293,-59.67999999999908,-191.57185714317643,-1500.0,-1.6283906352951358,"{1: 28, 2: 17, 3: 1, 5: 3, 6: 25}","{3: 54, 2: 20}","{1: 26, 0: 48}","{1: 45, 2: 4, 0: 25}","{1: 30, 0: 44}","{1: 51, 0: 3, 2: 20}",0.11666804683687428,0.027606029032504344,0.13459286621013228,0.09271193467813968,0.20833783776197606,0.11179707419670751,0.25567535825486704,0.11326646337249299,0.17983587221548084,0.001144061594091669,0.25533166089013154,0.08788450456871817
7900,2,crash,3,3,1,-499.05028967375335,2978,927.0,866.0,0.05,0.1,2.9212512969970703,80.11897277832031,-749.0255126953125,568.4330444335938,1500.0,274.8929045526919,2258,-238.0000000000148,-535.9431942264454,-1500.0,-0.16757900929273115,"{2: 53, 5: 42, 6: 92, 4: 37, 3: 2, 0: 59, 1: 12}","{2: 12, 3: 206, 6: 13, 5: 8, 4: 13, 0: 39, 1: 6}","{1: 93, 0: 112, 2: 92}","{1: 185, 0: 65, 2: 47}","{1: 157, 0: 86, 2: 54}","{1: 186, 0: 57, 2: 54}",0.07919850601232031,0.020583336228622337,0.09572455224029265,0.09386301183869977,0.17311255085282867,0.1769009887926597,0.18615767306934974,0.18943969882881695,0.17310205987863092,0.017794718790783624,0.24768021724620684,0.09126906904381389
7910,2,success,3,5,0,2458.2144281001674,2848,569.6,558.0,0.05,0.1,2.9193673133850098,80.20936584472656,-749.0255126953125,563.9175415039062,2500.0,373.95044180625695,2544,-227.44000000001316,-188.29601370608995,0.0,0.8631370885183172,"{6: 20, 5: 36, 4: 45, 3: 76, 0: 65, 1: 20, 2: 22}","{5: 10, 4: 19, 3: 72, 0: 33, 1: 14, 2: 95, 6: 41}","{1: 109, 2: 87, 0: 88}","{1: 125, 2: 71, 0: 88}","{1: 138, 2: 70, 0: 76}","{1: 197, 2: 38, 0: 49}",0.07648765949542767,0.033226426599810704,0.1024909790265299,0.07308544964555763,0.18784367285790896,0.16051102419105284,0.21233339233556942,0.19473626190708068,0.19370523058542816,0.07791500032587807,0.19144257931458245,0.10608279397032001
7920,2,crash,3,2,1,-1260.4415038425377,1885,573.5,573.5,0.05,0.1,2.90329909324646,80.29730224609375,-749.0255126953125,563.9175415039062,1000.0,174.60315090553283,1335,-150.64000000000115,-784.4046547480707,-1500.0,-0.6686692328077123,"{5: 13, 4: 21, 3: 1, 0: 35, 1: 29, 2: 15, 6: 74}","{2: 48, 3: 49, 5: 10, 4: 7, 0: 29, 1: 45}","{1: 49, 2: 49, 0: 90}","{1: 102, 0: 52, 2: 34}","{1: 71, 2: 40, 0: 77}","{1: 105, 2: 40, 0: 43}",0.09663188230333333,0.02905395893615982,0.12697244767862925,0.09761892506800895,0.17904812101020479,0.11339675933615034,0.226470142724421,0.2178118330906792,0.18921399982113948,0.018060852962113714,0.2748396245017115,0.09928409158816207
7930,2,success,3,5,0,2576.322103789956,3057,611.4,578.0,0.05,0.1,2.8998215198516846,80.37042236328125,-782.0875244140625,561.9033203125,2500.0,320.4821037899528,2471,-244.16000000001577,0.0,0.0,0.8427615648642316,"{6: 17, 5: 11, 4: 123, 3: 63, 2: 75, 1: 16}","{6: 31, 5: 12, 4: 30, 3: 166, 0: 41, 1: 7, 2: 18}","{1: 145, 2: 75, 0: 85}","{1: 165, 2: 72, 0: 68}","{1: 217, 2: 48, 0: 40}","{1: 231, 2: 28, 0: 46}",0.05205614627249246,0.027473696496693713,0.06605024629715689,0.07446222977002684,0.13453812920761277,0.1595449561350057,0.14681726726203026,0.10604234876046076,0.14202165463470962,0.06096008839300952,0.12934691826322223,0.10127306165647311
7940,2,success,3,5,0,2578.9271878772997,3478,695.6,681.0,0.05,0.1,2.906381845474243,80.45516204833984,-782.0875244140625,568.7822875976562,2500.0,356.76718787729425,2872,-277.8400000000133,0.0,0.0,0.7414971788031339,"{6: 25, 5: 83, 4: 124, 3: 13, 2: 69, 0: 28, 1: 5}","{2: 107, 3: 110, 4: 29, 0: 67, 1: 11, 6: 18, 5: 5}","{1: 189, 2: 82, 0: 76}","{1: 186, 0: 97, 2: 64}","{1: 223, 2: 72, 0: 52}","{1: 268, 2: 35, 0: 44}",0.04386018266772588,0.02843809183032176,0.06491082264163694,0.07280155847777144,0.17845891585357332,0.16853283916246303,0.1940415495079179,0.12481517433192671,0.18761957554818348,0.03732360946536836,0.1705140801916926,0.10931360302469934
7950,2,success,3,5,0,2666.0311661097116,3083,616.6,623.0,0.05,0.1,2.914686918258667,80.55186462402344,-782.0875244140625,561.182861328125,2500.0,431.0146195465943,2670,-246.2400000000161,-18.74345343689423,0.0,0.8647522433051287,"{6: 75, 5: 59, 4: 57, 0: 65, 1: 14, 2: 21, 3: 17}","{6: 9, 5: 6, 4: 20, 3: 182, 2: 70, 1: 21}","{1: 79, 2: 127, 0: 102}","{1: 200, 2: 38, 0: 70}","{1: 123, 2: 104, 0: 81}","{1: 181, 2: 55, 0: 72}",0.09798166226000637,0.022524228279598282,0.12591940989696537,0.0967396645240357,0.20162675151757353,0.1174924850251874,0.2308443163660817,0.23985622483447222,0.21254429499430474,0.050395625205350035,0.23310848886953006,0.2697764490123142
7960,2,success,3,5,0,2697.09641872853,3138,627.6,657.0,0.05,0.1,2.9399962425231934,80.63543701171875,-782.0875244140625,554.1561889648438,2500.0,447.7364187285139,2811,-250.64000000001678,0.0,0.0,0.8594953533233046,"{0: 27, 1: 40, 2: 96, 3: 10, 6: 71, 5: 51, 4: 18}","{0: 26, 1: 13, 2: 40, 3: 151, 6: 50, 5: 14, 4: 19}","{1: 84, 0: 128, 2: 101}","{1: 152, 0: 65, 2: 96}","{1: 143, 0: 79, 2: 91}","{1: 209, 0: 54, 2: 50}",0.07650052508263655,0.03125658920069553,0.10653473829070055,0.09069441234660333,0.19011526437222864,0.16461384009920202,0.2615122389971592,0.19287341903428357,0.17641187460028096,0.032512251506817316,0.26513670570971626,0.16935982576083808
7970,2,crash,3,1,1,-1234.622812165766,957,624.0,624.0,0.05,0.1,2.9456839561462402,80.69441986083984,-782.0875244140625,549.671875,500.0,61.088256129059864,623,-76.47999999999873,-219.23106829482478,-1500.0,-1.2900969824093689,"{1: 41, 2: 20, 3: 1, 6: 33}","{0: 5, 1: 8, 2: 9, 3: 40, 6: 8, 5: 25}","{1: 32, 0: 63}","{1: 53, 0: 26, 2: 16}","{1: 51, 0: 44}","{1: 76, 2: 12, 0: 7}",0.09483955081979573,0.027658092759586392,0.09636874583298935,0.06697812503671,0.15367324872038282,0.15641878587619698,0.16653349130438005,0.10483863338189464,0.10022578238566784,0.028300709224271237,0.09902110370827798,0.05937270017915426
7980,2,max_steps,3,0,0,-243.4005197069924,3500,,,0.05,0.1,2.940838098526001,80.74708557128906,-782.0875244140625,559.1065673828125,0.0,36.59948029301029,1677,-280.00000000001285,0.0,0.0,-0.06954300563056925,"{5: 71, 6: 279}","{4: 19, 3: 301, 2: 30}","{1: 337, 0: 13}","{1: 294, 2: 36, 0: 20}","{1: 346, 0: 4}","{1: 342, 0: 2, 2: 6}",0.011657743295608858,0.014211093951209503,0.016551297805420716,0.021927751610335902,0.03810799385820074,0.035020153526350094,0.04815745809149971,0.058753391159378415,,,,
7990,2,crash,3,1,1,-1310.9666186244567,632,451.0,451.0,0.05,0.1,2.9352331161499023,80.81101989746094,-782.0875244140625,558.9744873046875,500.0,90.48689009637896,450,-50.47999999999928,-350.9735087208353,-1500.0,-2.0743142699754062,"{0: 25, 1: 9, 2: 10, 3: 1, 6: 18}","{6: 3, 5: 7, 4: 7, 3: 26, 2: 2, 0: 18}","{1: 13, 0: 50}","{1: 25, 2: 22, 0: 16}","{1: 24, 0: 39}","{1: 33, 0: 12, 2: 18}",0.13933475363117026,0.03417745702192415,0.15526844974618978,0.09418961383438476,0.1937417614189864,0.19110409265135547,0.2146555751285895,0.15152193044695542,0.19685413185301837,0.0043370240784477345,0.1690725291867961,0.11591079718944948
8000,2,crash,3,4,1,-307.85122329743945,3396,817.5,624.5,0.05,0.1,2.9396042823791504,80.9351577758789,-782.0875244140625,591.1484985351562,2000.0,374.3828991345446,2146,-271.36000000001457,-910.8741224319823,-1500.0,-0.09065112582374542,"{6: 55, 5: 42, 4: 31, 3: 3, 1: 46, 0: 66, 2: 96}","{4: 54, 3: 213, 0: 46, 1: 5, 2: 21}","{1: 151, 2: 74, 0: 114}","{1: 222, 2: 57, 0: 60}","{1: 182, 2: 60, 0: 97}","{1: 245, 2: 43, 0: 51}",0.06243757493238369,0.024260001585809432,0.08460557126119579,0.0758910680546122,0.25566724862484264,0.1299346100562606,0.2839267324942471,0.18939608443448083,0.26345147176506445,0.033378093979499396,0.22688410577520562,0.20080602121274052
8010,2,max_steps,3,3,0,1506.680599367747,3500,994.3333333333334,586.0,0.05,0.1,2.954434633255005,80.94627380371094,-782.0875244140625,571.131103515625,1500.0,286.4405993677519,2252,-279.7600000000129,0.0,0.0,0.4304801712479277,"{1: 88, 2: 153, 5: 17, 6: 67, 4: 11, 3: 14}","{1: 34, 2: 40, 3: 241, 6: 22, 5: 6, 4: 7}","{1: 170, 0: 106, 2: 74}","{1: 248, 0: 61, 2: 41}","{1: 224, 0: 62, 2: 64}","{1: 245, 2: 45, 0: 60}",0.05149345868930424,0.018141940761783135,0.08050306274470165,0.08760093354882943,0.15486906038305853,0.13475379937685567,0.19428043144522109,0.1317437730882117,0.16252604988064934,0.032566552389106974,0.11098192317468947,0.11658789183395757
8020,2,crash,3,3,1,-178.53557624613518,2811,850.6666666666666,842.0,0.05,0.1,2.945659875869751,81.04126739501953,-782.0875244140625,558.4827270507812,1500.0,269.735329526733,2003,-224.64000000001272,-223.6309057728659,-1500.0,-0.06351318969979906,"{5: 28, 4: 53, 3: 49, 0: 112, 1: 6, 2: 7, 6: 26}","{0: 47, 1: 12, 2: 36, 6: 23, 5: 5, 4: 76, 3: 82}","{1: 108, 2: 71, 0: 102}","{1: 119, 0: 86, 2: 76}","{1: 147, 2: 54, 0: 80}","{1: 185, 2: 52, 0: 44}",0.06876892999808978,0.03339168949497824,0.09483530942833256,0.08232823907572917,0.21794091081320363,0.1758733285053703,0.24227773552074336,0.17789971346734915,0.07473378189920118,0.08181552340198378,0.0914946390230731,0.09568624005729101
8030,2,crash,3,2,1,-725.1046551351187,1240,530.0,530.0,0.05,0.1,2.947801113128662,81.14838409423828,-782.0875244140625,566.5316772460938,1000.0,132.0303495502771,729,-99.03999999999824,-258.095004685395,-1500.0,-0.5847618186573538,"{4: 44, 5: 20, 0: 36, 1: 6, 2: 6, 6: 12}","{4: 19, 3: 86, 0: 16, 1: 3}","{1: 36, 0: 52, 2: 36}","{1: 78, 2: 26, 0: 20}","{1: 63, 2: 18, 0: 43}","{1: 71, 0: 28, 2: 25}",0.08153954702754675,0.022694608754446358,0.09265021382737948,0.09357075850295063,0.27686731206834947,0.11684628809332383,0.30746366103665546,0.21220348380176526,0.17418831764488057,0.029645271942589226,0.1802695162584429,0.08882283500896777
8040,2,success,3,5,0,2661.286445677459,2696,539.2,428.0,0.05,0.1,2.94881534576416,81.24542999267578,-782.0875244140625,551.6918334960938,2500.0,376.56644567746275,2156,-215.28000000001126,0.0,0.0,0.9871240525509863,"{5: 32, 4: 21, 3: 7, 0: 39, 1: 67, 2: 79, 6: 24}","{1: 22, 2: 83, 6: 12, 5: 6, 4: 9, 3: 123, 0: 14}","{1: 86, 2: 71, 0: 112}","{1: 159, 0: 77, 2: 33}","{1: 115, 2: 62, 0: 92}","{1: 168, 2: 40, 0: 61}",0.09102074723534635,0.02655208291774963,0.11873880595480864,0.09225917687357028,0.22490539652560482,0.12941981421009663,0.27138500278823835,0.23638617815611057,0.2340073282377936,0.041673966439102234,0.23706101724236767,0.2872984548548752
8050,2,crash,3,2,1,-599.3061966487351,1768,789.0,789.0,0.05,0.1,2.9556891918182373,81.34506225585938,-782.0875244140625,550.60302734375,1000.0,187.21018363958635,1334,-141.2799999999997,-145.23638028832045,-1500.0,-0.3389740931271126,"{4: 46, 3: 1, 0: 86, 1: 10, 2: 14, 6: 19}","{4: 11, 3: 79, 2: 26, 0: 54, 1: 6}","{1: 51, 2: 43, 0: 82}","{1: 75, 2: 34, 0: 67}","{1: 86, 2: 11, 0: 79}","{1: 142, 2: 19, 0: 15}",0.06985874319456702,0.04471975795023223,0.10140761326608741,0.08298681688941897,0.15930037117601561,0.17227485842130533,0.1838498259251003,0.10879309916933702,0.14300263617574205,0.011565279314345771,0.1759611872681891,0.09963167501557259
8060,2,success,3,5,0,2540.094638866336,3403,680.6,783.0,0.05,0.1,2.9653820991516113,81.38996124267578,-782.0875244140625,549.5184936523438,2500.0,337.5856403210578,2683,-271.84000000001447,-25.65100145472258,0.0,0.7464280455087675,"{3: 29, 4: 107, 5: 31, 2: 100, 6: 38, 0: 28, 1: 7}","{6: 37, 5: 42, 4: 18, 3: 118, 2: 89, 0: 25, 1: 11}","{1: 159, 0: 87, 2: 94}","{1: 189, 2: 75, 0: 76}","{1: 239, 0: 55, 2: 46}","{1: 270, 2: 36, 0: 34}",0.05645788019822144,0.0275250431552497,0.06146846950701947,0.07337049559650108,0.11039809705476339,0.17398123401210933,0.1405124318257201,0.11922035609907619,0.13533187083101317,0.1453971567832999,0.10933453222578055,0.15966411720987317
8070,2,success,3,5,0,2132.8076306652383,3092,618.4,602.0,0.05,0.1,2.9695911407470703,81.47059631347656,-782.0875244140625,556.5774536132812,2500.0,341.6720178771271,2394,-246.9600000000162,-461.9043872118953,0.0,0.6897825454932853,"{1: 42, 2: 33, 3: 33, 4: 91, 6: 72, 5: 20, 0: 18}","{1: 18, 2: 45, 3: 190, 6: 5, 5: 15, 4: 36}","{1: 107, 0: 100, 2: 102}","{1: 172, 0: 95, 2: 42}","{1: 147, 0: 74, 2: 88}","{1: 190, 2: 63, 0: 56}",0.08591853180563291,0.02661786011436938,0.10744518597359987,0.09232564151102943,0.23994697273387947,0.11359862143601472,0.3046750503312726,0.28269638999976643,0.25691278498813286,0.04015874027858494,0.2584313030577681,0.13995236925033339
8080,2,success,3,5,0,2562.16139845165,3180,636.0,557.0,0.05,0.1,2.9902050495147705,81.51638793945312,-782.0875244140625,558.573486328125,2500.0,581.9699118706259,2517,-254.0000000000173,-265.80851341897915,0.0,0.8057111315885691,"{2: 69, 3: 3, 6: 97, 5: 13, 4: 14, 0: 111, 1: 11}","{2: 77, 3: 173, 4: 31, 1: 11, 6: 11, 5: 15}","{1: 72, 0: 140, 2: 106}","{1: 201, 0: 54, 2: 63}","{1: 107, 0: 114, 2: 97}","{1: 205, 0: 58, 2: 55}",0.13418161761822808,0.022730477849416945,0.16077917126127889,0.09274040611725119,0.277442715311619,0.0841517565705253,0.30529753114905184,0.21857434972419143,0.2630362929673173,0.02003154604316436,0.1809175912744207,0.1790067175622841
8090,2,success,3,5,0,2240.8750571137643,3259,651.8,575.0,0.05,0.1,3.00300931930542,81.57723236083984,-782.0875244140625,575.3820190429688,2500.0,413.9572331703454,2636,-260.32000000001676,-412.76217605658076,0.0,0.6875959058342327,"{2: 117, 4: 51, 5: 52, 3: 7, 1: 24, 6: 74}","{6: 26, 5: 12, 4: 32, 3: 157, 2: 34, 0: 45, 1: 19}","{1: 128, 0: 101, 2: 96}","{1: 158, 2: 74, 0: 93}","{1: 163, 0: 65, 2: 97}","{1: 232, 0: 46, 2: 47}",0.06571535338588258,0.03193294994542379,0.09949419157720636,0.07061848297540832,0.16432131163316727,0.15904539381428642,0.20741491532456366,0.1674328030484055,0.12175983857979435,0.05473744919506442,0.18481744236635808,0.17837196528978336
8100,2,success,3,5,0,2686.6119756808025,3027,605.4,562.0,0.05,0.1,2.9965145587921143,81.65458679199219,-782.0875244140625,575.3820190429688,2500.0,428.3719756807902,2407,-241.7600000000154,0.0,0.0,0.8875493807997366,"{1: 34, 2: 100, 3: 12, 6: 50, 5: 45, 4: 20, 0: 41}","{0: 29, 1: 15, 2: 68, 5: 17, 4: 53, 3: 120}","{1: 101, 0: 123, 2: 78}","{1: 164, 0: 68, 2: 70}","{1: 154, 0: 70, 2: 78}","{1: 229, 0: 29, 2: 44}",0.08235385663956751,0.028983194357564912,0.09880869187355934,0.07071995240902772,0.2736417953198812,0.10419326664010466,0.29498363903261143,0.1743094475794665,0.18638139745501017,0.03881687965052671,0.1832460675225811,0.09920897219966515
8110,2,max_steps,3,4,0,2128.2333841726995,3500,727.5,701.5,0.05,0.1,3.0104756355285645,81.68352508544922,-782.0875244140625,563.0853271484375,2000.0,407.91338417269134,2802,-279.6800000000129,0.0,0.0,0.6080666811921999,"{3: 37, 1: 56, 2: 47, 6: 97, 5: 21, 4: 28, 0: 64}","{1: 22, 2: 69, 3: 197, 6: 27, 5: 10, 4: 25}","{1: 132, 0: 123, 2: 95}","{1: 221, 0: 64, 2: 65}","{1: 206, 0: 68, 2: 76}","{1: 260, 2: 42, 0: 48}",0.07734837979468079,0.022885781626818716,0.08403225229213296,0.08283338503990581,0.177706119822209,0.08587206036112803,0.20365553047507573,0.12559886385800356,0.1858316928167318,0.08940156499307897,0.13906820046548746,0.08832649911657693
8120,2,crash,3,1,1,-1087.7006702668912,595,475.0,475.0,0.05,0.1,3.0121445655822754,81.75054931640625,-782.0875244140625,571.3125,500.0,68.46840179609777,454,-47.51999999999934,-108.6490720629889,-1500.0,-1.828068353389733,"{0: 21, 1: 14, 2: 12, 6: 12}","{3: 43, 2: 4, 5: 9, 4: 3}","{1: 10, 0: 49}","{1: 52, 0: 1, 2: 6}","{1: 13, 0: 46}","{1: 37, 0: 10, 2: 12}",0.10272913688343897,0.007887319857342387,0.1507706310660113,0.09389076517518465,0.24482832539335855,0.03443602018319091,0.26765530857836844,0.1978558607301328,0.21142485569602634,0.0016292790358699032,0.2819590013031422,0.07368558993277328
8130,2,crash,3,4,1,302.94875344697243,2431,558.75,551.0,0.05,0.1,3.02390718460083,81.81350708007812,-782.0875244140625,567.1636352539062,2000.0,272.2522186984939,1804,-194.16000000000795,-275.14346525152627,-1500.0,0.12461898537514292,"{1: 63, 2: 68, 3: 9, 4: 24, 5: 49, 0: 10, 6: 20}","{5: 10, 4: 42, 3: 72, 0: 57, 1: 5, 2: 33, 6: 24}","{1: 65, 0: 132, 2: 46}","{1: 101, 2: 86, 0: 56}","{1: 136, 0: 75, 2: 32}","{1: 191, 0: 31, 2: 21}",0.0935442352224127,0.03443296243844368,0.09154924341495363,0.08025870409003938,0.13727223109337552,0.16533495408963425,0.16613739894378743,0.11575381175347356,0.18436031554817559,0.02755724587496872,0.2032087061080143,0.1022903457784771
8140,2,success,3,5,0,2648.8257698501784,2142,428.4,423.0,0.05,0.1,3.040560007095337,81.87757110595703,-782.0875244140625,559.7164306640625,2500.0,319.7857698501771,1778,-170.96000000000433,0.0,0.0,1.2366133379319226,"{5: 32, 4: 30, 3: 41, 0: 44, 1: 7, 2: 33, 6: 27}","{0: 9, 1: 6, 2: 31, 4: 30, 5: 26, 3: 90, 6: 22}","{1: 69, 2: 65, 0: 80}","{1: 109, 0: 44, 2: 61}","{1: 94, 2: 54, 0: 66}","{1: 146, 2: 30, 0: 38}",0.0916408794305868,0.029847718433045248,0.12704434510856222,0.09169131898721955,0.19481050406941758,0.1449288686643391,0.22051223344914248,0.18763421800693134,0.16822478806343785,0.13983384865930984,0.20079969854944588,0.1845695232661203
8150,2,success,3,5,0,2311.275476906115,3437,687.4,773.0,0.05,0.1,3.0683774948120117,81.90931701660156,-782.0875244140625,564.1102905273438,2500.0,381.7664603339047,2847,-274.56000000001393,-295.9309834277892,0.0,0.6724688614798123,"{4: 167, 3: 5, 5: 54, 0: 96, 1: 10, 2: 11}","{4: 54, 3: 192, 0: 33, 1: 6, 2: 36, 6: 16, 5: 6}","{1: 143, 2: 100, 0: 100}","{1: 218, 2: 67, 0: 58}","{1: 187, 2: 77, 0: 79}","{1: 266, 2: 44, 0: 33}",0.07097291717234001,0.024493207234169097,0.09196677600115577,0.07118152814965094,0.12613764884441164,0.1384030430009044,0.15102120661381496,0.11887122693586215,0.12148371690672488,0.09838091215276239,0.1311486685491228,0.10462008100475459
8160,2,crash,3,4,1,418.6245487816077,1870,370.5,384.0,0.05,0.1,3.079984188079834,82.01444244384766,-782.0875244140625,554.42578125,2000.0,178.1482190920542,1329,-149.28000000000094,-110.2436703104525,-1500.0,0.22386339507037845,"{4: 68, 3: 51, 0: 18, 1: 5, 2: 6, 6: 39}","{4: 16, 3: 85, 0: 16, 1: 7, 2: 24, 6: 33, 5: 6}","{1: 104, 2: 36, 0: 47}","{1: 96, 2: 45, 0: 46}","{1: 122, 2: 21, 0: 44}","{1: 100, 2: 30, 0: 57}",0.040890211552656416,0.02877999232330094,0.06694612058088117,0.09297037264065806,0.23347382033545305,0.13553705622907516,0.30593584661574497,0.28291717375085046,0.08819000439653435,0.04917569968737602,0.09630291786092354,0.1528221306692496
8170,2,max_steps,3,3,0,1541.8874918737713,3500,610.6666666666666,606.0,0.05,0.1,3.0980844497680664,82.05308532714844,-782.0875244140625,574.5103759765625,1500.0,321.6474918737717,2427,-279.7600000000129,0.0,0.0,0.4405392833925061,"{2: 80, 3: 27, 4: 72, 5: 41, 6: 119, 1: 11}","{4: 17, 3: 140, 2: 54, 0: 62, 1: 26, 6: 46, 5: 5}","{1: 130, 0: 83, 2: 137}","{1: 176, 2: 76, 0: 98}","{1: 194, 0: 65, 2: 91}","{1: 248, 0: 56, 2: 46}",0.0690929832117144,0.029666781574652638,0.09295788332138072,0.06667553078114138,0.16233493615319036,0.15845829033851405,0.19232722336412864,0.24043786647171264,0.16566874617970323,0.21176614655195342,0.20517678378172766,0.1282936678812943
8180,2,max_steps,3,4,0,1202.3542493044442,3500,805.25,846.0,0.05,0.1,3.0944533348083496,82.09253692626953,-782.0875244140625,579.0640869140625,2000.0,239.69551577705565,2431,-279.6800000000129,-757.6612664726106,0.0,0.3435297855155555,"{6: 20, 5: 12, 4: 169, 3: 33, 2: 42, 1: 24, 0: 50}","{5: 7, 4: 43, 3: 181, 2: 57, 0: 14, 1: 48}","{1: 167, 2: 110, 0: 73}","{1: 193, 2: 50, 0: 107}","{1: 205, 2: 83, 0: 62}","{1: 226, 2: 51, 0: 73}",0.05466922020170133,0.027754825368488736,0.08153152099918859,0.0864665496867062,0.13661576759607136,0.10033376726789206,0.17071374206861786,0.1730694736359736,0.10182574210241238,0.09508090169487574,0.17024706616683835,0.10204551168621838
8190,2,max_steps,3,4,0,1504.561414434408,3500,790.5,791.5,0.05,0.1,3.0979230403900146,82.12931060791016,-782.0875244140625,579.0640869140625,2000.0,442.0424730759101,3051,-279.6800000000129,-657.8010586415031,0.0,0.4298746898384023,"{4: 58, 3: 38, 6: 1, 5: 50, 1: 18, 0: 40, 2: 145}","{4: 21, 3: 112, 0: 61, 1: 10, 2: 52, 6: 82, 5: 12}","{1: 177, 2: 76, 0: 97}","{1: 130, 2: 115, 0: 105}","{1: 232, 2: 57, 0: 61}","{1: 233, 2: 54, 0: 63}",0.04961775077945896,0.042225793626450805,0.06732374119044868,0.07342706122096876,0.16360053679869363,0.19804482429034476,0.20164006444339905,0.19384656069430167,0.10530652451616022,0.030469765920546822,0.19763550749656794,0.15714797850995688
8200,2,crash,3,1,1,-1287.6351596476181,948,535.0,535.0,0.05,0.1,3.1010096073150635,82.18685150146484,-782.0875244140625,579.0640869140625,500.0,128.37592722815208,909,-75.75999999999874,-340.25108687576983,-1500.0,-1.35826493633715,"{6: 19, 5: 13, 4: 19, 3: 26, 2: 17}","{5: 6, 4: 12, 3: 32, 2: 8, 0: 27, 1: 9}","{1: 14, 2: 80}","{1: 32, 2: 22, 0: 40}","{1: 55, 2: 39}","{1: 81, 2: 8, 0: 5}",0.08431876410297898,0.09158625072752688,0.09161101458936316,0.06567957340334868,0.11131322326214385,0.17165410378895601,0.13395133860150027,0.10560657585577277,0.09785313158704956,0.028341011038502287,0.08177870581940194,0.030829902962636865
8210,2,crash,3,1,1,-1091.7859054052196,494,402.0,402.0,0.05,0.1,3.1210250854492188,82.29930877685547,-782.0875244140625,579.0640869140625,500.0,82.93382206208769,401,-39.439999999999515,-135.27972746730714,-1500.0,-2.210092925921497,"{0: 24, 1: 7, 2: 8, 3: 1, 5: 2, 6: 7}","{4: 6, 3: 34, 2: 9}","{1: 10, 0: 39}","{1: 29, 2: 8, 0: 12}","{1: 7, 0: 42}","{1: 32, 0: 10, 2: 7}",0.1922199910179188,0.02521606660960149,0.2139453085766905,0.08705620576301634,0.24583357639874232,0.09102274344792478,0.29340452961329117,0.16745465872284646,0.2452669742079061,0.01674634176193357,0.22305722116739676,0.05472924140219834
8220,2,success,3,5,0,2136.103338371014,3182,636.4,433.0,0.05,0.1,3.1205875873565674,82.37183380126953,-782.0875244140625,569.4078369140625,2500.0,391.93386002835666,2855,-254.16000000001733,-501.6705216573414,0.0,0.6713084030078611,"{6: 18, 5: 11, 4: 49, 3: 13, 0: 130, 1: 10, 2: 87}","{6: 39, 5: 12, 4: 47, 3: 131, 0: 50, 1: 6, 2: 33}","{1: 114, 2: 84, 0: 120}","{1: 132, 2: 97, 0: 89}","{1: 174, 2: 68, 0: 76}","{1: 207, 2: 55, 0: 56}",0.07222703381987439,0.03622744520848707,0.08628866981206985,0.08970516674499328,0.14800786278107048,0.17568915396994028,0.1836586531090651,0.1705351186784429,0.145804454498644,0.1174460485460977,0.2155799517414697,0.11811402776729116
8230,2,crash,3,4,1,303.72015270555016,2760,636.5,624.5,0.05,0.1,3.1255664825439453,82.45256805419922,-782.0875244140625,569.4078369140625,2000.0,350.1193802926924,2018,-220.48000000001207,-325.91922758714236,-1500.0,0.11004353358896746,"{4: 104, 3: 15, 0: 55, 1: 16, 2: 25, 6: 53, 5: 8}","{1: 9, 2: 60, 3: 129, 5: 32, 4: 24, 0: 22}","{1: 84, 0: 116, 2: 76}","{1: 177, 0: 61, 2: 38}","{1: 132, 2: 57, 0: 87}","{1: 184, 2: 48, 0: 44}",0.09808593632866705,0.02480713606628712,0.11255315520203688,0.08251784950181835,0.20372641422581433,0.10995277577198107,0.23328404129782482,0.15913307434578206,0.22297373259144487,0.02648595905637552,0.19956037399890172,0.14866139051595675
8240,2,max_steps,3,3,0,1555.9296234780136,3500,843.6666666666666,708.0,0.05,0.1,3.1176021099090576,82.51024627685547,-782.0875244140625,573.4470825195312,1500.0,335.6896234780145,2818,-279.7600000000129,0.0,0.0,0.4445513209937182,"{6: 95, 5: 31, 4: 72, 3: 4, 0: 35, 1: 75, 2: 38}","{3: 264, 2: 50, 5: 9, 4: 10, 1: 17}","{1: 116, 2: 141, 0: 93}","{1: 284, 2: 30, 0: 36}","{1: 216, 2: 70, 0: 64}","{1: 279, 2: 39, 0: 32}",0.07228065289542354,0.017605704050503972,0.08285610976475524,0.08456692772641829,0.14701742393840575,0.036961426911039305,0.17106026280797879,0.10629517156624782,0.1638758329684073,0.020549282196694475,0.16340843361596796,0.08597907481329252
8250,2,success,3,5,0,2163.7025469606588,2872,574.4,515.0,0.05,0.1,3.1367108821868896,82.56865692138672,-782.0875244140625,565.9237060546875,2500.0,357.424265792818,2436,-229.36000000001346,-464.3617188321572,0.0,0.7533783241506472,"{3: 32, 4: 85, 5: 90, 6: 12, 0: 39, 1: 11, 2: 18}","{6: 8, 5: 6, 4: 7, 3: 133, 2: 103, 0: 22, 1: 8}","{1: 137, 0: 67, 2: 83}","{1: 181, 2: 34, 0: 72}","{1: 174, 0: 64, 2: 49}","{1: 184, 0: 54, 2: 49}",0.05363299989867655,0.02572667778624827,0.08504550873404004,0.09127543907917132,0.20193445788769457,0.15296055859748522,0.21971924736523116,0.1751168272195447,0.14285240546008524,0.1920759566578848,0.1222312783516189,0.15714097865016777
8260,2,crash,3,2,1,-810.5342436313096,861,301.0,301.0,0.05,0.1,3.1389524936676025,82.5790023803711,-782.0875244140625,569.4967041015625,1000.0,89.57142788602744,487,-68.71999999999889,-331.3856715173361,-1500.0,-0.941387042545075,"{4: 21, 3: 2, 0: 24, 1: 6, 2: 7, 6: 26}","{3: 63, 2: 15, 1: 8}","{1: 20, 2: 17, 0: 49}","{1: 63, 0: 23}","{1: 38, 2: 8, 0: 40}","{1: 50, 2: 22, 0: 14}",0.08489700351830441,0.012433788593543878,0.11258006594343714,0.09799611988903092,0.26573049073005006,0.10984275533603388,0.3267073151769032,0.2551027240463397,0.26504235840879253,0.02312250472942192,0.206062534322314,0.09943291326846238
8270,2,crash,3,3,1,-774.2710152507344,2376,605.6666666666666,700.0,0.05,0.1,3.161547899246216,82.6286849975586,-782.0875244140625,569.8441772460938,1500.0,204.14624830610757,1692,-189.84000000000728,-788.577263556842,-1500.0,-0.3258716394152923,"{4: 55, 3: 5, 1: 30, 0: 64, 2: 36, 6: 34, 5: 13}","{0: 61, 1: 8, 2: 25, 3: 113, 6: 19, 5: 4, 4: 7}","{1: 77, 2: 121, 0: 39}","{1: 124, 0: 51, 2: 62}","{1: 166, 2: 52, 0: 19}","{1: 182, 0: 37, 2: 18}",0.07095425898833661,0.028855612020987777,0.0708424692416522,0.07604012845535654,0.10096471839983531,0.1417216034636717,0.12067840899457341,0.11925226980694625,0.09796226790329517,0.09712834896693515,0.12089887856664895,0.08250479067420301
8280,2,crash,3,2,1,-1180.9926942019254,1167,413.5,413.5,0.05,0.1,3.161504030227661,82.66515350341797,-782.0875244140625,568.4929809570312,1000.0,87.48347607055928,840,-93.19999999999837,-675.2761702724844,-1500.0,-1.011990312083912,"{1: 9, 2: 30, 3: 13, 4: 30, 6: 34}","{2: 18, 3: 70, 0: 2, 1: 11, 4: 15}","{1: 53, 0: 53, 2: 10}","{1: 68, 0: 45, 2: 3}","{1: 61, 0: 44, 2: 11}","{1: 63, 0: 32, 2: 21}",0.05878899861321957,0.02166814015278186,0.0980184701249695,0.09321769707385053,0.22834455932370387,0.12254836201663205,0.2954772160959147,0.21596154806266585,0.1860383816955556,0.034051932459957655,0.32823088432402164,0.16160631107641055
8290,2,success,3,5,0,2592.3087092666656,3421,684.2,458.0,0.05,0.1,3.177532196044922,82.66950988769531,-782.0875244140625,561.2749633789062,2500.0,365.5887092666699,3040,-273.2800000000142,0.0,0.0,0.7577634344538631,"{4: 57, 3: 6, 2: 64, 1: 40, 0: 41, 6: 107, 5: 27}","{3: 291, 2: 22, 1: 11, 4: 18}","{1: 111, 2: 143, 0: 88}","{1: 272, 0: 44, 2: 26}","{1: 235, 2: 52, 0: 55}","{1: 244, 0: 45, 2: 53}",0.07160052275906424,0.016393343827601985,0.08055989040715159,0.09033845551712465,0.1772992215371756,0.0626757895959485,0.21209804647229752,0.21392897251666093,0.1531164244134141,0.02917758433542257,0.1492358380591213,0.183066123786515
8300,2,success,3,5,0,2528.5080823683543,2699,539.8,459.0,0.05,0.1,3.1806766986846924,82.64788818359375,-782.0875244140625,561.0908813476562,2500.0,399.4152834908285,2505,-215.5200000000113,-155.38720112247293,0.0,0.9368314495621913,"{6: 31, 5: 17, 4: 111, 3: 39, 2: 47, 0: 17, 1: 7}","{4: 34, 3: 123, 2: 37, 0: 43, 1: 4, 6: 24, 5: 4}","{1: 111, 2: 108, 0: 50}","{1: 125, 2: 85, 0: 59}","{1: 181, 2: 49, 0: 39}","{1: 232, 2: 20, 0: 17}",0.06953349228709395,0.031571032172264785,0.07492649550398393,0.07642463924654608,0.1622118047618298,0.19642718441263168,0.15468435527601251,0.1045429161736165,0.11668515951273195,0.03163068328405363,0.22298412819459426,0.14760237488672678
8310,2,success,3,5,0,2533.952640044179,2765,553.0,485.0,0.05,0.1,3.196443557739258,82.67106628417969,-782.0875244140625,562.8526611328125,2500.0,310.7207930557672,2403,-220.80000000001212,-55.96815301158759,0.0,0.9164385678279129,"{6: 32, 5: 13, 4: 92, 3: 76, 1: 13, 0: 19, 2: 31}","{0: 12, 1: 26, 2: 53, 3: 116, 4: 37, 6: 26, 5: 6}","{1: 132, 2: 87, 0: 57}","{1: 108, 0: 89, 2: 79}","{1: 182, 2: 59, 0: 35}","{1: 176, 2: 55, 0: 45}",0.054017197051927174,0.03458971059068208,0.06392800195918444,0.08607966546644824,0.11912950702921193,0.1769103079824208,0.16097818839324457,0.15685287241059548,0.0975711270605661,0.047889914539185924,0.09739315586772998,0.14660176185428897
8320,2,crash,3,3,1,-129.91195297232252,2952,943.0,460.0,0.05,0.1,3.1876213550567627,82.76420593261719,-782.0875244140625,581.9307861328125,1500.0,241.13272755589963,2649,-235.92000000001448,-135.124680528224,-1500.0,-0.04400811415051576,"{4: 56, 3: 4, 5: 19, 0: 154, 1: 29, 2: 30, 6: 3}","{2: 64, 3: 224, 4: 7}","{1: 133, 2: 38, 0: 124}","{1: 243, 0: 44, 2: 8}","{1: 192, 2: 29, 0: 74}","{1: 214, 2: 32, 0: 49}",0.056628673929478096,0.018056847511624726,0.06637228337032633,0.09149230204490304,0.15219213368709952,0.03350434384982486,0.18119388969208652,0.1077172045860944,0.1909599595754621,0.03132592722278158,0.21601060330473223,0.14010476603505334
8330,2,success,3,5,0,2581.585366851958,3163,632.6,561.0,0.05,0.1,3.198774576187134,82.8394546508789,-782.0875244140625,587.0346069335938,2500.0,334.25934810725056,2542,-252.6400000000171,-0.033981255293003,0.0,0.8161825377337838,"{2: 146, 1: 45, 3: 6, 6: 65, 5: 16, 4: 14, 0: 24}","{2: 38, 3: 229, 4: 18, 5: 19, 0: 3, 1: 9}","{1: 85, 2: 94, 0: 137}","{1: 222, 0: 50, 2: 44}","{1: 185, 0: 83, 2: 48}","{1: 223, 0: 54, 2: 39}",0.07949079724999383,0.022712693915709556,0.0889093269184897,0.08266867687321466,0.12689987780322826,0.12055946675152127,0.15548763163706722,0.16258743881064563,0.1335151993022271,0.02978731912219134,0.11098437860676143,0.18550650616522732
8340,2,max_steps,3,4,0,2044.815427759784,3500,786.0,764.0,0.05,0.1,3.2117059230804443,82.81977081298828,-782.0875244140625,572.688720703125,2000.0,329.12075960668255,2476,-279.6800000000129,-4.625331846909672,0.0,0.5842329793599382,"{0: 70, 1: 18, 2: 58, 3: 27, 4: 100, 6: 14, 5: 63}","{2: 100, 3: 206, 1: 6, 6: 26, 5: 5, 4: 7}","{1: 159, 0: 114, 2: 77}","{1: 236, 0: 71, 2: 43}","{1: 185, 0: 97, 2: 68}","{1: 213, 0: 60, 2: 77}",0.06297981577034503,0.01818647349688372,0.08945239897085303,0.0930338345346124,0.15756024576730818,0.09094885430421952,0.1948659517371669,0.2075583450453771,0.09152982552152754,0.025843282436727417,0.14669533752021816,0.2022416264693503
8350,2,max_steps,3,4,0,2053.967705825215,3500,813.25,795.5,0.05,0.1,3.22855544090271,82.84446716308594,-782.0875244140625,585.6982421875,2000.0,333.6477058252039,2994,-279.6800000000129,0.0,0.0,0.5868479159500615,"{2: 94, 3: 16, 6: 20, 5: 47, 4: 77, 0: 81, 1: 15}","{5: 11, 4: 52, 3: 172, 0: 18, 1: 22, 2: 67, 6: 8}","{1: 176, 0: 104, 2: 70}","{1: 209, 2: 68, 0: 73}","{1: 232, 0: 66, 2: 52}","{1: 213, 0: 70, 2: 67}",0.0497605285286675,0.025311211434131828,0.06758609188494058,0.09548546301418928,0.11020121422247402,0.15276195787125393,0.14944737242554457,0.12527221613712974,0.0715465621871655,0.017548246196741467,0.07301334073357572,0.10442932140761965
8360,2,max_steps,3,3,0,1564.5721714507554,3500,737.6666666666666,885.0,0.05,0.1,3.237981081008911,82.85441589355469,-782.0875244140625,567.44873046875,1500.0,374.36458470341296,3031,-279.7600000000129,-30.03241325265817,0.0,0.4470206204145015,"{0: 7, 1: 73, 2: 42, 6: 111, 5: 41, 4: 75, 3: 1}","{1: 15, 2: 43, 3: 188, 5: 29, 4: 20, 0: 12, 6: 43}","{1: 158, 0: 78, 2: 114}","{1: 200, 0: 78, 2: 72}","{1: 223, 0: 57, 2: 70}","{1: 222, 0: 59, 2: 69}",0.05715983674512083,0.026085849145912915,0.06779960773808699,0.09634958773566565,0.1507208918877196,0.15700066928561282,0.18645969572292048,0.17071642297076858,0.1613340311190487,0.0214749524227917,0.21067290641960046,0.19420998117732124
8370,2,max_steps,3,3,0,889.6772525826059,3500,1130.3333333333333,870.0,0.05,0.1,3.2300291061401367,82.93817138671875,-782.0875244140625,569.9822387695312,1500.0,291.911620286235,2601,-279.7600000000129,-622.474367703627,0.0,0.2541935007378874,"{6: 71, 5: 127, 4: 76, 3: 3, 1: 16, 0: 23, 2: 34}","{2: 67, 3: 244, 6: 28, 5: 5, 4: 6}","{1: 117, 2: 155, 0: 78}","{1: 243, 0: 51, 2: 56}","{1: 188, 2: 100, 0: 62}","{1: 172, 2: 84, 0: 94}",0.07470905497026116,0.019600930115660324,0.09539564109859971,0.10053852372569899,0.12369609493760152,0.1059414368297942,0.19560536134535778,0.21816048231623417,0.17495533984431655,0.03134211269978689,0.250941334379179,0.20108318831024097
8380,2,max_steps,3,3,0,543.1199503422938,3500,1135.6666666666667,1069.0,0.05,0.1,3.2203900814056396,82.95528411865234,-782.0875244140625,569.9822387695312,1500.0,298.41704835038934,2335,-279.7600000000129,-975.5370980080933,0.0,0.1551771286692268,"{4: 40, 5: 76, 2: 121, 1: 59, 0: 51, 3: 3}","{5: 19, 4: 51, 3: 181, 2: 37, 0: 36, 1: 7, 6: 19}","{1: 124, 0: 143, 2: 83}","{1: 182, 2: 91, 0: 77}","{1: 210, 2: 47, 0: 93}","{1: 217, 2: 69, 0: 64}",0.06869207895628668,0.02914552117084817,0.08414426741561251,0.0901422225346103,0.13995462905262232,0.16741941873999525,0.18081286268337832,0.20254540962765666,0.15652328389479067,0.04401496833439791,0.22922226406594556,0.16765367936594683
8390,2,max_steps,3,4,0,2024.4302979896875,3500,674.5,757.0,0.05,0.1,3.2122139930725098,83.00072479248047,-782.0875244140625,559.7821044921875,2000.0,304.11029798968616,2817,-279.6800000000129,0.0,0.0,0.5784086565684822,"{1: 58, 0: 13, 2: 85, 3: 19, 6: 98, 5: 39, 4: 38}","{1: 26, 2: 57, 3: 216, 4: 24, 6: 10, 5: 8, 0: 9}","{1: 159, 0: 100, 2: 91}","{1: 229, 0: 65, 2: 56}","{1: 226, 0: 67, 2: 57}","{1: 205, 2: 81, 0: 64}",0.056689788902873406,0.022722659249354793,0.06790907614989891,0.09367666368518326,0.11274588566040587,0.11404784788771732,0.1410547570814752,0.16158274104822085,0.08221902855239305,0.031515908153482056,0.13319135961286743,0.16536174238201104
8400,2,max_steps,3,2,0,974.9927538172417,3500,1361.0,1361.0,0.05,0.1,3.211728811264038,83.00080108642578,-782.0875244140625,564.072998046875,1000.0,254.83275381724422,2282,-279.8400000000129,0.0,0.0,0.2785693582334976,"{0: 25, 1: 10, 2: 22, 3: 14, 6: 44, 5: 60, 4: 175}","{4: 28, 3: 265, 2: 51, 1: 6}","{1: 155, 0: 89, 2: 106}","{1: 287, 2: 32, 0: 31}","{1: 199, 0: 69, 2: 82}","{1: 216, 0: 68, 2: 66}",0.06080824212590788,0.0215836920809387,0.08360410488748199,0.09193213493921942,0.14363512106827006,0.062220460478313956,0.188919846850481,0.22135761327068532,0.06793567144704322,0.029677709047094495,0.07734930124105559,0.0937280139869608
8410,2,crash,3,1,1,-1199.2918689085548,1109,979.0,979.0,0.05,0.1,3.2073662281036377,83.10823822021484,-782.0875244140625,564.072998046875,500.0,85.56668536572883,978,-88.63999999999847,-196.2185542742834,-1500.0,-1.0814173750302567,"{6: 40, 5: 22, 4: 34, 3: 1, 0: 13}","{1: 10, 2: 18, 3: 69, 6: 13}","{1: 44, 2: 66}","{1: 80, 0: 29, 2: 1}","{1: 66, 2: 44}","{1: 73, 2: 19, 0: 18}",0.06264240779542235,0.018449358402375424,0.07257543527305446,0.09633299371170788,0.1425356843866742,0.09194764081387692,0.17365381561299245,0.17139315215522002,0.14666462089236626,0.020039830096047977,0.2258926350435771,0.09627444987632565
8420,2,crash,3,3,1,-229.5838978396232,3134,967.3333333333334,989.0,0.05,0.1,3.2169642448425293,83.16537475585938,-782.0875244140625,567.0809936523438,1500.0,245.32968251106328,2302,-250.48000000001676,-224.4335803506859,-1500.0,-0.07325587040192189,"{4: 91, 5: 36, 6: 93, 2: 39, 1: 34, 3: 20}","{4: 28, 3: 222, 0: 22, 1: 5, 2: 13, 6: 23}","{1: 114, 0: 71, 2: 128}","{1: 226, 2: 38, 0: 49}","{1: 161, 0: 51, 2: 101}","{1: 191, 0: 65, 2: 57}",0.07281323940894295,0.0165632023155912,0.09862745121895311,0.09403663206348392,0.1488301134746508,0.10174366751287914,0.1970667250825629,0.2040223141538435,0.11202069556555333,0.016647398755413885,0.221356687209351,0.10117458050290257
8430,2,max_steps,3,4,0,2092.437158804018,3500,866.75,703.5,0.05,0.1,3.2175076007843018,83.19432830810547,-782.0875244140625,563.3150634765625,2000.0,372.11715880401835,2685,-279.6800000000129,0.0,0.0,0.5978391882297195,"{4: 132, 3: 4, 2: 50, 1: 59, 0: 18, 6: 67, 5: 20}","{2: 66, 3: 197, 1: 25, 6: 16, 5: 24, 4: 22}","{1: 121, 2: 131, 0: 98}","{1: 206, 0: 60, 2: 84}","{1: 177, 2: 118, 0: 55}","{1: 246, 2: 48, 0: 56}",0.06948048563111843,0.027610736570782182,0.09927773786912959,0.08638627545991465,0.17885776380268747,0.11327611056362122,0.19875281186638188,0.17205260574794823,0.11833365639822442,0.027055405832050614,0.1612662159538496,0.12517456604884075
8440,2,success,3,5,0,2617.576590365352,2676,535.2,495.0,0.05,0.1,3.2139205932617188,83.29611206054688,-782.0875244140625,561.7163696289062,2500.0,331.2565903653519,2630,-213.680000000011,0.0,0.0,0.9781676346656771,"{4: 124, 3: 36, 2: 29, 0: 32, 1: 7, 6: 29, 5: 10}","{1: 14, 2: 44, 3: 132, 6: 31, 5: 17, 4: 16, 0: 13}","{1: 110, 2: 93, 0: 64}","{1: 127, 0: 66, 2: 74}","{1: 147, 2: 66, 0: 54}","{1: 185, 2: 39, 0: 43}",0.07270859024010741,0.03397456430305586,0.08768887320078161,0.09096059453796182,0.17205545637448544,0.15588151201930883,0.19216361202722743,0.17172655094835515,0.12786623639996617,0.02614723760248156,0.18947214746807942,0.09983720325387463
8450,2,max_steps,3,4,0,1385.6405340414237,3500,706.5,644.5,0.05,0.1,3.213740110397339,83.38577270507812,-782.0875244140625,561.7163696289062,2000.0,419.82226008954933,2489,-279.6800000000129,-754.501726048123,0.0,0.3958972954404068,"{1: 27, 0: 82, 2: 9, 4: 122, 5: 41, 6: 55, 3: 14}","{0: 5, 1: 16, 2: 37, 3: 209, 4: 28, 6: 49, 5: 6}","{1: 121, 0: 102, 2: 127}","{1: 190, 0: 82, 2: 78}","{1: 164, 0: 96, 2: 90}","{1: 240, 2: 46, 0: 64}",0.08342901395294375,0.02875894034866794,0.11029599403035978,0.08833670298346871,0.2179945544050617,0.14003657503897868,0.23999430339838854,0.1964948815545827,0.15111731017309352,0.15402156070394393,0.2087285806607695,0.0932060597123073
8460,2,crash,3,3,1,-343.42872385399164,3153,960.6666666666666,992.0,0.05,0.1,3.2133047580718994,83.46395111083984,-782.0875244140625,559.7443237304688,1500.0,178.20305991917562,2144,-252.000000000017,-269.6317837731662,-1500.0,-0.1089212571690427,"{1: 27, 2: 137, 3: 15, 4: 70, 5: 40, 6: 26}","{2: 122, 3: 114, 5: 10, 4: 8, 0: 28, 1: 6, 6: 27}","{1: 146, 0: 100, 2: 69}","{1: 181, 0: 94, 2: 40}","{1: 191, 0: 72, 2: 52}","{1: 213, 0: 54, 2: 48}",0.05453435518484206,0.027410074795503565,0.067530945228525,0.08207615574628299,0.18078223620000508,0.12052744925145459,0.23251814676567517,0.22991517400235825,0.17782763350977807,0.026031800105497875,0.2766162484905179,0.09664016311195325
8470,2,success,3,5,0,2620.329672896021,2848,569.6,572.0,0.05,0.1,3.2083916664123535,83.46161651611328,-808.0328369140625,565.681884765625,2500.0,347.7696728960246,2497,-227.44000000001316,0.0,0.0,0.9200595761573107,"{1: 81, 2: 118, 3: 4, 6: 63, 5: 5, 4: 8, 0: 5}","{4: 19, 3: 189, 2: 51, 0: 17, 1: 8}","{1: 88, 0: 148, 2: 48}","{1: 195, 2: 31, 0: 58}","{1: 167, 0: 76, 2: 41}","{1: 214, 0: 47, 2: 23}",0.073451933245238,0.02077551683736705,0.08542704550910817,0.07966967588345766,0.17648280560521454,0.11563938292675391,0.20340492693334233,0.11635284699896037,0.1484807227214933,0.030093740023546752,0.16746999911601734,0.1004043777019295
8480,2,max_steps,3,4,0,1996.026651581177,3500,658.0,699.5,0.05,0.1,3.227570056915283,83.50869750976562,-808.0328369140625,586.2639770507812,2000.0,365.53505169050703,2776,-279.6800000000129,-89.82840010932716,0.0,0.5702933290231934,"{5: 68, 4: 121, 3: 33, 0: 47, 1: 16, 2: 25, 6: 40}","{0: 36, 1: 18, 2: 81, 3: 113, 4: 16, 6: 76, 5: 10}","{1: 156, 2: 80, 0: 114}","{1: 135, 0: 118, 2: 97}","{1: 239, 2: 40, 0: 71}","{1: 258, 2: 42, 0: 50}",0.05686424479195343,0.05058795291110917,0.06918464766170365,0.08290537858637803,0.10652753185322474,0.1943528645140403,0.13501718954796235,0.1606142850141667,0.10378455880460281,0.0313687560350159,0.13492257125608728,0.09868227624661627
8490,2,crash,3,4,1,396.3124593602413,2168,511.0,551.5,0.05,0.1,3.2386012077331543,83.54286193847656,-808.0328369140625,588.4087524414062,2000.0,217.8682660250389,1737,-173.12000000000467,-148.43580666479738,-1500.0,0.1828009498894102,"{2: 63, 3: 5, 1: 66, 5: 35, 4: 35, 6: 12}","{4: 24, 3: 121, 2: 28, 5: 15, 0: 23, 1: 5}","{1: 109, 0: 71, 2: 36}","{1: 104, 2: 51, 0: 61}","{1: 132, 0: 60, 2: 24}","{1: 123, 0: 48, 2: 45}",0.048369826982197064,0.03081039472750085,0.06958196130926145,0.09365870321624972,0.17949670832974712,0.15359214145299205,0.22813622977153586,0.18341469534762295,0.1818939824194901,0.045999459509695965,0.26705396602200127,0.16061474010607113
8500,2,max_steps,3,4,0,2082.751836708865,3500,729.75,790.5,0.05,0.1,3.2377657890319824,83.60074615478516,-808.0328369140625,575.4962768554688,2000.0,362.43183670884173,2647,-279.6800000000129,0.0,0.0,0.59507195334539,"{1: 66, 0: 50, 2: 78, 3: 3, 6: 104, 5: 36, 4: 13}","{1: 5, 2: 71, 3: 238, 6: 23, 5: 5, 4: 8}","{1: 115, 0: 138, 2: 97}","{1: 241, 0: 59, 2: 50}","{1: 175, 0: 91, 2: 84}","{1: 231, 2: 58, 0: 61}",0.08570085641127861,0.02142203174938849,0.09935603587754482,0.09349235315958626,0.17334980209986423,0.10909247089119818,0.21334910883261188,0.1604425675953116,0.18717318318827103,0.021149943411448165,0.23395248895136966,0.10603317811215901
8510,2,crash,3,3,1,-193.70218931296995,3153,990.3333333333334,1303.0,0.05,0.1,3.246843099594116,83.65605926513672,-808.0328369140625,593.3271484375,1500.0,263.8552754432733,2206,-252.000000000017,-205.55746475623926,-1500.0,-0.06143424970281318,"{5: 15, 4: 23, 3: 13, 1: 78, 0: 69, 2: 117}","{2: 27, 3: 207, 6: 20, 5: 18, 4: 22, 0: 3, 1: 18}","{1: 122, 2: 63, 0: 130}","{1: 213, 0: 47, 2: 55}","{1: 194, 2: 29, 0: 92}","{1: 191, 2: 57, 0: 67}",0.06343839678488639,0.021544392209408826,0.08109983515325286,0.09317335777418104,0.16155321986448176,0.11034800610932367,0.21598655615025047,0.21163953552545436,0.1903195733871764,0.017373821599706275,0.2655355073129517,0.10223613891408008
8520,2,crash,3,3,1,-167.3865437076911,1435,362.3333333333333,308.0,0.05,0.1,3.2438242435455322,83.74819946289062,-808.0328369140625,574.3968505859375,1500.0,178.61681761531892,912,-114.55999999999791,-231.44336132300904,-1500.0,-0.11664567505762445,"{5: 2, 4: 27, 3: 20, 0: 39, 1: 5, 2: 15, 6: 35}","{3: 80, 4: 9, 6: 12, 5: 7, 2: 35}","{1: 37, 2: 35, 0: 71}","{1: 102, 0: 9, 2: 32}","{1: 53, 2: 29, 0: 61}","{1: 68, 2: 41, 0: 34}",0.11666891970198946,0.01986515889678183,0.13523490268023547,0.10127861098265134,0.2643866949947342,0.11935317175311538,0.3009189554614754,0.21934445442851724,0.270099793599565,0.19693738976968625,0.2291798043550608,0.09910002173960669
8530,2,crash,3,2,1,-570.7054133862779,580,250.5,250.5,0.05,0.1,3.248748779296875,83.84858703613281,-808.0328369140625,594.4447021484375,1000.0,82.45455580386593,389,-46.23999999999937,-106.9199691901437,-1500.0,-0.9839748506659963,"{5: 32, 4: 17, 3: 1, 0: 8}","{4: 2, 3: 48, 0: 8}","{1: 20, 2: 38}","{1: 48, 2: 3, 0: 7}","{1: 16, 2: 42}","{1: 43, 2: 9, 0: 6}",0.14403457761952215,0.022431559454707647,0.2087057243433817,0.07080902908523334,0.26460311767573014,0.04401962987485229,0.290759303435962,0.21418393951891398,0.27177490313044783,0.008672202540606697,0.28843324381932794,0.033249771349147826
8540,2,success,3,5,0,2212.0404116692466,2685,537.0,463.0,0.05,0.1,3.249314785003662,83.92247009277344,-808.0328369140625,605.2236328125,2500.0,358.5617570193599,2599,-214.40000000001112,-432.1213453501129,0.0,0.8238511775304457,"{5: 37, 4: 76, 3: 44, 0: 65, 1: 6, 2: 20, 6: 20}","{1: 23, 2: 91, 3: 86, 6: 26, 5: 5, 4: 7, 0: 30}","{1: 106, 2: 94, 0: 68}","{1: 110, 0: 108, 2: 50}","{1: 167, 2: 69, 0: 32}","{1: 207, 2: 27, 0: 34}",0.06133109074412223,0.03210558635408438,0.07924511811508395,0.08086324323257296,0.1825205350469809,0.1598859630157186,0.21091858340204986,0.148127714988293,0.19962236473181713,0.03550382948960776,0.1763146960442389,0.09615532911271728
8550,2,crash,3,3,1,-99.1819518573268,2409,767.3333333333334,824.0,0.05,0.1,3.2433252334594727,84.0232162475586,-808.0328369140625,605.2236328125,1500.0,223.5677950170938,1996,-192.4800000000077,-130.26974687441998,-1500.0,-0.04117142044720913,"{4: 42, 5: 39, 3: 6, 0: 37, 1: 47, 2: 59, 6: 10}","{0: 3, 1: 9, 2: 104, 3: 62, 6: 50, 5: 5, 4: 7}","{1: 99, 0: 101, 2: 40}","{1: 111, 0: 63, 2: 66}","{1: 155, 2: 23, 0: 62}","{1: 163, 0: 47, 2: 30}",0.05829715805554366,0.03061189000301703,0.0688110892352749,0.0895038619891361,0.12194080679478135,0.14171948496470393,0.16390502161978093,0.1363402818524266,0.14374212756935187,0.025353846233746744,0.2279468386824933,0.10499323077860734
8560,2,max_steps,3,4,0,1171.7686495024373,3500,834.5,696.5,0.05,0.1,3.2441489696502686,84.05191802978516,-808.0328369140625,593.8575439453125,2000.0,370.23785139111135,2672,-279.6800000000129,-918.7892018886746,0.0,0.33479104271498206,"{4: 155, 3: 51, 6: 46, 5: 9, 0: 26, 1: 32, 2: 31}","{6: 8, 5: 29, 4: 32, 3: 193, 2: 42, 0: 41, 1: 5}","{1: 168, 0: 111, 2: 71}","{1: 174, 2: 93, 0: 83}","{1: 237, 0: 59, 2: 54}","{1: 244, 0: 58, 2: 48}",0.052302892447164365,0.030181624393859394,0.06562772265103484,0.07383286417239288,0.13477428473300124,0.17952471250109744,0.16790498905664142,0.15381924690959176,0.0942603246119555,0.07187974184672254,0.10823627291058636,0.12131434311756012
8570,2,success,3,5,0,2666.644997058811,3022,604.4,569.0,0.05,0.1,3.243891716003418,84.10243225097656,-808.0328369140625,570.6503295898438,2500.0,408.0049970588009,2654,-241.36000000001533,0.0,0.0,0.8824106542219758,"{5: 83, 4: 112, 3: 25, 0: 45, 1: 20, 2: 11, 6: 6}","{1: 24, 2: 80, 6: 19, 5: 14, 4: 17, 3: 109, 0: 39}","{1: 84, 2: 114, 0: 104}","{1: 134, 0: 110, 2: 58}","{1: 125, 2: 100, 0: 77}","{1: 187, 2: 58, 0: 57}",0.08828756651038705,0.03445260053828112,0.12341849241059483,0.09236526213584777,0.159670670851737,0.16541033268344732,0.199939376141051,0.19650466929621918,0.17468668718637706,0.031513384966581,0.24682126204564736,0.19821582986000366
8580,2,success,3,5,0,2140.9591149182643,2784,556.8,643.0,0.05,0.1,3.2360825538635254,84.18317413330078,-808.0328369140625,573.216796875,2500.0,285.48975978703817,2083,-222.32000000001236,-422.2106448687714,0.0,0.769022670588457,"{4: 147, 3: 27, 2: 40, 1: 37, 6: 1, 5: 26}","{2: 29, 3: 127, 4: 20, 6: 57, 5: 12, 0: 28, 1: 5}","{1: 112, 2: 96, 0: 70}","{1: 137, 0: 52, 2: 89}","{1: 136, 2: 79, 0: 63}","{1: 165, 2: 57, 0: 56}",0.06431131295023253,0.030958878128388167,0.10232305907244836,0.09582087027945649,0.18518038879739163,0.18570398070496308,0.21411240027376946,0.22946197994532705,0.1540063553081197,0.17324604232158697,0.20530223977347853,0.10026064218288674
8590,2,success,3,5,0,2620.214369796899,2806,561.2,567.0,0.05,0.1,3.2292532920837402,84.24739074707031,-808.0328369140625,565.4348754882812,2500.0,349.269949617607,2539,-224.08000000001263,-4.9755798207169715,0.0,0.9337898680673197,"{5: 24, 4: 42, 3: 59, 2: 113, 0: 33, 1: 9}","{2: 77, 3: 70, 6: 48, 5: 12, 4: 18, 0: 44, 1: 11}","{1: 168, 2: 40, 0: 72}","{1: 92, 0: 106, 2: 82}","{1: 201, 2: 32, 0: 47}","{1: 217, 2: 27, 0: 36}",0.03537965520686429,0.05273893105097374,0.045868415331871464,0.04858104053393103,0.1481651205968345,0.17276950201124694,0.16904700627973757,0.11849725120472444,0.12818119830879365,0.06768015320430722,0.1383663838673139,0.10043820219289208
8600,2,success,3,5,0,2053.0556062852243,3128,625.6,757.0,0.05,0.1,3.2204668521881104,84.29061126708984,-808.0328369140625,570.837158203125,2500.0,463.00346158668845,2898,-249.84000000001666,-660.1078553014645,0.0,0.6563477002190614,"{0: 90, 1: 19, 2: 46, 3: 10, 4: 78, 6: 63, 5: 6}","{4: 29, 3: 141, 2: 33, 0: 59, 1: 21, 6: 17, 5: 12}","{1: 100, 0: 124, 2: 88}","{1: 142, 2: 70, 0: 100}","{1: 170, 0: 83, 2: 59}","{1: 220, 0: 45, 2: 47}",0.08563260499716244,0.03423722927110593,0.08718273589889818,0.07650718295711438,0.18344858561829036,0.1620848277863796,0.2360787884751961,0.1694730752778949,0.11467391070511382,0.17963219178950143,0.11126427087535144,0.10276129382056648
8610,2,crash,3,3,1,-7.975261582637813,2376,737.0,665.0,0.05,0.1,3.2279980182647705,84.34392547607422,-808.0328369140625,553.6640014648438,1500.0,388.87772856785534,1875,-189.84000000000728,-207.01299015049236,-1500.0,-0.0033565915751842647,"{0: 71, 1: 15, 2: 26, 3: 5, 6: 83, 5: 26, 4: 11}","{5: 25, 4: 8, 3: 132, 2: 33, 0: 34, 1: 5}","{1: 40, 0: 116, 2: 81}","{1: 141, 2: 34, 0: 62}","{1: 83, 0: 88, 2: 66}","{1: 142, 0: 47, 2: 48}",0.12175155392799919,0.02350354774898613,0.14814999613371768,0.09599626870986133,0.2503510925102539,0.17150956220731461,0.2650463355714698,0.1720690067454862,0.23728432590591939,0.0113255436389066,0.18173428684684614,0.1076537795027262
8620,2,crash,3,2,1,-1118.3524115874761,1309,576.0,576.0,0.05,0.1,3.2468342781066895,84.4070053100586,-808.0328369140625,569.74658203125,1000.0,245.43783112551426,953,-104.55999999999813,-759.2302427129896,-1500.0,-0.8543563113731674,"{6: 20, 5: 9, 4: 19, 0: 65, 1: 6, 2: 6, 3: 5}","{3: 96, 2: 2, 4: 32}","{1: 16, 2: 42, 0: 72}","{1: 97, 0: 12, 2: 21}","{1: 23, 2: 37, 0: 70}","{1: 70, 2: 33, 0: 27}",0.1818021169786373,0.022132498626069984,0.20569736167335906,0.09623651157154338,0.2701183554829175,0.05242457150726887,0.2919742264277784,0.21838161815002563,0.2738989534827106,0.03367753619559952,0.23706606894160043,0.11456076137880802
8630,2,max_steps,3,4,0,1958.6482178060392,3500,857.0,534.0,0.05,0.1,3.2480804920196533,84.44713592529297,-808.0328369140625,559.2498779296875,2000.0,238.32821780604013,2606,-279.6800000000129,0.0,0.0,0.5596137765160112,"{0: 15, 1: 54, 2: 37, 3: 32, 4: 212}","{0: 3, 1: 19, 2: 43, 3: 256, 6: 16, 5: 5, 4: 8}","{1: 234, 0: 93, 2: 23}","{1: 244, 0: 65, 2: 41}","{1: 299, 0: 51}","{1: 320, 0: 4, 2: 26}",0.03366628921995936,0.016576453153945663,0.046744431112497126,0.04683569902883937,0.10223920555068472,0.13482575833111463,0.11291162997629792,0.09717675079190105,0.09986908103608239,0.031371546191997876,0.09735616039693179,0.06960368762890393
8640,2,max_steps,3,2,0,663.5068322134695,3500,1068.0,1068.0,0.05,0.1,3.262143850326538,84.47730255126953,-808.0328369140625,544.8787231445312,1000.0,393.61035612477235,2950,-279.8400000000129,-450.26352391130104,0.0,0.18957338063241985,"{5: 34, 4: 25, 3: 4, 0: 80, 1: 66, 2: 19, 6: 122}","{1: 20, 2: 96, 3: 142, 6: 48, 5: 6, 4: 7, 0: 31}","{1: 116, 2: 134, 0: 100}","{1: 188, 0: 95, 2: 67}","{1: 207, 2: 83, 0: 60}","{1: 215, 2: 74, 0: 61}",0.06998093063704937,0.028345369579606837,0.07878692831867021,0.09199746349734907,0.1539131371783683,0.12231911666428742,0.19722957536840413,0.17520189596061966,0.09782651859517136,0.027202110051626763,0.08905340000560233,0.10154240683400456
8650,2,crash,3,3,1,-162.37931997332134,2348,739.0,587.0,0.05,0.1,3.2806572914123535,84.53217315673828,-808.0328369140625,582.1537475585938,1500.0,248.15660858753182,1550,-187.60000000000693,-222.93592856084985,-1500.0,-0.06915643951163601,"{2: 68, 3: 25, 6: 91, 5: 6, 4: 39, 1: 5}","{0: 18, 1: 20, 2: 52, 3: 78, 6: 52, 5: 6, 4: 8}","{1: 65, 0: 81, 2: 88}","{1: 97, 0: 69, 2: 68}","{1: 112, 0: 33, 2: 89}","{1: 161, 0: 36, 2: 37}",0.08036646209271214,0.03334689675262819,0.10937972225722983,0.04280942720042186,0.22324907518997217,0.1501925965332782,0.2687745472481166,0.2828678170142664,0.26739113135798537,0.02181367425202247,0.2767521192502105,0.060866434751922854
8660,2,crash,3,1,1,-1197.7057420966441,878,678.0,678.0,0.05,0.1,3.292222023010254,84.57759094238281,-808.0328369140625,590.7864379882812,500.0,78.5791506602413,734,-70.15999999999886,-206.1248927568849,-1500.0,-1.3641295468071117,"{6: 15, 5: 18, 4: 33, 3: 10, 2: 11}","{0: 8, 1: 7, 2: 20, 3: 32, 4: 20}","{1: 32, 2: 55}","{1: 44, 0: 29, 2: 14}","{1: 42, 2: 45}","{1: 40, 2: 19, 0: 28}",0.076737652521494,0.02958161648403214,0.10754191798936878,0.10113091365628384,0.1915828785544,0.1280309410016736,0.20872266653350102,0.18146399560068072,0.1580934017865579,0.013083706174904269,0.23817697881491975,0.07293487810317867
8670,2,crash,3,3,1,-5.590916406891665,2540,816.0,771.0,0.05,0.1,3.284501791000366,84.61421203613281,-808.0328369140625,582.1537475585938,1500.0,309.14848145456966,1957,-202.96000000000933,-111.77939786146086,-1500.0,-0.002201148191689632,"{6: 102, 5: 21, 4: 54, 3: 3, 0: 46, 1: 9, 2: 19}","{1: 11, 2: 37, 3: 163, 4: 43}","{1: 65, 2: 125, 0: 64}","{1: 198, 0: 19, 2: 37}","{1: 107, 2: 107, 0: 40}","{1: 164, 2: 50, 0: 40}",0.10055577556246204,0.018565253579367794,0.12198543949449869,0.09387076586989176,0.21284546290041195,0.0755978004155282,0.24090546433765092,0.22077664848448175,0.20342230176436024,0.01577895176817259,0.27152742312479955,0.08336756332038918
8680,2,crash,3,4,1,150.1495650104098,2555,583.25,569.5,0.05,0.1,3.295668363571167,84.66909790039062,-808.0328369140625,588.3745727539062,2000.0,230.88083489471373,1990,-204.0800000000095,-376.6512698843027,-1500.0,0.05876695303734238,"{6: 30, 5: 56, 4: 16, 3: 18, 0: 44, 1: 22, 2: 69}","{0: 10, 1: 8, 2: 104, 3: 95, 6: 14, 5: 6, 4: 18}","{1: 110, 2: 45, 0: 100}","{1: 142, 0: 57, 2: 56}","{1: 162, 2: 34, 0: 59}","{1: 150, 2: 46, 0: 59}",0.05970547490589542,0.02829551125053078,0.07461947017895035,0.09382196895760961,0.13367242598528037,0.12597312568937932,0.16384082861294608,0.16192526657698442,0.11557946418813432,0.09905343655309531,0.18779592810564666,0.13205540416722233
8690,2,crash,3,3,1,-612.6614279684458,2469,644.0,665.0,0.05,0.1,3.3101346492767334,84.74394989013672,-808.0328369140625,587.6600341796875,1500.0,170.03833077190575,1606,-197.28000000000844,-585.4197587403489,-1500.0,-0.24814152611115664,"{0: 24, 1: 43, 2: 73, 3: 6, 4: 64, 5: 36}","{1: 13, 2: 44, 3: 133, 5: 7, 4: 49}","{1: 80, 0: 116, 2: 50}","{1: 114, 0: 59, 2: 73}","{1: 117, 0: 86, 2: 43}","{1: 127, 0: 69, 2: 50}",0.0793873226819034,0.0336796940712122,0.10632400371386483,0.0983167847295039,0.16206263223575712,0.12087916758339357,0.20624826834709162,0.23632388934072504,0.160124288858294,0.021214574249490404,0.23886603828249864,0.1244328088519309
8700,2,success,3,5,0,2585.8623890850376,2322,464.4,507.0,0.05,0.1,3.3087193965911865,84.84393310546875,-808.0328369140625,579.1500244140625,2500.0,271.2223890850394,2134,-185.36000000000658,0.0,0.0,1.1136358264793444,"{5: 33, 4: 38, 3: 34, 2: 80, 1: 32, 0: 15}","{0: 17, 1: 16, 2: 70, 5: 22, 4: 20, 3: 87}","{1: 116, 2: 46, 0: 70}","{1: 104, 0: 73, 2: 55}","{1: 163, 2: 35, 0: 34}","{1: 149, 2: 37, 0: 46}",0.04988402205383348,0.03154313963749308,0.05151071988476619,0.0799470829348836,0.15141824059166561,0.1471030482887636,0.1880560306501567,0.16476581137207466,0.09472388935824452,0.10696236096276651,0.11459690448869993,0.10359234626622438
8710,2,max_steps,3,3,0,1304.5534776006107,3500,749.0,705.0,0.05,0.1,3.3104593753814697,84.91839599609375,-808.0328369140625,575.93408203125,1500.0,271.90724017684664,2797,-279.7600000000129,-187.59376257623464,0.0,0.37272956502874593,"{2: 158, 3: 25, 5: 30, 6: 19, 4: 16, 1: 53, 0: 49}","{4: 26, 3: 110, 2: 77, 0: 67, 1: 25, 6: 39, 5: 6}","{1: 223, 0: 69, 2: 58}","{1: 161, 2: 88, 0: 101}","{1: 270, 0: 35, 2: 45}","{1: 293, 0: 40, 2: 17}",0.0293271266257643,0.031252958238851276,0.03762446596099777,0.05342265693089665,0.0925544453034437,0.15796727876151634,0.12596510359706037,0.10406161064147341,0.09373243855318948,0.11497097178645661,0.08566669175096231,0.10608278952652017
8720,2,success,3,5,0,2700.081326203452,3126,625.2,608.0,0.05,0.1,3.310441493988037,84.98796081542969,-808.0328369140625,563.6214599609375,2500.0,449.76132620343765,2294,-249.68000000001663,0.0,0.0,0.863749624505263,"{2: 60, 3: 4, 4: 122, 0: 49, 1: 5, 6: 67, 5: 5}","{5: 15, 4: 22, 3: 217, 0: 28, 1: 5, 2: 25}","{1: 118, 2: 108, 0: 86}","{1: 212, 2: 48, 0: 52}","{1: 168, 0: 57, 2: 87}","{1: 228, 2: 44, 0: 40}",0.06552212178776967,0.019074194521545178,0.08849656021258169,0.08013226956744415,0.2762150616191966,0.16495138537017268,0.2901863006016509,0.17251584540126746,0.2735529731922057,0.029716512074478372,0.23854775294953204,0.1715197726143648
8730,2,success,3,5,0,2560.058274723762,2558,511.6,504.0,0.05,0.1,3.3219518661499023,85.07106018066406,-808.0328369140625,563.7044677734375,2500.0,264.2982747237653,1831,-204.24000000000953,0.0,0.0,1.000804642190681,"{2: 124, 3: 25, 4: 46, 5: 16, 6: 23, 1: 21}","{1: 19, 2: 24, 3: 136, 4: 33, 6: 31, 5: 5, 0: 7}","{1: 77, 0: 97, 2: 81}","{1: 139, 0: 55, 2: 61}","{1: 115, 0: 70, 2: 70}","{1: 146, 0: 57, 2: 52}",0.09566385828536467,0.028143922178512124,0.11445338322034741,0.09422591698958144,0.22826822018824444,0.1423549695343653,0.27009985292947714,0.259512553518959,0.16724415367582796,0.029574519277810664,0.25166031345007484,0.1607794049631807
8740,2,success,3,5,0,2534.4780743921046,3328,665.6,708.0,0.05,0.1,3.326200008392334,85.15485382080078,-808.0328369140625,587.2006225585938,2500.0,436.77860718812093,2651,-265.84000000001566,-136.46053279601466,0.0,0.7615619213918584,"{2: 81, 3: 16, 4: 36, 6: 97, 5: 35, 0: 47, 1: 20}","{4: 48, 3: 227, 0: 3, 1: 13, 2: 35, 5: 6}","{1: 109, 2: 117, 0: 106}","{1: 207, 2: 64, 0: 61}","{1: 181, 2: 95, 0: 56}","{1: 212, 2: 63, 0: 57}",0.07171978548580012,0.025266884555006516,0.09171219669832519,0.0855777245632209,0.25343114382295756,0.11471726488809783,0.2915391022204931,0.26426409289407576,0.22436105513719523,0.09294721874330768,0.3447224144802974,0.06594357917186768
8750,2,success,3,5,0,2576.4685250793564,2500,500.0,436.0,0.05,0.1,3.3392977714538574,85.22587585449219,-808.0328369140625,556.7988891601562,2500.0,276.06852507934474,2092,-199.6000000000088,0.0,0.0,1.0305874100317425,"{5: 67, 4: 64, 3: 18, 2: 58, 1: 27, 0: 12, 6: 4}","{2: 78, 3: 112, 1: 32, 6: 1, 5: 10, 4: 9, 0: 8}","{1: 81, 2: 86, 0: 83}","{1: 152, 0: 69, 2: 29}","{1: 120, 2: 72, 0: 58}","{1: 152, 2: 45, 0: 53}",0.08522212763440085,0.027418358377006118,0.10923079608889108,0.09308535645764032,0.17773829377985362,0.09317247007875834,0.22108668572472437,0.2112611267134409,0.19558276249470793,0.021907973645417144,0.22531458563196344,0.15629736977745534
8760,2,crash,3,1,1,-1060.5791445434706,522,434.0,434.0,0.05,0.1,3.3302407264709473,85.30046844482422,-808.0328369140625,566.4288330078125,500.0,76.0697026690928,433,-41.67999999999947,-94.9688472125633,-1500.0,-2.031760813301668,"{6: 27, 5: 8, 4: 8, 1: 1, 0: 8}","{2: 9, 3: 34, 6: 9}","{1: 14, 2: 38}","{1: 34, 0: 12, 2: 6}","{1: 12, 2: 40}","{1: 42, 2: 6, 0: 4}",0.14608893057232966,0.008401521263430273,0.21923557051168452,0.09301461262359643,0.2838596542107229,0.08747116014739922,0.3027538033084842,0.10215249560472377,0.26788024009417827,0.004493599033497655,0.30655985212156006,0.007355294846132582
8770,2,crash,3,2,1,-593.2140608079216,1363,594.5,594.5,0.05,0.1,3.3255364894866943,85.35960388183594,-808.0328369140625,566.4288330078125,1000.0,214.40394008478813,989,-108.87999999999803,-198.73800089270833,-1500.0,-0.4352267504093335,"{5: 19, 4: 11, 3: 1, 0: 74, 1: 6, 2: 7, 6: 18}","{5: 7, 4: 13, 3: 51, 0: 29, 1: 7, 2: 29}","{1: 20, 2: 37, 0: 79}","{1: 57, 2: 38, 0: 41}","{1: 34, 2: 31, 0: 71}","{1: 88, 2: 30, 0: 18}",0.14323220948098514,0.03937805473882493,0.16724568337485884,0.08668661124090082,0.2538411715722648,0.14331622111469516,0.26973665150311993,0.2059247758067202,0.2626148690698528,0.052062254961975106,0.2405635217647807,0.10006134912369762
8780,2,success,3,5,0,2651.659004360117,2803,560.6,547.0,0.05,0.1,3.343132257461548,85.42159271240234,-808.0328369140625,566.4288330078125,2500.0,378.5848869531064,2406,-223.8400000000126,-3.085882593002683,0.0,0.9460074935284042,"{4: 102, 3: 6, 1: 41, 2: 59, 0: 5, 6: 35, 5: 32}","{6: 4, 5: 7, 4: 16, 3: 187, 2: 23, 0: 22, 1: 21}","{1: 90, 2: 91, 0: 99}","{1: 182, 2: 34, 0: 64}","{1: 137, 2: 78, 0: 65}","{1: 176, 2: 53, 0: 51}",0.07983276947934023,0.018861638074097083,0.10212897708878219,0.08830240532372821,0.19198838449481487,0.14985574322372866,0.24533918753233083,0.17781285268865535,0.1432592077075262,0.018585730821564474,0.11218484687370808,0.10503956284486787
8790,2,success,3,5,0,2624.336278008329,2868,573.6,666.0,0.05,0.1,3.351184129714966,85.45794677734375,-808.0328369140625,567.310791015625,2500.0,358.1399529970203,2271,-229.0400000000134,-4.76367498869145,0.0,0.9150405432386084,"{6: 22, 5: 10, 4: 94, 3: 27, 2: 76, 0: 49, 1: 8}","{2: 18, 3: 154, 6: 41, 5: 14, 4: 28, 0: 25, 1: 6}","{1: 103, 2: 85, 0: 98}","{1: 155, 0: 57, 2: 74}","{1: 160, 2: 52, 0: 74}","{1: 181, 2: 46, 0: 59}",0.06786013993386542,0.02762074402099547,0.091702475307913,0.09419485804365321,0.17851601460848604,0.16861331866034052,0.21530687427218162,0.22916959110231533,0.15899052966439295,0.11210641510611956,0.18993247877998923,0.10309293396440893
8800,2,success,3,5,0,2162.200802019719,3139,627.8,551.0,0.05,0.1,3.365194082260132,85.46307373046875,-808.0328369140625,564.2335205078125,2500.0,326.05601179165757,2613,-250.7200000000168,-413.1352097719381,0.0,0.6888183504363552,"{2: 31, 3: 57, 0: 4, 1: 30, 4: 75, 6: 81, 5: 35}","{0: 14, 1: 8, 2: 51, 4: 32, 3: 185, 6: 19, 5: 4}","{1: 126, 0: 69, 2: 118}","{1: 175, 0: 68, 2: 70}","{1: 207, 0: 47, 2: 59}","{1: 187, 0: 65, 2: 61}",0.06020882516981645,0.027187249191526493,0.07057953615536475,0.09184590822814998,0.10368687899105551,0.1640477910938891,0.15485209455372592,0.2082830626179202,0.10042794497932594,0.1707167779856452,0.1092182749615975,0.11905123241980008
8810,2,success,3,5,0,2684.514781330756,2333,466.6,498.0,0.05,0.1,3.3928604125976562,85.4926528930664,-808.0328369140625,562.4073486328125,2500.0,370.7547813307564,2052,-186.24000000000672,0.0,0.0,1.1506707163869505,"{5: 49, 6: 48, 4: 66, 3: 20, 0: 34, 1: 6, 2: 10}","{4: 16, 3: 129, 2: 39, 0: 14, 1: 9, 6: 21, 5: 5}","{1: 78, 0: 70, 2: 85}","{1: 133, 2: 53, 0: 47}","{1: 107, 0: 56, 2: 70}","{1: 144, 0: 41, 2: 48}",0.08391083397073447,0.027036447746137077,0.11004450276187176,0.09219677485691835,0.22366311843315043,0.16475963761760107,0.256705874664426,0.171468731771803,0.22260609924038366,0.04771504876164294,0.19826626194903918,0.12681590447155697
8820,2,success,3,5,0,2409.736119999099,2885,577.0,623.0,0.05,0.1,3.412348985671997,85.5195083618164,-808.0328369140625,570.3696899414062,2500.0,278.8846924551175,2418,-230.40000000001362,-138.7485724560186,0.0,0.8352638197570534,"{2: 104, 3: 15, 4: 34, 5: 45, 0: 19, 1: 22, 6: 49}","{5: 11, 4: 57, 3: 104, 1: 25, 2: 54, 0: 6, 6: 31}","{1: 126, 0: 90, 2: 72}","{1: 134, 2: 101, 0: 53}","{1: 198, 0: 25, 2: 65}","{1: 231, 2: 20, 0: 37}",0.05693235323446019,0.03172045604630142,0.0705699863524657,0.0745594555076923,0.1379212821441459,0.16759579220571516,0.16316857108915175,0.10359808657656125,0.1280963795365753,0.08669669537344067,0.10172025339077025,0.10737081485641779
8830,2,crash,3,1,1,-1170.661939437806,523,393.0,393.0,0.05,0.1,3.4124720096588135,85.54238891601562,-808.0328369140625,570.5148315429688,500.0,78.66355230634261,455,-41.759999999999465,-207.565491744149,-1500.0,-2.238359348829457,"{6: 23, 5: 7, 4: 8, 3: 5, 2: 9}","{3: 39, 0: 13}","{1: 10, 2: 42}","{1: 41, 0: 11}","{1: 12, 2: 37, 0: 3}","{1: 24, 2: 8, 0: 20}",0.15892790596582018,0.017885999314177385,0.19264220306338686,0.1036725677489818,0.2458767839257123,0.06666901674535909,0.28150838539567946,0.3837989651730118,0.24899767427292688,0.0007318470001640444,0.2268248276027708,0.10951372858684492
8840,2,crash,3,3,1,-135.20734247741257,2430,753.6666666666666,646.0,0.05,0.1,3.4113998413085938,85.64420318603516,-808.0328369140625,570.5148315429688,1500.0,298.2357458840515,2036,-194.16000000000795,-239.2830883614653,-1500.0,-0.055640881677947555,"{2: 63, 1: 19, 3: 3, 6: 53, 5: 14, 4: 14, 0: 77}","{5: 16, 4: 23, 3: 117, 0: 43, 1: 6, 2: 17, 6: 21}","{1: 85, 0: 108, 2: 50}","{1: 127, 2: 64, 0: 52}","{1: 132, 2: 44, 0: 67}","{1: 183, 0: 28, 2: 32}",0.06592006318162998,0.027313239487886193,0.07685519732389914,0.07349178963402714,0.1989736434488045,0.18574679306660719,0.2137658546865212,0.17801155599975388,0.21556256230082632,0.0178261458659686,0.28777960169006594,0.14183614026036453
8850,2,crash,3,4,1,443.08717090634605,2431,578.0,608.5,0.05,0.1,3.4108967781066895,85.72927856445312,-808.0328369140625,570.5148315429688,2000.0,290.4433878467047,2212,-194.16000000000795,-153.196216940363,-1500.0,0.18226539321528015,"{5: 22, 4: 83, 3: 6, 1: 57, 2: 38, 0: 25, 6: 12}","{5: 14, 4: 41, 3: 120, 0: 32, 1: 6, 2: 16, 6: 14}","{1: 95, 2: 47, 0: 101}","{1: 120, 2: 70, 0: 53}","{1: 149, 2: 21, 0: 73}","{1: 167, 2: 38, 0: 38}",0.06773098759638978,0.0309707010035088,0.07229006691783889,0.0905007128877646,0.16049034992344238,0.15842948218856592,0.19598932163755917,0.17409341686728622,0.129007609869995,0.11213537183865227,0.19733139373095804,0.12712629481856758
8860,2,success,3,5,0,2084.9147708693704,3147,629.4,640.0,0.05,0.1,3.414203643798828,85.81568145751953,-808.0328369140625,570.5148315429688,2500.0,410.4565727921283,2855,-251.3600000000169,-574.1818019227576,0.0,0.6625086656718686,"{0: 51, 1: 19, 2: 40, 3: 65, 5: 40, 4: 70, 6: 29}","{6: 3, 5: 12, 4: 31, 3: 177, 0: 60, 1: 9, 2: 22}","{1: 114, 0: 91, 2: 109}","{1: 172, 2: 62, 0: 80}","{1: 160, 0: 83, 2: 71}","{1: 201, 0: 59, 2: 54}",0.0704241266241902,0.02708846940017548,0.09761230520315459,0.08598177746784334,0.17752320117857273,0.14125467249857282,0.20892706931602334,0.19479795455449467,0.19611090809674622,0.19098528724754565,0.22988894578717436,0.12243692709230002
8870,2,success,3,5,0,2602.0457484332337,2767,553.4,593.0,0.05,0.1,3.4213805198669434,85.89067840576172,-808.0328369140625,581.96533203125,2500.0,323.0057484332175,2157,-220.96000000001214,0.0,0.0,0.9403851638717867,"{2: 135, 3: 25, 6: 39, 5: 18, 4: 59}","{1: 17, 2: 23, 3: 141, 4: 41, 6: 17, 5: 18, 0: 19}","{1: 132, 0: 71, 2: 73}","{1: 133, 0: 60, 2: 83}","{1: 169, 0: 42, 2: 65}","{1: 173, 0: 51, 2: 52}",0.052451343500640873,0.03289570555480904,0.07033103159857501,0.08301745859035528,0.16548631209155523,0.17842068796815735,0.21711644932671043,0.17585232204081325,0.15646549372676669,0.044146775063130146,0.15599821847333437,0.1824608210667289
8880,2,crash,3,3,1,-148.39101554371223,1612,480.3333333333333,505.0,0.05,0.1,3.4305458068847656,85.98685455322266,-808.0328369140625,578.8538818359375,1500.0,204.73459801002036,1253,-128.71999999999773,-224.40561355373254,-1500.0,-0.09205397986582645,"{6: 19, 5: 21, 4: 25, 3: 3, 2: 45, 1: 30, 0: 18}","{3: 136, 2: 17, 4: 8}","{1: 25, 2: 53, 0: 83}","{1: 137, 2: 8, 0: 16}","{1: 66, 2: 29, 0: 66}","{1: 90, 2: 38, 0: 33}",0.10341691773748081,0.012648339909890529,0.1213968714656324,0.0976533667116389,0.19618271321727487,0.06646900229831422,0.2449585723303094,0.20747696779477262,0.18488671048995375,0.014889046827398963,0.2733368348974087,0.09819271213503879
8890,2,max_steps,3,4,0,1988.5020428097812,3500,786.5,736.0,0.05,0.1,3.4356160163879395,86.01695251464844,-808.0328369140625,560.6771240234375,2000.0,268.1820428097845,2527,-279.6800000000129,0.0,0.0,0.5681434408027947,"{1: 15, 2: 17, 3: 35, 6: 68, 5: 59, 4: 120, 0: 36}","{3: 214, 2: 33, 0: 43, 1: 14, 6: 13, 5: 20, 4: 13}","{1: 129, 0: 84, 2: 137}","{1: 240, 2: 53, 0: 57}","{1: 212, 0: 66, 2: 72}","{1: 228, 0: 51, 2: 71}",0.06488446785851454,0.02126437188446898,0.08912705364715891,0.08870377602255036,0.10492811025520639,0.11173107226316341,0.1414496698458643,0.14962798247453812,0.0847062281942092,0.034732766849281366,0.12716279879642023,0.1343628677004166
8900,2,success,3,5,0,2695.862781239729,3217,643.4,719.0,0.05,0.1,3.457641839981079,86.0662612915039,-808.0328369140625,555.002685546875,2500.0,452.8227812397201,2322,-256.96000000001743,0.0,0.0,0.8380052164251567,"{3: 12, 0: 53, 1: 42, 2: 71, 6: 113, 5: 13, 4: 17}","{4: 33, 0: 39, 1: 20, 2: 22, 3: 150, 5: 27, 6: 30}","{1: 67, 2: 129, 0: 125}","{1: 166, 2: 84, 0: 71}","{1: 102, 0: 97, 2: 122}","{1: 201, 0: 69, 2: 51}",0.10366466589572228,0.027475768387384122,0.1294401805060979,0.08917577853946321,0.2082478107198567,0.15341659938534893,0.25476514804613576,0.22380223587395634,0.21742880582668003,0.13589450341065282,0.26059963034642636,0.1148683124673683
8910,2,success,3,5,0,2586.024024162346,2802,560.4,647.0,0.05,0.1,3.4758121967315674,86.14191436767578,-808.0328369140625,559.269287109375,2500.0,335.7227559066034,2358,-223.76000000001258,-25.938731744269205,0.0,0.9229207795011941,"{5: 43, 4: 49, 3: 4, 1: 33, 0: 31, 2: 81, 6: 39}","{0: 36, 1: 28, 2: 53, 3: 113, 4: 38, 6: 5, 5: 7}","{1: 91, 2: 111, 0: 78}","{1: 140, 0: 85, 2: 55}","{1: 129, 2: 85, 0: 66}","{1: 178, 2: 42, 0: 60}",0.08720453596414693,0.029997429383294666,0.10868897331068994,0.0935942677821244,0.1669876195111958,0.13653321819127434,0.19721158640440964,0.19153106349497934,0.1684007287177265,0.11610090957021033,0.19776047824073867,0.0937480765405269
8920,2,success,3,5,0,2634.1081113942255,3447,689.4,672.0,0.05,0.1,3.4929275512695312,86.19764709472656,-808.0328369140625,570.9337158203125,2500.0,409.46811139421396,2334,-275.36000000001377,0.0,0.0,0.7641740967201118,"{1: 72, 0: 102, 2: 56, 6: 53, 5: 6, 4: 40, 3: 15}","{0: 43, 1: 11, 2: 45, 3: 185, 4: 48, 5: 12}","{1: 102, 2: 105, 0: 137}","{1: 196, 0: 78, 2: 70}","{1: 164, 0: 113, 2: 67}","{1: 247, 2: 47, 0: 50}",0.08058821339084155,0.027287821577591208,0.10653614259114594,0.08689109179671065,0.21033965059378026,0.14897044103854995,0.23758809753807353,0.14083542419217712,0.24899008489773378,0.027103733763442286,0.21059518088669596,0.10296116089519146
8930,2,crash,3,3,1,-67.69913612509549,1961,607.3333333333334,664.0,0.05,0.1,3.5069808959960938,86.23970794677734,-808.0328369140625,556.7996826171875,1500.0,266.98144832825403,1340,-156.6400000000021,-178.04058445334735,-1500.0,-0.0345227619199875,"{0: 15, 1: 15, 2: 25, 3: 9, 6: 60, 5: 13, 4: 59}","{6: 6, 5: 6, 4: 22, 3: 103, 0: 25, 1: 7, 2: 27}","{1: 45, 0: 63, 2: 88}","{1: 122, 2: 32, 0: 42}","{1: 67, 0: 44, 2: 85}","{1: 132, 0: 36, 2: 28}",0.10527282020278392,0.022941736247816716,0.13692933573299704,0.08590029689838403,0.21434399081341143,0.16922770449493946,0.22514180089273456,0.22967740831150338,0.1404698411436072,0.016981703298705287,0.21764362275695662,0.15593778915249532
8940,2,crash,3,1,1,-1177.7871101278508,539,368.0,368.0,0.05,0.1,3.5135860443115234,86.27962493896484,-808.0328369140625,565.7156372070312,500.0,56.35243752847297,367,-43.03999999999944,-191.09954765632344,-1500.0,-2.185133785023842,"{6: 15, 5: 12, 4: 9, 1: 3, 0: 14}","{4: 1, 3: 35, 0: 17}","{1: 13, 2: 40}","{1: 43, 2: 4, 0: 6}","{1: 16, 2: 36, 0: 1}","{1: 31, 2: 7, 0: 15}",0.1466315584251446,0.023414740890289627,0.17004881636706273,0.09680391894426749,0.26263179613706217,0.03341746960170086,0.30611741278058235,0.3138636725548133,0.2530817619448673,0.00427068709186963,0.31893025941778075,0.03700626239434042
8950,2,crash,3,1,1,-1085.5885948154425,554,457.0,457.0,0.05,0.1,3.4984076023101807,86.33842468261719,-808.0328369140625,562.3358154296875,500.0,81.70348605403802,456,-44.23999999999941,-123.05208086948043,-1500.0,-1.9595462000278747,"{6: 27, 5: 9, 4: 9, 0: 10}","{5: 4, 4: 10, 3: 40, 2: 1}","{1: 13, 2: 42}","{1: 34, 2: 18, 0: 3}","{1: 13, 2: 42}","{1: 38, 2: 8, 0: 9}",0.14261466439753484,0.02617744870235179,0.17002572470380456,0.07582682186861198,0.2510059294784446,0.15851461659190794,0.2878514133740488,0.3105732582847218,0.25150183076605886,0.01099736023208804,0.2959431580080739,0.008898411354333268
8960,2,crash,3,2,1,-659.3657241985826,1412,642.0,642.0,0.05,0.1,3.4937617778778076,86.46404266357422,-808.0328369140625,562.3644409179688,1000.0,78.81140669331214,1061,-112.79999999999795,-125.37713089189431,-1500.0,-0.46697289249191404,"{2: 119, 3: 6, 1: 6, 4: 7, 5: 3}","{2: 90, 3: 22, 5: 7, 4: 9, 1: 13}","{1: 106, 0: 35}","{1: 103, 0: 20, 2: 18}","{1: 104, 0: 37}","{1: 116, 0: 13, 2: 12}",0.003632414221951272,0.023441473699966717,0.006067652385772384,0.007610798396537914,0.2462831411406955,0.053428342413580125,0.2585766850562647,0.18170134225016432,0.29380615119028763,0.14543473499052786,0.30190839375558937,0.10783246305303901
8970,2,crash,3,2,1,-582.8561573835677,1073,462.5,462.5,0.05,0.1,3.500753164291382,86.57218170166016,-808.0328369140625,562.3644409179688,1000.0,115.15400971156117,702,-85.67999999999853,-112.33016709512808,-1500.0,-0.5432023833956828,"{3: 17, 1: 31, 0: 34, 2: 10, 6: 15}","{6: 12, 5: 14, 4: 6, 1: 25, 2: 29, 3: 21}","{1: 33, 0: 57, 2: 17}","{1: 48, 2: 22, 0: 37}","{1: 36, 2: 16, 0: 55}","{1: 76, 0: 15, 2: 16}",0.07861852960306662,0.031822513365180265,0.13657695877718837,0.07561260203564303,0.23499257410198268,0.1436149366825289,0.2553091232950306,0.2087196505766768,0.22547978695866297,0.18770950737049086,0.2732771454957518,0.09631115019322964
8980,2,crash,3,4,1,328.05496201203346,1524,291.25,259.5,0.05,0.1,3.4944825172424316,86.6611557006836,-808.0328369140625,582.2333984375,2000.0,199.39732593925538,970,-121.59999999999776,-249.74236392724248,-1500.0,0.2152591614252188,"{4: 39, 3: 4, 0: 37, 1: 14, 2: 22, 6: 36}","{3: 117, 2: 7, 4: 28}","{1: 15, 2: 47, 0: 90}","{1: 111, 2: 35, 0: 6}","{1: 46, 2: 42, 0: 64}","{1: 114, 2: 17, 0: 21}",0.11633409973092354,0.016905097597656148,0.12004653676022257,0.06331249291598587,0.22286225641255647,0.04831217869103738,0.269102761165272,0.19517415307008598,0.19293786460192072,0.019235827999131462,0.19703365615561325,0.10365377793270933
8990,2,success,3,5,0,2613.419983740196,2173,434.6,294.0,0.05,0.1,3.4977478981018066,86.73030853271484,-808.0328369140625,568.4625854492188,2500.0,286.85998374019636,2002,-173.44000000000472,0.0,0.0,1.202678317413804,"{4: 80, 3: 26, 2: 89, 6: 9, 5: 13}","{6: 16, 5: 22, 4: 26, 3: 77, 0: 34, 1: 5, 2: 37}","{1: 120, 0: 36, 2: 61}","{1: 75, 2: 72, 0: 70}","{1: 143, 0: 27, 2: 47}","{1: 165, 0: 36, 2: 16}",0.029776755276191058,0.06625767912136121,0.06370049756288086,0.061813921407745685,0.13347826312844233,0.1995431919666573,0.21889877400800928,0.21106394295809636,0.1568436153794818,0.2045608897771255,0.25336138770242034,0.07931914075716907
9000,2,success,3,5,0,2603.622061345628,2162,432.4,476.0,0.05,0.1,3.4963204860687256,86.821044921875,-808.0328369140625,558.8739624023438,2500.0,276.18206134563064,1850,-172.56000000000458,0.0,0.0,1.2042655232865995,"{3: 59, 4: 79, 5: 27, 0: 33, 1: 10, 2: 8}","{1: 52, 2: 45, 3: 68, 4: 30, 6: 7, 5: 5, 0: 9}","{1: 79, 0: 78, 2: 59}","{1: 84, 0: 93, 2: 39}","{1: 107, 0: 65, 2: 44}","{1: 149, 2: 33, 0: 34}",0.07037544202127788,0.04658170795097685,0.10170675565295145,0.08605534248218055,0.17133542467982998,0.18151672499849894,0.23118085162360513,0.17139136146477352,0.15812478918598835,0.1954829491554087,0.24074802894347183,0.10240708738040448
9010,2,success,3,5,0,2507.462906466404,3295,659.0,639.0,0.05,0.1,3.48750376701355,86.92609405517578,-808.0328369140625,561.2282104492188,2500.0,333.7488577451962,2586,-263.2000000000162,-63.085951278788194,0.0,0.760990259929106,"{3: 44, 4: 139, 5: 60, 1: 65, 2: 21}","{6: 7, 5: 6, 4: 22, 3: 167, 2: 76, 0: 31, 1: 20}","{1: 131, 0: 90, 2: 108}","{1: 191, 2: 42, 0: 96}","{1: 191, 2: 76, 0: 62}","{1: 244, 0: 41, 2: 44}",0.06193817646701971,0.027442944886899846,0.08559621905289189,0.08616169469321683,0.16546298288896197,0.161691394346127,0.1968174854185754,0.14007657358364933,0.2108796526026903,0.16731656443414092,0.20994213457890984,0.12292868384875481
9020,2,crash,3,2,1,-1031.5220280005833,1891,872.5,872.5,0.05,0.1,3.4727158546447754,87.03494262695312,-808.0328369140625,557.5263671875,1000.0,195.27666394491627,1247,-151.12000000000123,-575.6786919454984,-1500.0,-0.5454902316237881,"{2: 40, 3: 1, 6: 121, 5: 5, 4: 7, 0: 15}","{4: 10, 3: 100, 0: 39, 1: 27, 2: 13}","{1: 50, 0: 62, 2: 77}","{1: 123, 2: 15, 0: 51}","{1: 77, 0: 39, 2: 73}","{1: 124, 0: 29, 2: 36}",0.09351776022449979,0.02264608516491754,0.12317461065164612,0.0866801361006822,0.2745009167742218,0.10495008791399897,0.28677495389956753,0.15957839171605312,0.29597249108502516,0.021977800573281796,0.28021048642168384,0.08861519838095723
9030,2,crash,3,4,1,77.12622689093428,2716,558.75,575.5,0.05,0.1,3.470468759536743,87.09126281738281,-808.0328369140625,567.5025634765625,2000.0,310.38529098180504,2227,-216.96000000001152,-516.2990640908677,-1500.0,0.02839699075513044,"{2: 53, 3: 36, 5: 36, 4: 87, 0: 52, 1: 7}","{4: 15, 3: 134, 0: 30, 1: 14, 2: 71, 5: 7}","{1: 108, 0: 98, 2: 65}","{1: 166, 2: 36, 0: 69}","{1: 171, 0: 60, 2: 40}","{1: 186, 0: 37, 2: 48}",0.06769019502539024,0.02576554204419431,0.07992884049475711,0.08648805806541726,0.19326427288012119,0.1340386325325484,0.21047657694595012,0.13434003119513827,0.10021215293144381,0.07393585787486101,0.1402631653346394,0.10634326643780803
9040,2,max_steps,3,1,0,390.7283413405303,3500,3144.0,3144.0,0.05,0.1,3.4734649658203125,87.08670043945312,-808.0328369140625,564.79931640625,500.0,170.64834134053052,1985,-279.92000000001286,0.0,0.0,0.11163666895443722,"{4: 277, 5: 33, 3: 4, 0: 28, 1: 7, 2: 1}","{1: 2, 2: 72, 3: 276}","{1: 239, 2: 61, 0: 50}","{1: 291, 0: 48, 2: 11}","{1: 269, 2: 42, 0: 39}","{1: 283, 2: 37, 0: 30}",0.03279640940487391,0.01397487939366776,0.04687031569885647,0.06518693938264011,0.09921245056416247,0.03223726622443492,0.1554169726934354,0.11824777185312212,0.06578480960507041,0.028087750080376138,0.10620414982552827,0.09869251324421485
9050,2,crash,3,1,1,-1257.8803246061532,830,663.0,663.0,0.05,0.1,3.4473347663879395,87.17860412597656,-808.0328369140625,564.79931640625,500.0,86.64614073387965,662,-66.31999999999894,-278.20646534003305,-1500.0,-1.5155184633809073,"{0: 23, 1: 11, 2: 31, 3: 1, 6: 17}","{6: 9, 5: 7, 4: 17, 3: 33, 1: 14, 0: 3}","{1: 25, 0: 58}","{1: 33, 2: 47, 0: 3}","{1: 38, 0: 45}","{1: 61, 0: 17, 2: 5}",0.08987924346025514,0.039574244817246466,0.11690376645051612,0.08969005992434181,0.1798821462844501,0.15019947803270547,0.20510095161284614,0.13986481696458017,0.12185118614830251,0.0038202875132892795,0.20722123663244837,0.09864007027212869
9060,2,success,3,5,0,2728.6656746052213,2973,594.6,683.0,0.05,0.1,3.4446094036102295,87.27265930175781,-808.0328369140625,564.79931640625,2500.0,466.1056746052129,2171,-237.44000000001472,0.0,0.0,0.917815564952984,"{6: 99, 5: 40, 4: 41, 1: 16, 0: 82, 2: 18, 3: 1}","{3: 195, 6: 4, 5: 11, 4: 10, 2: 28, 0: 18, 1: 31}","{1: 45, 2: 133, 0: 119}","{1: 196, 2: 34, 0: 67}","{1: 63, 2: 125, 0: 109}","{1: 182, 2: 63, 0: 52}",0.13503385419277053,0.02158353247183391,0.16112176485047083,0.08693136635337498,0.2233681365963237,0.14271410636246015,0.26965405528708314,0.2213914703468679,0.22190095818377667,0.024835824560882052,0.19196672651211683,0.09499899774247807
9070,2,crash,3,1,1,-1161.6623028682402,823,619.0,619.0,0.05,0.1,3.439023494720459,87.34397888183594,-808.0328369140625,564.79931640625,500.0,55.09408056144305,618,-65.75999999999895,-150.99638342968282,-1500.0,-1.4114973303380804,"{1: 29, 2: 32, 6: 21}","{2: 22, 3: 39, 6: 21}","{1: 28, 0: 54}","{1: 51, 0: 15, 2: 16}","{1: 40, 0: 42}","{1: 47, 0: 14, 2: 21}",0.07690351856955015,0.027183685864384157,0.10463496857087787,0.0953237964544175,0.20783362918245515,0.05153831240292523,0.24176650736035604,0.21376572135844432,0.1388590721315678,0.010632212287783882,0.2347528739140419,0.0993000106136817
9080,2,crash,3,4,1,453.11303537933304,2272,541.0,591.5,0.05,0.1,3.448615550994873,87.41924285888672,-808.0328369140625,556.9224243164062,2000.0,266.35781178205104,1910,-181.44000000000597,-131.80477640271914,-1500.0,0.19943355430428392,"{3: 59, 4: 87, 6: 24, 5: 46, 0: 11}","{6: 13, 5: 12, 4: 23, 0: 56, 1: 6, 2: 32, 3: 85}","{1: 70, 0: 55, 2: 102}","{1: 116, 2: 63, 0: 48}","{1: 140, 0: 15, 2: 72}","{1: 174, 0: 33, 2: 20}",0.07170999545440465,0.02923861670774855,0.08738214798954443,0.07738369453623851,0.15576091053291932,0.17569063836487372,0.18217423568555668,0.1397324245406412,0.16283109759323972,0.07293566814580887,0.22720387332238923,0.09994341150037672
9090,2,crash,3,1,1,-1429.8576609135687,760,441.0,441.0,0.05,0.1,3.4603519439697266,87.47909545898438,-808.0328369140625,552.2651977539062,500.0,56.079693262953725,382,-60.71999999999906,-425.21735417652167,-1500.0,-1.881391659096801,"{6: 20, 5: 13, 4: 10, 3: 1, 0: 32}","{2: 8, 3: 38, 6: 16, 5: 7, 4: 7}","{1: 19, 2: 57}","{1: 43, 0: 5, 2: 28}","{1: 41, 2: 35}","{1: 56, 2: 10, 0: 10}",0.08954125597736448,0.024041812287774397,0.08024513899047869,0.09171960366408521,0.2056841648768279,0.1851281642421422,0.2318361621867973,0.11585464395911711,0.20976891711958032,0.0048522552410880295,0.1949078542202273,0.11214280359287963
9100,2,success,3,5,0,2451.128969992429,1667,333.4,297.0,0.05,0.1,3.467364549636841,87.52727508544922,-808.0328369140625,576.2860107421875,2500.0,267.52211682443675,1493,-132.9599999999984,-183.43314683200654,0.0,1.4703833053343907,"{5: 16, 4: 26, 3: 22, 2: 69, 1: 30, 0: 3}","{2: 60, 3: 51, 1: 13, 5: 6, 4: 17, 6: 19}","{1: 64, 2: 44, 0: 58}","{1: 85, 0: 40, 2: 41}","{1: 85, 2: 40, 0: 41}","{1: 125, 2: 17, 0: 24}",0.06450077606019217,0.02953799371129603,0.09575197116965838,0.08631332376314227,0.25575755947231305,0.1582364170915326,0.26558494481278494,0.20280485242394375,0.20885687227062916,0.13530681171153164,0.2551995038396714,0.28423795260323137
9110,2,max_steps,3,4,0,2134.2739386006933,3500,642.75,619.0,0.05,0.1,3.470311164855957,87.55243682861328,-808.0328369140625,589.3331298828125,2000.0,413.95393860068685,2998,-279.6800000000129,0.0,0.0,0.6097925538859124,"{5: 52, 6: 57, 4: 78, 3: 56, 1: 59, 2: 48}","{4: 14, 3: 185, 2: 41, 0: 28, 1: 51, 6: 27, 5: 4}","{1: 163, 0: 77, 2: 110}","{1: 194, 2: 62, 0: 94}","{1: 241, 0: 46, 2: 63}","{1: 231, 0: 58, 2: 61}",0.05475143454160633,0.026332431546504435,0.06675224681086586,0.09340741846448074,0.16521062087754954,0.18375592322659648,0.19459835780594717,0.1290330067051377,0.14946426600345084,0.16599919449657594,0.23631017785575678,0.09422533631734839
9120,2,crash,3,4,1,389.7518465067235,2768,644.75,728.5,0.05,0.1,3.453854560852051,87.67061614990234,-808.0328369140625,575.8917236328125,2000.0,261.7336498196709,2209,-221.12000000001217,-150.86180331295367,-1500.0,0.1408063029287296,"{6: 28, 5: 49, 4: 88, 3: 6, 2: 24, 1: 33, 0: 48}","{2: 23, 3: 214, 0: 15, 1: 5, 6: 16, 5: 3}","{1: 71, 2: 95, 0: 110}","{1: 231, 0: 36, 2: 9}","{1: 134, 2: 52, 0: 90}","{1: 184, 2: 47, 0: 45}",0.0822481860904099,0.016536900633675796,0.10346940151384294,0.08673356590661782,0.21034008424223571,0.0665820018991592,0.23481846344939017,0.22306872693074528,0.2155156980912367,0.02839899836439839,0.28591791298666613,0.09621670306133603
9130,2,success,3,5,0,2620.0982690639667,2520,504.0,517.0,0.05,0.1,3.452618360519409,87.70585632324219,-808.0328369140625,566.8379516601562,2500.0,323.51054101402065,2322,-201.20000000000906,-2.2122719500658965,0.0,1.039721535342844,"{2: 80, 3: 27, 6: 52, 5: 26, 4: 22, 0: 32, 1: 13}","{5: 26, 4: 21, 3: 130, 1: 26, 2: 48, 0: 1}","{1: 89, 0: 92, 2: 71}","{1: 157, 2: 45, 0: 50}","{1: 112, 0: 78, 2: 62}","{1: 198, 0: 30, 2: 24}",0.09348466034355803,0.024581870573483836,0.10698174090937572,0.07858443280892793,0.17086617563605982,0.09460284610207402,0.22673437888674453,0.18589586943130954,0.18745672498392874,0.12733823585274523,0.23764098872106534,0.197713993940217
9140,2,crash,3,1,1,-1086.3497187532014,949,863.0,863.0,0.05,0.1,3.4357845783233643,87.7857666015625,-808.0328369140625,562.0443115234375,500.0,96.83672163779235,699,-75.83999999999874,-107.3464403909938,-1500.0,-1.1447309997399382,"{6: 62, 5: 13, 4: 10, 3: 1, 0: 8}","{5: 10, 4: 9, 3: 67, 0: 8}","{1: 36, 2: 58}","{1: 64, 2: 25, 0: 5}","{1: 38, 2: 56}","{1: 78, 2: 10, 0: 6}",0.09714782537889706,0.024504462131409666,0.1192172547710008,0.05401463563022679,0.21220661989130093,0.15044223056939018,0.2520838919390621,0.14370971244789577,0.2200398011058212,0.006718361847049627,0.28291254882121847,0.06432427864476913
9150,2,crash,3,2,1,-515.1346746510444,1483,706.0,706.0,0.05,0.1,3.4445536136627197,87.82928466796875,-808.0328369140625,562.0443115234375,1000.0,197.60295920065747,1123,-118.47999999999783,-94.25763385170023,-1500.0,-0.3473598615313853,"{1: 24, 2: 17, 3: 3, 6: 85, 5: 5, 4: 7, 0: 7}","{3: 115, 2: 5, 5: 9, 4: 12, 0: 7}","{1: 37, 0: 39, 2: 72}","{1: 127, 2: 21}","{1: 65, 0: 22, 2: 61}","{1: 123, 0: 12, 2: 13}",0.08718173460103645,0.01808776072158942,0.11779441953189705,0.07685516340914213,0.274955388837689,0.06568779336913191,0.28568994192933617,0.10300532061081497,0.28525626210238725,0.008747796972787278,0.2739517084226835,0.09823145109113628
9160,2,crash,3,1,1,-1109.7994566352052,545,419.0,419.0,0.05,0.1,3.4456753730773926,87.91650390625,-808.0328369140625,562.0443115234375,500.0,86.34495096307379,418,-43.51999999999943,-152.6244075982786,-1500.0,-2.036329278229734,"{6: 23, 5: 9, 4: 9, 0: 13}","{6: 5, 5: 6, 4: 9, 3: 21, 0: 13}","{1: 11, 2: 43}","{1: 25, 2: 23, 0: 6}","{1: 14, 2: 40}","{1: 35, 2: 8, 0: 11}",0.16133779837132664,0.0305323989891616,0.20174111484065055,0.08093954328048289,0.22327415485905475,0.16834386759392864,0.24596577851394516,0.2692875491753201,0.22445245699324595,0.017302556154981736,0.25539466905034275,0.04292309311424803
9170,2,crash,3,2,1,-572.1427892640713,767,331.0,331.0,0.05,0.1,3.4587059020996094,87.9896240234375,-808.0328369140625,584.427734375,1000.0,88.96394196447412,531,-61.19999999999905,-99.90673122854487,-1500.0,-0.7459488777888805,"{4: 57, 3: 9, 6: 2, 5: 7, 2: 1}","{4: 19, 3: 53, 2: 4}","{1: 37, 2: 39}","{1: 49, 2: 26, 0: 1}","{1: 35, 2: 41}","{1: 58, 2: 9, 0: 9}",0.05543917718564903,0.012849698010119563,0.1327631302879961,0.08728567897100648,0.28145793679382786,0.09530479728455088,0.306910060374881,0.1441274222929567,0.27798244236175623,0.01314102558243575,0.3100292298983134,0.0978419047822557
9180,2,crash,3,1,1,-1114.4124198844427,546,431.0,431.0,0.05,0.1,3.4469587802886963,88.09871673583984,-808.0328369140625,557.0678100585938,500.0,94.97853299829421,430,-43.599999999999426,-165.79095288273714,-1500.0,-2.041048388066745,"{0: 27, 1: 7, 2: 8, 3: 1, 6: 11}","{6: 8, 5: 11, 4: 12, 3: 12, 0: 11}","{1: 11, 0: 43}","{1: 19, 2: 35}","{1: 15, 0: 39}","{1: 30, 0: 9, 2: 15}",0.15986112833984828,0.05651134307120678,0.16720406115762704,0.09753470304308767,0.2262276443091097,0.1605174809484248,0.2592623524289363,0.18096176471798814,0.22953095777552482,0.014735939392470284,0.21170323788296916,0.10534387606285464
9190,2,crash,3,2,1,-570.4971764277238,1163,521.5,521.5,0.05,0.1,3.4514036178588867,88.19135284423828,-808.0328369140625,557.0678100585938,1000.0,125.19287459823686,848,-92.87999999999838,-102.81005102596006,-1500.0,-0.49053927465840397,"{2: 22, 3: 1, 6: 67, 5: 6, 4: 8, 0: 12}","{3: 56, 2: 19, 1: 29, 6: 12}","{1: 47, 0: 24, 2: 45}","{1: 75, 2: 10, 0: 31}","{1: 49, 0: 17, 2: 50}","{1: 66, 0: 32, 2: 18}",0.08901116899611553,0.015753061500262937,0.12916299832139724,0.0921469373197515,0.27773335765548657,0.08933228605463411,0.3016868260154092,0.23339650478850826,0.28685696318899356,0.008757440477600905,0.3190418618166696,0.08470652796869982
9200,2,max_steps,3,4,0,2075.106742636472,3500,702.25,766.0,0.05,0.1,3.4553802013397217,88.27381134033203,-808.0328369140625,557.0678100585938,2000.0,354.78674263647486,2589,-279.6800000000129,0.0,0.0,0.5928876407532777,"{4: 50, 3: 7, 2: 104, 1: 28, 5: 41, 0: 57, 6: 63}","{3: 251, 0: 26, 1: 30, 2: 22, 4: 21}","{1: 111, 2: 103, 0: 136}","{1: 279, 0: 58, 2: 13}","{1: 154, 2: 93, 0: 103}","{1: 225, 2: 70, 0: 55}",0.0982190680373594,0.014527041198374856,0.11883378345083784,0.09201756014771789,0.1775517285872687,0.03573706153343476,0.2394723604372667,0.21445381925995372,0.1646172498358799,0.02883727910009175,0.2414920215119797,0.1990976094724557
9210,2,crash,3,1,1,-1455.484121774241,1112,631.0,631.0,0.05,0.1,3.4787490367889404,88.3272476196289,-808.0328369140625,556.6788330078125,500.0,50.72950749862128,630,-88.87999999999846,-417.33362927286174,-1500.0,-1.3088885987178427,"{1: 28, 2: 32, 3: 3, 6: 48}","{4: 4, 3: 59, 0: 17, 1: 11, 2: 20}","{1: 28, 0: 83}","{1: 66, 2: 6, 0: 39}","{1: 74, 0: 37}","{1: 85, 0: 18, 2: 8}",0.07607751546270085,0.0238387353793353,0.07908960349546305,0.06993941706042636,0.1003625284700093,0.09070182088386568,0.1329611521233546,0.10983090875004231,0.0811510485349419,0.018581348277232387,0.15776848112727918,0.19557087207773366
9220,2,success,3,5,0,2619.210573405341,2664,532.8,557.0,0.05,0.1,3.489516496658325,88.33910369873047,-808.0328369140625,563.2289428710938,2500.0,368.0496388050448,2353,-212.72000000001086,-36.11906539970267,0.0,0.9831871521791821,"{5: 38, 4: 82, 3: 18, 0: 44, 1: 5, 2: 29, 6: 50}","{0: 7, 1: 7, 2: 37, 3: 151, 6: 6, 5: 19, 4: 39}","{1: 81, 2: 117, 0: 68}","{1: 160, 0: 40, 2: 66}","{1: 126, 2: 78, 0: 62}","{1: 173, 2: 45, 0: 48}",0.09450263620456224,0.027009861705284126,0.10595485813401975,0.08007891621261691,0.24078150958527522,0.12549963346434534,0.2649042029225208,0.17516129577086084,0.17502250435645228,0.030179832549896802,0.19564196966247874,0.1690963489762516
9230,2,max_steps,3,4,0,1588.208501445533,3500,768.75,806.0,0.05,0.1,3.5052247047424316,88.4102554321289,-808.0328369140625,588.520751953125,2000.0,382.5595044879452,2769,-279.6800000000129,-514.6710030424159,0.0,0.4537738575558666,"{5: 36, 4: 47, 3: 6, 0: 98, 1: 24, 2: 41, 6: 98}","{5: 6, 4: 57, 3: 181, 0: 28, 1: 13, 2: 65}","{1: 108, 2: 97, 0: 145}","{1: 194, 2: 62, 0: 94}","{1: 180, 2: 74, 0: 96}","{1: 212, 2: 80, 0: 58}",0.08519193542595406,0.02639110965378704,0.09656058614764548,0.09335327752842845,0.1674757405347047,0.13672739361840683,0.21004410387478636,0.2026379481506348,0.19120613562673242,0.02801974516914679,0.18842469785131288,0.10430487313287484
9240,2,crash,3,1,1,-1083.4646997367431,654,566.0,566.0,0.05,0.1,3.5188491344451904,88.460693359375,-808.0328369140625,556.6788330078125,500.0,89.22384753583512,565,-52.23999999999924,-120.44854727257812,-1500.0,-1.6566738528084757,"{6: 32, 5: 12, 4: 11, 3: 1, 1: 1, 0: 8}","{1: 16, 2: 11, 3: 29, 4: 9}","{1: 13, 2: 52}","{1: 41, 0: 24}","{1: 10, 2: 55}","{1: 48, 2: 10, 0: 7}",0.1170939374416804,0.02022238672596398,0.13498879461693022,0.06775132240286558,0.2190691437942807,0.12889213499315264,0.24784208110707387,0.13837403802808035,0.2101769744013439,0.011801698886315787,0.2644950466238834,0.05256859520967279
9250,2,max_steps,3,4,0,440.40208017365694,3500,759.5,660.0,0.05,0.1,3.5029959678649902,88.54850006103516,-808.0328369140625,556.6788330078125,2000.0,417.49225508866476,2579,-279.6800000000129,-1697.410174915005,0.0,0.125829165763902,"{4: 65, 3: 4, 0: 96, 1: 6, 2: 8, 6: 132, 5: 39}","{2: 68, 3: 197, 4: 85}","{1: 130, 2: 122, 0: 98}","{1: 242, 0: 62, 2: 46}","{1: 164, 2: 91, 0: 95}","{1: 239, 2: 45, 0: 66}",0.08101789833431061,0.021402596769477512,0.11190012338455586,0.08287057859355994,0.24192375301253793,0.04906756686808212,0.26401805684746665,0.180710661242821,0.2746555892643705,0.023899555570314163,0.2601208756654067,0.25758218304504
9260,2,crash,3,4,1,501.00601661543715,1677,392.25,386.5,0.05,0.1,3.5028200149536133,88.60591125488281,-808.0328369140625,561.1744384765625,2000.0,297.134696567638,1224,-133.83999999999853,-162.28867995220466,-1500.0,0.29875135158940797,"{3: 16, 2: 39, 6: 43, 5: 7, 4: 7, 0: 49, 1: 6}","{5: 10, 4: 44, 2: 16, 3: 86, 0: 11}","{1: 47, 0: 79, 2: 41}","{1: 104, 2: 48, 0: 15}","{1: 62, 0: 68, 2: 37}","{1: 111, 2: 31, 0: 25}",0.13728670878300306,0.02255785996109935,0.1625615928774993,0.06396358402051101,0.2605456600865018,0.13267173109644195,0.2960028662435618,0.20518894680362942,0.26668825517515093,0.18399177257937924,0.22668406048475254,0.11742814797861444
9270,2,crash,3,4,1,515.9616851741021,2804,672.5,660.0,0.05,0.1,3.5147647857666016,88.65587615966797,-808.0328369140625,557.479248046875,2000.0,411.68879160836224,2313,-224.00000000001262,-171.72710643425728,-1500.0,0.1840091601904786,"{1: 34, 2: 48, 3: 7, 6: 99, 5: 14, 4: 18, 0: 60}","{2: 49, 3: 186, 1: 6, 6: 14, 5: 5, 4: 20}","{1: 60, 0: 106, 2: 114}","{1: 169, 0: 64, 2: 47}","{1: 115, 0: 67, 2: 98}","{1: 204, 0: 46, 2: 30}",0.100745856910407,0.02507589798658115,0.11297936538252526,0.07957514163209077,0.2049080489842283,0.10080349433151162,0.24336224622021232,0.1797429354997801,0.15908223857555925,0.030100302638324333,0.11441858553877098,0.10959132985757174
9280,2,max_steps,3,4,0,1430.097113900657,3500,655.25,519.5,0.05,0.1,3.5337328910827637,88.69574737548828,-808.0328369140625,576.07275390625,2000.0,444.9516191296301,3097,-279.6800000000129,-735.1745052289732,0.0,0.4085991754001877,"{1: 32, 2: 50, 3: 20, 6: 103, 5: 36, 4: 50, 0: 59}","{2: 40, 3: 190, 6: 53, 5: 12, 4: 41, 0: 2, 1: 12}","{1: 73, 0: 126, 2: 151}","{1: 192, 0: 82, 2: 76}","{1: 131, 0: 97, 2: 122}","{1: 202, 0: 76, 2: 72}",0.09973405604326868,0.02634766053648104,0.12280538370521954,0.0963723416160033,0.19760775692815677,0.13675948163098806,0.23981102716159144,0.2997978393692645,0.18492579864659572,0.11918022091452009,0.24812176954773454,0.13447323944696757
9290,2,success,3,5,0,2587.5722883535777,2941,588.2,615.0,0.05,0.1,3.520332098007202,88.74356842041016,-808.0328369140625,569.9706420898438,2500.0,322.4522883535742,2498,-234.88000000001432,0.0,0.0,0.8798273676822773,"{0: 77, 1: 30, 2: 42, 3: 37, 5: 60, 4: 22, 6: 26}","{2: 49, 3: 178, 1: 12, 5: 13, 4: 24, 6: 18}","{1: 82, 0: 120, 2: 92}","{1: 188, 0: 53, 2: 53}","{1: 148, 0: 69, 2: 77}","{1: 207, 0: 43, 2: 44}",0.07518282391103531,0.02287412552957404,0.099768747197407,0.08513924836349131,0.18231217817579248,0.13440986746035863,0.23422472497958066,0.16703198494544047,0.20641490603053078,0.11812014973596549,0.2787714760893572,0.09425694468905242
9300,2,success,3,5,0,2736.9854066939997,2758,551.6,640.0,0.05,0.1,3.537883996963501,88.78459930419922,-808.0328369140625,567.0097045898438,2500.0,457.22540669399547,2561,-220.24000000001203,0.0,0.0,0.992380495538071,"{0: 91, 1: 22, 2: 27, 3: 14, 4: 81, 6: 21, 5: 19}","{2: 54, 3: 142, 6: 24, 5: 20, 4: 15, 0: 14, 1: 6}","{1: 66, 0: 127, 2: 82}","{1: 145, 0: 72, 2: 58}","{1: 117, 0: 98, 2: 60}","{1: 184, 0: 56, 2: 35}",0.09721621654341933,0.02813427115307468,0.10726991737799943,0.07074107569616625,0.20996614998555704,0.1726918452191446,0.23429177807414675,0.1849608646803897,0.18336286778686278,0.1767914273587537,0.22824612255212856,0.08263394208560033
9310,2,crash,3,3,1,-146.84792819581253,3282,1060.3333333333333,949.0,0.05,0.1,3.545501947402954,88.82572174072266,-808.0328369140625,560.6925659179688,1500.0,238.0997747058461,2234,-262.32000000001636,-122.62770290165673,-1500.0,-0.04474342723821223,"{0: 54, 1: 39, 2: 127, 3: 4, 4: 55, 5: 39, 6: 10}","{5: 6, 4: 13, 3: 159, 2: 112, 0: 20, 1: 18}","{1: 165, 0: 110, 2: 53}","{1: 205, 2: 43, 0: 80}","{1: 198, 0: 88, 2: 42}","{1: 239, 0: 47, 2: 42}",0.049471134034887086,0.026829595552797035,0.07775924105948963,0.08229016545735235,0.15531914450128784,0.06419308726119827,0.20612086199917504,0.19536832946232607,0.1707613583030582,0.0179960383041871,0.25129809387386615,0.09424754222284203
9320,2,crash,3,2,1,-1081.5964822879284,2225,824.0,824.0,0.05,0.1,3.5409154891967773,88.9099349975586,-808.0328369140625,557.2367553710938,1000.0,197.037224896364,1655,-177.8400000000054,-600.7937071842914,-1500.0,-0.48611077855637236,"{2: 97, 1: 30, 3: 37, 6: 36, 5: 22}","{6: 25, 5: 32, 4: 19, 3: 79, 2: 26, 0: 34, 1: 7}","{1: 122, 2: 33, 0: 67}","{1: 78, 2: 95, 0: 49}","{1: 148, 2: 11, 0: 63}","{1: 174, 0: 28, 2: 20}",0.03792306108907291,0.0357865874004873,0.042020887748289076,0.05017131476659493,0.14035536566953682,0.18050378143461498,0.1791840464802296,0.13838957224916232,0.1680904011741133,0.19475366665453955,0.22877927849923135,0.09383758153172929
9330,2,success,3,5,0,2664.961400208668,3119,623.8,563.0,0.05,0.1,3.527315139770508,89.00535583496094,-808.0328369140625,557.2367553710938,2500.0,414.08140020865045,2638,-249.12000000001655,0.0,0.0,0.8544281501149945,"{1: 39, 2: 49, 6: 43, 5: 7, 4: 73, 3: 18, 0: 82}","{2: 67, 3: 168, 6: 38, 5: 6, 4: 13, 0: 13, 1: 6}","{1: 63, 0: 153, 2: 95}","{1: 182, 0: 72, 2: 57}","{1: 92, 0: 129, 2: 90}","{1: 228, 0: 47, 2: 36}",0.10662178893927649,0.021630901118200284,0.12418892962917924,0.07952201552317997,0.24787020181818709,0.1382510191333185,0.28542601163149794,0.31000783394470804,0.1933349046422924,0.11373296720527974,0.2507844259944508,0.09741928288305697
9340,2,max_steps,3,4,0,1317.2657694870857,3500,557.5,595.5,0.05,0.1,3.5074732303619385,89.08010864257812,-808.0328369140625,559.6427001953125,2000.0,329.7822139764866,2080,-279.6800000000129,-732.8364444894074,0.0,0.3763616484248816,"{4: 87, 3: 42, 0: 46, 1: 50, 2: 90, 5: 35}","{4: 24, 3: 173, 0: 70, 1: 15, 2: 32, 6: 30, 5: 6}","{1: 157, 2: 94, 0: 99}","{1: 170, 2: 67, 0: 113}","{1: 185, 2: 78, 0: 87}","{1: 244, 2: 50, 0: 56}",0.06337525957865112,0.03126426415459238,0.08659194919023175,0.09035202316028747,0.20842981705340888,0.17781553172458323,0.23727459473607085,0.1979472790296959,0.16240285956298225,0.09545084180551566,0.20070318264782142,0.10328662990669432
9350,2,success,3,5,0,2518.6489121270424,2860,572.0,508.0,0.05,0.1,3.510706663131714,89.14447021484375,-808.0328369140625,584.6101684570312,2500.0,247.0489121270439,2225,-228.4000000000133,0.0,0.0,0.8806464727716932,"{2: 101, 3: 17, 4: 45, 1: 27, 5: 19, 6: 77}","{5: 37, 4: 52, 3: 157, 0: 20, 1: 8, 2: 12}","{1: 136, 0: 70, 2: 80}","{1: 167, 2: 68, 0: 51}","{1: 191, 0: 37, 2: 58}","{1: 232, 0: 25, 2: 29}",0.05465852116492122,0.027175829297140006,0.06431307937116454,0.07485161763883105,0.16231653720616473,0.12481232971052592,0.18889152210966587,0.10561263508576282,0.18087260419879328,0.15124271941754353,0.18205528104937602,0.10180021874041145
9360,2,success,3,5,0,2573.2982364432933,3066,613.2,684.0,0.05,0.1,3.513960838317871,89.20787048339844,-808.0328369140625,578.0831298828125,2500.0,318.17823644329434,2533,-244.88000000001588,0.0,0.0,0.8393014469808523,"{0: 20, 1: 27, 2: 100, 3: 12, 4: 54, 5: 34, 6: 59}","{1: 8, 2: 43, 3: 201, 4: 18, 6: 24, 5: 12}","{1: 122, 0: 96, 2: 88}","{1: 203, 0: 50, 2: 53}","{1: 189, 0: 63, 2: 54}","{1: 218, 0: 46, 2: 42}",0.06373643632542457,0.020750615057107447,0.07790732341719,0.09073968482012548,0.17186528227256126,0.11059027482705462,0.1930516638641647,0.1159509774368104,0.18706790204919027,0.0265280932437961,0.16033534041332043,0.10178382178624402
9370,2,crash,3,4,1,536.6060024431367,2219,457.5,505.5,0.05,0.1,3.522045612335205,89.30140686035156,-808.0328369140625,562.0852661132812,2000.0,276.1451375153522,1649,-177.2000000000053,-62.33913507222286,-1500.0,0.24182334494958843,"{4: 124, 3: 3, 0: 40, 1: 5, 2: 7, 5: 32, 6: 10}","{6: 25, 5: 16, 4: 21, 3: 103, 0: 11, 1: 13, 2: 32}","{1: 83, 2: 71, 0: 67}","{1: 108, 2: 54, 0: 59}","{1: 87, 2: 64, 0: 70}","{1: 148, 2: 31, 0: 42}",0.09504921511920152,0.030144242453918876,0.1280562895330478,0.07903578573587564,0.2929623218376381,0.16853843866885904,0.3329806700614694,0.34714789104255006,0.22562056707948658,0.18702854340579672,0.2518479701017958,0.09522896594350072
9380,2,crash,3,4,1,3.061481041669822,2809,679.0,594.5,0.05,0.1,3.5121567249298096,89.3534164428711,-808.0328369140625,560.7050170898438,2000.0,373.4967635341123,2331,-224.40000000001268,-646.0352824924395,-1500.0,0.0010898828913028914,"{2: 42, 1: 16, 3: 3, 4: 71, 6: 43, 5: 12, 0: 93}","{6: 7, 5: 11, 4: 9, 3: 180, 2: 32, 0: 34, 1: 7}","{1: 100, 0: 121, 2: 59}","{1: 183, 2: 33, 0: 64}","{1: 143, 0: 96, 2: 41}","{1: 211, 0: 36, 2: 33}",0.08303222323848641,0.012590852190082581,0.09593694834029494,0.0753990309500658,0.24125570320632317,0.12292255714902213,0.2654996297304789,0.1415547311475339,0.24773224706593575,0.011507663130284554,0.19194611560500857,0.1266831511774805
9390,2,crash,3,4,1,414.4611233488822,2107,489.5,464.0,0.05,0.1,3.5206265449523926,89.40006256103516,-808.0328369140625,577.4307861328125,2000.0,307.0721494807754,1683,-168.2400000000039,-224.3710261318978,-1500.0,0.19670675052153877,"{0: 39, 1: 50, 2: 58, 3: 4, 6: 45, 5: 6, 4: 8}","{5: 22, 4: 19, 3: 88, 2: 41, 0: 33, 1: 7}","{1: 43, 0: 124, 2: 43}","{1: 108, 2: 45, 0: 57}","{1: 87, 0: 84, 2: 39}","{1: 120, 0: 48, 2: 42}",0.09505282701376477,0.029306534102694327,0.123846798193673,0.09252383821557167,0.2070380021702396,0.14127549741861029,0.25060900451903567,0.2383821742348903,0.22981587814207585,0.03007038494663558,0.18570759560225591,0.10244085423185215
9400,2,success,3,5,0,2696.30193118336,2082,416.4,446.0,0.05,0.1,3.5335793495178223,89.4478530883789,-808.0328369140625,578.898681640625,2500.0,362.4619311833538,1855,-166.16000000000358,0.0,0.0,1.295053761375293,"{1: 26, 2: 48, 3: 13, 6: 65, 5: 14, 4: 15, 0: 27}","{5: 14, 4: 18, 3: 111, 1: 8, 2: 42, 0: 15}","{1: 41, 0: 88, 2: 79}","{1: 107, 2: 40, 0: 61}","{1: 57, 0: 67, 2: 84}","{1: 126, 0: 28, 2: 54}",0.1200601841837081,0.027705797283779823,0.17235168783445337,0.08551202009821088,0.2510229997200367,0.15295851834009536,0.27928561389669737,0.23941189898376247,0.26211617217206795,0.026629788330659467,0.25932905053257194,0.11021583319480216
9410,2,success,3,5,0,2585.84467424807,2940,588.0,637.0,0.05,0.1,3.543787956237793,89.50879669189453,-808.0328369140625,578.898681640625,2500.0,401.0793301584418,2518,-234.8000000000143,-80.43465591037264,0.0,0.8795390048462823,"{3: 29, 4: 48, 1: 48, 2: 43, 6: 51, 5: 6, 0: 69}","{5: 17, 4: 28, 1: 22, 2: 29, 3: 141, 6: 21, 0: 36}","{1: 103, 2: 69, 0: 122}","{1: 116, 2: 80, 0: 98}","{1: 159, 2: 58, 0: 77}","{1: 231, 2: 26, 0: 37}",0.07617160986743836,0.0368520368183883,0.09377088348838683,0.06573838509716654,0.1664900045930261,0.1551649968553873,0.20532523032231695,0.1730380585252937,0.1101720817058873,0.043978959467147215,0.12028592975594352,0.09970701494564008
9420,2,crash,3,1,1,-1134.2829795029215,631,484.0,484.0,0.05,0.1,3.5495223999023438,89.5381088256836,-808.0328369140625,578.898681640625,500.0,76.95276427768849,483,-50.39999999999928,-160.83574378061004,-1500.0,-1.7975958470727758,"{0: 26, 1: 9, 2: 12, 3: 1, 5: 8, 6: 7}","{2: 5, 3: 43, 6: 15}","{1: 13, 0: 50}","{1: 53, 0: 2, 2: 8}","{1: 11, 0: 52}","{1: 47, 0: 8, 2: 8}",0.1461488690490105,0.013092120568907649,0.14518206093917715,0.09156200078341738,0.18363754787935108,0.03492933391638402,0.2185977170964044,0.10940808919033651,0.14430817148607458,0.019756558009835386,0.12886158915947135,0.06820154282853702
9430,2,crash,3,2,1,-622.5778858089229,1629,747.0,747.0,0.05,0.1,3.5460104942321777,89.62934112548828,-808.0328369140625,587.5059814453125,1000.0,126.68228123835692,933,-130.15999999999795,-119.10016704727889,-1500.0,-0.38218409196373415,"{1: 42, 0: 43, 2: 62, 3: 2, 6: 13}","{1: 11, 2: 50, 3: 88, 6: 13}","{1: 59, 2: 33, 0: 70}","{1: 109, 0: 43, 2: 10}","{1: 93, 2: 6, 0: 63}","{1: 116, 2: 19, 0: 27}",0.07316832989564037,0.01874436063645215,0.08485779993884919,0.08264176222768162,0.19480907442253417,0.08209802879994989,0.2350319041227732,0.11035390723528052,0.16066135245674393,0.010032419365022766,0.19991387465193558,0.15351660029308786
9440,2,crash,3,1,1,-1218.8715028086579,631,450.0,450.0,0.05,0.1,3.5494909286499023,89.73986053466797,-808.0328369140625,587.5059814453125,500.0,72.86688417439069,449,-50.39999999999928,-241.33838698304817,-1500.0,-1.9316505591262407,"{0: 24, 1: 9, 2: 11, 6: 19}","{2: 13, 3: 31, 0: 19}","{1: 13, 0: 50}","{1: 46, 0: 16, 2: 1}","{1: 21, 0: 42}","{1: 43, 0: 8, 2: 12}",0.13577166673433086,0.01409089395711222,0.1490984503299264,0.09010425948367962,0.18618868190800267,0.0353587398757675,0.21851534301369593,0.10868530184533742,0.18315930901569408,0.01409847515246947,0.17080660722718538,0.03807551955321793
9450,2,success,3,5,0,1772.150248130516,3069,613.8,366.0,0.05,0.1,3.5397751331329346,89.81290435791016,-808.0328369140625,582.1190795898438,2500.0,403.59199966428554,2432,-245.12000000001592,-886.3217515337685,0.0,0.5774357276410935,"{1: 27, 2: 24, 3: 10, 4: 110, 5: 52, 0: 15, 6: 68}","{2: 89, 3: 102, 6: 31, 5: 12, 4: 17, 0: 48, 1: 7}","{1: 88, 0: 92, 2: 126}","{1: 150, 0: 97, 2: 59}","{1: 139, 0: 74, 2: 93}","{1: 172, 0: 52, 2: 82}",0.07809093652395302,0.030309798235544774,0.10910388081999006,0.09719371814040775,0.1934897650035594,0.14127500875173293,0.22876986886847006,0.20091196336602796,0.2222206762250879,0.03390194770168604,0.161653491203155,0.17772791005184307
9460,2,success,3,5,0,2684.388793469055,2205,441.0,407.0,0.05,0.1,3.5457215309143066,89.90911865234375,-808.0328369140625,574.3154907226562,2500.0,360.3887934690479,1817,-176.00000000000512,0.0,0.0,1.2174098836594354,"{6: 61, 5: 21, 4: 20, 1: 48, 0: 31, 2: 38, 3: 1}","{1: 33, 2: 40, 3: 113, 4: 9, 6: 19, 5: 6}","{1: 48, 2: 84, 0: 88}","{1: 113, 0: 67, 2: 40}","{1: 61, 2: 80, 0: 79}","{1: 127, 2: 45, 0: 48}",0.12469555309171537,0.02892630096100466,0.1584386528063108,0.09622628948875672,0.19968639065845725,0.14669045948683263,0.2516981950973854,0.24879778029011648,0.21439446882343172,0.025460593475955213,0.197573201429196,0.25168232529292495
9470,2,max_steps,3,4,0,1839.2467474358355,3500,873.75,887.0,0.05,0.1,3.5626230239868164,89.95503234863281,-808.0328369140625,581.69189453125,2000.0,446.61428494166853,3007,-279.6800000000129,-327.6875375058311,0.0,0.525499070695953,"{6: 42, 5: 24, 4: 19, 3: 6, 0: 154, 1: 28, 2: 77}","{3: 261, 2: 34, 6: 7, 5: 7, 4: 40, 1: 1}","{1: 86, 2: 97, 0: 167}","{1: 272, 0: 23, 2: 55}","{1: 169, 2: 84, 0: 97}","{1: 222, 2: 53, 0: 75}",0.0884759082519822,0.015542514278823128,0.10387210711323673,0.09008880654460912,0.20630981969147189,0.07616647699257785,0.25264889188584577,0.23489763325671734,0.22623030274669978,0.015583697008279192,0.28605927729605335,0.0943542292648148
9480,2,success,3,5,0,2201.2792428505873,2910,582.0,575.0,0.05,0.1,3.593498706817627,89.99356079101562,-808.0328369140625,568.8950805664062,2500.0,398.68304068014305,2340,-232.40000000001393,-465.00379782955326,0.0,0.7564533480586211,"{4: 130, 3: 27, 5: 27, 0: 71, 1: 9, 2: 27}","{2: 37, 3: 131, 6: 55, 5: 15, 4: 23, 0: 25, 1: 5}","{1: 110, 2: 99, 0: 82}","{1: 138, 0: 59, 2: 94}","{1: 170, 2: 66, 0: 55}","{1: 170, 2: 55, 0: 66}",0.0691275410671604,0.031478569496374335,0.0852942611352057,0.09458341858679453,0.1731494037841293,0.18727023011407373,0.18585850829406098,0.1749105593116507,0.10195367772033714,0.19507290384713735,0.16749391484097936,0.1193242385381535
9490,2,crash,3,2,1,-616.4539759024193,1457,647.5,647.5,0.05,0.1,3.603194236755371,90.03741455078125,-808.0328369140625,571.42529296875,1000.0,183.03497728893092,1071,-116.39999999999787,-183.08895319134862,-1500.0,-0.42309813033796795,"{1: 37, 2: 27, 3: 1, 6: 63, 5: 6, 4: 8, 0: 3}","{4: 8, 3: 79, 1: 32, 2: 10, 6: 16}","{1: 34, 0: 48, 2: 63}","{1: 89, 2: 26, 0: 30}","{1: 57, 0: 27, 2: 61}","{1: 122, 2: 9, 0: 14}",0.09738670990502207,0.024759374284001122,0.11668641580288573,0.05193140133628489,0.26033663309356236,0.12466217060231724,0.27630679920166196,0.14047303166003258,0.27490641341428307,0.005172906294339217,0.2924777885359856,0.05169285358575746
9500,2,max_steps,3,4,0,2175.763110657914,3500,830.0,773.0,0.05,0.1,3.605560302734375,90.06224822998047,-808.0328369140625,579.1197509765625,2000.0,455.44311065791874,2888,-279.6800000000129,0.0,0.0,0.6216466030451182,"{4: 93, 5: 31, 3: 19, 0: 60, 1: 59, 2: 39, 6: 49}","{5: 20, 4: 42, 3: 118, 2: 50, 0: 71, 1: 13, 6: 36}","{1: 141, 0: 110, 2: 99}","{1: 149, 2: 102, 0: 99}","{1: 212, 2: 69, 0: 69}","{1: 259, 0: 46, 2: 45}",0.0626398272261911,0.03491613766928932,0.0747805973562151,0.07453344438687735,0.14670310910019443,0.17020212166554724,0.16541925851989753,0.13543254669173124,0.14584335794847236,0.029260270347234933,0.11562948797140662,0.1973448703261503
9510,2,crash,3,1,1,-1152.224126976211,587,469.0,469.0,0.05,0.1,3.6026957035064697,90.10749816894531,-808.0328369140625,559.1134033203125,500.0,90.59650098256716,468,-46.879999999999356,-195.94062795877818,-1500.0,-1.9629031123955893,"{0: 28, 1: 9, 2: 9, 5: 6, 6: 6}","{5: 8, 4: 8, 3: 42}","{1: 12, 0: 46}","{1: 30, 2: 28}","{1: 18, 0: 40}","{1: 36, 0: 10, 2: 12}",0.1457187892370609,0.02880280414108756,0.17527944017873015,0.07877015890321537,0.2099169813577218,0.17236360583326796,0.23876935203773023,0.2345545147118229,0.22096774979111855,0.01556868910136499,0.21445084656397911,0.12988407823411804
9520,2,success,3,5,0,2774.39298335331,3275,655.0,592.0,0.05,0.1,3.6062533855438232,90.17754364013672,-808.0328369140625,569.3267211914062,2500.0,536.7747779852378,3027,-261.6000000000165,-0.7817946319334981,0.0,0.8471428956803999,"{0: 61, 1: 25, 2: 40, 6: 113, 5: 36, 4: 25, 3: 27}","{6: 33, 5: 10, 4: 23, 3: 156, 0: 66, 1: 10, 2: 29}","{1: 85, 0: 108, 2: 134}","{1: 159, 2: 73, 0: 95}","{1: 148, 0: 79, 2: 100}","{1: 234, 0: 50, 2: 43}",0.09124874579786131,0.031729548229071404,0.10814405535778815,0.08305387086763305,0.1640439303372216,0.19372283723344538,0.20379737395292766,0.15482691897957185,0.1913378109458465,0.20709678093890835,0.2538407213508427,0.19673592898676476
9530,2,crash,3,1,1,-4609.273822549519,1953,536.0,536.0,0.05,0.1,3.596112012863159,90.24736022949219,-808.0328369140625,581.374267578125,500.0,121.55675188684847,1469,-156.16000000000201,-3574.6705744363703,-1500.0,-2.3600992434969372,"{6: 25, 5: 14, 4: 14, 3: 8, 2: 134}","{2: 15, 3: 114, 6: 30, 5: 14, 4: 22}","{1: 139, 2: 56}","{1: 113, 0: 15, 2: 67}","{1: 158, 2: 37}","{1: 170, 2: 11, 0: 14}",0.014926715645676002,0.02594758434922997,0.022200501321460304,0.026824947956767563,0.12249633749748373,0.08534508115912659,0.14632692502370967,0.10200314747555296,0.15122338368938681,0.028537484430086513,0.1343887182562637,0.10635071499594921
9540,2,crash,3,2,1,-634.3824080743995,1055,450.5,450.5,0.05,0.1,3.6073358058929443,90.29428100585938,-808.0328369140625,579.717041015625,1000.0,117.69456553223108,754,-84.23999999999856,-167.83697360662973,-1500.0,-0.6013103394070137,"{2: 24, 3: 3, 6: 42, 5: 9, 4: 12, 0: 15}","{3: 61, 1: 19, 2: 25}","{1: 26, 0: 19, 2: 60}","{1: 81, 0: 23, 2: 1}","{1: 35, 0: 9, 2: 61}","{1: 75, 0: 22, 2: 8}",0.08651099224195406,0.014424943160349077,0.12401926371476173,0.09066082740659198,0.1932933268835959,0.11049866003947223,0.2134933901651861,0.1632255584140828,0.1910966856375569,0.012493035711651557,0.24657156276793024,0.09542010419685955
9550,2,max_steps,3,4,0,2135.102475190552,3500,660.0,735.0,0.05,0.1,3.616889238357544,90.35108184814453,-808.0328369140625,583.1146850585938,2000.0,414.78247519053565,2775,-279.6800000000129,0.0,0.0,0.610029278625872,"{3: 27, 1: 31, 2: 57, 6: 97, 5: 74, 4: 15, 0: 49}","{2: 61, 3: 227, 6: 16, 5: 5, 4: 17, 0: 18, 1: 6}","{1: 108, 0: 119, 2: 123}","{1: 241, 0: 75, 2: 34}","{1: 155, 0: 89, 2: 106}","{1: 205, 0: 73, 2: 72}",0.08548370244512819,0.0171998216280238,0.11327385056384703,0.09347802110867626,0.18771710968819322,0.16681448439934282,0.22533722707113335,0.256487705300183,0.09661786594744891,0.07851713243137091,0.05938534080341615,0.09132940957951644
9560,2,max_steps,3,4,0,2058.964565677166,3500,747.25,603.0,0.05,0.1,3.626469135284424,90.30973052978516,-808.0328369140625,577.9884643554688,2000.0,338.6445656771642,3022,-279.6800000000129,0.0,0.0,0.588275590193476,"{1: 68, 2: 64, 3: 11, 6: 65, 5: 32, 4: 78, 0: 32}","{0: 8, 1: 7, 2: 20, 3: 242, 5: 15, 4: 24, 6: 34}","{1: 170, 0: 83, 2: 97}","{1: 235, 0: 52, 2: 63}","{1: 240, 0: 57, 2: 53}","{1: 211, 2: 70, 0: 69}",0.05224610329486118,0.021920862074665474,0.06391149791047021,0.09267552861785544,0.12698897284447083,0.14749514047206924,0.15981077072277353,0.17291185557275068,0.08826716270923535,0.026620560146092084,0.1231614222896757,0.11101877707978677
9570,2,success,3,5,0,2620.3461624571155,3392,678.4,520.0,0.05,0.1,3.643254041671753,90.3873519897461,-808.0328369140625,590.6229858398438,2500.0,421.8018167387306,2390,-270.96000000001465,-30.49565428161328,0.0,0.7725077129885364,"{5: 63, 6: 76, 4: 107, 3: 10, 2: 49, 1: 13, 0: 21}","{5: 12, 4: 41, 3: 197, 2: 31, 1: 22, 0: 36}","{1: 90, 0: 117, 2: 132}","{1: 186, 2: 58, 0: 95}","{1: 118, 0: 99, 2: 122}","{1: 179, 0: 82, 2: 78}",0.09374012078137042,0.025431842971460224,0.13905315102201635,0.09826269430168337,0.20087365344944516,0.13369054104114042,0.24237116908057818,0.27499049000541753,0.19278997028837486,0.023345964711171195,0.25683318437299485,0.3219990779132049
9580,2,crash,3,4,1,492.18417625287407,2819,662.5,520.5,0.05,0.1,3.6492562294006348,90.475341796875,-808.0328369140625,587.8212890625,2000.0,405.0135479318665,2044,-225.2000000000128,-187.62937167899548,-1500.0,0.17459530906451723,"{0: 55, 1: 17, 2: 14, 6: 140, 5: 34, 4: 19, 3: 2}","{3: 167, 2: 13, 6: 5, 5: 13, 4: 27, 0: 33, 1: 23}","{1: 73, 0: 69, 2: 139}","{1: 170, 2: 35, 0: 76}","{1: 93, 0: 55, 2: 133}","{1: 147, 0: 76, 2: 58}",0.12445491184414433,0.025111337394323977,0.14571337363376966,0.09728173115092312,0.2701427585849358,0.12796488875374568,0.299919456497171,0.28455792388133444,0.4222122418130899,0.015867225238087507,0.305850093846788,0.4204875396306994
9590,2,crash,3,1,1,-1061.1996019001208,512,424.0,424.0,0.05,0.1,3.6700594425201416,90.52182006835938,-808.0328369140625,574.65283203125,500.0,73.81357540318068,423,-40.879999999999484,-94.13317730330125,-1500.0,-2.0726554724611734,"{6: 25, 5: 9, 4: 7, 3: 1, 0: 9}","{3: 42, 6: 9}","{1: 13, 2: 38}","{1: 46, 2: 5}","{1: 12, 2: 39}","{1: 41, 2: 2, 0: 8}",0.14499506943497947,0.01919281087279359,0.1958357334233607,0.08818183313600515,0.28529554292132514,0.025538119588612948,0.31720236775920635,0.2778707617470169,0.275033930854559,0.0018324275377646403,0.3267673893295213,0.016763949988134512
9600,2,crash,3,1,1,-1411.4137950002244,1201,909.0,909.0,0.05,0.1,3.6827456951141357,90.56083679199219,-808.0328369140625,575.7003784179688,500.0,92.1202700350997,908,-95.99999999999831,-407.5340650353235,-1500.0,-1.1751988301417355,"{0: 34, 1: 27, 2: 28, 3: 1, 5: 12, 6: 18}","{0: 2, 1: 10, 2: 25, 3: 83}","{1: 32, 0: 88}","{1: 68, 0: 51, 2: 1}","{1: 81, 0: 39}","{1: 85, 0: 28, 2: 7}",0.06730038180869048,0.022949806691930225,0.08010467430387372,0.09054202761006339,0.08861914087305052,0.13441603123500084,0.13421246048317642,0.13411495064256654,0.09110369142616784,0.011413554949571587,0.10837688726285158,0.06477696257866666
9610,2,success,3,5,0,2573.3565656388328,2896,579.2,492.0,0.05,0.1,3.705883264541626,90.60552215576172,-808.0328369140625,574.6976928710938,2500.0,304.6365656388195,2244,-231.28000000001376,0.0,0.0,0.8885899743228014,"{2: 82, 1: 23, 3: 27, 6: 85, 5: 28, 4: 44}","{4: 72, 3: 179, 2: 18, 0: 14, 1: 6}","{1: 111, 0: 82, 2: 96}","{1: 208, 2: 45, 0: 36}","{1: 146, 0: 62, 2: 81}","{1: 218, 0: 36, 2: 35}",0.07303155952921649,0.02105104002580497,0.09927165569328965,0.08445359352615384,0.17070770965096083,0.12212900841582887,0.20542201853685285,0.1804170657682827,0.17508603580468057,0.18892531779455582,0.25638865063332805,0.09547898016573271
9620,2,success,3,5,0,2628.572388656064,3393,678.6,493.0,0.05,0.1,3.7099552154541016,90.66010284423828,-808.0328369140625,576.9345703125,2500.0,399.6123886560659,2848,-271.04000000001463,0.0,0.0,0.7747045059404846,"{6: 21, 5: 105, 4: 52, 3: 57, 0: 34, 1: 42, 2: 28}","{0: 32, 1: 21, 2: 113, 3: 115, 4: 16, 6: 31, 5: 11}","{1: 187, 2: 81, 0: 71}","{1: 176, 0: 86, 2: 77}","{1: 254, 2: 36, 0: 49}","{1: 254, 2: 40, 0: 45}",0.04093914526026825,0.029097503560446845,0.05011631844774616,0.04897479233797705,0.11189200461703745,0.19056757819664932,0.1528578972852001,0.1685296873001952,0.09264596983288167,0.09368068081764022,0.10855360050922229,0.06593958335978131
9630,2,max_steps,3,4,0,2056.768715124917,3500,794.0,681.0,0.05,0.1,3.7323107719421387,90.71649932861328,-808.0328369140625,582.7066040039062,2000.0,336.44871512490784,2845,-279.6800000000129,0.0,0.0,0.5876482043214049,"{2: 167, 3: 4, 1: 58, 6: 78, 5: 10, 4: 33}","{6: 4, 5: 18, 4: 41, 3: 230, 0: 15, 1: 5, 2: 37}","{1: 138, 2: 126, 0: 86}","{1: 227, 2: 71, 0: 52}","{1: 216, 0: 68, 2: 66}","{1: 247, 2: 45, 0: 58}",0.06602255157318147,0.02293961196864587,0.081826239721479,0.07669444841580168,0.12084581813344704,0.14601885148985697,0.1506134584036465,0.14630052945873492,0.11602595377629402,0.030860000495778948,0.15188000477373026,0.10222834679850845
9640,2,max_steps,3,3,0,1482.4574316847707,3500,495.0,413.0,0.05,0.1,3.739166736602783,90.72510528564453,-808.0328369140625,625.0403442382812,1500.0,262.2174316847735,2818,-279.7600000000129,0.0,0.0,0.42355926619564876,"{1: 50, 2: 257, 3: 9, 5: 27, 4: 7}","{2: 97, 3: 160, 1: 7, 6: 23, 5: 5, 4: 8, 0: 50}","{1: 257, 0: 60, 2: 33}","{1: 195, 0: 110, 2: 45}","{1: 283, 0: 39, 2: 28}","{1: 285, 0: 28, 2: 37}",0.021745528210075058,0.02824777353507815,0.03503017580549429,0.04042308638120273,0.12203720129648164,0.16026966684358354,0.16289691077360707,0.20263208336481423,0.09938008438787521,0.030979892112826934,0.06916151624393084,0.10022059197486803
9650,2,crash,3,3,1,-446.9172634321985,2518,800.6666666666666,627.0,0.05,0.1,3.7488577365875244,90.7698745727539,-808.0328369140625,565.0197143554688,1500.0,336.319933270718,1984,-201.20000000000906,-582.0371967029158,-1500.0,-0.17748898468316066,"{1: 46, 2: 24, 3: 7, 6: 67, 5: 28, 4: 29, 0: 50}","{0: 8, 1: 16, 2: 25, 3: 135, 6: 43, 5: 4, 4: 20}","{1: 81, 0: 88, 2: 82}","{1: 150, 0: 51, 2: 50}","{1: 144, 0: 73, 2: 34}","{1: 173, 0: 38, 2: 40}",0.0768448417722769,0.0216040480713662,0.0860442514069474,0.08684044196996088,0.24831733572763778,0.17213508953604317,0.27166274729980516,0.1454877794498719,0.2365593019952852,0.02003585479664764,0.18357381995231786,0.09426935686818427
9660,2,max_steps,3,4,0,2120.466789844566,3500,700.5,685.5,0.05,0.1,3.7610301971435547,90.8189697265625,-808.0328369140625,573.2855834960938,2000.0,400.14678984456526,2851,-279.6800000000129,0.0,0.0,0.6058476542413046,"{6: 47, 5: 51, 4: 71, 3: 5, 0: 61, 1: 30, 2: 85}","{0: 37, 1: 14, 2: 77, 3: 162, 5: 23, 4: 37}","{1: 122, 2: 127, 0: 101}","{1: 198, 0: 94, 2: 58}","{1: 214, 2: 72, 0: 64}","{1: 254, 2: 44, 0: 52}",0.07054760460634549,0.027757021791910908,0.08385835226041802,0.07566332791658842,0.15759802625420005,0.1275083136535681,0.18353907052934118,0.16614168471326513,0.2018636596986314,0.019205274207042423,0.1596187884992553,0.10625976857258804
9670,2,success,3,5,0,2251.3692565714505,2962,592.4,417.0,0.05,0.1,3.7602553367614746,90.89318084716797,-808.0328369140625,566.3592529296875,2500.0,320.8291342586505,2535,-236.56000000001458,-332.8998776872047,0.0,0.7600841514420832,"{3: 79, 2: 41, 6: 86, 5: 17, 4: 28, 1: 15, 0: 30}","{5: 12, 4: 44, 0: 13, 1: 17, 2: 77, 3: 115, 6: 18}","{1: 163, 0: 42, 2: 91}","{1: 133, 2: 75, 0: 88}","{1: 195, 2: 63, 0: 38}","{1: 234, 0: 30, 2: 32}",0.04613053618154343,0.0321176870335836,0.06616515233574166,0.06647883963447149,0.13135747458183772,0.12910961292402956,0.18516633031495988,0.11671847206677388,0.1556062668765358,0.12660156437895434,0.18896626278085904,0.10005218885950255
9680,2,crash,3,3,1,67.1600654396832,1347,425.6666666666667,342.0,0.05,0.1,3.758838653564453,91.01837158203125,-808.0328369140625,587.59814453125,1500.0,274.21863630491515,1274,-107.51999999999806,-99.53857086523081,-1500.0,0.049858994387292646,"{5: 18, 4: 23, 3: 24, 0: 49, 1: 6, 2: 7, 6: 7}","{2: 52, 3: 44, 6: 18, 5: 5, 4: 8, 0: 7}","{1: 20, 2: 44, 0: 70}","{1: 79, 0: 27, 2: 28}","{1: 22, 2: 35, 0: 77}","{1: 100, 2: 16, 0: 18}",0.1475634346013271,0.026936255625278113,0.1861609810596726,0.06532817383081593,0.26995885574603873,0.14456060111378646,0.2828504499726588,0.15286597273020808,0.2925987947151269,0.13669866313616386,0.2859297991034362,0.10158131066226722
9690,2,crash,3,0,1,-1728.3876898015737,623,,,0.05,0.1,3.7507948875427246,91.05142211914062,-808.0328369140625,576.5780029296875,0.0,47.71272582049412,347,-49.83999999999929,-226.2604156220679,-1500.0,-2.7742980574664107,"{5: 12, 4: 15, 3: 12, 2: 12, 1: 11}","{1: 10, 2: 52}","{1: 12, 2: 50}","{1: 35, 0: 21, 2: 6}","{1: 18, 2: 44}","{1: 49, 2: 11, 0: 2}",0.14842305463017302,0.029022755312482655,0.15964049582131734,0.04153020093978306,0.17106682622924224,0.09058137278428213,0.20295082075874984,0.1618349168279067,0.17110306132516712,0.0314934657164944,0.18121701333802026,0.02389814399177189
9700,2,crash,3,2,1,-611.5618372652436,1813,849.5,849.5,0.05,0.1,3.75929594039917,91.13858032226562,-808.0328369140625,591.8299560546875,1000.0,168.93141944541728,1289,-144.88000000000025,-135.61325671066035,-1500.0,-0.3373203735605315,"{3: 16, 4: 101, 6: 14, 5: 40, 2: 10}","{6: 4, 5: 38, 4: 12, 3: 84, 0: 22, 1: 8, 2: 13}","{1: 57, 0: 38, 2: 86}","{1: 86, 2: 46, 0: 49}","{1: 77, 0: 24, 2: 80}","{1: 120, 0: 32, 2: 29}",0.07398207304910256,0.030917953418091733,0.11499748939254738,0.08833321526125364,0.16123600857871487,0.13600862895825339,0.20322177175361303,0.1889548338675665,0.13090976206477123,0.025957126246721352,0.20949670039321305,0.09025615003078936
9710,2,crash,3,1,1,-1094.9846637304186,565,442.0,442.0,0.05,0.1,3.7455897331237793,91.18518829345703,-808.0328369140625,590.2232055664062,500.0,64.8580854517316,441,-45.11999999999939,-114.72274918214988,-1500.0,-1.9380259535051656,"{6: 22, 5: 11, 4: 10, 3: 3, 2: 7, 1: 3}","{2: 5, 3: 39, 6: 12}","{1: 14, 2: 42}","{1: 41, 0: 5, 2: 10}","{1: 16, 2: 40}","{1: 38, 2: 9, 0: 9}",0.13247613817513199,0.009262288662124817,0.16052362876508183,0.08535152849867725,0.2624169150989296,0.08309690242196546,0.28103159162290536,0.32471385215203047,0.22955368456555442,0.005655162636581854,0.29123415475963,0.05255207798424791
9720,2,crash,3,1,1,-1204.4917628798732,680,158.0,158.0,0.05,0.1,3.737592935562134,91.24429321289062,-808.0328369140625,575.3652954101562,500.0,82.27319881156328,452,-54.3199999999992,-232.44496169143616,-1500.0,-1.7713114159998136,"{3: 15, 6: 16, 5: 37}","{1: 10, 2: 18, 6: 23, 5: 6, 4: 7, 3: 4}","{1: 37, 2: 17, 0: 14}","{1: 3, 0: 19, 2: 46}","{1: 46, 2: 10, 0: 12}","{1: 41, 2: 11, 0: 16}",0.03946674985790177,0.14340744832604402,0.06492771911408794,0.08771435503302077,0.09841642799775277,0.21757605120884219,0.13318476349259975,0.17809608335022992,0.026640910379205955,0.17383749712117094,0.05970253852351913,0.009270439578919045
9730,2,crash,3,2,1,-689.3240389218367,1621,471.5,471.5,0.05,0.1,3.733513593673706,91.36099243164062,-808.0328369140625,576.630859375,1000.0,91.33538179725674,925,-129.51999999999785,-151.13942071909213,-1500.0,-0.42524616836633977,"{2: 47, 4: 53, 5: 34, 3: 2, 6: 26}","{4: 25, 3: 22, 1: 14, 2: 33, 6: 51, 5: 17}","{1: 46, 0: 80, 2: 36}","{1: 97, 0: 26, 2: 39}","{1: 52, 0: 76, 2: 34}","{1: 97, 0: 31, 2: 34}",0.1321267570172953,0.027459046728318087,0.15385713035003007,0.08897234665981385,0.19286750935870725,0.10945177717541994,0.22933177237765237,0.24025950170570806,0.16894052393373443,0.028247701592178976,0.2685879638860864,0.09050560342682548
9740,2,crash,3,3,1,-1507.0060879851198,2968,802.0,917.0,0.05,0.1,3.7314348220825195,91.44754791259766,-808.0328369140625,572.6193237304688,1500.0,354.72118874172315,2056,-237.20000000001468,-1624.5272767268405,-1500.0,-0.5077513773534771,"{1: 18, 2: 30, 3: 1, 6: 68, 5: 60, 4: 19, 0: 100}","{3: 169, 0: 7, 1: 13, 2: 24, 6: 51, 5: 8, 4: 24}","{1: 60, 0: 145, 2: 91}","{1: 160, 0: 70, 2: 66}","{1: 118, 0: 105, 2: 73}","{1: 186, 0: 62, 2: 48}",0.09497939810181578,0.025329794113617812,0.1118271639622447,0.07194972336757938,0.24396496657667605,0.10316473295526665,0.2673238029063756,0.21449784337300304,0.2702761386366028,0.016714381879679455,0.29170549886376157,0.34977964014949114
9750,2,crash,3,3,1,-107.78316181767309,2594,836.0,829.0,0.05,0.1,3.7347800731658936,91.5033187866211,-808.0328369140625,572.6193237304688,1500.0,207.12979750674288,2024,-207.28000000001,-107.63295932441576,-1500.0,-0.04155094904305054,"{2: 147, 1: 15, 3: 7, 6: 68, 5: 12, 4: 10}","{4: 46, 3: 136, 2: 77}","{1: 126, 0: 46, 2: 87}","{1: 199, 2: 28, 0: 32}","{1: 175, 0: 22, 2: 62}","{1: 210, 0: 28, 2: 21}",0.05409850052676552,0.014232083354335394,0.06736955161939526,0.05738944136636881,0.11405967486922682,0.05351722504748944,0.16630092568769045,0.12242704614805888,0.14950880012790135,0.026350958559395687,0.18671337801567073,0.14977239011806742
9760,2,crash,3,2,1,-786.7679165034447,1671,736.5,736.5,0.05,0.1,3.7322418689727783,91.5676040649414,-808.0328369140625,572.6193237304688,1000.0,130.09436280344897,1266,-133.51999999999848,-283.34227930689235,-1500.0,-0.47083657480756713,"{2: 67, 3: 4, 6: 53, 5: 13, 4: 10, 0: 20}","{0: 7, 1: 7, 2: 40, 3: 60, 5: 38, 4: 15}","{1: 83, 0: 19, 2: 65}","{1: 96, 0: 31, 2: 40}","{1: 102, 0: 14, 2: 51}","{1: 132, 0: 23, 2: 12}",0.05326273367958455,0.02826342962729552,0.07228784379037871,0.05224849749440149,0.19863784539752666,0.12441700468885401,0.22068687909032897,0.1632850191024157,0.1104368636492215,0.03072949695240449,0.17085954593258104,0.10085121720656878
9770,2,crash,3,3,1,-25.87448723131706,1888,603.3333333333334,540.0,0.05,0.1,3.7153000831604004,91.66739654541016,-808.0328369140625,572.6193237304688,1500.0,210.6759960845645,1311,-150.80000000000118,-85.7504833158822,-1500.0,-0.013704707219977257,"{4: 59, 3: 45, 6: 42, 5: 34, 2: 6, 1: 2}","{5: 14, 4: 24, 3: 60, 0: 16, 1: 7, 2: 47, 6: 20}","{1: 80, 2: 72, 0: 36}","{1: 64, 2: 70, 0: 54}","{1: 100, 2: 62, 0: 26}","{1: 112, 2: 45, 0: 31}",0.060658794507710403,0.07489392696315098,0.08743587838541252,0.09273429619029869,0.2033478085654117,0.16273437929574758,0.2922780273710822,0.22929338073935726,0.15285989053491097,0.11506428369356622,0.19278253187124372,0.09842084301135158
9780,2,crash,3,3,1,-241.00390505038513,2701,850.3333333333334,710.0,0.05,0.1,3.700906276702881,91.7572021484375,-808.0328369140625,572.6193237304688,1500.0,374.3063834717579,1870,-215.84000000001134,-399.470288522142,-1500.0,-0.08922765829336732,"{4: 71, 0: 59, 1: 5, 2: 8, 6: 105, 5: 12, 3: 10}","{6: 3, 5: 9, 4: 41, 3: 169, 2: 48}","{1: 77, 2: 124, 0: 69}","{1: 189, 2: 49, 0: 32}","{1: 103, 2: 100, 0: 67}","{1: 140, 0: 64, 2: 66}",0.12109599153584058,0.019592995899196428,0.13981723395983278,0.09924910305073643,0.24514318921278858,0.10718831651533685,0.2880775696844142,0.2681957422587729,0.22336673514011682,0.12467532576253695,0.28856660889238595,0.3183831555720419
9790,2,max_steps,3,4,0,1674.8017385049377,3500,712.25,737.5,0.05,0.1,3.700833559036255,91.83392333984375,-808.0328369140625,572.6193237304688,2000.0,501.7088615950306,2741,-279.6800000000129,-547.2271230900905,0.0,0.4785147824299822,"{0: 145, 1: 33, 2: 24, 3: 2, 6: 55, 5: 15, 4: 76}","{6: 7, 5: 22, 4: 30, 3: 171, 2: 26, 0: 71, 1: 23}","{1: 80, 0: 149, 2: 121}","{1: 207, 2: 62, 0: 81}","{1: 129, 0: 129, 2: 92}","{1: 193, 0: 72, 2: 85}",0.11045218764643108,0.0254490238668987,0.13575194271200836,0.09592203778707223,0.2041907332540891,0.1530905319169594,0.2535255755299147,0.22596475172578234,0.20818935452485365,0.025364497394725273,0.27703418557323667,0.13541175102446856
9800,2,crash,3,3,1,-639.2792864143124,1794,383.0,400.0,0.05,0.1,3.6918816566467285,91.92230987548828,-808.0328369140625,599.5858764648438,1500.0,116.37340557064127,1047,-143.28,-612.3726919849524,-1500.0,-0.3563429690157817,"{1: 21, 2: 18, 3: 25, 4: 34, 5: 16, 6: 65}","{4: 37, 3: 52, 0: 29, 1: 25, 2: 36}","{1: 60, 0: 84, 2: 35}","{1: 76, 2: 22, 0: 81}","{1: 85, 0: 67, 2: 27}","{1: 109, 0: 34, 2: 36}",0.07016016733760563,0.03280218966997371,0.10521063059274591,0.08837380396299374,0.15595308582243167,0.12209981476484041,0.18857948527470308,0.20374800067724108,0.15899071482686614,0.11887269447921929,0.2201606382804416,0.10938520498413423
9810,2,max_steps,3,4,0,1286.1390436359861,3500,602.25,500.0,0.05,0.1,3.701085329055786,91.98611450195312,-808.0328369140625,572.6193237304688,2000.0,512.2234744893724,2854,-279.6800000000129,-946.4044308533882,0.0,0.36746829818171034,"{6: 55, 5: 40, 4: 35, 3: 2, 0: 162, 1: 24, 2: 32}","{0: 3, 1: 24, 2: 38, 3: 254, 4: 31}","{1: 44, 2: 138, 0: 168}","{1: 258, 0: 60, 2: 32}","{1: 104, 2: 128, 0: 118}","{1: 245, 2: 38, 0: 67}",0.12001424441602297,0.016902776869093868,0.1350153071036052,0.08349801555835273,0.18556083288414363,0.09569389040137682,0.20823702271982625,0.1428721594705033,0.19478666874901193,0.01594891620157935,0.25512776475936266,0.09413209783500294
9820,2,crash,3,2,1,-1007.6506418007766,1637,475.5,475.5,0.05,0.1,3.687309503555298,92.06940460205078,-808.0328369140625,572.6193237304688,1000.0,75.48345275933073,841,-130.79999999999805,-452.3340945601056,-1500.0,-0.6155471238856302,"{3: 36, 2: 53, 1: 6, 6: 68}","{6: 4, 5: 8, 4: 24, 3: 46, 2: 13, 0: 68}","{1: 68, 0: 95}","{1: 89, 2: 35, 0: 39}","{1: 129, 0: 34}","{1: 152, 2: 6, 0: 5}",0.05481426401022028,0.028203810922017656,0.061360610934638994,0.049246611081307234,0.0954803582327678,0.08114198395786755,0.10512202444152098,0.09740736216769962,0.047404774653664605,0.07700063912875015,0.101180858258728,0.09964550416367736
9830,2,crash,3,2,1,-690.8801260592647,1996,923.5,923.5,0.05,0.1,3.682069778442383,92.14127349853516,-808.0328369140625,575.0330810546875,1000.0,126.94798170608296,1650,-159.52000000000254,-158.30810776534648,-1500.0,-0.34613232768500235,"{2: 49, 3: 3, 6: 108, 5: 15, 4: 9, 0: 15}","{2: 39, 3: 121, 4: 24, 0: 15}","{1: 102, 0: 22, 2: 75}","{1: 146, 0: 21, 2: 32}","{1: 136, 0: 15, 2: 48}","{1: 143, 0: 21, 2: 35}",0.04916884864287846,0.019531589950972542,0.06426608985343107,0.0807859239457284,0.1709400593784814,0.03450104129173745,0.1719120257535676,0.1108020792553738,0.21103845154031037,0.021400602635104394,0.1895379733418585,0.11745993565831174
9840,2,crash,3,2,1,-1581.7875905325882,1238,498.5,498.5,0.05,0.1,3.675290107727051,92.20479583740234,-808.0328369140625,575.0149536132812,1000.0,121.03113113682568,955,-98.87999999999825,-1103.938721669414,-1500.0,-1.2776959535804429,"{3: 33, 2: 58, 1: 8, 6: 24}","{6: 25, 5: 20, 4: 11, 0: 28, 1: 5, 2: 8, 3: 26}","{1: 68, 0: 55}","{1: 30, 2: 35, 0: 58}","{1: 88, 0: 35}","{1: 94, 2: 25, 0: 4}",0.04040001883946753,0.04527967819296689,0.05877307445781519,0.07526323053974031,0.18158378099195122,0.19342907121503455,0.20476486061769328,0.10564479239883245,0.15692226769214132,0.10185481983611067,0.2408197500593634,0.10462514340029137
9850,2,crash,3,4,1,449.52843337784816,2972,707.75,715.0,0.05,0.1,3.6817240715026855,92.21175384521484,-808.0328369140625,582.3228149414062,2000.0,302.4029689641069,2305,-237.44000000001472,-115.43453558626308,-1500.0,0.15125451997908754,"{1: 41, 2: 69, 6: 73, 5: 46, 4: 24, 0: 41, 3: 3}","{5: 11, 4: 21, 3: 157, 2: 47, 0: 38, 1: 7, 6: 16}","{1: 82, 0: 102, 2: 113}","{1: 190, 2: 54, 0: 53}","{1: 160, 0: 44, 2: 93}","{1: 209, 0: 54, 2: 34}",0.07977422350895526,0.02456833299617967,0.09437647745368674,0.08732807177053878,0.20036330911102107,0.1370955783744353,0.22304244610018328,0.18548631418195458,0.2086853643229134,0.014382494529480845,0.28071227555869155,0.08443239026951668
9860,2,crash,3,3,1,-7.062057434674671,1345,418.3333333333333,437.0,0.05,0.1,3.6888070106506348,92.27976989746094,-808.0328369140625,573.0164794921875,1500.0,196.7677884846801,1032,-107.35999999999807,-96.46984591935392,-1500.0,-0.005250600323178194,"{4: 39, 3: 5, 2: 21, 1: 40, 0: 29}","{1: 9, 2: 9, 3: 53, 4: 19, 6: 28, 5: 7, 0: 9}","{1: 43, 2: 32, 0: 59}","{1: 56, 0: 21, 2: 57}","{1: 45, 2: 29, 0: 60}","{1: 73, 2: 27, 0: 34}",0.10078792883376,0.04504049204202693,0.14831787430185073,0.09649155403033592,0.2740271359517621,0.1613166525559639,0.29562038452825157,0.2836083151728124,0.24781100870380646,0.06140739618846534,0.22876718919023553,0.2922082885638798
9870,2,crash,3,2,1,-661.1907637634325,639,230.0,230.0,0.05,0.1,3.6846156120300293,92.35991668701172,-808.0328369140625,593.8557739257812,1000.0,78.1752090671555,460,-50.95999999999927,-188.40597283058764,-1500.0,-1.0347273298332278,"{3: 13, 6: 8, 5: 14, 4: 13, 2: 9, 1: 6}","{4: 19, 5: 2, 3: 24, 0: 18}","{1: 13, 2: 50}","{1: 35, 2: 25, 0: 3}","{1: 19, 2: 44}","{1: 43, 2: 6, 0: 14}",0.11671634300112244,0.027244008168389927,0.13302435805037832,0.0839502093517462,0.20570921091192437,0.17258789711124706,0.25019660972452984,0.27451194564522,0.18875140967344411,0.12741050472920265,0.2544803697990538,0.10066624625356344
9880,2,success,3,5,0,2749.456637189226,2583,516.6,551.0,0.05,0.1,3.691840887069702,92.44242095947266,-808.0328369140625,576.9622192382812,2500.0,455.6966371892225,2129,-206.24000000000984,0.0,0.0,1.0644431425432543,"{2: 50, 3: 44, 6: 61, 5: 13, 4: 35, 0: 50, 1: 5}","{4: 17, 3: 202, 0: 25, 1: 4, 2: 10}","{1: 70, 0: 104, 2: 84}","{1: 189, 2: 20, 0: 49}","{1: 109, 0: 75, 2: 74}","{1: 137, 0: 54, 2: 67}",0.0917380057406795,0.022396076160908912,0.1151362704131346,0.09932464166791621,0.26498329195223524,0.14181462261506597,0.3210855371990227,0.21871447592697468,0.13858183165246107,0.12532173306425956,0.11339454800047825,0.101346086706851
9890,2,success,3,5,0,2362.9462400880666,2838,567.6,582.0,0.05,0.1,3.7070131301879883,92.44094848632812,-808.0328369140625,571.0344848632812,2500.0,339.7092567410662,2639,-226.64000000001303,-250.12301665299907,0.0,0.8326096688118628,"{0: 22, 1: 9, 2: 31, 3: 63, 4: 48, 5: 36, 6: 74}","{6: 9, 5: 10, 4: 18, 3: 127, 2: 53, 0: 53, 1: 13}","{1: 113, 0: 75, 2: 95}","{1: 150, 2: 47, 0: 86}","{1: 161, 0: 54, 2: 68}","{1: 198, 0: 43, 2: 42}",0.06624864925372759,0.028851650161539618,0.07928870749256788,0.08819184285009878,0.16591113055076398,0.16349064617014325,0.20551152231269423,0.17586443030992022,0.16990155154752448,0.13137192274606216,0.17805118546195492,0.10525181204394465
9900,2,crash,3,4,1,-467.9956851220975,3126,572.75,522.0,0.05,0.1,3.711310863494873,92.50682067871094,-808.0328369140625,590.09814453125,2000.0,259.98105757911736,2419,-249.76000000001665,-978.2167427012187,-1500.0,-0.14971071181129159,"{6: 107, 5: 27, 4: 25, 3: 27, 0: 51, 1: 14, 2: 61}","{2: 36, 3: 181, 5: 19, 4: 24, 0: 38, 1: 14}","{1: 113, 2: 66, 0: 133}","{1: 196, 0: 73, 2: 43}","{1: 164, 2: 44, 0: 104}","{1: 183, 2: 60, 0: 69}",0.07425379698852719,0.02546745035025435,0.09073959564541306,0.09656721592254458,0.12542353486711336,0.100850792147691,0.17945469251099888,0.21045207125289908,0.13752039600455926,0.134772389534785,0.20520899605313414,0.12601929197595577
9910,2,success,3,5,0,2387.29191210601,2163,432.6,525.0,0.05,0.1,3.710667848587036,92.55730438232422,-808.0328369140625,592.2147827148438,2500.0,316.0920456317295,1853,-172.6400000000046,-256.16013352571855,0.0,1.1036948276033334,"{2: 131, 3: 14, 1: 8, 6: 49, 5: 5, 4: 9}","{6: 26, 5: 13, 4: 17, 3: 103, 2: 46, 1: 11}","{1: 74, 0: 75, 2: 67}","{1: 93, 2: 59, 0: 64}","{1: 85, 0: 67, 2: 64}","{1: 144, 0: 30, 2: 42}",0.08837469070717754,0.0401339727858447,0.13317454429993295,0.08548284182320987,0.23359635654794025,0.16002318527540976,0.27651445358645044,0.20609464419899481,0.16027705415582674,0.1541065921050209,0.2655590742352738,0.1824181977096895
9920,2,success,3,5,0,2567.1155842401254,2735,547.0,424.0,0.05,0.1,3.7133140563964844,92.63568115234375,-808.0328369140625,599.82763671875,2500.0,382.23792437522343,2097,-218.40000000001174,-96.72234013509632,0.0,0.9386163013675047,"{2: 49, 3: 4, 6: 48, 5: 31, 4: 21, 0: 105, 1: 15}","{2: 29, 3: 204, 5: 16, 4: 24}","{1: 61, 0: 117, 2: 95}","{1: 213, 0: 24, 2: 36}","{1: 95, 0: 104, 2: 74}","{1: 162, 0: 54, 2: 57}",0.1024937810690679,0.015748114097014706,0.1270603565923361,0.09174846632954899,0.24981495272267357,0.09045010607106146,0.31623180489823616,0.26268929284886683,0.2863058333502277,0.017505083202975735,0.2650687029054991,0.27439298330454287
9930,2,success,3,5,0,2424.5210963876466,2188,437.6,468.0,0.05,0.1,3.719191551208496,92.7134017944336,-808.0328369140625,588.1973876953125,2500.0,316.2461989446318,1820,-174.6400000000049,-217.08510255698212,0.0,1.1080992213837508,"{1: 38, 2: 44, 3: 31, 6: 36, 5: 44, 4: 25}","{2: 64, 3: 56, 6: 31, 5: 17, 4: 13, 0: 22, 1: 15}","{1: 48, 0: 70, 2: 100}","{1: 98, 0: 60, 2: 60}","{1: 93, 0: 28, 2: 97}","{1: 167, 0: 31, 2: 20}",0.08368146040602634,0.03261298337494838,0.1123943983241015,0.06373089166597837,0.19615256825680014,0.15758139770832358,0.23464605726384619,0.23604370269829264,0.20346795022830638,0.17106354888768555,0.20237689063443537,0.3131265561080504
9940,2,crash,3,1,1,-1100.9854943380988,753,657.0,657.0,0.05,0.1,3.715738296508789,92.77876281738281,-808.0328369140625,588.1973876953125,500.0,96.36459980066942,367,-60.15999999999907,-137.19009413876827,-1500.0,-1.4621321305950847,"{6: 52, 5: 6, 4: 7, 0: 10}","{3: 69, 4: 6}","{1: 24, 0: 10, 2: 41}","{1: 73, 0: 1, 2: 1}","{1: 30, 0: 1, 2: 44}","{1: 46, 2: 12, 0: 17}",0.1003484523843271,0.013039736110335756,0.14706952999140652,0.08916448506871608,0.26128226033783153,0.028094169774176562,0.29217989607140915,0.18386038007589345,0.26121343428936494,0.005606117803294496,0.21560542620756756,0.12955445370836768
9950,2,success,3,5,0,2535.252961473572,2749,549.8,448.0,0.05,0.1,3.729456663131714,92.8438491821289,-808.0328369140625,580.537109375,2500.0,254.772961473563,1990,-219.52000000001192,0.0,0.0,0.9222455298194151,"{2: 185, 3: 26, 5: 16, 6: 19, 4: 15, 1: 13}","{5: 17, 4: 27, 3: 190, 0: 18, 1: 5, 2: 11, 6: 6}","{1: 154, 0: 67, 2: 53}","{1: 176, 2: 55, 0: 43}","{1: 196, 0: 43, 2: 35}","{1: 180, 0: 60, 2: 34}",0.042994161628414726,0.021869483515681354,0.06665298111167897,0.08689830499091097,0.14496155639048292,0.1803339446778824,0.19353914196459884,0.1743146078317768,0.1604904268960168,0.1033773056013047,0.17523970272413894,0.11536211815432217
9960,2,max_steps,3,4,0,851.1437275919156,3500,544.0,471.5,0.05,0.1,3.7423298358917236,92.8815689086914,-808.0328369140625,579.0809936523438,2000.0,279.530019369879,2737,-279.6800000000129,-1148.7062917779629,0.0,0.24318392216911874,"{5: 27, 4: 80, 3: 16, 2: 122, 0: 35, 1: 70}","{0: 9, 1: 6, 2: 53, 3: 217, 5: 28, 4: 37}","{1: 188, 2: 71, 0: 91}","{1: 199, 0: 62, 2: 89}","{1: 254, 2: 41, 0: 55}","{1: 257, 2: 39, 0: 54}",0.04682996806162766,0.027657579973959807,0.06270612431487477,0.07866761669317107,0.10762884605976061,0.127682614469514,0.14343346814455624,0.11356753810859048,0.08042122763178416,0.057803877466650416,0.12579370400777684,0.10437972511603674
9970,2,success,3,5,0,2594.7689939927836,2360,472.0,405.0,0.05,0.1,3.744285821914673,92.97828674316406,-808.0328369140625,578.7900390625,2500.0,283.16899399278515,1903,-188.40000000000705,0.0,0.0,1.0994783872850777,"{1: 46, 2: 44, 3: 23, 6: 26, 5: 8, 4: 65, 0: 24}","{3: 142, 2: 26, 6: 11, 5: 16, 4: 29, 1: 12}","{1: 70, 0: 98, 2: 68}","{1: 144, 2: 58, 0: 34}","{1: 111, 0: 75, 2: 50}","{1: 153, 0: 43, 2: 40}",0.08079717008793322,0.020853699357270168,0.10697363790376878,0.09344962865454545,0.2508705505991896,0.09926874117498266,0.28468815126220337,0.33523989633175566,0.11170539054355882,0.0941058141859527,0.11129593242332565,0.0986945904513995
9980,2,crash,3,3,1,-318.8051119724969,2271,620.3333333333334,653.0,0.05,0.1,3.7502384185791016,93.03287506103516,-808.0328369140625,581.97802734375,1500.0,286.1756562527444,1922,-181.44000000000597,-423.54076822523973,-1500.0,-0.14038093878137248,"{2: 116, 3: 5, 6: 52, 5: 5, 4: 8, 0: 40, 1: 1}","{4: 11, 3: 112, 1: 28, 2: 76}","{1: 114, 0: 60, 2: 53}","{1: 138, 2: 10, 0: 79}","{1: 131, 0: 49, 2: 47}","{1: 152, 0: 42, 2: 33}",0.04787616331651183,0.026416543087838917,0.07222990725152757,0.08520354370829629,0.25483200486497076,0.08524696101918829,0.30752735583384616,0.18193574387583042,0.09016936663641809,0.031117211291444503,0.11010038016879231,0.11672194696600921
9990,2,max_steps,3,4,0,1938.6005591063117,3500,490.25,460.5,0.05,0.1,3.7718565464019775,93.10118103027344,-808.0328369140625,571.9837646484375,2000.0,305.8299548052024,2476,-279.6800000000129,-87.54939569888742,0.0,0.5538858740303748,"{4: 64, 3: 16, 2: 173, 0: 13, 1: 32, 6: 44, 5: 8}","{4: 24, 3: 265, 2: 19, 5: 2, 0: 35, 1: 5}","{1: 169, 2: 102, 0: 79}","{1: 252, 2: 41, 0: 57}","{1: 234, 2: 65, 0: 51}","{1: 280, 2: 31, 0: 39}",0.05241108820131265,0.02215912807565723,0.06575317954318421,0.06618233630448514,0.15068168777553712,0.1535804869541271,0.18166784780496714,0.12806938689040998,0.10659965832870591,0.031425852082162906,0.11939293276765223,0.08150866695297813
10000,2,success,3,5,0,2662.7143609702825,3298,659.6,588.0,0.05,0.1,3.789193630218506,93.1316909790039,-808.0328369140625,556.6022338867188,2500.0,426.1543609702831,2849,-263.44000000001614,0.0,0.0,0.8073724563281633,"{6: 77, 5: 26, 4: 19, 0: 44, 1: 33, 2: 127, 3: 3}","{4: 47, 3: 188, 5: 9, 0: 46, 1: 16, 2: 23}","{1: 128, 2: 102, 0: 99}","{1: 184, 2: 55, 0: 90}","{1: 157, 2: 84, 0: 88}","{1: 227, 2: 43, 0: 59}",0.0762980652302946,0.026759564741316196,0.10682092768946069,0.08118049984031979,0.23997003454175436,0.13314969631460594,0.25227527514322307,0.21119572171235632,0.22664038378694196,0.013267098510448898,0.20713642721242817,0.2507206578636641
